merchant_id,merchant_name,canonical_merchant_name,public_parent_company,ticker,CIK,exchange,industry,provider,currently_listed_with_provider,announcement_date,announcement_date_precision,last_confirmed_no_bnpl_date,first_confirmed_bnpl_date,adoption_date_exact,adoption_month,adoption_quarter,adoption_year,adoption_period_start,adoption_period_end,adoption_date_best,adoption_period_best,date_precision,confidence,first_ever_bnpl_flag,treatment_scope,parent_treatment_eligible,provider_end_date,provider_end_precision,replacement_provider,earlier_external_bnpl_detected,external_bnpl_provider,external_bnpl_adoption_period,primary_evidence_type,primary_source_url,secondary_source_url,wayback_url,wayback_status,evidence_summary,research_notes,manual_review_required,main_quarterly_sample,year_only_sample,interval_timing_sample,unknown_timing_sample
M0001,American Airlines,American Airlines,American Airlines Group Inc.,AAL,6201,Nasdaq,,Affirm,TRUE,,,,2020-11-29,,,,,,,,,unknown,UNKNOWN,FALSE,parent_core_business,TRUE,,,,FALSE,,,Wayback first observed provider-directory page,https://web.archive.org/web/20201129065824/https://www.affirm.com/shopping/travel,,https://web.archive.org/web/20201129065824/https://www.affirm.com/shopping/travel,checked,"Wayback CDX first observed the provider-directory/listing URL on 2020-11-29. This is an upper-bound/current-listing signal, not an exact operational adoption date.",Automated first-pass evidence only; manual validation required before econometric treatment coding.,TRUE,FALSE,FALSE,FALSE,TRUE
M0001,American Airlines,American Airlines,American Airlines Group Inc.,AAL,6201,Nasdaq,,Zip,TRUE,,,,2021-09-21,,,,,,,,,unknown,UNKNOWN,FALSE,parent_core_business,TRUE,,,,TRUE,quadpay,,Wayback first observed provider-directory page,https://web.archive.org/web/20210921222020/https://zip.co/us/shop/travel-entertainment,,https://web.archive.org/web/20210921222020/https://zip.co/us/shop/travel-entertainment,checked,"Wayback CDX first observed the provider-directory/listing URL on 2021-09-21. This is an upper-bound/current-listing signal, not an exact operational adoption date.",Automated first-pass evidence only; manual validation required before econometric treatment coding.,TRUE,FALSE,FALSE,FALSE,TRUE
M0002,Advance Auto Parts,Advance Auto Parts,ADVANCE AUTO PARTS INC,AAP,1158449,NYSE,,Klarna,TRUE,,,,,,,,,,,,,unknown,UNKNOWN,FALSE,parent_core_business,TRUE,,,,FALSE,,,,,,,no_snapshots,Automated scraper logged 2 present/current evidence item(s) and 0 technical/inconclusive item(s). No operational adoption date assigned unless explicitly supported.,Automated first-pass evidence only; manual validation required before econometric treatment coding.,TRUE,FALSE,FALSE,FALSE,TRUE
M0003,Apple,Apple,Apple Inc.,AAPL,320193,Nasdaq,,Klarna,TRUE,,,,2022-09-24,,,,,,,,,unknown,UNKNOWN,FALSE,parent_core_business,TRUE,,,,FALSE,,,Wayback first observed provider-directory page,https://web.archive.org/web/20250214134218/https://www.klarna.com/us/store/ba94b586-39bc-4ade-a765-9cae8561779d/apple/pay-with-klarna/,,https://web.archive.org/web/20220924102034/https://www.klarna.com/us/shopping/t/17/Photography/,checked,"Wayback CDX first observed the provider-directory/listing URL on 2025-02-14. This is an upper-bound/current-listing signal, not an exact operational adoption date.",Automated first-pass evidence only; manual validation required before econometric treatment coding.,TRUE,FALSE,FALSE,FALSE,TRUE
M0003,Apple,Apple,Apple Inc.,AAPL,320193,Nasdaq,,Zip,TRUE,,,,2022-06-25,,,,,,,,,unknown,UNKNOWN,FALSE,parent_core_business,TRUE,,,,TRUE,quadpay,,Wayback first observed provider-directory page,https://web.archive.org/web/20210921224524/https://zip.co/us/shop/appliances-electronics,,https://web.archive.org/web/20220625140916/https://zip.co/us/shop/phones,checked,"Wayback CDX first observed the provider-directory/listing URL on 2021-09-21. This is an upper-bound/current-listing signal, not an exact operational adoption date.",Automated first-pass evidence only; manual validation required before econometric treatment coding.,TRUE,FALSE,FALSE,FALSE,TRUE
M0004,Airbnb,Airbnb,"Airbnb, Inc.",ABNB,1559720,Nasdaq,,Zip,TRUE,,,,2022-06-25,,,,,,,,,unknown,UNKNOWN,FALSE,parent_core_business,TRUE,,,,TRUE,quadpay,,Wayback first observed provider-directory page,https://web.archive.org/web/20220625144641/https://zip.co/us/shop/hotels,,https://web.archive.org/web/20220625144641/https://zip.co/us/shop/hotels,checked,"Wayback CDX first observed the provider-directory/listing URL on 2022-06-25. This is an upper-bound/current-listing signal, not an exact operational adoption date.",Automated first-pass evidence only; manual validation required before econometric treatment coding.,TRUE,FALSE,FALSE,FALSE,TRUE
M0005,Autodesk,Autodesk,"Autodesk, Inc.",ADSK,769397,Nasdaq,,Klarna,TRUE,,,,,,,,,,,,,unknown,UNKNOWN,FALSE,parent_core_business,TRUE,,,,FALSE,,,,,,,no_snapshots,Automated scraper logged 2 present/current evidence item(s) and 0 technical/inconclusive item(s). No operational adoption date assigned unless explicitly supported.,Automated first-pass evidence only; manual validation required before econometric treatment coding.,TRUE,FALSE,FALSE,FALSE,TRUE
M0006,American Eagle,American Eagle,AMERICAN EAGLE OUTFITTERS INC,AEO,919012,NYSE,,Affirm,TRUE,,,,,,,,,,,,,unknown,UNKNOWN,FALSE,parent_core_business,TRUE,,,,FALSE,,,,,,,no_snapshots,Automated scraper logged 1 present/current evidence item(s) and 0 technical/inconclusive item(s). No operational adoption date assigned unless explicitly supported.,Automated first-pass evidence only; manual validation required before econometric treatment coding.,TRUE,FALSE,FALSE,FALSE,TRUE
M0006,American Eagle,American Eagle,AMERICAN EAGLE OUTFITTERS INC,AEO,919012,NYSE,,Klarna,TRUE,,,,2022-09-24,,,,,,,,,unknown,UNKNOWN,FALSE,parent_core_business,TRUE,,,,FALSE,,,Wayback first observed provider-directory page,https://web.archive.org/web/20250224115549/https://www.klarna.com/us/store/05e8d825-7641-4b62-acc7-5263643592aa/american-eagle/pay-with-klarna/,,https://web.archive.org/web/20220924101952/https://www.klarna.com/us/shopping/t/141/Clothing-Accessories/,checked,"Wayback CDX first observed the provider-directory/listing URL on 2025-02-24. This is an upper-bound/current-listing signal, not an exact operational adoption date.",Automated first-pass evidence only; manual validation required before econometric treatment coding.,TRUE,FALSE,FALSE,FALSE,TRUE
M0006,American Eagle,American Eagle,AMERICAN EAGLE OUTFITTERS INC,AEO,919012,NYSE,,Afterpay,TRUE,,,,2025-11-27,,,,,,,,,unknown,UNKNOWN,FALSE,parent_core_business,TRUE,,,,FALSE,,,Wayback first observed provider-directory page,https://web.archive.org/web/20260226210648/https://www.afterpay.com/en-US/categories/mens-clothing,,https://web.archive.org/web/20251127160840/https://www.afterpay.com/en-US/categories/womens-clothing,checked,"Wayback CDX first observed the provider-directory/listing URL on 2026-02-26. This is an upper-bound/current-listing signal, not an exact operational adoption date.",Automated first-pass evidence only; manual validation required before econometric treatment coding.,TRUE,FALSE,FALSE,FALSE,TRUE
M0006,American Eagle,American Eagle,AMERICAN EAGLE OUTFITTERS INC,AEO,919012,NYSE,,Sezzle,TRUE,,,,,,,,,,,,,unknown,UNKNOWN,FALSE,parent_core_business,TRUE,,,,FALSE,,,,,,,no_snapshots,Automated scraper logged 3 present/current evidence item(s) and 0 technical/inconclusive item(s). No operational adoption date assigned unless explicitly supported.,Automated first-pass evidence only; manual validation required before econometric treatment coding.,TRUE,FALSE,FALSE,FALSE,TRUE
M0007,Allstate,Allstate,ALLSTATE CORP,ALL,899051,NYSE,,Zip,TRUE,,,,2021-11-09,,,,,,,,,unknown,UNKNOWN,FALSE,parent_core_business,TRUE,,,,TRUE,quadpay,,Wayback first observed provider-directory page,https://web.archive.org/web/20211109131115/https://zip.co/us/shop/bills,,https://web.archive.org/web/20211109131115/https://zip.co/us/shop/bills,checked,"Wayback CDX first observed the provider-directory/listing URL on 2021-11-09. This is an upper-bound/current-listing signal, not an exact operational adoption date.",Automated first-pass evidence only; manual validation required before econometric treatment coding.,TRUE,FALSE,FALSE,FALSE,TRUE
M0008,Amazon,Amazon,AMAZON COM INC,AMZN,1018724,Nasdaq,,Affirm,TRUE,,,,2020-11-29,,,,,,,,,unknown,UNKNOWN,FALSE,parent_core_business,TRUE,,,,FALSE,,,Wayback first observed provider-directory page,https://web.archive.org/web/20201129081111/https://www.affirm.com/shopping/electronics,,https://web.archive.org/web/20201129073945/https://www.affirm.com/shopping/home-and-furniture,checked,"Wayback CDX first observed the provider-directory/listing URL on 2020-11-29. This is an upper-bound/current-listing signal, not an exact operational adoption date.",Automated first-pass evidence only; manual validation required before econometric treatment coding.,TRUE,FALSE,FALSE,FALSE,TRUE
M0008,Amazon,Amazon,AMAZON COM INC,AMZN,1018724,Nasdaq,,Klarna,TRUE,,,,2022-09-24,,,,,,,,,unknown,UNKNOWN,FALSE,parent_core_business,TRUE,,,,FALSE,,,Wayback first observed provider-directory page,https://web.archive.org/web/20220924101958/https://www.klarna.com/us/shopping/t/1493/Toys-Hobbies/,,https://web.archive.org/web/20220924102041/https://www.klarna.com/us/shopping/t/35/Kids-Family/,checked,"Wayback CDX first observed the provider-directory/listing URL on 2022-09-24. This is an upper-bound/current-listing signal, not an exact operational adoption date.",Automated first-pass evidence only; manual validation required before econometric treatment coding.,TRUE,FALSE,FALSE,FALSE,TRUE
M0009,Zappos,Zappos,AMAZON COM INC,AMZN,1018724,Nasdaq,,Klarna,TRUE,,,,2022-09-24,,,,,,,,,unknown,UNKNOWN,FALSE,major_brand_or_subsidiary,REVIEW,,,,FALSE,,,Wayback first observed provider-directory page,https://web.archive.org/web/20220924101952/https://www.klarna.com/us/shopping/t/141/Clothing-Accessories/,,https://web.archive.org/web/20220924101952/https://www.klarna.com/us/shopping/t/141/Clothing-Accessories/,checked,"Wayback CDX first observed the provider-directory/listing URL on 2022-09-24. This is an upper-bound/current-listing signal, not an exact operational adoption date.",Automated first-pass evidence only; manual validation required before econometric treatment coding.,TRUE,FALSE,FALSE,FALSE,TRUE
M0009,Zappos,Zappos,AMAZON COM INC,AMZN,1018724,Nasdaq,,Afterpay,TRUE,,,,2025-11-27,,,,,,,,,unknown,UNKNOWN,FALSE,major_brand_or_subsidiary,REVIEW,,,,FALSE,,,Wayback first observed provider-directory page,https://web.archive.org/web/20260226210648/https://www.afterpay.com/en-US/categories/mens-clothing,,https://web.archive.org/web/20251127160840/https://www.afterpay.com/en-US/categories/womens-clothing,checked,"Wayback CDX first observed the provider-directory/listing URL on 2026-02-26. This is an upper-bound/current-listing signal, not an exact operational adoption date.",Automated first-pass evidence only; manual validation required before econometric treatment coding.,TRUE,FALSE,FALSE,FALSE,TRUE
M0009,Zappos,Zappos,AMAZON COM INC,AMZN,1018724,Nasdaq,,Zip,TRUE,,,,,,,,,,,,,unknown,UNKNOWN,FALSE,major_brand_or_subsidiary,REVIEW,,,,TRUE,quadpay,,,,,,no_snapshots,Automated scraper logged 2 present/current evidence item(s) and 0 technical/inconclusive item(s). No operational adoption date assigned unless explicitly supported.,Automated first-pass evidence only; manual validation required before econometric treatment coding.,TRUE,FALSE,FALSE,FALSE,TRUE
M0010,Abercrombie & Fitch,Abercrombie & Fitch,ABERCROMBIE & FITCH CO /DE/,ANF,1018840,NYSE,,Klarna,TRUE,,,,2022-09-24,,,,,,,,,unknown,UNKNOWN,FALSE,parent_core_business,TRUE,,,,FALSE,,,Wayback first observed provider-directory page,https://web.archive.org/web/20220924101952/https://www.klarna.com/us/shopping/t/141/Clothing-Accessories/,,https://web.archive.org/web/20220924101952/https://www.klarna.com/us/shopping/t/141/Clothing-Accessories/,checked,"Wayback CDX first observed the provider-directory/listing URL on 2022-09-24. This is an upper-bound/current-listing signal, not an exact operational adoption date.",Automated first-pass evidence only; manual validation required before econometric treatment coding.,TRUE,FALSE,FALSE,FALSE,TRUE
M0010,Abercrombie & Fitch,Abercrombie & Fitch,ABERCROMBIE & FITCH CO /DE/,ANF,1018840,NYSE,,Sezzle,TRUE,,,,,,,,,,,,,unknown,UNKNOWN,FALSE,parent_core_business,TRUE,,,,FALSE,,,,,,,no_snapshots,Automated scraper logged 2 present/current evidence item(s) and 0 technical/inconclusive item(s). No operational adoption date assigned unless explicitly supported.,Automated first-pass evidence only; manual validation required before econometric treatment coding.,TRUE,FALSE,FALSE,FALSE,TRUE
M0011,AppFolio,AppFolio,APPFOLIO INC,APPF,1433195,Nasdaq,,Zip,TRUE,,,,2021-11-09,,,,,,,,,unknown,UNKNOWN,FALSE,parent_core_business,TRUE,,,,TRUE,quadpay,,Wayback first observed provider-directory page,https://web.archive.org/web/20211109131115/https://zip.co/us/shop/bills,,https://web.archive.org/web/20211109131115/https://zip.co/us/shop/bills,checked,"Wayback CDX first observed the provider-directory/listing URL on 2021-11-09. This is an upper-bound/current-listing signal, not an exact operational adoption date.",Automated first-pass evidence only; manual validation required before econometric treatment coding.,TRUE,FALSE,FALSE,FALSE,TRUE
M0012,Arhaus,Arhaus,"Arhaus, Inc.",ARHS,1875444,Nasdaq,,Klarna,TRUE,,,,,,,,,,,,,unknown,UNKNOWN,FALSE,parent_core_business,TRUE,,,,FALSE,,,,,,,no_snapshots,Automated scraper logged 3 present/current evidence item(s) and 0 technical/inconclusive item(s). No operational adoption date assigned unless explicitly supported.,Automated first-pass evidence only; manual validation required before econometric treatment coding.,TRUE,FALSE,FALSE,FALSE,TRUE
M0013,Academy Sports,Academy Sports,"Academy Sports & Outdoors, Inc.",ASO,1817358,Nasdaq,,Klarna,TRUE,,,,,,,,,,,,,unknown,UNKNOWN,FALSE,parent_core_business,TRUE,,,,FALSE,,,,,,,no_snapshots,Automated scraper logged 2 present/current evidence item(s) and 0 technical/inconclusive item(s). No operational adoption date assigned unless explicitly supported.,Automated first-pass evidence only; manual validation required before econometric treatment coding.,TRUE,FALSE,FALSE,FALSE,TRUE
M0014,AutoZone,AutoZone,AUTOZONE INC,AZO,866787,NYSE,,Klarna,TRUE,,,,,,,,,,,,,unknown,UNKNOWN,FALSE,parent_core_business,TRUE,,,,FALSE,,,,,,,no_snapshots,Automated scraper logged 2 present/current evidence item(s) and 0 technical/inconclusive item(s). No operational adoption date assigned unless explicitly supported.,Automated first-pass evidence only; manual validation required before econometric treatment coding.,TRUE,FALSE,FALSE,FALSE,TRUE
M0015,Alibaba,Alibaba,Alibaba Group Holding Ltd,BABA,1577552,NYSE,,Klarna,TRUE,,,,2022-09-24,,,,,,,,,unknown,UNKNOWN,FALSE,parent_core_business,TRUE,,,,FALSE,,,Wayback first observed provider-directory page,https://web.archive.org/web/20220924101958/https://www.klarna.com/us/shopping/t/1493/Toys-Hobbies/,,https://web.archive.org/web/20220924102041/https://www.klarna.com/us/shopping/t/35/Kids-Family/,checked,"Wayback CDX first observed the provider-directory/listing URL on 2022-09-24. This is an upper-bound/current-listing signal, not an exact operational adoption date.",Automated first-pass evidence only; manual validation required before econometric treatment coding.,TRUE,FALSE,FALSE,FALSE,TRUE
M0015,Alibaba,Alibaba,Alibaba Group Holding Ltd,BABA,1577552,NYSE,,Afterpay,TRUE,,,,2025-11-27,,,,,,,,,unknown,UNKNOWN,FALSE,parent_core_business,TRUE,,,,FALSE,,,Wayback first observed provider-directory page,https://web.archive.org/web/20210614120033/https://www.afterpay.com/en-US/categories/home,,https://web.archive.org/web/20251127160840/https://www.afterpay.com/en-US/categories/womens-clothing,checked,"Wayback CDX first observed the provider-directory/listing URL on 2021-06-14. This is an upper-bound/current-listing signal, not an exact operational adoption date.",Automated first-pass evidence only; manual validation required before econometric treatment coding.,TRUE,FALSE,FALSE,FALSE,TRUE
M0015,Alibaba,Alibaba,Alibaba Group Holding Ltd,BABA,1577552,NYSE,,Sezzle,TRUE,,,,2024-10-03,,,,,,,,,unknown,UNKNOWN,FALSE,parent_core_business,TRUE,,,,FALSE,,,Wayback first observed provider-directory page,https://web.archive.org/web/20241003163243/https://sezzle.com/shop/cosmetics/,,https://web.archive.org/web/20241003163243/https://sezzle.com/shop/cosmetics/,checked,"Wayback CDX first observed the provider-directory/listing URL on 2024-10-03. This is an upper-bound/current-listing signal, not an exact operational adoption date.",Automated first-pass evidence only; manual validation required before econometric treatment coding.,TRUE,FALSE,FALSE,FALSE,TRUE
M0016,Bed Bath & Beyond,Bed Bath & Beyond,"BED BATH & BEYOND, INC.",BBBY,1130713,NYSE,,Affirm,TRUE,,,,2020-11-29,,,,,,,,,unknown,UNKNOWN,FALSE,parent_core_business,TRUE,,,,FALSE,,,Wayback first observed provider-directory page,https://web.archive.org/web/20201129073945/https://www.affirm.com/shopping/home-and-furniture,,https://web.archive.org/web/20201129073945/https://www.affirm.com/shopping/home-and-furniture,checked,"Wayback CDX first observed the provider-directory/listing URL on 2020-11-29. This is an upper-bound/current-listing signal, not an exact operational adoption date.",Automated first-pass evidence only; manual validation required before econometric treatment coding.,TRUE,FALSE,FALSE,FALSE,TRUE
M0016,Bed Bath & Beyond,Bed Bath & Beyond,"BED BATH & BEYOND, INC.",BBBY,1130713,NYSE,,Klarna,TRUE,,,,,,,,,,,,,unknown,UNKNOWN,FALSE,parent_core_business,TRUE,,,,FALSE,,,,,,,no_snapshots,Automated scraper logged 3 present/current evidence item(s) and 0 technical/inconclusive item(s). No operational adoption date assigned unless explicitly supported.,Automated first-pass evidence only; manual validation required before econometric treatment coding.,TRUE,FALSE,FALSE,FALSE,TRUE
M0016,Bed Bath & Beyond,Bed Bath & Beyond,"BED BATH & BEYOND, INC.",BBBY,1130713,NYSE,,Sezzle,TRUE,,,,2024-10-03,,,,,,,,,unknown,UNKNOWN,FALSE,parent_core_business,TRUE,,,,FALSE,,,Wayback first observed provider-directory page,https://web.archive.org/web/20241003163243/https://sezzle.com/shop/cosmetics/,,https://web.archive.org/web/20241003163243/https://sezzle.com/shop/cosmetics/,no_snapshots,"Wayback CDX first observed the provider-directory/listing URL on 2024-10-03. This is an upper-bound/current-listing signal, not an exact operational adoption date.",Automated first-pass evidence only; manual validation required before econometric treatment coding.,TRUE,FALSE,FALSE,FALSE,TRUE
M0017,Build-A-Bear Workshop,Build-A-Bear Workshop,BUILD-A-BEAR WORKSHOP INC,BBW,1113809,NYSE,,Sezzle,TRUE,,,,,,,,,,,,,unknown,UNKNOWN,FALSE,parent_core_business,TRUE,,,,FALSE,,,,,,,no_snapshots,Automated scraper logged 1 present/current evidence item(s) and 1 technical/inconclusive item(s). No operational adoption date assigned unless explicitly supported.,Automated first-pass evidence only; manual validation required before econometric treatment coding.,TRUE,FALSE,FALSE,FALSE,TRUE
M0018,Bath & Body Works,Bath & Body Works,"Bath & Body Works, Inc.",BBWI,701985,NYSE,,Klarna,TRUE,,,,2022-09-17,,,,,,,,,unknown,UNKNOWN,FALSE,parent_core_business,TRUE,,,,FALSE,,,Wayback first observed provider-directory page,https://web.archive.org/web/20241218173755/https://www.klarna.com/us/store/11325fd0-d238-4ca3-9e9e-a3a963ed4335/bath-body-works/pay-with-klarna/,,https://web.archive.org/web/20220917161909/https://www.klarna.com/us/shopping/t/10/Health-Beauty/,checked,"Wayback CDX first observed the provider-directory/listing URL on 2024-12-18. This is an upper-bound/current-listing signal, not an exact operational adoption date.",Automated first-pass evidence only; manual validation required before econometric treatment coding.,TRUE,FALSE,FALSE,FALSE,TRUE
M0018,Bath & Body Works,Bath & Body Works,"Bath & Body Works, Inc.",BBWI,701985,NYSE,,Sezzle,TRUE,,,,,,,,,,,,,unknown,UNKNOWN,FALSE,parent_core_business,TRUE,,,,FALSE,,,,,,,no_snapshots,Automated scraper logged 2 present/current evidence item(s) and 1 technical/inconclusive item(s). No operational adoption date assigned unless explicitly supported.,Automated first-pass evidence only; manual validation required before econometric treatment coding.,TRUE,FALSE,FALSE,FALSE,TRUE
M0019,Best Buy,Best Buy,BEST BUY CO INC,BBY,764478,NYSE,,Affirm,TRUE,,,,2020-11-29,,,,,,,,,unknown,UNKNOWN,FALSE,parent_core_business,TRUE,,,,FALSE,,,Wayback first observed provider-directory page,https://web.archive.org/web/20201129081111/https://www.affirm.com/shopping/electronics,,https://web.archive.org/web/20201129081111/https://www.affirm.com/shopping/electronics,checked,"Wayback CDX first observed the provider-directory/listing URL on 2020-11-29. This is an upper-bound/current-listing signal, not an exact operational adoption date.",Automated first-pass evidence only; manual validation required before econometric treatment coding.,TRUE,FALSE,FALSE,FALSE,TRUE
M0019,Best Buy,Best Buy,BEST BUY CO INC,BBY,764478,NYSE,,Klarna,TRUE,,,,2022-09-24,,,,,,,,,unknown,UNKNOWN,FALSE,parent_core_business,TRUE,,,,FALSE,,,Wayback first observed provider-directory page,https://web.archive.org/web/20241218174101/https://www.klarna.com/us/store/93432633-812a-4660-b781-61456659e705/best-buy/pay-with-klarna/,,https://web.archive.org/web/20220924102034/https://www.klarna.com/us/shopping/t/17/Photography/,checked,"Wayback CDX first observed the provider-directory/listing URL on 2024-12-18. This is an upper-bound/current-listing signal, not an exact operational adoption date.",Automated first-pass evidence only; manual validation required before econometric treatment coding.,TRUE,FALSE,FALSE,FALSE,TRUE
M0019,Best Buy,Best Buy,BEST BUY CO INC,BBY,764478,NYSE,,Zip,TRUE,,,,2021-09-21,,,,,,,,,unknown,UNKNOWN,FALSE,parent_core_business,TRUE,,,,TRUE,quadpay,,Wayback first observed provider-directory page,https://web.archive.org/web/20210921224524/https://zip.co/us/shop/appliances-electronics,,https://web.archive.org/web/20210921002020/https://zip.co/us/shop/shop-all,checked,"Wayback CDX first observed the provider-directory/listing URL on 2021-09-21. This is an upper-bound/current-listing signal, not an exact operational adoption date.",Automated first-pass evidence only; manual validation required before econometric treatment coding.,TRUE,FALSE,FALSE,FALSE,TRUE
M0020,Birkenstock,Birkenstock,Birkenstock Holding plc,BIRK,1977102,NYSE,,Klarna,TRUE,,,,2022-09-24,,,,,,,,,unknown,UNKNOWN,FALSE,parent_core_business,TRUE,,,,FALSE,,,Wayback first observed provider-directory page,https://web.archive.org/web/20220924101952/https://www.klarna.com/us/shopping/t/141/Clothing-Accessories/,,https://web.archive.org/web/20220924101952/https://www.klarna.com/us/shopping/t/141/Clothing-Accessories/,checked,"Wayback CDX first observed the provider-directory/listing URL on 2022-09-24. This is an upper-bound/current-listing signal, not an exact operational adoption date.",Automated first-pass evidence only; manual validation required before econometric treatment coding.,TRUE,FALSE,FALSE,FALSE,TRUE
M0021,BJ's Wholesale Club,BJ's Wholesale Club,"BJ's Wholesale Club Holdings, Inc.",BJ,1531152,NYSE,,Klarna,TRUE,,,,,,,,,,,,,unknown,UNKNOWN,FALSE,parent_core_business,TRUE,,,,FALSE,,,,,,,no_snapshots,Automated scraper logged 3 present/current evidence item(s) and 0 technical/inconclusive item(s). No operational adoption date assigned unless explicitly supported.,Automated first-pass evidence only; manual validation required before econometric treatment coding.,TRUE,FALSE,FALSE,FALSE,TRUE
M0022,Buckle,Buckle,BUCKLE INC,BKE,885245,NYSE,,Klarna,TRUE,,,,2022-09-24,,,,,,,,,unknown,UNKNOWN,FALSE,parent_core_business,TRUE,,,,FALSE,,,Wayback first observed provider-directory page,https://web.archive.org/web/20220924101952/https://www.klarna.com/us/shopping/t/141/Clothing-Accessories/,,https://web.archive.org/web/20220924101952/https://www.klarna.com/us/shopping/t/141/Clothing-Accessories/,checked,"Wayback CDX first observed the provider-directory/listing URL on 2022-09-24. This is an upper-bound/current-listing signal, not an exact operational adoption date.",Automated first-pass evidence only; manual validation required before econometric treatment coding.,TRUE,FALSE,FALSE,FALSE,TRUE
M0022,Buckle,Buckle,BUCKLE INC,BKE,885245,NYSE,,Afterpay,TRUE,,,,2025-11-27,,,,,,,,,unknown,UNKNOWN,FALSE,parent_core_business,TRUE,,,,FALSE,,,Wayback first observed provider-directory page,https://web.archive.org/web/20260226210648/https://www.afterpay.com/en-US/categories/mens-clothing,,https://web.archive.org/web/20251127160840/https://www.afterpay.com/en-US/categories/womens-clothing,checked,"Wayback CDX first observed the provider-directory/listing URL on 2026-02-26. This is an upper-bound/current-listing signal, not an exact operational adoption date.",Automated first-pass evidence only; manual validation required before econometric treatment coding.,TRUE,FALSE,FALSE,FALSE,TRUE
M0023,Priceline,Priceline,Booking Holdings Inc.,BKNG,1075531,Nasdaq,,Affirm,TRUE,,,,2020-11-29,,,,,,,,,unknown,UNKNOWN,FALSE,major_brand_or_subsidiary,REVIEW,,,,FALSE,,,Wayback first observed provider-directory page,https://web.archive.org/web/20201129065824/https://www.affirm.com/shopping/travel,,https://web.archive.org/web/20201129065824/https://www.affirm.com/shopping/travel,checked,"Wayback CDX first observed the provider-directory/listing URL on 2020-11-29. This is an upper-bound/current-listing signal, not an exact operational adoption date.",Automated first-pass evidence only; manual validation required before econometric treatment coding.,TRUE,FALSE,FALSE,FALSE,TRUE
M0023,Priceline,Priceline,Booking Holdings Inc.,BKNG,1075531,Nasdaq,,Afterpay,TRUE,,,,,,,,,,,,,unknown,UNKNOWN,FALSE,major_brand_or_subsidiary,REVIEW,,,,FALSE,,,,,,,no_snapshots,Automated scraper logged 3 present/current evidence item(s) and 0 technical/inconclusive item(s). No operational adoption date assigned unless explicitly supported.,Automated first-pass evidence only; manual validation required before econometric treatment coding.,TRUE,FALSE,FALSE,FALSE,TRUE
M0023,Priceline,Priceline,Booking Holdings Inc.,BKNG,1075531,Nasdaq,,Zip,TRUE,,,,2021-09-21,,,,,,,,,unknown,UNKNOWN,FALSE,major_brand_or_subsidiary,REVIEW,,,,TRUE,quadpay,,Wayback first observed provider-directory page,https://web.archive.org/web/20220625144641/https://zip.co/us/shop/hotels,,https://web.archive.org/web/20210921222020/https://zip.co/us/shop/travel-entertainment,checked,"Wayback CDX first observed the provider-directory/listing URL on 2022-06-25. This is an upper-bound/current-listing signal, not an exact operational adoption date.",Automated first-pass evidence only; manual validation required before econometric treatment coding.,TRUE,FALSE,FALSE,FALSE,TRUE
M0024,Bob's Discount Furniture,Bob's Discount Furniture,"Bob's Discount Furniture, Inc.",BOBS,2085187,NYSE,,Affirm,TRUE,,,,2020-11-29,,,,,,,,,unknown,UNKNOWN,FALSE,parent_core_business,TRUE,,,,FALSE,,,Wayback first observed provider-directory page,https://web.archive.org/web/20201129073945/https://www.affirm.com/shopping/home-and-furniture,,https://web.archive.org/web/20201129073945/https://www.affirm.com/shopping/home-and-furniture,checked,"Wayback CDX first observed the provider-directory/listing URL on 2020-11-29. This is an upper-bound/current-listing signal, not an exact operational adoption date.",Automated first-pass evidence only; manual validation required before econometric treatment coding.,TRUE,FALSE,FALSE,FALSE,TRUE
M0024,Bob's Discount Furniture,Bob's Discount Furniture,"Bob's Discount Furniture, Inc.",BOBS,2085187,NYSE,,Klarna,TRUE,,,,,,,,,,,,,unknown,UNKNOWN,FALSE,parent_core_business,TRUE,,,,FALSE,,,,,,,no_snapshots,Automated scraper logged 3 present/current evidence item(s) and 0 technical/inconclusive item(s). No operational adoption date assigned unless explicitly supported.,Automated first-pass evidence only; manual validation required before econometric treatment coding.,TRUE,FALSE,FALSE,FALSE,TRUE
M0024,Bob's Discount Furniture,Bob's Discount Furniture,"Bob's Discount Furniture, Inc.",BOBS,2085187,NYSE,,Sezzle,TRUE,,,,,,,,,,,,,unknown,UNKNOWN,FALSE,parent_core_business,TRUE,,,,FALSE,,,,,,,no_snapshots,Automated scraper logged 3 present/current evidence item(s) and 0 technical/inconclusive item(s). No operational adoption date assigned unless explicitly supported.,Automated first-pass evidence only; manual validation required before econometric treatment coding.,TRUE,FALSE,FALSE,FALSE,TRUE
M0025,Brilliant Earth,Brilliant Earth,"Brilliant Earth Group, Inc.",BRLT,1866757,Nasdaq,,Affirm,TRUE,,,,,,,,,,,,,unknown,UNKNOWN,FALSE,parent_core_business,TRUE,,,,FALSE,,,,,,,no_snapshots,Automated scraper logged 1 present/current evidence item(s) and 0 technical/inconclusive item(s). No operational adoption date assigned unless explicitly supported.,Automated first-pass evidence only; manual validation required before econometric treatment coding.,TRUE,FALSE,FALSE,FALSE,TRUE
M0026,Burlington,Burlington,"Burlington Stores, Inc.",BURL,1579298,NYSE,,Sezzle,TRUE,,,,2024-10-03,,,,,,,,,unknown,UNKNOWN,FALSE,parent_core_business,TRUE,,,,FALSE,,,Wayback first observed provider-directory page,https://web.archive.org/web/20241003163243/https://sezzle.com/shop/cosmetics/,,https://web.archive.org/web/20241003163243/https://sezzle.com/shop/cosmetics/,no_snapshots,"Wayback CDX first observed the provider-directory/listing URL on 2024-10-03. This is an upper-bound/current-listing signal, not an exact operational adoption date.",Automated first-pass evidence only; manual validation required before econometric treatment coding.,TRUE,FALSE,FALSE,FALSE,TRUE
M0027,Canon,Canon,CANON INC,CAJPY,16988,OTC,,Klarna,TRUE,,,,2022-09-24,,,,,,,,,unknown,UNKNOWN,FALSE,parent_core_business,TRUE,,,,FALSE,,,Wayback first observed provider-directory page,https://web.archive.org/web/20221002221314/https://www.klarna.com/us/shopping/t/1/TV-Audio/,,https://web.archive.org/web/20220924102034/https://www.klarna.com/us/shopping/t/17/Photography/,checked,"Wayback CDX first observed the provider-directory/listing URL on 2022-10-02. This is an upper-bound/current-listing signal, not an exact operational adoption date.",Automated first-pass evidence only; manual validation required before econometric treatment coding.,TRUE,FALSE,FALSE,FALSE,TRUE
M0027,Canon,Canon,CANON INC,CAJPY,16988,OTC,,Zip,TRUE,,,,2021-09-21,,,,,,,,,unknown,UNKNOWN,FALSE,parent_core_business,TRUE,,,,TRUE,quadpay,,Wayback first observed provider-directory page,https://web.archive.org/web/20210921224524/https://zip.co/us/shop/appliances-electronics,,https://web.archive.org/web/20210921224524/https://zip.co/us/shop/appliances-electronics,checked,"Wayback CDX first observed the provider-directory/listing URL on 2021-09-21. This is an upper-bound/current-listing signal, not an exact operational adoption date.",Automated first-pass evidence only; manual validation required before econometric treatment coding.,TRUE,FALSE,FALSE,FALSE,TRUE
M0028,Cato,Cato,CATO CORP,CATO,18255,NYSE,,Klarna,TRUE,,,,2022-09-24,,,,,,,,,unknown,UNKNOWN,FALSE,parent_core_business,TRUE,,,,FALSE,,,Wayback first observed provider-directory page,https://web.archive.org/web/20220924101952/https://www.klarna.com/us/shopping/t/141/Clothing-Accessories/,,https://web.archive.org/web/20220924101952/https://www.klarna.com/us/shopping/t/141/Clothing-Accessories/,checked,"Wayback CDX first observed the provider-directory/listing URL on 2022-09-24. This is an upper-bound/current-listing signal, not an exact operational adoption date.",Automated first-pass evidence only; manual validation required before econometric treatment coding.,TRUE,FALSE,FALSE,FALSE,TRUE
M0028,Cato,Cato,CATO CORP,CATO,18255,NYSE,,Sezzle,TRUE,,,,,,,,,,,,,unknown,UNKNOWN,FALSE,parent_core_business,TRUE,,,,FALSE,,,,,,,no_snapshots,Automated scraper logged 3 present/current evidence item(s) and 0 technical/inconclusive item(s). No operational adoption date assigned unless explicitly supported.,Automated first-pass evidence only; manual validation required before econometric treatment coding.,TRUE,FALSE,FALSE,FALSE,TRUE
M0029,Chewy,Chewy,"Chewy, Inc.",CHWY,1766502,NYSE,,Klarna,TRUE,,,,2025-01-09,,,,,,,,,unknown,UNKNOWN,FALSE,parent_core_business,TRUE,,,,FALSE,,,Wayback first observed provider-directory page,https://web.archive.org/web/20250109030028/https://www.klarna.com/us/store/dfa63c76-2b4b-46d2-9825-a7658d574467/chewy/pay-with-klarna/,,https://web.archive.org/web/20250109030028/https://www.klarna.com/us/store/dfa63c76-2b4b-46d2-9825-a7658d574467/chewy/pay-with-klarna/,no_snapshots,"Wayback CDX first observed the provider-directory/listing URL on 2025-01-09. This is an upper-bound/current-listing signal, not an exact operational adoption date.",Automated first-pass evidence only; manual validation required before econometric treatment coding.,TRUE,FALSE,FALSE,FALSE,TRUE
M0029,Chewy,Chewy,"Chewy, Inc.",CHWY,1766502,NYSE,,Zip,TRUE,,,,2021-09-21,,,,,,,,,unknown,UNKNOWN,FALSE,parent_core_business,TRUE,,,,TRUE,quadpay,,Wayback first observed provider-directory page,https://web.archive.org/web/20210921232701/https://zip.co/us/shop/pets,,https://web.archive.org/web/20210921002020/https://zip.co/us/shop/shop-all,checked,"Wayback CDX first observed the provider-directory/listing URL on 2021-09-21. This is an upper-bound/current-listing signal, not an exact operational adoption date.",Automated first-pass evidence only; manual validation required before econometric treatment coding.,TRUE,FALSE,FALSE,FALSE,TRUE
M0029,Chewy,Chewy,"Chewy, Inc.",CHWY,1766502,NYSE,,Sezzle,TRUE,,,,,,,,,,,,,unknown,UNKNOWN,FALSE,parent_core_business,TRUE,,,,FALSE,,,,,,,no_snapshots,Automated scraper logged 2 present/current evidence item(s) and 0 technical/inconclusive item(s). No operational adoption date assigned unless explicitly supported.,Automated first-pass evidence only; manual validation required before econometric treatment coding.,TRUE,FALSE,FALSE,FALSE,TRUE
M0030,Columbia,Columbia,COLUMBIA SPORTSWEAR CO,COLM,1050797,Nasdaq,,Klarna,TRUE,,,,2022-09-24,,,,,,,,,unknown,UNKNOWN,FALSE,parent_core_business,TRUE,,,,FALSE,,,Wayback first observed provider-directory page,https://web.archive.org/web/20220924101952/https://www.klarna.com/us/shopping/t/141/Clothing-Accessories/,,https://web.archive.org/web/20220924101952/https://www.klarna.com/us/shopping/t/141/Clothing-Accessories/,checked,"Wayback CDX first observed the provider-directory/listing URL on 2022-09-24. This is an upper-bound/current-listing signal, not an exact operational adoption date.",Automated first-pass evidence only; manual validation required before econometric treatment coding.,TRUE,FALSE,FALSE,FALSE,TRUE
M0030,Columbia,Columbia,COLUMBIA SPORTSWEAR CO,COLM,1050797,Nasdaq,,Sezzle,TRUE,,,,,,,,,,,,,unknown,UNKNOWN,FALSE,parent_core_business,TRUE,,,,FALSE,,,,,,,no_snapshots,Automated scraper logged 3 present/current evidence item(s) and 0 technical/inconclusive item(s). No operational adoption date assigned unless explicitly supported.,Automated first-pass evidence only; manual validation required before econometric treatment coding.,TRUE,FALSE,FALSE,FALSE,TRUE
M0031,Columbia Sportswear,Columbia Sportswear,COLUMBIA SPORTSWEAR CO,COLM,1050797,Nasdaq,,Zip,TRUE,,,,2022-06-25,,,,,,,,,unknown,UNKNOWN,FALSE,parent_core_business,TRUE,,,,TRUE,quadpay,,Wayback first observed provider-directory page,https://web.archive.org/web/20220625141752/https://zip.co/us/shop/fitness,,https://web.archive.org/web/20220625141752/https://zip.co/us/shop/fitness,checked,"Wayback CDX first observed the provider-directory/listing URL on 2022-06-25. This is an upper-bound/current-listing signal, not an exact operational adoption date.",Automated first-pass evidence only; manual validation required before econometric treatment coding.,TRUE,FALSE,FALSE,FALSE,TRUE
M0032,Costco Wholesale,Costco Wholesale,COSTCO WHOLESALE CORP /NEW,COST,909832,Nasdaq,,Klarna,TRUE,,,,2022-09-24,,,,,,,,,unknown,UNKNOWN,FALSE,parent_core_business,TRUE,,,,FALSE,,,Wayback first observed provider-directory page,https://web.archive.org/web/20250120090839/https://www.klarna.com/us/store/fa2fe3be-2992-42f4-9748-fe6f6f894fbd/costco-wholesale/pay-with-klarna/,,https://web.archive.org/web/20220924102041/https://www.klarna.com/us/shopping/t/35/Kids-Family/,checked,"Wayback CDX first observed the provider-directory/listing URL on 2025-01-20. This is an upper-bound/current-listing signal, not an exact operational adoption date.",Automated first-pass evidence only; manual validation required before econometric treatment coding.,TRUE,FALSE,FALSE,FALSE,TRUE
M0033,Coursera,Coursera,"Coursera, Inc.",COUR,1651562,NYSE,,Zip,TRUE,,,,2021-09-23,,,,,,,,,unknown,UNKNOWN,FALSE,parent_core_business,TRUE,,,,TRUE,quadpay,,Wayback first observed provider-directory page,https://web.archive.org/web/20210923095214/https://zip.co/us/shop/education,,https://web.archive.org/web/20210923095214/https://zip.co/us/shop/education,checked,"Wayback CDX first observed the provider-directory/listing URL on 2021-09-23. This is an upper-bound/current-listing signal, not an exact operational adoption date.",Automated first-pass evidence only; manual validation required before econometric treatment coding.,TRUE,FALSE,FALSE,FALSE,TRUE
M0034,Cricut,Cricut,"Cricut, Inc.",CRCT,1828962,Nasdaq,,Klarna,TRUE,,,,2022-09-24,,,,,,,,,unknown,UNKNOWN,FALSE,parent_core_business,TRUE,,,,FALSE,,,Wayback first observed provider-directory page,https://web.archive.org/web/20221002221314/https://www.klarna.com/us/shopping/t/1/TV-Audio/,,https://web.archive.org/web/20220924102034/https://www.klarna.com/us/shopping/t/17/Photography/,checked,"Wayback CDX first observed the provider-directory/listing URL on 2022-10-02. This is an upper-bound/current-listing signal, not an exact operational adoption date.",Automated first-pass evidence only; manual validation required before econometric treatment coding.,TRUE,FALSE,FALSE,FALSE,TRUE
M0035,Carter's,Carter's,CARTERS INC,CRI,1060822,NYSE,,Klarna,TRUE,,,,2022-09-24,,,,,,,,,unknown,UNKNOWN,FALSE,parent_core_business,TRUE,,,,FALSE,,,Wayback first observed provider-directory page,https://web.archive.org/web/20220924101952/https://www.klarna.com/us/shopping/t/141/Clothing-Accessories/,,https://web.archive.org/web/20220924101952/https://www.klarna.com/us/shopping/t/141/Clothing-Accessories/,checked,"Wayback CDX first observed the provider-directory/listing URL on 2022-09-24. This is an upper-bound/current-listing signal, not an exact operational adoption date.",Automated first-pass evidence only; manual validation required before econometric treatment coding.,TRUE,FALSE,FALSE,FALSE,TRUE
M0035,Carter's,Carter's,CARTERS INC,CRI,1060822,NYSE,,Afterpay,TRUE,,,,,,,,,,,,,unknown,UNKNOWN,FALSE,parent_core_business,TRUE,,,,FALSE,,,,,,,no_snapshots,Automated scraper logged 1 present/current evidence item(s) and 1 technical/inconclusive item(s). No operational adoption date assigned unless explicitly supported.,Automated first-pass evidence only; manual validation required before econometric treatment coding.,TRUE,FALSE,FALSE,FALSE,TRUE
M0035,Carter's,Carter's,CARTERS INC,CRI,1060822,NYSE,,Zip,TRUE,,,,,,,,,,,,,unknown,UNKNOWN,FALSE,parent_core_business,TRUE,,,,TRUE,quadpay,,,,,,no_snapshots,Automated scraper logged 2 present/current evidence item(s) and 1 technical/inconclusive item(s). No operational adoption date assigned unless explicitly supported.,Automated first-pass evidence only; manual validation required before econometric treatment coding.,TRUE,FALSE,FALSE,FALSE,TRUE
M0036,OshKosh,OshKosh,CARTERS INC,CRI,1060822,NYSE,,Afterpay,TRUE,,,,,,,,,,,,,unknown,UNKNOWN,FALSE,major_brand_or_subsidiary,REVIEW,,,,FALSE,,,,,,,no_snapshots,Automated scraper logged 1 present/current evidence item(s) and 1 technical/inconclusive item(s). No operational adoption date assigned unless explicitly supported.,Automated first-pass evidence only; manual validation required before econometric treatment coding.,TRUE,FALSE,FALSE,FALSE,TRUE
M0037,Crocs,Crocs,"Crocs, Inc.",CROX,1334036,Nasdaq,,Klarna,TRUE,,,,2022-09-24,,,,,,,,,unknown,UNKNOWN,FALSE,parent_core_business,TRUE,,,,FALSE,,,Wayback first observed provider-directory page,https://web.archive.org/web/20220924101952/https://www.klarna.com/us/shopping/t/141/Clothing-Accessories/,,https://web.archive.org/web/20220924101952/https://www.klarna.com/us/shopping/t/141/Clothing-Accessories/,checked,"Wayback CDX first observed the provider-directory/listing URL on 2022-09-24. This is an upper-bound/current-listing signal, not an exact operational adoption date.",Automated first-pass evidence only; manual validation required before econometric treatment coding.,TRUE,FALSE,FALSE,FALSE,TRUE
M0037,Crocs,Crocs,"Crocs, Inc.",CROX,1334036,Nasdaq,,Afterpay,TRUE,,,,2025-11-27,,,,,,,,,unknown,UNKNOWN,FALSE,parent_core_business,TRUE,,,,FALSE,,,Wayback first observed provider-directory page,https://web.archive.org/web/20251127160840/https://www.afterpay.com/en-US/categories/womens-clothing,,https://web.archive.org/web/20251127160840/https://www.afterpay.com/en-US/categories/womens-clothing,checked,"Wayback CDX first observed the provider-directory/listing URL on 2025-11-27. This is an upper-bound/current-listing signal, not an exact operational adoption date.",Automated first-pass evidence only; manual validation required before econometric treatment coding.,TRUE,FALSE,FALSE,FALSE,TRUE
M0037,Crocs,Crocs,"Crocs, Inc.",CROX,1334036,Nasdaq,,Zip,TRUE,,,,,,,,,,,,,unknown,UNKNOWN,FALSE,parent_core_business,TRUE,,,,TRUE,quadpay,,,,,,no_snapshots,Automated scraper logged 2 present/current evidence item(s) and 1 technical/inconclusive item(s). No operational adoption date assigned unless explicitly supported.,Automated first-pass evidence only; manual validation required before econometric treatment coding.,TRUE,FALSE,FALSE,FALSE,TRUE
M0038,Torrid,Torrid,Torrid Holdings Inc.,CURV,1792781,NYSE,,Klarna,TRUE,,,,2022-09-24,,,,,,,,,unknown,UNKNOWN,FALSE,parent_core_business,TRUE,,,,FALSE,,,Wayback first observed provider-directory page,https://web.archive.org/web/20220924101952/https://www.klarna.com/us/shopping/t/141/Clothing-Accessories/,,https://web.archive.org/web/20220924101952/https://www.klarna.com/us/shopping/t/141/Clothing-Accessories/,checked,"Wayback CDX first observed the provider-directory/listing URL on 2022-09-24. This is an upper-bound/current-listing signal, not an exact operational adoption date.",Automated first-pass evidence only; manual validation required before econometric treatment coding.,TRUE,FALSE,FALSE,FALSE,TRUE
M0039,DoorDash,DoorDash,"DoorDash, Inc.",DASH,1792789,Nasdaq,,Zip,TRUE,,,,2021-09-21,,,,,,,,,unknown,UNKNOWN,FALSE,parent_core_business,TRUE,,,,TRUE,quadpay,,Wayback first observed provider-directory page,https://web.archive.org/web/20210921002020/https://zip.co/us/shop/shop-all,,https://web.archive.org/web/20210921002020/https://zip.co/us/shop/shop-all,checked,"Wayback CDX first observed the provider-directory/listing URL on 2021-09-21. This is an upper-bound/current-listing signal, not an exact operational adoption date.",Automated first-pass evidence only; manual validation required before econometric treatment coding.,TRUE,FALSE,FALSE,FALSE,TRUE
M0040,Dillard's,Dillard's,"DILLARD'S, INC.",DDS,28917,NYSE,,Klarna,TRUE,,,,2022-09-24,,,,,,,,,unknown,UNKNOWN,FALSE,parent_core_business,TRUE,,,,FALSE,,,Wayback first observed provider-directory page,https://web.archive.org/web/20220924101952/https://www.klarna.com/us/shopping/t/141/Clothing-Accessories/,,https://web.archive.org/web/20220924101952/https://www.klarna.com/us/shopping/t/141/Clothing-Accessories/,checked,"Wayback CDX first observed the provider-directory/listing URL on 2022-09-24. This is an upper-bound/current-listing signal, not an exact operational adoption date.",Automated first-pass evidence only; manual validation required before econometric treatment coding.,TRUE,FALSE,FALSE,FALSE,TRUE
M0040,Dillard's,Dillard's,"DILLARD'S, INC.",DDS,28917,NYSE,,Afterpay,TRUE,,,,2021-06-14,,,,,,,,,unknown,UNKNOWN,FALSE,parent_core_business,TRUE,,,,FALSE,,,Wayback first observed provider-directory page,https://web.archive.org/web/20210614120033/https://www.afterpay.com/en-US/categories/home,,https://web.archive.org/web/20210614120033/https://www.afterpay.com/en-US/categories/home,no_snapshots,"Wayback CDX first observed the provider-directory/listing URL on 2021-06-14. This is an upper-bound/current-listing signal, not an exact operational adoption date.",Automated first-pass evidence only; manual validation required before econometric treatment coding.,TRUE,FALSE,FALSE,FALSE,TRUE
M0041,HOKA,HOKA,DECKERS OUTDOOR CORP,DECK,910521,NYSE,,Klarna,TRUE,,,,,,,,,,,,,unknown,UNKNOWN,FALSE,major_brand_or_subsidiary,REVIEW,,,,FALSE,,,,,,,no_snapshots,Automated scraper logged 2 present/current evidence item(s) and 0 technical/inconclusive item(s). No operational adoption date assigned unless explicitly supported.,Automated first-pass evidence only; manual validation required before econometric treatment coding.,TRUE,FALSE,FALSE,FALSE,TRUE
M0042,UGG,UGG,DECKERS OUTDOOR CORP,DECK,910521,NYSE,,Affirm,TRUE,,,,,,,,,,,,,unknown,UNKNOWN,FALSE,major_brand_or_subsidiary,REVIEW,,,,FALSE,,,,,,,no_snapshots,Automated scraper logged 1 present/current evidence item(s) and 1 technical/inconclusive item(s). No operational adoption date assigned unless explicitly supported.,Automated first-pass evidence only; manual validation required before econometric treatment coding.,TRUE,FALSE,FALSE,FALSE,TRUE
M0042,UGG,UGG,DECKERS OUTDOOR CORP,DECK,910521,NYSE,,Klarna,TRUE,,,,2022-09-24,,,,,,,,,unknown,UNKNOWN,FALSE,major_brand_or_subsidiary,REVIEW,,,,FALSE,,,Wayback first observed provider-directory page,https://web.archive.org/web/20241218173612/https://www.klarna.com/us/store/52d537f3-0871-4ccd-ba12-9d4a806a5802/ugg/pay-with-klarna/,,https://web.archive.org/web/20220924101952/https://www.klarna.com/us/shopping/t/141/Clothing-Accessories/,checked,"Wayback CDX first observed the provider-directory/listing URL on 2024-12-18. This is an upper-bound/current-listing signal, not an exact operational adoption date.",Automated first-pass evidence only; manual validation required before econometric treatment coding.,TRUE,FALSE,FALSE,FALSE,TRUE
M0042,UGG,UGG,DECKERS OUTDOOR CORP,DECK,910521,NYSE,,Afterpay,TRUE,,,,2025-11-27,,,,,,,,,unknown,UNKNOWN,FALSE,major_brand_or_subsidiary,REVIEW,,,,FALSE,,,Wayback first observed provider-directory page,https://web.archive.org/web/20251127160840/https://www.afterpay.com/en-US/categories/womens-clothing,,https://web.archive.org/web/20251127160840/https://www.afterpay.com/en-US/categories/womens-clothing,checked,"Wayback CDX first observed the provider-directory/listing URL on 2025-11-27. This is an upper-bound/current-listing signal, not an exact operational adoption date.",Automated first-pass evidence only; manual validation required before econometric treatment coding.,TRUE,FALSE,FALSE,FALSE,TRUE
M0043,Dollar General,Dollar General,DOLLAR GENERAL CORP,DG,29534,NYSE,,Klarna,TRUE,,,,2022-09-24,,,,,,,,,unknown,UNKNOWN,FALSE,parent_core_business,TRUE,,,,FALSE,,,Wayback first observed provider-directory page,https://web.archive.org/web/20220924101958/https://www.klarna.com/us/shopping/t/1493/Toys-Hobbies/,,https://web.archive.org/web/20220924102041/https://www.klarna.com/us/shopping/t/35/Kids-Family/,checked,"Wayback CDX first observed the provider-directory/listing URL on 2022-09-24. This is an upper-bound/current-listing signal, not an exact operational adoption date.",Automated first-pass evidence only; manual validation required before econometric treatment coding.,TRUE,FALSE,FALSE,FALSE,TRUE
M0044,Dick's Sporting Goods,Dick's Sporting Goods,"DICK'S SPORTING GOODS, INC.",DKS,1089063,NYSE,,Klarna,TRUE,,,,,,,,,,,,,unknown,UNKNOWN,FALSE,parent_core_business,TRUE,,,,FALSE,,,,,,,no_snapshots,Automated scraper logged 2 present/current evidence item(s) and 1 technical/inconclusive item(s). No operational adoption date assigned unless explicitly supported.,Automated first-pass evidence only; manual validation required before econometric treatment coding.,TRUE,FALSE,FALSE,FALSE,TRUE
M0044,Dick's Sporting Goods,Dick's Sporting Goods,"DICK'S SPORTING GOODS, INC.",DKS,1089063,NYSE,,Afterpay,TRUE,,,,2026-02-26,,,,,,,,,unknown,UNKNOWN,FALSE,parent_core_business,TRUE,,,,FALSE,,,Wayback first observed provider-directory page,https://web.archive.org/web/20260226210648/https://www.afterpay.com/en-US/categories/mens-clothing,,https://web.archive.org/web/20260226210648/https://www.afterpay.com/en-US/categories/mens-clothing,checked,"Wayback CDX first observed the provider-directory/listing URL on 2026-02-26. This is an upper-bound/current-listing signal, not an exact operational adoption date.",Automated first-pass evidence only; manual validation required before econometric treatment coding.,TRUE,FALSE,FALSE,FALSE,TRUE
M0045,eBay,eBay,EBAY INC,EBAY,1065088,Nasdaq,,Affirm,TRUE,,,,2020-11-29,,,,,,,,,unknown,UNKNOWN,FALSE,parent_core_business,TRUE,,,,FALSE,,,Wayback first observed provider-directory page,https://web.archive.org/web/20201129081111/https://www.affirm.com/shopping/electronics,,https://web.archive.org/web/20201129081111/https://www.affirm.com/shopping/electronics,checked,"Wayback CDX first observed the provider-directory/listing URL on 2020-11-29. This is an upper-bound/current-listing signal, not an exact operational adoption date.",Automated first-pass evidence only; manual validation required before econometric treatment coding.,TRUE,FALSE,FALSE,FALSE,TRUE
M0045,eBay,eBay,EBAY INC,EBAY,1065088,Nasdaq,,Klarna,TRUE,,,,2022-09-24,,,,,,,,,unknown,UNKNOWN,FALSE,parent_core_business,TRUE,,,,FALSE,,,Wayback first observed provider-directory page,https://web.archive.org/web/20220924101958/https://www.klarna.com/us/shopping/t/1493/Toys-Hobbies/,,https://web.archive.org/web/20220924102041/https://www.klarna.com/us/shopping/t/35/Kids-Family/,checked,"Wayback CDX first observed the provider-directory/listing URL on 2022-09-24. This is an upper-bound/current-listing signal, not an exact operational adoption date.",Automated first-pass evidence only; manual validation required before econometric treatment coding.,TRUE,FALSE,FALSE,FALSE,TRUE
M0045,eBay,eBay,EBAY INC,EBAY,1065088,Nasdaq,,Zip,TRUE,,,,2021-09-21,,,,,,,,,unknown,UNKNOWN,FALSE,parent_core_business,TRUE,,,,TRUE,quadpay,,Wayback first observed provider-directory page,https://web.archive.org/web/20210921224524/https://zip.co/us/shop/appliances-electronics,,https://web.archive.org/web/20210921002020/https://zip.co/us/shop/shop-all,checked,"Wayback CDX first observed the provider-directory/listing URL on 2021-09-21. This is an upper-bound/current-listing signal, not an exact operational adoption date.",Automated first-pass evidence only; manual validation required before econometric treatment coding.,TRUE,FALSE,FALSE,FALSE,TRUE
M0045,eBay,eBay,EBAY INC,EBAY,1065088,Nasdaq,,Sezzle,TRUE,,,,,,,,,,,,,unknown,UNKNOWN,FALSE,parent_core_business,TRUE,,,,FALSE,,,,,,,no_snapshots,Automated scraper logged 2 present/current evidence item(s) and 0 technical/inconclusive item(s). No operational adoption date assigned unless explicitly supported.,Automated first-pass evidence only; manual validation required before econometric treatment coding.,TRUE,FALSE,FALSE,FALSE,TRUE
M0046,Estee Lauder,Estee Lauder,ESTEE LAUDER COMPANIES INC,EL,1001250,NYSE,,Klarna,TRUE,,,,2022-09-17,,,,,,,,,unknown,UNKNOWN,FALSE,parent_core_business,TRUE,,,,FALSE,,,Wayback first observed provider-directory page,https://web.archive.org/web/20220917161909/https://www.klarna.com/us/shopping/t/10/Health-Beauty/,,https://web.archive.org/web/20220917161909/https://www.klarna.com/us/shopping/t/10/Health-Beauty/,checked,"Wayback CDX first observed the provider-directory/listing URL on 2022-09-17. This is an upper-bound/current-listing signal, not an exact operational adoption date.",Automated first-pass evidence only; manual validation required before econometric treatment coding.,TRUE,FALSE,FALSE,FALSE,TRUE
M0046,Estee Lauder,Estee Lauder,ESTEE LAUDER COMPANIES INC,EL,1001250,NYSE,,Sezzle,TRUE,,,,2024-10-03,,,,,,,,,unknown,UNKNOWN,FALSE,parent_core_business,TRUE,,,,FALSE,,,Wayback first observed provider-directory page,https://web.archive.org/web/20241003163243/https://sezzle.com/shop/cosmetics/,,https://web.archive.org/web/20241003163243/https://sezzle.com/shop/cosmetics/,no_snapshots,"Wayback CDX first observed the provider-directory/listing URL on 2024-10-03. This is an upper-bound/current-listing signal, not an exact operational adoption date.",Automated first-pass evidence only; manual validation required before econometric treatment coding.,TRUE,FALSE,FALSE,FALSE,TRUE
M0047,Etsy,Etsy,ETSY INC,ETSY,1370637,NYSE,,Klarna,TRUE,,,,2022-09-24,,,,,,,,,unknown,UNKNOWN,FALSE,parent_core_business,TRUE,,,,FALSE,,,Wayback first observed provider-directory page,https://web.archive.org/web/20220924101958/https://www.klarna.com/us/shopping/t/1493/Toys-Hobbies/,,https://web.archive.org/web/20220924102041/https://www.klarna.com/us/shopping/t/35/Kids-Family/,checked,"Wayback CDX first observed the provider-directory/listing URL on 2022-09-24. This is an upper-bound/current-listing signal, not an exact operational adoption date.",Automated first-pass evidence only; manual validation required before econometric treatment coding.,TRUE,FALSE,FALSE,FALSE,TRUE
M0047,Etsy,Etsy,ETSY INC,ETSY,1370637,NYSE,,Zip,TRUE,,,,,,,,,,,,,unknown,UNKNOWN,FALSE,parent_core_business,TRUE,,,,TRUE,quadpay,,,,,,no_snapshots,Automated scraper logged 4 present/current evidence item(s) and 1 technical/inconclusive item(s). No operational adoption date assigned unless explicitly supported.,Automated first-pass evidence only; manual validation required before econometric treatment coding.,TRUE,FALSE,FALSE,FALSE,TRUE
M0048,Expedia,Expedia,"Expedia Group, Inc.",EXPE,1324424,Nasdaq,,Afterpay,TRUE,,,,,,,,,,,,,unknown,UNKNOWN,FALSE,parent_core_business,TRUE,,,,FALSE,,,,,,,no_snapshots,Automated scraper logged 2 present/current evidence item(s) and 1 technical/inconclusive item(s). No operational adoption date assigned unless explicitly supported.,Automated first-pass evidence only; manual validation required before econometric treatment coding.,TRUE,FALSE,FALSE,FALSE,TRUE
M0048,Expedia,Expedia,"Expedia Group, Inc.",EXPE,1324424,Nasdaq,,Zip,TRUE,,,,2021-09-21,,,,,,,,,unknown,UNKNOWN,FALSE,parent_core_business,TRUE,,,,TRUE,quadpay,,Wayback first observed provider-directory page,https://web.archive.org/web/20220625144641/https://zip.co/us/shop/hotels,,https://web.archive.org/web/20210921222020/https://zip.co/us/shop/travel-entertainment,checked,"Wayback CDX first observed the provider-directory/listing URL on 2022-06-25. This is an upper-bound/current-listing signal, not an exact operational adoption date.",Automated first-pass evidence only; manual validation required before econometric treatment coding.,TRUE,FALSE,FALSE,FALSE,TRUE
M0049,Vrbo,Vrbo,"Expedia Group, Inc.",EXPE,1324424,Nasdaq,,Affirm,TRUE,,,,2020-11-29,,,,,,,,,unknown,UNKNOWN,FALSE,major_brand_or_subsidiary,REVIEW,,,,FALSE,,,Wayback first observed provider-directory page,https://web.archive.org/web/20201129065824/https://www.affirm.com/shopping/travel,,https://web.archive.org/web/20201129065824/https://www.affirm.com/shopping/travel,checked,"Wayback CDX first observed the provider-directory/listing URL on 2020-11-29. This is an upper-bound/current-listing signal, not an exact operational adoption date.",Automated first-pass evidence only; manual validation required before econometric treatment coding.,TRUE,FALSE,FALSE,FALSE,TRUE
M0049,Vrbo,Vrbo,"Expedia Group, Inc.",EXPE,1324424,Nasdaq,,Zip,TRUE,,,,2021-09-21,,,,,,,,,unknown,UNKNOWN,FALSE,major_brand_or_subsidiary,REVIEW,,,,TRUE,quadpay,,Wayback first observed provider-directory page,https://web.archive.org/web/20220625144641/https://zip.co/us/shop/hotels,,https://web.archive.org/web/20210921222020/https://zip.co/us/shop/travel-entertainment,checked,"Wayback CDX first observed the provider-directory/listing URL on 2022-06-25. This is an upper-bound/current-listing signal, not an exact operational adoption date.",Automated first-pass evidence only; manual validation required before econometric treatment coding.,TRUE,FALSE,FALSE,FALSE,TRUE
M0050,FIGS,FIGS,"FIGS, Inc.",FIGS,1846576,NYSE,,Klarna,TRUE,,,,2022-09-24,,,,,,,,,unknown,UNKNOWN,FALSE,parent_core_business,TRUE,,,,FALSE,,,Wayback first observed provider-directory page,https://web.archive.org/web/20220924101952/https://www.klarna.com/us/shopping/t/141/Clothing-Accessories/,,https://web.archive.org/web/20220924101952/https://www.klarna.com/us/shopping/t/141/Clothing-Accessories/,checked,"Wayback CDX first observed the provider-directory/listing URL on 2022-09-24. This is an upper-bound/current-listing signal, not an exact operational adoption date.",Automated first-pass evidence only; manual validation required before econometric treatment coding.,TRUE,FALSE,FALSE,FALSE,TRUE
M0051,Five Below,Five Below,"FIVE BELOW, INC",FIVE,1177609,Nasdaq,,Klarna,TRUE,,,,,,,,,,,,,unknown,UNKNOWN,FALSE,parent_core_business,TRUE,,,,FALSE,,,,,,,no_snapshots,Automated scraper logged 3 present/current evidence item(s) and 0 technical/inconclusive item(s). No operational adoption date assigned unless explicitly supported.,Automated first-pass evidence only; manual validation required before econometric treatment coding.,TRUE,FALSE,FALSE,FALSE,TRUE
M0052,1-800-flowers.com,1-800-flowers.com,1 800 FLOWERS COM INC,FLWS,1084869,Nasdaq,,Klarna,TRUE,,,,,,,,,,,,,unknown,UNKNOWN,FALSE,parent_core_business,TRUE,,,,FALSE,,,,,,,no_snapshots,Automated scraper logged 3 present/current evidence item(s) and 0 technical/inconclusive item(s). No operational adoption date assigned unless explicitly supported.,Automated first-pass evidence only; manual validation required before econometric treatment coding.,TRUE,FALSE,FALSE,FALSE,TRUE
M0053,Funko,Funko,"Funko, Inc.",FNKO,1704711,Nasdaq,,Afterpay,TRUE,,,,2025-11-27,,,,,,,,,unknown,UNKNOWN,FALSE,parent_core_business,TRUE,,,,FALSE,,,Wayback first observed provider-directory page,https://web.archive.org/web/20260226210648/https://www.afterpay.com/en-US/categories/mens-clothing,,https://web.archive.org/web/20251127160840/https://www.afterpay.com/en-US/categories/womens-clothing,checked,"Wayback CDX first observed the provider-directory/listing URL on 2026-02-26. This is an upper-bound/current-listing signal, not an exact operational adoption date.",Automated first-pass evidence only; manual validation required before econometric treatment coding.,TRUE,FALSE,FALSE,FALSE,TRUE
M0053,Funko,Funko,"Funko, Inc.",FNKO,1704711,Nasdaq,,Zip,TRUE,,,,2021-09-23,,,,,,,,,unknown,UNKNOWN,FALSE,parent_core_business,TRUE,,,,TRUE,quadpay,,Wayback first observed provider-directory page,https://web.archive.org/web/20210923095214/https://zip.co/us/shop/education,,https://web.archive.org/web/20210923095214/https://zip.co/us/shop/education,checked,"Wayback CDX first observed the provider-directory/listing URL on 2021-09-23. This is an upper-bound/current-listing signal, not an exact operational adoption date.",Automated first-pass evidence only; manual validation required before econometric treatment coding.,TRUE,FALSE,FALSE,FALSE,TRUE
M0053,Funko,Funko,"Funko, Inc.",FNKO,1704711,Nasdaq,,Sezzle,TRUE,,,,,,,,,,,,,unknown,UNKNOWN,FALSE,parent_core_business,TRUE,,,,FALSE,,,,,,,no_snapshots,Automated scraper logged 1 present/current evidence item(s) and 0 technical/inconclusive item(s). No operational adoption date assigned unless explicitly supported.,Automated first-pass evidence only; manual validation required before econometric treatment coding.,TRUE,FALSE,FALSE,FALSE,TRUE
M0054,Fossil,Fossil,"Fossil Group, Inc.",FOSL,883569,Nasdaq,,Klarna,TRUE,,,,2022-09-24,,,,,,,,,unknown,UNKNOWN,FALSE,parent_core_business,TRUE,,,,FALSE,,,Wayback first observed provider-directory page,https://web.archive.org/web/20220924101952/https://www.klarna.com/us/shopping/t/141/Clothing-Accessories/,,https://web.archive.org/web/20220924101952/https://www.klarna.com/us/shopping/t/141/Clothing-Accessories/,checked,"Wayback CDX first observed the provider-directory/listing URL on 2022-09-24. This is an upper-bound/current-listing signal, not an exact operational adoption date.",Automated first-pass evidence only; manual validation required before econometric treatment coding.,TRUE,FALSE,FALSE,FALSE,TRUE
M0054,Fossil,Fossil,"Fossil Group, Inc.",FOSL,883569,Nasdaq,,Zip,TRUE,,,,,,,,,,,,,unknown,UNKNOWN,FALSE,parent_core_business,TRUE,,,,TRUE,quadpay,,,,,,no_snapshots,Automated scraper logged 2 present/current evidence item(s) and 1 technical/inconclusive item(s). No operational adoption date assigned unless explicitly supported.,Automated first-pass evidence only; manual validation required before econometric treatment coding.,TRUE,FALSE,FALSE,FALSE,TRUE
M0055,Fiverr,Fiverr,Fiverr International Ltd.,FVRR,1762301,NYSE,,Zip,TRUE,,,,2021-09-23,,,,,,,,,unknown,UNKNOWN,FALSE,parent_core_business,TRUE,,,,TRUE,quadpay,,Wayback first observed provider-directory page,https://web.archive.org/web/20210923095214/https://zip.co/us/shop/education,,https://web.archive.org/web/20210923095214/https://zip.co/us/shop/education,checked,"Wayback CDX first observed the provider-directory/listing URL on 2021-09-23. This is an upper-bound/current-listing signal, not an exact operational adoption date.",Automated first-pass evidence only; manual validation required before econometric treatment coding.,TRUE,FALSE,FALSE,FALSE,TRUE
M0056,Athleta,Athleta,GAP INC,GAP,39911,NYSE,,Klarna,TRUE,,,,2022-09-24,,,,,,,,,unknown,UNKNOWN,FALSE,major_brand_or_subsidiary,REVIEW,,,,FALSE,,,Wayback first observed provider-directory page,https://web.archive.org/web/20220924101952/https://www.klarna.com/us/shopping/t/141/Clothing-Accessories/,,https://web.archive.org/web/20220924101952/https://www.klarna.com/us/shopping/t/141/Clothing-Accessories/,checked,"Wayback CDX first observed the provider-directory/listing URL on 2022-09-24. This is an upper-bound/current-listing signal, not an exact operational adoption date.",Automated first-pass evidence only; manual validation required before econometric treatment coding.,TRUE,FALSE,FALSE,FALSE,TRUE
M0056,Athleta,Athleta,GAP INC,GAP,39911,NYSE,,Afterpay,TRUE,,,,2025-11-27,,,,,,,,,unknown,UNKNOWN,FALSE,major_brand_or_subsidiary,REVIEW,,,,FALSE,,,Wayback first observed provider-directory page,https://web.archive.org/web/20251127160840/https://www.afterpay.com/en-US/categories/womens-clothing,,https://web.archive.org/web/20251127160840/https://www.afterpay.com/en-US/categories/womens-clothing,checked,"Wayback CDX first observed the provider-directory/listing URL on 2025-11-27. This is an upper-bound/current-listing signal, not an exact operational adoption date.",Automated first-pass evidence only; manual validation required before econometric treatment coding.,TRUE,FALSE,FALSE,FALSE,TRUE
M0056,Athleta,Athleta,GAP INC,GAP,39911,NYSE,,Sezzle,TRUE,,,,,,,,,,,,,unknown,UNKNOWN,FALSE,major_brand_or_subsidiary,REVIEW,,,,FALSE,,,,,,,no_snapshots,Automated scraper logged 3 present/current evidence item(s) and 0 technical/inconclusive item(s). No operational adoption date assigned unless explicitly supported.,Automated first-pass evidence only; manual validation required before econometric treatment coding.,TRUE,FALSE,FALSE,FALSE,TRUE
M0057,Banana Republic,Banana Republic,GAP INC,GAP,39911,NYSE,,Klarna,TRUE,,,,2022-09-24,,,,,,,,,unknown,UNKNOWN,FALSE,major_brand_or_subsidiary,REVIEW,,,,FALSE,,,Wayback first observed provider-directory page,https://web.archive.org/web/20220924101952/https://www.klarna.com/us/shopping/t/141/Clothing-Accessories/,,https://web.archive.org/web/20220924101952/https://www.klarna.com/us/shopping/t/141/Clothing-Accessories/,checked,"Wayback CDX first observed the provider-directory/listing URL on 2022-09-24. This is an upper-bound/current-listing signal, not an exact operational adoption date.",Automated first-pass evidence only; manual validation required before econometric treatment coding.,TRUE,FALSE,FALSE,FALSE,TRUE
M0057,Banana Republic,Banana Republic,GAP INC,GAP,39911,NYSE,,Afterpay,TRUE,,,,2025-11-27,,,,,,,,,unknown,UNKNOWN,FALSE,major_brand_or_subsidiary,REVIEW,,,,FALSE,,,Wayback first observed provider-directory page,https://web.archive.org/web/20260226210648/https://www.afterpay.com/en-US/categories/mens-clothing,,https://web.archive.org/web/20251127160840/https://www.afterpay.com/en-US/categories/womens-clothing,checked,"Wayback CDX first observed the provider-directory/listing URL on 2026-02-26. This is an upper-bound/current-listing signal, not an exact operational adoption date.",Automated first-pass evidence only; manual validation required before econometric treatment coding.,TRUE,FALSE,FALSE,FALSE,TRUE
M0058,Gap,Gap,GAP INC,GAP,39911,NYSE,,Klarna,TRUE,,,,2022-09-24,,,,,,,,,unknown,UNKNOWN,FALSE,parent_core_business,TRUE,,,,FALSE,,,Wayback first observed provider-directory page,https://web.archive.org/web/20220924101952/https://www.klarna.com/us/shopping/t/141/Clothing-Accessories/,,https://web.archive.org/web/20220924101952/https://www.klarna.com/us/shopping/t/141/Clothing-Accessories/,checked,"Wayback CDX first observed the provider-directory/listing URL on 2022-09-24. This is an upper-bound/current-listing signal, not an exact operational adoption date.",Automated first-pass evidence only; manual validation required before econometric treatment coding.,TRUE,FALSE,FALSE,FALSE,TRUE
M0058,Gap,Gap,GAP INC,GAP,39911,NYSE,,Afterpay,TRUE,,,,2025-11-27,,,,,,,,,unknown,UNKNOWN,FALSE,parent_core_business,TRUE,,,,FALSE,,,Wayback first observed provider-directory page,https://web.archive.org/web/20260226210648/https://www.afterpay.com/en-US/categories/mens-clothing,,https://web.archive.org/web/20251127160840/https://www.afterpay.com/en-US/categories/womens-clothing,checked,"Wayback CDX first observed the provider-directory/listing URL on 2026-02-26. This is an upper-bound/current-listing signal, not an exact operational adoption date.",Automated first-pass evidence only; manual validation required before econometric treatment coding.,TRUE,FALSE,FALSE,FALSE,TRUE
M0059,Gap Factory,Gap Factory,GAP INC,GAP,39911,NYSE,,Afterpay,TRUE,,,,2025-11-27,,,,,,,,,unknown,UNKNOWN,FALSE,major_brand_or_subsidiary,REVIEW,,,,FALSE,,,Wayback first observed provider-directory page,https://web.archive.org/web/20260226210648/https://www.afterpay.com/en-US/categories/mens-clothing,,https://web.archive.org/web/20251127160840/https://www.afterpay.com/en-US/categories/womens-clothing,checked,"Wayback CDX first observed the provider-directory/listing URL on 2026-02-26. This is an upper-bound/current-listing signal, not an exact operational adoption date.",Automated first-pass evidence only; manual validation required before econometric treatment coding.,TRUE,FALSE,FALSE,FALSE,TRUE
M0059,Gap Factory,Gap Factory,GAP INC,GAP,39911,NYSE,,Sezzle,TRUE,,,,,,,,,,,,,unknown,UNKNOWN,FALSE,major_brand_or_subsidiary,REVIEW,,,,FALSE,,,,,,,no_snapshots,Automated scraper logged 3 present/current evidence item(s) and 0 technical/inconclusive item(s). No operational adoption date assigned unless explicitly supported.,Automated first-pass evidence only; manual validation required before econometric treatment coding.,TRUE,FALSE,FALSE,FALSE,TRUE
M0060,Old Navy,Old Navy,GAP INC,GAP,39911,NYSE,,Affirm,TRUE,,,,,,,,,,,,,unknown,UNKNOWN,FALSE,major_brand_or_subsidiary,REVIEW,,,,FALSE,,,,,,,no_snapshots,Automated scraper logged 1 present/current evidence item(s) and 0 technical/inconclusive item(s). No operational adoption date assigned unless explicitly supported.,Automated first-pass evidence only; manual validation required before econometric treatment coding.,TRUE,FALSE,FALSE,FALSE,TRUE
M0060,Old Navy,Old Navy,GAP INC,GAP,39911,NYSE,,Klarna,TRUE,,,,2022-09-24,,,,,,,,,unknown,UNKNOWN,FALSE,major_brand_or_subsidiary,REVIEW,,,,FALSE,,,Wayback first observed provider-directory page,https://web.archive.org/web/20220924101952/https://www.klarna.com/us/shopping/t/141/Clothing-Accessories/,,https://web.archive.org/web/20220924101952/https://www.klarna.com/us/shopping/t/141/Clothing-Accessories/,checked,"Wayback CDX first observed the provider-directory/listing URL on 2022-09-24. This is an upper-bound/current-listing signal, not an exact operational adoption date.",Automated first-pass evidence only; manual validation required before econometric treatment coding.,TRUE,FALSE,FALSE,FALSE,TRUE
M0060,Old Navy,Old Navy,GAP INC,GAP,39911,NYSE,,Afterpay,TRUE,,,,2025-11-27,,,,,,,,,unknown,UNKNOWN,FALSE,major_brand_or_subsidiary,REVIEW,,,,FALSE,,,Wayback first observed provider-directory page,https://web.archive.org/web/20260226210648/https://www.afterpay.com/en-US/categories/mens-clothing,,https://web.archive.org/web/20251127160840/https://www.afterpay.com/en-US/categories/womens-clothing,checked,"Wayback CDX first observed the provider-directory/listing URL on 2026-02-26. This is an upper-bound/current-listing signal, not an exact operational adoption date.",Automated first-pass evidence only; manual validation required before econometric treatment coding.,TRUE,FALSE,FALSE,FALSE,TRUE
M0060,Old Navy,Old Navy,GAP INC,GAP,39911,NYSE,,Sezzle,TRUE,,,,,,,,,,,,,unknown,UNKNOWN,FALSE,major_brand_or_subsidiary,REVIEW,,,,FALSE,,,,,,,no_snapshots,Automated scraper logged 3 present/current evidence item(s) and 0 technical/inconclusive item(s). No operational adoption date assigned unless explicitly supported.,Automated first-pass evidence only; manual validation required before econometric treatment coding.,TRUE,FALSE,FALSE,FALSE,TRUE
M0061,GameStop,GameStop,GameStop Corp.,GME,1326380,NYSE,,Klarna,TRUE,,,,2022-09-24,,,,,,,,,unknown,UNKNOWN,FALSE,parent_core_business,TRUE,,,,FALSE,,,Wayback first observed provider-directory page,https://web.archive.org/web/20221002221314/https://www.klarna.com/us/shopping/t/1/TV-Audio/,,https://web.archive.org/web/20220924102034/https://www.klarna.com/us/shopping/t/17/Photography/,checked,"Wayback CDX first observed the provider-directory/listing URL on 2022-10-02. This is an upper-bound/current-listing signal, not an exact operational adoption date.",Automated first-pass evidence only; manual validation required before econometric treatment coding.,TRUE,FALSE,FALSE,FALSE,TRUE
M0061,GameStop,GameStop,GameStop Corp.,GME,1326380,NYSE,,Zip,TRUE,,,,2021-09-21,,,,,,,,,unknown,UNKNOWN,FALSE,parent_core_business,TRUE,,,,TRUE,quadpay,,Wayback first observed provider-directory page,https://web.archive.org/web/20210921224524/https://zip.co/us/shop/appliances-electronics,,https://web.archive.org/web/20210921002020/https://zip.co/us/shop/shop-all,checked,"Wayback CDX first observed the provider-directory/listing URL on 2021-09-21. This is an upper-bound/current-listing signal, not an exact operational adoption date.",Automated first-pass evidence only; manual validation required before econometric treatment coding.,TRUE,FALSE,FALSE,FALSE,TRUE
M0062,Canada Goose,Canada Goose,Canada Goose Holdings Inc.,GOOS,1690511,NYSE,,Affirm,TRUE,,,,,,,,,,,,,unknown,UNKNOWN,FALSE,parent_core_business,TRUE,,,,FALSE,,,,,,,no_snapshots,Automated scraper logged 1 present/current evidence item(s) and 1 technical/inconclusive item(s). No operational adoption date assigned unless explicitly supported.,Automated first-pass evidence only; manual validation required before econometric treatment coding.,TRUE,FALSE,FALSE,FALSE,TRUE
M0062,Canada Goose,Canada Goose,Canada Goose Holdings Inc.,GOOS,1690511,NYSE,,Sezzle,TRUE,,,,,,,,,,,,,unknown,UNKNOWN,FALSE,parent_core_business,TRUE,,,,FALSE,,,,,,,no_snapshots,Automated scraper logged 3 present/current evidence item(s) and 1 technical/inconclusive item(s). No operational adoption date assigned unless explicitly supported.,Automated first-pass evidence only; manual validation required before econometric treatment coding.,TRUE,FALSE,FALSE,FALSE,TRUE
M0063,Georgia Power Company,Georgia Power Company,GEORGIA POWER CO,GPJA,41091,NYSE,,Zip,TRUE,,,,2021-11-09,,,,,,,,,unknown,UNKNOWN,FALSE,parent_core_business,TRUE,,,,TRUE,quadpay,,Wayback first observed provider-directory page,https://web.archive.org/web/20211109131115/https://zip.co/us/shop/bills,,https://web.archive.org/web/20211109131115/https://zip.co/us/shop/bills,checked,"Wayback CDX first observed the provider-directory/listing URL on 2021-11-09. This is an upper-bound/current-listing signal, not an exact operational adoption date.",Automated first-pass evidence only; manual validation required before econometric treatment coding.,TRUE,FALSE,FALSE,FALSE,TRUE
M0064,GoPro,GoPro,"GoPro, Inc.",GPRO,1500435,Nasdaq,,Klarna,TRUE,,,,2022-09-24,,,,,,,,,unknown,UNKNOWN,FALSE,parent_core_business,TRUE,,,,FALSE,,,Wayback first observed provider-directory page,https://web.archive.org/web/20221002221314/https://www.klarna.com/us/shopping/t/1/TV-Audio/,,https://web.archive.org/web/20220924102034/https://www.klarna.com/us/shopping/t/17/Photography/,checked,"Wayback CDX first observed the provider-directory/listing URL on 2022-10-02. This is an upper-bound/current-listing signal, not an exact operational adoption date.",Automated first-pass evidence only; manual validation required before econometric treatment coding.,TRUE,FALSE,FALSE,FALSE,TRUE
M0065,Garmin,Garmin,GARMIN LTD,GRMN,1121788,NYSE,,Klarna,TRUE,,,,2022-09-24,,,,,,,,,unknown,UNKNOWN,FALSE,parent_core_business,TRUE,,,,FALSE,,,Wayback first observed provider-directory page,https://web.archive.org/web/20221002221314/https://www.klarna.com/us/shopping/t/1/TV-Audio/,,https://web.archive.org/web/20220924102034/https://www.klarna.com/us/shopping/t/17/Photography/,checked,"Wayback CDX first observed the provider-directory/listing URL on 2022-10-02. This is an upper-bound/current-listing signal, not an exact operational adoption date.",Automated first-pass evidence only; manual validation required before econometric treatment coding.,TRUE,FALSE,FALSE,FALSE,TRUE
M0066,Groupon,Groupon,"Groupon, Inc.",GRPN,1490281,Nasdaq,,Affirm,TRUE,,,,,,,,,,,,,unknown,UNKNOWN,FALSE,parent_core_business,TRUE,,,,FALSE,,,,,,,no_snapshots,Automated scraper logged 1 present/current evidence item(s) and 0 technical/inconclusive item(s). No operational adoption date assigned unless explicitly supported.,Automated first-pass evidence only; manual validation required before econometric treatment coding.,TRUE,FALSE,FALSE,FALSE,TRUE
M0066,Groupon,Groupon,"Groupon, Inc.",GRPN,1490281,Nasdaq,,Klarna,TRUE,,,,2022-09-24,,,,,,,,,unknown,UNKNOWN,FALSE,parent_core_business,TRUE,,,,FALSE,,,Wayback first observed provider-directory page,https://web.archive.org/web/20220924101958/https://www.klarna.com/us/shopping/t/1493/Toys-Hobbies/,,https://web.archive.org/web/20220924102041/https://www.klarna.com/us/shopping/t/35/Kids-Family/,checked,"Wayback CDX first observed the provider-directory/listing URL on 2022-09-24. This is an upper-bound/current-listing signal, not an exact operational adoption date.",Automated first-pass evidence only; manual validation required before econometric treatment coding.,TRUE,FALSE,FALSE,FALSE,TRUE
M0067,Goodyear Tire,Goodyear Tire,GOODYEAR TIRE & RUBBER CO /OH/,GT,42582,Nasdaq,,Affirm,TRUE,,,,,,,,,,,,,unknown,UNKNOWN,FALSE,parent_core_business,TRUE,,,,FALSE,,,,,,,no_snapshots,Automated scraper logged 1 present/current evidence item(s) and 0 technical/inconclusive item(s). No operational adoption date assigned unless explicitly supported.,Automated first-pass evidence only; manual validation required before econometric treatment coding.,TRUE,FALSE,FALSE,FALSE,TRUE
M0068,The Home Depot,The Home Depot,"HOME DEPOT, INC.",HD,354950,NYSE,,Affirm,TRUE,,,,2020-11-29,,,,,,,,,unknown,UNKNOWN,FALSE,unclear,REVIEW,,,,FALSE,,,Wayback first observed provider-directory page,https://web.archive.org/web/20201129073945/https://www.affirm.com/shopping/home-and-furniture,,https://web.archive.org/web/20201129073945/https://www.affirm.com/shopping/home-and-furniture,checked,"Wayback CDX first observed the provider-directory/listing URL on 2020-11-29. This is an upper-bound/current-listing signal, not an exact operational adoption date.",Automated first-pass evidence only; manual validation required before econometric treatment coding.,TRUE,FALSE,FALSE,FALSE,TRUE
M0068,The Home Depot,The Home Depot,"HOME DEPOT, INC.",HD,354950,NYSE,,Klarna,TRUE,,,,,,,,,,,,,unknown,UNKNOWN,FALSE,unclear,REVIEW,,,,FALSE,,,,,,,no_snapshots,Automated scraper logged 3 present/current evidence item(s) and 1 technical/inconclusive item(s). No operational adoption date assigned unless explicitly supported.,Automated first-pass evidence only; manual validation required before econometric treatment coding.,TRUE,FALSE,FALSE,FALSE,TRUE
M0068,The Home Depot,The Home Depot,"HOME DEPOT, INC.",HD,354950,NYSE,,Zip,TRUE,,,,,,,,,,,,,unknown,UNKNOWN,FALSE,unclear,REVIEW,,,,TRUE,quadpay,,,,,,no_snapshots,Automated scraper logged 2 present/current evidence item(s) and 1 technical/inconclusive item(s). No operational adoption date assigned unless explicitly supported.,Automated first-pass evidence only; manual validation required before econometric treatment coding.,TRUE,FALSE,FALSE,FALSE,TRUE
M0068,The Home Depot,The Home Depot,"HOME DEPOT, INC.",HD,354950,NYSE,,Sezzle,TRUE,,,,,,,,,,,,,unknown,UNKNOWN,FALSE,unclear,REVIEW,,,,FALSE,,,,,,,no_snapshots,Automated scraper logged 3 present/current evidence item(s) and 1 technical/inconclusive item(s). No operational adoption date assigned unless explicitly supported.,Automated first-pass evidence only; manual validation required before econometric treatment coding.,TRUE,FALSE,FALSE,FALSE,TRUE
M0069,Harley-Davidson,Harley-Davidson,"HARLEY-DAVIDSON, INC.",HOG,793952,NYSE,,Klarna,TRUE,,,,,,,,,,,,,unknown,UNKNOWN,FALSE,parent_core_business,TRUE,,,,FALSE,,,,,,,no_snapshots,Automated scraper logged 2 present/current evidence item(s) and 0 technical/inconclusive item(s). No operational adoption date assigned unless explicitly supported.,Automated first-pass evidence only; manual validation required before econometric treatment coding.,TRUE,FALSE,FALSE,FALSE,TRUE
M0070,HP,HP,HP INC,HPQ,47217,NYSE,,Klarna,TRUE,,,,2022-09-24,,,,,,,,,unknown,UNKNOWN,FALSE,parent_core_business,TRUE,,,,FALSE,,,Wayback first observed provider-directory page,https://web.archive.org/web/20221002221314/https://www.klarna.com/us/shopping/t/1/TV-Audio/,,https://web.archive.org/web/20220924102034/https://www.klarna.com/us/shopping/t/17/Photography/,checked,"Wayback CDX first observed the provider-directory/listing URL on 2022-10-02. This is an upper-bound/current-listing signal, not an exact operational adoption date.",Automated first-pass evidence only; manual validation required before econometric treatment coding.,TRUE,FALSE,FALSE,FALSE,TRUE
M0070,HP,HP,HP INC,HPQ,47217,NYSE,,Sezzle,TRUE,,,,,,,,,,,,,unknown,UNKNOWN,FALSE,parent_core_business,TRUE,,,,FALSE,,,,,,,no_snapshots,Automated scraper logged 1 present/current evidence item(s) and 0 technical/inconclusive item(s). No operational adoption date assigned unless explicitly supported.,Automated first-pass evidence only; manual validation required before econometric treatment coding.,TRUE,FALSE,FALSE,FALSE,TRUE
M0071,Invitation Homes,Invitation Homes,Invitation Homes Inc.,INVH,1687229,NYSE,,Zip,TRUE,,,,2021-11-09,,,,,,,,,unknown,UNKNOWN,FALSE,parent_core_business,TRUE,,,,TRUE,quadpay,,Wayback first observed provider-directory page,https://web.archive.org/web/20211109131115/https://zip.co/us/shop/bills,,https://web.archive.org/web/20211109131115/https://zip.co/us/shop/bills,checked,"Wayback CDX first observed the provider-directory/listing URL on 2021-11-09. This is an upper-bound/current-listing signal, not an exact operational adoption date.",Automated first-pass evidence only; manual validation required before econometric treatment coding.,TRUE,FALSE,FALSE,FALSE,TRUE
M0072,J. Jill,J. Jill,"J.Jill, Inc.",JILL,1687932,NYSE,,Klarna,TRUE,,,,2022-09-24,,,,,,,,,unknown,UNKNOWN,FALSE,parent_core_business,TRUE,,,,FALSE,,,Wayback first observed provider-directory page,https://web.archive.org/web/20220924101952/https://www.klarna.com/us/shopping/t/141/Clothing-Accessories/,,https://web.archive.org/web/20220924101952/https://www.klarna.com/us/shopping/t/141/Clothing-Accessories/,checked,"Wayback CDX first observed the provider-directory/listing URL on 2022-09-24. This is an upper-bound/current-listing signal, not an exact operational adoption date.",Automated first-pass evidence only; manual validation required before econometric treatment coding.,TRUE,FALSE,FALSE,FALSE,TRUE
M0073,Kohl's,Kohl's,KOHLS Corp,KSS,885639,NYSE,,Affirm,TRUE,,,,,,,,,,,,,unknown,UNKNOWN,FALSE,parent_core_business,TRUE,,,,FALSE,,,,,,,no_snapshots,Automated scraper logged 2 present/current evidence item(s) and 1 technical/inconclusive item(s). No operational adoption date assigned unless explicitly supported.,Automated first-pass evidence only; manual validation required before econometric treatment coding.,TRUE,FALSE,FALSE,FALSE,TRUE
M0073,Kohl's,Kohl's,KOHLS Corp,KSS,885639,NYSE,,Klarna,TRUE,,,,,,,,,,,,,unknown,UNKNOWN,FALSE,parent_core_business,TRUE,,,,FALSE,,,,,,,no_snapshots,Automated scraper logged 3 present/current evidence item(s) and 1 technical/inconclusive item(s). No operational adoption date assigned unless explicitly supported.,Automated first-pass evidence only; manual validation required before econometric treatment coding.,TRUE,FALSE,FALSE,FALSE,TRUE
M0073,Kohl's,Kohl's,KOHLS Corp,KSS,885639,NYSE,,Zip,TRUE,,,,,,,,,,,,,unknown,UNKNOWN,FALSE,parent_core_business,TRUE,,,,TRUE,quadpay,,,,,,no_snapshots,Automated scraper logged 4 present/current evidence item(s) and 1 technical/inconclusive item(s). No operational adoption date assigned unless explicitly supported.,Automated first-pass evidence only; manual validation required before econometric treatment coding.,TRUE,FALSE,FALSE,FALSE,TRUE
M0073,Kohl's,Kohl's,KOHLS Corp,KSS,885639,NYSE,,Sezzle,TRUE,,,,,,,,,,,,,unknown,UNKNOWN,FALSE,parent_core_business,TRUE,,,,FALSE,,,,,,,no_snapshots,Automated scraper logged 3 present/current evidence item(s) and 1 technical/inconclusive item(s). No operational adoption date assigned unless explicitly supported.,Automated first-pass evidence only; manual validation required before econometric treatment coding.,TRUE,FALSE,FALSE,FALSE,TRUE
M0074,Lands' End,Lands' End,"LANDS' END, INC.",LE,799288,Nasdaq,,Klarna,TRUE,,,,2022-09-24,,,,,,,,,unknown,UNKNOWN,FALSE,parent_core_business,TRUE,,,,FALSE,,,Wayback first observed provider-directory page,https://web.archive.org/web/20220924101952/https://www.klarna.com/us/shopping/t/141/Clothing-Accessories/,,https://web.archive.org/web/20220924101952/https://www.klarna.com/us/shopping/t/141/Clothing-Accessories/,checked,"Wayback CDX first observed the provider-directory/listing URL on 2022-09-24. This is an upper-bound/current-listing signal, not an exact operational adoption date.",Automated first-pass evidence only; manual validation required before econometric treatment coding.,TRUE,FALSE,FALSE,FALSE,TRUE
M0074,Lands' End,Lands' End,"LANDS' END, INC.",LE,799288,Nasdaq,,Sezzle,TRUE,,,,,,,,,,,,,unknown,UNKNOWN,FALSE,parent_core_business,TRUE,,,,FALSE,,,,,,,no_snapshots,Automated scraper logged 3 present/current evidence item(s) and 0 technical/inconclusive item(s). No operational adoption date assigned unless explicitly supported.,Automated first-pass evidence only; manual validation required before econometric treatment coding.,TRUE,FALSE,FALSE,FALSE,TRUE
M0075,Light in the box,Light in the box,"LightInTheBox Holding Co., Ltd.",LITB,1523836,NYSE,,Klarna,TRUE,,,,2022-09-24,,,,,,,,,unknown,UNKNOWN,FALSE,parent_core_business,TRUE,,,,FALSE,,,Wayback first observed provider-directory page,https://web.archive.org/web/20220924101958/https://www.klarna.com/us/shopping/t/1493/Toys-Hobbies/,,https://web.archive.org/web/20220924102041/https://www.klarna.com/us/shopping/t/35/Kids-Family/,checked,"Wayback CDX first observed the provider-directory/listing URL on 2022-09-24. This is an upper-bound/current-listing signal, not an exact operational adoption date.",Automated first-pass evidence only; manual validation required before econometric treatment coding.,TRUE,FALSE,FALSE,FALSE,TRUE
M0075,Light in the box,Light in the box,"LightInTheBox Holding Co., Ltd.",LITB,1523836,NYSE,,Afterpay,TRUE,,,,2026-02-26,,,,,,,,,unknown,UNKNOWN,FALSE,parent_core_business,TRUE,,,,FALSE,,,Wayback first observed provider-directory page,https://web.archive.org/web/20210614120033/https://www.afterpay.com/en-US/categories/home,,https://web.archive.org/web/20260226210648/https://www.afterpay.com/en-US/categories/mens-clothing,checked,"Wayback CDX first observed the provider-directory/listing URL on 2021-06-14. This is an upper-bound/current-listing signal, not an exact operational adoption date.",Automated first-pass evidence only; manual validation required before econometric treatment coding.,TRUE,FALSE,FALSE,FALSE,TRUE
M0075,Light in the box,Light in the box,"LightInTheBox Holding Co., Ltd.",LITB,1523836,NYSE,,Sezzle,TRUE,,,,,,,,,,,,,unknown,UNKNOWN,FALSE,parent_core_business,TRUE,,,,FALSE,,,,,,,no_snapshots,Automated scraper logged 2 present/current evidence item(s) and 1 technical/inconclusive item(s). No operational adoption date assigned unless explicitly supported.,Automated first-pass evidence only; manual validation required before econometric treatment coding.,TRUE,FALSE,FALSE,FALSE,TRUE
M0076,Lemonade,Lemonade,"Lemonade, Inc.",LMND,1691421,NYSE,,Zip,TRUE,,,,2021-11-09,,,,,,,,,unknown,UNKNOWN,FALSE,parent_core_business,TRUE,,,,TRUE,quadpay,,Wayback first observed provider-directory page,https://web.archive.org/web/20211109131115/https://zip.co/us/shop/bills,,https://web.archive.org/web/20211109131115/https://zip.co/us/shop/bills,checked,"Wayback CDX first observed the provider-directory/listing URL on 2021-11-09. This is an upper-bound/current-listing signal, not an exact operational adoption date.",Automated first-pass evidence only; manual validation required before econometric treatment coding.,TRUE,FALSE,FALSE,FALSE,TRUE
M0077,Logitech,Logitech,LOGITECH INTERNATIONAL S.A.,LOGI,1032975,Nasdaq,,Affirm,TRUE,,,,2020-11-29,,,,,,,,,unknown,UNKNOWN,FALSE,parent_core_business,TRUE,,,,FALSE,,,Wayback first observed provider-directory page,https://web.archive.org/web/20201129081111/https://www.affirm.com/shopping/electronics,,https://web.archive.org/web/20201129081111/https://www.affirm.com/shopping/electronics,checked,"Wayback CDX first observed the provider-directory/listing URL on 2020-11-29. This is an upper-bound/current-listing signal, not an exact operational adoption date.",Automated first-pass evidence only; manual validation required before econometric treatment coding.,TRUE,FALSE,FALSE,FALSE,TRUE
M0077,Logitech,Logitech,LOGITECH INTERNATIONAL S.A.,LOGI,1032975,Nasdaq,,Klarna,TRUE,,,,2022-09-24,,,,,,,,,unknown,UNKNOWN,FALSE,parent_core_business,TRUE,,,,FALSE,,,Wayback first observed provider-directory page,https://web.archive.org/web/20221002221314/https://www.klarna.com/us/shopping/t/1/TV-Audio/,,https://web.archive.org/web/20220924102034/https://www.klarna.com/us/shopping/t/17/Photography/,checked,"Wayback CDX first observed the provider-directory/listing URL on 2022-10-02. This is an upper-bound/current-listing signal, not an exact operational adoption date.",Automated first-pass evidence only; manual validation required before econometric treatment coding.,TRUE,FALSE,FALSE,FALSE,TRUE
M0077,Logitech,Logitech,LOGITECH INTERNATIONAL S.A.,LOGI,1032975,Nasdaq,,Zip,TRUE,,,,2021-09-21,,,,,,,,,unknown,UNKNOWN,FALSE,parent_core_business,TRUE,,,,TRUE,quadpay,,Wayback first observed provider-directory page,https://web.archive.org/web/20210921224524/https://zip.co/us/shop/appliances-electronics,,https://web.archive.org/web/20210921224524/https://zip.co/us/shop/appliances-electronics,checked,"Wayback CDX first observed the provider-directory/listing URL on 2021-09-21. This is an upper-bound/current-listing signal, not an exact operational adoption date.",Automated first-pass evidence only; manual validation required before econometric treatment coding.,TRUE,FALSE,FALSE,FALSE,TRUE
M0078,Lovesac,Lovesac,Lovesac Co,LOVE,1701758,Nasdaq,,Klarna,TRUE,,,,,,,,,,,,,unknown,UNKNOWN,FALSE,parent_core_business,TRUE,,,,FALSE,,,,,,,no_snapshots,Automated scraper logged 3 present/current evidence item(s) and 0 technical/inconclusive item(s). No operational adoption date assigned unless explicitly supported.,Automated first-pass evidence only; manual validation required before econometric treatment coding.,TRUE,FALSE,FALSE,FALSE,TRUE
M0079,Lowe's,Lowe's,LOWES COMPANIES INC,LOW,60667,NYSE,,Klarna,TRUE,,,,,,,,,,,,,unknown,UNKNOWN,FALSE,parent_core_business,TRUE,,,,FALSE,,,,,,,no_snapshots,Automated scraper logged 3 present/current evidence item(s) and 0 technical/inconclusive item(s). No operational adoption date assigned unless explicitly supported.,Automated first-pass evidence only; manual validation required before econometric treatment coding.,TRUE,FALSE,FALSE,FALSE,TRUE
M0079,Lowe's,Lowe's,LOWES COMPANIES INC,LOW,60667,NYSE,,Zip,TRUE,,,,,,,,,,,,,unknown,UNKNOWN,FALSE,parent_core_business,TRUE,,,,TRUE,quadpay,,,,,,no_snapshots,Automated scraper logged 2 present/current evidence item(s) and 0 technical/inconclusive item(s). No operational adoption date assigned unless explicitly supported.,Automated first-pass evidence only; manual validation required before econometric treatment coding.,TRUE,FALSE,FALSE,FALSE,TRUE
M0079,Lowe's,Lowe's,LOWES COMPANIES INC,LOW,60667,NYSE,,Sezzle,TRUE,,,,,,,,,,,,,unknown,UNKNOWN,FALSE,parent_core_business,TRUE,,,,FALSE,,,,,,,no_snapshots,Automated scraper logged 2 present/current evidence item(s) and 0 technical/inconclusive item(s). No operational adoption date assigned unless explicitly supported.,Automated first-pass evidence only; manual validation required before econometric treatment coding.,TRUE,FALSE,FALSE,FALSE,TRUE
M0080,lululemon,lululemon,lululemon athletica inc.,LULU,1397187,Nasdaq,,Affirm,TRUE,,,,,,,,,,,,,unknown,UNKNOWN,FALSE,parent_core_business,TRUE,,,,FALSE,,,,,,,no_snapshots,Automated scraper logged 2 present/current evidence item(s) and 1 technical/inconclusive item(s). No operational adoption date assigned unless explicitly supported.,Automated first-pass evidence only; manual validation required before econometric treatment coding.,TRUE,FALSE,FALSE,FALSE,TRUE
M0080,lululemon,lululemon,lululemon athletica inc.,LULU,1397187,Nasdaq,,Klarna,TRUE,,,,,,,,,,,,,unknown,UNKNOWN,FALSE,parent_core_business,TRUE,,,,FALSE,,,,,,,no_snapshots,Automated scraper logged 2 present/current evidence item(s) and 1 technical/inconclusive item(s). No operational adoption date assigned unless explicitly supported.,Automated first-pass evidence only; manual validation required before econometric treatment coding.,TRUE,FALSE,FALSE,FALSE,TRUE
M0080,lululemon,lululemon,lululemon athletica inc.,LULU,1397187,Nasdaq,,Afterpay,TRUE,,,,2025-11-27,,,,,,,,,unknown,UNKNOWN,FALSE,parent_core_business,TRUE,,,,FALSE,,,Wayback first observed provider-directory page,https://web.archive.org/web/20260226210648/https://www.afterpay.com/en-US/categories/mens-clothing,,https://web.archive.org/web/20251127160840/https://www.afterpay.com/en-US/categories/womens-clothing,checked,"Wayback CDX first observed the provider-directory/listing URL on 2026-02-26. This is an upper-bound/current-listing signal, not an exact operational adoption date.",Automated first-pass evidence only; manual validation required before econometric treatment coding.,TRUE,FALSE,FALSE,FALSE,TRUE
M0080,lululemon,lululemon,lululemon athletica inc.,LULU,1397187,Nasdaq,,Zip,TRUE,,,,,,,,,,,,,unknown,UNKNOWN,FALSE,parent_core_business,TRUE,,,,TRUE,quadpay,,,,,,no_snapshots,Automated scraper logged 2 present/current evidence item(s) and 1 technical/inconclusive item(s). No operational adoption date assigned unless explicitly supported.,Automated first-pass evidence only; manual validation required before econometric treatment coding.,TRUE,FALSE,FALSE,FALSE,TRUE
M0080,lululemon,lululemon,lululemon athletica inc.,LULU,1397187,Nasdaq,,Sezzle,TRUE,,,,,,,,,,,,,unknown,UNKNOWN,FALSE,parent_core_business,TRUE,,,,FALSE,,,,,,,no_snapshots,Automated scraper logged 3 present/current evidence item(s) and 1 technical/inconclusive item(s). No operational adoption date assigned unless explicitly supported.,Automated first-pass evidence only; manual validation required before econometric treatment coding.,TRUE,FALSE,FALSE,FALSE,TRUE
M0081,Bloomingdale's,Bloomingdale's,"Macy's, Inc.",M,794367,NYSE,,Affirm,TRUE,,,,,,,,,,,,,unknown,UNKNOWN,FALSE,major_brand_or_subsidiary,REVIEW,,,,FALSE,,,,,,,no_snapshots,Automated scraper logged 3 present/current evidence item(s) and 1 technical/inconclusive item(s). No operational adoption date assigned unless explicitly supported.,Automated first-pass evidence only; manual validation required before econometric treatment coding.,TRUE,FALSE,FALSE,FALSE,TRUE
M0081,Bloomingdale's,Bloomingdale's,"Macy's, Inc.",M,794367,NYSE,,Klarna,TRUE,,,,2022-09-24,,,,,,,,,unknown,UNKNOWN,FALSE,major_brand_or_subsidiary,REVIEW,,,,FALSE,,,Wayback first observed provider-directory page,https://web.archive.org/web/20220924101952/https://www.klarna.com/us/shopping/t/141/Clothing-Accessories/,,https://web.archive.org/web/20220924101952/https://www.klarna.com/us/shopping/t/141/Clothing-Accessories/,checked,"Wayback CDX first observed the provider-directory/listing URL on 2022-09-24. This is an upper-bound/current-listing signal, not an exact operational adoption date.",Automated first-pass evidence only; manual validation required before econometric treatment coding.,TRUE,FALSE,FALSE,FALSE,TRUE
M0081,Bloomingdale's,Bloomingdale's,"Macy's, Inc.",M,794367,NYSE,,Zip,TRUE,,,,,,,,,,,,,unknown,UNKNOWN,FALSE,major_brand_or_subsidiary,REVIEW,,,,TRUE,quadpay,,,,,,no_snapshots,Automated scraper logged 2 present/current evidence item(s) and 1 technical/inconclusive item(s). No operational adoption date assigned unless explicitly supported.,Automated first-pass evidence only; manual validation required before econometric treatment coding.,TRUE,FALSE,FALSE,FALSE,TRUE
M0082,Macy's,Macy's,"Macy's, Inc.",M,794367,NYSE,,Affirm,TRUE,,,,,,,,,,,,,unknown,UNKNOWN,FALSE,parent_core_business,TRUE,,,,FALSE,,,,,,,no_snapshots,Automated scraper logged 2 present/current evidence item(s) and 1 technical/inconclusive item(s). No operational adoption date assigned unless explicitly supported.,Automated first-pass evidence only; manual validation required before econometric treatment coding.,TRUE,FALSE,FALSE,FALSE,TRUE
M0082,Macy's,Macy's,"Macy's, Inc.",M,794367,NYSE,,Klarna,TRUE,,,,2022-09-24,,,,,,,,,unknown,UNKNOWN,FALSE,parent_core_business,TRUE,,,,FALSE,,,Wayback first observed provider-directory page,https://web.archive.org/web/20220924101952/https://www.klarna.com/us/shopping/t/141/Clothing-Accessories/,,https://web.archive.org/web/20220924101952/https://www.klarna.com/us/shopping/t/141/Clothing-Accessories/,checked,"Wayback CDX first observed the provider-directory/listing URL on 2022-09-24. This is an upper-bound/current-listing signal, not an exact operational adoption date.",Automated first-pass evidence only; manual validation required before econometric treatment coding.,TRUE,FALSE,FALSE,FALSE,TRUE
M0082,Macy's,Macy's,"Macy's, Inc.",M,794367,NYSE,,Sezzle,TRUE,,,,,,,,,,,,,unknown,UNKNOWN,FALSE,parent_core_business,TRUE,,,,FALSE,,,,,,,no_snapshots,Automated scraper logged 2 present/current evidence item(s) and 1 technical/inconclusive item(s). No operational adoption date assigned unless explicitly supported.,Automated first-pass evidence only; manual validation required before econometric treatment coding.,TRUE,FALSE,FALSE,FALSE,TRUE
M0083,Marriott,Marriott,MARRIOTT INTERNATIONAL INC /MD/,MAR,1048286,Nasdaq,,Zip,TRUE,,,,2022-06-25,,,,,,,,,unknown,UNKNOWN,FALSE,parent_core_business,TRUE,,,,TRUE,quadpay,,Wayback first observed provider-directory page,https://web.archive.org/web/20220625144641/https://zip.co/us/shop/hotels,,https://web.archive.org/web/20220625144641/https://zip.co/us/shop/hotels,checked,"Wayback CDX first observed the provider-directory/listing URL on 2022-06-25. This is an upper-bound/current-listing signal, not an exact operational adoption date.",Automated first-pass evidence only; manual validation required before econometric treatment coding.,TRUE,FALSE,FALSE,FALSE,TRUE
M0084,Microsoft Store,Microsoft Store,MICROSOFT CORP,MSFT,789019,Nasdaq,,Klarna,TRUE,,,,2022-09-24,,,,,,,,,unknown,UNKNOWN,FALSE,major_brand_or_subsidiary,REVIEW,,,,FALSE,,,Wayback first observed provider-directory page,https://web.archive.org/web/20221002221314/https://www.klarna.com/us/shopping/t/1/TV-Audio/,,https://web.archive.org/web/20220924102034/https://www.klarna.com/us/shopping/t/17/Photography/,checked,"Wayback CDX first observed the provider-directory/listing URL on 2022-10-02. This is an upper-bound/current-listing signal, not an exact operational adoption date.",Automated first-pass evidence only; manual validation required before econometric treatment coding.,TRUE,FALSE,FALSE,FALSE,TRUE
M0085,Converse,Converse,"NIKE, Inc.",NKE,320187,NYSE,,Klarna,TRUE,,,,2022-09-24,,,,,,,,,unknown,UNKNOWN,FALSE,major_brand_or_subsidiary,REVIEW,,,,FALSE,,,Wayback first observed provider-directory page,https://web.archive.org/web/20220924101952/https://www.klarna.com/us/shopping/t/141/Clothing-Accessories/,,https://web.archive.org/web/20220924101952/https://www.klarna.com/us/shopping/t/141/Clothing-Accessories/,checked,"Wayback CDX first observed the provider-directory/listing URL on 2022-09-24. This is an upper-bound/current-listing signal, not an exact operational adoption date.",Automated first-pass evidence only; manual validation required before econometric treatment coding.,TRUE,FALSE,FALSE,FALSE,TRUE
M0085,Converse,Converse,"NIKE, Inc.",NKE,320187,NYSE,,Zip,TRUE,,,,,,,,,,,,,unknown,UNKNOWN,FALSE,major_brand_or_subsidiary,REVIEW,,,,TRUE,quadpay,,,,,,no_snapshots,Automated scraper logged 2 present/current evidence item(s) and 1 technical/inconclusive item(s). No operational adoption date assigned unless explicitly supported.,Automated first-pass evidence only; manual validation required before econometric treatment coding.,TRUE,FALSE,FALSE,FALSE,TRUE
M0086,Nike,Nike,"NIKE, Inc.",NKE,320187,NYSE,,Affirm,TRUE,,,,,,,,,,,,,unknown,UNKNOWN,FALSE,parent_core_business,TRUE,,,,FALSE,,,,,,,no_snapshots,Automated scraper logged 2 present/current evidence item(s) and 0 technical/inconclusive item(s). No operational adoption date assigned unless explicitly supported.,Automated first-pass evidence only; manual validation required before econometric treatment coding.,TRUE,FALSE,FALSE,FALSE,TRUE
M0086,Nike,Nike,"NIKE, Inc.",NKE,320187,NYSE,,Klarna,TRUE,,,,2024-12-18,,,,,,,,,unknown,UNKNOWN,FALSE,parent_core_business,TRUE,,,,FALSE,,,Wayback first observed provider-directory page,https://web.archive.org/web/20241218173912/https://www.klarna.com/us/store/a873ff40-0eb1-4cd1-aea1-7e9cc0ce883d/nike/pay-with-klarna/,,https://web.archive.org/web/20241218173912/https://www.klarna.com/us/store/a873ff40-0eb1-4cd1-aea1-7e9cc0ce883d/nike/pay-with-klarna/,no_snapshots,"Wayback CDX first observed the provider-directory/listing URL on 2024-12-18. This is an upper-bound/current-listing signal, not an exact operational adoption date.",Automated first-pass evidence only; manual validation required before econometric treatment coding.,TRUE,FALSE,FALSE,FALSE,TRUE
M0086,Nike,Nike,"NIKE, Inc.",NKE,320187,NYSE,,Zip,TRUE,,,,2021-09-21,,,,,,,,,unknown,UNKNOWN,FALSE,parent_core_business,TRUE,,,,TRUE,quadpay,,Wayback first observed provider-directory page,https://web.archive.org/web/20210921002020/https://zip.co/us/shop/shop-all,,https://web.archive.org/web/20210921002020/https://zip.co/us/shop/shop-all,checked,"Wayback CDX first observed the provider-directory/listing URL on 2021-09-21. This is an upper-bound/current-listing signal, not an exact operational adoption date.",Automated first-pass evidence only; manual validation required before econometric treatment coding.,TRUE,FALSE,FALSE,FALSE,TRUE
M0086,Nike,Nike,"NIKE, Inc.",NKE,320187,NYSE,,Sezzle,TRUE,,,,,,,,,,,,,unknown,UNKNOWN,FALSE,parent_core_business,TRUE,,,,FALSE,,,,,,,no_snapshots,Automated scraper logged 3 present/current evidence item(s) and 0 technical/inconclusive item(s). No operational adoption date assigned unless explicitly supported.,Automated first-pass evidence only; manual validation required before econometric treatment coding.,TRUE,FALSE,FALSE,FALSE,TRUE
M0087,Nelnet,Nelnet,NELNET INC,NNI,1258602,NYSE,,Zip,TRUE,,,,2021-11-09,,,,,,,,,unknown,UNKNOWN,FALSE,parent_core_business,TRUE,,,,TRUE,quadpay,,Wayback first observed provider-directory page,https://web.archive.org/web/20211109131115/https://zip.co/us/shop/bills,,https://web.archive.org/web/20211109131115/https://zip.co/us/shop/bills,checked,"Wayback CDX first observed the provider-directory/listing URL on 2021-11-09. This is an upper-bound/current-listing signal, not an exact operational adoption date.",Automated first-pass evidence only; manual validation required before econometric treatment coding.,TRUE,FALSE,FALSE,FALSE,TRUE
M0088,NVIDIA,NVIDIA,NVIDIA CORP,NVDA,1045810,Nasdaq,,Klarna,TRUE,,,,2022-09-24,,,,,,,,,unknown,UNKNOWN,FALSE,parent_core_business,TRUE,,,,FALSE,,,Wayback first observed provider-directory page,https://web.archive.org/web/20221002221314/https://www.klarna.com/us/shopping/t/1/TV-Audio/,,https://web.archive.org/web/20220924102034/https://www.klarna.com/us/shopping/t/17/Photography/,checked,"Wayback CDX first observed the provider-directory/listing URL on 2022-10-02. This is an upper-bound/current-listing signal, not an exact operational adoption date.",Automated first-pass evidence only; manual validation required before econometric treatment coding.,TRUE,FALSE,FALSE,FALSE,TRUE
M0089,Graco,Graco,NEWELL BRANDS INC.,NWL,814453,Nasdaq,,Afterpay,TRUE,,,,,,,,,,,,,unknown,UNKNOWN,FALSE,major_brand_or_subsidiary,REVIEW,,,,FALSE,,,,,,,no_snapshots,Automated scraper logged 1 present/current evidence item(s) and 1 technical/inconclusive item(s). No operational adoption date assigned unless explicitly supported.,Automated first-pass evidence only; manual validation required before econometric treatment coding.,TRUE,FALSE,FALSE,FALSE,TRUE
M0089,Graco,Graco,NEWELL BRANDS INC.,NWL,814453,Nasdaq,,Zip,TRUE,,,,,,,,,,,,,unknown,UNKNOWN,FALSE,major_brand_or_subsidiary,REVIEW,,,,TRUE,quadpay,,,,,,no_snapshots,Automated scraper logged 2 present/current evidence item(s) and 1 technical/inconclusive item(s). No operational adoption date assigned unless explicitly supported.,Automated first-pass evidence only; manual validation required before econometric treatment coding.,TRUE,FALSE,FALSE,FALSE,TRUE
M0090,On,On,On Holding AG,ONON,1858985,NYSE,,Affirm,TRUE,,,,,,,,,,,,,unknown,UNKNOWN,FALSE,parent_core_business,TRUE,,,,FALSE,,,,,,,no_snapshots,Automated scraper logged 1 present/current evidence item(s) and 0 technical/inconclusive item(s). No operational adoption date assigned unless explicitly supported.,Automated first-pass evidence only; manual validation required before econometric treatment coding.,TRUE,FALSE,FALSE,FALSE,TRUE
M0090,On,On,On Holding AG,ONON,1858985,NYSE,,Klarna,TRUE,,,,,,,,,,,,,unknown,UNKNOWN,FALSE,parent_core_business,TRUE,,,,FALSE,,,,,,,no_snapshots,Automated scraper logged 2 present/current evidence item(s) and 0 technical/inconclusive item(s). No operational adoption date assigned unless explicitly supported.,Automated first-pass evidence only; manual validation required before econometric treatment coding.,TRUE,FALSE,FALSE,FALSE,TRUE
M0091,The Children's Place,The Children's Place,"Childrens Place, Inc.",PLCE,1041859,Nasdaq,,Klarna,TRUE,,,,2022-09-24,,,,,,,,,unknown,UNKNOWN,FALSE,unclear,REVIEW,,,,FALSE,,,Wayback first observed provider-directory page,https://web.archive.org/web/20220924101952/https://www.klarna.com/us/shopping/t/141/Clothing-Accessories/,,https://web.archive.org/web/20220924101952/https://www.klarna.com/us/shopping/t/141/Clothing-Accessories/,checked,"Wayback CDX first observed the provider-directory/listing URL on 2022-09-24. This is an upper-bound/current-listing signal, not an exact operational adoption date.",Automated first-pass evidence only; manual validation required before econometric treatment coding.,TRUE,FALSE,FALSE,FALSE,TRUE
M0091,The Children's Place,The Children's Place,"Childrens Place, Inc.",PLCE,1041859,Nasdaq,,Afterpay,TRUE,,,,2025-11-27,,,,,,,,,unknown,UNKNOWN,FALSE,unclear,REVIEW,,,,FALSE,,,Wayback first observed provider-directory page,https://web.archive.org/web/20251127160840/https://www.afterpay.com/en-US/categories/womens-clothing,,https://web.archive.org/web/20251127160840/https://www.afterpay.com/en-US/categories/womens-clothing,checked,"Wayback CDX first observed the provider-directory/listing URL on 2025-11-27. This is an upper-bound/current-listing signal, not an exact operational adoption date.",Automated first-pass evidence only; manual validation required before econometric treatment coding.,TRUE,FALSE,FALSE,FALSE,TRUE
M0091,The Children's Place,The Children's Place,"Childrens Place, Inc.",PLCE,1041859,Nasdaq,,Zip,TRUE,,,,,,,,,,,,,unknown,UNKNOWN,FALSE,unclear,REVIEW,,,,TRUE,quadpay,,,,,,no_snapshots,Automated scraper logged 3 present/current evidence item(s) and 0 technical/inconclusive item(s). No operational adoption date assigned unless explicitly supported.,Automated first-pass evidence only; manual validation required before econometric treatment coding.,TRUE,FALSE,FALSE,FALSE,TRUE
M0092,CarParts.com,CarParts.com,"CarParts.com, Inc.",PRTS,1378950,Nasdaq,,Zip,TRUE,,,,,,,,,,,,,unknown,UNKNOWN,FALSE,parent_core_business,TRUE,,,,TRUE,quadpay,,,,,,no_snapshots,Automated scraper logged 2 present/current evidence item(s) and 0 technical/inconclusive item(s). No operational adoption date assigned unless explicitly supported.,Automated first-pass evidence only; manual validation required before econometric treatment coding.,TRUE,FALSE,FALSE,FALSE,TRUE
M0093,QVC,QVC,QVC INC,QVCCQ,1254699,OTC,,Klarna,TRUE,,,,2022-09-24,,,,,,,,,unknown,UNKNOWN,FALSE,parent_core_business,TRUE,,,,FALSE,,,Wayback first observed provider-directory page,https://web.archive.org/web/20220924101958/https://www.klarna.com/us/shopping/t/1493/Toys-Hobbies/,,https://web.archive.org/web/20220924102041/https://www.klarna.com/us/shopping/t/35/Kids-Family/,checked,"Wayback CDX first observed the provider-directory/listing URL on 2022-09-24. This is an upper-bound/current-listing signal, not an exact operational adoption date.",Automated first-pass evidence only; manual validation required before econometric treatment coding.,TRUE,FALSE,FALSE,FALSE,TRUE
M0093,QVC,QVC,QVC INC,QVCCQ,1254699,OTC,,Zip,TRUE,,,,,,,,,,,,,unknown,UNKNOWN,FALSE,parent_core_business,TRUE,,,,TRUE,quadpay,,,,,,no_snapshots,Automated scraper logged 2 present/current evidence item(s) and 1 technical/inconclusive item(s). No operational adoption date assigned unless explicitly supported.,Automated first-pass evidence only; manual validation required before econometric treatment coding.,TRUE,FALSE,FALSE,FALSE,TRUE
M0094,ROBLOX,ROBLOX,Roblox Corp,RBLX,1315098,NYSE,,Sezzle,TRUE,,,,,,,,,,,,,unknown,UNKNOWN,FALSE,parent_core_business,TRUE,,,,FALSE,,,,,,,no_snapshots,Automated scraper logged 1 present/current evidence item(s) and 0 technical/inconclusive item(s). No operational adoption date assigned unless explicitly supported.,Automated first-pass evidence only; manual validation required before econometric treatment coding.,TRUE,FALSE,FALSE,FALSE,TRUE
M0095,Royal Caribbean,Royal Caribbean,ROYAL CARIBBEAN CRUISES LTD,RCL,884887,NYSE,,Affirm,TRUE,,,,2020-11-29,,,,,,,,,unknown,UNKNOWN,FALSE,parent_core_business,TRUE,,,,FALSE,,,Wayback first observed provider-directory page,https://web.archive.org/web/20201129065824/https://www.affirm.com/shopping/travel,,https://web.archive.org/web/20201129065824/https://www.affirm.com/shopping/travel,checked,"Wayback CDX first observed the provider-directory/listing URL on 2020-11-29. This is an upper-bound/current-listing signal, not an exact operational adoption date.",Automated first-pass evidence only; manual validation required before econometric treatment coding.,TRUE,FALSE,FALSE,FALSE,TRUE
M0095,Royal Caribbean,Royal Caribbean,ROYAL CARIBBEAN CRUISES LTD,RCL,884887,NYSE,,Zip,TRUE,,,,2021-09-21,,,,,,,,,unknown,UNKNOWN,FALSE,parent_core_business,TRUE,,,,TRUE,quadpay,,Wayback first observed provider-directory page,https://web.archive.org/web/20210921222020/https://zip.co/us/shop/travel-entertainment,,https://web.archive.org/web/20210921222020/https://zip.co/us/shop/travel-entertainment,checked,"Wayback CDX first observed the provider-directory/listing URL on 2021-09-21. This is an upper-bound/current-listing signal, not an exact operational adoption date.",Automated first-pass evidence only; manual validation required before econometric treatment coding.,TRUE,FALSE,FALSE,FALSE,TRUE
M0096,Reformation,Reformation,Reformation Inc.,REF,1787117,NYSE,,Afterpay,TRUE,,,,2025-11-27,,,,,,,,,unknown,UNKNOWN,FALSE,parent_core_business,TRUE,,,,FALSE,,,Wayback first observed provider-directory page,https://web.archive.org/web/20251127160840/https://www.afterpay.com/en-US/categories/womens-clothing,,https://web.archive.org/web/20251127160840/https://www.afterpay.com/en-US/categories/womens-clothing,checked,"Wayback CDX first observed the provider-directory/listing URL on 2025-11-27. This is an upper-bound/current-listing signal, not an exact operational adoption date.",Automated first-pass evidence only; manual validation required before econometric treatment coding.,TRUE,FALSE,FALSE,FALSE,TRUE
M0097,Ralph Lauren,Ralph Lauren,RALPH LAUREN CORP,RL,1037038,NYSE,,Afterpay,TRUE,,,,2025-11-27,,,,,,,,,unknown,UNKNOWN,FALSE,parent_core_business,TRUE,,,,FALSE,,,Wayback first observed provider-directory page,https://web.archive.org/web/20260226210648/https://www.afterpay.com/en-US/categories/mens-clothing,,https://web.archive.org/web/20251127160840/https://www.afterpay.com/en-US/categories/womens-clothing,checked,"Wayback CDX first observed the provider-directory/listing URL on 2026-02-26. This is an upper-bound/current-listing signal, not an exact operational adoption date.",Automated first-pass evidence only; manual validation required before econometric treatment coding.,TRUE,FALSE,FALSE,FALSE,TRUE
M0098,Roku,Roku,"ROKU, INC",ROKU,1428439,Nasdaq,,Sezzle,TRUE,,,,,,,,,,,,,unknown,UNKNOWN,FALSE,parent_core_business,TRUE,,,,FALSE,,,,,,,no_snapshots,Automated scraper logged 1 present/current evidence item(s) and 0 technical/inconclusive item(s). No operational adoption date assigned unless explicitly supported.,Automated first-pass evidence only; manual validation required before econometric treatment coding.,TRUE,FALSE,FALSE,FALSE,TRUE
M0099,REVOLVE,REVOLVE,"Revolve Group, Inc.",RVLV,1746618,NYSE,,Afterpay,TRUE,,,,2025-11-27,,,,,,,,,unknown,UNKNOWN,FALSE,parent_core_business,TRUE,,,,FALSE,,,Wayback first observed provider-directory page,https://web.archive.org/web/20251127160840/https://www.afterpay.com/en-US/categories/womens-clothing,,https://web.archive.org/web/20251127160840/https://www.afterpay.com/en-US/categories/womens-clothing,checked,"Wayback CDX first observed the provider-directory/listing URL on 2025-11-27. This is an upper-bound/current-listing signal, not an exact operational adoption date.",Automated first-pass evidence only; manual validation required before econometric treatment coding.,TRUE,FALSE,FALSE,FALSE,TRUE
M0099,REVOLVE,REVOLVE,"Revolve Group, Inc.",RVLV,1746618,NYSE,,Zip,TRUE,,,,,,,,,,,,,unknown,UNKNOWN,FALSE,parent_core_business,TRUE,,,,TRUE,quadpay,,,,,,no_snapshots,Automated scraper logged 2 present/current evidence item(s) and 1 technical/inconclusive item(s). No operational adoption date assigned unless explicitly supported.,Automated first-pass evidence only; manual validation required before econometric treatment coding.,TRUE,FALSE,FALSE,FALSE,TRUE
M0099,REVOLVE,REVOLVE,"Revolve Group, Inc.",RVLV,1746618,NYSE,,Sezzle,TRUE,,,,,,,,,,,,,unknown,UNKNOWN,FALSE,parent_core_business,TRUE,,,,FALSE,,,,,,,no_snapshots,Automated scraper logged 3 present/current evidence item(s) and 1 technical/inconclusive item(s). No operational adoption date assigned unless explicitly supported.,Automated first-pass evidence only; manual validation required before econometric treatment coding.,TRUE,FALSE,FALSE,FALSE,TRUE
M0100,Sally Beauty,Sally Beauty,"Sally Beauty Holdings, Inc.",SBH,1368458,NYSE,,Klarna,TRUE,,,,2022-09-17,,,,,,,,,unknown,UNKNOWN,FALSE,parent_core_business,TRUE,,,,FALSE,,,Wayback first observed provider-directory page,https://web.archive.org/web/20220917161909/https://www.klarna.com/us/shopping/t/10/Health-Beauty/,,https://web.archive.org/web/20220917161909/https://www.klarna.com/us/shopping/t/10/Health-Beauty/,checked,"Wayback CDX first observed the provider-directory/listing URL on 2022-09-17. This is an upper-bound/current-listing signal, not an exact operational adoption date.",Automated first-pass evidence only; manual validation required before econometric treatment coding.,TRUE,FALSE,FALSE,FALSE,TRUE
M0101,Scholastic,Scholastic,SCHOLASTIC CORP,SCHL,866729,Nasdaq,,Zip,TRUE,,,,2021-09-23,,,,,,,,,unknown,UNKNOWN,FALSE,parent_core_business,TRUE,,,,TRUE,quadpay,,Wayback first observed provider-directory page,https://web.archive.org/web/20210923095214/https://zip.co/us/shop/education,,https://web.archive.org/web/20210923095214/https://zip.co/us/shop/education,no_snapshots,"Wayback CDX first observed the provider-directory/listing URL on 2021-09-23. This is an upper-bound/current-listing signal, not an exact operational adoption date.",Automated first-pass evidence only; manual validation required before econometric treatment coding.,TRUE,FALSE,FALSE,FALSE,TRUE
M0102,Vivid Seats,Vivid Seats,Vivid Seats Inc.,SEAT,1856031,Nasdaq,,Affirm,TRUE,,,,,,,,,,,,,unknown,UNKNOWN,FALSE,parent_core_business,TRUE,,,,FALSE,,,,,,,no_snapshots,Automated scraper logged 1 present/current evidence item(s) and 0 technical/inconclusive item(s). No operational adoption date assigned unless explicitly supported.,Automated first-pass evidence only; manual validation required before econometric treatment coding.,TRUE,FALSE,FALSE,FALSE,TRUE
M0102,Vivid Seats,Vivid Seats,Vivid Seats Inc.,SEAT,1856031,Nasdaq,,Zip,TRUE,,,,2021-09-21,,,,,,,,,unknown,UNKNOWN,FALSE,parent_core_business,TRUE,,,,TRUE,quadpay,,Wayback first observed provider-directory page,https://web.archive.org/web/20210921222020/https://zip.co/us/shop/travel-entertainment,,https://web.archive.org/web/20210921222020/https://zip.co/us/shop/travel-entertainment,checked,"Wayback CDX first observed the provider-directory/listing URL on 2021-09-21. This is an upper-bound/current-listing signal, not an exact operational adoption date.",Automated first-pass evidence only; manual validation required before econometric treatment coding.,TRUE,FALSE,FALSE,FALSE,TRUE
M0103,Stitch Fix,Stitch Fix,"Stitch Fix, Inc.",SFIX,1576942,Nasdaq,,Afterpay,TRUE,,,,2025-11-27,,,,,,,,,unknown,UNKNOWN,FALSE,parent_core_business,TRUE,,,,FALSE,,,Wayback first observed provider-directory page,https://web.archive.org/web/20260226210648/https://www.afterpay.com/en-US/categories/mens-clothing,,https://web.archive.org/web/20251127160840/https://www.afterpay.com/en-US/categories/womens-clothing,checked,"Wayback CDX first observed the provider-directory/listing URL on 2026-02-26. This is an upper-bound/current-listing signal, not an exact operational adoption date.",Automated first-pass evidence only; manual validation required before econometric treatment coding.,TRUE,FALSE,FALSE,FALSE,TRUE
M0104,SiriusXM,SiriusXM,SIRIUS XM HOLDINGS INC.,SIRI,908937,Nasdaq,,Zip,TRUE,,,,2021-11-09,,,,,,,,,unknown,UNKNOWN,FALSE,parent_core_business,TRUE,,,,TRUE,quadpay,,Wayback first observed provider-directory page,https://web.archive.org/web/20211109131115/https://zip.co/us/shop/bills,,https://web.archive.org/web/20211109131115/https://zip.co/us/shop/bills,checked,"Wayback CDX first observed the provider-directory/listing URL on 2021-11-09. This is an upper-bound/current-listing signal, not an exact operational adoption date.",Automated first-pass evidence only; manual validation required before econometric treatment coding.,TRUE,FALSE,FALSE,FALSE,TRUE
M0105,Samsonite,Samsonite,Samsonite International SA/ADR,SMSGY,1560968,OTC,,Zip,TRUE,,,,2021-09-21,,,,,,,,,unknown,UNKNOWN,FALSE,parent_core_business,TRUE,,,,TRUE,quadpay,,Wayback first observed provider-directory page,https://web.archive.org/web/20210921222020/https://zip.co/us/shop/travel-entertainment,,https://web.archive.org/web/20210921222020/https://zip.co/us/shop/travel-entertainment,checked,"Wayback CDX first observed the provider-directory/listing URL on 2021-09-21. This is an upper-bound/current-listing signal, not an exact operational adoption date.",Automated first-pass evidence only; manual validation required before econometric treatment coding.,TRUE,FALSE,FALSE,FALSE,TRUE
M0105,Samsonite,Samsonite,Samsonite International SA/ADR,SMSGY,1560968,OTC,,Sezzle,TRUE,,,,,,,,,,,,,unknown,UNKNOWN,FALSE,parent_core_business,TRUE,,,,FALSE,,,,,,,no_snapshots,Automated scraper logged 2 present/current evidence item(s) and 0 technical/inconclusive item(s). No operational adoption date assigned unless explicitly supported.,Automated first-pass evidence only; manual validation required before econometric treatment coding.,TRUE,FALSE,FALSE,FALSE,TRUE
M0106,SharkNinja,SharkNinja,"SharkNinja, Inc.",SN,1957132,NYSE,,Affirm,TRUE,,,,2020-11-29,,,,,,,,,unknown,UNKNOWN,FALSE,parent_core_business,TRUE,,,,FALSE,,,Wayback first observed provider-directory page,https://web.archive.org/web/20201129081111/https://www.affirm.com/shopping/electronics,,https://web.archive.org/web/20201129073945/https://www.affirm.com/shopping/home-and-furniture,checked,"Wayback CDX first observed the provider-directory/listing URL on 2020-11-29. This is an upper-bound/current-listing signal, not an exact operational adoption date.",Automated first-pass evidence only; manual validation required before econometric treatment coding.,TRUE,FALSE,FALSE,FALSE,TRUE
M0107,Sonos,Sonos,Sonos Inc,SONO,1314727,Nasdaq,,Affirm,TRUE,,,,2020-11-29,,,,,,,,,unknown,UNKNOWN,FALSE,parent_core_business,TRUE,,,,FALSE,,,Wayback first observed provider-directory page,https://web.archive.org/web/20201129081111/https://www.affirm.com/shopping/electronics,,https://web.archive.org/web/20201129081111/https://www.affirm.com/shopping/electronics,checked,"Wayback CDX first observed the provider-directory/listing URL on 2020-11-29. This is an upper-bound/current-listing signal, not an exact operational adoption date.",Automated first-pass evidence only; manual validation required before econometric treatment coding.,TRUE,FALSE,FALSE,FALSE,TRUE
M0107,Sonos,Sonos,Sonos Inc,SONO,1314727,Nasdaq,,Klarna,TRUE,,,,2022-09-24,,,,,,,,,unknown,UNKNOWN,FALSE,parent_core_business,TRUE,,,,FALSE,,,Wayback first observed provider-directory page,https://web.archive.org/web/20221002221314/https://www.klarna.com/us/shopping/t/1/TV-Audio/,,https://web.archive.org/web/20220924102034/https://www.klarna.com/us/shopping/t/17/Photography/,checked,"Wayback CDX first observed the provider-directory/listing URL on 2022-10-02. This is an upper-bound/current-listing signal, not an exact operational adoption date.",Automated first-pass evidence only; manual validation required before econometric treatment coding.,TRUE,FALSE,FALSE,FALSE,TRUE
M0107,Sonos,Sonos,Sonos Inc,SONO,1314727,Nasdaq,,Zip,TRUE,,,,2021-09-21,,,,,,,,,unknown,UNKNOWN,FALSE,parent_core_business,TRUE,,,,TRUE,quadpay,,Wayback first observed provider-directory page,https://web.archive.org/web/20210921224524/https://zip.co/us/shop/appliances-electronics,,https://web.archive.org/web/20210921224524/https://zip.co/us/shop/appliances-electronics,checked,"Wayback CDX first observed the provider-directory/listing URL on 2021-09-21. This is an upper-bound/current-listing signal, not an exact operational adoption date.",Automated first-pass evidence only; manual validation required before econometric treatment coding.,TRUE,FALSE,FALSE,FALSE,TRUE
M0108,Sony,Sony,Sony Group Corp,SONY,313838,NYSE,,Klarna,TRUE,,,,2022-09-24,,,,,,,,,unknown,UNKNOWN,FALSE,parent_core_business,TRUE,,,,FALSE,,,Wayback first observed provider-directory page,https://web.archive.org/web/20221002221314/https://www.klarna.com/us/shopping/t/1/TV-Audio/,,https://web.archive.org/web/20220924102034/https://www.klarna.com/us/shopping/t/17/Photography/,checked,"Wayback CDX first observed the provider-directory/listing URL on 2022-10-02. This is an upper-bound/current-listing signal, not an exact operational adoption date.",Automated first-pass evidence only; manual validation required before econometric treatment coding.,TRUE,FALSE,FALSE,FALSE,TRUE
M0109,Spectrum,Spectrum,"Spectrum Brands Holdings, Inc.",SPB,109177,NYSE,,Klarna,TRUE,,,,2022-09-17,,,,,,,,,unknown,UNKNOWN,FALSE,parent_core_business,TRUE,,,,FALSE,,,Wayback first observed provider-directory page,https://web.archive.org/web/20220917161909/https://www.klarna.com/us/shopping/t/10/Health-Beauty/,,https://web.archive.org/web/20220917161909/https://www.klarna.com/us/shopping/t/10/Health-Beauty/,checked,"Wayback CDX first observed the provider-directory/listing URL on 2022-09-17. This is an upper-bound/current-listing signal, not an exact operational adoption date.",Automated first-pass evidence only; manual validation required before econometric treatment coding.,TRUE,FALSE,FALSE,FALSE,TRUE
M0109,Spectrum,Spectrum,"Spectrum Brands Holdings, Inc.",SPB,109177,NYSE,,Zip,TRUE,,,,2021-09-21,,,,,,,,,unknown,UNKNOWN,FALSE,parent_core_business,TRUE,,,,TRUE,quadpay,,Wayback first observed provider-directory page,https://web.archive.org/web/20211109131115/https://zip.co/us/shop/bills,,https://web.archive.org/web/20210921002020/https://zip.co/us/shop/shop-all,checked,"Wayback CDX first observed the provider-directory/listing URL on 2021-11-09. This is an upper-bound/current-listing signal, not an exact operational adoption date.",Automated first-pass evidence only; manual validation required before econometric treatment coding.,TRUE,FALSE,FALSE,FALSE,TRUE
M0110,Sportsman's Warehouse,Sportsman's Warehouse,"SPORTSMAN'S WAREHOUSE HOLDINGS, INC.",SPWH,1132105,Nasdaq,,Sezzle,TRUE,,,,,,,,,,,,,unknown,UNKNOWN,FALSE,parent_core_business,TRUE,,,,FALSE,,,,,,,no_snapshots,Automated scraper logged 3 present/current evidence item(s) and 1 technical/inconclusive item(s). No operational adoption date assigned unless explicitly supported.,Automated first-pass evidence only; manual validation required before econometric treatment coding.,TRUE,FALSE,FALSE,FALSE,TRUE
M0111,StubHub,StubHub,"StubHub Holdings, Inc.",STUB,1337634,NYSE,,Affirm,TRUE,,,,,,,,,,,,,unknown,UNKNOWN,FALSE,parent_core_business,TRUE,,,,FALSE,,,,,,,no_snapshots,Automated scraper logged 1 present/current evidence item(s) and 1 technical/inconclusive item(s). No operational adoption date assigned unless explicitly supported.,Automated first-pass evidence only; manual validation required before econometric treatment coding.,TRUE,FALSE,FALSE,FALSE,TRUE
M0111,StubHub,StubHub,"StubHub Holdings, Inc.",STUB,1337634,NYSE,,Klarna,TRUE,,,,2022-09-24,,,,,,,,,unknown,UNKNOWN,FALSE,parent_core_business,TRUE,,,,FALSE,,,Wayback first observed provider-directory page,https://web.archive.org/web/20220924101958/https://www.klarna.com/us/shopping/t/1493/Toys-Hobbies/,,https://web.archive.org/web/20220924102041/https://www.klarna.com/us/shopping/t/35/Kids-Family/,checked,"Wayback CDX first observed the provider-directory/listing URL on 2022-09-24. This is an upper-bound/current-listing signal, not an exact operational adoption date.",Automated first-pass evidence only; manual validation required before econometric treatment coding.,TRUE,FALSE,FALSE,FALSE,TRUE
M0111,StubHub,StubHub,"StubHub Holdings, Inc.",STUB,1337634,NYSE,,Afterpay,TRUE,,,,,,,,,,,,,unknown,UNKNOWN,FALSE,parent_core_business,TRUE,,,,FALSE,,,,,,,no_snapshots,Automated scraper logged 1 present/current evidence item(s) and 1 technical/inconclusive item(s). No operational adoption date assigned unless explicitly supported.,Automated first-pass evidence only; manual validation required before econometric treatment coding.,TRUE,FALSE,FALSE,FALSE,TRUE
M0112,AT&T,AT&T,AT&T INC.,T,732717,NYSE,,Zip,TRUE,,,,2022-06-25,,,,,,,,,unknown,UNKNOWN,FALSE,parent_core_business,TRUE,,,,TRUE,quadpay,,Wayback first observed provider-directory page,https://web.archive.org/web/20210921224524/https://zip.co/us/shop/appliances-electronics,,https://web.archive.org/web/20220625140916/https://zip.co/us/shop/phones,checked,"Wayback CDX first observed the provider-directory/listing URL on 2021-09-21. This is an upper-bound/current-listing signal, not an exact operational adoption date.",Automated first-pass evidence only; manual validation required before econometric treatment coding.,TRUE,FALSE,FALSE,FALSE,TRUE
M0113,Turtle Beach,Turtle Beach,Turtle Beach Corp,TBCH,1493761,Nasdaq,,Sezzle,TRUE,,,,,,,,,,,,,unknown,UNKNOWN,FALSE,parent_core_business,TRUE,,,,FALSE,,,,,,,no_snapshots,Automated scraper logged 1 present/current evidence item(s) and 0 technical/inconclusive item(s). No operational adoption date assigned unless explicitly supported.,Automated first-pass evidence only; manual validation required before econometric treatment coding.,TRUE,FALSE,FALSE,FALSE,TRUE
M0114,Trip.com,Trip.com,Trip.com Group Ltd,TCOM,1269238,Nasdaq,,Affirm,TRUE,,,,2020-11-29,,,,,,,,,unknown,UNKNOWN,FALSE,parent_core_business,TRUE,,,,FALSE,,,Wayback first observed provider-directory page,https://web.archive.org/web/20201129065824/https://www.affirm.com/shopping/travel,,https://web.archive.org/web/20201129065824/https://www.affirm.com/shopping/travel,checked,"Wayback CDX first observed the provider-directory/listing URL on 2020-11-29. This is an upper-bound/current-listing signal, not an exact operational adoption date.",Automated first-pass evidence only; manual validation required before econometric treatment coding.,TRUE,FALSE,FALSE,FALSE,TRUE
M0114,Trip.com,Trip.com,Trip.com Group Ltd,TCOM,1269238,Nasdaq,,Zip,TRUE,,,,2021-09-21,,,,,,,,,unknown,UNKNOWN,FALSE,parent_core_business,TRUE,,,,TRUE,quadpay,,Wayback first observed provider-directory page,https://web.archive.org/web/20220625144641/https://zip.co/us/shop/hotels,,https://web.archive.org/web/20210921222020/https://zip.co/us/shop/travel-entertainment,checked,"Wayback CDX first observed the provider-directory/listing URL on 2022-06-25. This is an upper-bound/current-listing signal, not an exact operational adoption date.",Automated first-pass evidence only; manual validation required before econometric treatment coding.,TRUE,FALSE,FALSE,FALSE,TRUE
M0115,ThredUp,ThredUp,ThredUp Inc.,TDUP,1484778,Nasdaq,,Klarna,TRUE,,,,2022-09-24,,,,,,,,,unknown,UNKNOWN,FALSE,parent_core_business,TRUE,,,,FALSE,,,Wayback first observed provider-directory page,https://web.archive.org/web/20220924101952/https://www.klarna.com/us/shopping/t/141/Clothing-Accessories/,,https://web.archive.org/web/20220924101952/https://www.klarna.com/us/shopping/t/141/Clothing-Accessories/,checked,"Wayback CDX first observed the provider-directory/listing URL on 2022-09-24. This is an upper-bound/current-listing signal, not an exact operational adoption date.",Automated first-pass evidence only; manual validation required before econometric treatment coding.,TRUE,FALSE,FALSE,FALSE,TRUE
M0115,ThredUp,ThredUp,ThredUp Inc.,TDUP,1484778,Nasdaq,,Afterpay,TRUE,,,,2025-11-27,,,,,,,,,unknown,UNKNOWN,FALSE,parent_core_business,TRUE,,,,FALSE,,,Wayback first observed provider-directory page,https://web.archive.org/web/20260226210648/https://www.afterpay.com/en-US/categories/mens-clothing,,https://web.archive.org/web/20251127160840/https://www.afterpay.com/en-US/categories/womens-clothing,checked,"Wayback CDX first observed the provider-directory/listing URL on 2026-02-26. This is an upper-bound/current-listing signal, not an exact operational adoption date.",Automated first-pass evidence only; manual validation required before econometric treatment coding.,TRUE,FALSE,FALSE,FALSE,TRUE
M0116,Target,Target,TARGET CORP,TGT,27419,NYSE,,Affirm,TRUE,,,,2020-11-29,,,,,,,,,unknown,UNKNOWN,FALSE,parent_core_business,TRUE,,,,FALSE,,,Wayback first observed provider-directory page,https://web.archive.org/web/20201129081111/https://www.affirm.com/shopping/electronics,,https://web.archive.org/web/20201129073945/https://www.affirm.com/shopping/home-and-furniture,checked,"Wayback CDX first observed the provider-directory/listing URL on 2020-11-29. This is an upper-bound/current-listing signal, not an exact operational adoption date.",Automated first-pass evidence only; manual validation required before econometric treatment coding.,TRUE,FALSE,FALSE,FALSE,TRUE
M0116,Target,Target,TARGET CORP,TGT,27419,NYSE,,Klarna,TRUE,,,,2022-09-24,,,,,,,,,unknown,UNKNOWN,FALSE,parent_core_business,TRUE,,,,FALSE,,,Wayback first observed provider-directory page,https://web.archive.org/web/20241223033806/https://www.klarna.com/us/store/ef647377-cfb7-4b18-aa3a-5fd85dc1118c/target/pay-with-klarna/,,https://web.archive.org/web/20220924102041/https://www.klarna.com/us/shopping/t/35/Kids-Family/,checked,"Wayback CDX first observed the provider-directory/listing URL on 2024-12-23. This is an upper-bound/current-listing signal, not an exact operational adoption date.",Automated first-pass evidence only; manual validation required before econometric treatment coding.,TRUE,FALSE,FALSE,FALSE,TRUE
M0116,Target,Target,TARGET CORP,TGT,27419,NYSE,,Zip,TRUE,,,,2021-09-23,,,,,,,,,unknown,UNKNOWN,FALSE,parent_core_business,TRUE,,,,TRUE,quadpay,,Wayback first observed provider-directory page,https://web.archive.org/web/20210921224524/https://zip.co/us/shop/appliances-electronics,,https://web.archive.org/web/20210923095214/https://zip.co/us/shop/education,no_snapshots,"Wayback CDX first observed the provider-directory/listing URL on 2021-09-21. This is an upper-bound/current-listing signal, not an exact operational adoption date.",Automated first-pass evidence only; manual validation required before econometric treatment coding.,TRUE,FALSE,FALSE,FALSE,TRUE
M0116,Target,Target,TARGET CORP,TGT,27419,NYSE,,Sezzle,TRUE,,,,,,,,,,,,,unknown,UNKNOWN,FALSE,parent_core_business,TRUE,,,,FALSE,,,,,,,no_snapshots,Automated scraper logged 2 present/current evidence item(s) and 0 technical/inconclusive item(s). No operational adoption date assigned unless explicitly supported.,Automated first-pass evidence only; manual validation required before econometric treatment coding.,TRUE,FALSE,FALSE,FALSE,TRUE
M0117,Tilly's,Tilly's,"TILLY'S, INC.",TLYS,1524025,NYSE,,Klarna,TRUE,,,,2022-09-24,,,,,,,,,unknown,UNKNOWN,FALSE,parent_core_business,TRUE,,,,FALSE,,,Wayback first observed provider-directory page,https://web.archive.org/web/20220924101952/https://www.klarna.com/us/shopping/t/141/Clothing-Accessories/,,https://web.archive.org/web/20220924101952/https://www.klarna.com/us/shopping/t/141/Clothing-Accessories/,checked,"Wayback CDX first observed the provider-directory/listing URL on 2022-09-24. This is an upper-bound/current-listing signal, not an exact operational adoption date.",Automated first-pass evidence only; manual validation required before econometric treatment coding.,TRUE,FALSE,FALSE,FALSE,TRUE
M0117,Tilly's,Tilly's,"TILLY'S, INC.",TLYS,1524025,NYSE,,Afterpay,TRUE,,,,2025-11-27,,,,,,,,,unknown,UNKNOWN,FALSE,parent_core_business,TRUE,,,,FALSE,,,Wayback first observed provider-directory page,https://web.archive.org/web/20260226210648/https://www.afterpay.com/en-US/categories/mens-clothing,,https://web.archive.org/web/20251127160840/https://www.afterpay.com/en-US/categories/womens-clothing,checked,"Wayback CDX first observed the provider-directory/listing URL on 2026-02-26. This is an upper-bound/current-listing signal, not an exact operational adoption date.",Automated first-pass evidence only; manual validation required before econometric treatment coding.,TRUE,FALSE,FALSE,FALSE,TRUE
M0117,Tilly's,Tilly's,"TILLY'S, INC.",TLYS,1524025,NYSE,,Sezzle,TRUE,,,,,,,,,,,,,unknown,UNKNOWN,FALSE,parent_core_business,TRUE,,,,FALSE,,,,,,,no_snapshots,Automated scraper logged 3 present/current evidence item(s) and 1 technical/inconclusive item(s). No operational adoption date assigned unless explicitly supported.,Automated first-pass evidence only; manual validation required before econometric treatment coding.,TRUE,FALSE,FALSE,FALSE,TRUE
M0118,Coach,Coach,"TAPESTRY, INC.",TPR,1116132,NYSE,,Affirm,TRUE,,,,,,,,,,,,,unknown,UNKNOWN,FALSE,major_brand_or_subsidiary,REVIEW,,,,FALSE,,,,,,,no_snapshots,Automated scraper logged 2 present/current evidence item(s) and 1 technical/inconclusive item(s). No operational adoption date assigned unless explicitly supported.,Automated first-pass evidence only; manual validation required before econometric treatment coding.,TRUE,FALSE,FALSE,FALSE,TRUE
M0118,Coach,Coach,"TAPESTRY, INC.",TPR,1116132,NYSE,,Afterpay,TRUE,,,,2025-11-27,,,,,,,,,unknown,UNKNOWN,FALSE,major_brand_or_subsidiary,REVIEW,,,,FALSE,,,Wayback first observed provider-directory page,https://web.archive.org/web/20251127160840/https://www.afterpay.com/en-US/categories/womens-clothing,,https://web.archive.org/web/20251127160840/https://www.afterpay.com/en-US/categories/womens-clothing,checked,"Wayback CDX first observed the provider-directory/listing URL on 2025-11-27. This is an upper-bound/current-listing signal, not an exact operational adoption date.",Automated first-pass evidence only; manual validation required before econometric treatment coding.,TRUE,FALSE,FALSE,FALSE,TRUE
M0118,Coach,Coach,"TAPESTRY, INC.",TPR,1116132,NYSE,,Zip,TRUE,,,,,,,,,,,,,unknown,UNKNOWN,FALSE,major_brand_or_subsidiary,REVIEW,,,,TRUE,quadpay,,,,,,no_snapshots,Automated scraper logged 2 present/current evidence item(s) and 1 technical/inconclusive item(s). No operational adoption date assigned unless explicitly supported.,Automated first-pass evidence only; manual validation required before econometric treatment coding.,TRUE,FALSE,FALSE,FALSE,TRUE
M0119,Coach Outlet,Coach Outlet,"TAPESTRY, INC.",TPR,1116132,NYSE,,Affirm,TRUE,,,,,,,,,,,,,unknown,UNKNOWN,FALSE,major_brand_or_subsidiary,REVIEW,,,,FALSE,,,,,,,no_snapshots,Automated scraper logged 1 present/current evidence item(s) and 1 technical/inconclusive item(s). No operational adoption date assigned unless explicitly supported.,Automated first-pass evidence only; manual validation required before econometric treatment coding.,TRUE,FALSE,FALSE,FALSE,TRUE
M0119,Coach Outlet,Coach Outlet,"TAPESTRY, INC.",TPR,1116132,NYSE,,Klarna,TRUE,,,,2022-09-24,,,,,,,,,unknown,UNKNOWN,FALSE,major_brand_or_subsidiary,REVIEW,,,,FALSE,,,Wayback first observed provider-directory page,https://web.archive.org/web/20241218173802/https://www.klarna.com/us/store/a4c90e97-c458-486a-aaaa-93db1f4de922/coach-outlet/pay-with-klarna/,,https://web.archive.org/web/20220924101952/https://www.klarna.com/us/shopping/t/141/Clothing-Accessories/,checked,"Wayback CDX first observed the provider-directory/listing URL on 2024-12-18. This is an upper-bound/current-listing signal, not an exact operational adoption date.",Automated first-pass evidence only; manual validation required before econometric treatment coding.,TRUE,FALSE,FALSE,FALSE,TRUE
M0119,Coach Outlet,Coach Outlet,"TAPESTRY, INC.",TPR,1116132,NYSE,,Afterpay,TRUE,,,,2025-11-27,,,,,,,,,unknown,UNKNOWN,FALSE,major_brand_or_subsidiary,REVIEW,,,,FALSE,,,Wayback first observed provider-directory page,https://web.archive.org/web/20251127160840/https://www.afterpay.com/en-US/categories/womens-clothing,,https://web.archive.org/web/20251127160840/https://www.afterpay.com/en-US/categories/womens-clothing,checked,"Wayback CDX first observed the provider-directory/listing URL on 2025-11-27. This is an upper-bound/current-listing signal, not an exact operational adoption date.",Automated first-pass evidence only; manual validation required before econometric treatment coding.,TRUE,FALSE,FALSE,FALSE,TRUE
M0119,Coach Outlet,Coach Outlet,"TAPESTRY, INC.",TPR,1116132,NYSE,,Zip,TRUE,,,,,,,,,,,,,unknown,UNKNOWN,FALSE,major_brand_or_subsidiary,REVIEW,,,,TRUE,quadpay,,,,,,no_snapshots,Automated scraper logged 2 present/current evidence item(s) and 1 technical/inconclusive item(s). No operational adoption date assigned unless explicitly supported.,Automated first-pass evidence only; manual validation required before econometric treatment coding.,TRUE,FALSE,FALSE,FALSE,TRUE
M0120,Kate Spade,Kate Spade,"TAPESTRY, INC.",TPR,1116132,NYSE,,Affirm,TRUE,,,,,,,,,,,,,unknown,UNKNOWN,FALSE,major_brand_or_subsidiary,REVIEW,,,,FALSE,,,,,,,no_snapshots,Automated scraper logged 2 present/current evidence item(s) and 1 technical/inconclusive item(s). No operational adoption date assigned unless explicitly supported.,Automated first-pass evidence only; manual validation required before econometric treatment coding.,TRUE,FALSE,FALSE,FALSE,TRUE
M0120,Kate Spade,Kate Spade,"TAPESTRY, INC.",TPR,1116132,NYSE,,Klarna,TRUE,,,,2022-09-24,,,,,,,,,unknown,UNKNOWN,FALSE,major_brand_or_subsidiary,REVIEW,,,,FALSE,,,Wayback first observed provider-directory page,https://web.archive.org/web/20220924101952/https://www.klarna.com/us/shopping/t/141/Clothing-Accessories/,,https://web.archive.org/web/20220924101952/https://www.klarna.com/us/shopping/t/141/Clothing-Accessories/,checked,"Wayback CDX first observed the provider-directory/listing URL on 2022-09-24. This is an upper-bound/current-listing signal, not an exact operational adoption date.",Automated first-pass evidence only; manual validation required before econometric treatment coding.,TRUE,FALSE,FALSE,FALSE,TRUE
M0120,Kate Spade,Kate Spade,"TAPESTRY, INC.",TPR,1116132,NYSE,,Afterpay,TRUE,,,,2025-11-27,,,,,,,,,unknown,UNKNOWN,FALSE,major_brand_or_subsidiary,REVIEW,,,,FALSE,,,Wayback first observed provider-directory page,https://web.archive.org/web/20251127160840/https://www.afterpay.com/en-US/categories/womens-clothing,,https://web.archive.org/web/20251127160840/https://www.afterpay.com/en-US/categories/womens-clothing,checked,"Wayback CDX first observed the provider-directory/listing URL on 2025-11-27. This is an upper-bound/current-listing signal, not an exact operational adoption date.",Automated first-pass evidence only; manual validation required before econometric treatment coding.,TRUE,FALSE,FALSE,FALSE,TRUE
M0120,Kate Spade,Kate Spade,"TAPESTRY, INC.",TPR,1116132,NYSE,,Zip,TRUE,,,,,,,,,,,,,unknown,UNKNOWN,FALSE,major_brand_or_subsidiary,REVIEW,,,,TRUE,quadpay,,,,,,no_snapshots,Automated scraper logged 2 present/current evidence item(s) and 1 technical/inconclusive item(s). No operational adoption date assigned unless explicitly supported.,Automated first-pass evidence only; manual validation required before econometric treatment coding.,TRUE,FALSE,FALSE,FALSE,TRUE
M0120,Kate Spade,Kate Spade,"TAPESTRY, INC.",TPR,1116132,NYSE,,Sezzle,TRUE,,,,2024-10-03,,,,,,,,,unknown,UNKNOWN,FALSE,major_brand_or_subsidiary,REVIEW,,,,FALSE,,,Wayback first observed provider-directory page,https://web.archive.org/web/20241003163243/https://sezzle.com/shop/cosmetics/,,https://web.archive.org/web/20241003163243/https://sezzle.com/shop/cosmetics/,no_snapshots,"Wayback CDX first observed the provider-directory/listing URL on 2024-10-03. This is an upper-bound/current-listing signal, not an exact operational adoption date.",Automated first-pass evidence only; manual validation required before econometric treatment coding.,TRUE,FALSE,FALSE,FALSE,TRUE
M0121,Kate Spade Outlet,Kate Spade Outlet,"TAPESTRY, INC.",TPR,1116132,NYSE,,Affirm,TRUE,,,,,,,,,,,,,unknown,UNKNOWN,FALSE,major_brand_or_subsidiary,REVIEW,,,,FALSE,,,,,,,no_snapshots,Automated scraper logged 1 present/current evidence item(s) and 1 technical/inconclusive item(s). No operational adoption date assigned unless explicitly supported.,Automated first-pass evidence only; manual validation required before econometric treatment coding.,TRUE,FALSE,FALSE,FALSE,TRUE
M0121,Kate Spade Outlet,Kate Spade Outlet,"TAPESTRY, INC.",TPR,1116132,NYSE,,Afterpay,TRUE,,,,2025-11-27,,,,,,,,,unknown,UNKNOWN,FALSE,major_brand_or_subsidiary,REVIEW,,,,FALSE,,,Wayback first observed provider-directory page,https://web.archive.org/web/20251127160840/https://www.afterpay.com/en-US/categories/womens-clothing,,https://web.archive.org/web/20251127160840/https://www.afterpay.com/en-US/categories/womens-clothing,checked,"Wayback CDX first observed the provider-directory/listing URL on 2025-11-27. This is an upper-bound/current-listing signal, not an exact operational adoption date.",Automated first-pass evidence only; manual validation required before econometric treatment coding.,TRUE,FALSE,FALSE,FALSE,TRUE
M0121,Kate Spade Outlet,Kate Spade Outlet,"TAPESTRY, INC.",TPR,1116132,NYSE,,Zip,TRUE,,,,,,,,,,,,,unknown,UNKNOWN,FALSE,major_brand_or_subsidiary,REVIEW,,,,TRUE,quadpay,,,,,,no_snapshots,Automated scraper logged 2 present/current evidence item(s) and 1 technical/inconclusive item(s). No operational adoption date assigned unless explicitly supported.,Automated first-pass evidence only; manual validation required before econometric treatment coding.,TRUE,FALSE,FALSE,FALSE,TRUE
M0121,Kate Spade Outlet,Kate Spade Outlet,"TAPESTRY, INC.",TPR,1116132,NYSE,,Sezzle,TRUE,,,,2024-10-03,,,,,,,,,unknown,UNKNOWN,FALSE,major_brand_or_subsidiary,REVIEW,,,,FALSE,,,Wayback first observed provider-directory page,https://web.archive.org/web/20241003163243/https://sezzle.com/shop/cosmetics/,,https://web.archive.org/web/20241003163243/https://sezzle.com/shop/cosmetics/,no_snapshots,"Wayback CDX first observed the provider-directory/listing URL on 2024-10-03. This is an upper-bound/current-listing signal, not an exact operational adoption date.",Automated first-pass evidence only; manual validation required before econometric treatment coding.,TRUE,FALSE,FALSE,FALSE,TRUE
M0122,Tripadvisor,Tripadvisor,"TripAdvisor, Inc.",TRIP,1526520,Nasdaq,,Zip,TRUE,,,,2021-09-21,,,,,,,,,unknown,UNKNOWN,FALSE,parent_core_business,TRUE,,,,TRUE,quadpay,,Wayback first observed provider-directory page,https://web.archive.org/web/20210921222020/https://zip.co/us/shop/travel-entertainment,,https://web.archive.org/web/20210921222020/https://zip.co/us/shop/travel-entertainment,checked,"Wayback CDX first observed the provider-directory/listing URL on 2021-09-21. This is an upper-bound/current-listing signal, not an exact operational adoption date.",Automated first-pass evidence only; manual validation required before econometric treatment coding.,TRUE,FALSE,FALSE,FALSE,TRUE
M0123,Travelers,Travelers,"TRAVELERS COMPANIES, INC.",TRV,86312,NYSE,,Zip,TRUE,,,,2021-11-09,,,,,,,,,unknown,UNKNOWN,FALSE,parent_core_business,TRUE,,,,TRUE,quadpay,,Wayback first observed provider-directory page,https://web.archive.org/web/20211109131115/https://zip.co/us/shop/bills,,https://web.archive.org/web/20211109131115/https://zip.co/us/shop/bills,checked,"Wayback CDX first observed the provider-directory/listing URL on 2021-11-09. This is an upper-bound/current-listing signal, not an exact operational adoption date.",Automated first-pass evidence only; manual validation required before econometric treatment coding.,TRUE,FALSE,FALSE,FALSE,TRUE
M0124,Tractor Supply Co,Tractor Supply Co,TRACTOR SUPPLY CO /DE/,TSCO,916365,Nasdaq,,Klarna,TRUE,,,,,,,,,,,,,unknown,UNKNOWN,FALSE,parent_core_business,TRUE,,,,FALSE,,,,,,,no_snapshots,Automated scraper logged 3 present/current evidence item(s) and 1 technical/inconclusive item(s). No operational adoption date assigned unless explicitly supported.,Automated first-pass evidence only; manual validation required before econometric treatment coding.,TRUE,FALSE,FALSE,FALSE,TRUE
M0124,Tractor Supply Co,Tractor Supply Co,TRACTOR SUPPLY CO /DE/,TSCO,916365,Nasdaq,,Zip,TRUE,,,,2021-09-21,,,,,,,,,unknown,UNKNOWN,FALSE,parent_core_business,TRUE,,,,TRUE,quadpay,,Wayback first observed provider-directory page,https://web.archive.org/web/20210921232701/https://zip.co/us/shop/pets,,https://web.archive.org/web/20210921232701/https://zip.co/us/shop/pets,checked,"Wayback CDX first observed the provider-directory/listing URL on 2021-09-21. This is an upper-bound/current-listing signal, not an exact operational adoption date.",Automated first-pass evidence only; manual validation required before econometric treatment coding.,TRUE,FALSE,FALSE,FALSE,TRUE
M0125,Under Armour,Under Armour,"Under Armour, Inc.",UAA,1336917,NYSE,,Affirm,TRUE,,,,,,,,,,,,,unknown,UNKNOWN,FALSE,parent_core_business,TRUE,,,,FALSE,,,,,,,no_snapshots,Automated scraper logged 3 present/current evidence item(s) and 0 technical/inconclusive item(s). No operational adoption date assigned unless explicitly supported.,Automated first-pass evidence only; manual validation required before econometric treatment coding.,TRUE,FALSE,FALSE,FALSE,TRUE
M0125,Under Armour,Under Armour,"Under Armour, Inc.",UAA,1336917,NYSE,,Klarna,TRUE,,,,,,,,,,,,,unknown,UNKNOWN,FALSE,parent_core_business,TRUE,,,,FALSE,,,,,,,no_snapshots,Automated scraper logged 2 present/current evidence item(s) and 0 technical/inconclusive item(s). No operational adoption date assigned unless explicitly supported.,Automated first-pass evidence only; manual validation required before econometric treatment coding.,TRUE,FALSE,FALSE,FALSE,TRUE
M0125,Under Armour,Under Armour,"Under Armour, Inc.",UAA,1336917,NYSE,,Zip,TRUE,,,,,,,,,,,,,unknown,UNKNOWN,FALSE,parent_core_business,TRUE,,,,TRUE,quadpay,,,,,,no_snapshots,Automated scraper logged 2 present/current evidence item(s) and 0 technical/inconclusive item(s). No operational adoption date assigned unless explicitly supported.,Automated first-pass evidence only; manual validation required before econometric treatment coding.,TRUE,FALSE,FALSE,FALSE,TRUE
M0126,Frontier,Frontier,"Frontier Group Holdings, Inc.",ULCC,1670076,Nasdaq,,Zip,TRUE,,,,2021-09-21,,,,,,,,,unknown,UNKNOWN,FALSE,parent_core_business,TRUE,,,,TRUE,quadpay,,Wayback first observed provider-directory page,https://web.archive.org/web/20210921222020/https://zip.co/us/shop/travel-entertainment,,https://web.archive.org/web/20210921222020/https://zip.co/us/shop/travel-entertainment,checked,"Wayback CDX first observed the provider-directory/listing URL on 2021-09-21. This is an upper-bound/current-listing signal, not an exact operational adoption date.",Automated first-pass evidence only; manual validation required before econometric treatment coding.,TRUE,FALSE,FALSE,FALSE,TRUE
M0127,Ulta,Ulta,"Ulta Beauty, Inc.",ULTA,1403568,Nasdaq,,Affirm,TRUE,,,,,,,,,,,,,unknown,UNKNOWN,FALSE,parent_core_business,TRUE,,,,FALSE,,,,,,,no_snapshots,Automated scraper logged 1 present/current evidence item(s) and 0 technical/inconclusive item(s). No operational adoption date assigned unless explicitly supported.,Automated first-pass evidence only; manual validation required before econometric treatment coding.,TRUE,FALSE,FALSE,FALSE,TRUE
M0127,Ulta,Ulta,"Ulta Beauty, Inc.",ULTA,1403568,Nasdaq,,Sezzle,TRUE,,,,2024-10-03,,,,,,,,,unknown,UNKNOWN,FALSE,parent_core_business,TRUE,,,,FALSE,,,Wayback first observed provider-directory page,https://web.archive.org/web/20241003163243/https://sezzle.com/shop/cosmetics/,,https://web.archive.org/web/20241003163243/https://sezzle.com/shop/cosmetics/,no_snapshots,"Wayback CDX first observed the provider-directory/listing URL on 2024-10-03. This is an upper-bound/current-listing signal, not an exact operational adoption date.",Automated first-pass evidence only; manual validation required before econometric treatment coding.,TRUE,FALSE,FALSE,FALSE,TRUE
M0128,Ulta Beauty,Ulta Beauty,"Ulta Beauty, Inc.",ULTA,1403568,Nasdaq,,Klarna,TRUE,,,,2022-09-17,,,,,,,,,unknown,UNKNOWN,FALSE,parent_core_business,TRUE,,,,FALSE,,,Wayback first observed provider-directory page,https://web.archive.org/web/20220917161909/https://www.klarna.com/us/shopping/t/10/Health-Beauty/,,https://web.archive.org/web/20220917161909/https://www.klarna.com/us/shopping/t/10/Health-Beauty/,checked,"Wayback CDX first observed the provider-directory/listing URL on 2022-09-17. This is an upper-bound/current-listing signal, not an exact operational adoption date.",Automated first-pass evidence only; manual validation required before econometric treatment coding.,TRUE,FALSE,FALSE,FALSE,TRUE
M0128,Ulta Beauty,Ulta Beauty,"Ulta Beauty, Inc.",ULTA,1403568,Nasdaq,,Afterpay,TRUE,,,,,,,,,,,,,unknown,UNKNOWN,FALSE,parent_core_business,TRUE,,,,FALSE,,,,,,,no_snapshots,Automated scraper logged 1 present/current evidence item(s) and 0 technical/inconclusive item(s). No operational adoption date assigned unless explicitly supported.,Automated first-pass evidence only; manual validation required before econometric treatment coding.,TRUE,FALSE,FALSE,FALSE,TRUE
M0129,Urban Outfitters,Urban Outfitters,URBAN OUTFITTERS INC,URBN,912615,Nasdaq,,Klarna,TRUE,,,,2022-09-24,,,,,,,,,unknown,UNKNOWN,FALSE,parent_core_business,TRUE,,,,FALSE,,,Wayback first observed provider-directory page,https://web.archive.org/web/20220924101952/https://www.klarna.com/us/shopping/t/141/Clothing-Accessories/,,https://web.archive.org/web/20220924101952/https://www.klarna.com/us/shopping/t/141/Clothing-Accessories/,checked,"Wayback CDX first observed the provider-directory/listing URL on 2022-09-24. This is an upper-bound/current-listing signal, not an exact operational adoption date.",Automated first-pass evidence only; manual validation required before econometric treatment coding.,TRUE,FALSE,FALSE,FALSE,TRUE
M0129,Urban Outfitters,Urban Outfitters,URBAN OUTFITTERS INC,URBN,912615,Nasdaq,,Afterpay,TRUE,,,,2025-11-27,,,,,,,,,unknown,UNKNOWN,FALSE,parent_core_business,TRUE,,,,FALSE,,,Wayback first observed provider-directory page,https://web.archive.org/web/20210614120033/https://www.afterpay.com/en-US/categories/home,,https://web.archive.org/web/20251127160840/https://www.afterpay.com/en-US/categories/womens-clothing,checked,"Wayback CDX first observed the provider-directory/listing URL on 2021-06-14. This is an upper-bound/current-listing signal, not an exact operational adoption date.",Automated first-pass evidence only; manual validation required before econometric treatment coding.,TRUE,FALSE,FALSE,FALSE,TRUE
M0129,Urban Outfitters,Urban Outfitters,URBAN OUTFITTERS INC,URBN,912615,Nasdaq,,Zip,TRUE,,,,,,,,,,,,,unknown,UNKNOWN,FALSE,parent_core_business,TRUE,,,,TRUE,quadpay,,,,,,no_snapshots,Automated scraper logged 2 present/current evidence item(s) and 1 technical/inconclusive item(s). No operational adoption date assigned unless explicitly supported.,Automated first-pass evidence only; manual validation required before econometric treatment coding.,TRUE,FALSE,FALSE,FALSE,TRUE
M0130,Timberland,Timberland,V F CORP,VFC,103379,NYSE,,Sezzle,TRUE,,,,,,,,,,,,,unknown,UNKNOWN,FALSE,major_brand_or_subsidiary,REVIEW,,,,FALSE,,,,,,,no_snapshots,Automated scraper logged 3 present/current evidence item(s) and 1 technical/inconclusive item(s). No operational adoption date assigned unless explicitly supported.,Automated first-pass evidence only; manual validation required before econometric treatment coding.,TRUE,FALSE,FALSE,FALSE,TRUE
M0131,Vans,Vans,V F CORP,VFC,103379,NYSE,,Zip,TRUE,,,,2021-09-21,,,,,,,,,unknown,UNKNOWN,FALSE,major_brand_or_subsidiary,REVIEW,,,,TRUE,quadpay,,Wayback first observed provider-directory page,https://web.archive.org/web/20210921002020/https://zip.co/us/shop/shop-all,,https://web.archive.org/web/20210921002020/https://zip.co/us/shop/shop-all,checked,"Wayback CDX first observed the provider-directory/listing URL on 2021-09-21. This is an upper-bound/current-listing signal, not an exact operational adoption date.",Automated first-pass evidence only; manual validation required before econometric treatment coding.,TRUE,FALSE,FALSE,FALSE,TRUE
M0131,Vans,Vans,V F CORP,VFC,103379,NYSE,,Sezzle,TRUE,,,,,,,,,,,,,unknown,UNKNOWN,FALSE,major_brand_or_subsidiary,REVIEW,,,,FALSE,,,,,,,no_snapshots,Automated scraper logged 3 present/current evidence item(s) and 1 technical/inconclusive item(s). No operational adoption date assigned unless explicitly supported.,Automated first-pass evidence only; manual validation required before econometric treatment coding.,TRUE,FALSE,FALSE,FALSE,TRUE
M0132,Vince,Vince,VINCE HOLDING CORP.,VNCE,1579157,Nasdaq,,Klarna,TRUE,,,,2022-09-24,,,,,,,,,unknown,UNKNOWN,FALSE,parent_core_business,TRUE,,,,FALSE,,,Wayback first observed provider-directory page,https://web.archive.org/web/20220924101952/https://www.klarna.com/us/shopping/t/141/Clothing-Accessories/,,https://web.archive.org/web/20220924101952/https://www.klarna.com/us/shopping/t/141/Clothing-Accessories/,checked,"Wayback CDX first observed the provider-directory/listing URL on 2022-09-24. This is an upper-bound/current-listing signal, not an exact operational adoption date.",Automated first-pass evidence only; manual validation required before econometric treatment coding.,TRUE,FALSE,FALSE,FALSE,TRUE
M0132,Vince,Vince,VINCE HOLDING CORP.,VNCE,1579157,Nasdaq,,Afterpay,TRUE,,,,2025-11-27,,,,,,,,,unknown,UNKNOWN,FALSE,parent_core_business,TRUE,,,,FALSE,,,Wayback first observed provider-directory page,https://web.archive.org/web/20260226210648/https://www.afterpay.com/en-US/categories/mens-clothing,,https://web.archive.org/web/20251127160840/https://www.afterpay.com/en-US/categories/womens-clothing,checked,"Wayback CDX first observed the provider-directory/listing URL on 2026-02-26. This is an upper-bound/current-listing signal, not an exact operational adoption date.",Automated first-pass evidence only; manual validation required before econometric treatment coding.,TRUE,FALSE,FALSE,FALSE,TRUE
M0133,Vera Bradley,Vera Bradley,"Vera Bradley, Inc.",VRA,1495320,Nasdaq,,Klarna,TRUE,,,,2022-09-24,,,,,,,,,unknown,UNKNOWN,FALSE,parent_core_business,TRUE,,,,TRUE,paypal pay later,,Wayback first observed provider-directory page,https://web.archive.org/web/20220924101952/https://www.klarna.com/us/shopping/t/141/Clothing-Accessories/,,https://web.archive.org/web/20220924101952/https://www.klarna.com/us/shopping/t/141/Clothing-Accessories/,checked,"Wayback CDX first observed the provider-directory/listing URL on 2022-09-24. This is an upper-bound/current-listing signal, not an exact operational adoption date.",Automated first-pass evidence only; manual validation required before econometric treatment coding.,TRUE,FALSE,FALSE,FALSE,TRUE
M0133,Vera Bradley,Vera Bradley,"Vera Bradley, Inc.",VRA,1495320,Nasdaq,,Afterpay,TRUE,,,,2025-11-27,,,,,,,,,unknown,UNKNOWN,FALSE,parent_core_business,TRUE,,,,TRUE,paypal pay later,,Wayback first observed provider-directory page,https://web.archive.org/web/20251127160840/https://www.afterpay.com/en-US/categories/womens-clothing,,https://web.archive.org/web/20251127160840/https://www.afterpay.com/en-US/categories/womens-clothing,checked,"Wayback CDX first observed the provider-directory/listing URL on 2025-11-27. This is an upper-bound/current-listing signal, not an exact operational adoption date.",Automated first-pass evidence only; manual validation required before econometric treatment coding.,TRUE,FALSE,FALSE,FALSE,TRUE
M0133,Vera Bradley,Vera Bradley,"Vera Bradley, Inc.",VRA,1495320,Nasdaq,,Zip,TRUE,,,,,,,,,,,,,unknown,UNKNOWN,FALSE,parent_core_business,TRUE,,,,TRUE,paypal pay later,,,,,,no_snapshots,Automated scraper logged 3 present/current evidence item(s) and 0 technical/inconclusive item(s). No operational adoption date assigned unless explicitly supported.,Automated first-pass evidence only; manual validation required before econometric treatment coding.,TRUE,FALSE,FALSE,FALSE,TRUE
M0134,Victoria's Secret,Victoria's Secret,Victoria's Secret & Co.,VSXY,1856437,NYSE,,Klarna,TRUE,,,,2022-09-24,,,,,,,,,unknown,UNKNOWN,FALSE,parent_core_business,TRUE,,,,FALSE,,,Wayback first observed provider-directory page,https://web.archive.org/web/20220924101952/https://www.klarna.com/us/shopping/t/141/Clothing-Accessories/,,https://web.archive.org/web/20220924101952/https://www.klarna.com/us/shopping/t/141/Clothing-Accessories/,checked,"Wayback CDX first observed the provider-directory/listing URL on 2022-09-24. This is an upper-bound/current-listing signal, not an exact operational adoption date.",Automated first-pass evidence only; manual validation required before econometric treatment coding.,TRUE,FALSE,FALSE,FALSE,TRUE
M0134,Victoria's Secret,Victoria's Secret,Victoria's Secret & Co.,VSXY,1856437,NYSE,,Afterpay,TRUE,,,,2025-11-27,,,,,,,,,unknown,UNKNOWN,FALSE,parent_core_business,TRUE,,,,FALSE,,,Wayback first observed provider-directory page,https://web.archive.org/web/20251127160840/https://www.afterpay.com/en-US/categories/womens-clothing,,https://web.archive.org/web/20251127160840/https://www.afterpay.com/en-US/categories/womens-clothing,checked,"Wayback CDX first observed the provider-directory/listing URL on 2025-11-27. This is an upper-bound/current-listing signal, not an exact operational adoption date.",Automated first-pass evidence only; manual validation required before econometric treatment coding.,TRUE,FALSE,FALSE,FALSE,TRUE
M0135,Wayfair,Wayfair,Wayfair Inc.,W,1616707,NYSE,,Affirm,TRUE,,,,2020-11-29,,,,,,,,,unknown,UNKNOWN,FALSE,parent_core_business,TRUE,,,,FALSE,,,Wayback first observed provider-directory page,https://web.archive.org/web/20201129073945/https://www.affirm.com/shopping/home-and-furniture,,https://web.archive.org/web/20201129073945/https://www.affirm.com/shopping/home-and-furniture,checked,"Wayback CDX first observed the provider-directory/listing URL on 2020-11-29. This is an upper-bound/current-listing signal, not an exact operational adoption date.",Automated first-pass evidence only; manual validation required before econometric treatment coding.,TRUE,FALSE,FALSE,FALSE,TRUE
M0135,Wayfair,Wayfair,Wayfair Inc.,W,1616707,NYSE,,Klarna,TRUE,,,,2022-09-24,,,,,,,,,unknown,UNKNOWN,FALSE,parent_core_business,TRUE,,,,FALSE,,,Wayback first observed provider-directory page,https://web.archive.org/web/20220924101958/https://www.klarna.com/us/shopping/t/1493/Toys-Hobbies/,,https://web.archive.org/web/20220924102041/https://www.klarna.com/us/shopping/t/35/Kids-Family/,checked,"Wayback CDX first observed the provider-directory/listing URL on 2022-09-24. This is an upper-bound/current-listing signal, not an exact operational adoption date.",Automated first-pass evidence only; manual validation required before econometric treatment coding.,TRUE,FALSE,FALSE,FALSE,TRUE
M0135,Wayfair,Wayfair,Wayfair Inc.,W,1616707,NYSE,,Afterpay,TRUE,,,,2021-06-14,,,,,,,,,unknown,UNKNOWN,FALSE,parent_core_business,TRUE,,,,FALSE,,,Wayback first observed provider-directory page,https://web.archive.org/web/20210614120033/https://www.afterpay.com/en-US/categories/home,,https://web.archive.org/web/20210614120033/https://www.afterpay.com/en-US/categories/home,checked,"Wayback CDX first observed the provider-directory/listing URL on 2021-06-14. This is an upper-bound/current-listing signal, not an exact operational adoption date.",Automated first-pass evidence only; manual validation required before econometric treatment coding.,TRUE,FALSE,FALSE,FALSE,TRUE
M0135,Wayfair,Wayfair,Wayfair Inc.,W,1616707,NYSE,,Zip,TRUE,,,,,,,,,,,,,unknown,UNKNOWN,FALSE,parent_core_business,TRUE,,,,TRUE,quadpay,,,,,,no_snapshots,Automated scraper logged 3 present/current evidence item(s) and 0 technical/inconclusive item(s). No operational adoption date assigned unless explicitly supported.,Automated first-pass evidence only; manual validation required before econometric treatment coding.,TRUE,FALSE,FALSE,FALSE,TRUE
M0136,Whirlpool,Whirlpool,WHIRLPOOL CORP /DE/,WHR,106640,NYSE,,Klarna,TRUE,,,,,,,,,,,,,unknown,UNKNOWN,FALSE,parent_core_business,TRUE,,,,FALSE,,,,,,,no_snapshots,Automated scraper logged 3 present/current evidence item(s) and 0 technical/inconclusive item(s). No operational adoption date assigned unless explicitly supported.,Automated first-pass evidence only; manual validation required before econometric treatment coding.,TRUE,FALSE,FALSE,FALSE,TRUE
M0137,Waste Management,Waste Management,WASTE MANAGEMENT INC,WM,823768,NYSE,,Zip,TRUE,,,,2021-11-09,,,,,,,,,unknown,UNKNOWN,FALSE,parent_core_business,TRUE,,,,TRUE,quadpay,,Wayback first observed provider-directory page,https://web.archive.org/web/20211109131115/https://zip.co/us/shop/bills,,https://web.archive.org/web/20211109131115/https://zip.co/us/shop/bills,checked,"Wayback CDX first observed the provider-directory/listing URL on 2021-11-09. This is an upper-bound/current-listing signal, not an exact operational adoption date.",Automated first-pass evidence only; manual validation required before econometric treatment coding.,TRUE,FALSE,FALSE,FALSE,TRUE
M0138,Sam's Club,Sam's Club,Walmart Inc.,WMT,104169,Nasdaq,,Affirm,TRUE,,,,2020-11-29,,,,,,,,,unknown,UNKNOWN,FALSE,major_brand_or_subsidiary,REVIEW,,,,FALSE,,,Wayback first observed provider-directory page,https://web.archive.org/web/20201129073945/https://www.affirm.com/shopping/home-and-furniture,,https://web.archive.org/web/20201129073945/https://www.affirm.com/shopping/home-and-furniture,checked,"Wayback CDX first observed the provider-directory/listing URL on 2020-11-29. This is an upper-bound/current-listing signal, not an exact operational adoption date.",Automated first-pass evidence only; manual validation required before econometric treatment coding.,TRUE,FALSE,FALSE,FALSE,TRUE
M0138,Sam's Club,Sam's Club,Walmart Inc.,WMT,104169,Nasdaq,,Klarna,TRUE,,,,2024-12-18,,,,,,,,,unknown,UNKNOWN,FALSE,major_brand_or_subsidiary,REVIEW,,,,FALSE,,,Wayback first observed provider-directory page,https://web.archive.org/web/20241218173901/https://www.klarna.com/us/store/b0bcf9b1-6ea3-44d1-ac4f-44829c4a02c2/sam-s-club/pay-with-klarna/,,https://web.archive.org/web/20241218173901/https://www.klarna.com/us/store/b0bcf9b1-6ea3-44d1-ac4f-44829c4a02c2/sam-s-club/pay-with-klarna/,no_snapshots,"Wayback CDX first observed the provider-directory/listing URL on 2024-12-18. This is an upper-bound/current-listing signal, not an exact operational adoption date.",Automated first-pass evidence only; manual validation required before econometric treatment coding.,TRUE,FALSE,FALSE,FALSE,TRUE
M0138,Sam's Club,Sam's Club,Walmart Inc.,WMT,104169,Nasdaq,,Zip,TRUE,,,,2021-11-09,,,,,,,,,unknown,UNKNOWN,FALSE,major_brand_or_subsidiary,REVIEW,,,,TRUE,quadpay,,Wayback first observed provider-directory page,https://web.archive.org/web/20210921224524/https://zip.co/us/shop/appliances-electronics,,https://web.archive.org/web/20211109131115/https://zip.co/us/shop/bills,no_snapshots,"Wayback CDX first observed the provider-directory/listing URL on 2021-09-21. This is an upper-bound/current-listing signal, not an exact operational adoption date.",Automated first-pass evidence only; manual validation required before econometric treatment coding.,TRUE,FALSE,FALSE,FALSE,TRUE
M0139,Walmart,Walmart,Walmart Inc.,WMT,104169,Nasdaq,,Klarna,TRUE,,,,2022-09-24,,,,,,,,,unknown,UNKNOWN,FALSE,parent_core_business,TRUE,,,,FALSE,,,Wayback first observed provider-directory page,https://web.archive.org/web/20220924101958/https://www.klarna.com/us/shopping/t/1493/Toys-Hobbies/,,https://web.archive.org/web/20220924102041/https://www.klarna.com/us/shopping/t/35/Kids-Family/,checked,"Wayback CDX first observed the provider-directory/listing URL on 2022-09-24. This is an upper-bound/current-listing signal, not an exact operational adoption date.",Automated first-pass evidence only; manual validation required before econometric treatment coding.,TRUE,FALSE,FALSE,FALSE,TRUE
M0139,Walmart,Walmart,Walmart Inc.,WMT,104169,Nasdaq,,Zip,TRUE,,,,,,,,,,,,,unknown,UNKNOWN,FALSE,parent_core_business,TRUE,,,,TRUE,quadpay,,,,,,no_snapshots,Automated scraper logged 3 present/current evidence item(s) and 0 technical/inconclusive item(s). No operational adoption date assigned unless explicitly supported.,Automated first-pass evidence only; manual validation required before econometric treatment coding.,TRUE,FALSE,FALSE,FALSE,TRUE
M0140,Warby Parker,Warby Parker,Warby Parker Inc.,WRBY,1504776,NYSE,,Klarna,TRUE,,,,2022-09-17,,,,,,,,,unknown,UNKNOWN,FALSE,parent_core_business,TRUE,,,,FALSE,,,Wayback first observed provider-directory page,https://web.archive.org/web/20220917161909/https://www.klarna.com/us/shopping/t/10/Health-Beauty/,,https://web.archive.org/web/20220917161909/https://www.klarna.com/us/shopping/t/10/Health-Beauty/,checked,"Wayback CDX first observed the provider-directory/listing URL on 2022-09-17. This is an upper-bound/current-listing signal, not an exact operational adoption date.",Automated first-pass evidence only; manual validation required before econometric treatment coding.,TRUE,FALSE,FALSE,FALSE,TRUE
M0141,Williams-Sonoma,Williams-Sonoma,WILLIAMS SONOMA INC,WSM,719955,NYSE,,Klarna,TRUE,,,,,,,,,,,,,unknown,UNKNOWN,FALSE,parent_core_business,TRUE,,,,FALSE,,,,,,,no_snapshots,Automated scraper logged 3 present/current evidence item(s) and 0 technical/inconclusive item(s). No operational adoption date assigned unless explicitly supported.,Automated first-pass evidence only; manual validation required before econometric treatment coding.,TRUE,FALSE,FALSE,FALSE,TRUE
M0141,Williams-Sonoma,Williams-Sonoma,WILLIAMS SONOMA INC,WSM,719955,NYSE,,Sezzle,TRUE,,,,,,,,,,,,,unknown,UNKNOWN,FALSE,parent_core_business,TRUE,,,,FALSE,,,,,,,no_snapshots,Automated scraper logged 2 present/current evidence item(s) and 0 technical/inconclusive item(s). No operational adoption date assigned unless explicitly supported.,Automated first-pass evidence only; manual validation required before econometric treatment coding.,TRUE,FALSE,FALSE,FALSE,TRUE
M0142,Wolverine,Wolverine,WOLVERINE WORLD WIDE INC /DE/,WWW,110471,NYSE,,Klarna,TRUE,,,,2022-09-24,,,,,,,,,unknown,UNKNOWN,FALSE,parent_core_business,TRUE,,,,FALSE,,,Wayback first observed provider-directory page,https://web.archive.org/web/20220924101952/https://www.klarna.com/us/shopping/t/141/Clothing-Accessories/,,https://web.archive.org/web/20220924101952/https://www.klarna.com/us/shopping/t/141/Clothing-Accessories/,checked,"Wayback CDX first observed the provider-directory/listing URL on 2022-09-24. This is an upper-bound/current-listing signal, not an exact operational adoption date.",Automated first-pass evidence only; manual validation required before econometric treatment coding.,TRUE,FALSE,FALSE,FALSE,TRUE
M0143,Yeti,Yeti,"YETI Holdings, Inc.",YETI,1670592,NYSE,,Klarna,TRUE,,,,,,,,,,,,,unknown,UNKNOWN,FALSE,parent_core_business,TRUE,,,,FALSE,,,,,,,no_snapshots,Automated scraper logged 2 present/current evidence item(s) and 0 technical/inconclusive item(s). No operational adoption date assigned unless explicitly supported.,Automated first-pass evidence only; manual validation required before econometric treatment coding.,TRUE,FALSE,FALSE,FALSE,TRUE
M0144,zumiez,zumiez,Zumiez Inc,ZUMZ,1318008,Nasdaq,,Klarna,TRUE,,,,2022-09-24,,,,,,,,,unknown,UNKNOWN,FALSE,parent_core_business,TRUE,,,,FALSE,,,Wayback first observed provider-directory page,https://web.archive.org/web/20220924101952/https://www.klarna.com/us/shopping/t/141/Clothing-Accessories/,,https://web.archive.org/web/20220924101952/https://www.klarna.com/us/shopping/t/141/Clothing-Accessories/,checked,"Wayback CDX first observed the provider-directory/listing URL on 2022-09-24. This is an upper-bound/current-listing signal, not an exact operational adoption date.",Automated first-pass evidence only; manual validation required before econometric treatment coding.,TRUE,FALSE,FALSE,FALSE,TRUE
