method,object,target,quarter,vintage_date,horizon_q,point,q50,window,prior_basis,n_params,n_train,q05,q10,q25,q75,q90,q95,sd,base_naive,base_ar1,base_trailing4,base_guide_cushion,base_street,street_vendor,street_as_of,knowable_from,spec_id,notes,format_version
driver-lines,margin_v2,adj_ebitda_margin_pct,2023Q1,2023-02-14,0,17.72020776216367,17.72020776216367,W1,PIT,7,12,9.581261900829942,11.378926909224461,14.382746318226703,21.05766920610064,24.06148861510288,25.8591536234974,4.948127740957859,,,,,,,,2023-02-14,a_unit_rw,rev_leg=guide_cushion;scenario=backtest;,1.0
driver-lines,margin_v2,adj_ebitda_musd,2023Q1,2023-02-14,0,326.9638356907012,326.9638356907012,W1,PIT,7,12,136.9095125771858,178.8871853834877,249.03003609899912,404.8976352824033,475.04048599791474,517.0181588042166,115.54482417122854,,,,,,,,2023-02-14,a_unit_rw,rev_leg=guide_cushion;scenario=backtest;,1.0
driver-lines,margin_v2,total_cash_costs_musd,2023Q1,2023-02-14,0,1518.1829034397338,1518.1829034397338,W1,PIT,7,12,1323.5102127828977,1366.5079535279697,1438.3552930434914,1598.0105138359763,1669.8578533514979,1712.85559409657,118.35259227146989,,,,,,,,2023-02-14,a_unit_rw,rev_leg=guide_cushion;scenario=backtest;,1.0
driver-lines,margin_v2,adj_ebitda_margin_pct,2023Q2,2023-02-14,1,38.18012458763287,38.18012458763287,W1,PIT,7,12,31.53491354326303,33.00265439955899,35.455185016186434,40.9050641590793,43.357594775706744,44.825335632002705,4.040001453920185,,,,,,,,2023-02-14,a_unit_rw,rev_leg=naive;scenario=backtest;,1.0
driver-lines,margin_v2,adj_ebitda_musd,2023Q2,2023-02-14,1,997.3206789542161,997.3206789542161,W1,PIT,7,12,469.4280697342543,586.024750428884,780.8526915971656,1213.7886663112665,1408.616607479548,1525.213288174178,320.9359182910056,,,,,,,,2023-02-14,a_unit_rw,rev_leg=naive;scenario=backtest;,1.0
driver-lines,margin_v2,total_cash_costs_musd,2023Q2,2023-02-14,1,1614.8255351450007,1614.8255351450007,W1,PIT,7,12,1566.8941232631198,1577.4808286437699,1595.1707491524783,1634.480321137523,1652.1702416462313,1662.7569470268818,29.140229316766476,,,,,,,,2023-02-14,a_unit_rw,rev_leg=naive;scenario=backtest;,1.0
driver-lines,margin_v2,adj_ebitda_margin_pct,2023Q3,2023-02-14,2,53.77118617838241,53.77118617838241,W1,PIT,7,12,48.83662529752799,49.926531481748604,51.747716927794166,55.79465542897065,57.61584087501621,58.70574705923683,3.0,,,,,,,,2023-02-14,a_unit_rw,rev_leg=naive;scenario=backtest;,1.0
driver-lines,margin_v2,adj_ebitda_musd,2023Q3,2023-02-14,2,1925.2920625648896,1925.2920625648896,W1,PIT,7,12,1608.6096993598157,1678.555956873827,1795.4330863315006,2055.1510387982785,2172.0281682559526,2241.9744257699635,192.52920625648898,,,,,,,,2023-02-14,a_unit_rw,rev_leg=naive;scenario=backtest;,1.0
driver-lines,margin_v2,total_cash_costs_musd,2023Q3,2023-02-14,2,1655.2353525787132,1655.2353525787132,W1,PIT,7,12,1382.9733652639736,1443.1084068345112,1543.5914246310595,1766.879280526367,1867.3622983229152,1927.4973398934528,165.52353525787134,,,,,,,,2023-02-14,a_unit_rw,rev_leg=naive;scenario=backtest;,1.0
driver-lines,margin_v2,adj_ebitda_margin_pct,2023Q1,2023-02-14,0,18.19266776251548,18.19266776251548,W1,full_sample,7,12,13.63704287842835,14.643252722432983,16.324585253708978,20.060750271321982,21.742082802597977,22.74829264660261,2.7696232719080323,,,,,,,,2023-02-14,a_unit_rw,rev_leg=guide_cushion;scenario=backtest;,1.0
driver-lines,margin_v2,adj_ebitda_musd,2023Q1,2023-02-14,0,335.68141598088823,335.68141598088823,W1,full_sample,7,12,270.22332148669574,284.6811797883983,308.83962709446473,362.52320486731173,386.68165217337815,401.1395104750807,39.79569575167051,,,,,,,,2023-02-14,a_unit_rw,rev_leg=guide_cushion;scenario=backtest;,1.0
driver-lines,margin_v2,total_cash_costs_musd,2023Q1,2023-02-14,0,1509.4653231495467,1509.4653231495467,W1,full_sample,7,12,1407.1578781801152,1429.7547251248197,1467.5130655930345,1551.417580706059,1589.1759211742738,1611.7727681189785,62.19851012460334,,,,,,,,2023-02-14,a_unit_rw,rev_leg=guide_cushion;scenario=backtest;,1.0
driver-lines,margin_v2,adj_ebitda_margin_pct,2023Q2,2023-02-14,1,38.61363804649104,38.61363804649104,W1,full_sample,7,12,31.882837695301763,33.36948283042983,35.85360166811286,41.37367442486922,43.85779326255225,45.34443839768032,4.092036057739656,,,,,,,,2023-02-14,a_unit_rw,rev_leg=naive;scenario=backtest;,1.0
driver-lines,margin_v2,adj_ebitda_musd,2023Q2,2023-02-14,1,1008.6446843573905,1008.6446843573905,W1,full_sample,7,12,620.7317309661302,706.4108292787671,849.5768458922631,1167.7125228225177,1310.8785394360139,1396.557637748651,235.83433020128837,,,,,,,,2023-02-14,a_unit_rw,rev_leg=naive;scenario=backtest;,1.0
driver-lines,margin_v2,total_cash_costs_musd,2023Q2,2023-02-14,1,1603.5015297418263,1603.5015297418263,W1,full_sample,7,12,1500.484841541987,1523.2383404363993,1561.2584394440491,1645.7446200396034,1683.7647190472533,1706.5182179416656,62.62969939201688,,,,,,,,2023-02-14,a_unit_rw,rev_leg=naive;scenario=backtest;,1.0
driver-lines,margin_v2,adj_ebitda_margin_pct,2023Q3,2023-02-14,2,54.04995857690232,54.04995857690232,W1,full_sample,7,12,45.541191769077685,47.42053985857444,50.560848114640095,57.539069039164545,60.679377295230196,62.558725384726955,5.172962911961083,,,,,,,,2023-02-14,a_unit_rw,rev_leg=naive;scenario=backtest;,1.0
driver-lines,margin_v2,adj_ebitda_musd,2023Q3,2023-02-14,2,1935.2735847197487,1935.2735847197487,W1,full_sample,7,12,563.0528239335154,866.1379270274047,1372.5798452944532,2497.967324145044,3004.4092424120927,3307.494345505982,834.250986411156,,,,,,,,2023-02-14,a_unit_rw,rev_leg=naive;scenario=backtest;,1.0
driver-lines,margin_v2,total_cash_costs_musd,2023Q3,2023-02-14,2,1645.2538304238542,1645.2538304238542,W1,full_sample,7,12,1528.9122670257666,1554.6088573589504,1597.5467331186467,1692.960927729062,1735.898803488758,1761.5953938219418,70.7306483031635,,,,,,,,2023-02-14,a_unit_rw,rev_leg=naive;scenario=backtest;,1.0
driver-lines,margin_v2,adj_ebitda_margin_pct,2023Q2,2023-05-09,0,34.706566426918165,34.706566426918165,W1,PIT,7,13,27.867547073781928,29.378094753091748,31.902153694076787,37.51097915975954,40.035038100744586,41.5455857800544,4.157828539315983,,,,,,,,2023-05-09,a_unit_rw,rev_leg=guide_cushion;scenario=backtest;,1.0
driver-lines,margin_v2,adj_ebitda_musd,2023Q2,2023-05-09,0,854.93806417716,854.93806417716,W1,PIT,7,13,466.42832470925856,552.2392363384788,695.6255072245281,1014.2506211297919,1157.636892015841,1243.4478036450614,236.19715037377213,,,,,,,,2023-05-09,a_unit_rw,rev_leg=guide_cushion;scenario=backtest;,1.0
driver-lines,margin_v2,total_cash_costs_musd,2023Q2,2023-05-09,0,1608.394244933303,1608.394244933303,W1,PIT,7,13,1438.6491034121884,1476.1410472654036,1538.7884415805936,1678.0000482860125,1740.6474426012023,1778.1393864544177,103.19771847159184,,,,,,,,2023-05-09,a_unit_rw,rev_leg=guide_cushion;scenario=backtest;,1.0
driver-lines,margin_v2,adj_ebitda_margin_pct,2023Q3,2023-05-09,1,51.85804330900799,51.85804330900799,W1,PIT,7,13,45.08693519672992,46.58248318646724,49.08147830384973,54.63460831416625,57.133603431548735,58.62915142128606,4.116541436472654,,,,,,,,2023-05-09,a_unit_rw,rev_leg=naive;scenario=backtest;,1.0
driver-lines,margin_v2,adj_ebitda_musd,2023Q3,2023-05-09,1,1801.8391595094733,1801.8391595094733,W1,PIT,7,13,1019.2226863072392,1192.080728716952,1480.9189384878327,2122.7593805311135,2411.597590301995,2584.4556327117075,475.7970316499923,,,,,,,,2023-05-09,a_unit_rw,rev_leg=naive;scenario=backtest;,1.0
driver-lines,margin_v2,total_cash_costs_musd,2023Q3,2023-05-09,1,1672.7214766734294,1672.7214766734294,W1,PIT,7,13,1631.7995976440834,1640.8380936928525,1655.9410242904332,1689.5019290564255,1704.6048596540063,1713.6433557027754,24.878735930557784,,,,,,,,2023-05-09,a_unit_rw,rev_leg=naive;scenario=backtest;,1.0
driver-lines,margin_v2,adj_ebitda_margin_pct,2023Q4,2023-05-09,2,28.309584197242206,28.309584197242206,W1,PIT,7,13,20.884071934687316,22.524159458455646,25.264673799755297,31.354494594729115,34.09500893602877,35.7350964597971,4.514390910464864,,,,,,,,2023-05-09,a_unit_rw,rev_leg=naive;scenario=backtest;,1.0
driver-lines,margin_v2,adj_ebitda_musd,2023Q4,2023-05-09,2,648.7070866948656,648.7070866948656,W1,PIT,7,13,-283.6352571454042,-77.70696668598949,266.390177585113,1031.0239958046182,1375.1211400757206,1581.0494305351353,566.8238976183237,,,,,,,,2023-05-09,a_unit_rw,rev_leg=naive;scenario=backtest;,1.0
driver-lines,margin_v2,total_cash_costs_musd,2023Q4,2023-05-09,2,1642.7680624105024,1642.7680624105024,W1,PIT,7,13,1452.5960275173372,1494.5996995563355,1564.7859938497259,1720.7501309712788,1790.936425264669,1832.9400973036675,115.61638785186305,,,,,,,,2023-05-09,a_unit_rw,rev_leg=naive;scenario=backtest;,1.0
driver-lines,margin_v2,adj_ebitda_margin_pct,2023Q2,2023-05-09,0,35.63366583589557,35.63366583589557,W1,full_sample,7,13,31.07804095180844,32.08425079581308,33.76558332708907,37.50174834470207,39.183080875978064,40.1892907199827,2.7696232719080323,,,,,,,,2023-05-09,a_unit_rw,rev_leg=guide_cushion;scenario=backtest;,1.0
driver-lines,margin_v2,adj_ebitda_musd,2023Q2,2023-05-09,0,877.7756034560725,877.7756034560725,W1,full_sample,7,13,706.6087897442412,744.4147411353123,807.5868282783537,947.9643786337914,1011.1364657768327,1048.9424171679038,104.06203379267696,,,,,,,,2023-05-09,a_unit_rw,rev_leg=guide_cushion;scenario=backtest;,1.0
driver-lines,margin_v2,total_cash_costs_musd,2023Q2,2023-05-09,0,1585.5567056543905,1585.5567056543905,W1,full_sample,7,13,1478.091994195379,1501.8279367508956,1541.489656040242,1629.623755268539,1669.2854745578854,1693.0214171134023,65.33390552093316,,,,,,,,2023-05-09,a_unit_rw,rev_leg=guide_cushion;scenario=backtest;,1.0
driver-lines,margin_v2,adj_ebitda_margin_pct,2023Q3,2023-05-09,1,52.49695874823443,52.49695874823443,W1,full_sample,7,13,45.766158397045146,47.25280353217322,49.736922369856245,55.25699512661261,57.741113964295636,59.22775909942371,4.092036057739656,,,,,,,,2023-05-09,a_unit_rw,rev_leg=naive;scenario=backtest;,1.0
driver-lines,margin_v2,adj_ebitda_musd,2023Q3,2023-05-09,1,1824.0386638593302,1824.0386638593302,W1,full_sample,7,13,1122.5347188419485,1277.4772773370862,1536.379499005083,2111.697828713577,2370.6000503815744,2525.5426088767117,426.48411598637523,,,,,,,,2023-05-09,a_unit_rw,rev_leg=naive;scenario=backtest;,1.0
driver-lines,margin_v2,total_cash_costs_musd,2023Q3,2023-05-09,1,1650.5219723235725,1650.5219723235725,W1,full_sample,7,13,1544.4844636364326,1567.905177103737,1607.040162408146,1694.003782238999,1733.1387675434082,1756.5594810107125,64.46622784525042,,,,,,,,2023-05-09,a_unit_rw,rev_leg=naive;scenario=backtest;,1.0
driver-lines,margin_v2,adj_ebitda_margin_pct,2023Q4,2023-05-09,2,29.401094350924414,29.401094350924414,W1,full_sample,7,13,20.89232754309978,22.771675632596533,25.91198388866219,32.89020481318664,36.030513069252294,37.90986115874905,5.172962911961083,,,,,,,,2023-05-09,a_unit_rw,rev_leg=naive;scenario=backtest;,1.0
driver-lines,margin_v2,adj_ebitda_musd,2023Q4,2023-05-09,2,673.7187706164551,673.7187706164551,W1,full_sample,7,13,196.0132455316618,301.5250060707519,477.8305316861005,869.6070095468098,1045.9125351621583,1151.4242957012484,290.4243376172991,,,,,,,,2023-05-09,a_unit_rw,rev_leg=naive;scenario=backtest;,1.0
driver-lines,margin_v2,total_cash_costs_musd,2023Q4,2023-05-09,2,1617.756378488913,1617.756378488913,W1,full_sample,7,13,1503.359254598224,1528.6263727463186,1570.8466193152735,1664.6661376625527,1706.8863842315075,1732.153502379602,69.54851302040144,,,,,,,,2023-05-09,a_unit_rw,rev_leg=naive;scenario=backtest;,1.0
driver-lines,margin_v2,adj_ebitda_margin_pct,2023Q3,2023-08-03,0,52.07984817210538,52.07984817210538,W1,PIT,7,14,45.66514675594175,47.08197449648731,49.44943152902112,54.71026481518964,57.077721847723446,58.49454958826901,3.89986155063078,,,,,,,,2023-08-03,a_unit_rw,rev_leg=guide_cushion;scenario=backtest;,1.0
driver-lines,margin_v2,adj_ebitda_musd,2023Q3,2023-08-03,0,1803.4628728163254,1803.4628728163254,W1,PIT,7,14,1028.9781147549347,1200.0400892197345,1485.8771482046654,2121.0485974279854,2406.8856564129164,2577.947630877716,470.85329987495606,,,,,,,,2023-08-03,a_unit_rw,rev_leg=guide_cushion;scenario=backtest;,1.0
driver-lines,margin_v2,total_cash_costs_musd,2023Q3,2023-08-03,0,1659.4175619662835,1659.4175619662835,W1,PIT,7,14,1509.6092096507587,1542.6976755910796,1597.9870513877481,1720.8480725448192,1776.1374483414872,1809.2259142818084,91.07701126766858,,,,,,,,2023-08-03,a_unit_rw,rev_leg=guide_cushion;scenario=backtest;,1.0
driver-lines,margin_v2,adj_ebitda_margin_pct,2023Q4,2023-08-03,1,27.848756837774758,27.848756837774758,W1,PIT,7,14,20.230684999839756,21.91330353641856,24.72488533531907,30.972628340230447,33.784210139130955,35.46682867570976,4.631458819867232,,,,,,,,2023-08-03,a_unit_rw,rev_leg=naive;scenario=backtest;,1.0
driver-lines,margin_v2,adj_ebitda_musd,2023Q4,2023-08-03,1,625.3485997886493,625.3485997886493,W1,PIT,7,14,291.7699240213781,365.44810338146743,488.5611106149123,762.1360889623862,885.249096195831,958.9272755559206,202.80143491279344,,,,,,,,2023-08-03,a_unit_rw,rev_leg=naive;scenario=backtest;,1.0
driver-lines,margin_v2,total_cash_costs_musd,2023Q4,2023-08-03,1,1620.1685104775106,1620.1685104775106,W1,PIT,7,14,1589.1881362855663,1596.0308325733508,1607.4646780468804,1632.8723429081408,1644.3061883816706,1651.1488846694551,18.8347301451756,,,,,,,,2023-08-03,a_unit_rw,rev_leg=naive;scenario=backtest;,1.0
driver-lines,margin_v2,adj_ebitda_margin_pct,2024Q1,2023-08-03,2,15.25884039884203,15.25884039884203,W1,PIT,7,14,4.675888450177711,7.013365898457096,10.919188226009313,19.598492571674747,23.504314899226966,25.84179234750635,6.433977938984444,,,,,,,,2023-08-03,a_unit_rw,rev_leg=naive;scenario=backtest;,1.0
driver-lines,margin_v2,adj_ebitda_musd,2024Q1,2023-08-03,2,327.507511707298,327.507511707298,W1,PIT,7,14,-165.3404318690767,-56.484135522947646,125.4099627821809,529.6050606324152,711.4991589375437,820.3554552836728,299.6302743909231,,,,,,,,2023-08-03,a_unit_rw,rev_leg=naive;scenario=backtest;,1.0
driver-lines,margin_v2,total_cash_costs_musd,2024Q1,2023-08-03,2,1818.8384958972647,1818.8384958972647,W1,PIT,7,14,1643.5590097297616,1682.273335189233,1746.9632755722014,1890.713716222328,1955.4036566052962,1994.1179820647678,106.56236110951791,,,,,,,,2023-08-03,a_unit_rw,rev_leg=naive;scenario=backtest;,1.0
driver-lines,margin_v2,adj_ebitda_margin_pct,2023Q3,2023-08-03,0,53.150313264868416,53.150313264868416,W1,full_sample,7,14,48.594688380781285,49.60089822478592,51.282230756061914,55.01839577367492,56.69972830495091,57.705938148955546,2.7696232719080323,,,,,,,,2023-08-03,a_unit_rw,rev_leg=guide_cushion;scenario=backtest;,1.0
driver-lines,margin_v2,adj_ebitda_musd,2023Q3,2023-08-03,0,1840.5317990747942,1840.5317990747942,W1,full_sample,7,14,1481.626900895196,1560.8989328992438,1693.3590226339095,1987.7045755156787,2120.164665250344,2199.4366972543926,218.19868485488462,,,,,,,,2023-08-03,a_unit_rw,rev_leg=guide_cushion;scenario=backtest;,1.0
driver-lines,margin_v2,total_cash_costs_musd,2023Q3,2023-08-03,0,1622.3486357078148,1622.3486357078148,W1,full_sample,7,14,1512.3902675204683,1536.6769889507743,1577.2590355905636,1667.438235825066,1708.0202824648552,1732.3070038951614,66.84994116536703,,,,,,,,2023-08-03,a_unit_rw,rev_leg=guide_cushion;scenario=backtest;,1.0
driver-lines,margin_v2,adj_ebitda_margin_pct,2023Q4,2023-08-03,1,29.574004971257406,29.574004971257406,W1,full_sample,7,14,22.84320462006813,24.329849755196193,26.813968592879228,32.334041349635584,34.81816018731862,36.30480532244668,4.092036057739656,,,,,,,,2023-08-03,a_unit_rw,rev_leg=naive;scenario=backtest;,1.0
driver-lines,margin_v2,adj_ebitda_musd,2023Q4,2023-08-03,1,664.0893418205497,664.0893418205497,W1,full_sample,7,14,408.6883449220326,465.09926631846815,559.3594425910462,768.8192410500533,863.0794173226313,919.4903387190668,155.27278094153004,,,,,,,,2023-08-03,a_unit_rw,rev_leg=naive;scenario=backtest;,1.0
driver-lines,margin_v2,total_cash_costs_musd,2023Q4,2023-08-03,1,1581.4277684456101,1581.4277684456101,W1,full_sample,7,14,1479.8292053567684,1502.2694801638113,1539.7661954550213,1623.089341436199,1660.5860567274092,1683.0263315344519,61.76754054228024,,,,,,,,2023-08-03,a_unit_rw,rev_leg=naive;scenario=backtest;,1.0
driver-lines,margin_v2,adj_ebitda_margin_pct,2024Q1,2023-08-03,2,17.1180512605625,17.1180512605625,W1,full_sample,7,14,8.609284452737864,10.488632542234619,13.628940798300274,20.607161722824724,23.74746997889038,25.626818068387134,5.172962911961083,,,,,,,,2023-08-03,a_unit_rw,rev_leg=naive;scenario=backtest;,1.0
driver-lines,margin_v2,adj_ebitda_musd,2024Q1,2023-08-03,2,367.41260981078574,367.41260981078574,W1,full_sample,7,14,106.89584621840609,164.4366970840075,260.58493595692255,474.2402836646489,570.388522537564,627.9293734031654,158.38294625353046,,,,,,,,2023-08-03,a_unit_rw,rev_leg=naive;scenario=backtest;,1.0
driver-lines,margin_v2,total_cash_costs_musd,2024Q1,2023-08-03,2,1778.9333977937767,1778.9333977937767,W1,full_sample,7,14,1653.1388918924706,1680.9233722612832,1727.3500207253473,1830.5167748622061,1876.9434233262702,1904.727903695083,76.47762927966436,,,,,,,,2023-08-03,a_unit_rw,rev_leg=naive;scenario=backtest;,1.0
driver-lines,margin_v2,adj_ebitda_margin_pct,2023Q4,2023-11-01,0,27.285980963509736,27.285980963509736,W1,PIT,7,15,20.101821160607404,21.688600691080364,24.340039712914017,30.231922214105456,32.883361235939105,34.47014076641207,4.367659033720382,,,,,,,,2023-11-01,a_unit_rw,rev_leg=guide_cushion;scenario=backtest;,1.0
driver-lines,margin_v2,adj_ebitda_musd,2023Q4,2023-11-01,0,602.1293448347964,602.1293448347964,W1,PIT,7,15,351.35924263463414,406.74732919488514,499.29839330319027,704.9602963664024,797.5113604747075,852.8994470349586,152.4573968718012,,,,,,,,2023-11-01,a_unit_rw,rev_leg=guide_cushion;scenario=backtest;,1.0
driver-lines,margin_v2,total_cash_costs_musd,2023Q4,2023-11-01,0,1604.6058487433265,1604.6058487433265,W1,PIT,7,15,1428.1202162389534,1467.1009456162951,1532.2360352653373,1676.9756622213158,1742.110751870358,1781.0914812476997,107.29564601530343,,,,,,,,2023-11-01,a_unit_rw,rev_leg=guide_cushion;scenario=backtest;,1.0
driver-lines,margin_v2,adj_ebitda_margin_pct,2024Q1,2023-11-01,1,15.272027210486378,15.272027210486378,W1,PIT,7,15,4.294959793613534,6.7194863018739355,10.770763791920473,19.773290629052283,23.82456811909882,26.24909462735922,6.673583130443921,,,,,,,,2023-11-01,a_unit_rw,rev_leg=naive;scenario=backtest;,1.0
driver-lines,margin_v2,adj_ebitda_musd,2024Q1,2023-11-01,1,327.0324582422067,327.0324582422067,W1,PIT,7,15,124.07091077299975,168.89942765358842,243.8059138197501,410.25900266466334,485.165488830825,529.9940057114136,123.3918593992892,,,,,,,,2023-11-01,a_unit_rw,rev_leg=naive;scenario=backtest;,1.0
driver-lines,margin_v2,total_cash_costs_musd,2024Q1,2023-11-01,1,1814.3496499408725,1814.3496499408725,W1,PIT,7,15,1675.3842430980628,1706.077806308187,1757.3654046490763,1871.333895232669,1922.621493573558,1953.3150567836824,84.4849684894847,,,,,,,,2023-11-01,a_unit_rw,rev_leg=naive;scenario=backtest;,1.0
driver-lines,margin_v2,adj_ebitda_margin_pct,2024Q2,2023-11-01,2,34.89859804567587,34.89859804567587,W1,PIT,7,15,18.679269031235446,22.261664187273446,28.247689420102017,41.54950667124972,47.53553190407829,51.11792706011629,9.860651883353837,,,,,,,,2023-11-01,a_unit_rw,rev_leg=naive;scenario=backtest;,1.0
driver-lines,margin_v2,adj_ebitda_musd,2024Q2,2023-11-01,2,1021.0802194934943,1021.0802194934943,W1,PIT,7,15,-547.4103851069975,-200.97477490331747,377.90394000738115,1664.2564989796072,2243.135213890306,2589.570824093986,953.5745788562903,,,,,,,,2023-11-01,a_unit_rw,rev_leg=naive;scenario=backtest;,1.0
driver-lines,margin_v2,total_cash_costs_musd,2024Q2,2023-11-01,2,1904.7686015883367,1904.7686015883367,W1,PIT,7,15,1705.9504471354908,1749.8638046369115,1823.241099606361,1986.2961035703122,2059.6733985397614,2103.586756041183,120.87285530769701,,,,,,,,2023-11-01,a_unit_rw,rev_leg=naive;scenario=backtest;,1.0
driver-lines,margin_v2,adj_ebitda_margin_pct,2023Q4,2023-11-01,0,27.70864323045935,27.70864323045935,W1,full_sample,7,15,23.15301834637222,24.159228190376854,25.84056072165285,29.576725739265854,31.25805827054185,32.26426811454648,2.7696232719080323,,,,,,,,2023-11-01,a_unit_rw,rev_leg=guide_cushion;scenario=backtest;,1.0
driver-lines,margin_v2,adj_ebitda_musd,2023Q4,2023-11-01,0,611.4563818295486,611.4563818295486,W1,full_sample,7,15,492.2219895891559,518.5575247284222,562.5630492440487,660.3497144150484,704.3552389306749,730.6907740699413,72.48936336139438,,,,,,,,2023-11-01,a_unit_rw,rev_leg=guide_cushion;scenario=backtest;,1.0
driver-lines,margin_v2,total_cash_costs_musd,2023Q4,2023-11-01,0,1595.2788117485743,1595.2788117485743,W1,full_sample,7,15,1487.1551624398726,1511.0366458965425,1550.9415576503611,1639.6160658467875,1679.520977600606,1703.402461057276,65.7345112884574,,,,,,,,2023-11-01,a_unit_rw,rev_leg=guide_cushion;scenario=backtest;,1.0
driver-lines,margin_v2,adj_ebitda_margin_pct,2024Q1,2023-11-01,1,15.603928706662652,15.603928706662652,W1,full_sample,7,15,8.873128355473375,10.359773490601441,12.843892328284472,18.36396508504083,20.848083922723863,22.33472905785193,4.092036057739656,,,,,,,,2023-11-01,a_unit_rw,rev_leg=naive;scenario=backtest;,1.0
driver-lines,margin_v2,adj_ebitda_musd,2024Q1,2023-11-01,1,334.1397374981174,334.1397374981174,W1,full_sample,7,15,205.63350093290467,234.01692659632286,281.4443863864491,386.83508860978577,434.26254839991196,462.6459740633302,78.1262444630911,,,,,,,,2023-11-01,a_unit_rw,rev_leg=naive;scenario=backtest;,1.0
driver-lines,margin_v2,total_cash_costs_musd,2024Q1,2023-11-01,1,1807.2423706849618,1807.2423706849618,W1,full_sample,7,15,1691.1363861572347,1716.7809437211656,1759.6318750048576,1854.852866365066,1897.7037976487582,1923.3483552126888,70.58742651947387,,,,,,,,2023-11-01,a_unit_rw,rev_leg=naive;scenario=backtest;,1.0
driver-lines,margin_v2,adj_ebitda_margin_pct,2024Q2,2023-11-01,2,35.26751002500708,35.26751002500708,W1,full_sample,7,15,26.75874321718244,28.638091306679197,31.778399562744852,38.7566204872693,41.89692874333495,43.77627683283171,5.172962911961083,,,,,,,,2023-11-01,a_unit_rw,rev_leg=naive;scenario=backtest;,1.0
driver-lines,margin_v2,adj_ebitda_musd,2024Q2,2023-11-01,2,1031.874026291586,1031.874026291586,W1,full_sample,7,15,300.2157364387629,461.8185444902051,731.8497511429484,1331.8983014402236,1601.929508092967,1763.5323161444092,444.8166559409052,,,,,,,,2023-11-01,a_unit_rw,rev_leg=naive;scenario=backtest;,1.0
driver-lines,margin_v2,total_cash_costs_musd,2024Q2,2023-11-01,2,1893.974794790245,1893.974794790245,W1,full_sample,7,15,1760.045315589031,1789.626583538769,1839.0555852690059,1948.8940043114842,1998.3230060417209,2027.904273991459,81.42334187476315,,,,,,,,2023-11-01,a_unit_rw,rev_leg=naive;scenario=backtest;,1.0
driver-lines,margin_v2,adj_ebitda_margin_pct,2024Q1,2024-02-13,0,16.0782150418876,16.0782150418876,W1,PIT,7,16,7.313504774928145,9.24938360052427,12.484152237977737,19.672277845797463,22.90704648325093,24.842925308847054,5.3285654865252265,,,,,,,,2024-02-13,a_unit_rw,rev_leg=guide_cushion;scenario=backtest;,1.0
driver-lines,margin_v2,adj_ebitda_margin_pct,2024Q1,2024-02-13,0,16.0782150418876,16.0782150418876,W2,PIT,7,16,7.313504774928145,9.24938360052427,12.484152237977737,19.672277845797463,22.90704648325093,24.842925308847054,5.3285654865252265,,,,,,,,2024-02-13,a_unit_rw,rev_leg=guide_cushion;scenario=backtest;,1.0
driver-lines,margin_v2,adj_ebitda_musd,2024Q1,2024-02-13,0,337.96036748557486,337.96036748557486,W1,PIT,7,16,187.87712212052034,221.02630423030715,276.4171340840052,399.5036008871445,454.89443074084255,488.04361285062936,91.24413437517525,,,,,,,,2024-02-13,a_unit_rw,rev_leg=guide_cushion;scenario=backtest;,1.0
driver-lines,margin_v2,adj_ebitda_musd,2024Q1,2024-02-13,0,337.96036748557486,337.96036748557486,W2,PIT,7,16,187.87712212052034,221.02630423030715,276.4171340840052,399.5036008871445,454.89443074084255,488.04361285062936,91.24413437517525,,,,,,,,2024-02-13,a_unit_rw,rev_leg=guide_cushion;scenario=backtest;,1.0
driver-lines,margin_v2,total_cash_costs_musd,2024Q1,2024-02-13,0,1764.0165410525137,1764.0165410525137,W1,PIT,7,16,1548.9714137297797,1596.4688547006517,1675.8349960006178,1852.1980861044094,1931.5642274043757,1979.061668375248,130.73815432519243,,,,,,,,2024-02-13,a_unit_rw,rev_leg=guide_cushion;scenario=backtest;,1.0
driver-lines,margin_v2,total_cash_costs_musd,2024Q1,2024-02-13,0,1764.0165410525137,1764.0165410525137,W2,PIT,7,16,1548.9714137297797,1596.4688547006517,1675.8349960006178,1852.1980861044094,1931.5642274043757,1979.061668375248,130.73815432519243,,,,,,,,2024-02-13,a_unit_rw,rev_leg=guide_cushion;scenario=backtest;,1.0
driver-lines,margin_v2,adj_ebitda_margin_pct,2024Q2,2024-02-13,1,35.842324603908224,35.842324603908224,W1,PIT,7,16,23.052864796199607,25.87769798274427,30.597870380445144,41.086778827371305,45.80695122507218,48.63178441161684,7.775439466557437,,,,,,,,2024-02-13,a_unit_rw,rev_leg=naive;scenario=backtest;,1.0
driver-lines,margin_v2,adj_ebitda_margin_pct,2024Q2,2024-02-13,1,35.842324603908224,35.842324603908224,W2,PIT,7,16,23.052864796199607,25.87769798274427,30.597870380445144,41.086778827371305,45.80695122507218,48.63178441161684,7.775439466557437,,,,,,,,2024-02-13,a_unit_rw,rev_leg=naive;scenario=backtest;,1.0
driver-lines,margin_v2,adj_ebitda_musd,2024Q2,2024-02-13,1,1038.2424685232786,1038.2424685232786,W1,PIT,7,16,343.43406941761697,496.8977694951331,753.3288835889862,1323.156053457571,1579.587167551424,1733.0508676289403,422.41351310596616,,,,,,,,2024-02-13,a_unit_rw,rev_leg=naive;scenario=backtest;,1.0
driver-lines,margin_v2,adj_ebitda_musd,2024Q2,2024-02-13,1,1038.2424685232786,1038.2424685232786,W2,PIT,7,16,343.43406941761697,496.8977694951331,753.3288835889862,1323.156053457571,1579.587167551424,1733.0508676289403,422.41351310596616,,,,,,,,2024-02-13,a_unit_rw,rev_leg=naive;scenario=backtest;,1.0
driver-lines,margin_v2,total_cash_costs_musd,2024Q2,2024-02-13,1,1858.4515377858697,1858.4515377858697,W1,PIT,7,16,1680.1355333472281,1719.5205405800368,1785.3311607996864,1931.5719147720533,1997.3825349917024,2036.7675422245113,108.40843313768154,,,,,,,,2024-02-13,a_unit_rw,rev_leg=naive;scenario=backtest;,1.0
driver-lines,margin_v2,total_cash_costs_musd,2024Q2,2024-02-13,1,1858.4515377858697,1858.4515377858697,W2,PIT,7,16,1680.1355333472281,1719.5205405800368,1785.3311607996864,1931.5719147720533,1997.3825349917024,2036.7675422245113,108.40843313768154,,,,,,,,2024-02-13,a_unit_rw,rev_leg=naive;scenario=backtest;,1.0
driver-lines,margin_v2,adj_ebitda_margin_pct,2024Q3,2024-02-13,2,55.74309774679623,55.74309774679623,W1,PIT,7,16,37.53967749582884,41.56030279249371,48.27859137576731,63.20760411782515,69.92589270109875,73.94651799776362,11.066893705736677,,,,,,,,2024-02-13,a_unit_rw,rev_leg=naive;scenario=backtest;,1.0
driver-lines,margin_v2,adj_ebitda_margin_pct,2024Q3,2024-02-13,2,55.74309774679623,55.74309774679623,W2,PIT,7,16,37.53967749582884,41.56030279249371,48.27859137576731,63.20760411782515,69.92589270109875,73.94651799776362,11.066893705736677,,,,,,,,2024-02-13,a_unit_rw,rev_leg=naive;scenario=backtest;,1.0
driver-lines,margin_v2,adj_ebitda_musd,2024Q3,2024-02-13,2,2208.196288936554,2208.196288936554,W1,PIT,7,16,-1078.4604856623434,-352.53012822278265,860.4676700757634,3555.924907797345,4768.922706095891,5494.853063535452,1998.1454402664992,,,,,,,,2024-02-13,a_unit_rw,rev_leg=naive;scenario=backtest;,1.0
driver-lines,margin_v2,adj_ebitda_musd,2024Q3,2024-02-13,2,2208.196288936554,2208.196288936554,W2,PIT,7,16,-1078.4604856623434,-352.53012822278265,860.4676700757634,3555.924907797345,4768.922706095891,5494.853063535452,1998.1454402664992,,,,,,,,2024-02-13,a_unit_rw,rev_leg=naive;scenario=backtest;,1.0
driver-lines,margin_v2,total_cash_costs_musd,2024Q3,2024-02-13,2,1753.184363008767,1753.184363008767,W1,PIT,7,16,1541.5410891131773,1588.2871560149927,1666.397784190147,1839.970941827387,1918.0815700025412,1964.8276369043563,128.6699742929974,,,,,,,,2024-02-13,a_unit_rw,rev_leg=naive;scenario=backtest;,1.0
driver-lines,margin_v2,total_cash_costs_musd,2024Q3,2024-02-13,2,1753.184363008767,1753.184363008767,W2,PIT,7,16,1541.5410891131773,1588.2871560149927,1666.397784190147,1839.970941827387,1918.0815700025412,1964.8276369043563,128.6699742929974,,,,,,,,2024-02-13,a_unit_rw,rev_leg=naive;scenario=backtest;,1.0
driver-lines,margin_v2,adj_ebitda_margin_pct,2024Q1,2024-02-13,0,15.02202425147138,15.02202425147138,W1,full_sample,7,16,10.46639936738425,11.472609211388884,13.153941742664877,16.890106760277884,18.57143929155388,19.57764913555851,2.7696232719080323,,,,,,,,2024-02-13,a_unit_rw,rev_leg=guide_cushion;scenario=backtest;,1.0
driver-lines,margin_v2,adj_ebitda_margin_pct,2024Q1,2024-02-13,0,15.02202425147138,15.02202425147138,W2,full_sample,7,16,10.46639936738425,11.472609211388884,13.153941742664877,16.890106760277884,18.57143929155388,19.57764913555851,2.7696232719080323,,,,,,,,2024-02-13,a_unit_rw,rev_leg=guide_cushion;scenario=backtest;,1.0
driver-lines,margin_v2,adj_ebitda_musd,2024Q1,2024-02-13,0,315.75948096092003,315.75948096092003,W1,full_sample,7,16,254.18617675585833,267.78599377227624,290.5106917121216,341.00827020971843,363.7329681495638,377.3327851659817,37.43391095484892,,,,,,,,2024-02-13,a_unit_rw,rev_leg=guide_cushion;scenario=backtest;,1.0
driver-lines,margin_v2,adj_ebitda_musd,2024Q1,2024-02-13,0,315.75948096092003,315.75948096092003,W2,full_sample,7,16,254.18617675585833,267.78599377227624,290.5106917121216,341.00827020971843,363.7329681495638,377.3327851659817,37.43391095484892,,,,,,,,2024-02-13,a_unit_rw,rev_leg=guide_cushion;scenario=backtest;,1.0
driver-lines,margin_v2,total_cash_costs_musd,2024Q1,2024-02-13,0,1786.2174275771686,1786.2174275771686,W1,full_sample,7,16,1665.152479364916,1691.8923330083946,1736.5734560168999,1835.8613991374373,1880.5425221459425,1907.2823757894214,73.60226237068348,,,,,,,,2024-02-13,a_unit_rw,rev_leg=guide_cushion;scenario=backtest;,1.0
driver-lines,margin_v2,total_cash_costs_musd,2024Q1,2024-02-13,0,1786.2174275771686,1786.2174275771686,W2,full_sample,7,16,1665.152479364916,1691.8923330083946,1736.5734560168999,1835.8613991374373,1880.5425221459425,1907.2823757894214,73.60226237068348,,,,,,,,2024-02-13,a_unit_rw,rev_leg=guide_cushion;scenario=backtest;,1.0
driver-lines,margin_v2,adj_ebitda_margin_pct,2024Q2,2024-02-13,1,35.13559740836999,35.13559740836999,W1,full_sample,7,16,28.404797057180712,29.89144219230878,32.37556102999181,37.89563378674817,40.3797526244312,41.86639775955926,4.092036057739656,,,,,,,,2024-02-13,a_unit_rw,rev_leg=naive;scenario=backtest;,1.0
driver-lines,margin_v2,adj_ebitda_margin_pct,2024Q2,2024-02-13,1,35.13559740836999,35.13559740836999,W2,full_sample,7,16,28.404797057180712,29.89144219230878,32.37556102999181,37.89563378674817,40.3797526244312,41.86639775955926,4.092036057739656,,,,,,,,2024-02-13,a_unit_rw,rev_leg=naive;scenario=backtest;,1.0
driver-lines,margin_v2,adj_ebitda_musd,2024Q2,2024-02-13,1,1017.7707442091659,1017.7707442091659,W1,full_sample,7,16,626.3480148930138,712.8023243294227,857.263684741005,1178.2778036773268,1322.739164088909,1409.1934735253178,237.96812245330577,,,,,,,,2024-02-13,a_unit_rw,rev_leg=naive;scenario=backtest;,1.0
driver-lines,margin_v2,adj_ebitda_musd,2024Q2,2024-02-13,1,1017.7707442091659,1017.7707442091659,W2,full_sample,7,16,626.3480148930138,712.8023243294227,857.263684741005,1178.2778036773268,1322.739164088909,1409.1934735253178,237.96812245330577,,,,,,,,2024-02-13,a_unit_rw,rev_leg=naive;scenario=backtest;,1.0
driver-lines,margin_v2,total_cash_costs_musd,2024Q2,2024-02-13,1,1878.9232620999824,1878.9232620999824,W1,full_sample,7,16,1758.2121506647827,1784.873851682156,1829.4243850791024,1928.4221391208623,1972.9726725178089,1999.634373535182,73.3871448846926,,,,,,,,2024-02-13,a_unit_rw,rev_leg=naive;scenario=backtest;,1.0
driver-lines,margin_v2,total_cash_costs_musd,2024Q2,2024-02-13,1,1878.9232620999824,1878.9232620999824,W2,full_sample,7,16,1758.2121506647827,1784.873851682156,1829.4243850791024,1928.4221391208623,1972.9726725178089,1999.634373535182,73.3871448846926,,,,,,,,2024-02-13,a_unit_rw,rev_leg=naive;scenario=backtest;,1.0
driver-lines,margin_v2,adj_ebitda_margin_pct,2024Q3,2024-02-13,2,55.30408954623195,55.30408954623195,W1,full_sample,7,16,46.795322738407314,48.674670827904066,51.814979083969725,58.793200008494175,61.93350826455983,63.812856354056585,5.172962911961083,,,,,,,,2024-02-13,a_unit_rw,rev_leg=naive;scenario=backtest;,1.0
driver-lines,margin_v2,adj_ebitda_margin_pct,2024Q3,2024-02-13,2,55.30408954623195,55.30408954623195,W2,full_sample,7,16,46.795322738407314,48.674670827904066,51.814979083969725,58.793200008494175,61.93350826455983,63.812856354056585,5.172962911961083,,,,,,,,2024-02-13,a_unit_rw,rev_leg=naive;scenario=backtest;,1.0
driver-lines,margin_v2,adj_ebitda_musd,2024Q3,2024-02-13,2,2190.805503018947,2190.805503018947,W1,full_sample,7,16,637.3978516027414,980.5020602189682,1553.8141491449344,2827.79685689296,3401.1089458189263,3744.213154435153,944.4047944224982,,,,,,,,2024-02-13,a_unit_rw,rev_leg=naive;scenario=backtest;,1.0
driver-lines,margin_v2,adj_ebitda_musd,2024Q3,2024-02-13,2,2190.805503018947,2190.805503018947,W2,full_sample,7,16,637.3978516027414,980.5020602189682,1553.8141491449344,2827.79685689296,3401.1089458189263,3744.213154435153,944.4047944224982,,,,,,,,2024-02-13,a_unit_rw,rev_leg=naive;scenario=backtest;,1.0
driver-lines,margin_v2,total_cash_costs_musd,2024Q3,2024-02-13,2,1770.575148926374,1770.575148926374,W1,full_sample,7,16,1645.3716835821674,1673.025619658618,1719.234134333962,1821.916163518786,1868.1246781941297,1895.7786142705804,76.11830213503872,,,,,,,,2024-02-13,a_unit_rw,rev_leg=naive;scenario=backtest;,1.0
driver-lines,margin_v2,total_cash_costs_musd,2024Q3,2024-02-13,2,1770.575148926374,1770.575148926374,W2,full_sample,7,16,1645.3716835821674,1673.025619658618,1719.234134333962,1821.916163518786,1868.1246781941297,1895.7786142705804,76.11830213503872,,,,,,,,2024-02-13,a_unit_rw,rev_leg=naive;scenario=backtest;,1.0
driver-lines,margin_v2,adj_ebitda_margin_pct,2024Q2,2024-05-08,0,35.31917904159753,35.31917904159753,W1,PIT,7,17,25.820818715819946,27.918740275403223,31.424275216459108,39.21408286673595,42.719617807791835,44.81753936737511,5.7745930520161775,,,,,,,,2024-05-08,a_unit_rw,rev_leg=guide_cushion;scenario=backtest;,1.0
driver-lines,margin_v2,adj_ebitda_margin_pct,2024Q2,2024-05-08,0,35.31917904159753,35.31917904159753,W2,PIT,7,17,25.820818715819946,27.918740275403223,31.424275216459108,39.21408286673595,42.719617807791835,44.81753936737511,5.7745930520161775,,,,,,,,2024-05-08,a_unit_rw,rev_leg=guide_cushion;scenario=backtest;,1.0
driver-lines,margin_v2,adj_ebitda_musd,2024Q2,2024-05-08,0,981.4178911094281,981.4178911094281,W1,PIT,7,17,491.7395889124935,599.8958003220647,780.6200873939756,1182.2156948248805,1362.9399818967916,1471.0961933063627,297.70326925958227,,,,,,,,2024-05-08,a_unit_rw,rev_leg=guide_cushion;scenario=backtest;,1.0
driver-lines,margin_v2,adj_ebitda_musd,2024Q2,2024-05-08,0,981.4178911094281,981.4178911094281,W2,PIT,7,17,491.7395889124935,599.8958003220647,780.6200873939756,1182.2156948248805,1362.9399818967916,1471.0961933063627,297.70326925958227,,,,,,,,2024-05-08,a_unit_rw,rev_leg=guide_cushion;scenario=backtest;,1.0
driver-lines,margin_v2,total_cash_costs_musd,2024Q2,2024-05-08,0,1797.293046518972,1797.293046518972,W1,PIT,7,17,1583.213061362816,1630.4973294817557,1709.507268292873,1885.078824745071,1964.0887635561883,2011.373031675128,130.15138955125522,,,,,,,,2024-05-08,a_unit_rw,rev_leg=guide_cushion;scenario=backtest;,1.0
driver-lines,margin_v2,total_cash_costs_musd,2024Q2,2024-05-08,0,1797.293046518972,1797.293046518972,W2,PIT,7,17,1583.213061362816,1630.4973294817557,1709.507268292873,1885.078824745071,1964.0887635561883,2011.373031675128,130.15138955125522,,,,,,,,2024-05-08,a_unit_rw,rev_leg=guide_cushion;scenario=backtest;,1.0
driver-lines,margin_v2,adj_ebitda_margin_pct,2024Q3,2024-05-08,1,56.7159730924956,56.7159730924956,W1,PIT,7,17,43.865463894367885,46.703781180058805,51.44648491621223,61.98546126877898,66.72816500493239,69.56648229062331,7.812554860546775,,,,,,,,2024-05-08,a_unit_rw,rev_leg=naive;scenario=backtest;,1.0
driver-lines,margin_v2,adj_ebitda_margin_pct,2024Q3,2024-05-08,1,56.7159730924956,56.7159730924956,W2,PIT,7,17,43.865463894367885,46.703781180058805,51.44648491621223,61.98546126877898,66.72816500493239,69.56648229062331,7.812554860546775,,,,,,,,2024-05-08,a_unit_rw,rev_leg=naive;scenario=backtest;,1.0
driver-lines,margin_v2,adj_ebitda_musd,2024Q3,2024-05-08,1,2270.0034763197723,2270.0034763197723,W1,PIT,7,17,701.6155924176912,1048.0285144983247,1626.8693185501913,2913.1376340893535,3491.9784381412196,3838.3913602218536,953.5121291059128,,,,,,,,2024-05-08,a_unit_rw,rev_leg=naive;scenario=backtest;,1.0
driver-lines,margin_v2,adj_ebitda_musd,2024Q3,2024-05-08,1,2270.0034763197723,2270.0034763197723,W2,PIT,7,17,701.6155924176912,1048.0285144983247,1626.8693185501913,2913.1376340893535,3491.9784381412196,3838.3913602218536,953.5121291059128,,,,,,,,2024-05-08,a_unit_rw,rev_leg=naive;scenario=backtest;,1.0
driver-lines,margin_v2,total_cash_costs_musd,2024Q3,2024-05-08,1,1732.402464274287,1732.402464274287,W1,PIT,7,17,1575.6467570153457,1610.269698930253,1668.1231168001589,1796.6818117484152,1854.535229618321,1889.1581715332284,95.30070316923472,,,,,,,,2024-05-08,a_unit_rw,rev_leg=naive;scenario=backtest;,1.0
driver-lines,margin_v2,total_cash_costs_musd,2024Q3,2024-05-08,1,1732.402464274287,1732.402464274287,W2,PIT,7,17,1575.6467570153457,1610.269698930253,1668.1231168001589,1796.6818117484152,1854.535229618321,1889.1581715332284,95.30070316923472,,,,,,,,2024-05-08,a_unit_rw,rev_leg=naive;scenario=backtest;,1.0
driver-lines,margin_v2,adj_ebitda_margin_pct,2024Q4,2024-05-08,2,36.763152085561806,36.763152085561806,W1,PIT,7,17,18.87718835316881,22.827696403097942,29.428822141421527,44.097482029702086,50.69860776802567,54.64911581795481,10.873893846434449,,,,,,,,2024-05-08,a_unit_rw,rev_leg=naive;scenario=backtest;,1.0
driver-lines,margin_v2,adj_ebitda_margin_pct,2024Q4,2024-05-08,2,36.763152085561806,36.763152085561806,W2,PIT,7,17,18.87718835316881,22.827696403097942,29.428822141421527,44.097482029702086,50.69860776802567,54.64911581795481,10.873893846434449,,,,,,,,2024-05-08,a_unit_rw,rev_leg=naive;scenario=backtest;,1.0
driver-lines,margin_v2,adj_ebitda_musd,2024Q4,2024-05-08,2,960.726721561124,960.726721561124,W1,PIT,7,17,-414.5752192361779,-110.80956984245667,396.7695114525275,1524.6839316697203,2032.2630129647046,2336.028662358426,836.124210849235,,,,,,,,2024-05-08,a_unit_rw,rev_leg=naive;scenario=backtest;,1.0
driver-lines,margin_v2,adj_ebitda_musd,2024Q4,2024-05-08,2,960.726721561124,960.726721561124,W2,PIT,7,17,-414.5752192361779,-110.80956984245667,396.7695114525275,1524.6839316697203,2032.2630129647046,2336.028662358426,836.124210849235,,,,,,,,2024-05-08,a_unit_rw,rev_leg=naive;scenario=backtest;,1.0
driver-lines,margin_v2,total_cash_costs_musd,2024Q4,2024-05-08,2,1652.5604071517469,1652.5604071517469,W1,PIT,7,17,1473.3177171927543,1512.907403282273,1579.0600328971802,1726.0607814063137,1792.213411021221,1831.8030971107391,108.97181793081255,,,,,,,,2024-05-08,a_unit_rw,rev_leg=naive;scenario=backtest;,1.0
driver-lines,margin_v2,total_cash_costs_musd,2024Q4,2024-05-08,2,1652.5604071517469,1652.5604071517469,W2,PIT,7,17,1473.3177171927543,1512.907403282273,1579.0600328971802,1726.0607814063137,1792.213411021221,1831.8030971107391,108.97181793081255,,,,,,,,2024-05-08,a_unit_rw,rev_leg=naive;scenario=backtest;,1.0
driver-lines,margin_v2,adj_ebitda_margin_pct,2024Q2,2024-05-08,0,34.377556854543855,34.377556854543855,W1,full_sample,7,17,29.821931970456724,30.828141814461357,32.50947434573735,36.24563936335036,37.92697189462635,38.933181738630985,2.7696232719080323,,,,,,,,2024-05-08,a_unit_rw,rev_leg=guide_cushion;scenario=backtest;,1.0
driver-lines,margin_v2,adj_ebitda_margin_pct,2024Q2,2024-05-08,0,34.377556854543855,34.377556854543855,W2,full_sample,7,17,29.821931970456724,30.828141814461357,32.50947434573735,36.24563936335036,37.92697189462635,38.933181738630985,2.7696232719080323,,,,,,,,2024-05-08,a_unit_rw,rev_leg=guide_cushion;scenario=backtest;,1.0
driver-lines,margin_v2,adj_ebitda_musd,2024Q2,2024-05-08,0,955.2529324066319,955.2529324066319,W1,full_sample,7,17,768.9779891464788,810.1209028781321,878.8689077805691,1031.6369570326947,1100.3849619351315,1141.527875666785,113.24712436898726,,,,,,,,2024-05-08,a_unit_rw,rev_leg=guide_cushion;scenario=backtest;,1.0
driver-lines,margin_v2,adj_ebitda_musd,2024Q2,2024-05-08,0,955.2529324066319,955.2529324066319,W2,full_sample,7,17,768.9779891464788,810.1209028781321,878.8689077805691,1031.6369570326947,1100.3849619351315,1141.527875666785,113.24712436898726,,,,,,,,2024-05-08,a_unit_rw,rev_leg=guide_cushion;scenario=backtest;,1.0
driver-lines,margin_v2,total_cash_costs_musd,2024Q2,2024-05-08,0,1823.4580052217684,1823.4580052217684,W1,full_sample,7,17,1699.8689921704145,1727.1663409880198,1772.7790139886797,1874.1369964548571,1919.749669455517,1947.0470182731226,75.1367848338035,,,,,,,,2024-05-08,a_unit_rw,rev_leg=guide_cushion;scenario=backtest;,1.0
driver-lines,margin_v2,total_cash_costs_musd,2024Q2,2024-05-08,0,1823.4580052217684,1823.4580052217684,W2,full_sample,7,17,1699.8689921704145,1727.1663409880198,1772.7790139886797,1874.1369964548571,1919.749669455517,1947.0470182731226,75.1367848338035,,,,,,,,2024-05-08,a_unit_rw,rev_leg=guide_cushion;scenario=backtest;,1.0
driver-lines,margin_v2,adj_ebitda_margin_pct,2024Q3,2024-05-08,1,56.15627156852056,56.15627156852056,W1,full_sample,7,17,49.42547121733128,50.91211635245935,53.39623519014238,58.91630794689874,61.40042678458177,62.88707191970984,4.092036057739656,,,,,,,,2024-05-08,a_unit_rw,rev_leg=naive;scenario=backtest;,1.0
driver-lines,margin_v2,adj_ebitda_margin_pct,2024Q3,2024-05-08,1,56.15627156852056,56.15627156852056,W2,full_sample,7,17,49.42547121733128,50.91211635245935,53.39623519014238,58.91630794689874,61.40042678458177,62.88707191970984,4.092036057739656,,,,,,,,2024-05-08,a_unit_rw,rev_leg=naive;scenario=backtest;,1.0
driver-lines,margin_v2,adj_ebitda_musd,2024Q3,2024-05-08,1,2247.6019492745995,2247.6019492745995,W1,full_sample,7,17,1383.2005166268518,1574.12256416856,1893.1449344846046,2602.0589640645944,2921.081334380639,3112.003381922347,525.5187564925192,,,,,,,,2024-05-08,a_unit_rw,rev_leg=naive;scenario=backtest;,1.0
driver-lines,margin_v2,adj_ebitda_musd,2024Q3,2024-05-08,1,2247.6019492745995,2247.6019492745995,W2,full_sample,7,17,1383.2005166268518,1574.12256416856,1893.1449344846046,2602.0589640645944,2921.081334380639,3112.003381922347,525.5187564925192,,,,,,,,2024-05-08,a_unit_rw,rev_leg=naive;scenario=backtest;,1.0
driver-lines,margin_v2,total_cash_costs_musd,2024Q3,2024-05-08,1,1754.8039913194598,1754.8039913194598,W1,full_sample,7,17,1642.0669017236075,1666.9673648262692,1708.5749468905824,1801.0330357483372,1842.6406178126506,1867.541080915312,68.53928382964762,,,,,,,,2024-05-08,a_unit_rw,rev_leg=naive;scenario=backtest;,1.0
driver-lines,margin_v2,total_cash_costs_musd,2024Q3,2024-05-08,1,1754.8039913194598,1754.8039913194598,W2,full_sample,7,17,1642.0669017236075,1666.9673648262692,1708.5749468905824,1801.0330357483372,1842.6406178126506,1867.541080915312,68.53928382964762,,,,,,,,2024-05-08,a_unit_rw,rev_leg=naive;scenario=backtest;,1.0
driver-lines,margin_v2,adj_ebitda_margin_pct,2024Q4,2024-05-08,2,35.895697158263125,35.895697158263125,W1,full_sample,7,17,27.38693035043849,29.266278439935245,32.4065866960009,39.38480762052535,42.525115876591,44.40446396608776,5.172962911961083,,,,,,,,2024-05-08,a_unit_rw,rev_leg=naive;scenario=backtest;,1.0
driver-lines,margin_v2,adj_ebitda_margin_pct,2024Q4,2024-05-08,2,35.895697158263125,35.895697158263125,W2,full_sample,7,17,27.38693035043849,29.266278439935245,32.4065866960009,39.38480762052535,42.525115876591,44.40446396608776,5.172962911961083,,,,,,,,2024-05-08,a_unit_rw,rev_leg=naive;scenario=backtest;,1.0
driver-lines,margin_v2,adj_ebitda_musd,2024Q4,2024-05-08,2,938.0576335986422,938.0576335986422,W1,full_sample,7,17,272.9205853789363,419.83071572540416,665.3111021450538,1210.8041650522305,1456.2845514718801,1603.194681818348,404.37461262279794,,,,,,,,2024-05-08,a_unit_rw,rev_leg=naive;scenario=backtest;,1.0
driver-lines,margin_v2,adj_ebitda_musd,2024Q4,2024-05-08,2,938.0576335986422,938.0576335986422,W2,full_sample,7,17,272.9205853789363,419.83071572540416,665.3111021450538,1210.8041650522305,1456.2845514718801,1603.194681818348,404.37461262279794,,,,,,,,2024-05-08,a_unit_rw,rev_leg=naive;scenario=backtest;,1.0
driver-lines,margin_v2,total_cash_costs_musd,2024Q4,2024-05-08,2,1675.229495114229,1675.229495114229,W1,full_sample,7,17,1556.7682492516572,1582.9330180271393,1626.6531994362672,1723.805790792191,1767.5259722013186,1793.6907409768007,72.0193237389303,,,,,,,,2024-05-08,a_unit_rw,rev_leg=naive;scenario=backtest;,1.0
driver-lines,margin_v2,total_cash_costs_musd,2024Q4,2024-05-08,2,1675.229495114229,1675.229495114229,W2,full_sample,7,17,1556.7682492516572,1582.9330180271393,1626.6531994362672,1723.805790792191,1767.5259722013186,1793.6907409768007,72.0193237389303,,,,,,,,2024-05-08,a_unit_rw,rev_leg=naive;scenario=backtest;,1.0
driver-lines,margin_v2,adj_ebitda_margin_pct,2024Q3,2024-08-06,0,54.36156586179828,54.36156586179828,W1,PIT,7,18,46.26842593491621,48.05597369631788,51.04288762919366,57.68024409440291,60.66715802727869,62.45470578868036,4.920279710165871,,,,,,,,2024-08-06,a_unit_rw,rev_leg=guide_cushion;scenario=backtest;,1.0
driver-lines,margin_v2,adj_ebitda_margin_pct,2024Q3,2024-08-06,0,54.36156586179828,54.36156586179828,W2,PIT,7,18,46.26842593491621,48.05597369631788,51.04288762919366,57.68024409440291,60.66715802727869,62.45470578868036,4.920279710165871,,,,,,,,2024-08-06,a_unit_rw,rev_leg=guide_cushion;scenario=backtest;,1.0
driver-lines,margin_v2,adj_ebitda_musd,2024Q3,2024-08-06,0,2062.3755988675516,2062.3755988675516,W1,PIT,7,18,1162.3812682949117,1361.1647893292636,1693.3233371590763,2431.4278605760273,2763.58640840584,2962.3699294401918,547.1577019534957,,,,,,,,2024-08-06,a_unit_rw,rev_leg=guide_cushion;scenario=backtest;,1.0
driver-lines,margin_v2,adj_ebitda_musd,2024Q3,2024-08-06,0,2062.3755988675516,2062.3755988675516,W2,PIT,7,18,1162.3812682949117,1361.1647893292636,1693.3233371590763,2431.4278605760273,2763.58640840584,2962.3699294401918,547.1577019534957,,,,,,,,2024-08-06,a_unit_rw,rev_leg=guide_cushion;scenario=backtest;,1.0
driver-lines,margin_v2,total_cash_costs_musd,2024Q3,2024-08-06,0,1731.4363823963158,1731.4363823963158,W1,PIT,7,18,1545.1257819152245,1586.2765713275212,1655.037736146998,1807.8350286456337,1876.5961934651104,1917.746982877407,113.26880242006357,,,,,,,,2024-08-06,a_unit_rw,rev_leg=guide_cushion;scenario=backtest;,1.0
driver-lines,margin_v2,total_cash_costs_musd,2024Q3,2024-08-06,0,1731.4363823963158,1731.4363823963158,W2,PIT,7,18,1545.1257819152245,1586.2765713275212,1655.037736146998,1807.8350286456337,1876.5961934651104,1917.746982877407,113.26880242006357,,,,,,,,2024-08-06,a_unit_rw,rev_leg=guide_cushion;scenario=backtest;,1.0
driver-lines,margin_v2,adj_ebitda_margin_pct,2024Q4,2024-08-06,1,32.910121508775674,32.910121508775674,W1,PIT,7,18,21.144189364497837,23.742953979384524,28.085375705997844,37.7348673115535,42.077289038166825,44.676053653053515,7.153178830924002,,,,,,,,2024-08-06,a_unit_rw,rev_leg=naive;scenario=backtest;,1.0
driver-lines,margin_v2,adj_ebitda_margin_pct,2024Q4,2024-08-06,1,32.910121508775674,32.910121508775674,W2,PIT,7,18,21.144189364497837,23.742953979384524,28.085375705997844,37.7348673115535,42.077289038166825,44.676053653053515,7.153178830924002,,,,,,,,2024-08-06,a_unit_rw,rev_leg=naive;scenario=backtest;,1.0
driver-lines,margin_v2,adj_ebitda_musd,2024Q4,2024-08-06,1,807.5253496125775,807.5253496125775,W1,PIT,7,18,277.24178533332815,394.36656098275347,590.0769256657633,1024.973773559392,1220.6841382424016,1337.808913891827,322.38951575409345,,,,,,,,2024-08-06,a_unit_rw,rev_leg=naive;scenario=backtest;,1.0
driver-lines,margin_v2,adj_ebitda_musd,2024Q4,2024-08-06,1,807.5253496125775,807.5253496125775,W2,PIT,7,18,277.24178533332815,394.36656098275347,590.0769256657633,1024.973773559392,1220.6841382424016,1337.808913891827,322.38951575409345,,,,,,,,2024-08-06,a_unit_rw,rev_leg=naive;scenario=backtest;,1.0
driver-lines,margin_v2,total_cash_costs_musd,2024Q4,2024-08-06,1,1646.2041189864563,1646.2041189864563,W1,PIT,7,18,1522.5159825540854,1549.8352249481568,1595.4844811551504,1696.9237568177623,1742.5730130247557,1769.8922554188273,75.19704757049486,,,,,,,,2024-08-06,a_unit_rw,rev_leg=naive;scenario=backtest;,1.0
driver-lines,margin_v2,total_cash_costs_musd,2024Q4,2024-08-06,1,1646.2041189864563,1646.2041189864563,W2,PIT,7,18,1522.5159825540854,1549.8352249481568,1595.4844811551504,1696.9237568177623,1742.5730130247557,1769.8922554188273,75.19704757049486,,,,,,,,2024-08-06,a_unit_rw,rev_leg=naive;scenario=backtest;,1.0
driver-lines,margin_v2,adj_ebitda_margin_pct,2025Q1,2024-08-06,2,18.88983052144905,18.88983052144905,W1,PIT,7,18,2.650477661736666,6.237295523932467,12.230710904833714,25.548950138064384,31.54236551896563,35.12918338116143,9.872825516888069,,,,,,,,2024-08-06,a_unit_rw,rev_leg=naive;scenario=backtest;,1.0
driver-lines,margin_v2,adj_ebitda_margin_pct,2025Q1,2024-08-06,2,18.88983052144905,18.88983052144905,W2,PIT,7,18,2.650477661736666,6.237295523932467,12.230710904833714,25.548950138064384,31.54236551896563,35.12918338116143,9.872825516888069,,,,,,,,2024-08-06,a_unit_rw,rev_leg=naive;scenario=backtest;,1.0
driver-lines,margin_v2,adj_ebitda_musd,2025Q1,2024-08-06,2,447.623279600007,447.623279600007,W1,PIT,7,18,-137.88010613561002,-8.558819722610414,207.53137968080065,687.7151795192133,903.8053789226245,1033.126665335624,355.9607834654402,,,,,,,,2024-08-06,a_unit_rw,rev_leg=naive;scenario=backtest;,1.0
driver-lines,margin_v2,adj_ebitda_musd,2025Q1,2024-08-06,2,447.623279600007,447.623279600007,W2,PIT,7,18,-137.88010613561002,-8.558819722610414,207.53137968080065,687.7151795192133,903.8053789226245,1033.126665335624,355.9607834654402,,,,,,,,2024-08-06,a_unit_rw,rev_leg=naive;scenario=backtest;,1.0
driver-lines,margin_v2,total_cash_costs_musd,2025Q1,2024-08-06,2,1922.0288943130365,1922.0288943130365,W1,PIT,7,18,1733.2406614089446,1774.938690376139,1844.614268497704,1999.443520128369,2069.1190982499343,2110.8171272171285,114.775095978593,,,,,,,,2024-08-06,a_unit_rw,rev_leg=naive;scenario=backtest;,1.0
driver-lines,margin_v2,total_cash_costs_musd,2025Q1,2024-08-06,2,1922.0288943130365,1922.0288943130365,W2,PIT,7,18,1733.2406614089446,1774.938690376139,1844.614268497704,1999.443520128369,2069.1190982499343,2110.8171272171285,114.775095978593,,,,,,,,2024-08-06,a_unit_rw,rev_leg=naive;scenario=backtest;,1.0
driver-lines,margin_v2,adj_ebitda_margin_pct,2024Q3,2024-08-06,0,53.92749446658514,53.92749446658514,W1,full_sample,7,18,49.37186958249801,50.37807942650264,52.059411957778636,55.79557697539164,57.47690950666764,58.48311935067227,2.7696232719080323,,,,,,,,2024-08-06,a_unit_rw,rev_leg=guide_cushion;scenario=backtest;,1.0
driver-lines,margin_v2,adj_ebitda_margin_pct,2024Q3,2024-08-06,0,53.92749446658514,53.92749446658514,W2,full_sample,7,18,49.37186958249801,50.37807942650264,52.059411957778636,55.79557697539164,57.47690950666764,58.48311935067227,2.7696232719080323,,,,,,,,2024-08-06,a_unit_rw,rev_leg=guide_cushion;scenario=backtest;,1.0
driver-lines,margin_v2,adj_ebitda_musd,2024Q3,2024-08-06,0,2045.907746268716,2045.907746268716,W1,full_sample,7,18,1646.9544047787517,1735.0720153634045,1882.3126790649658,2209.5028134724657,2356.7434771740272,2444.8610877586802,242.5464095728529,,,,,,,,2024-08-06,a_unit_rw,rev_leg=guide_cushion;scenario=backtest;,1.0
driver-lines,margin_v2,adj_ebitda_musd,2024Q3,2024-08-06,0,2045.907746268716,2045.907746268716,W2,full_sample,7,18,1646.9544047787517,1735.0720153634045,1882.3126790649658,2209.5028134724657,2356.7434771740272,2444.8610877586802,242.5464095728529,,,,,,,,2024-08-06,a_unit_rw,rev_leg=guide_cushion;scenario=backtest;,1.0
driver-lines,margin_v2,total_cash_costs_musd,2024Q3,2024-08-06,0,1747.9042349951515,1747.9042349951515,W1,full_sample,7,18,1629.4360505386303,1655.602351855029,1699.325094072833,1796.4833759174699,1840.206118135274,1866.3724194516728,72.02354210452577,,,,,,,,2024-08-06,a_unit_rw,rev_leg=guide_cushion;scenario=backtest;,1.0
driver-lines,margin_v2,total_cash_costs_musd,2024Q3,2024-08-06,0,1747.9042349951515,1747.9042349951515,W2,full_sample,7,18,1629.4360505386303,1655.602351855029,1699.325094072833,1796.4833759174699,1840.206118135274,1866.3724194516728,72.02354210452577,,,,,,,,2024-08-06,a_unit_rw,rev_leg=guide_cushion;scenario=backtest;,1.0
driver-lines,margin_v2,adj_ebitda_margin_pct,2024Q4,2024-08-06,1,32.173586956146174,32.173586956146174,W1,full_sample,7,18,25.442786604956897,26.929431740084965,29.413550577767996,34.933623334524356,37.41774217220738,38.904387307335455,4.092036057739656,,,,,,,,2024-08-06,a_unit_rw,rev_leg=naive;scenario=backtest;,1.0
driver-lines,margin_v2,adj_ebitda_margin_pct,2024Q4,2024-08-06,1,32.173586956146174,32.173586956146174,W2,full_sample,7,18,25.442786604956897,26.929431740084965,29.413550577767996,34.933623334524356,37.41774217220738,38.904387307335455,4.092036057739656,,,,,,,,2024-08-06,a_unit_rw,rev_leg=naive;scenario=backtest;,1.0
driver-lines,margin_v2,adj_ebitda_musd,2024Q4,2024-08-06,1,789.4527842482936,789.4527842482936,W1,full_sample,7,18,485.8384730344151,552.8983641574104,664.9525019306827,913.9530665659045,1026.0072043391767,1093.0670954621721,184.5843947686635,,,,,,,,2024-08-06,a_unit_rw,rev_leg=naive;scenario=backtest;,1.0
driver-lines,margin_v2,adj_ebitda_musd,2024Q4,2024-08-06,1,789.4527842482936,789.4527842482936,W2,full_sample,7,18,485.8384730344151,552.8983641574104,664.9525019306827,913.9530665659045,1026.0072043391767,1093.0670954621721,184.5843947686635,,,,,,,,2024-08-06,a_unit_rw,rev_leg=naive;scenario=backtest;,1.0
driver-lines,margin_v2,total_cash_costs_musd,2024Q4,2024-08-06,1,1664.2766843507402,1664.2766843507402,W1,full_sample,7,18,1557.3555064846819,1580.9713977046097,1620.4325164759314,1708.120852225549,1747.581970996871,1771.1978622167985,65.00346055972369,,,,,,,,2024-08-06,a_unit_rw,rev_leg=naive;scenario=backtest;,1.0
driver-lines,margin_v2,total_cash_costs_musd,2024Q4,2024-08-06,1,1664.2766843507402,1664.2766843507402,W2,full_sample,7,18,1557.3555064846819,1580.9713977046097,1620.4325164759314,1708.120852225549,1747.581970996871,1771.1978622167985,65.00346055972369,,,,,,,,2024-08-06,a_unit_rw,rev_leg=naive;scenario=backtest;,1.0
driver-lines,margin_v2,adj_ebitda_margin_pct,2025Q1,2024-08-06,2,17.890104725208257,17.890104725208257,W1,full_sample,7,18,9.381337917383622,11.260686006880377,14.400994262946032,21.379215187470482,24.519523443536137,26.398871533032892,5.172962911961083,,,,,,,,2024-08-06,a_unit_rw,rev_leg=naive;scenario=backtest;,1.0
driver-lines,margin_v2,adj_ebitda_margin_pct,2025Q1,2024-08-06,2,17.890104725208257,17.890104725208257,W2,full_sample,7,18,9.381337917383622,11.260686006880377,14.400994262946032,21.379215187470482,24.519523443536137,26.398871533032892,5.172962911961083,,,,,,,,2024-08-06,a_unit_rw,rev_leg=naive;scenario=backtest;,1.0
driver-lines,margin_v2,adj_ebitda_musd,2025Q1,2024-08-06,2,423.93325553621753,423.93325553621753,W1,full_sample,7,18,123.34008926369039,189.73269415098812,300.6718258820957,547.1946851903394,658.133816921447,724.5264218087447,182.74766906137324,,,,,,,,2024-08-06,a_unit_rw,rev_leg=naive;scenario=backtest;,1.0
driver-lines,margin_v2,adj_ebitda_musd,2025Q1,2024-08-06,2,423.93325553621753,423.93325553621753,W2,full_sample,7,18,123.34008926369039,189.73269415098812,300.6718258820957,547.1946851903394,658.133816921447,724.5264218087447,182.74766906137324,,,,,,,,2024-08-06,a_unit_rw,rev_leg=naive;scenario=backtest;,1.0
driver-lines,margin_v2,total_cash_costs_musd,2025Q1,2024-08-06,2,1945.718918376826,1945.718918376826,W1,full_sample,7,18,1808.130434027953,1838.5198736539187,1889.2992948202148,2002.1385419334374,2052.9179630997332,2083.307402725699,83.64785905228283,,,,,,,,2024-08-06,a_unit_rw,rev_leg=naive;scenario=backtest;,1.0
driver-lines,margin_v2,total_cash_costs_musd,2025Q1,2024-08-06,2,1945.718918376826,1945.718918376826,W2,full_sample,7,18,1808.130434027953,1838.5198736539187,1889.2992948202148,2002.1385419334374,2052.9179630997332,2083.307402725699,83.64785905228283,,,,,,,,2024-08-06,a_unit_rw,rev_leg=naive;scenario=backtest;,1.0
driver-lines,margin_v2,adj_ebitda_margin_pct,2024Q4,2024-11-07,0,32.93748412779059,32.93748412779059,W1,PIT,7,19,24.85100876814745,26.637084513451992,29.621538771971164,36.25342948361001,39.23788374212919,41.02395948743373,4.916227940981227,,,,,,,,2024-11-07,a_unit_rw,rev_leg=guide_cushion;scenario=backtest;,1.0
driver-lines,margin_v2,adj_ebitda_margin_pct,2024Q4,2024-11-07,0,32.93748412779059,32.93748412779059,W2,PIT,7,19,24.85100876814745,26.637084513451992,29.621538771971164,36.25342948361001,39.23788374212919,41.02395948743373,4.916227940981227,,,,,,,,2024-11-07,a_unit_rw,rev_leg=guide_cushion;scenario=backtest;,1.0
driver-lines,margin_v2,adj_ebitda_musd,2024Q4,2024-11-07,0,815.3721056277095,815.3721056277095,W1,PIT,7,19,457.8145748672533,536.7890111747444,668.7518315487789,961.9923797066401,1093.9552000806748,1172.9296363881656,217.3795436273219,,,,,,,,2024-11-07,a_unit_rw,rev_leg=guide_cushion;scenario=backtest;,1.0
driver-lines,margin_v2,adj_ebitda_musd,2024Q4,2024-11-07,0,815.3721056277095,815.3721056277095,W2,PIT,7,19,457.8145748672533,536.7890111747444,668.7518315487789,961.9923797066401,1093.9552000806748,1172.9296363881656,217.3795436273219,,,,,,,,2024-11-07,a_unit_rw,rev_leg=guide_cushion;scenario=backtest;,1.0
driver-lines,margin_v2,total_cash_costs_musd,2024Q4,2024-11-07,0,1660.1421214584739,1660.1421214584739,W1,PIT,7,19,1481.8848898176573,1521.2569157868115,1587.045844884068,1733.23839803288,1799.0273271301364,1838.3993530992907,108.37270181371329,,,,,,,,2024-11-07,a_unit_rw,rev_leg=guide_cushion;scenario=backtest;,1.0
driver-lines,margin_v2,total_cash_costs_musd,2024Q4,2024-11-07,0,1660.1421214584739,1660.1421214584739,W2,PIT,7,19,1481.8848898176573,1521.2569157868115,1587.045844884068,1733.23839803288,1799.0273271301364,1838.3993530992907,108.37270181371329,,,,,,,,2024-11-07,a_unit_rw,rev_leg=guide_cushion;scenario=backtest;,1.0
driver-lines,margin_v2,adj_ebitda_margin_pct,2025Q1,2024-11-07,1,18.191235753031734,18.191235753031734,W1,PIT,7,19,7.273554082454112,9.684963943923742,13.714324092292516,22.668147413770953,26.697507562139727,29.108917423609356,6.6374791602655625,,,,,,,,2024-11-07,a_unit_rw,rev_leg=naive;scenario=backtest;,1.0
driver-lines,margin_v2,adj_ebitda_margin_pct,2025Q1,2024-11-07,1,18.191235753031734,18.191235753031734,W2,PIT,7,19,7.273554082454112,9.684963943923742,13.714324092292516,22.668147413770953,26.697507562139727,29.108917423609356,6.6374791602655625,,,,,,,,2024-11-07,a_unit_rw,rev_leg=naive;scenario=backtest;,1.0
driver-lines,margin_v2,adj_ebitda_musd,2025Q1,2024-11-07,1,428.0827786297719,428.0827786297719,W1,PIT,7,19,165.69250522158626,223.64716189154353,320.48685211989886,535.6787051396449,632.5183953680003,690.4730520379576,159.52195934570346,,,,,,,,2024-11-07,a_unit_rw,rev_leg=naive;scenario=backtest;,1.0
driver-lines,margin_v2,adj_ebitda_musd,2025Q1,2024-11-07,1,428.0827786297719,428.0827786297719,W2,PIT,7,19,165.69250522158626,223.64716189154353,320.48685211989886,535.6787051396449,632.5183953680003,690.4730520379576,159.52195934570346,,,,,,,,2024-11-07,a_unit_rw,rev_leg=naive;scenario=backtest;,1.0
driver-lines,margin_v2,total_cash_costs_musd,2025Q1,2024-11-07,1,1925.1536064158568,1925.1536064158568,W1,PIT,7,19,1779.7425235196515,1811.8597558994757,1865.526243001047,1984.7809698306667,2038.4474569322379,2070.564689312062,88.4036612824366,,,,,,,,2024-11-07,a_unit_rw,rev_leg=naive;scenario=backtest;,1.0
driver-lines,margin_v2,total_cash_costs_musd,2025Q1,2024-11-07,1,1925.1536064158568,1925.1536064158568,W2,PIT,7,19,1779.7425235196515,1811.8597558994757,1865.526243001047,1984.7809698306667,2038.4474569322379,2070.564689312062,88.4036612824366,,,,,,,,2024-11-07,a_unit_rw,rev_leg=naive;scenario=backtest;,1.0
driver-lines,margin_v2,adj_ebitda_margin_pct,2025Q2,2024-11-07,2,31.504157311613255,31.504157311613255,W1,PIT,7,19,16.932303114323922,20.150817261511186,25.528813283196932,37.47950134002958,42.857497361715325,46.07601150890259,8.859058312864239,,,,,,,,2024-11-07,a_unit_rw,rev_leg=naive;scenario=backtest;,1.0
driver-lines,margin_v2,adj_ebitda_margin_pct,2025Q2,2024-11-07,2,31.504157311613255,31.504157311613255,W2,PIT,7,19,16.932303114323922,20.150817261511186,25.528813283196932,37.47950134002958,42.857497361715325,46.07601150890259,8.859058312864239,,,,,,,,2024-11-07,a_unit_rw,rev_leg=naive;scenario=backtest;,1.0
driver-lines,margin_v2,adj_ebitda_musd,2025Q2,2024-11-07,2,951.109860049788,951.109860049788,W1,PIT,7,19,-239.84821810270967,23.201039139639448,462.7448143916657,1439.4749057079102,1879.0186809599365,2142.067938202286,724.0511001333217,,,,,,,,2024-11-07,a_unit_rw,rev_leg=naive;scenario=backtest;,1.0
driver-lines,margin_v2,adj_ebitda_musd,2025Q2,2024-11-07,2,951.109860049788,951.109860049788,W2,PIT,7,19,-239.84821810270967,23.201039139639448,462.7448143916657,1439.4749057079102,1879.0186809599365,2142.067938202286,724.0511001333217,,,,,,,,2024-11-07,a_unit_rw,rev_leg=naive;scenario=backtest;,1.0
driver-lines,margin_v2,total_cash_costs_musd,2025Q2,2024-11-07,2,2067.8880793084695,2067.8880793084695,W1,PIT,7,19,1883.0130668096258,1923.8467750757734,1992.0781112027046,2143.698047414234,2211.929383541166,2252.7630918073132,112.39602689844573,,,,,,,,2024-11-07,a_unit_rw,rev_leg=naive;scenario=backtest;,1.0
driver-lines,margin_v2,total_cash_costs_musd,2025Q2,2024-11-07,2,2067.8880793084695,2067.8880793084695,W2,PIT,7,19,1883.0130668096258,1923.8467750757734,1992.0781112027046,2143.698047414234,2211.929383541166,2252.7630918073132,112.39602689844573,,,,,,,,2024-11-07,a_unit_rw,rev_leg=naive;scenario=backtest;,1.0
driver-lines,margin_v2,adj_ebitda_margin_pct,2024Q4,2024-11-07,0,32.5409366253523,32.5409366253523,W1,full_sample,7,19,27.98531174126517,28.991521585269805,30.6728541165458,34.409019134158804,36.090351665434795,37.09656150943943,2.7696232719080323,,,,,,,,2024-11-07,a_unit_rw,rev_leg=guide_cushion;scenario=backtest;,1.0
driver-lines,margin_v2,adj_ebitda_margin_pct,2024Q4,2024-11-07,0,32.5409366253523,32.5409366253523,W2,full_sample,7,19,27.98531174126517,28.991521585269805,30.6728541165458,34.409019134158804,36.090351665434795,37.09656150943943,2.7696232719080323,,,,,,,,2024-11-07,a_unit_rw,rev_leg=guide_cushion;scenario=backtest;,1.0
driver-lines,margin_v2,adj_ebitda_musd,2024Q4,2024-11-07,0,805.5555157876947,805.5555157876947,W1,full_sample,7,19,648.4716661540556,683.1670855217948,741.1416100375523,869.9694215378371,927.9439460535946,962.6393654213339,95.50019956777197,,,,,,,,2024-11-07,a_unit_rw,rev_leg=guide_cushion;scenario=backtest;,1.0
driver-lines,margin_v2,adj_ebitda_musd,2024Q4,2024-11-07,0,805.5555157876947,805.5555157876947,W2,full_sample,7,19,648.4716661540556,683.1670855217948,741.1416100375523,869.9694215378371,927.9439460535946,962.6393654213339,95.50019956777197,,,,,,,,2024-11-07,a_unit_rw,rev_leg=guide_cushion;scenario=backtest;,1.0
driver-lines,margin_v2,total_cash_costs_musd,2024Q4,2024-11-07,0,1669.9587112984887,1669.9587112984887,W1,full_sample,7,19,1556.7734619673474,1581.7729109937425,1623.5458941964991,1716.3715284004782,1758.1445116032348,1783.14396062963,68.81174560250432,,,,,,,,2024-11-07,a_unit_rw,rev_leg=guide_cushion;scenario=backtest;,1.0
driver-lines,margin_v2,total_cash_costs_musd,2024Q4,2024-11-07,0,1669.9587112984887,1669.9587112984887,W2,full_sample,7,19,1556.7734619673474,1581.7729109937425,1623.5458941964991,1716.3715284004782,1758.1445116032348,1783.14396062963,68.81174560250432,,,,,,,,2024-11-07,a_unit_rw,rev_leg=guide_cushion;scenario=backtest;,1.0
driver-lines,margin_v2,adj_ebitda_margin_pct,2025Q1,2024-11-07,1,17.575311213320564,17.575311213320564,W1,full_sample,7,19,10.844510862131287,12.331155997259353,14.815274834942384,20.335347591698742,22.819466429381777,24.30611156450984,4.092036057739656,,,,,,,,2024-11-07,a_unit_rw,rev_leg=naive;scenario=backtest;,1.0
driver-lines,margin_v2,adj_ebitda_margin_pct,2025Q1,2024-11-07,1,17.575311213320564,17.575311213320564,W2,full_sample,7,19,10.844510862131287,12.331155997259353,14.815274834942384,20.335347591698742,22.819466429381777,24.30611156450984,4.092036057739656,,,,,,,,2024-11-07,a_unit_rw,rev_leg=naive;scenario=backtest;,1.0
driver-lines,margin_v2,adj_ebitda_musd,2025Q1,2024-11-07,1,413.58861825686387,413.58861825686387,W1,full_sample,7,19,254.52727100032732,289.65946416425976,348.36381854276823,478.8134179709595,537.5177723494679,572.6499655134004,96.70243275770173,,,,,,,,2024-11-07,a_unit_rw,rev_leg=naive;scenario=backtest;,1.0
driver-lines,margin_v2,adj_ebitda_musd,2025Q1,2024-11-07,1,413.58861825686387,413.58861825686387,W2,full_sample,7,19,254.52727100032732,289.65946416425976,348.36381854276823,478.8134179709595,537.5177723494679,572.6499655134004,96.70243275770173,,,,,,,,2024-11-07,a_unit_rw,rev_leg=naive;scenario=backtest;,1.0
driver-lines,margin_v2,total_cash_costs_musd,2025Q1,2024-11-07,1,1939.6477667887648,1939.6477667887648,W1,full_sample,7,19,1815.0354196830128,1842.5587943094677,1888.5491465264367,1990.7463870510928,2036.7367392680621,2064.260113894517,75.75892776350277,,,,,,,,2024-11-07,a_unit_rw,rev_leg=naive;scenario=backtest;,1.0
driver-lines,margin_v2,total_cash_costs_musd,2025Q1,2024-11-07,1,1939.6477667887648,1939.6477667887648,W2,full_sample,7,19,1815.0354196830128,1842.5587943094677,1888.5491465264367,1990.7463870510928,2036.7367392680621,2064.260113894517,75.75892776350277,,,,,,,,2024-11-07,a_unit_rw,rev_leg=naive;scenario=backtest;,1.0
driver-lines,margin_v2,adj_ebitda_margin_pct,2025Q2,2024-11-07,2,31.02555070463785,31.02555070463785,W1,full_sample,7,19,22.516783896813216,24.39613198630997,27.536440242375626,34.514661166900076,37.654969422965735,39.534317512462486,5.172962911961083,,,,,,,,2024-11-07,a_unit_rw,rev_leg=naive;scenario=backtest;,1.0
driver-lines,margin_v2,adj_ebitda_margin_pct,2025Q2,2024-11-07,2,31.02555070463785,31.02555070463785,W2,full_sample,7,19,22.516783896813216,24.39613198630997,27.536440242375626,34.514661166900076,37.654969422965735,39.534317512462486,5.172962911961083,,,,,,,,2024-11-07,a_unit_rw,rev_leg=naive;scenario=backtest;,1.0
driver-lines,margin_v2,adj_ebitda_musd,2025Q2,2024-11-07,2,936.6607364475681,936.6607364475681,W1,full_sample,7,19,272.5141689983961,419.2055299055517,664.3203621842274,1209.0011107109087,1454.1159429895845,1600.80730389674,403.7724430714747,,,,,,,,2024-11-07,a_unit_rw,rev_leg=naive;scenario=backtest;,1.0
driver-lines,margin_v2,adj_ebitda_musd,2025Q2,2024-11-07,2,936.6607364475681,936.6607364475681,W2,full_sample,7,19,272.5141689983961,419.2055299055517,664.3203621842274,1209.0011107109087,1454.1159429895845,1600.80730389674,403.7724430714747,,,,,,,,2024-11-07,a_unit_rw,rev_leg=naive;scenario=backtest;,1.0
driver-lines,margin_v2,total_cash_costs_musd,2025Q2,2024-11-07,2,2082.3372029106895,2082.3372029106895,W1,full_sample,7,19,1935.087969249147,1967.6111976101824,2021.9560861951481,2142.718319626231,2197.0632082111965,2229.5864365722323,89.52117759830729,,,,,,,,2024-11-07,a_unit_rw,rev_leg=naive;scenario=backtest;,1.0
driver-lines,margin_v2,total_cash_costs_musd,2025Q2,2024-11-07,2,2082.3372029106895,2082.3372029106895,W2,full_sample,7,19,1935.087969249147,1967.6111976101824,2021.9560861951481,2142.718319626231,2197.0632082111965,2229.5864365722323,89.52117759830729,,,,,,,,2024-11-07,a_unit_rw,rev_leg=naive;scenario=backtest;,1.0
driver-lines,margin_v2,adj_ebitda_margin_pct,2025Q1,2025-02-13,0,16.132629559868857,16.132629559868857,W1,PIT,7,20,8.047091851177445,9.832960495668843,12.817068697809752,19.44819042192796,22.43229862406887,24.21816726856027,4.915657889679175,,,,,,,,2025-02-13,a_unit_rw,rev_leg=guide_cushion;scenario=backtest;,1.0
driver-lines,margin_v2,adj_ebitda_margin_pct,2025Q1,2025-02-13,0,16.132629559868857,16.132629559868857,W2,PIT,7,20,8.047091851177445,9.832960495668843,12.817068697809752,19.44819042192796,22.43229862406887,24.21816726856027,4.915657889679175,,,,,,,,2025-02-13,a_unit_rw,rev_leg=guide_cushion;scenario=backtest;,1.0
driver-lines,margin_v2,adj_ebitda_musd,2025Q1,2025-02-13,0,371.2243609774645,371.2243609774645,W1,PIT,7,20,208.57961181834878,244.50327802080875,304.5301491439438,437.9185728109852,497.9454439341203,533.8691101365803,98.88098642586039,,,,,,,,2025-02-13,a_unit_rw,rev_leg=guide_cushion;scenario=backtest;,1.0
driver-lines,margin_v2,adj_ebitda_musd,2025Q1,2025-02-13,0,371.2243609774645,371.2243609774645,W2,PIT,7,20,208.57961181834878,244.50327802080875,304.5301491439438,437.9185728109852,497.9454439341203,533.8691101365803,98.88098642586039,,,,,,,,2025-02-13,a_unit_rw,rev_leg=guide_cushion;scenario=backtest;,1.0
driver-lines,margin_v2,total_cash_costs_musd,2025Q1,2025-02-13,0,1929.8534614558562,1929.8534614558562,W1,PIT,7,20,1722.3345491379305,1768.1696601719402,1844.7581210335625,2014.9488018781499,2091.537262739772,2137.3723737737814,126.16254049458222,,,,,,,,2025-02-13,a_unit_rw,rev_leg=guide_cushion;scenario=backtest;,1.0
driver-lines,margin_v2,total_cash_costs_musd,2025Q1,2025-02-13,0,1929.8534614558562,1929.8534614558562,W2,PIT,7,20,1722.3345491379305,1768.1696601719402,1844.7581210335625,2014.9488018781499,2091.537262739772,2137.3723737737814,126.16254049458222,,,,,,,,2025-02-13,a_unit_rw,rev_leg=guide_cushion;scenario=backtest;,1.0
driver-lines,margin_v2,adj_ebitda_margin_pct,2025Q2,2025-02-13,1,31.41732054866268,31.41732054866268,W1,PIT,7,20,20.36920121483533,22.809421099985638,26.886921534726856,35.9477195625985,40.02521999733972,42.46543988249003,6.716779628776843,,,,,,,,2025-02-13,a_unit_rw,rev_leg=naive;scenario=backtest;,1.0
driver-lines,margin_v2,adj_ebitda_margin_pct,2025Q2,2025-02-13,1,31.41732054866268,31.41732054866268,W2,PIT,7,20,20.36920121483533,22.809421099985638,26.886921534726856,35.9477195625985,40.02521999733972,42.46543988249003,6.716779628776843,,,,,,,,2025-02-13,a_unit_rw,rev_leg=naive;scenario=backtest;,1.0
driver-lines,margin_v2,adj_ebitda_musd,2025Q2,2025-02-13,1,965.3304609195586,965.3304609195586,W1,PIT,7,20,361.1418506996369,494.59017945960767,717.5764856714159,1213.0844361677014,1436.0707423795095,1569.5190711394803,367.32059334647835,,,,,,,,2025-02-13,a_unit_rw,rev_leg=naive;scenario=backtest;,1.0
driver-lines,margin_v2,adj_ebitda_musd,2025Q2,2025-02-13,1,965.3304609195586,965.3304609195586,W2,PIT,7,20,361.1418506996369,494.59017945960767,717.5764856714159,1213.0844361677014,1436.0707423795095,1569.5190711394803,367.32059334647835,,,,,,,,2025-02-13,a_unit_rw,rev_leg=naive;scenario=backtest;,1.0
driver-lines,margin_v2,total_cash_costs_musd,2025Q2,2025-02-13,1,2107.275490387926,2107.275490387926,W1,PIT,7,20,1941.0391681594942,1977.7561121821784,2039.108515761023,2175.4424650148285,2236.794868593673,2273.5118126163575,101.06450781066127,,,,,,,,2025-02-13,a_unit_rw,rev_leg=naive;scenario=backtest;,1.0
driver-lines,margin_v2,total_cash_costs_musd,2025Q2,2025-02-13,1,2107.275490387926,2107.275490387926,W2,PIT,7,20,1941.0391681594942,1977.7561121821784,2039.108515761023,2175.4424650148285,2236.794868593673,2273.5118126163575,101.06450781066127,,,,,,,,2025-02-13,a_unit_rw,rev_leg=naive;scenario=backtest;,1.0
driver-lines,margin_v2,adj_ebitda_margin_pct,2025Q3,2025-02-13,2,51.973218163637746,51.973218163637746,W1,PIT,7,20,37.66870562038335,40.828171489706016,46.10750042809785,57.83893589917764,63.11826483756948,66.27773070689214,8.696526127839109,,,,,,,,2025-02-13,a_unit_rw,rev_leg=naive;scenario=backtest;,1.0
driver-lines,margin_v2,adj_ebitda_margin_pct,2025Q3,2025-02-13,2,51.973218163637746,51.973218163637746,W2,PIT,7,20,37.66870562038335,40.828171489706016,46.10750042809785,57.83893589917764,63.11826483756948,66.27773070689214,8.696526127839109,,,,,,,,2025-02-13,a_unit_rw,rev_leg=naive;scenario=backtest;,1.0
driver-lines,margin_v2,adj_ebitda_musd,2025Q3,2025-02-13,2,2168.759443025276,2168.759443025276,W1,PIT,7,20,-505.4221361439023,85.22961813350686,1072.1828019440106,3265.336084106542,4252.289267917045,4842.9410221944545,1625.7869608285055,,,,,,,,2025-02-13,a_unit_rw,rev_leg=naive;scenario=backtest;,1.0
driver-lines,margin_v2,adj_ebitda_musd,2025Q3,2025-02-13,2,2168.759443025276,2168.759443025276,W2,PIT,7,20,-505.4221361439023,85.22961813350686,1072.1828019440106,3265.336084106542,4252.289267917045,4842.9410221944545,1625.7869608285055,,,,,,,,2025-02-13,a_unit_rw,rev_leg=naive;scenario=backtest;,1.0
driver-lines,margin_v2,total_cash_costs_musd,2025Q3,2025-02-13,2,2004.0809537285563,2004.0809537285563,W1,PIT,7,20,1812.85705453965,1855.0930539181159,1925.667557009183,2082.4943504479297,2153.068853538997,2195.3048529174625,116.25587593670288,,,,,,,,2025-02-13,a_unit_rw,rev_leg=naive;scenario=backtest;,1.0
driver-lines,margin_v2,total_cash_costs_musd,2025Q3,2025-02-13,2,2004.0809537285563,2004.0809537285563,W2,PIT,7,20,1812.85705453965,1855.0930539181159,1925.667557009183,2082.4943504479297,2153.068853538997,2195.3048529174625,116.25587593670288,,,,,,,,2025-02-13,a_unit_rw,rev_leg=naive;scenario=backtest;,1.0
driver-lines,margin_v2,adj_ebitda_margin_pct,2025Q1,2025-02-13,0,15.860576525922712,15.860576525922712,W1,full_sample,7,20,11.304951641835581,12.311161485840215,13.992494017116208,17.728659034729215,19.40999156600521,20.41620141000984,2.7696232719080323,,,,,,,,2025-02-13,a_unit_rw,rev_leg=guide_cushion;scenario=backtest;,1.0
driver-lines,margin_v2,adj_ebitda_margin_pct,2025Q1,2025-02-13,0,15.860576525922712,15.860576525922712,W2,full_sample,7,20,11.304951641835581,12.311161485840215,13.992494017116208,17.728659034729215,19.40999156600521,20.41620141000984,2.7696232719080323,,,,,,,,2025-02-13,a_unit_rw,rev_leg=guide_cushion;scenario=backtest;,1.0
driver-lines,margin_v2,adj_ebitda_musd,2025Q1,2025-02-13,0,364.9642089480728,364.9642089480728,W1,full_sample,7,20,293.79595077532565,309.51502417933153,335.78090662238645,394.14751127375905,420.41339371681397,436.1324671208199,43.26722877138221,,,,,,,,2025-02-13,a_unit_rw,rev_leg=guide_cushion;scenario=backtest;,1.0
driver-lines,margin_v2,adj_ebitda_musd,2025Q1,2025-02-13,0,364.9642089480728,364.9642089480728,W2,full_sample,7,20,293.79595077532565,309.51502417933153,335.78090662238645,394.14751127375905,420.41339371681397,436.1324671208199,43.26722877138221,,,,,,,,2025-02-13,a_unit_rw,rev_leg=guide_cushion;scenario=backtest;,1.0
driver-lines,margin_v2,total_cash_costs_musd,2025Q1,2025-02-13,0,1936.113613485248,1936.113613485248,W1,full_sample,7,20,1804.8891103923834,1833.87292493951,1882.303608229794,1989.9236187407018,2038.3543020309858,2067.3381165781125,79.77883316953408,,,,,,,,2025-02-13,a_unit_rw,rev_leg=guide_cushion;scenario=backtest;,1.0
driver-lines,margin_v2,total_cash_costs_musd,2025Q1,2025-02-13,0,1936.113613485248,1936.113613485248,W2,full_sample,7,20,1804.8891103923834,1833.87292493951,1882.303608229794,1989.9236187407018,2038.3543020309858,2067.3381165781125,79.77883316953408,,,,,,,,2025-02-13,a_unit_rw,rev_leg=guide_cushion;scenario=backtest;,1.0
driver-lines,margin_v2,adj_ebitda_margin_pct,2025Q2,2025-02-13,1,31.208145566100537,31.208145566100537,W1,full_sample,7,20,24.47734521491126,25.963990350039325,28.44810918772236,33.968181944478715,36.45230078216175,37.938945917289814,4.092036057739656,,,,,,,,2025-02-13,a_unit_rw,rev_leg=naive;scenario=backtest;,1.0
driver-lines,margin_v2,adj_ebitda_margin_pct,2025Q2,2025-02-13,1,31.208145566100537,31.208145566100537,W2,full_sample,7,20,24.47734521491126,25.963990350039325,28.44810918772236,33.968181944478715,36.45230078216175,37.938945917289814,4.092036057739656,,,,,,,,2025-02-13,a_unit_rw,rev_leg=naive;scenario=backtest;,1.0
driver-lines,margin_v2,adj_ebitda_musd,2025Q2,2025-02-13,1,958.9033379567079,958.9033379567079,W1,full_sample,7,20,590.120324857791,671.5741555667206,807.6799352745765,1110.1267406388392,1246.2325203466953,1327.6863510556248,224.20415230649394,,,,,,,,2025-02-13,a_unit_rw,rev_leg=naive;scenario=backtest;,1.0
driver-lines,margin_v2,adj_ebitda_musd,2025Q2,2025-02-13,1,958.9033379567079,958.9033379567079,W2,full_sample,7,20,590.120324857791,671.5741555667206,807.6799352745765,1110.1267406388392,1246.2325203466953,1327.6863510556248,224.20415230649394,,,,,,,,2025-02-13,a_unit_rw,rev_leg=naive;scenario=backtest;,1.0
driver-lines,margin_v2,total_cash_costs_musd,2025Q2,2025-02-13,1,2113.702613350776,2113.702613350776,W1,full_sample,7,20,1977.9081416724105,2007.9013341851341,2058.0186437989664,2169.386582902586,2219.5038925164185,2249.4970850291415,82.55717679271169,,,,,,,,2025-02-13,a_unit_rw,rev_leg=naive;scenario=backtest;,1.0
driver-lines,margin_v2,total_cash_costs_musd,2025Q2,2025-02-13,1,2113.702613350776,2113.702613350776,W2,full_sample,7,20,1977.9081416724105,2007.9013341851341,2058.0186437989664,2169.386582902586,2219.5038925164185,2249.4970850291415,82.55717679271169,,,,,,,,2025-02-13,a_unit_rw,rev_leg=naive;scenario=backtest;,1.0
driver-lines,margin_v2,adj_ebitda_margin_pct,2025Q3,2025-02-13,2,51.82878256712692,51.82878256712692,W1,full_sample,7,20,43.32001575930229,45.19936384879904,48.3396721048647,55.31789302938915,58.458201285454805,60.33754937495156,5.172962911961083,,,,,,,,2025-02-13,a_unit_rw,rev_leg=naive;scenario=backtest;,1.0
driver-lines,margin_v2,adj_ebitda_margin_pct,2025Q3,2025-02-13,2,51.82878256712692,51.82878256712692,W2,full_sample,7,20,43.32001575930229,45.19936384879904,48.3396721048647,55.31789302938915,58.458201285454805,60.33754937495156,5.172962911961083,,,,,,,,2025-02-13,a_unit_rw,rev_leg=naive;scenario=backtest;,1.0
driver-lines,margin_v2,adj_ebitda_musd,2025Q3,2025-02-13,2,2162.73237610678,2162.73237610678,W1,full_sample,7,20,629.2301932885148,967.9378418361689,1533.9034716581573,2791.561280555403,3357.5269103773912,3696.2345589250453,932.3031287959752,,,,,,,,2025-02-13,a_unit_rw,rev_leg=naive;scenario=backtest;,1.0
driver-lines,margin_v2,adj_ebitda_musd,2025Q3,2025-02-13,2,2162.73237610678,2162.73237610678,W2,full_sample,7,20,629.2301932885148,967.9378418361689,1533.9034716581573,2791.561280555403,3357.5269103773912,3696.2345589250453,932.3031287959752,,,,,,,,2025-02-13,a_unit_rw,rev_leg=naive;scenario=backtest;,1.0
driver-lines,margin_v2,total_cash_costs_musd,2025Q3,2025-02-13,2,2010.1080206470524,2010.1080206470524,W1,full_sample,7,20,1867.9663611677574,1899.3614695558092,1951.821319129219,2068.394722164886,2120.854571738296,2152.2496801263474,86.41599297971365,,,,,,,,2025-02-13,a_unit_rw,rev_leg=naive;scenario=backtest;,1.0
driver-lines,margin_v2,total_cash_costs_musd,2025Q3,2025-02-13,2,2010.1080206470524,2010.1080206470524,W2,full_sample,7,20,1867.9663611677574,1899.3614695558092,1951.821319129219,2068.394722164886,2120.854571738296,2152.2496801263474,86.41599297971365,,,,,,,,2025-02-13,a_unit_rw,rev_leg=naive;scenario=backtest;,1.0
driver-lines,margin_v2,adj_ebitda_margin_pct,2025Q2,2025-05-01,0,31.923602056632898,31.923602056632898,W1,PIT,7,21,25.129839372586385,26.63039112222605,29.1377473030116,34.709456810254196,37.216812991039745,38.71736474067941,4.130314438153315,,,,,,,,2025-05-01,a_unit_rw,rev_leg=guide_cushion;scenario=backtest;,1.0
driver-lines,margin_v2,adj_ebitda_margin_pct,2025Q2,2025-05-01,0,31.923602056632898,31.923602056632898,W2,PIT,7,21,25.129839372586385,26.63039112222605,29.1377473030116,34.709456810254196,37.216812991039745,38.71736474067941,4.130314438153315,,,,,,,,2025-05-01,a_unit_rw,rev_leg=guide_cushion;scenario=backtest;,1.0
driver-lines,margin_v2,adj_ebitda_musd,2025Q2,2025-05-01,0,983.8301545362552,983.8301545362552,W1,PIT,7,21,736.6171564000149,791.2195783771767,882.4578314152164,1085.202477657294,1176.4407306953337,1231.0431526724956,150.2948311543187,,,,,,,,2025-05-01,a_unit_rw,rev_leg=guide_cushion;scenario=backtest;,1.0
driver-lines,margin_v2,adj_ebitda_musd,2025Q2,2025-05-01,0,983.8301545362552,983.8301545362552,W2,PIT,7,21,736.6171564000149,791.2195783771767,882.4578314152164,1085.202477657294,1176.4407306953337,1231.0431526724956,150.2948311543187,,,,,,,,2025-05-01,a_unit_rw,rev_leg=guide_cushion;scenario=backtest;,1.0
driver-lines,margin_v2,total_cash_costs_musd,2025Q2,2025-05-01,0,2097.9967420367802,2097.9967420367802,W1,PIT,7,21,1879.2573519515572,1927.5707520175122,2008.3003251889982,2187.693158884562,2268.4227320560485,2316.736132122003,132.98410661052475,,,,,,,,2025-05-01,a_unit_rw,rev_leg=guide_cushion;scenario=backtest;,1.0
driver-lines,margin_v2,total_cash_costs_musd,2025Q2,2025-05-01,0,2097.9967420367802,2097.9967420367802,W2,PIT,7,21,1879.2573519515572,1927.5707520175122,2008.3003251889982,2187.693158884562,2268.4227320560485,2316.736132122003,132.98410661052475,,,,,,,,2025-05-01,a_unit_rw,rev_leg=guide_cushion;scenario=backtest;,1.0
driver-lines,margin_v2,adj_ebitda_margin_pct,2025Q3,2025-05-01,1,50.75728108212085,50.75728108212085,W1,PIT,7,21,39.5486259797083,42.024303716366425,46.16105266630004,55.35350949794166,59.49025844787527,61.9659361845334,6.8143784460544214,,,,,,,,2025-05-01,a_unit_rw,rev_leg=naive;scenario=backtest;,1.0
driver-lines,margin_v2,adj_ebitda_margin_pct,2025Q3,2025-05-01,1,50.75728108212085,50.75728108212085,W2,PIT,7,21,39.5486259797083,42.024303716366425,46.16105266630004,55.35350949794166,59.49025844787527,61.9659361845334,6.8143784460544214,,,,,,,,2025-05-01,a_unit_rw,rev_leg=naive;scenario=backtest;,1.0
driver-lines,margin_v2,adj_ebitda_musd,2025Q3,2025-05-01,1,2009.226260749464,2009.226260749464,W1,PIT,7,21,746.7919816863591,1025.6283282519585,1491.5516375658865,2526.9008839330413,2992.8241932469696,3271.660539812569,767.5055447960236,,,,,,,,2025-05-01,a_unit_rw,rev_leg=naive;scenario=backtest;,1.0
driver-lines,margin_v2,adj_ebitda_musd,2025Q3,2025-05-01,1,2009.226260749464,2009.226260749464,W2,PIT,7,21,746.7919816863591,1025.6283282519585,1491.5516375658865,2526.9008839330413,2992.8241932469696,3271.660539812569,767.5055447960236,,,,,,,,2025-05-01,a_unit_rw,rev_leg=naive;scenario=backtest;,1.0
driver-lines,margin_v2,total_cash_costs_musd,2025Q3,2025-05-01,1,1949.2723386903117,1949.2723386903117,W1,PIT,7,21,1796.8412247538074,1830.5089852209285,1886.7663367722598,2011.7783406083638,2068.0356921596945,2101.703452626816,92.67153711361908,,,,,,,,2025-05-01,a_unit_rw,rev_leg=naive;scenario=backtest;,1.0
driver-lines,margin_v2,total_cash_costs_musd,2025Q3,2025-05-01,1,1949.2723386903117,1949.2723386903117,W2,PIT,7,21,1796.8412247538074,1830.5089852209285,1886.7663367722598,2011.7783406083638,2068.0356921596945,2101.703452626816,92.67153711361908,,,,,,,,2025-05-01,a_unit_rw,rev_leg=naive;scenario=backtest;,1.0
driver-lines,margin_v2,adj_ebitda_margin_pct,2025Q4,2025-05-01,2,27.85896344356711,27.85896344356711,W1,PIT,7,21,13.03028817062615,16.305526894802,21.77830719750234,33.93961968963188,39.41239999233222,42.68763871650807,9.015194440385574,,,,,,,,2025-05-01,a_unit_rw,rev_leg=naive;scenario=backtest;,1.0
driver-lines,margin_v2,adj_ebitda_margin_pct,2025Q4,2025-05-01,2,27.85896344356711,27.85896344356711,W2,PIT,7,21,13.03028817062615,16.305526894802,21.77830719750234,33.93961968963188,39.41239999233222,42.68763871650807,9.015194440385574,,,,,,,,2025-05-01,a_unit_rw,rev_leg=naive;scenario=backtest;,1.0
driver-lines,margin_v2,adj_ebitda_musd,2025Q4,2025-05-01,2,732.833805138121,732.833805138121,W1,PIT,7,21,-186.16823079099944,16.813559575938683,355.98723138410844,1109.6803788921334,1448.8540507003033,1651.8358410672415,558.7135662839339,,,,,,,,2025-05-01,a_unit_rw,rev_leg=naive;scenario=backtest;,1.0
driver-lines,margin_v2,adj_ebitda_musd,2025Q4,2025-05-01,2,732.833805138121,732.833805138121,W2,PIT,7,21,-186.16823079099944,16.813559575938683,355.98723138410844,1109.6803788921334,1448.8540507003033,1651.8358410672415,558.7135662839339,,,,,,,,2025-05-01,a_unit_rw,rev_leg=naive;scenario=backtest;,1.0
driver-lines,margin_v2,total_cash_costs_musd,2025Q4,2025-05-01,2,1897.679733610712,1897.679733610712,W1,PIT,7,21,1722.669499136052,1761.3243544436239,1825.9149228102835,1969.4445444111407,2034.0351127778001,2072.689968085372,106.39866770335011,,,,,,,,2025-05-01,a_unit_rw,rev_leg=naive;scenario=backtest;,1.0
driver-lines,margin_v2,total_cash_costs_musd,2025Q4,2025-05-01,2,1897.679733610712,1897.679733610712,W2,PIT,7,21,1722.669499136052,1761.3243544436239,1825.9149228102835,1969.4445444111407,2034.0351127778001,2072.689968085372,106.39866770335011,,,,,,,,2025-05-01,a_unit_rw,rev_leg=naive;scenario=backtest;,1.0
driver-lines,margin_v2,adj_ebitda_margin_pct,2025Q2,2025-05-01,0,31.354162594452685,31.354162594452685,W1,full_sample,7,21,26.798537710365554,27.804747554370188,29.486080085646183,33.22224510325919,34.90357763453518,35.90978747853981,2.7696232719080323,,,,,,,,2025-05-01,a_unit_rw,rev_leg=guide_cushion;scenario=backtest;,1.0
driver-lines,margin_v2,adj_ebitda_margin_pct,2025Q2,2025-05-01,0,31.354162594452685,31.354162594452685,W2,full_sample,7,21,26.798537710365554,27.804747554370188,29.486080085646183,33.22224510325919,34.90357763453518,35.90978747853981,2.7696232719080323,,,,,,,,2025-05-01,a_unit_rw,rev_leg=guide_cushion;scenario=backtest;,1.0
driver-lines,margin_v2,adj_ebitda_musd,2025Q2,2025-05-01,0,966.2810160310847,966.2810160310847,W1,full_sample,7,21,777.8555892898312,819.4734845450097,889.0151627473215,1043.5468693148478,1113.0885475171597,1154.7064427723383,114.55452549323564,,,,,,,,2025-05-01,a_unit_rw,rev_leg=guide_cushion;scenario=backtest;,1.0
driver-lines,margin_v2,adj_ebitda_musd,2025Q2,2025-05-01,0,966.2810160310847,966.2810160310847,W2,full_sample,7,21,777.8555892898312,819.4734845450097,889.0151627473215,1043.5468693148478,1113.0885475171597,1154.7064427723383,114.55452549323564,,,,,,,,2025-05-01,a_unit_rw,rev_leg=guide_cushion;scenario=backtest;,1.0
driver-lines,margin_v2,total_cash_costs_musd,2025Q2,2025-05-01,0,2115.5458805419507,2115.5458805419507,W1,full_sample,7,21,1972.1599475002743,2003.8298810416165,2056.7489513962514,2174.34280968765,2227.261880042285,2258.9318135836274,87.1724575927307,,,,,,,,2025-05-01,a_unit_rw,rev_leg=guide_cushion;scenario=backtest;,1.0
driver-lines,margin_v2,total_cash_costs_musd,2025Q2,2025-05-01,0,2115.5458805419507,2115.5458805419507,W2,full_sample,7,21,1972.1599475002743,2003.8298810416165,2056.7489513962514,2174.34280968765,2227.261880042285,2258.9318135836274,87.1724575927307,,,,,,,,2025-05-01,a_unit_rw,rev_leg=guide_cushion;scenario=backtest;,1.0
driver-lines,margin_v2,adj_ebitda_margin_pct,2025Q3,2025-05-01,1,50.36820989063979,50.36820989063979,W1,full_sample,7,21,43.637409539450516,45.12405467457858,47.60817351226161,53.12824626901797,55.612365106701,57.09901024182906,4.092036057739656,,,,,,,,2025-05-01,a_unit_rw,rev_leg=naive;scenario=backtest;,1.0
driver-lines,margin_v2,adj_ebitda_margin_pct,2025Q3,2025-05-01,1,50.36820989063979,50.36820989063979,W2,full_sample,7,21,43.637409539450516,45.12405467457858,47.60817351226161,53.12824626901797,55.612365106701,57.09901024182906,4.092036057739656,,,,,,,,2025-05-01,a_unit_rw,rev_leg=naive;scenario=backtest;,1.0
driver-lines,margin_v2,adj_ebitda_musd,2025Q3,2025-05-01,1,1993.8248830838627,1993.8248830838627,W1,full_sample,7,21,1227.0231431482582,1396.388154261919,1679.3896618917793,2308.260104275946,2591.2616119058066,2760.626623019467,466.18235651568233,,,,,,,,2025-05-01,a_unit_rw,rev_leg=naive;scenario=backtest;,1.0
driver-lines,margin_v2,adj_ebitda_musd,2025Q3,2025-05-01,1,1993.8248830838627,1993.8248830838627,W2,full_sample,7,21,1227.0231431482582,1396.388154261919,1679.3896618917793,2308.260104275946,2591.2616119058066,2760.626623019467,466.18235651568233,,,,,,,,2025-05-01,a_unit_rw,rev_leg=naive;scenario=backtest;,1.0
driver-lines,margin_v2,total_cash_costs_musd,2025Q3,2025-05-01,1,1964.673716355913,1964.673716355913,W1,full_sample,7,21,1838.453581296333,1866.332071215942,1912.915805517465,2016.431627194361,2063.015361495884,2090.893851415493,76.736393434298,,,,,,,,2025-05-01,a_unit_rw,rev_leg=naive;scenario=backtest;,1.0
driver-lines,margin_v2,total_cash_costs_musd,2025Q3,2025-05-01,1,1964.673716355913,1964.673716355913,W2,full_sample,7,21,1838.453581296333,1866.332071215942,1912.915805517465,2016.431627194361,2063.015361495884,2090.893851415493,76.736393434298,,,,,,,,2025-05-01,a_unit_rw,rev_leg=naive;scenario=backtest;,1.0
driver-lines,margin_v2,adj_ebitda_margin_pct,2025Q4,2025-05-01,2,27.22019670045161,27.22019670045161,W1,full_sample,7,21,18.711429892626974,20.59077798212373,23.731086238189384,30.709307162713834,33.84961541877949,35.728963508276244,5.172962911961083,,,,,,,,2025-05-01,a_unit_rw,rev_leg=naive;scenario=backtest;,1.0
driver-lines,margin_v2,adj_ebitda_margin_pct,2025Q4,2025-05-01,2,27.22019670045161,27.22019670045161,W2,full_sample,7,21,18.711429892626974,20.59077798212373,23.731086238189384,30.709307162713834,33.84961541877949,35.728963508276244,5.172962911961083,,,,,,,,2025-05-01,a_unit_rw,rev_leg=naive;scenario=backtest;,1.0
driver-lines,margin_v2,adj_ebitda_musd,2025Q4,2025-05-01,2,716.0309594794427,716.0309594794427,W1,full_sample,7,21,208.32364836783927,320.461962498588,507.8401686191853,924.2217503397001,1111.5999564602973,1223.738270591046,308.66412840185336,,,,,,,,2025-05-01,a_unit_rw,rev_leg=naive;scenario=backtest;,1.0
driver-lines,margin_v2,adj_ebitda_musd,2025Q4,2025-05-01,2,716.0309594794427,716.0309594794427,W2,full_sample,7,21,208.32364836783927,320.461962498588,507.8401686191853,924.2217503397001,1111.5999564602973,1223.738270591046,308.66412840185336,,,,,,,,2025-05-01,a_unit_rw,rev_leg=naive;scenario=backtest;,1.0
driver-lines,margin_v2,total_cash_costs_musd,2025Q4,2025-05-01,2,1914.4825792693905,1914.4825792693905,W1,full_sample,7,21,1779.1029240138712,1809.0044952059764,1858.9687096102632,1969.996448928518,2019.9606633328046,2049.8622345249096,82.30498631445295,,,,,,,,2025-05-01,a_unit_rw,rev_leg=naive;scenario=backtest;,1.0
driver-lines,margin_v2,total_cash_costs_musd,2025Q4,2025-05-01,2,1914.4825792693905,1914.4825792693905,W2,full_sample,7,21,1779.1029240138712,1809.0044952059764,1858.9687096102632,1969.996448928518,2019.9606633328046,2049.8622345249096,82.30498631445295,,,,,,,,2025-05-01,a_unit_rw,rev_leg=naive;scenario=backtest;,1.0
driver-lines,margin_v2,adj_ebitda_margin_pct,2025Q3,2025-08-06,0,52.93077367071675,52.93077367071675,W1,PIT,7,22,46.40059361248264,47.84292734822756,50.25300378040924,55.60854356102427,58.018619993205945,59.46095372895087,3.9700675800174228,,,,,,,,2025-08-06,a_unit_rw,rev_leg=guide_cushion;scenario=backtest;,1.0
driver-lines,margin_v2,adj_ebitda_margin_pct,2025Q3,2025-08-06,0,52.93077367071675,52.93077367071675,W2,PIT,7,22,46.40059361248264,47.84292734822756,50.25300378040924,55.60854356102427,58.018619993205945,59.46095372895087,3.9700675800174228,,,,,,,,2025-08-06,a_unit_rw,rev_leg=guide_cushion;scenario=backtest;,1.0
driver-lines,margin_v2,adj_ebitda_musd,2025Q3,2025-08-06,0,2191.104675489451,2191.104675489451,W1,PIT,7,22,1688.8616204827197,1799.793033601471,1985.1545610485375,2397.0547899303647,2582.416317377431,2693.3477304961825,305.34209657158084,,,,,,,,2025-08-06,a_unit_rw,rev_leg=guide_cushion;scenario=backtest;,1.0
driver-lines,margin_v2,adj_ebitda_musd,2025Q3,2025-08-06,0,2191.104675489451,2191.104675489451,W2,PIT,7,22,1688.8616204827197,1799.793033601471,1985.1545610485375,2397.0547899303647,2582.416317377431,2693.3477304961825,305.34209657158084,,,,,,,,2025-08-06,a_unit_rw,rev_leg=guide_cushion;scenario=backtest;,1.0
driver-lines,margin_v2,total_cash_costs_musd,2025Q3,2025-08-06,0,1948.4620142407061,1948.4620142407061,W1,PIT,7,22,1743.311286892122,1788.623332245966,1864.3377732902538,2032.5862551911587,2108.300696235446,2153.6127415892906,124.72278626324034,,,,,,,,2025-08-06,a_unit_rw,rev_leg=guide_cushion;scenario=backtest;,1.0
driver-lines,margin_v2,total_cash_costs_musd,2025Q3,2025-08-06,0,1948.4620142407061,1948.4620142407061,W2,PIT,7,22,1743.311286892122,1788.623332245966,1864.3377732902538,2032.5862551911587,2108.300696235446,2153.6127415892906,124.72278626324034,,,,,,,,2025-08-06,a_unit_rw,rev_leg=guide_cushion;scenario=backtest;,1.0
driver-lines,margin_v2,adj_ebitda_margin_pct,2025Q4,2025-08-06,1,31.640977779956007,31.640977779956007,W1,PIT,7,22,20.309025154774872,22.81193585821753,26.994189901597423,36.28776565831459,40.47001970169448,42.97293040513714,6.8893380173793775,,,,,,,,2025-08-06,a_unit_rw,rev_leg=naive;scenario=backtest;,1.0
driver-lines,margin_v2,adj_ebitda_margin_pct,2025Q4,2025-08-06,1,31.640977779956007,31.640977779956007,W2,PIT,7,22,20.309025154774872,22.81193585821753,26.994189901597423,36.28776565831459,40.47001970169448,42.97293040513714,6.8893380173793775,,,,,,,,2025-08-06,a_unit_rw,rev_leg=naive;scenario=backtest;,1.0
driver-lines,margin_v2,adj_ebitda_musd,2025Q4,2025-08-06,1,884.0682630011812,884.0682630011812,W1,PIT,7,22,318.27443848164233,443.2424352754937,652.0584785986883,1116.078047403674,1324.8940907268689,1449.8620875207203,343.97822107014235,,,,,,,,2025-08-06,a_unit_rw,rev_leg=naive;scenario=backtest;,1.0
driver-lines,margin_v2,adj_ebitda_musd,2025Q4,2025-08-06,1,884.0682630011812,884.0682630011812,W2,PIT,7,22,318.27443848164233,443.2424352754937,652.0584785986883,1116.078047403674,1324.8940907268689,1449.8620875207203,343.97822107014235,,,,,,,,2025-08-06,a_unit_rw,rev_leg=naive;scenario=backtest;,1.0
driver-lines,margin_v2,total_cash_costs_musd,2025Q4,2025-08-06,1,1909.9928723699977,1909.9928723699977,W1,PIT,7,22,1760.8590922562857,1793.798564105296,1848.838977308147,1971.1467674318483,2026.1871806346992,2059.1266524837097,90.6669004889588,,,,,,,,2025-08-06,a_unit_rw,rev_leg=naive;scenario=backtest;,1.0
driver-lines,margin_v2,total_cash_costs_musd,2025Q4,2025-08-06,1,1909.9928723699977,1909.9928723699977,W2,PIT,7,22,1760.8590922562857,1793.798564105296,1848.838977308147,1971.1467674318483,2026.1871806346992,2059.1266524837097,90.6669004889588,,,,,,,,2025-08-06,a_unit_rw,rev_leg=naive;scenario=backtest;,1.0
driver-lines,margin_v2,adj_ebitda_margin_pct,2026Q1,2025-08-06,2,18.655997103961862,18.655997103961862,W1,PIT,7,22,3.5424665801653994,6.88062184484229,12.458532928095057,24.853461279828668,30.431372363081437,33.76952762775832,9.188374136249118,,,,,,,,2025-08-06,a_unit_rw,rev_leg=naive;scenario=backtest;,1.0
driver-lines,margin_v2,adj_ebitda_margin_pct,2026Q1,2025-08-06,2,18.655997103961862,18.655997103961862,W2,PIT,7,22,3.5424665801653994,6.88062184484229,12.458532928095057,24.853461279828668,30.431372363081437,33.76952762775832,9.188374136249118,,,,,,,,2025-08-06,a_unit_rw,rev_leg=naive;scenario=backtest;,1.0
driver-lines,margin_v2,adj_ebitda_musd,2026Q1,2025-08-06,2,477.5413868302161,477.5413868302161,W1,PIT,7,22,-127.94901211020782,5.786845289348573,229.25359925098655,725.8291744094456,949.2959283710836,1083.03178577064,368.11202469281335,,,,,,,,2025-08-06,a_unit_rw,rev_leg=naive;scenario=backtest;,1.0
driver-lines,margin_v2,adj_ebitda_musd,2026Q1,2025-08-06,2,477.5413868302161,477.5413868302161,W2,PIT,7,22,-127.94901211020782,5.786845289348573,229.25359925098655,725.8291744094456,949.2959283710836,1083.03178577064,368.11202469281335,,,,,,,,2025-08-06,a_unit_rw,rev_leg=naive;scenario=backtest;,1.0
driver-lines,margin_v2,total_cash_costs_musd,2026Q1,2025-08-06,2,2082.179137187251,2082.179137187251,W1,PIT,7,22,1891.5365878203233,1933.6441833181866,2004.0041291547357,2160.3541452197665,2230.714091056315,2272.8216865541785,115.90244034070037,,,,,,,,2025-08-06,a_unit_rw,rev_leg=naive;scenario=backtest;,1.0
driver-lines,margin_v2,total_cash_costs_musd,2026Q1,2025-08-06,2,2082.179137187251,2082.179137187251,W2,PIT,7,22,1891.5365878203233,1933.6441833181866,2004.0041291547357,2160.3541452197665,2230.714091056315,2272.8216865541785,115.90244034070037,,,,,,,,2025-08-06,a_unit_rw,rev_leg=naive;scenario=backtest;,1.0
driver-lines,margin_v2,adj_ebitda_margin_pct,2025Q3,2025-08-06,0,52.477691054317425,52.477691054317425,W1,full_sample,7,22,47.922066170230295,48.928276014234925,50.60960854551092,54.34577356312393,56.027106094399926,57.033315938404556,2.7696232719080323,,,,,,,,2025-08-06,a_unit_rw,rev_leg=guide_cushion;scenario=backtest;,1.0
driver-lines,margin_v2,adj_ebitda_margin_pct,2025Q3,2025-08-06,0,52.477691054317425,52.477691054317425,W2,full_sample,7,22,47.922066170230295,48.928276014234925,50.60960854551092,54.34577356312393,56.027106094399926,57.033315938404556,2.7696232719080323,,,,,,,,2025-08-06,a_unit_rw,rev_leg=guide_cushion;scenario=backtest;,1.0
driver-lines,margin_v2,adj_ebitda_musd,2025Q3,2025-08-06,0,2172.349018424027,2172.349018424027,W1,full_sample,7,22,1748.7395466072662,1842.3030052766776,1998.6434423504115,2346.054594497642,2502.395031571376,2595.9584902407873,257.53627245353556,,,,,,,,2025-08-06,a_unit_rw,rev_leg=guide_cushion;scenario=backtest;,1.0
driver-lines,margin_v2,adj_ebitda_musd,2025Q3,2025-08-06,0,2172.349018424027,2172.349018424027,W2,full_sample,7,22,1748.7395466072662,1842.3030052766776,1998.6434423504115,2346.054594497642,2502.395031571376,2595.9584902407873,257.53627245353556,,,,,,,,2025-08-06,a_unit_rw,rev_leg=guide_cushion;scenario=backtest;,1.0
driver-lines,margin_v2,total_cash_costs_musd,2025Q3,2025-08-06,0,1967.2176713061303,1967.2176713061303,W1,full_sample,7,22,1833.8850199603492,1863.3344653657398,1912.5431974042344,2021.8921452080262,2071.100877246521,2100.5503226519118,81.0604963025776,,,,,,,,2025-08-06,a_unit_rw,rev_leg=guide_cushion;scenario=backtest;,1.0
driver-lines,margin_v2,total_cash_costs_musd,2025Q3,2025-08-06,0,1967.2176713061303,1967.2176713061303,W2,full_sample,7,22,1833.8850199603492,1863.3344653657398,1912.5431974042344,2021.8921452080262,2071.100877246521,2100.5503226519118,81.0604963025776,,,,,,,,2025-08-06,a_unit_rw,rev_leg=guide_cushion;scenario=backtest;,1.0
driver-lines,margin_v2,adj_ebitda_margin_pct,2025Q4,2025-08-06,1,30.95361105038569,30.95361105038569,W1,full_sample,7,22,24.222810699196412,25.70945583432448,28.19357467200751,33.71364742876387,36.1977662664469,37.68441140157496,4.092036057739656,,,,,,,,2025-08-06,a_unit_rw,rev_leg=naive;scenario=backtest;,1.0
driver-lines,margin_v2,adj_ebitda_margin_pct,2025Q4,2025-08-06,1,30.95361105038569,30.95361105038569,W2,full_sample,7,22,24.222810699196412,25.70945583432448,28.19357467200751,33.71364742876387,36.1977662664469,37.68441140157496,4.092036057739656,,,,,,,,2025-08-06,a_unit_rw,rev_leg=naive;scenario=backtest;,1.0
driver-lines,margin_v2,adj_ebitda_musd,2025Q4,2025-08-06,1,864.862816352785,864.862816352785,W1,full_sample,7,22,532.2466884212386,605.7122679443628,728.4700301718444,1001.2556025337256,1124.0133647612072,1197.4789442843314,202.21624738002265,,,,,,,,2025-08-06,a_unit_rw,rev_leg=naive;scenario=backtest;,1.0
driver-lines,margin_v2,adj_ebitda_musd,2025Q4,2025-08-06,1,864.862816352785,864.862816352785,W2,full_sample,7,22,532.2466884212386,605.7122679443628,728.4700301718444,1001.2556025337256,1124.0133647612072,1197.4789442843314,202.21624738002265,,,,,,,,2025-08-06,a_unit_rw,rev_leg=naive;scenario=backtest;,1.0
driver-lines,margin_v2,total_cash_costs_musd,2025Q4,2025-08-06,1,1929.1983190183937,1929.1983190183937,W1,full_sample,7,22,1805.257294940936,1832.6323931274371,1878.37498191454,1980.0216561222474,2025.7642449093505,2053.1393430958515,75.35079234203155,,,,,,,,2025-08-06,a_unit_rw,rev_leg=naive;scenario=backtest;,1.0
driver-lines,margin_v2,total_cash_costs_musd,2025Q4,2025-08-06,1,1929.1983190183937,1929.1983190183937,W2,full_sample,7,22,1805.257294940936,1832.6323931274371,1878.37498191454,1980.0216561222474,2025.7642449093505,2053.1393430958515,75.35079234203155,,,,,,,,2025-08-06,a_unit_rw,rev_leg=naive;scenario=backtest;,1.0
driver-lines,margin_v2,adj_ebitda_margin_pct,2026Q1,2025-08-06,2,17.86416635232172,17.86416635232172,W1,full_sample,7,22,9.355399544497086,11.234747633993841,14.375055890059496,21.353276814583946,24.4935850706496,26.372933160146356,5.172962911961083,,,,,,,,2025-08-06,a_unit_rw,rev_leg=naive;scenario=backtest;,1.0
driver-lines,margin_v2,adj_ebitda_margin_pct,2026Q1,2025-08-06,2,17.86416635232172,17.86416635232172,W2,full_sample,7,22,9.355399544497086,11.234747633993841,14.375055890059496,21.353276814583946,24.4935850706496,26.372933160146356,5.172962911961083,,,,,,,,2025-08-06,a_unit_rw,rev_leg=naive;scenario=backtest;,1.0
driver-lines,margin_v2,adj_ebitda_musd,2026Q1,2025-08-06,2,457.27273256500155,457.27273256500155,W1,full_sample,7,22,133.03995125619613,204.65388449321586,324.3176269634932,590.2278381665099,709.8915806367872,781.505513873807,197.11953452644283,,,,,,,,2025-08-06,a_unit_rw,rev_leg=naive;scenario=backtest;,1.0
driver-lines,margin_v2,adj_ebitda_musd,2026Q1,2025-08-06,2,457.27273256500155,457.27273256500155,W2,full_sample,7,22,133.03995125619613,204.65388449321586,324.3176269634932,590.2278381665099,709.8915806367872,781.505513873807,197.11953452644283,,,,,,,,2025-08-06,a_unit_rw,rev_leg=naive;scenario=backtest;,1.0
driver-lines,margin_v2,total_cash_costs_musd,2026Q1,2025-08-06,2,2102.4477914524655,2102.4477914524655,W1,full_sample,7,22,1953.7764688290006,1986.6137967809696,2041.4835320104428,2163.4120508944884,2218.2817861239614,2251.11911407593,90.38574629829417,,,,,,,,2025-08-06,a_unit_rw,rev_leg=naive;scenario=backtest;,1.0
driver-lines,margin_v2,total_cash_costs_musd,2026Q1,2025-08-06,2,2102.4477914524655,2102.4477914524655,W2,full_sample,7,22,1953.7764688290006,1986.6137967809696,2041.4835320104428,2163.4120508944884,2218.2817861239614,2251.11911407593,90.38574629829417,,,,,,,,2025-08-06,a_unit_rw,rev_leg=naive;scenario=backtest;,1.0
driver-lines,margin_v2,adj_ebitda_margin_pct,2025Q4,2025-11-06,0,29.17607307960624,29.17607307960624,W1,PIT,7,23,24.23986998988944,25.3301388920171,27.151930423781682,31.2002157354308,33.022007267195384,34.112276169323046,3.000998392097314,,,,,,,,2025-11-06,a_unit_rw,rev_leg=guide_cushion;scenario=backtest;,1.0
driver-lines,margin_v2,adj_ebitda_margin_pct,2025Q4,2025-11-06,0,29.17607307960624,29.17607307960624,W2,PIT,7,23,24.23986998988944,25.3301388920171,27.151930423781682,31.2002157354308,33.022007267195384,34.112276169323046,3.000998392097314,,,,,,,,2025-11-06,a_unit_rw,rev_leg=guide_cushion;scenario=backtest;,1.0
driver-lines,margin_v2,adj_ebitda_musd,2025Q4,2025-11-06,0,800.2143330986021,800.2143330986021,W1,PIT,7,23,633.9907142541422,670.7048524553793,732.0525676296093,868.3760985675949,929.723813741825,966.4379519430621,101.0567847015873,,,,,,,,2025-11-06,a_unit_rw,rev_leg=guide_cushion;scenario=backtest;,1.0
driver-lines,margin_v2,adj_ebitda_musd,2025Q4,2025-11-06,0,800.2143330986021,800.2143330986021,W2,PIT,7,23,633.9907142541422,670.7048524553793,732.0525676296093,868.3760985675949,929.723813741825,966.4379519430621,101.0567847015873,,,,,,,,2025-11-06,a_unit_rw,rev_leg=guide_cushion;scenario=backtest;,1.0
driver-lines,margin_v2,total_cash_costs_musd,2025Q4,2025-11-06,0,1942.4931276183895,1942.4931276183895,W1,PIT,7,23,1806.0954931143272,1836.221907388762,1886.5618247252016,1998.4244305115772,2048.7643478480168,2078.890762122452,82.92387375334921,,,,,,,,2025-11-06,a_unit_rw,rev_leg=guide_cushion;scenario=backtest;,1.0
driver-lines,margin_v2,total_cash_costs_musd,2025Q4,2025-11-06,0,1942.4931276183895,1942.4931276183895,W2,PIT,7,23,1806.0954931143272,1836.221907388762,1886.5618247252016,1998.4244305115772,2048.7643478480168,2078.890762122452,82.92387375334921,,,,,,,,2025-11-06,a_unit_rw,rev_leg=guide_cushion;scenario=backtest;,1.0
driver-lines,margin_v2,adj_ebitda_margin_pct,2026Q1,2025-11-06,1,15.25953623135998,15.25953623135998,W1,PIT,7,23,5.295898851246715,7.496587070547159,11.173840594106046,19.345231868613915,23.022485392172804,25.223173611473246,6.057461415931341,,,,,,,,2025-11-06,a_unit_rw,rev_leg=naive;scenario=backtest;,1.0
driver-lines,margin_v2,adj_ebitda_margin_pct,2026Q1,2025-11-06,1,15.25953623135998,15.25953623135998,W2,PIT,7,23,5.295898851246715,7.496587070547159,11.173840594106046,19.345231868613915,23.022485392172804,25.223173611473246,6.057461415931341,,,,,,,,2025-11-06,a_unit_rw,rev_leg=naive;scenario=backtest;,1.0
driver-lines,margin_v2,adj_ebitda_musd,2026Q1,2025-11-06,1,380.4187662668174,380.4187662668174,W1,PIT,7,23,152.31427079119723,202.69616013660837,286.88208819953945,473.9554443340953,558.1413723970264,608.5232617424375,138.6776864141905,,,,,,,,2025-11-06,a_unit_rw,rev_leg=naive;scenario=backtest;,1.0
driver-lines,margin_v2,adj_ebitda_musd,2026Q1,2025-11-06,1,380.4187662668174,380.4187662668174,W2,PIT,7,23,152.31427079119723,202.69616013660837,286.88208819953945,473.9554443340953,558.1413723970264,608.5232617424375,138.6776864141905,,,,,,,,2025-11-06,a_unit_rw,rev_leg=naive;scenario=backtest;,1.0
driver-lines,margin_v2,total_cash_costs_musd,2026Q1,2025-11-06,1,2112.571587430932,2112.571587430932,W1,PIT,7,23,1947.8345668502277,1984.2203571639343,2045.0194174147703,2180.123757447094,2240.9228176979295,2277.3086080116364,100.15299713082905,,,,,,,,2025-11-06,a_unit_rw,rev_leg=naive;scenario=backtest;,1.0
driver-lines,margin_v2,total_cash_costs_musd,2026Q1,2025-11-06,1,2112.571587430932,2112.571587430932,W2,PIT,7,23,1947.8345668502277,1984.2203571639343,2045.0194174147703,2180.123757447094,2240.9228176979295,2277.3086080116364,100.15299713082905,,,,,,,,2025-11-06,a_unit_rw,rev_leg=naive;scenario=backtest;,1.0
driver-lines,margin_v2,adj_ebitda_margin_pct,2026Q2,2025-11-06,2,31.600951754055128,31.600951754055128,W1,PIT,7,23,17.45441006044718,20.578984596961643,25.800011648068672,37.40189186004158,42.622918911148616,45.747493447663075,8.60048667055364,,,,,,,,2025-11-06,a_unit_rw,rev_leg=naive;scenario=backtest;,1.0
driver-lines,margin_v2,adj_ebitda_margin_pct,2026Q2,2025-11-06,2,31.600951754055128,31.600951754055128,W2,PIT,7,23,17.45441006044718,20.578984596961643,25.800011648068672,37.40189186004158,42.622918911148616,45.747493447663075,8.60048667055364,,,,,,,,2025-11-06,a_unit_rw,rev_leg=naive;scenario=backtest;,1.0
driver-lines,margin_v2,adj_ebitda_musd,2026Q2,2025-11-06,2,1073.5280237195109,1073.5280237195109,W1,PIT,7,23,-280.6550844043607,18.446006806767386,518.2308158998322,1628.8252315391894,2128.6100406322544,2427.7111318433826,823.2848722434218,,,,,,,,2025-11-06,a_unit_rw,rev_leg=naive;scenario=backtest;,1.0
driver-lines,margin_v2,adj_ebitda_musd,2026Q2,2025-11-06,2,1073.5280237195109,1073.5280237195109,W2,PIT,7,23,-280.6550844043607,18.446006806767386,518.2308158998322,1628.8252315391894,2128.6100406322544,2427.7111318433826,823.2848722434218,,,,,,,,2025-11-06,a_unit_rw,rev_leg=naive;scenario=backtest;,1.0
driver-lines,margin_v2,total_cash_costs_musd,2026Q2,2025-11-06,2,2323.610239946084,2323.610239946084,W1,PIT,7,23,2126.588242526527,2170.1048792850734,2242.8192712877094,2404.401208604459,2477.115600607095,2520.6322373656412,119.78086936812271,,,,,,,,2025-11-06,a_unit_rw,rev_leg=naive;scenario=backtest;,1.0
driver-lines,margin_v2,total_cash_costs_musd,2026Q2,2025-11-06,2,2323.610239946084,2323.610239946084,W2,PIT,7,23,2126.588242526527,2170.1048792850734,2242.8192712877094,2404.401208604459,2477.115600607095,2520.6322373656412,119.78086936812271,,,,,,,,2025-11-06,a_unit_rw,rev_leg=naive;scenario=backtest;,1.0
driver-lines,margin_v2,adj_ebitda_margin_pct,2025Q4,2025-11-06,0,28.884148466036795,28.884148466036795,W1,full_sample,7,23,24.328523581949664,25.334733425954298,27.016065957230293,30.752230974843297,32.43356350611929,33.43977335012393,2.7696232719080323,,,,,,,,2025-11-06,a_unit_rw,rev_leg=guide_cushion;scenario=backtest;,1.0
driver-lines,margin_v2,adj_ebitda_margin_pct,2025Q4,2025-11-06,0,28.884148466036795,28.884148466036795,W2,full_sample,7,23,24.328523581949664,25.334733425954298,27.016065957230293,30.752230974843297,32.43356350611929,33.43977335012393,2.7696232719080323,,,,,,,,2025-11-06,a_unit_rw,rev_leg=guide_cushion;scenario=backtest;,1.0
driver-lines,margin_v2,adj_ebitda_musd,2025Q4,2025-11-06,0,792.2076949425636,792.2076949425636,W1,full_sample,7,23,637.7266790571648,671.8472054066191,728.8611088954553,855.5542809896718,912.5681844785082,946.6887108279625,93.91778900819878,,,,,,,,2025-11-06,a_unit_rw,rev_leg=guide_cushion;scenario=backtest;,1.0
driver-lines,margin_v2,adj_ebitda_musd,2025Q4,2025-11-06,0,792.2076949425636,792.2076949425636,W2,full_sample,7,23,637.7266790571648,671.8472054066191,728.8611088954553,855.5542809896718,912.5681844785082,946.6887108279625,93.91778900819878,,,,,,,,2025-11-06,a_unit_rw,rev_leg=guide_cushion;scenario=backtest;,1.0
driver-lines,margin_v2,total_cash_costs_musd,2025Q4,2025-11-06,0,1950.499765774428,1950.499765774428,W1,full_sample,7,23,1818.3002084944449,1847.4993851810102,1896.289929163575,2004.709602385281,2053.500146367846,2082.6993230544113,80.37162402407695,,,,,,,,2025-11-06,a_unit_rw,rev_leg=guide_cushion;scenario=backtest;,1.0
driver-lines,margin_v2,total_cash_costs_musd,2025Q4,2025-11-06,0,1950.499765774428,1950.499765774428,W2,full_sample,7,23,1818.3002084944449,1847.4993851810102,1896.289929163575,2004.709602385281,2053.500146367846,2082.6993230544113,80.37162402407695,,,,,,,,2025-11-06,a_unit_rw,rev_leg=guide_cushion;scenario=backtest;,1.0
driver-lines,margin_v2,adj_ebitda_margin_pct,2026Q1,2025-11-06,1,14.937277787791135,14.937277787791135,W1,full_sample,7,23,8.206477436601858,9.693122571729925,12.177241409412956,17.697314166169313,20.181433003852348,21.668078138980412,4.092036057739656,,,,,,,,2025-11-06,a_unit_rw,rev_leg=naive;scenario=backtest;,1.0
driver-lines,margin_v2,adj_ebitda_margin_pct,2026Q1,2025-11-06,1,14.937277787791135,14.937277787791135,W2,full_sample,7,23,8.206477436601858,9.693122571729925,12.177241409412956,17.697314166169313,20.181433003852348,21.668078138980412,4.092036057739656,,,,,,,,2025-11-06,a_unit_rw,rev_leg=naive;scenario=backtest;,1.0
driver-lines,margin_v2,adj_ebitda_musd,2026Q1,2025-11-06,1,372.3848943546696,372.3848943546696,W1,full_sample,7,23,229.1700175921518,260.8021695960874,313.65810865827694,431.11168005106225,483.96761911325177,515.5997711171874,87.06846275917476,,,,,,,,2025-11-06,a_unit_rw,rev_leg=naive;scenario=backtest;,1.0
driver-lines,margin_v2,adj_ebitda_musd,2026Q1,2025-11-06,1,372.3848943546696,372.3848943546696,W2,full_sample,7,23,229.1700175921518,260.8021695960874,313.65810865827694,431.11168005106225,483.96761911325177,515.5997711171874,87.06846275917476,,,,,,,,2025-11-06,a_unit_rw,rev_leg=naive;scenario=backtest;,1.0
driver-lines,margin_v2,total_cash_costs_musd,2026Q1,2025-11-06,1,2120.60545934308,2120.60545934308,W1,full_sample,7,23,1984.3675154758257,2014.4586585646737,2064.7396392964897,2176.47127938967,2226.7522601214864,2256.843403210334,82.82678873970931,,,,,,,,2025-11-06,a_unit_rw,rev_leg=naive;scenario=backtest;,1.0
driver-lines,margin_v2,total_cash_costs_musd,2026Q1,2025-11-06,1,2120.60545934308,2120.60545934308,W2,full_sample,7,23,1984.3675154758257,2014.4586585646737,2064.7396392964897,2176.47127938967,2226.7522601214864,2256.843403210334,82.82678873970931,,,,,,,,2025-11-06,a_unit_rw,rev_leg=naive;scenario=backtest;,1.0
driver-lines,margin_v2,adj_ebitda_margin_pct,2026Q2,2025-11-06,2,31.23472430619914,31.23472430619914,W1,full_sample,7,23,22.725957498374505,24.60530558787126,27.745613843936916,34.723834768461366,37.864143024527024,39.743491114023776,5.172962911961083,,,,,,,,2025-11-06,a_unit_rw,rev_leg=naive;scenario=backtest;,1.0
driver-lines,margin_v2,adj_ebitda_margin_pct,2026Q2,2025-11-06,2,31.23472430619914,31.23472430619914,W2,full_sample,7,23,22.725957498374505,24.60530558787126,27.745613843936916,34.723834768461366,37.864143024527024,39.743491114023776,5.172962911961083,,,,,,,,2025-11-06,a_unit_rw,rev_leg=naive;scenario=backtest;,1.0
driver-lines,margin_v2,adj_ebitda_musd,2026Q2,2025-11-06,2,1061.0867709563493,1061.0867709563493,W1,full_sample,7,23,308.7149576900702,474.892802469282,752.5686948980731,1369.6048470146254,1647.2807394434165,1813.4585842226284,457.4095840130802,,,,,,,,2025-11-06,a_unit_rw,rev_leg=naive;scenario=backtest;,1.0
driver-lines,margin_v2,adj_ebitda_musd,2026Q2,2025-11-06,2,1061.0867709563493,1061.0867709563493,W2,full_sample,7,23,308.7149576900702,474.892802469282,752.5686948980731,1369.6048470146254,1647.2807394434165,1813.4585842226284,457.4095840130802,,,,,,,,2025-11-06,a_unit_rw,rev_leg=naive;scenario=backtest;,1.0
driver-lines,margin_v2,total_cash_costs_musd,2026Q2,2025-11-06,2,2336.0514927092463,2336.0514927092463,W1,full_sample,7,23,2170.861248009914,2207.3471428276807,2268.3134733156403,2403.7895121028523,2464.755842590812,2501.2417374085785,100.42853783013577,,,,,,,,2025-11-06,a_unit_rw,rev_leg=naive;scenario=backtest;,1.0
driver-lines,margin_v2,total_cash_costs_musd,2026Q2,2025-11-06,2,2336.0514927092463,2336.0514927092463,W2,full_sample,7,23,2170.861248009914,2207.3471428276807,2268.3134733156403,2403.7895121028523,2464.755842590812,2501.2417374085785,100.42853783013577,,,,,,,,2025-11-06,a_unit_rw,rev_leg=naive;scenario=backtest;,1.0
driver-lines,margin_v2,adj_ebitda_margin_pct,2026Q1,2026-02-12,0,18.464567931888638,18.464567931888638,W1,PIT,7,24,13.507193539344456,14.602138588840994,16.431743757829636,20.49739210594764,22.326997274936282,23.42194232443282,3.013869630291692,,,,,,,,2026-02-12,a_unit_rw,rev_leg=guide_cushion;scenario=backtest;,1.0
driver-lines,margin_v2,adj_ebitda_margin_pct,2026Q1,2026-02-12,0,18.464567931888638,18.464567931888638,W2,PIT,7,24,13.507193539344456,14.602138588840994,16.431743757829636,20.49739210594764,22.326997274936282,23.42194232443282,3.013869630291692,,,,,,,,2026-02-12,a_unit_rw,rev_leg=guide_cushion;scenario=backtest;,1.0
driver-lines,margin_v2,adj_ebitda_musd,2026Q1,2026-02-12,0,491.3679943089012,491.3679943089012,W1,PIT,7,24,389.21978118428945,411.78145827769737,449.4810314664451,533.2549571513573,570.9545303401051,593.5162074335129,62.101704036687146,,,,,,,,2026-02-12,a_unit_rw,rev_leg=guide_cushion;scenario=backtest;,1.0
driver-lines,margin_v2,adj_ebitda_musd,2026Q1,2026-02-12,0,491.3679943089012,491.3679943089012,W2,PIT,7,24,389.21978118428945,411.78145827769737,449.4810314664451,533.2549571513573,570.9545303401051,593.5162074335129,62.101704036687146,,,,,,,,2026-02-12,a_unit_rw,rev_leg=guide_cushion;scenario=backtest;,1.0
driver-lines,margin_v2,total_cash_costs_musd,2026Q1,2026-02-12,0,2169.7719582826776,2169.7719582826776,W1,PIT,7,24,2014.6715970716489,2048.9289194434587,2106.171403087723,2233.3725134776323,2290.6149971218965,2324.872319493706,94.294324230228,,,,,,,,2026-02-12,a_unit_rw,rev_leg=guide_cushion;scenario=backtest;,1.0
driver-lines,margin_v2,total_cash_costs_musd,2026Q1,2026-02-12,0,2169.7719582826776,2169.7719582826776,W2,PIT,7,24,2014.6715970716489,2048.9289194434587,2106.171403087723,2233.3725134776323,2290.6149971218965,2324.872319493706,94.294324230228,,,,,,,,2026-02-12,a_unit_rw,rev_leg=guide_cushion;scenario=backtest;,1.0
driver-lines,margin_v2,adj_ebitda_margin_pct,2026Q2,2026-02-12,1,32.43767590029419,32.43767590029419,W1,PIT,7,24,25.72393668352428,27.20681349227793,29.68463562181452,35.190716178773854,37.668538308310445,39.1514151170641,4.081663624509235,,,,,,,,2026-02-12,a_unit_rw,rev_leg=naive;scenario=backtest;,1.0
driver-lines,margin_v2,adj_ebitda_margin_pct,2026Q2,2026-02-12,1,32.43767590029419,32.43767590029419,W2,PIT,7,24,25.72393668352428,27.20681349227793,29.68463562181452,35.190716178773854,37.668538308310445,39.1514151170641,4.081663624509235,,,,,,,,2026-02-12,a_unit_rw,rev_leg=naive;scenario=backtest;,1.0
driver-lines,margin_v2,adj_ebitda_musd,2026Q2,2026-02-12,1,1124.944878482054,1124.944878482054,W1,PIT,7,24,702.6378777331246,795.9136570515514,951.7733945433159,1298.1163624207923,1453.9760999125567,1547.2518792309836,256.7444262694803,,,,,,,,2026-02-12,a_unit_rw,rev_leg=naive;scenario=backtest;,1.0
driver-lines,margin_v2,adj_ebitda_musd,2026Q2,2026-02-12,1,1124.944878482054,1124.944878482054,W2,PIT,7,24,702.6378777331246,795.9136570515514,951.7733945433159,1298.1163624207923,1453.9760999125567,1547.2518792309836,256.7444262694803,,,,,,,,2026-02-12,a_unit_rw,rev_leg=naive;scenario=backtest;,1.0
driver-lines,margin_v2,total_cash_costs_musd,2026Q2,2026-02-12,1,2343.0744763566554,2343.0744763566554,W1,PIT,7,24,2153.863646253726,2195.6550150968624,2265.486560058567,2420.6623926547436,2490.4939376164484,2532.2853064595847,115.03201683277288,,,,,,,,2026-02-12,a_unit_rw,rev_leg=naive;scenario=backtest;,1.0
driver-lines,margin_v2,total_cash_costs_musd,2026Q2,2026-02-12,1,2343.0744763566554,2343.0744763566554,W2,PIT,7,24,2153.863646253726,2195.6550150968624,2265.486560058567,2420.6623926547436,2490.4939376164484,2532.2853064595847,115.03201683277288,,,,,,,,2026-02-12,a_unit_rw,rev_leg=naive;scenario=backtest;,1.0
driver-lines,margin_v2,adj_ebitda_margin_pct,2026Q1,2026-02-12,0,18.493385812193477,18.493385812193477,W1,full_sample,7,24,13.937760928106346,14.94397077211098,16.625303303386975,20.36146832099998,22.042800852275974,23.049010696280607,2.7696232719080323,,,,,,,,2026-02-12,a_unit_rw,rev_leg=guide_cushion;scenario=backtest;,1.0
driver-lines,margin_v2,adj_ebitda_margin_pct,2026Q1,2026-02-12,0,18.493385812193477,18.493385812193477,W2,full_sample,7,24,13.937760928106346,14.94397077211098,16.625303303386975,20.36146832099998,22.042800852275974,23.049010696280607,2.7696232719080323,,,,,,,,2026-02-12,a_unit_rw,rev_leg=guide_cushion;scenario=backtest;,1.0
driver-lines,margin_v2,adj_ebitda_musd,2026Q1,2026-02-12,0,492.1348784351833,492.1348784351833,W1,full_sample,7,24,396.16825698142884,417.3645937430284,452.7827431017367,531.4870137686298,566.9051631273381,588.1014998889377,58.34356314830057,,,,,,,,2026-02-12,a_unit_rw,rev_leg=guide_cushion;scenario=backtest;,1.0
driver-lines,margin_v2,adj_ebitda_musd,2026Q1,2026-02-12,0,492.1348784351833,492.1348784351833,W2,full_sample,7,24,396.16825698142884,417.3645937430284,452.7827431017367,531.4870137686298,566.9051631273381,588.1014998889377,58.34356314830057,,,,,,,,2026-02-12,a_unit_rw,rev_leg=guide_cushion;scenario=backtest;,1.0
driver-lines,margin_v2,total_cash_costs_musd,2026Q1,2026-02-12,0,2169.0050741563955,2169.0050741563955,W1,full_sample,7,24,2021.9958226953147,2054.466045714902,2108.7223646983684,2229.2877836144226,2283.544102597889,2316.0143256174765,89.37527877999938,,,,,,,,2026-02-12,a_unit_rw,rev_leg=guide_cushion;scenario=backtest;,1.0
driver-lines,margin_v2,total_cash_costs_musd,2026Q1,2026-02-12,0,2169.0050741563955,2169.0050741563955,W2,full_sample,7,24,2021.9958226953147,2054.466045714902,2108.7223646983684,2229.2877836144226,2283.544102597889,2316.0143256174765,89.37527877999938,,,,,,,,2026-02-12,a_unit_rw,rev_leg=guide_cushion;scenario=backtest;,1.0
driver-lines,margin_v2,adj_ebitda_margin_pct,2026Q2,2026-02-12,1,32.38248885005147,32.38248885005147,W1,full_sample,7,24,25.651688498862196,27.138333633990264,29.622452471673295,35.142525228429655,37.62664406611268,39.11328920124075,4.092036057739656,,,,,,,,2026-02-12,a_unit_rw,rev_leg=naive;scenario=backtest;,1.0
driver-lines,margin_v2,adj_ebitda_margin_pct,2026Q2,2026-02-12,1,32.38248885005147,32.38248885005147,W2,full_sample,7,24,25.651688498862196,27.138333633990264,29.622452471673295,35.142525228429655,37.62664406611268,39.11328920124075,4.092036057739656,,,,,,,,2026-02-12,a_unit_rw,rev_leg=naive;scenario=backtest;,1.0
driver-lines,margin_v2,adj_ebitda_musd,2026Q2,2026-02-12,1,1123.0309808982722,1123.0309808982722,W1,full_sample,7,24,691.1263951643189,786.5220119883171,945.9239050059618,1300.1380567905826,1459.5399498082274,1554.9355666322256,262.57934363097934,,,,,,,,2026-02-12,a_unit_rw,rev_leg=naive;scenario=backtest;,1.0
driver-lines,margin_v2,adj_ebitda_musd,2026Q2,2026-02-12,1,1123.0309808982722,1123.0309808982722,W2,full_sample,7,24,691.1263951643189,786.5220119883171,945.9239050059618,1300.1380567905826,1459.5399498082274,1554.9355666322256,262.57934363097934,,,,,,,,2026-02-12,a_unit_rw,rev_leg=naive;scenario=backtest;,1.0
driver-lines,margin_v2,total_cash_costs_musd,2026Q2,2026-02-12,1,2344.9883739404377,2344.9883739404377,W1,full_sample,7,24,2194.3349871679507,2227.610097533735,2283.211347981783,2406.7653998990922,2462.3666503471404,2495.6417607129247,91.59075573897981,,,,,,,,2026-02-12,a_unit_rw,rev_leg=naive;scenario=backtest;,1.0
driver-lines,margin_v2,total_cash_costs_musd,2026Q2,2026-02-12,1,2344.9883739404377,2344.9883739404377,W2,full_sample,7,24,2194.3349871679507,2227.610097533735,2283.211347981783,2406.7653998990922,2462.3666503471404,2495.6417607129247,91.59075573897981,,,,,,,,2026-02-12,a_unit_rw,rev_leg=naive;scenario=backtest;,1.0
driver-lines,margin_v2,adj_ebitda_margin_pct,2026Q2,2026-05-07,0,35.11146085929843,35.11146085929843,W1,PIT,7,25,30.451632363922187,31.48085786486253,33.20064854973866,37.022273168858206,38.74206385373434,39.77128935467468,2.8329745693011295,,,,,,,,2026-05-07,a_unit_rw,rev_leg=guide_cushion;scenario=backtest;,1.0
driver-lines,margin_v2,adj_ebitda_margin_pct,2026Q2,2026-05-07,0,35.11146085929843,35.11146085929843,W2,PIT,7,25,30.451632363922187,31.48085786486253,33.20064854973866,37.022273168858206,38.74206385373434,39.77128935467468,2.8329745693011295,,,,,,,,2026-05-07,a_unit_rw,rev_leg=guide_cushion;scenario=backtest;,1.0
driver-lines,margin_v2,adj_ebitda_musd,2026Q2,2026-05-07,0,1278.039637137656,1278.039637137656,W1,PIT,7,25,1067.1020553400483,1113.6922546377712,1191.5424348806241,1364.5368393946878,1442.3870196375408,1488.9772189352636,128.24094396080324,,,,,,,,2026-05-07,a_unit_rw,rev_leg=guide_cushion;scenario=backtest;,1.0
driver-lines,margin_v2,adj_ebitda_musd,2026Q2,2026-05-07,0,1278.039637137656,1278.039637137656,W2,PIT,7,25,1067.1020553400483,1113.6922546377712,1191.5424348806241,1364.5368393946878,1442.3870196375408,1488.9772189352636,128.24094396080324,,,,,,,,2026-05-07,a_unit_rw,rev_leg=guide_cushion;scenario=backtest;,1.0
driver-lines,margin_v2,total_cash_costs_musd,2026Q2,2026-05-07,0,2361.910412958872,2361.910412958872,W1,PIT,7,25,2196.0580444202506,2232.69018383497,2293.90088263223,2429.9199432855135,2491.1306420827736,2527.7627814974926,100.83108054180326,,,,,,,,2026-05-07,a_unit_rw,rev_leg=guide_cushion;scenario=backtest;,1.0
driver-lines,margin_v2,total_cash_costs_musd,2026Q2,2026-05-07,0,2361.910412958872,2361.910412958872,W2,PIT,7,25,2196.0580444202506,2232.69018383497,2293.90088263223,2429.9199432855135,2491.1306420827736,2527.7627814974926,100.83108054180326,,,,,,,,2026-05-07,a_unit_rw,rev_leg=guide_cushion;scenario=backtest;,1.0
driver-lines,margin_v2,adj_ebitda_margin_pct,2026Q2,2026-05-07,0,35.162574667618784,35.162574667618784,W1,full_sample,7,25,30.606949783531654,31.613159627536287,33.29449215881228,37.03065717642529,38.71198970770128,39.718199551705915,2.7696232719080323,,,,,,,,2026-05-07,a_unit_rw,rev_leg=guide_cushion;scenario=backtest;,1.0
driver-lines,margin_v2,adj_ebitda_margin_pct,2026Q2,2026-05-07,0,35.162574667618784,35.162574667618784,W2,full_sample,7,25,30.606949783531654,31.613159627536287,33.29449215881228,37.03065717642529,38.71198970770128,39.718199551705915,2.7696232719080323,,,,,,,,2026-05-07,a_unit_rw,rev_leg=guide_cushion;scenario=backtest;,1.0
driver-lines,margin_v2,adj_ebitda_musd,2026Q2,2026-05-07,0,1279.900154229219,1279.900154229219,W1,full_sample,7,25,1030.3187915140493,1085.4443188421003,1177.556657985514,1382.2436504729237,1474.3559896163374,1529.4815169443887,151.73469458053665,,,,,,,,2026-05-07,a_unit_rw,rev_leg=guide_cushion;scenario=backtest;,1.0
driver-lines,margin_v2,adj_ebitda_musd,2026Q2,2026-05-07,0,1279.900154229219,1279.900154229219,W2,full_sample,7,25,1030.3187915140493,1085.4443188421003,1177.556657985514,1382.2436504729237,1474.3559896163374,1529.4815169443887,151.73469458053665,,,,,,,,2026-05-07,a_unit_rw,rev_leg=guide_cushion;scenario=backtest;,1.0
driver-lines,margin_v2,total_cash_costs_musd,2026Q2,2026-05-07,0,2360.049895867309,2360.049895867309,W1,full_sample,7,25,2200.092147157479,2235.4223302765618,2294.4575171891033,2425.6422745455143,2484.677461458056,2520.007644577139,97.24740614536717,,,,,,,,2026-05-07,a_unit_rw,rev_leg=guide_cushion;scenario=backtest;,1.0
driver-lines,margin_v2,total_cash_costs_musd,2026Q2,2026-05-07,0,2360.049895867309,2360.049895867309,W2,full_sample,7,25,2200.092147157479,2235.4223302765618,2294.4575171891033,2425.6422745455143,2484.677461458056,2520.007644577139,97.24740614536717,,,,,,,,2026-05-07,a_unit_rw,rev_leg=guide_cushion;scenario=backtest;,1.0
driver-lines,margin_v2,adj_ebitda_margin_pct,2026Q3,2026-08-06,0,51.75529949115105,51.75529949115105,LIVE,PIT,7,26,47.21077467448498,48.21453282472808,49.89176868322499,53.61883029907711,55.29606615757402,56.29982430781712,2.762874910084718,,,,,,,,2026-08-06,a_unit_rw,rev_leg=ws06_base;scenario=base;,1.0
driver-lines,margin_v2,adj_ebitda_musd,2026Q3,2026-08-06,0,2486.3429606862155,2486.3429606862155,LIVE,PIT,7,26,2081.9827677862304,2171.2946002948256,2320.5307564697023,2652.1551649027288,2801.3913210776054,2890.7031535862006,245.83354182670664,,,,,,,,2026-08-06,a_unit_rw,rev_leg=ws06_base;scenario=base;,1.0
driver-lines,margin_v2,total_cash_costs_musd,2026Q3,2026-08-06,0,2317.6925393137844,2317.6925393137844,LIVE,PIT,7,26,2161.457906953825,2195.965758029131,2253.62686415231,2381.7582144752587,2439.419320598438,2473.927171673744,94.98391212446087,,,,,,,,2026-08-06,a_unit_rw,rev_leg=ws06_base;scenario=base;,1.0
driver-lines,margin_v2,adj_ebitda_margin_pct,2026Q4,2026-08-06,1,28.559139343655964,28.559139343655964,LIVE,PIT,7,26,23.055727586120362,24.271276984269022,26.302406731863584,30.815871955448344,32.847001703042906,34.062551101191566,3.3458367768173254,,,,,,,,2026-08-06,a_unit_rw,rev_leg=ws06_base;scenario=base;,1.0
driver-lines,margin_v2,adj_ebitda_musd,2026Q4,2026-08-06,1,907.640235093599,907.640235093599,LIVE,PIT,7,26,693.6916110320595,740.9468651672133,819.9083228835647,995.3721473036335,1074.3336050199848,1121.5888591551386,130.07152767633565,,,,,,,,2026-08-06,a_unit_rw,rev_leg=ws06_base;scenario=base;,1.0
driver-lines,margin_v2,total_cash_costs_musd,2026Q4,2026-08-06,1,2270.467564906401,2270.467564906401,LIVE,PIT,7,26,2093.9547031434618,2132.9414467007923,2198.0865857808994,2342.8485440319027,2407.99368311201,2446.9804266693404,107.31220022907662,,,,,,,,2026-08-06,a_unit_rw,rev_leg=ws06_base;scenario=base;,1.0
driver-lines,margin_v2,adj_ebitda_margin_pct,2027Q1,2026-08-06,2,19.55505940826179,19.55505940826179,LIVE,PIT,7,26,14.198281490628656,15.381443583648343,17.35845556441906,21.75166325210452,23.72867523287524,24.911837325894925,3.2566897320591646,,,,,,,,2026-08-06,a_unit_rw,rev_leg=ws06_base;scenario=base;,1.0
driver-lines,margin_v2,adj_ebitda_musd,2027Q1,2026-08-06,2,597.0412484260473,597.0412484260473,LIVE,PIT,7,26,458.0471006448595,488.7470119226711,540.0452176063295,654.0372792457651,705.3354849294236,736.0353962072352,84.50244173932724,,,,,,,,2026-08-06,a_unit_rw,rev_leg=ws06_base;scenario=base;,1.0
driver-lines,margin_v2,total_cash_costs_musd,2027Q1,2026-08-06,2,2456.0880515739527,2456.0880515739527,LIVE,PIT,7,26,2263.4989445838933,2306.036480099241,2377.1148368539516,2535.061266293954,2606.139623048664,2648.677158564012,117.08586334639338,,,,,,,,2026-08-06,a_unit_rw,rev_leg=ws06_base;scenario=base;,1.0
driver-lines,margin_v2,adj_ebitda_margin_pct,2027Q2,2026-08-06,3,34.36054761357841,34.36054761357841,LIVE,PIT,7,26,29.003769695945277,30.186931788964962,32.16394376973568,36.55715145742114,38.53416343819186,39.71732553121154,3.2566897320591646,,,,,,,,2026-08-06,a_unit_rw,rev_leg=ws06_base;scenario=base;,1.0
driver-lines,margin_v2,adj_ebitda_musd,2027Q2,2026-08-06,3,1384.3798317653848,1384.3798317653848,LIVE,PIT,7,26,1062.08937791657,1133.2743054605726,1252.2211982279082,1516.5384653028616,1635.485358070197,1706.6702856141997,195.93868327733182,,,,,,,,2026-08-06,a_unit_rw,rev_leg=ws06_base;scenario=base;,1.0
driver-lines,margin_v2,total_cash_costs_musd,2027Q2,2026-08-06,3,2644.6008682346155,2644.6008682346155,LIVE,PIT,7,26,2437.229915376452,2483.0323463130626,2559.5662001648147,2729.6355363044163,2806.1693901561684,2851.971821092779,126.07258753017392,,,,,,,,2026-08-06,a_unit_rw,rev_leg=ws06_base;scenario=base;,1.0
driver-lines,margin_v2,adj_ebitda_margin_pct,2027Q3,2026-08-06,4,50.66598577747019,50.66598577747019,LIVE,PIT,7,26,45.30920785983706,46.49236995285674,48.46938193362746,52.86258962131292,54.83960160208364,56.02276369510332,3.2566897320591646,,,,,,,,2026-08-06,a_unit_rw,rev_leg=ws06_base;scenario=base;,1.0
driver-lines,margin_v2,adj_ebitda_musd,2027Q3,2026-08-06,4,2675.535177396246,2675.535177396246,LIVE,PIT,7,26,2052.657389938243,2190.2336340976995,2420.117505950377,2930.952848842115,3160.836720694793,3298.4129648542494,378.6828063311801,,,,,,,,2026-08-06,a_unit_rw,rev_leg=ws06_base;scenario=base;,1.0
driver-lines,margin_v2,total_cash_costs_musd,2027Q3,2026-08-06,4,2605.197322603754,2605.197322603754,LIVE,PIT,7,26,2400.916117957356,2446.036110118765,2521.4296386992164,2688.9650065082915,2764.358535088743,2809.4785272501517,124.19415399594381,,,,,,,,2026-08-06,a_unit_rw,rev_leg=ws06_base;scenario=base;,1.0
driver-lines,margin_v2,adj_ebitda_margin_pct,2027Q4,2026-08-06,5,26.118893380433096,26.118893380433096,LIVE,PIT,7,26,20.76211546279996,21.94527755581965,23.922289536590366,28.315497224275827,30.292509205046542,31.47567129806623,3.2566897320591646,,,,,,,,2026-08-06,a_unit_rw,rev_leg=ws06_base;scenario=base;,1.0
driver-lines,margin_v2,adj_ebitda_musd,2027Q4,2026-08-06,5,905.2192300963267,905.2192300963267,LIVE,PIT,7,26,694.4797279696714,741.0261770201986,818.8032525182513,991.6352076744022,1069.4122831724546,1115.958732222982,128.1205200715849,,,,,,,,2026-08-06,a_unit_rw,rev_leg=ws06_base;scenario=base;,1.0
driver-lines,margin_v2,total_cash_costs_musd,2027Q4,2026-08-06,5,2560.5448699036733,2560.5448699036733,LIVE,PIT,7,26,2359.7649957510716,2404.1116421477145,2478.2129438631905,2642.876795944156,2716.9780976596317,2761.324744056275,122.06549620145938,,,,,,,,2026-08-06,a_unit_rw,rev_leg=ws06_base;scenario=base;,1.0
driver-lines,margin_v2,adj_ebitda_margin_pct,2028Q1,2026-08-06,6,16.105467479685817,16.105467479685817,LIVE,PIT,7,26,10.748689562052682,11.93185165507237,13.908863635843087,18.302071323528548,20.279083304299263,21.462245397318952,3.2566897320591646,,,,,,,,2026-08-06,a_unit_rw,rev_leg=ws06_base;scenario=base;,1.0
driver-lines,margin_v2,adj_ebitda_musd,2028Q1,2026-08-06,6,533.082695367316,533.082695367316,LIVE,PIT,7,26,408.9784142396503,436.38957133249295,482.1924129710617,583.9729777635703,629.7758194021391,657.1869764949816,75.4500455810632,,,,,,,,2026-08-06,a_unit_rw,rev_leg=ws06_base;scenario=base;,1.0
driver-lines,margin_v2,total_cash_costs_musd,2028Q1,2026-08-06,6,2776.8659046326843,2776.8659046326843,LIVE,PIT,7,26,2559.1236602283616,2607.2168187631196,2687.5783779926383,2866.1534312727304,2946.5149905022486,2994.608149037007,132.37788508141026,,,,,,,,2026-08-06,a_unit_rw,rev_leg=ws06_base;scenario=base;,1.0
driver-lines,margin_v2,adj_ebitda_margin_pct,2028Q2,2026-08-06,7,31.22120177912333,31.22120177912333,LIVE,PIT,7,26,25.864423861490195,27.047585954509884,29.0245979352806,33.41780562296606,35.394817603736776,36.577979696756465,3.2566897320591646,,,,,,,,2026-08-06,a_unit_rw,rev_leg=ws06_base;scenario=base;,1.0
driver-lines,margin_v2,adj_ebitda_musd,2028Q2,2026-08-06,7,1361.7896446376476,1361.7896446376476,LIVE,PIT,7,26,1044.758297787411,1114.7816360067247,1231.7875639432953,1491.7917253320002,1608.7976532685705,1678.8209914878842,192.7413732477911,,,,,,,,2026-08-06,a_unit_rw,rev_leg=ws06_base;scenario=base;,1.0
driver-lines,margin_v2,total_cash_costs_musd,2028Q2,2026-08-06,7,2999.9567553623524,2999.9567553623524,LIVE,PIT,7,26,2764.7212994698884,2816.678218092556,2903.4959510193953,3096.4175597053095,3183.2352926321482,3235.1922112548164,143.01300251770306,,,,,,,,2026-08-06,a_unit_rw,rev_leg=ws06_base;scenario=base;,1.0
driver-lines,margin_v2,adj_ebitda_margin_pct,2028Q3,2026-08-06,8,48.62367521463067,48.62367521463067,LIVE,PIT,7,26,43.26689729699754,44.45005939001722,46.42707137078794,50.8202790584734,52.79729103924412,53.980453132263804,3.2566897320591646,,,,,,,,2026-08-06,a_unit_rw,rev_leg=ws06_base;scenario=base;,1.0
driver-lines,margin_v2,adj_ebitda_musd,2028Q3,2026-08-06,8,2779.8462908068464,2779.8462908068464,LIVE,PIT,7,26,2132.68436159007,2275.624291986344,2514.4706483657355,3045.2219332479576,3284.068289627349,3427.008220023623,393.4465162205403,,,,,,,,2026-08-06,a_unit_rw,rev_leg=ws06_base;scenario=base;,1.0
driver-lines,margin_v2,total_cash_costs_musd,2028Q3,2026-08-06,8,2937.2170091931534,2937.2170091931534,LIVE,PIT,7,26,2706.901161813815,2757.7714768111828,2842.7735427231296,3031.6604756631773,3116.6625415751237,3167.5328565724917,140.0220929118171,,,,,,,,2026-08-06,a_unit_rw,rev_leg=ws06_base;scenario=base;,1.0
driver-lines,margin_v2,adj_ebitda_margin_pct,2028Q4,2026-08-06,9,22.533056047197835,22.533056047197835,LIVE,PIT,7,26,17.1762781295647,18.35944022258439,20.336452203355105,24.729659891040566,26.70667187181128,27.88983396483097,3.2566897320591646,,,,,,,,2026-08-06,a_unit_rw,rev_leg=ws06_base;scenario=base;,1.0
driver-lines,margin_v2,adj_ebitda_musd,2028Q4,2026-08-06,9,844.692773822609,844.692773822609,LIVE,PIT,7,26,648.0441292877182,691.4783028590184,764.0549024914295,925.3306451537884,997.9072447861995,1041.3414183574996,119.55388693117585,,,,,,,,2026-08-06,a_unit_rw,rev_leg=ws06_base;scenario=base;,1.0
driver-lines,margin_v2,total_cash_costs_musd,2028Q4,2026-08-06,9,2903.9899261773908,2903.9899261773908,LIVE,PIT,7,26,2676.279512362126,2726.574360114763,2810.6148454925756,2997.365006862206,3081.4054922400182,3131.7003399926557,138.43810177644647,,,,,,,,2026-08-06,a_unit_rw,rev_leg=ws06_base;scenario=base;,1.0
driver-lines,margin_v2,adj_ebitda_margin_pct,2026Q3,2026-08-06,0,51.75529949115105,51.75529949115105,LIVE,full_sample,7,26,47.19967460706392,48.205884451068556,49.88721698234455,53.62338199995755,55.30471453123354,56.31092437523818,2.7696232719080323,,,,,,,,2026-08-06,a_unit_rw,rev_leg=ws06_base;scenario=base;,1.0
driver-lines,margin_v2,adj_ebitda_musd,2026Q3,2026-08-06,0,2486.3429606862155,2486.3429606862155,LIVE,full_sample,7,26,2001.5044658592192,2108.591699479217,2287.529771534915,2685.1561498375154,2864.094221893214,2971.181455513212,294.7608753038914,,,,,,,,2026-08-06,a_unit_rw,rev_leg=ws06_base;scenario=base;,1.0
driver-lines,margin_v2,total_cash_costs_musd,2026Q3,2026-08-06,0,2317.6925393137844,2317.6925393137844,LIVE,full_sample,7,26,2160.6056567697356,2195.3017460223728,2253.277389886423,2382.107688741146,2440.083332605196,2474.7794218578333,95.50204344637602,,,,,,,,2026-08-06,a_unit_rw,rev_leg=ws06_base;scenario=base;,1.0
driver-lines,margin_v2,adj_ebitda_margin_pct,2026Q4,2026-08-06,1,28.559139343655964,28.559139343655964,LIVE,full_sample,7,26,21.828338992466687,23.314984127594755,25.799102965277786,31.319175722034142,33.80329455971717,35.289939694845245,4.092036057739656,,,,,,,,2026-08-06,a_unit_rw,rev_leg=ws06_base;scenario=base;,1.0
driver-lines,margin_v2,adj_ebitda_musd,2026Q4,2026-08-06,1,907.640235093599,907.640235093599,LIVE,full_sample,7,26,558.5724120313973,635.6717098724743,764.5012560860397,1050.7792141011582,1179.608760314724,1256.7080581558007,212.2181678312341,,,,,,,,2026-08-06,a_unit_rw,rev_leg=ws06_base;scenario=base;,1.0
driver-lines,margin_v2,total_cash_costs_musd,2026Q4,2026-08-06,1,2270.467564906401,2270.467564906401,LIVE,full_sample,7,26,2124.6017550749193,2156.8194238888773,2210.6537358681726,2330.2813939446296,2384.115705923925,2416.333374737883,88.68011562939222,,,,,,,,2026-08-06,a_unit_rw,rev_leg=ws06_base;scenario=base;,1.0
driver-lines,margin_v2,adj_ebitda_margin_pct,2027Q1,2026-08-06,2,19.55505940826179,19.55505940826179,LIVE,full_sample,7,26,11.046292600437155,12.92564068993391,16.065948945999565,23.044169870524016,26.18447812658967,28.063826216086426,5.172962911961083,,,,,,,,2026-08-06,a_unit_rw,rev_leg=ws06_base;scenario=base;,1.0
driver-lines,margin_v2,adj_ebitda_musd,2027Q1,2026-08-06,2,597.0412484260473,597.0412484260473,LIVE,full_sample,7,26,173.70451577767926,267.2077340095952,423.4475119535634,770.6349848985312,926.8747628424995,1020.3779810744154,257.37045881278146,,,,,,,,2026-08-06,a_unit_rw,rev_leg=ws06_base;scenario=base;,1.0
driver-lines,margin_v2,total_cash_costs_musd,2027Q1,2026-08-06,2,2456.0880515739527,2456.0880515739527,LIVE,full_sample,7,26,2282.409608479332,2320.7703084007926,2384.869356014733,2527.3067471331724,2591.405794747113,2629.7664946685736,105.5889960351741,,,,,,,,2026-08-06,a_unit_rw,rev_leg=ws06_base;scenario=base;,1.0
driver-lines,margin_v2,adj_ebitda_margin_pct,2027Q2,2026-08-06,3,34.36054761357841,34.36054761357841,LIVE,full_sample,7,26,25.851780805753776,27.73112889525053,30.871437151316186,37.84965807584064,40.98996633190629,42.86931442140305,5.172962911961083,,,,,,,,2026-08-06,a_unit_rw,rev_leg=ws06_base;scenario=base;,1.0
driver-lines,margin_v2,adj_ebitda_musd,2027Q2,2026-08-06,3,1384.3798317653848,1384.3798317653848,LIVE,full_sample,7,26,402.77456367234146,619.5836532732176,981.8621358325734,1786.8975276981962,2149.176010257552,2365.985099858428,596.7736289777495,,,,,,,,2026-08-06,a_unit_rw,rev_leg=ws06_base;scenario=base;,1.0
driver-lines,margin_v2,total_cash_costs_musd,2027Q2,2026-08-06,3,2644.6008682346155,2644.6008682346155,LIVE,full_sample,7,26,2457.59203477389,2498.8970442801133,2567.91590411464,2721.285832354591,2790.3046921891178,2831.609701695341,113.69329793029812,,,,,,,,2026-08-06,a_unit_rw,rev_leg=ws06_base;scenario=base;,1.0
driver-lines,margin_v2,adj_ebitda_margin_pct,2027Q3,2026-08-06,4,50.66598577747019,50.66598577747019,LIVE,full_sample,7,26,42.157218969645555,44.036567059142314,47.176875315207965,54.155096239732416,57.29540449579807,59.174752585294826,5.172962911961083,,,,,,,,2026-08-06,a_unit_rw,rev_leg=ws06_base;scenario=base;,1.0
driver-lines,margin_v2,adj_ebitda_musd,2027Q3,2026-08-06,4,2675.535177396246,2675.535177396246,LIVE,full_sample,7,26,778.4261869024427,1197.444387468591,1897.6054284346642,3453.464926357828,4153.625967323901,4572.644167890049,1153.3603716519472,,,,,,,,2026-08-06,a_unit_rw,rev_leg=ws06_base;scenario=base;,1.0
driver-lines,margin_v2,total_cash_costs_musd,2027Q3,2026-08-06,4,2605.197322603754,2605.197322603754,LIVE,full_sample,7,26,2420.9748495315293,2461.6644301288343,2529.6549352405195,2680.7397099669884,2748.7302150786736,2789.4197956759785,111.9993110959407,,,,,,,,2026-08-06,a_unit_rw,rev_leg=ws06_base;scenario=base;,1.0
driver-lines,margin_v2,adj_ebitda_margin_pct,2027Q4,2026-08-06,5,26.118893380433096,26.118893380433096,LIVE,full_sample,7,26,17.61012657260846,19.489474662105216,22.62978291817087,29.60800384269532,32.74831209876098,34.627660188257735,5.172962911961083,,,,,,,,2026-08-06,a_unit_rw,rev_leg=ws06_base;scenario=base;,1.0
driver-lines,margin_v2,adj_ebitda_musd,2027Q4,2026-08-06,5,905.2192300963267,905.2192300963267,LIVE,full_sample,7,26,263.36650683860194,405.13378245407864,642.0206841107208,1168.4177760819325,1405.3046777385746,1547.0719533540514,390.2187481857078,,,,,,,,2026-08-06,a_unit_rw,rev_leg=ws06_base;scenario=base;,1.0
driver-lines,margin_v2,total_cash_costs_musd,2027Q4,2026-08-06,5,2560.5448699036733,2560.5448699036733,LIVE,full_sample,7,26,2379.4799255122048,2419.4720965285755,2486.2972608089876,2634.7924789983595,2701.617643278771,2741.609814295142,110.0796699625179,,,,,,,,2026-08-06,a_unit_rw,rev_leg=ws06_base;scenario=base;,1.0
driver-lines,margin_v2,adj_ebitda_margin_pct,2028Q1,2026-08-06,6,16.105467479685817,16.105467479685817,LIVE,full_sample,7,26,7.596700671861182,9.476048761357937,12.616357017423592,19.594577941948042,22.734886198013697,24.614234287510453,5.172962911961083,,,,,,,,2026-08-06,a_unit_rw,rev_leg=ws06_base;scenario=base;,1.0
driver-lines,margin_v2,adj_ebitda_musd,2028Q1,2026-08-06,6,533.082695367316,533.082695367316,LIVE,full_sample,7,26,155.0962713419783,238.58287755552232,378.08533600296084,688.0800547316711,827.5825131791097,911.0691193926536,229.7994288561029,,,,,,,,2026-08-06,a_unit_rw,rev_leg=ws06_base;scenario=base;,1.0
driver-lines,margin_v2,total_cash_costs_musd,2028Q1,2026-08-06,6,2776.8659046326843,2776.8659046326843,LIVE,full_sample,7,26,2580.5041550243686,2623.874961547973,2696.345677622062,2857.386131643307,2929.856847717396,2973.227654241,119.37946720052362,,,,,,,,2026-08-06,a_unit_rw,rev_leg=ws06_base;scenario=base;,1.0
driver-lines,margin_v2,adj_ebitda_margin_pct,2028Q2,2026-08-06,7,31.22120177912333,31.22120177912333,LIVE,full_sample,7,26,22.712434971298695,24.59178306079545,27.732091316861105,34.71031224138556,37.85062049745121,39.72996858694796,5.172962911961083,,,,,,,,2026-08-06,a_unit_rw,rev_leg=ws06_base;scenario=base;,1.0
driver-lines,margin_v2,adj_ebitda_musd,2028Q2,2026-08-06,7,1361.7896446376476,1361.7896446376476,LIVE,full_sample,7,26,396.2021241186331,609.4733422533868,965.840196713587,1757.7390925617083,2114.1059470219084,2327.377165156662,587.0355299082804,,,,,,,,2026-08-06,a_unit_rw,rev_leg=ws06_base;scenario=base;,1.0
driver-lines,margin_v2,total_cash_costs_musd,2028Q2,2026-08-06,7,2999.9567553623524,2999.9567553623524,LIVE,full_sample,7,26,2787.8194835374966,2834.674660735263,2912.967607430926,3086.9459032937793,3165.238849989442,3212.094027187208,128.97030370904497,,,,,,,,2026-08-06,a_unit_rw,rev_leg=ws06_base;scenario=base;,1.0
driver-lines,margin_v2,adj_ebitda_margin_pct,2028Q3,2026-08-06,8,48.62367521463067,48.62367521463067,LIVE,full_sample,7,26,40.11490840680604,41.994256496302796,45.13456475236845,52.1127856768929,55.25309393295855,57.13244202245531,5.172962911961083,,,,,,,,2026-08-06,a_unit_rw,rev_leg=ws06_base;scenario=base;,1.0
driver-lines,margin_v2,adj_ebitda_musd,2028Q3,2026-08-06,8,2779.8462908068464,2779.8462908068464,LIVE,full_sample,7,26,808.7746954736446,1244.1291622977071,1971.5873879044138,3588.105193709279,4315.563419315986,4750.917886140048,1198.32644257005,,,,,,,,2026-08-06,a_unit_rw,rev_leg=ws06_base;scenario=base;,1.0
driver-lines,margin_v2,total_cash_costs_musd,2028Q3,2026-08-06,8,2937.2170091931534,2937.2170091931534,LIVE,full_sample,7,26,2729.516280849642,2775.3915499474515,2852.047113172921,3022.386905213386,3099.0424684388554,3144.917737536665,126.27307678948806,,,,,,,,2026-08-06,a_unit_rw,rev_leg=ws06_base;scenario=base;,1.0
driver-lines,margin_v2,adj_ebitda_margin_pct,2028Q4,2026-08-06,9,22.533056047197835,22.533056047197835,LIVE,full_sample,7,26,14.0242892393732,15.903637328869955,19.04394558493561,26.02216650946006,29.162474765525715,31.04182285502247,5.172962911961083,,,,,,,,2026-08-06,a_unit_rw,rev_leg=ws06_base;scenario=base;,1.0
driver-lines,margin_v2,adj_ebitda_musd,2028Q4,2026-08-06,9,844.692773822609,844.692773822609,LIVE,full_sample,7,26,245.75680431556546,378.0449719721104,599.0926998482624,1090.2928477969556,1311.3405756731077,1443.6287433296525,364.1272145395061,,,,,,,,2026-08-06,a_unit_rw,rev_leg=ws06_base;scenario=base;,1.0
driver-lines,margin_v2,total_cash_costs_musd,2028Q4,2026-08-06,9,2903.9899261773908,2903.9899261773908,LIVE,full_sample,7,26,2698.6387992836544,2743.9951072798794,2819.783509258856,2988.196343095926,3063.984745074902,3109.341053071127,124.8446205358275,,,,,,,,2026-08-06,a_unit_rw,rev_leg=ws06_base;scenario=base;,1.0
driver-lines,margin_v2,adj_ebitda_margin_pct,2026Q3,2026-09-11,0,51.75529949115105,51.75529949115105,LIVE,PIT,7,26,47.21077467448498,48.21453282472808,49.89176868322499,53.61883029907711,55.29606615757402,56.29982430781712,2.762874910084718,,,,,,,,2026-08-06,a_unit_rw,rev_leg=ws06_base;scenario=base;,1.0
driver-lines,margin_v2,adj_ebitda_musd,2026Q3,2026-09-11,0,2486.3429606862155,2486.3429606862155,LIVE,PIT,7,26,2081.9827677862304,2171.2946002948256,2320.5307564697023,2652.1551649027288,2801.3913210776054,2890.7031535862006,245.83354182670664,,,,,,,,2026-08-06,a_unit_rw,rev_leg=ws06_base;scenario=base;,1.0
driver-lines,margin_v2,total_cash_costs_musd,2026Q3,2026-09-11,0,2317.6925393137844,2317.6925393137844,LIVE,PIT,7,26,2161.457906953825,2195.965758029131,2253.62686415231,2381.7582144752587,2439.419320598438,2473.927171673744,94.98391212446087,,,,,,,,2026-08-06,a_unit_rw,rev_leg=ws06_base;scenario=base;,1.0
driver-lines,margin_v2,adj_ebitda_margin_pct,2026Q4,2026-09-11,1,28.559139343655964,28.559139343655964,LIVE,PIT,7,26,23.055727586120362,24.271276984269022,26.302406731863584,30.815871955448344,32.847001703042906,34.062551101191566,3.3458367768173254,,,,,,,,2026-08-06,a_unit_rw,rev_leg=ws06_base;scenario=base;,1.0
driver-lines,margin_v2,adj_ebitda_musd,2026Q4,2026-09-11,1,907.640235093599,907.640235093599,LIVE,PIT,7,26,693.6916110320595,740.9468651672133,819.9083228835647,995.3721473036335,1074.3336050199848,1121.5888591551386,130.07152767633565,,,,,,,,2026-08-06,a_unit_rw,rev_leg=ws06_base;scenario=base;,1.0
driver-lines,margin_v2,total_cash_costs_musd,2026Q4,2026-09-11,1,2270.467564906401,2270.467564906401,LIVE,PIT,7,26,2093.9547031434618,2132.9414467007923,2198.0865857808994,2342.8485440319027,2407.99368311201,2446.9804266693404,107.31220022907662,,,,,,,,2026-08-06,a_unit_rw,rev_leg=ws06_base;scenario=base;,1.0
driver-lines,margin_v2,adj_ebitda_margin_pct,2027Q1,2026-09-11,2,19.55505940826179,19.55505940826179,LIVE,PIT,7,26,14.198281490628656,15.381443583648343,17.35845556441906,21.75166325210452,23.72867523287524,24.911837325894925,3.2566897320591646,,,,,,,,2026-08-06,a_unit_rw,rev_leg=ws06_base;scenario=base;,1.0
driver-lines,margin_v2,adj_ebitda_musd,2027Q1,2026-09-11,2,597.0412484260473,597.0412484260473,LIVE,PIT,7,26,458.0471006448595,488.7470119226711,540.0452176063295,654.0372792457651,705.3354849294236,736.0353962072352,84.50244173932724,,,,,,,,2026-08-06,a_unit_rw,rev_leg=ws06_base;scenario=base;,1.0
driver-lines,margin_v2,total_cash_costs_musd,2027Q1,2026-09-11,2,2456.0880515739527,2456.0880515739527,LIVE,PIT,7,26,2263.4989445838933,2306.036480099241,2377.1148368539516,2535.061266293954,2606.139623048664,2648.677158564012,117.08586334639338,,,,,,,,2026-08-06,a_unit_rw,rev_leg=ws06_base;scenario=base;,1.0
driver-lines,margin_v2,adj_ebitda_margin_pct,2027Q2,2026-09-11,3,34.36054761357841,34.36054761357841,LIVE,PIT,7,26,29.003769695945277,30.186931788964962,32.16394376973568,36.55715145742114,38.53416343819186,39.71732553121154,3.2566897320591646,,,,,,,,2026-08-06,a_unit_rw,rev_leg=ws06_base;scenario=base;,1.0
driver-lines,margin_v2,adj_ebitda_musd,2027Q2,2026-09-11,3,1384.3798317653848,1384.3798317653848,LIVE,PIT,7,26,1062.08937791657,1133.2743054605726,1252.2211982279082,1516.5384653028616,1635.485358070197,1706.6702856141997,195.93868327733182,,,,,,,,2026-08-06,a_unit_rw,rev_leg=ws06_base;scenario=base;,1.0
driver-lines,margin_v2,total_cash_costs_musd,2027Q2,2026-09-11,3,2644.6008682346155,2644.6008682346155,LIVE,PIT,7,26,2437.229915376452,2483.0323463130626,2559.5662001648147,2729.6355363044163,2806.1693901561684,2851.971821092779,126.07258753017392,,,,,,,,2026-08-06,a_unit_rw,rev_leg=ws06_base;scenario=base;,1.0
driver-lines,margin_v2,adj_ebitda_margin_pct,2027Q3,2026-09-11,4,50.66598577747019,50.66598577747019,LIVE,PIT,7,26,45.30920785983706,46.49236995285674,48.46938193362746,52.86258962131292,54.83960160208364,56.02276369510332,3.2566897320591646,,,,,,,,2026-08-06,a_unit_rw,rev_leg=ws06_base;scenario=base;,1.0
driver-lines,margin_v2,adj_ebitda_musd,2027Q3,2026-09-11,4,2675.535177396246,2675.535177396246,LIVE,PIT,7,26,2052.657389938243,2190.2336340976995,2420.117505950377,2930.952848842115,3160.836720694793,3298.4129648542494,378.6828063311801,,,,,,,,2026-08-06,a_unit_rw,rev_leg=ws06_base;scenario=base;,1.0
driver-lines,margin_v2,total_cash_costs_musd,2027Q3,2026-09-11,4,2605.197322603754,2605.197322603754,LIVE,PIT,7,26,2400.916117957356,2446.036110118765,2521.4296386992164,2688.9650065082915,2764.358535088743,2809.4785272501517,124.19415399594381,,,,,,,,2026-08-06,a_unit_rw,rev_leg=ws06_base;scenario=base;,1.0
driver-lines,margin_v2,adj_ebitda_margin_pct,2027Q4,2026-09-11,5,26.118893380433096,26.118893380433096,LIVE,PIT,7,26,20.76211546279996,21.94527755581965,23.922289536590366,28.315497224275827,30.292509205046542,31.47567129806623,3.2566897320591646,,,,,,,,2026-08-06,a_unit_rw,rev_leg=ws06_base;scenario=base;,1.0
driver-lines,margin_v2,adj_ebitda_musd,2027Q4,2026-09-11,5,905.2192300963267,905.2192300963267,LIVE,PIT,7,26,694.4797279696714,741.0261770201986,818.8032525182513,991.6352076744022,1069.4122831724546,1115.958732222982,128.1205200715849,,,,,,,,2026-08-06,a_unit_rw,rev_leg=ws06_base;scenario=base;,1.0
driver-lines,margin_v2,total_cash_costs_musd,2027Q4,2026-09-11,5,2560.5448699036733,2560.5448699036733,LIVE,PIT,7,26,2359.7649957510716,2404.1116421477145,2478.2129438631905,2642.876795944156,2716.9780976596317,2761.324744056275,122.06549620145938,,,,,,,,2026-08-06,a_unit_rw,rev_leg=ws06_base;scenario=base;,1.0
driver-lines,margin_v2,adj_ebitda_margin_pct,2028Q1,2026-09-11,6,16.105467479685817,16.105467479685817,LIVE,PIT,7,26,10.748689562052682,11.93185165507237,13.908863635843087,18.302071323528548,20.279083304299263,21.462245397318952,3.2566897320591646,,,,,,,,2026-08-06,a_unit_rw,rev_leg=ws06_base;scenario=base;,1.0
driver-lines,margin_v2,adj_ebitda_musd,2028Q1,2026-09-11,6,533.082695367316,533.082695367316,LIVE,PIT,7,26,408.9784142396503,436.38957133249295,482.1924129710617,583.9729777635703,629.7758194021391,657.1869764949816,75.4500455810632,,,,,,,,2026-08-06,a_unit_rw,rev_leg=ws06_base;scenario=base;,1.0
driver-lines,margin_v2,total_cash_costs_musd,2028Q1,2026-09-11,6,2776.8659046326843,2776.8659046326843,LIVE,PIT,7,26,2559.1236602283616,2607.2168187631196,2687.5783779926383,2866.1534312727304,2946.5149905022486,2994.608149037007,132.37788508141026,,,,,,,,2026-08-06,a_unit_rw,rev_leg=ws06_base;scenario=base;,1.0
driver-lines,margin_v2,adj_ebitda_margin_pct,2028Q2,2026-09-11,7,31.22120177912333,31.22120177912333,LIVE,PIT,7,26,25.864423861490195,27.047585954509884,29.0245979352806,33.41780562296606,35.394817603736776,36.577979696756465,3.2566897320591646,,,,,,,,2026-08-06,a_unit_rw,rev_leg=ws06_base;scenario=base;,1.0
driver-lines,margin_v2,adj_ebitda_musd,2028Q2,2026-09-11,7,1361.7896446376476,1361.7896446376476,LIVE,PIT,7,26,1044.758297787411,1114.7816360067247,1231.7875639432953,1491.7917253320002,1608.7976532685705,1678.8209914878842,192.7413732477911,,,,,,,,2026-08-06,a_unit_rw,rev_leg=ws06_base;scenario=base;,1.0
driver-lines,margin_v2,total_cash_costs_musd,2028Q2,2026-09-11,7,2999.9567553623524,2999.9567553623524,LIVE,PIT,7,26,2764.7212994698884,2816.678218092556,2903.4959510193953,3096.4175597053095,3183.2352926321482,3235.1922112548164,143.01300251770306,,,,,,,,2026-08-06,a_unit_rw,rev_leg=ws06_base;scenario=base;,1.0
driver-lines,margin_v2,adj_ebitda_margin_pct,2028Q3,2026-09-11,8,48.62367521463067,48.62367521463067,LIVE,PIT,7,26,43.26689729699754,44.45005939001722,46.42707137078794,50.8202790584734,52.79729103924412,53.980453132263804,3.2566897320591646,,,,,,,,2026-08-06,a_unit_rw,rev_leg=ws06_base;scenario=base;,1.0
driver-lines,margin_v2,adj_ebitda_musd,2028Q3,2026-09-11,8,2779.8462908068464,2779.8462908068464,LIVE,PIT,7,26,2132.68436159007,2275.624291986344,2514.4706483657355,3045.2219332479576,3284.068289627349,3427.008220023623,393.4465162205403,,,,,,,,2026-08-06,a_unit_rw,rev_leg=ws06_base;scenario=base;,1.0
driver-lines,margin_v2,total_cash_costs_musd,2028Q3,2026-09-11,8,2937.2170091931534,2937.2170091931534,LIVE,PIT,7,26,2706.901161813815,2757.7714768111828,2842.7735427231296,3031.6604756631773,3116.6625415751237,3167.5328565724917,140.0220929118171,,,,,,,,2026-08-06,a_unit_rw,rev_leg=ws06_base;scenario=base;,1.0
driver-lines,margin_v2,adj_ebitda_margin_pct,2028Q4,2026-09-11,9,22.533056047197835,22.533056047197835,LIVE,PIT,7,26,17.1762781295647,18.35944022258439,20.336452203355105,24.729659891040566,26.70667187181128,27.88983396483097,3.2566897320591646,,,,,,,,2026-08-06,a_unit_rw,rev_leg=ws06_base;scenario=base;,1.0
driver-lines,margin_v2,adj_ebitda_musd,2028Q4,2026-09-11,9,844.692773822609,844.692773822609,LIVE,PIT,7,26,648.0441292877182,691.4783028590184,764.0549024914295,925.3306451537884,997.9072447861995,1041.3414183574996,119.55388693117585,,,,,,,,2026-08-06,a_unit_rw,rev_leg=ws06_base;scenario=base;,1.0
driver-lines,margin_v2,total_cash_costs_musd,2028Q4,2026-09-11,9,2903.9899261773908,2903.9899261773908,LIVE,PIT,7,26,2676.279512362126,2726.574360114763,2810.6148454925756,2997.365006862206,3081.4054922400182,3131.7003399926557,138.43810177644647,,,,,,,,2026-08-06,a_unit_rw,rev_leg=ws06_base;scenario=base;,1.0
driver-lines,margin_v2,adj_ebitda_margin_pct,2026Q3,2026-09-11,0,51.75529949115105,51.75529949115105,LIVE,full_sample,7,26,47.19967460706392,48.205884451068556,49.88721698234455,53.62338199995755,55.30471453123354,56.31092437523818,2.7696232719080323,,,,,,,,2026-08-06,a_unit_rw,rev_leg=ws06_base;scenario=base;,1.0
driver-lines,margin_v2,adj_ebitda_musd,2026Q3,2026-09-11,0,2486.3429606862155,2486.3429606862155,LIVE,full_sample,7,26,2001.5044658592192,2108.591699479217,2287.529771534915,2685.1561498375154,2864.094221893214,2971.181455513212,294.7608753038914,,,,,,,,2026-08-06,a_unit_rw,rev_leg=ws06_base;scenario=base;,1.0
driver-lines,margin_v2,total_cash_costs_musd,2026Q3,2026-09-11,0,2317.6925393137844,2317.6925393137844,LIVE,full_sample,7,26,2160.6056567697356,2195.3017460223728,2253.277389886423,2382.107688741146,2440.083332605196,2474.7794218578333,95.50204344637602,,,,,,,,2026-08-06,a_unit_rw,rev_leg=ws06_base;scenario=base;,1.0
driver-lines,margin_v2,adj_ebitda_margin_pct,2026Q4,2026-09-11,1,28.559139343655964,28.559139343655964,LIVE,full_sample,7,26,21.828338992466687,23.314984127594755,25.799102965277786,31.319175722034142,33.80329455971717,35.289939694845245,4.092036057739656,,,,,,,,2026-08-06,a_unit_rw,rev_leg=ws06_base;scenario=base;,1.0
driver-lines,margin_v2,adj_ebitda_musd,2026Q4,2026-09-11,1,907.640235093599,907.640235093599,LIVE,full_sample,7,26,558.5724120313973,635.6717098724743,764.5012560860397,1050.7792141011582,1179.608760314724,1256.7080581558007,212.2181678312341,,,,,,,,2026-08-06,a_unit_rw,rev_leg=ws06_base;scenario=base;,1.0
driver-lines,margin_v2,total_cash_costs_musd,2026Q4,2026-09-11,1,2270.467564906401,2270.467564906401,LIVE,full_sample,7,26,2124.6017550749193,2156.8194238888773,2210.6537358681726,2330.2813939446296,2384.115705923925,2416.333374737883,88.68011562939222,,,,,,,,2026-08-06,a_unit_rw,rev_leg=ws06_base;scenario=base;,1.0
driver-lines,margin_v2,adj_ebitda_margin_pct,2027Q1,2026-09-11,2,19.55505940826179,19.55505940826179,LIVE,full_sample,7,26,11.046292600437155,12.92564068993391,16.065948945999565,23.044169870524016,26.18447812658967,28.063826216086426,5.172962911961083,,,,,,,,2026-08-06,a_unit_rw,rev_leg=ws06_base;scenario=base;,1.0
driver-lines,margin_v2,adj_ebitda_musd,2027Q1,2026-09-11,2,597.0412484260473,597.0412484260473,LIVE,full_sample,7,26,173.70451577767926,267.2077340095952,423.4475119535634,770.6349848985312,926.8747628424995,1020.3779810744154,257.37045881278146,,,,,,,,2026-08-06,a_unit_rw,rev_leg=ws06_base;scenario=base;,1.0
driver-lines,margin_v2,total_cash_costs_musd,2027Q1,2026-09-11,2,2456.0880515739527,2456.0880515739527,LIVE,full_sample,7,26,2282.409608479332,2320.7703084007926,2384.869356014733,2527.3067471331724,2591.405794747113,2629.7664946685736,105.5889960351741,,,,,,,,2026-08-06,a_unit_rw,rev_leg=ws06_base;scenario=base;,1.0
driver-lines,margin_v2,adj_ebitda_margin_pct,2027Q2,2026-09-11,3,34.36054761357841,34.36054761357841,LIVE,full_sample,7,26,25.851780805753776,27.73112889525053,30.871437151316186,37.84965807584064,40.98996633190629,42.86931442140305,5.172962911961083,,,,,,,,2026-08-06,a_unit_rw,rev_leg=ws06_base;scenario=base;,1.0
driver-lines,margin_v2,adj_ebitda_musd,2027Q2,2026-09-11,3,1384.3798317653848,1384.3798317653848,LIVE,full_sample,7,26,402.77456367234146,619.5836532732176,981.8621358325734,1786.8975276981962,2149.176010257552,2365.985099858428,596.7736289777495,,,,,,,,2026-08-06,a_unit_rw,rev_leg=ws06_base;scenario=base;,1.0
driver-lines,margin_v2,total_cash_costs_musd,2027Q2,2026-09-11,3,2644.6008682346155,2644.6008682346155,LIVE,full_sample,7,26,2457.59203477389,2498.8970442801133,2567.91590411464,2721.285832354591,2790.3046921891178,2831.609701695341,113.69329793029812,,,,,,,,2026-08-06,a_unit_rw,rev_leg=ws06_base;scenario=base;,1.0
driver-lines,margin_v2,adj_ebitda_margin_pct,2027Q3,2026-09-11,4,50.66598577747019,50.66598577747019,LIVE,full_sample,7,26,42.157218969645555,44.036567059142314,47.176875315207965,54.155096239732416,57.29540449579807,59.174752585294826,5.172962911961083,,,,,,,,2026-08-06,a_unit_rw,rev_leg=ws06_base;scenario=base;,1.0
driver-lines,margin_v2,adj_ebitda_musd,2027Q3,2026-09-11,4,2675.535177396246,2675.535177396246,LIVE,full_sample,7,26,778.4261869024427,1197.444387468591,1897.6054284346642,3453.464926357828,4153.625967323901,4572.644167890049,1153.3603716519472,,,,,,,,2026-08-06,a_unit_rw,rev_leg=ws06_base;scenario=base;,1.0
driver-lines,margin_v2,total_cash_costs_musd,2027Q3,2026-09-11,4,2605.197322603754,2605.197322603754,LIVE,full_sample,7,26,2420.9748495315293,2461.6644301288343,2529.6549352405195,2680.7397099669884,2748.7302150786736,2789.4197956759785,111.9993110959407,,,,,,,,2026-08-06,a_unit_rw,rev_leg=ws06_base;scenario=base;,1.0
driver-lines,margin_v2,adj_ebitda_margin_pct,2027Q4,2026-09-11,5,26.118893380433096,26.118893380433096,LIVE,full_sample,7,26,17.61012657260846,19.489474662105216,22.62978291817087,29.60800384269532,32.74831209876098,34.627660188257735,5.172962911961083,,,,,,,,2026-08-06,a_unit_rw,rev_leg=ws06_base;scenario=base;,1.0
driver-lines,margin_v2,adj_ebitda_musd,2027Q4,2026-09-11,5,905.2192300963267,905.2192300963267,LIVE,full_sample,7,26,263.36650683860194,405.13378245407864,642.0206841107208,1168.4177760819325,1405.3046777385746,1547.0719533540514,390.2187481857078,,,,,,,,2026-08-06,a_unit_rw,rev_leg=ws06_base;scenario=base;,1.0
driver-lines,margin_v2,total_cash_costs_musd,2027Q4,2026-09-11,5,2560.5448699036733,2560.5448699036733,LIVE,full_sample,7,26,2379.4799255122048,2419.4720965285755,2486.2972608089876,2634.7924789983595,2701.617643278771,2741.609814295142,110.0796699625179,,,,,,,,2026-08-06,a_unit_rw,rev_leg=ws06_base;scenario=base;,1.0
driver-lines,margin_v2,adj_ebitda_margin_pct,2028Q1,2026-09-11,6,16.105467479685817,16.105467479685817,LIVE,full_sample,7,26,7.596700671861182,9.476048761357937,12.616357017423592,19.594577941948042,22.734886198013697,24.614234287510453,5.172962911961083,,,,,,,,2026-08-06,a_unit_rw,rev_leg=ws06_base;scenario=base;,1.0
driver-lines,margin_v2,adj_ebitda_musd,2028Q1,2026-09-11,6,533.082695367316,533.082695367316,LIVE,full_sample,7,26,155.0962713419783,238.58287755552232,378.08533600296084,688.0800547316711,827.5825131791097,911.0691193926536,229.7994288561029,,,,,,,,2026-08-06,a_unit_rw,rev_leg=ws06_base;scenario=base;,1.0
driver-lines,margin_v2,total_cash_costs_musd,2028Q1,2026-09-11,6,2776.8659046326843,2776.8659046326843,LIVE,full_sample,7,26,2580.5041550243686,2623.874961547973,2696.345677622062,2857.386131643307,2929.856847717396,2973.227654241,119.37946720052362,,,,,,,,2026-08-06,a_unit_rw,rev_leg=ws06_base;scenario=base;,1.0
driver-lines,margin_v2,adj_ebitda_margin_pct,2028Q2,2026-09-11,7,31.22120177912333,31.22120177912333,LIVE,full_sample,7,26,22.712434971298695,24.59178306079545,27.732091316861105,34.71031224138556,37.85062049745121,39.72996858694796,5.172962911961083,,,,,,,,2026-08-06,a_unit_rw,rev_leg=ws06_base;scenario=base;,1.0
driver-lines,margin_v2,adj_ebitda_musd,2028Q2,2026-09-11,7,1361.7896446376476,1361.7896446376476,LIVE,full_sample,7,26,396.2021241186331,609.4733422533868,965.840196713587,1757.7390925617083,2114.1059470219084,2327.377165156662,587.0355299082804,,,,,,,,2026-08-06,a_unit_rw,rev_leg=ws06_base;scenario=base;,1.0
driver-lines,margin_v2,total_cash_costs_musd,2028Q2,2026-09-11,7,2999.9567553623524,2999.9567553623524,LIVE,full_sample,7,26,2787.8194835374966,2834.674660735263,2912.967607430926,3086.9459032937793,3165.238849989442,3212.094027187208,128.97030370904497,,,,,,,,2026-08-06,a_unit_rw,rev_leg=ws06_base;scenario=base;,1.0
driver-lines,margin_v2,adj_ebitda_margin_pct,2028Q3,2026-09-11,8,48.62367521463067,48.62367521463067,LIVE,full_sample,7,26,40.11490840680604,41.994256496302796,45.13456475236845,52.1127856768929,55.25309393295855,57.13244202245531,5.172962911961083,,,,,,,,2026-08-06,a_unit_rw,rev_leg=ws06_base;scenario=base;,1.0
driver-lines,margin_v2,adj_ebitda_musd,2028Q3,2026-09-11,8,2779.8462908068464,2779.8462908068464,LIVE,full_sample,7,26,808.7746954736446,1244.1291622977071,1971.5873879044138,3588.105193709279,4315.563419315986,4750.917886140048,1198.32644257005,,,,,,,,2026-08-06,a_unit_rw,rev_leg=ws06_base;scenario=base;,1.0
driver-lines,margin_v2,total_cash_costs_musd,2028Q3,2026-09-11,8,2937.2170091931534,2937.2170091931534,LIVE,full_sample,7,26,2729.516280849642,2775.3915499474515,2852.047113172921,3022.386905213386,3099.0424684388554,3144.917737536665,126.27307678948806,,,,,,,,2026-08-06,a_unit_rw,rev_leg=ws06_base;scenario=base;,1.0
driver-lines,margin_v2,adj_ebitda_margin_pct,2028Q4,2026-09-11,9,22.533056047197835,22.533056047197835,LIVE,full_sample,7,26,14.0242892393732,15.903637328869955,19.04394558493561,26.02216650946006,29.162474765525715,31.04182285502247,5.172962911961083,,,,,,,,2026-08-06,a_unit_rw,rev_leg=ws06_base;scenario=base;,1.0
driver-lines,margin_v2,adj_ebitda_musd,2028Q4,2026-09-11,9,844.692773822609,844.692773822609,LIVE,full_sample,7,26,245.75680431556546,378.0449719721104,599.0926998482624,1090.2928477969556,1311.3405756731077,1443.6287433296525,364.1272145395061,,,,,,,,2026-08-06,a_unit_rw,rev_leg=ws06_base;scenario=base;,1.0
driver-lines,margin_v2,total_cash_costs_musd,2028Q4,2026-09-11,9,2903.9899261773908,2903.9899261773908,LIVE,full_sample,7,26,2698.6387992836544,2743.9951072798794,2819.783509258856,2988.196343095926,3063.984745074902,3109.341053071127,124.8446205358275,,,,,,,,2026-08-06,a_unit_rw,rev_leg=ws06_base;scenario=base;,1.0
driver-lines,margin_v2,adj_ebitda_margin_pct,2023Q1,2023-02-14,0,17.545262995070118,17.545262995070118,W1,PIT,7,12,9.738916964078042,11.463119992630226,14.344187654313757,20.74633833582648,23.62740599751001,25.351609026062192,4.745921401808956,,,,,,,,2023-02-14,a_unit_eq,rev_leg=guide_cushion;scenario=backtest;,1.0
driver-lines,margin_v2,adj_ebitda_musd,2023Q1,2023-02-14,0,323.73584802539517,323.73584802539517,W1,PIT,7,12,119.07984941355198,164.2826230565578,239.8144758631388,407.65722018765155,483.18907299423256,528.3918466372384,124.4220125477956,,,,,,,,2023-02-14,a_unit_eq,rev_leg=guide_cushion;scenario=backtest;,1.0
driver-lines,margin_v2,total_cash_costs_musd,2023Q1,2023-02-14,0,1521.4108911050398,1521.4108911050398,W1,PIT,7,12,1333.5981140405981,1375.0806921545677,1444.3962613470053,1598.425520863074,1667.7410900555117,1709.2236681694817,114.18206093664938,,,,,,,,2023-02-14,a_unit_eq,rev_leg=guide_cushion;scenario=backtest;,1.0
driver-lines,margin_v2,adj_ebitda_margin_pct,2023Q2,2023-02-14,1,38.059701581653414,38.059701581653414,W1,PIT,7,12,31.50944362132205,32.95621200286228,35.373698533727406,40.74570462957942,43.16319116044455,44.60995954198478,3.982274077767903,,,,,,,,2023-02-14,a_unit_eq,rev_leg=naive;scenario=backtest;,1.0
driver-lines,margin_v2,adj_ebitda_musd,2023Q2,2023-02-14,1,994.1750539626195,994.1750539626195,W1,PIT,7,12,447.6540524069807,568.365222819939,770.0682959045356,1218.2818120207032,1419.9848851053,1540.6960555182582,332.26117667901315,,,,,,,,2023-02-14,a_unit_eq,rev_leg=naive;scenario=backtest;,1.0
driver-lines,margin_v2,total_cash_costs_musd,2023Q2,2023-02-14,1,1617.971160136597,1617.971160136597,W1,PIT,7,12,1566.5675968675146,1577.9212031661662,1596.8925814834859,1639.0497387897083,1658.021117107028,1669.3747234056793,31.251147474047578,,,,,,,,2023-02-14,a_unit_eq,rev_leg=naive;scenario=backtest;,1.0
driver-lines,margin_v2,adj_ebitda_margin_pct,2023Q3,2023-02-14,2,53.68952762035708,53.68952762035708,W1,PIT,7,12,48.75496673950266,49.84487292372328,51.66605836976884,55.712996870945325,57.534182316990886,58.6240885012115,3.0,,,,,,,,2023-02-14,a_unit_eq,rev_leg=naive;scenario=backtest;,1.0
driver-lines,margin_v2,adj_ebitda_musd,2023Q3,2023-02-14,2,1922.3682555079822,1922.3682555079822,W1,PIT,7,12,1606.1668157671143,1676.0068507680323,1792.7064870637366,2052.0300239522276,2168.729660247932,2238.56969524885,192.23682555079824,,,,,,,,2023-02-14,a_unit_eq,rev_leg=naive;scenario=backtest;,1.0
driver-lines,margin_v2,total_cash_costs_musd,2023Q3,2023-02-14,2,1658.1591596356207,1658.1591596356207,W1,PIT,7,12,1385.416248856675,1445.6575129403057,1546.3180238988232,1770.0002953724181,1870.6608063309357,1930.9020704145662,165.81591596356208,,,,,,,,2023-02-14,a_unit_eq,rev_leg=naive;scenario=backtest;,1.0
driver-lines,margin_v2,adj_ebitda_margin_pct,2023Q1,2023-02-14,0,18.263246361269076,18.263246361269076,W1,full_sample,7,12,13.722992743163802,14.725807505365326,16.401467003808335,20.125025718729816,21.800685217172827,22.80349997937435,2.760278205739229,,,,,,,,2023-02-14,a_unit_eq,rev_leg=guide_cushion;scenario=backtest;,1.0
driver-lines,margin_v2,adj_ebitda_musd,2023Q1,2023-02-14,0,336.9836946943142,336.9836946943142,W1,full_sample,7,12,271.45201093000543,285.9261230387901,310.1117297438297,363.85565964479866,388.0412663498383,402.5153784586229,39.840434851193066,,,,,,,,2023-02-14,a_unit_eq,rev_leg=guide_cushion;scenario=backtest;,1.0
driver-lines,margin_v2,total_cash_costs_musd,2023Q1,2023-02-14,0,1508.1630444361208,1508.1630444361208,W1,full_sample,7,12,1406.1850639392326,1428.7091414167494,1466.3458872959272,1549.9802015763141,1587.6169474554922,1610.1410249330088,61.998209947648306,,,,,,,,2023-02-14,a_unit_eq,rev_leg=guide_cushion;scenario=backtest;,1.0
driver-lines,margin_v2,adj_ebitda_margin_pct,2023Q2,2023-02-14,1,38.64268470436226,38.64268470436226,W1,full_sample,7,12,31.92556985313827,33.40919224492474,35.8882602110185,41.39710919770602,43.87617716379978,45.35979955558625,4.083715864537631,,,,,,,,2023-02-14,a_unit_eq,rev_leg=naive;scenario=backtest;,1.0
driver-lines,margin_v2,adj_ebitda_musd,2023Q2,2023-02-14,1,1009.4034255312957,1009.4034255312957,W1,full_sample,7,12,621.5068522703821,707.1823326713559,850.3423039130931,1168.4645471494982,1311.6245183912354,1397.2999987922094,235.82437178913653,,,,,,,,2023-02-14,a_unit_eq,rev_leg=naive;scenario=backtest;,1.0
driver-lines,margin_v2,total_cash_costs_musd,2023Q2,2023-02-14,1,1602.7427885679208,1602.7427885679208,W1,full_sample,7,12,1499.864056159118,1522.5870844861527,1560.55626851172,1644.9293086241216,1682.8984926496892,1705.6215209767238,62.54582822635444,,,,,,,,2023-02-14,a_unit_eq,rev_leg=naive;scenario=backtest;,1.0
driver-lines,margin_v2,adj_ebitda_margin_pct,2023Q3,2023-02-14,2,54.08087323476062,54.08087323476062,W1,full_sample,7,12,45.5774383025773,47.45560873019587,50.593949164898575,57.56779730462266,60.706137739325364,62.584308166943934,5.16972136173804,,,,,,,,2023-02-14,a_unit_eq,rev_leg=naive;scenario=backtest;,1.0
driver-lines,margin_v2,adj_ebitda_musd,2023Q3,2023-02-14,2,1936.380492519663,1936.380492519663,W1,full_sample,7,12,561.7426718871662,865.361635751584,1372.6956119586443,2500.065373080682,3007.399349287742,3311.01831315216,835.7204544578316,,,,,,,,2023-02-14,a_unit_eq,rev_leg=naive;scenario=backtest;,1.0
driver-lines,margin_v2,total_cash_costs_musd,2023Q3,2023-02-14,2,1644.1469226239399,1644.1469226239399,W1,full_sample,7,12,1528.057414695996,1553.6983330408693,1596.5431833490802,1691.7506618987995,1734.5955122070104,1760.2364305518836,70.57740945806891,,,,,,,,2023-02-14,a_unit_eq,rev_leg=naive;scenario=backtest;,1.0
driver-lines,margin_v2,adj_ebitda_margin_pct,2023Q2,2023-05-09,0,34.719422241369735,34.719422241369735,W1,PIT,7,13,27.358608542523307,28.984405967051067,31.70104217908028,37.737802303659194,40.4544385156884,42.08023594021616,4.475056976643426,,,,,,,,2023-05-09,a_unit_eq,rev_leg=guide_cushion;scenario=backtest;,1.0
driver-lines,margin_v2,adj_ebitda_musd,2023Q2,2023-05-09,0,855.2547456081447,855.2547456081447,W1,PIT,7,13,421.8810940924251,517.6011863701128,677.5452636439934,1032.964227572296,1192.9083048461766,1288.6283971238645,263.472472209532,,,,,,,,2023-05-09,a_unit_eq,rev_leg=guide_cushion;scenario=backtest;,1.0
driver-lines,margin_v2,total_cash_costs_musd,2023Q2,2023-05-09,0,1608.0775635023183,1608.0775635023183,W1,PIT,7,13,1427.7238958870576,1467.558965800453,1534.1216210260134,1682.0335059786232,1748.5961612041838,1788.431231117579,109.64724438704219,,,,,,,,2023-05-09,a_unit_eq,rev_leg=guide_cushion;scenario=backtest;,1.0
driver-lines,margin_v2,adj_ebitda_margin_pct,2023Q3,2023-05-09,1,51.88492933071724,51.88492933071724,W1,PIT,7,13,45.612705647593366,46.99806405052142,49.31293719969403,54.45692146174045,56.77179461091306,58.15715301384112,3.81324123943396,,,,,,,,2023-05-09,a_unit_eq,rev_leg=naive;scenario=backtest;,1.0
driver-lines,margin_v2,adj_ebitda_musd,2023Q3,2023-05-09,1,1802.7733306364185,1802.7733306364185,W1,PIT,7,13,987.303283823597,1167.417759767417,1468.381151809801,2137.165509463036,2438.12890150542,2618.24337744924,495.77058617926514,,,,,,,,2023-05-09,a_unit_eq,rev_leg=naive;scenario=backtest;,1.0
driver-lines,margin_v2,total_cash_costs_musd,2023Q3,2023-05-09,1,1671.7873055464843,1671.7873055464843,W1,PIT,7,13,1627.6141238579703,1637.370741531046,1653.6736218762405,1689.900989216728,1706.2038695619224,1715.9604872349985,26.855387594811962,,,,,,,,2023-05-09,a_unit_eq,rev_leg=naive;scenario=backtest;,1.0
driver-lines,margin_v2,adj_ebitda_margin_pct,2023Q4,2023-05-09,2,28.297766343721776,28.297766343721776,W1,PIT,7,13,20.38872037790736,22.13560694341138,25.05457780076404,31.54095488667951,34.45992574403218,36.20681230953619,4.808358528821089,,,,,,,,2023-05-09,a_unit_eq,rev_leg=naive;scenario=backtest;,1.0
driver-lines,margin_v2,adj_ebitda_musd,2023Q4,2023-05-09,2,648.4362835182873,648.4362835182873,W1,PIT,7,13,-351.5085433180565,-130.64875924348297,238.39825617556136,1058.4743108610132,1427.5213262800576,1648.3811103546311,607.9232890099861,,,,,,,,2023-05-09,a_unit_eq,rev_leg=naive;scenario=backtest;,1.0
driver-lines,margin_v2,total_cash_costs_musd,2023Q4,2023-05-09,2,1643.0388655870806,1643.0388655870806,W1,PIT,7,13,1460.675091880998,1500.954137887145,1568.258657697215,1717.8190734769462,1785.123593287016,1825.4026392931632,110.86930211782477,,,,,,,,2023-05-09,a_unit_eq,rev_leg=naive;scenario=backtest;,1.0
driver-lines,margin_v2,adj_ebitda_margin_pct,2023Q2,2023-05-09,0,35.66016735513034,35.66016735513034,W1,full_sample,7,13,31.119913737025065,32.12272849922659,33.7983879976696,37.52194671259108,39.19760621103409,40.200420973235616,2.760278205739229,,,,,,,,2023-05-09,a_unit_eq,rev_leg=guide_cushion;scenario=backtest;,1.0
driver-lines,margin_v2,adj_ebitda_musd,2023Q2,2023-05-09,0,878.4284239417877,878.4284239417877,W1,full_sample,7,13,707.6044505755041,745.3346781439626,808.3802340995885,948.476613783987,1011.5221697396128,1049.2523973080713,103.85360166234621,,,,,,,,2023-05-09,a_unit_eq,rev_leg=guide_cushion;scenario=backtest;,1.0
driver-lines,margin_v2,total_cash_costs_musd,2023Q2,2023-05-09,0,1584.9038851686753,1584.9038851686753,W1,full_sample,7,13,1477.736892788483,1501.4070775444711,1540.9589184340066,1628.8488519033438,1668.4006927928795,1692.0708775488674,65.15290517297444,,,,,,,,2023-05-09,a_unit_eq,rev_leg=guide_cushion;scenario=backtest;,1.0
driver-lines,margin_v2,adj_ebitda_margin_pct,2023Q3,2023-05-09,1,52.52812133080593,52.52812133080593,W1,full_sample,7,13,45.81100647958194,47.29462887136841,49.77369683746217,55.28254582414969,57.76161379024345,59.24523618202992,4.083715864537631,,,,,,,,2023-05-09,a_unit_eq,rev_leg=naive;scenario=backtest;,1.0
driver-lines,margin_v2,adj_ebitda_musd,2023Q3,2023-05-09,1,1825.1214266865777,1825.1214266865777,W1,full_sample,7,13,1123.7582954646264,1278.6697521393246,1537.5200040290513,2112.722849344104,2371.5731012338306,2526.484557908529,426.39850727741594,,,,,,,,2023-05-09,a_unit_eq,rev_leg=naive;scenario=backtest;,1.0
driver-lines,margin_v2,total_cash_costs_musd,2023Q3,2023-05-09,1,1649.439209496325,1649.439209496325,W1,full_sample,7,13,1543.5630724962125,1566.948143481056,1606.0235717600444,1692.8548472326056,1731.9302755115943,1755.3153464964378,64.36812082564492,,,,,,,,2023-05-09,a_unit_eq,rev_leg=naive;scenario=backtest;,1.0
driver-lines,margin_v2,adj_ebitda_margin_pct,2023Q4,2023-05-09,2,29.415031693847187,29.415031693847187,W1,full_sample,7,13,20.911596761663866,22.789767189282436,25.92810762398515,32.901955763709225,36.04029619841194,37.91846662603051,5.16972136173804,,,,,,,,2023-05-09,a_unit_eq,rev_leg=naive;scenario=backtest;,1.0
driver-lines,margin_v2,adj_ebitda_musd,2023Q4,2023-05-09,2,674.038141365976,674.038141365976,W1,full_sample,7,13,195.53800916063398,301.22527614003803,477.82406532193477,870.2522174100174,1046.851006591914,1152.538273571318,290.90742444492247,,,,,,,,2023-05-09,a_unit_eq,rev_leg=naive;scenario=backtest;,1.0
driver-lines,margin_v2,total_cash_costs_musd,2023Q4,2023-05-09,2,1617.437007739392,1617.437007739392,W1,full_sample,7,13,1503.2334266912649,1528.4577966503891,1570.6066128699024,1664.2674026088814,1706.416218828395,1731.640588787519,69.43084732699829,,,,,,,,2023-05-09,a_unit_eq,rev_leg=naive;scenario=backtest;,1.0
driver-lines,margin_v2,adj_ebitda_margin_pct,2023Q3,2023-08-03,0,52.23459873573986,52.23459873573986,W1,PIT,7,14,45.06533933596166,46.64882778503863,49.294767554159606,55.17442991732011,57.82036968644109,59.40385813551806,4.358600231842826,,,,,,,,2023-08-03,a_unit_eq,rev_leg=guide_cushion;scenario=backtest;,1.0
driver-lines,margin_v2,adj_ebitda_musd,2023Q3,2023-08-03,0,1808.8216998071396,1808.8216998071396,W1,PIT,7,14,934.9659267420359,1127.9761730794228,1450.487832024341,2167.155567589938,2489.667226534856,2682.677472872243,531.2665873404702,,,,,,,,2023-08-03,a_unit_eq,rev_leg=guide_cushion;scenario=backtest;,1.0
driver-lines,margin_v2,total_cash_costs_musd,2023Q3,2023-08-03,0,1654.0587349754694,1654.0587349754694,W1,PIT,7,14,1491.5165891887489,1527.4175931821906,1587.4065967476981,1720.7108732032405,1780.6998767687483,1816.6008807621902,98.8186080046356,,,,,,,,2023-08-03,a_unit_eq,rev_leg=guide_cushion;scenario=backtest;,1.0
driver-lines,margin_v2,adj_ebitda_margin_pct,2023Q4,2023-08-03,1,28.02213377109047,28.02213377109047,W1,PIT,7,14,19.51549228671314,21.394370951832606,24.533894820346088,31.51037272183485,34.649896590348334,36.5287752554678,5.171670807051272,,,,,,,,2023-08-03,a_unit_eq,rev_leg=naive;scenario=backtest;,1.0
driver-lines,margin_v2,adj_ebitda_musd,2023Q4,2023-08-03,1,629.2418084915083,629.2418084915083,W1,PIT,7,14,252.56196701450455,335.75998576626466,474.7802272184048,783.7033897646119,922.723631216752,1005.921649968512,229.00508306938661,,,,,,,,2023-08-03,a_unit_eq,rev_leg=naive;scenario=backtest;,1.0
driver-lines,margin_v2,total_cash_costs_musd,2023Q4,2023-08-03,1,1616.2753017746513,1616.2753017746513,W1,PIT,7,14,1567.4914713586938,1578.2664521004688,1596.2709724825363,1636.2796310667663,1654.2841514488339,1665.0591321906086,29.65846298820645,,,,,,,,2023-08-03,a_unit_eq,rev_leg=naive;scenario=backtest;,1.0
driver-lines,margin_v2,adj_ebitda_margin_pct,2024Q1,2023-08-03,2,15.46260774244062,15.46260774244062,W1,PIT,7,14,4.878655192486912,7.216353645544549,11.122545262391096,19.802670222490143,23.70886183933669,26.046560292394325,6.4345862613743465,,,,,,,,2023-08-03,a_unit_eq,rev_leg=naive;scenario=backtest;,1.0
driver-lines,margin_v2,adj_ebitda_musd,2024Q1,2023-08-03,2,331.88106395142825,331.88106395142825,W1,PIT,7,14,-194.89625195260476,-78.54590829010428,115.87041449832883,547.8917134045276,742.3080361929608,858.6583798554611,320.2578681000011,,,,,,,,2023-08-03,a_unit_eq,rev_leg=naive;scenario=backtest;,1.0
driver-lines,margin_v2,total_cash_costs_musd,2024Q1,2023-08-03,2,1814.4649436531345,1814.4649436531345,W1,PIT,7,14,1646.067593463955,1683.2618479901596,1745.4118164923352,1883.5180708139337,1945.6680393161091,1982.862293842314,102.37831952335031,,,,,,,,2023-08-03,a_unit_eq,rev_leg=naive;scenario=backtest;,1.0
driver-lines,margin_v2,adj_ebitda_margin_pct,2023Q3,2023-08-03,0,53.17832803850639,53.17832803850639,W1,full_sample,7,14,48.63807442040112,49.64088918260264,51.31654868104565,55.040107395967134,56.715766894410145,57.71858165661167,2.760278205739229,,,,,,,,2023-08-03,a_unit_eq,rev_leg=guide_cushion;scenario=backtest;,1.0
driver-lines,margin_v2,adj_ebitda_musd,2023Q3,2023-08-03,0,1841.5019171899523,1841.5019171899523,W1,full_sample,7,14,1483.3934294836586,1562.4895567373162,1694.6557173467606,1988.348117033144,2120.5142776425882,2199.6104048962457,217.71450166663303,,,,,,,,2023-08-03,a_unit_eq,rev_leg=guide_cushion;scenario=backtest;,1.0
driver-lines,margin_v2,total_cash_costs_musd,2023Q3,2023-08-03,0,1621.3785175926566,1621.3785175926566,W1,full_sample,7,14,1511.7452074176567,1535.9601326443205,1576.422210975784,1666.334824209529,1706.7969025409927,1731.0118277676563,66.65231992599325,,,,,,,,2023-08-03,a_unit_eq,rev_leg=guide_cushion;scenario=backtest;,1.0
driver-lines,margin_v2,adj_ebitda_margin_pct,2023Q4,2023-08-03,1,29.58202291118504,29.58202291118504,W1,full_sample,7,14,22.86490805996105,24.348530451747518,26.827598417841276,32.3364474045288,34.81551537062256,36.299137762409025,4.083715864537631,,,,,,,,2023-08-03,a_unit_eq,rev_leg=naive;scenario=backtest;,1.0
driver-lines,margin_v2,adj_ebitda_musd,2023Q4,2023-08-03,1,664.2693860335156,664.2693860335156,W1,full_sample,7,14,409.0019557403113,465.3833760174677,559.5942572132302,768.944514853801,863.1553960495635,919.53681632672,155.1915782113149,,,,,,,,2023-08-03,a_unit_eq,rev_leg=naive;scenario=backtest;,1.0
driver-lines,margin_v2,total_cash_costs_musd,2023Q4,2023-08-03,1,1581.247724232644,1581.247724232644,W1,full_sample,7,14,1479.7487422040222,1502.1670223460917,1539.6269855165044,1622.8684629487836,1660.3284261191964,1682.746706261266,61.70699955639054,,,,,,,,2023-08-03,a_unit_eq,rev_leg=naive;scenario=backtest;,1.0
driver-lines,margin_v2,adj_ebitda_margin_pct,2024Q1,2023-08-03,2,17.199604575985216,17.199604575985216,W1,full_sample,7,14,8.696169643801896,10.574340071420467,13.712680506123178,20.686528645847254,23.824869080549966,25.703039508168537,5.16972136173804,,,,,,,,2023-08-03,a_unit_eq,rev_leg=naive;scenario=backtest;,1.0
driver-lines,margin_v2,adj_ebitda_musd,2024Q1,2023-08-03,2,369.16302614043036,369.16302614043036,W1,full_sample,7,14,107.09394432921418,164.97765877831142,261.69880766612675,476.627244614734,573.3483935025494,631.2321079516465,159.32668871997325,,,,,,,,2023-08-03,a_unit_eq,rev_leg=naive;scenario=backtest;,1.0
driver-lines,margin_v2,total_cash_costs_musd,2024Q1,2023-08-03,2,1777.1829814641324,1777.1829814641324,W1,full_sample,7,14,1651.7000973148085,1679.4157491732788,1725.7273882144002,1828.6385747138645,1874.9502137549862,1902.6658656134562,76.28817670657448,,,,,,,,2023-08-03,a_unit_eq,rev_leg=naive;scenario=backtest;,1.0
driver-lines,margin_v2,adj_ebitda_margin_pct,2023Q4,2023-11-01,0,26.96298890091216,26.96298890091216,W1,PIT,7,15,18.98621617501943,20.748061683462616,23.692028278580114,30.233949523244203,33.1779161183617,34.93976162680489,4.849533475313951,,,,,,,,2023-11-01,a_unit_eq,rev_leg=guide_cushion;scenario=backtest;,1.0
driver-lines,margin_v2,adj_ebitda_musd,2023Q4,2023-11-01,0,595.0017653169917,595.0017653169917,W1,PIT,7,15,316.707960439363,378.17526143938517,480.8844263286474,709.1191043053361,811.8282691945982,873.2955701946205,169.1906199540752,,,,,,,,2023-11-01,a_unit_eq,rev_leg=guide_cushion;scenario=backtest;,1.0
driver-lines,margin_v2,total_cash_costs_musd,2023Q4,2023-11-01,0,1611.7334282611314,1611.7334282611314,W1,PIT,7,15,1419.6345206067788,1462.0637848290191,1532.961225000186,1690.5056315220768,1761.4030716932434,1803.8323359154842,116.78784331125173,,,,,,,,2023-11-01,a_unit_eq,rev_leg=guide_cushion;scenario=backtest;,1.0
driver-lines,margin_v2,adj_ebitda_margin_pct,2024Q1,2023-11-01,1,14.908008550513635,14.908008550513635,W1,PIT,7,15,2.8746614119591634,5.532490503514129,9.973606380912074,19.842410720115197,24.28352659751314,26.941355689068107,7.315755603650129,,,,,,,,2023-11-01,a_unit_eq,rev_leg=naive;scenario=backtest;,1.0
driver-lines,margin_v2,adj_ebitda_musd,2024Q1,2023-11-01,1,319.2374277871026,319.2374277871026,W1,PIT,7,15,99.67802353102621,148.17254174255496,229.2047553940286,409.2701001801766,490.3023138316502,538.7968320431789,133.4826398279596,,,,,,,,2023-11-01,a_unit_eq,rev_leg=naive;scenario=backtest;,1.0
driver-lines,margin_v2,total_cash_costs_musd,2024Q1,2023-11-01,1,1822.1446803959766,1822.1446803959766,W1,PIT,7,15,1655.6150120954987,1692.3967480430897,1753.857416087601,1890.4319447043524,1951.8926127488635,1988.6743486964547,101.24284955927632,,,,,,,,2023-11-01,a_unit_eq,rev_leg=naive;scenario=backtest;,1.0
driver-lines,margin_v2,adj_ebitda_margin_pct,2024Q2,2023-11-01,2,34.61934511767257,34.61934511767257,W1,PIT,7,15,17.22273884815296,21.06516155108606,27.485681413665645,41.7530088216795,48.17352868425908,52.01595138719219,10.576385633633564,,,,,,,,2023-11-01,a_unit_eq,rev_leg=naive;scenario=backtest;,1.0
driver-lines,margin_v2,adj_ebitda_musd,2024Q2,2023-11-01,2,1012.9097009916734,1012.9097009916734,W1,PIT,7,15,-638.3146843793783,-273.6055010081965,335.80755344632377,1690.011848537023,2299.424902991543,2664.134086362725,1003.8731461056428,,,,,,,,2023-11-01,a_unit_eq,rev_leg=naive;scenario=backtest;,1.0
driver-lines,margin_v2,total_cash_costs_musd,2024Q2,2023-11-01,2,1912.9391200901575,1912.9391200901575,W1,PIT,7,15,1680.3263315610084,1731.703976475752,1817.5537684353574,2008.3244717449577,2094.174263704563,2145.5519086193062,141.41853397634378,,,,,,,,2023-11-01,a_unit_eq,rev_leg=naive;scenario=backtest;,1.0
driver-lines,margin_v2,adj_ebitda_margin_pct,2023Q4,2023-11-01,0,27.719851667510333,27.719851667510333,W1,full_sample,7,15,23.179598049405058,24.182412811606582,25.858072310049593,29.581631024971074,31.257290523414085,32.26010528561561,2.760278205739229,,,,,,,,2023-11-01,a_unit_eq,rev_leg=guide_cushion;scenario=backtest;,1.0
driver-lines,margin_v2,adj_ebitda_musd,2023Q4,2023-11-01,0,611.7037223546027,611.7037223546027,W1,full_sample,7,15,492.7484864724771,519.0223637968769,562.9248608072962,660.4825839019093,704.3850809123286,730.6589582367283,72.3196483462143,,,,,,,,2023-11-01,a_unit_eq,rev_leg=guide_cushion;scenario=backtest;,1.0
driver-lines,margin_v2,total_cash_costs_musd,2023Q4,2023-11-01,0,1595.0314712235204,1595.0314712235204,W1,full_sample,7,15,1487.1796783656928,1511.0011163524248,1550.8056947587177,1639.2572476883229,1679.061826094616,1702.8832640813478,65.56923430184918,,,,,,,,2023-11-01,a_unit_eq,rev_leg=guide_cushion;scenario=backtest;,1.0
driver-lines,margin_v2,adj_ebitda_margin_pct,2024Q1,2023-11-01,1,15.691785037167762,15.691785037167762,W1,full_sample,7,15,8.974670185943772,10.45829257773024,12.937360543824,18.446209530511524,20.925277496605283,22.40889988839175,4.083715864537631,,,,,,,,2023-11-01,a_unit_eq,rev_leg=naive;scenario=backtest;,1.0
driver-lines,margin_v2,adj_ebitda_musd,2024Q1,2023-11-01,1,336.02107724046,336.02107724046,W1,full_sample,7,15,206.8938907179747,235.41446682190093,283.07109898464796,388.971055496272,436.62768765901905,465.14826376294525,78.50375523189025,,,,,,,,2023-11-01,a_unit_eq,rev_leg=naive;scenario=backtest;,1.0
driver-lines,margin_v2,total_cash_costs_musd,2024Q1,2023-11-01,1,1805.3610309426192,1805.3610309426192,W1,full_sample,7,15,1689.47640133865,1715.0720678044395,1757.841304206805,1852.8807576784334,1895.6499940807992,1921.2456605465886,70.45285228129791,,,,,,,,2023-11-01,a_unit_eq,rev_leg=naive;scenario=backtest;,1.0
driver-lines,margin_v2,adj_ebitda_margin_pct,2024Q2,2023-11-01,2,35.29423130206764,35.29423130206764,W1,full_sample,7,15,26.79079636988432,28.66896679750289,31.8073072322056,38.78115537192967,41.91949580663238,43.797666234250954,5.16972136173804,,,,,,,,2023-11-01,a_unit_eq,rev_leg=naive;scenario=backtest;,1.0
driver-lines,margin_v2,adj_ebitda_musd,2024Q2,2023-11-01,2,1032.6558504614404,1032.6558504614404,W1,full_sample,7,15,299.5727641437355,461.4902697976239,732.0473223458932,1333.2643785769876,1603.8214311252568,1765.7389367791452,445.6828706858139,,,,,,,,2023-11-01,a_unit_eq,rev_leg=naive;scenario=backtest;,1.0
driver-lines,margin_v2,total_cash_costs_musd,2024Q2,2023-11-01,2,1893.1929706203905,1893.1929706203905,W1,full_sample,7,15,1759.5188826494623,1789.043741834975,1838.378486993477,1948.007454247304,1997.3421994058062,2026.8670585913185,81.26807503150057,,,,,,,,2023-11-01,a_unit_eq,rev_leg=naive;scenario=backtest;,1.0
driver-lines,margin_v2,adj_ebitda_margin_pct,2024Q1,2024-02-13,0,15.188984855147343,15.188984855147343,W1,PIT,7,16,5.471710824409447,7.61798428532859,11.204313133489862,19.173656576804824,22.759985424966096,24.906258885885237,5.907683134545918,,,,,,,,2024-02-13,a_unit_eq,rev_leg=guide_cushion;scenario=backtest;,1.0
driver-lines,margin_v2,adj_ebitda_margin_pct,2024Q1,2024-02-13,0,15.188984855147343,15.188984855147343,W2,PIT,7,16,5.471710824409447,7.61798428532859,11.204313133489862,19.173656576804824,22.759985424966096,24.906258885885237,5.907683134545918,,,,,,,,2024-02-13,a_unit_eq,rev_leg=guide_cushion;scenario=backtest;,1.0
driver-lines,margin_v2,adj_ebitda_musd,2024Q1,2024-02-13,0,319.26895429654456,319.26895429654456,W1,PIT,7,16,161.09805883170455,196.0335761539657,254.40929382444713,384.12861476864197,442.50433243912346,477.43984976138455,96.16107650745175,,,,,,,,2024-02-13,a_unit_eq,rev_leg=guide_cushion;scenario=backtest;,1.0
driver-lines,margin_v2,adj_ebitda_musd,2024Q1,2024-02-13,0,319.26895429654456,319.26895429654456,W2,PIT,7,16,161.09805883170455,196.0335761539657,254.40929382444713,384.12861476864197,442.50433243912346,477.43984976138455,96.16107650745175,,,,,,,,2024-02-13,a_unit_eq,rev_leg=guide_cushion;scenario=backtest;,1.0
driver-lines,margin_v2,total_cash_costs_musd,2024Q1,2024-02-13,0,1782.707954241544,1782.707954241544,W1,PIT,7,16,1543.2553096015615,1596.143687011936,1684.5178467324959,1880.8980617505922,1969.272221471152,2022.1605988815265,145.57687122821847,,,,,,,,2024-02-13,a_unit_eq,rev_leg=guide_cushion;scenario=backtest;,1.0
driver-lines,margin_v2,total_cash_costs_musd,2024Q1,2024-02-13,0,1782.707954241544,1782.707954241544,W2,PIT,7,16,1543.2553096015615,1596.143687011936,1684.5178467324959,1880.8980617505922,1969.272221471152,2022.1605988815265,145.57687122821847,,,,,,,,2024-02-13,a_unit_eq,rev_leg=guide_cushion;scenario=backtest;,1.0
driver-lines,margin_v2,adj_ebitda_margin_pct,2024Q2,2024-02-13,1,35.16028687706349,35.16028687706349,W1,PIT,7,16,21.390157147483976,24.431592831866535,29.513698506349005,40.80687524777798,45.888980922260444,48.93041660664301,8.37164444540923,,,,,,,,2024-02-13,a_unit_eq,rev_leg=naive;scenario=backtest;,1.0
driver-lines,margin_v2,adj_ebitda_margin_pct,2024Q2,2024-02-13,1,35.16028687706349,35.16028687706349,W2,PIT,7,16,21.390157147483976,24.431592831866535,29.513698506349005,40.80687524777798,45.888980922260444,48.93041660664301,8.37164444540923,,,,,,,,2024-02-13,a_unit_eq,rev_leg=naive;scenario=backtest;,1.0
driver-lines,margin_v2,adj_ebitda_musd,2024Q2,2024-02-13,1,1018.4859225690003,1018.4859225690003,W1,PIT,7,16,273.59496805922066,438.1205008254984,713.0354523275865,1323.9363928104142,1598.851344312502,1763.37687707878,452.8615448234994,,,,,,,,2024-02-13,a_unit_eq,rev_leg=naive;scenario=backtest;,1.0
driver-lines,margin_v2,adj_ebitda_musd,2024Q2,2024-02-13,1,1018.4859225690003,1018.4859225690003,W2,PIT,7,16,273.59496805922066,438.1205008254984,713.0354523275865,1323.9363928104142,1598.851344312502,1763.37687707878,452.8615448234994,,,,,,,,2024-02-13,a_unit_eq,rev_leg=naive;scenario=backtest;,1.0
driver-lines,margin_v2,total_cash_costs_musd,2024Q2,2024-02-13,1,1878.2080837401481,1878.2080837401481,W1,PIT,7,16,1670.7310086337136,1716.5568790003904,1793.129899112063,1963.286268368233,2039.859288479906,2085.6851588465825,126.13710527602801,,,,,,,,2024-02-13,a_unit_eq,rev_leg=naive;scenario=backtest;,1.0
driver-lines,margin_v2,total_cash_costs_musd,2024Q2,2024-02-13,1,1878.2080837401481,1878.2080837401481,W2,PIT,7,16,1670.7310086337136,1716.5568790003904,1793.129899112063,1963.286268368233,2039.859288479906,2085.6851588465825,126.13710527602801,,,,,,,,2024-02-13,a_unit_eq,rev_leg=naive;scenario=backtest;,1.0
driver-lines,margin_v2,adj_ebitda_margin_pct,2024Q3,2024-02-13,2,55.34843708860971,55.34843708860971,W1,PIT,7,16,35.900311734462676,40.19585749968432,47.37352613181384,63.323348045405574,70.50101667753509,74.79656244275674,11.823620676930181,,,,,,,,2024-02-13,a_unit_eq,rev_leg=naive;scenario=backtest;,1.0
driver-lines,margin_v2,adj_ebitda_margin_pct,2024Q3,2024-02-13,2,55.34843708860971,55.34843708860971,W2,PIT,7,16,35.900311734462676,40.19585749968432,47.37352613181384,63.323348045405574,70.50101667753509,74.79656244275674,11.823620676930181,,,,,,,,2024-02-13,a_unit_eq,rev_leg=naive;scenario=backtest;,1.0
driver-lines,margin_v2,adj_ebitda_musd,2024Q3,2024-02-13,2,2192.562277982313,2192.562277982313,W1,PIT,7,16,-1266.7392819819368,-502.6765306401739,774.0388259243867,3611.0857300402395,4887.8010866048,5651.863837946563,2103.1060170233063,,,,,,,,2024-02-13,a_unit_eq,rev_leg=naive;scenario=backtest;,1.0
driver-lines,margin_v2,adj_ebitda_musd,2024Q3,2024-02-13,2,2192.562277982313,2192.562277982313,W2,PIT,7,16,-1266.7392819819368,-502.6765306401739,774.0388259243867,3611.0857300402395,4887.8010866048,5651.863837946563,2103.1060170233063,,,,,,,,2024-02-13,a_unit_eq,rev_leg=naive;scenario=backtest;,1.0
driver-lines,margin_v2,total_cash_costs_musd,2024Q3,2024-02-13,2,1768.818373963008,1768.818373963008,W1,PIT,7,16,1519.9035502975817,1574.8818578324476,1666.748199156415,1870.888548769601,1962.7548900935687,2017.7331976284345,151.32946761150922,,,,,,,,2024-02-13,a_unit_eq,rev_leg=naive;scenario=backtest;,1.0
driver-lines,margin_v2,total_cash_costs_musd,2024Q3,2024-02-13,2,1768.818373963008,1768.818373963008,W2,PIT,7,16,1519.9035502975817,1574.8818578324476,1666.748199156415,1870.888548769601,1962.7548900935687,2017.7331976284345,151.32946761150922,,,,,,,,2024-02-13,a_unit_eq,rev_leg=naive;scenario=backtest;,1.0
driver-lines,margin_v2,adj_ebitda_margin_pct,2024Q1,2024-02-13,0,15.107101332513002,15.107101332513002,W1,full_sample,7,16,10.566847714407729,11.569662476609253,13.24532197505226,16.968880689973744,18.64454018841675,19.647354950618276,2.760278205739229,,,,,,,,2024-02-13,a_unit_eq,rev_leg=guide_cushion;scenario=backtest;,1.0
driver-lines,margin_v2,adj_ebitda_margin_pct,2024Q1,2024-02-13,0,15.107101332513002,15.107101332513002,W2,full_sample,7,16,10.566847714407729,11.569662476609253,13.24532197505226,16.968880689973744,18.64454018841675,19.647354950618276,2.760278205739229,,,,,,,,2024-02-13,a_unit_eq,rev_leg=guide_cushion;scenario=backtest;,1.0
driver-lines,margin_v2,adj_ebitda_musd,2024Q1,2024-02-13,0,317.54778155887317,317.54778155887317,W1,full_sample,7,16,255.79571126938748,269.43501270309133,292.2256873729965,342.86987574474983,365.66055041465495,379.2998518483588,37.542593017188594,,,,,,,,2024-02-13,a_unit_eq,rev_leg=guide_cushion;scenario=backtest;,1.0
driver-lines,margin_v2,adj_ebitda_musd,2024Q1,2024-02-13,0,317.54778155887317,317.54778155887317,W2,full_sample,7,16,255.79571126938748,269.43501270309133,292.2256873729965,342.86987574474983,365.66055041465495,379.2998518483588,37.542593017188594,,,,,,,,2024-02-13,a_unit_eq,rev_leg=guide_cushion;scenario=backtest;,1.0
driver-lines,margin_v2,total_cash_costs_musd,2024Q1,2024-02-13,0,1784.4291269792154,1784.4291269792154,W1,full_sample,7,16,1663.7707675395684,1690.420817119748,1734.9518814760095,1833.9063724824211,1878.4374368386827,1905.0874864188622,73.35507394859923,,,,,,,,2024-02-13,a_unit_eq,rev_leg=guide_cushion;scenario=backtest;,1.0
driver-lines,margin_v2,total_cash_costs_musd,2024Q1,2024-02-13,0,1784.4291269792154,1784.4291269792154,W2,full_sample,7,16,1663.7707675395684,1690.420817119748,1734.9518814760095,1833.9063724824211,1878.4374368386827,1905.0874864188622,73.35507394859923,,,,,,,,2024-02-13,a_unit_eq,rev_leg=guide_cushion;scenario=backtest;,1.0
driver-lines,margin_v2,adj_ebitda_margin_pct,2024Q2,2024-02-13,1,35.16026011296575,35.16026011296575,W1,full_sample,7,16,28.443145261741762,29.92676765352823,32.40583561962199,37.914684606309514,40.39375257240327,41.87737496418974,4.083715864537631,,,,,,,,2024-02-13,a_unit_eq,rev_leg=naive;scenario=backtest;,1.0
driver-lines,margin_v2,adj_ebitda_margin_pct,2024Q2,2024-02-13,1,35.16026011296575,35.16026011296575,W2,full_sample,7,16,28.443145261741762,29.92676765352823,32.40583561962199,37.914684606309514,40.39375257240327,41.87737496418974,4.083715864537631,,,,,,,,2024-02-13,a_unit_eq,rev_leg=naive;scenario=backtest;,1.0
driver-lines,margin_v2,adj_ebitda_musd,2024Q2,2024-02-13,1,1018.485147294985,1018.485147294985,W1,full_sample,7,16,627.0986227793588,713.5449355901419,857.992933990922,1178.977360599048,1323.425358999828,1409.8716718106114,237.9461114974781,,,,,,,,2024-02-13,a_unit_eq,rev_leg=naive;scenario=backtest;,1.0
driver-lines,margin_v2,adj_ebitda_musd,2024Q2,2024-02-13,1,1018.485147294985,1018.485147294985,W2,full_sample,7,16,627.0986227793588,713.5449355901419,857.992933990922,1178.977360599048,1323.425358999828,1409.8716718106114,237.9461114974781,,,,,,,,2024-02-13,a_unit_eq,rev_leg=naive;scenario=backtest;,1.0
driver-lines,margin_v2,total_cash_costs_musd,2024Q2,2024-02-13,1,1878.2088590141634,1878.2088590141634,W1,full_sample,7,16,1757.6481876496625,1784.2766606722116,1828.7716715467138,1927.646046481613,1972.1410573561152,1998.7695303786645,73.295683815918,,,,,,,,2024-02-13,a_unit_eq,rev_leg=naive;scenario=backtest;,1.0
driver-lines,margin_v2,total_cash_costs_musd,2024Q2,2024-02-13,1,1878.2088590141634,1878.2088590141634,W2,full_sample,7,16,1757.6481876496625,1784.2766606722116,1828.7716715467138,1927.646046481613,1972.1410573561152,1998.7695303786645,73.295683815918,,,,,,,,2024-02-13,a_unit_eq,rev_leg=naive;scenario=backtest;,1.0
driver-lines,margin_v2,adj_ebitda_margin_pct,2024Q3,2024-02-13,2,55.32409308492467,55.32409308492467,W1,full_sample,7,16,46.82065815274135,48.69882858035992,51.83716901506263,58.81101715478671,61.949357589489416,63.82752801710799,5.16972136173804,,,,,,,,2024-02-13,a_unit_eq,rev_leg=naive;scenario=backtest;,1.0
driver-lines,margin_v2,adj_ebitda_margin_pct,2024Q3,2024-02-13,2,55.32409308492467,55.32409308492467,W2,full_sample,7,16,46.82065815274135,48.69882858035992,51.83716901506263,58.81101715478671,61.949357589489416,63.82752801710799,5.16972136173804,,,,,,,,2024-02-13,a_unit_eq,rev_leg=naive;scenario=backtest;,1.0
driver-lines,margin_v2,adj_ebitda_musd,2024Q3,2024-02-13,2,2191.597919330425,2191.597919330425,W1,full_sample,7,16,635.7810748780438,979.417406706955,1553.6186501899604,2829.57718847089,3403.778431953895,3747.4147637828064,945.8694797882356,,,,,,,,2024-02-13,a_unit_eq,rev_leg=naive;scenario=backtest;,1.0
driver-lines,margin_v2,adj_ebitda_musd,2024Q3,2024-02-13,2,2191.597919330425,2191.597919330425,W2,full_sample,7,16,635.7810748780438,979.417406706955,1553.6186501899604,2829.57718847089,3403.778431953895,3747.4147637828064,945.8694797882356,,,,,,,,2024-02-13,a_unit_eq,rev_leg=naive;scenario=backtest;,1.0
driver-lines,margin_v2,total_cash_costs_musd,2024Q3,2024-02-13,2,1769.7827326148958,1769.7827326148958,W1,full_sample,7,16,1644.8223633549842,1672.4226063203294,1718.5414021612319,1821.0240630685598,1867.1428589094626,1894.7431018748073,75.97051020978073,,,,,,,,2024-02-13,a_unit_eq,rev_leg=naive;scenario=backtest;,1.0
driver-lines,margin_v2,total_cash_costs_musd,2024Q3,2024-02-13,2,1769.7827326148958,1769.7827326148958,W2,full_sample,7,16,1644.8223633549842,1672.4226063203294,1718.5414021612319,1821.0240630685598,1867.1428589094626,1894.7431018748073,75.97051020978073,,,,,,,,2024-02-13,a_unit_eq,rev_leg=naive;scenario=backtest;,1.0
driver-lines,margin_v2,adj_ebitda_margin_pct,2024Q2,2024-05-08,0,34.585555937699915,34.585555937699915,W1,PIT,7,17,23.709707158601994,26.111877306908,30.12579829970278,39.04531357569705,43.05923456849183,45.46140471679784,6.612046568091854,,,,,,,,2024-05-08,a_unit_eq,rev_leg=guide_cushion;scenario=backtest;,1.0
driver-lines,margin_v2,adj_ebitda_margin_pct,2024Q2,2024-05-08,0,34.585555937699915,34.585555937699915,W2,PIT,7,17,23.709707158601994,26.111877306908,30.12579829970278,39.04531357569705,43.05923456849183,45.46140471679784,6.612046568091854,,,,,,,,2024-05-08,a_unit_eq,rev_leg=guide_cushion;scenario=backtest;,1.0
driver-lines,margin_v2,adj_ebitda_musd,2024Q2,2024-05-08,0,961.0326256804561,961.0326256804561,W1,PIT,7,17,412.56127330902433,533.703221549404,736.1261054958316,1185.9391458650807,1388.3620298115084,1509.5039780518878,333.44690578209924,,,,,,,,2024-05-08,a_unit_eq,rev_leg=guide_cushion;scenario=backtest;,1.0
driver-lines,margin_v2,adj_ebitda_musd,2024Q2,2024-05-08,0,961.0326256804561,961.0326256804561,W2,PIT,7,17,412.56127330902433,533.703221549404,736.1261054958316,1185.9391458650807,1388.3620298115084,1509.5039780518878,333.44690578209924,,,,,,,,2024-05-08,a_unit_eq,rev_leg=guide_cushion;scenario=backtest;,1.0
driver-lines,margin_v2,total_cash_costs_musd,2024Q2,2024-05-08,0,1817.6783119479442,1817.6783119479442,W1,PIT,7,17,1570.939906096046,1625.4375039402853,1716.500600448308,1918.8560234475801,2009.919119955603,2064.416717799843,150.0062995326805,,,,,,,,2024-05-08,a_unit_eq,rev_leg=guide_cushion;scenario=backtest;,1.0
driver-lines,margin_v2,total_cash_costs_musd,2024Q2,2024-05-08,0,1817.6783119479442,1817.6783119479442,W2,PIT,7,17,1570.939906096046,1625.4375039402853,1716.500600448308,1918.8560234475801,2009.919119955603,2064.416717799843,150.0062995326805,,,,,,,,2024-05-08,a_unit_eq,rev_leg=guide_cushion;scenario=backtest;,1.0
driver-lines,margin_v2,adj_ebitda_margin_pct,2024Q3,2024-05-08,1,56.311955231163566,56.311955231163566,W1,PIT,7,17,42.37758584537246,45.45529746622057,50.598018639990244,62.02589182233689,67.16861299610656,70.24632461695467,8.471495066473906,,,,,,,,2024-05-08,a_unit_eq,rev_leg=naive;scenario=backtest;,1.0
driver-lines,margin_v2,adj_ebitda_margin_pct,2024Q3,2024-05-08,1,56.311955231163566,56.311955231163566,W2,PIT,7,17,42.37758584537246,45.45529746622057,50.598018639990244,62.02589182233689,67.16861299610656,70.24632461695467,8.471495066473906,,,,,,,,2024-05-08,a_unit_eq,rev_leg=naive;scenario=backtest;,1.0
driver-lines,margin_v2,adj_ebitda_musd,2024Q3,2024-05-08,1,2253.833041436758,2253.833041436758,W1,PIT,7,17,550.2088185828532,926.491657301221,1555.24378238494,2952.422300488576,3581.174425572295,3957.457264290663,1035.7299852944097,,,,,,,,2024-05-08,a_unit_eq,rev_leg=naive;scenario=backtest;,1.0
driver-lines,margin_v2,adj_ebitda_musd,2024Q3,2024-05-08,1,2253.833041436758,2253.833041436758,W2,PIT,7,17,550.2088185828532,926.491657301221,1555.24378238494,2952.422300488576,3581.174425572295,3957.457264290663,1035.7299852944097,,,,,,,,2024-05-08,a_unit_eq,rev_leg=naive;scenario=backtest;,1.0
driver-lines,margin_v2,total_cash_costs_musd,2024Q3,2024-05-08,1,1748.5728991573014,1748.5728991573014,W1,PIT,7,17,1563.0695803659748,1604.0420638808823,1672.5052873637826,1824.6405109508203,1893.1037344337205,1934.076217948628,112.77801000149388,,,,,,,,2024-05-08,a_unit_eq,rev_leg=naive;scenario=backtest;,1.0
driver-lines,margin_v2,total_cash_costs_musd,2024Q3,2024-05-08,1,1748.5728991573014,1748.5728991573014,W2,PIT,7,17,1563.0695803659748,1604.0420638808823,1672.5052873637826,1824.6405109508203,1893.1037344337205,1934.076217948628,112.77801000149388,,,,,,,,2024-05-08,a_unit_eq,rev_leg=naive;scenario=backtest;,1.0
driver-lines,margin_v2,adj_ebitda_margin_pct,2024Q4,2024-05-08,2,36.08016479933209,36.08016479933209,W1,PIT,7,17,17.047498977283805,21.251281377079223,28.275617449017865,43.88471214964631,50.90904822158495,55.11283062138037,11.571039216007883,,,,,,,,2024-05-08,a_unit_eq,rev_leg=naive;scenario=backtest;,1.0
driver-lines,margin_v2,adj_ebitda_margin_pct,2024Q4,2024-05-08,2,36.08016479933209,36.08016479933209,W2,PIT,7,17,17.047498977283805,21.251281377079223,28.275617449017865,43.88471214964631,50.90904822158495,55.11283062138037,11.571039216007883,,,,,,,,2024-05-08,a_unit_eq,rev_leg=naive;scenario=backtest;,1.0
driver-lines,margin_v2,adj_ebitda_musd,2024Q4,2024-05-08,2,942.8783027193375,942.8783027193375,W1,PIT,7,17,-482.7784372539927,-167.8908241532118,358.2725708450925,1527.4840345935827,2053.647429591887,2368.5350426926675,866.7377550278467,,,,,,,,2024-05-08,a_unit_eq,rev_leg=naive;scenario=backtest;,1.0
driver-lines,margin_v2,adj_ebitda_musd,2024Q4,2024-05-08,2,942.8783027193375,942.8783027193375,W2,PIT,7,17,-482.7784372539927,-167.8908241532118,358.2725708450925,1527.4840345935827,2053.647429591887,2368.5350426926675,866.7377550278467,,,,,,,,2024-05-08,a_unit_eq,rev_leg=naive;scenario=backtest;,1.0
driver-lines,margin_v2,total_cash_costs_musd,2024Q4,2024-05-08,2,1670.4088259935334,1670.4088259935334,W1,PIT,7,17,1457.811052232038,1504.7679413998678,1583.2308443378654,1757.586807649201,1836.0497105871991,1883.0065997550287,129.25026900753375,,,,,,,,2024-05-08,a_unit_eq,rev_leg=naive;scenario=backtest;,1.0
driver-lines,margin_v2,total_cash_costs_musd,2024Q4,2024-05-08,2,1670.4088259935334,1670.4088259935334,W2,PIT,7,17,1457.811052232038,1504.7679413998678,1583.2308443378654,1757.586807649201,1836.0497105871991,1883.0065997550287,129.25026900753375,,,,,,,,2024-05-08,a_unit_eq,rev_leg=naive;scenario=backtest;,1.0
driver-lines,margin_v2,adj_ebitda_margin_pct,2024Q2,2024-05-08,0,34.39511729444837,34.39511729444837,W1,full_sample,7,17,29.854863676343093,30.857678438544617,32.53333793698763,36.25689665190911,37.93255615035212,38.935370912553644,2.760278205739229,,,,,,,,2024-05-08,a_unit_eq,rev_leg=guide_cushion;scenario=backtest;,1.0
driver-lines,margin_v2,adj_ebitda_margin_pct,2024Q2,2024-05-08,0,34.39511729444837,34.39511729444837,W2,full_sample,7,17,29.854863676343093,30.857678438544617,32.53333793698763,36.25689665190911,37.93255615035212,38.935370912553644,2.760278205739229,,,,,,,,2024-05-08,a_unit_eq,rev_leg=guide_cushion;scenario=backtest;,1.0
driver-lines,margin_v2,adj_ebitda_musd,2024Q2,2024-05-08,0,955.7408862709543,955.7408862709543,W1,full_sample,7,17,769.8823106014618,810.9332604030053,879.5275976104588,1031.9541749314499,1100.548512138903,1141.5994619404466,112.99399084765848,,,,,,,,2024-05-08,a_unit_eq,rev_leg=guide_cushion;scenario=backtest;,1.0
driver-lines,margin_v2,adj_ebitda_musd,2024Q2,2024-05-08,0,955.7408862709543,955.7408862709543,W2,full_sample,7,17,769.8823106014618,810.9332604030053,879.5275976104588,1031.9541749314499,1100.548512138903,1141.5994619404466,112.99399084765848,,,,,,,,2024-05-08,a_unit_eq,rev_leg=guide_cushion;scenario=backtest;,1.0
driver-lines,margin_v2,total_cash_costs_musd,2024Q2,2024-05-08,0,1822.9700513574458,1822.9700513574458,W1,full_sample,7,17,1699.7056569475913,1726.931306606259,1772.4241734560396,1873.5159292588517,1919.0087961086324,1946.2344457673,74.93943071293789,,,,,,,,2024-05-08,a_unit_eq,rev_leg=guide_cushion;scenario=backtest;,1.0
driver-lines,margin_v2,total_cash_costs_musd,2024Q2,2024-05-08,0,1822.9700513574458,1822.9700513574458,W2,full_sample,7,17,1699.7056569475913,1726.931306606259,1772.4241734560396,1873.5159292588517,1919.0087961086324,1946.2344457673,74.93943071293789,,,,,,,,2024-05-08,a_unit_eq,rev_leg=guide_cushion;scenario=backtest;,1.0
driver-lines,margin_v2,adj_ebitda_margin_pct,2024Q3,2024-05-08,1,56.17420719786873,56.17420719786873,W1,full_sample,7,17,49.45709234664474,50.94071473843121,53.41978270452497,58.928631691212495,61.40769965730625,62.89132204909272,4.083715864537631,,,,,,,,2024-05-08,a_unit_eq,rev_leg=naive;scenario=backtest;,1.0
driver-lines,margin_v2,adj_ebitda_margin_pct,2024Q3,2024-05-08,1,56.17420719786873,56.17420719786873,W2,full_sample,7,17,49.45709234664474,50.94071473843121,53.41978270452497,58.928631691212495,61.40769965730625,62.89132204909272,4.083715864537631,,,,,,,,2024-05-08,a_unit_eq,rev_leg=naive;scenario=backtest;,1.0
driver-lines,margin_v2,adj_ebitda_musd,2024Q3,2024-05-08,1,2248.3198059691135,2248.3198059691135,W1,full_sample,7,17,1384.3287333501291,1575.1601438637601,1894.0310636799393,2602.6085482582876,2921.4794680744667,3112.310878588098,525.2692753094891,,,,,,,,2024-05-08,a_unit_eq,rev_leg=naive;scenario=backtest;,1.0
driver-lines,margin_v2,adj_ebitda_musd,2024Q3,2024-05-08,1,2248.3198059691135,2248.3198059691135,W2,full_sample,7,17,1384.3287333501291,1575.1601438637601,1894.0310636799393,2602.6085482582876,2921.4794680744667,3112.310878588098,525.2692753094891,,,,,,,,2024-05-08,a_unit_eq,rev_leg=naive;scenario=backtest;,1.0
driver-lines,margin_v2,total_cash_costs_musd,2024Q3,2024-05-08,1,1754.0861346249458,1754.0861346249458,W1,full_sample,7,17,1641.492798156208,1666.3615102224499,1707.916037697055,1800.2562315528367,1841.810759027442,1866.6794710936838,68.45188813390975,,,,,,,,2024-05-08,a_unit_eq,rev_leg=naive;scenario=backtest;,1.0
driver-lines,margin_v2,total_cash_costs_musd,2024Q3,2024-05-08,1,1754.0861346249458,1754.0861346249458,W2,full_sample,7,17,1641.492798156208,1666.3615102224499,1707.916037697055,1800.2562315528367,1841.810759027442,1866.6794710936838,68.45188813390975,,,,,,,,2024-05-08,a_unit_eq,rev_leg=naive;scenario=backtest;,1.0
driver-lines,margin_v2,adj_ebitda_margin_pct,2024Q4,2024-05-08,2,35.89886375945528,35.89886375945528,W1,full_sample,7,17,27.395428827271964,29.273599254890534,32.41193968959324,39.38578782931732,42.52412826402003,44.4022986916386,5.16972136173804,,,,,,,,2024-05-08,a_unit_eq,rev_leg=naive;scenario=backtest;,1.0
driver-lines,margin_v2,adj_ebitda_margin_pct,2024Q4,2024-05-08,2,35.89886375945528,35.89886375945528,W2,full_sample,7,17,27.395428827271964,29.273599254890534,32.41193968959324,39.38578782931732,42.52412826402003,44.4022986916386,5.16972136173804,,,,,,,,2024-05-08,a_unit_eq,rev_leg=naive;scenario=backtest;,1.0
driver-lines,margin_v2,adj_ebitda_musd,2024Q4,2024-05-08,2,938.1403859800145,938.1403859800145,W1,full_sample,7,17,272.15389179010714,419.25164094165956,665.0455301583131,1211.2352418017158,1457.0291310183693,1604.1268801699218,404.89103910372194,,,,,,,,2024-05-08,a_unit_eq,rev_leg=naive;scenario=backtest;,1.0
driver-lines,margin_v2,adj_ebitda_musd,2024Q4,2024-05-08,2,938.1403859800145,938.1403859800145,W2,full_sample,7,17,272.15389179010714,419.25164094165956,665.0455301583131,1211.2352418017158,1457.0291310183693,1604.1268801699218,404.89103910372194,,,,,,,,2024-05-08,a_unit_eq,rev_leg=naive;scenario=backtest;,1.0
driver-lines,margin_v2,total_cash_costs_musd,2024Q4,2024-05-08,2,1675.1467427328566,1675.1467427328566,W1,full_sample,7,17,1556.8684073876188,1582.9927763567525,1626.6454514608329,1723.6480340048804,1767.3007091089607,1793.4250780780944,71.90812204028862,,,,,,,,2024-05-08,a_unit_eq,rev_leg=naive;scenario=backtest;,1.0
driver-lines,margin_v2,total_cash_costs_musd,2024Q4,2024-05-08,2,1675.1467427328566,1675.1467427328566,W2,full_sample,7,17,1556.8684073876188,1582.9927763567525,1626.6454514608329,1723.6480340048804,1767.3007091089607,1793.4250780780944,71.90812204028862,,,,,,,,2024-05-08,a_unit_eq,rev_leg=naive;scenario=backtest;,1.0
driver-lines,margin_v2,adj_ebitda_margin_pct,2024Q3,2024-08-06,0,54.05525251283918,54.05525251283918,W1,PIT,7,18,44.9152402556518,46.93401277127955,50.30729313023734,57.803211895441024,61.176492254398816,63.19526477002656,5.556732895514378,,,,,,,,2024-08-06,a_unit_eq,rev_leg=guide_cushion;scenario=backtest;,1.0
driver-lines,margin_v2,adj_ebitda_margin_pct,2024Q3,2024-08-06,0,54.05525251283918,54.05525251283918,W2,PIT,7,18,44.9152402556518,46.93401277127955,50.30729313023734,57.803211895441024,61.176492254398816,63.19526477002656,5.556732895514378,,,,,,,,2024-08-06,a_unit_eq,rev_leg=guide_cushion;scenario=backtest;,1.0
driver-lines,margin_v2,adj_ebitda_musd,2024Q3,2024-08-06,0,2050.7546463345307,2050.7546463345307,W1,PIT,7,18,1030.3578255672105,1255.734881837472,1632.330061032187,2469.1792316368746,2845.7744108315896,3071.151467101851,620.3572184465413,,,,,,,,2024-08-06,a_unit_eq,rev_leg=guide_cushion;scenario=backtest;,1.0
driver-lines,margin_v2,adj_ebitda_musd,2024Q3,2024-08-06,0,2050.7546463345307,2050.7546463345307,W2,PIT,7,18,1030.3578255672105,1255.734881837472,1632.330061032187,2469.1792316368746,2845.7744108315896,3071.151467101851,620.3572184465413,,,,,,,,2024-08-06,a_unit_eq,rev_leg=guide_cushion;scenario=backtest;,1.0
driver-lines,margin_v2,total_cash_costs_musd,2024Q3,2024-08-06,0,1743.0573349293368,1743.0573349293368,W1,PIT,7,18,1534.0098688896044,1580.1825945958283,1657.3351947717415,1828.779475086932,1905.9320752628453,1952.1048009690694,127.0918351726989,,,,,,,,2024-08-06,a_unit_eq,rev_leg=guide_cushion;scenario=backtest;,1.0
driver-lines,margin_v2,total_cash_costs_musd,2024Q3,2024-08-06,0,1743.0573349293368,1743.0573349293368,W2,PIT,7,18,1534.0098688896044,1580.1825945958283,1657.3351947717415,1828.779475086932,1905.9320752628453,1952.1048009690694,127.0918351726989,,,,,,,,2024-08-06,a_unit_eq,rev_leg=guide_cushion;scenario=backtest;,1.0
driver-lines,margin_v2,adj_ebitda_margin_pct,2024Q4,2024-08-06,1,32.34680379166232,32.34680379166232,W1,PIT,7,18,19.435069679051654,22.28690983223464,27.052209687046634,37.641397896278,42.40669775108999,45.258537904272984,7.849776965589896,,,,,,,,2024-08-06,a_unit_eq,rev_leg=naive;scenario=backtest;,1.0
driver-lines,margin_v2,adj_ebitda_margin_pct,2024Q4,2024-08-06,1,32.34680379166232,32.34680379166232,W2,PIT,7,18,19.435069679051654,22.28690983223464,27.052209687046634,37.641397896278,42.40669775108999,45.258537904272984,7.849776965589896,,,,,,,,2024-08-06,a_unit_eq,rev_leg=naive;scenario=backtest;,1.0
driver-lines,margin_v2,adj_ebitda_musd,2024Q4,2024-08-06,1,793.703056785928,793.703056785928,W1,PIT,7,18,218.74125196541394,345.73419863182926,557.9338444065712,1029.4722691652846,1241.6719149400267,1368.664861606442,349.5519573289527,,,,,,,,2024-08-06,a_unit_eq,rev_leg=naive;scenario=backtest;,1.0
driver-lines,margin_v2,adj_ebitda_musd,2024Q4,2024-08-06,1,793.703056785928,793.703056785928,W2,PIT,7,18,218.74125196541394,345.73419863182926,557.9338444065712,1029.4722691652846,1241.6719149400267,1368.664861606442,349.5519573289527,,,,,,,,2024-08-06,a_unit_eq,rev_leg=naive;scenario=backtest;,1.0
driver-lines,margin_v2,total_cash_costs_musd,2024Q4,2024-08-06,1,1660.0264118131058,1660.0264118131058,W1,PIT,7,18,1508.0201288501805,1541.5940560631316,1597.6946163609364,1722.3582072652755,1778.4587675630798,1812.0326947760311,92.41325822082392,,,,,,,,2024-08-06,a_unit_eq,rev_leg=naive;scenario=backtest;,1.0
driver-lines,margin_v2,total_cash_costs_musd,2024Q4,2024-08-06,1,1660.0264118131058,1660.0264118131058,W2,PIT,7,18,1508.0201288501805,1541.5940560631316,1597.6946163609364,1722.3582072652755,1778.4587675630798,1812.0326947760311,92.41325822082392,,,,,,,,2024-08-06,a_unit_eq,rev_leg=naive;scenario=backtest;,1.0
driver-lines,margin_v2,adj_ebitda_margin_pct,2025Q1,2024-08-06,2,18.194267592383913,18.194267592383913,W1,PIT,7,18,0.8646812204252257,4.692301106536084,11.088086111246756,25.30044907352107,31.69623407823174,35.5238539643426,10.535640429037372,,,,,,,,2024-08-06,a_unit_eq,rev_leg=naive;scenario=backtest;,1.0
driver-lines,margin_v2,adj_ebitda_margin_pct,2025Q1,2024-08-06,2,18.194267592383913,18.194267592383913,W2,PIT,7,18,0.8646812204252257,4.692301106536084,11.088086111246756,25.30044907352107,31.69623407823174,35.5238539643426,10.535640429037372,,,,,,,,2024-08-06,a_unit_eq,rev_leg=naive;scenario=backtest;,1.0
driver-lines,margin_v2,adj_ebitda_musd,2025Q1,2024-08-06,2,431.14085753048175,431.14085753048175,W1,PIT,7,18,-165.6125973323182,-33.806485985412216,186.43574693346832,675.8459681274952,896.0882010463758,1027.8943123932818,362.8003398507908,,,,,,,,2024-08-06,a_unit_eq,rev_leg=naive;scenario=backtest;,1.0
driver-lines,margin_v2,adj_ebitda_musd,2025Q1,2024-08-06,2,431.14085753048175,431.14085753048175,W2,PIT,7,18,-165.6125973323182,-33.806485985412216,186.43574693346832,675.8459681274952,896.0882010463758,1027.8943123932818,362.8003398507908,,,,,,,,2024-08-06,a_unit_eq,rev_leg=naive;scenario=backtest;,1.0
driver-lines,margin_v2,total_cash_costs_musd,2025Q1,2024-08-06,2,1938.5113163825617,1938.5113163825617,W1,PIT,7,18,1715.1136964843756,1764.4559689471362,1846.9047427819721,2030.1178899831511,2112.566663817987,2161.908936280748,135.81610924993092,,,,,,,,2024-08-06,a_unit_eq,rev_leg=naive;scenario=backtest;,1.0
driver-lines,margin_v2,total_cash_costs_musd,2025Q1,2024-08-06,2,1938.5113163825617,1938.5113163825617,W2,PIT,7,18,1715.1136964843756,1764.4559689471362,1846.9047427819721,2030.1178899831511,2112.566663817987,2161.908936280748,135.81610924993092,,,,,,,,2024-08-06,a_unit_eq,rev_leg=naive;scenario=backtest;,1.0
driver-lines,margin_v2,adj_ebitda_margin_pct,2024Q3,2024-08-06,0,53.94627954330333,53.94627954330333,W1,full_sample,7,18,49.40602592519806,50.40884068739958,52.08450018584259,55.808058900764074,57.483718399207085,58.48653316140861,2.760278205739229,,,,,,,,2024-08-06,a_unit_eq,rev_leg=guide_cushion;scenario=backtest;,1.0
driver-lines,margin_v2,adj_ebitda_margin_pct,2024Q3,2024-08-06,0,53.94627954330333,53.94627954330333,W2,full_sample,7,18,49.40602592519806,50.40884068739958,52.08450018584259,55.808058900764074,57.483718399207085,58.48653316140861,2.760278205739229,,,,,,,,2024-08-06,a_unit_eq,rev_leg=guide_cushion;scenario=backtest;,1.0
driver-lines,margin_v2,adj_ebitda_musd,2024Q3,2024-08-06,0,2046.6204167599406,2046.6204167599406,W1,full_sample,7,18,1648.6234689896569,1736.5298390090804,1883.4175289881514,2209.8233045317297,2356.7109945108004,2444.617364530224,241.96496347697556,,,,,,,,2024-08-06,a_unit_eq,rev_leg=guide_cushion;scenario=backtest;,1.0
driver-lines,margin_v2,adj_ebitda_musd,2024Q3,2024-08-06,0,2046.6204167599406,2046.6204167599406,W2,full_sample,7,18,1648.6234689896569,1736.5298390090804,1883.4175289881514,2209.8233045317297,2356.7109945108004,2444.617364530224,241.96496347697556,,,,,,,,2024-08-06,a_unit_eq,rev_leg=guide_cushion;scenario=backtest;,1.0
driver-lines,margin_v2,total_cash_costs_musd,2024Q3,2024-08-06,0,1747.1915645039269,1747.1915645039269,W1,full_sample,7,18,1629.0511101633779,1655.1450250833418,1698.746812806541,1795.6363162013126,1839.238103924512,1865.332018844476,71.82429634149722,,,,,,,,2024-08-06,a_unit_eq,rev_leg=guide_cushion;scenario=backtest;,1.0
driver-lines,margin_v2,total_cash_costs_musd,2024Q3,2024-08-06,0,1747.1915645039269,1747.1915645039269,W2,full_sample,7,18,1629.0511101633779,1655.1450250833418,1698.746812806541,1795.6363162013126,1839.238103924512,1865.332018844476,71.82429634149722,,,,,,,,2024-08-06,a_unit_eq,rev_leg=guide_cushion;scenario=backtest;,1.0
driver-lines,margin_v2,adj_ebitda_margin_pct,2024Q4,2024-08-06,1,32.175732906635695,32.175732906635695,W1,full_sample,7,18,25.458618055411705,26.942240447198174,29.421308413291932,34.93015739997946,37.409225366073215,38.892847757859684,4.083715864537631,,,,,,,,2024-08-06,a_unit_eq,rev_leg=naive;scenario=backtest;,1.0
driver-lines,margin_v2,adj_ebitda_margin_pct,2024Q4,2024-08-06,1,32.175732906635695,32.175732906635695,W2,full_sample,7,18,25.458618055411705,26.942240447198174,29.421308413291932,34.93015739997946,37.409225366073215,38.892847757859684,4.083715864537631,,,,,,,,2024-08-06,a_unit_eq,rev_leg=naive;scenario=backtest;,1.0
driver-lines,margin_v2,adj_ebitda_musd,2024Q4,2024-08-06,1,789.5054400678365,789.5054400678365,W1,full_sample,7,18,486.11192363314467,553.1230473782334,665.0956970012679,913.9151831344051,1025.8878327574396,1092.8989565025283,184.4501610742065,,,,,,,,2024-08-06,a_unit_eq,rev_leg=naive;scenario=backtest;,1.0
driver-lines,margin_v2,adj_ebitda_musd,2024Q4,2024-08-06,1,789.5054400678365,789.5054400678365,W2,full_sample,7,18,486.11192363314467,553.1230473782334,665.0956970012679,913.9151831344051,1025.8878327574396,1092.8989565025283,184.4501610742065,,,,,,,,2024-08-06,a_unit_eq,rev_leg=naive;scenario=backtest;,1.0
driver-lines,margin_v2,total_cash_costs_musd,2024Q4,2024-08-06,1,1664.2240285311973,1664.2240285311973,W1,full_sample,7,18,1557.3988662401582,1580.9935503108538,1620.4192328656527,1708.0288241967419,1747.4545067515407,1771.0491908222366,64.9450872349208,,,,,,,,2024-08-06,a_unit_eq,rev_leg=naive;scenario=backtest;,1.0
driver-lines,margin_v2,total_cash_costs_musd,2024Q4,2024-08-06,1,1664.2240285311973,1664.2240285311973,W2,full_sample,7,18,1557.3988662401582,1580.9935503108538,1620.4192328656527,1708.0288241967419,1747.4545067515407,1771.0491908222366,64.9450872349208,,,,,,,,2024-08-06,a_unit_eq,rev_leg=naive;scenario=backtest;,1.0
driver-lines,margin_v2,adj_ebitda_margin_pct,2025Q1,2024-08-06,2,17.947981769549305,17.947981769549305,W1,full_sample,7,18,9.444546837365985,11.322717264984556,14.461057699687267,21.434905839411343,24.573246274114055,26.451416701732626,5.16972136173804,,,,,,,,2024-08-06,a_unit_eq,rev_leg=naive;scenario=backtest;,1.0
driver-lines,margin_v2,adj_ebitda_margin_pct,2025Q1,2024-08-06,2,17.947981769549305,17.947981769549305,W2,full_sample,7,18,9.444546837365985,11.322717264984556,14.461057699687267,21.434905839411343,24.573246274114055,26.451416701732626,5.16972136173804,,,,,,,,2024-08-06,a_unit_eq,rev_leg=naive;scenario=backtest;,1.0
driver-lines,margin_v2,adj_ebitda_musd,2025Q1,2024-08-06,2,425.3047401756419,425.3047401756419,W1,full_sample,7,18,123.38061761904268,190.06719344315982,301.4975377203076,549.1119426309762,660.542286908124,727.228862732241,183.55683302725078,,,,,,,,2024-08-06,a_unit_eq,rev_leg=naive;scenario=backtest;,1.0
driver-lines,margin_v2,adj_ebitda_musd,2025Q1,2024-08-06,2,425.3047401756419,425.3047401756419,W2,full_sample,7,18,123.38061761904268,190.06719344315982,301.4975377203076,549.1119426309762,660.542286908124,727.228862732241,183.55683302725078,,,,,,,,2024-08-06,a_unit_eq,rev_leg=naive;scenario=backtest;,1.0
driver-lines,margin_v2,total_cash_costs_musd,2025Q1,2024-08-06,2,1944.3474337374016,1944.3474337374016,W1,full_sample,7,18,1807.0614444394955,1837.3840713875545,1888.0518514985215,2000.6430159762817,2051.310796087249,2081.6334230353073,83.46395511942795,,,,,,,,2024-08-06,a_unit_eq,rev_leg=naive;scenario=backtest;,1.0
driver-lines,margin_v2,total_cash_costs_musd,2025Q1,2024-08-06,2,1944.3474337374016,1944.3474337374016,W2,full_sample,7,18,1807.0614444394955,1837.3840713875545,1888.0518514985215,2000.6430159762817,2051.310796087249,2081.6334230353073,83.46395511942795,,,,,,,,2024-08-06,a_unit_eq,rev_leg=naive;scenario=backtest;,1.0
driver-lines,margin_v2,adj_ebitda_margin_pct,2024Q4,2024-11-07,0,32.60030279095272,32.60030279095272,W1,PIT,7,19,23.44297348972825,25.465570854991896,28.845242369987748,36.355363211917684,39.73503472691354,41.75763209217719,5.567260910745243,,,,,,,,2024-11-07,a_unit_eq,rev_leg=guide_cushion;scenario=backtest;,1.0
driver-lines,margin_v2,adj_ebitda_margin_pct,2024Q4,2024-11-07,0,32.60030279095272,32.60030279095272,W2,PIT,7,19,23.44297348972825,25.465570854991896,28.845242369987748,36.355363211917684,39.73503472691354,41.75763209217719,5.567260910745243,,,,,,,,2024-11-07,a_unit_eq,rev_leg=guide_cushion;scenario=backtest;,1.0
driver-lines,margin_v2,adj_ebitda_musd,2024Q4,2024-11-07,0,807.0251336632086,807.0251336632086,W1,PIT,7,19,403.9247553513057,492.9583301296436,641.7295298376879,972.3207374887294,1121.0919371967736,1210.1255119751115,245.06762894094018,,,,,,,,2024-11-07,a_unit_eq,rev_leg=guide_cushion;scenario=backtest;,1.0
driver-lines,margin_v2,adj_ebitda_musd,2024Q4,2024-11-07,0,807.0251336632086,807.0251336632086,W2,PIT,7,19,403.9247553513057,492.9583301296436,641.7295298376879,972.3207374887294,1121.0919371967736,1210.1255119751115,245.06762894094018,,,,,,,,2024-11-07,a_unit_eq,rev_leg=guide_cushion;scenario=backtest;,1.0
driver-lines,margin_v2,total_cash_costs_musd,2024Q4,2024-11-07,0,1668.4890934229747,1668.4890934229747,W1,PIT,7,19,1468.2979203529683,1512.5145391815925,1586.398570532069,1750.5796163138803,1824.463647664357,1868.6802664929812,121.70759135634178,,,,,,,,2024-11-07,a_unit_eq,rev_leg=guide_cushion;scenario=backtest;,1.0
driver-lines,margin_v2,total_cash_costs_musd,2024Q4,2024-11-07,0,1668.4890934229747,1668.4890934229747,W2,PIT,7,19,1468.2979203529683,1512.5145391815925,1586.398570532069,1750.5796163138803,1824.463647664357,1868.6802664929812,121.70759135634178,,,,,,,,2024-11-07,a_unit_eq,rev_leg=guide_cushion;scenario=backtest;,1.0
driver-lines,margin_v2,adj_ebitda_margin_pct,2025Q1,2024-11-07,1,17.75048963885304,17.75048963885304,W1,PIT,7,19,5.77857820272644,8.42283786964063,12.841279833425851,22.65969944428023,27.07814140806545,29.72240107497964,7.278405348635806,,,,,,,,2024-11-07,a_unit_eq,rev_leg=naive;scenario=backtest;,1.0
driver-lines,margin_v2,adj_ebitda_margin_pct,2025Q1,2024-11-07,1,17.75048963885304,17.75048963885304,W2,PIT,7,19,5.77857820272644,8.42283786964063,12.841279833425851,22.65969944428023,27.07814140806545,29.72240107497964,7.278405348635806,,,,,,,,2024-11-07,a_unit_eq,rev_leg=naive;scenario=backtest;,1.0
driver-lines,margin_v2,adj_ebitda_musd,2025Q1,2024-11-07,1,417.71098070524414,417.71098070524414,W1,PIT,7,19,134.54500763991518,197.08843402708993,301.5957572547268,533.8262041557615,638.3335273833984,700.8769537705731,172.15268789001075,,,,,,,,2024-11-07,a_unit_eq,rev_leg=naive;scenario=backtest;,1.0
driver-lines,margin_v2,adj_ebitda_musd,2025Q1,2024-11-07,1,417.71098070524414,417.71098070524414,W2,PIT,7,19,134.54500763991518,197.08843402708993,301.5957572547268,533.8262041557615,638.3335273833984,700.8769537705731,172.15268789001075,,,,,,,,2024-11-07,a_unit_eq,rev_leg=naive;scenario=backtest;,1.0
driver-lines,margin_v2,total_cash_costs_musd,2025Q1,2024-11-07,1,1935.5254043403845,1935.5254043403845,W1,PIT,7,19,1766.6791657648516,1803.9725671533856,1866.2882057153429,2004.7626029654264,2067.078241527383,2104.371642915917,102.65122428459976,,,,,,,,2024-11-07,a_unit_eq,rev_leg=naive;scenario=backtest;,1.0
driver-lines,margin_v2,total_cash_costs_musd,2025Q1,2024-11-07,1,1935.5254043403845,1935.5254043403845,W2,PIT,7,19,1766.6791657648516,1803.9725671533856,1866.2882057153429,2004.7626029654264,2067.078241527383,2104.371642915917,102.65122428459976,,,,,,,,2024-11-07,a_unit_eq,rev_leg=naive;scenario=backtest;,1.0
driver-lines,margin_v2,adj_ebitda_margin_pct,2025Q2,2024-11-07,2,31.126502694892835,31.126502694892835,W1,PIT,7,19,15.411342303862957,18.88238074269495,24.68233378359443,37.57067160619124,43.37062464709072,46.84166308592271,9.554139124315844,,,,,,,,2024-11-07,a_unit_eq,rev_leg=naive;scenario=backtest;,1.0
driver-lines,margin_v2,adj_ebitda_margin_pct,2025Q2,2024-11-07,2,31.126502694892835,31.126502694892835,W2,PIT,7,19,15.411342303862957,18.88238074269495,24.68233378359443,37.57067160619124,43.37062464709072,46.84166308592271,9.554139124315844,,,,,,,,2024-11-07,a_unit_eq,rev_leg=naive;scenario=backtest;,1.0
driver-lines,margin_v2,adj_ebitda_musd,2025Q2,2024-11-07,2,939.7084749531073,939.7084749531073,W1,PIT,7,19,-310.8120670447645,-34.60713105816025,426.91920655451685,1452.4977433516976,1914.0240809643747,2190.2290169509793,760.2625069536147,,,,,,,,2024-11-07,a_unit_eq,rev_leg=naive;scenario=backtest;,1.0
driver-lines,margin_v2,adj_ebitda_musd,2025Q2,2024-11-07,2,939.7084749531073,939.7084749531073,W2,PIT,7,19,-310.8120670447645,-34.60713105816025,426.91920655451685,1452.4977433516976,1914.0240809643747,2190.2290169509793,760.2625069536147,,,,,,,,2024-11-07,a_unit_eq,rev_leg=naive;scenario=backtest;,1.0
driver-lines,margin_v2,total_cash_costs_musd,2025Q2,2024-11-07,2,2079.2894644051503,2079.2894644051503,W1,PIT,7,19,1867.5262711928474,1914.2988249104196,1992.4537113933688,2166.1252174169317,2244.280103899881,2291.0526576174534,128.7428800608715,,,,,,,,2024-11-07,a_unit_eq,rev_leg=naive;scenario=backtest;,1.0
driver-lines,margin_v2,total_cash_costs_musd,2025Q2,2024-11-07,2,2079.2894644051503,2079.2894644051503,W2,PIT,7,19,1867.5262711928474,1914.2988249104196,1992.4537113933688,2166.1252174169317,2244.280103899881,2291.0526576174534,128.7428800608715,,,,,,,,2024-11-07,a_unit_eq,rev_leg=naive;scenario=backtest;,1.0
driver-lines,margin_v2,adj_ebitda_margin_pct,2024Q4,2024-11-07,0,32.54370011305352,32.54370011305352,W1,full_sample,7,19,28.003446494948243,29.006261257149767,30.681920755592778,34.40547947051426,36.08113896895727,37.08395373115879,2.760278205739229,,,,,,,,2024-11-07,a_unit_eq,rev_leg=guide_cushion;scenario=backtest;,1.0
driver-lines,margin_v2,adj_ebitda_margin_pct,2024Q4,2024-11-07,0,32.54370011305352,32.54370011305352,W2,full_sample,7,19,28.003446494948243,29.006261257149767,30.681920755592778,34.40547947051426,36.08113896895727,37.08395373115879,2.760278205739229,,,,,,,,2024-11-07,a_unit_eq,rev_leg=guide_cushion;scenario=backtest;,1.0
driver-lines,margin_v2,adj_ebitda_musd,2024Q4,2024-11-07,0,805.6239263189022,805.6239263189022,W1,full_sample,7,19,648.9579118982887,683.5610431792746,741.3813583485105,869.866494289294,927.6868094585299,962.2899407395158,95.24617379539977,,,,,,,,2024-11-07,a_unit_eq,rev_leg=guide_cushion;scenario=backtest;,1.0
driver-lines,margin_v2,adj_ebitda_musd,2024Q4,2024-11-07,0,805.6239263189022,805.6239263189022,W2,full_sample,7,19,648.9579118982887,683.5610431792746,741.3813583485105,869.866494289294,927.6868094585299,962.2899407395158,95.24617379539977,,,,,,,,2024-11-07,a_unit_eq,rev_leg=guide_cushion;scenario=backtest;,1.0
driver-lines,margin_v2,total_cash_costs_musd,2024Q4,2024-11-07,0,1669.8903007672811,1669.8903007672811,W1,full_sample,7,19,1556.976752625503,1581.9161904748762,1623.5888976320657,1716.1917039024963,1757.864411059686,1782.803848909059,68.64656300819242,,,,,,,,2024-11-07,a_unit_eq,rev_leg=guide_cushion;scenario=backtest;,1.0
driver-lines,margin_v2,total_cash_costs_musd,2024Q4,2024-11-07,0,1669.8903007672811,1669.8903007672811,W2,full_sample,7,19,1556.976752625503,1581.9161904748762,1623.5888976320657,1716.1917039024963,1757.864411059686,1782.803848909059,68.64656300819242,,,,,,,,2024-11-07,a_unit_eq,rev_leg=guide_cushion;scenario=backtest;,1.0
driver-lines,margin_v2,adj_ebitda_margin_pct,2025Q1,2024-11-07,1,17.632166440156965,17.632166440156965,W1,full_sample,7,19,10.915051588932975,12.398673980719444,14.877741946813202,20.386590933500727,22.865658899594486,24.349281291380954,4.083715864537631,,,,,,,,2024-11-07,a_unit_eq,rev_leg=naive;scenario=backtest;,1.0
driver-lines,margin_v2,adj_ebitda_margin_pct,2025Q1,2024-11-07,1,17.632166440156965,17.632166440156965,W2,full_sample,7,19,10.915051588932975,12.398673980719444,14.877741946813202,20.386590933500727,22.865658899594486,24.349281291380954,4.083715864537631,,,,,,,,2024-11-07,a_unit_eq,rev_leg=naive;scenario=backtest;,1.0
driver-lines,margin_v2,adj_ebitda_musd,2025Q1,2024-11-07,1,414.92655614157826,414.92655614157826,W1,full_sample,7,19,255.47733572947632,290.6951992014972,349.5427049085399,480.3104073746166,539.1579130816593,574.3757765536802,96.9382428925429,,,,,,,,2024-11-07,a_unit_eq,rev_leg=naive;scenario=backtest;,1.0
driver-lines,margin_v2,adj_ebitda_musd,2025Q1,2024-11-07,1,414.92655614157826,414.92655614157826,W2,full_sample,7,19,255.47733572947632,290.6951992014972,349.5427049085399,480.3104073746166,539.1579130816593,574.3757765536802,96.9382428925429,,,,,,,,2024-11-07,a_unit_eq,rev_leg=naive;scenario=backtest;,1.0
driver-lines,margin_v2,total_cash_costs_musd,2025Q1,2024-11-07,1,1938.3098289040504,1938.3098289040504,W1,full_sample,7,19,1813.8913260503584,1841.3718859149333,1887.2906965420477,1989.328961266053,2035.2477718931677,2062.7283317577426,75.64107882613605,,,,,,,,2024-11-07,a_unit_eq,rev_leg=naive;scenario=backtest;,1.0
driver-lines,margin_v2,total_cash_costs_musd,2025Q1,2024-11-07,1,1938.3098289040504,1938.3098289040504,W2,full_sample,7,19,1813.8913260503584,1841.3718859149333,1887.2906965420477,1989.328961266053,2035.2477718931677,2062.7283317577426,75.64107882613605,,,,,,,,2024-11-07,a_unit_eq,rev_leg=naive;scenario=backtest;,1.0
driver-lines,margin_v2,adj_ebitda_margin_pct,2025Q2,2024-11-07,2,31.057124484609805,31.057124484609805,W1,full_sample,7,19,22.553689552426484,24.431859980045054,27.570200414747767,34.54404855447184,37.682388989174555,39.560559416793126,5.16972136173804,,,,,,,,2024-11-07,a_unit_eq,rev_leg=naive;scenario=backtest;,1.0
driver-lines,margin_v2,adj_ebitda_margin_pct,2025Q2,2024-11-07,2,31.057124484609805,31.057124484609805,W2,full_sample,7,19,22.553689552426484,24.431859980045054,27.570200414747767,34.54404855447184,37.682388989174555,39.560559416793126,5.16972136173804,,,,,,,,2024-11-07,a_unit_eq,rev_leg=naive;scenario=backtest;,1.0
driver-lines,margin_v2,adj_ebitda_musd,2025Q2,2024-11-07,2,937.613948214299,937.613948214299,W1,full_sample,7,19,272.0011725501449,419.0163777545841,664.6723396548151,1210.5555567737829,1456.2115186740139,1603.226723878453,404.66383437277824,,,,,,,,2024-11-07,a_unit_eq,rev_leg=naive;scenario=backtest;,1.0
driver-lines,margin_v2,adj_ebitda_musd,2025Q2,2024-11-07,2,937.613948214299,937.613948214299,W2,full_sample,7,19,272.0011725501449,419.0163777545841,664.6723396548151,1210.5555567737829,1456.2115186740139,1603.226723878453,404.66383437277824,,,,,,,,2024-11-07,a_unit_eq,rev_leg=naive;scenario=backtest;,1.0
driver-lines,margin_v2,total_cash_costs_musd,2025Q2,2024-11-07,2,2081.3839911439586,2081.3839911439586,W1,full_sample,7,19,1934.422159438929,1966.8819087635675,2021.1207266620008,2141.6472556259164,2195.88607352435,2228.345822848988,89.34644961534042,,,,,,,,2024-11-07,a_unit_eq,rev_leg=naive;scenario=backtest;,1.0
driver-lines,margin_v2,total_cash_costs_musd,2025Q2,2024-11-07,2,2081.3839911439586,2081.3839911439586,W2,full_sample,7,19,1934.422159438929,1966.8819087635675,2021.1207266620008,2141.6472556259164,2195.88607352435,2228.345822848988,89.34644961534042,,,,,,,,2024-11-07,a_unit_eq,rev_leg=naive;scenario=backtest;,1.0
driver-lines,margin_v2,adj_ebitda_margin_pct,2025Q1,2025-02-13,0,15.911304546516824,15.911304546516824,W1,PIT,7,20,6.757548950098247,8.779356984140216,12.157709561273492,19.664899531760156,23.043252108893434,25.0650601429354,5.565088252493265,,,,,,,,2025-02-13,a_unit_eq,rev_leg=guide_cushion;scenario=backtest;,1.0
driver-lines,margin_v2,adj_ebitda_margin_pct,2025Q1,2025-02-13,0,15.911304546516824,15.911304546516824,W2,PIT,7,20,6.757548950098247,8.779356984140216,12.157709561273492,19.664899531760156,23.043252108893434,25.0650601429354,5.565088252493265,,,,,,,,2025-02-13,a_unit_eq,rev_leg=guide_cushion;scenario=backtest;,1.0
driver-lines,margin_v2,adj_ebitda_musd,2025Q1,2025-02-13,0,366.13150017972333,366.13150017972333,W1,PIT,7,20,183.35973175575302,223.7288923591037,291.1839897099562,441.07901064949044,508.53410800034294,548.9032686036936,111.1173452939485,,,,,,,,2025-02-13,a_unit_eq,rev_leg=guide_cushion;scenario=backtest;,1.0
driver-lines,margin_v2,adj_ebitda_musd,2025Q1,2025-02-13,0,366.13150017972333,366.13150017972333,W2,PIT,7,20,183.35973175575302,223.7288923591037,291.1839897099562,441.07901064949044,508.53410800034294,548.9032686036936,111.1173452939485,,,,,,,,2025-02-13,a_unit_eq,rev_leg=guide_cushion;scenario=backtest;,1.0
driver-lines,margin_v2,total_cash_costs_musd,2025Q1,2025-02-13,0,1934.9463222535974,1934.9463222535974,W1,PIT,7,20,1702.8754025269823,1754.1333638116769,1839.7831696730927,2030.109474834102,2115.7592806955176,2167.0172419802125,141.08910113584338,,,,,,,,2025-02-13,a_unit_eq,rev_leg=guide_cushion;scenario=backtest;,1.0
driver-lines,margin_v2,total_cash_costs_musd,2025Q1,2025-02-13,0,1934.9463222535974,1934.9463222535974,W2,PIT,7,20,1702.8754025269823,1754.1333638116769,1839.7831696730927,2030.109474834102,2115.7592806955176,2167.0172419802125,141.08910113584338,,,,,,,,2025-02-13,a_unit_eq,rev_leg=guide_cushion;scenario=backtest;,1.0
driver-lines,margin_v2,adj_ebitda_margin_pct,2025Q2,2025-02-13,1,31.222814504003157,31.222814504003157,W1,PIT,7,20,19.045150827460404,21.734855397104823,26.229233800785032,36.21639520722128,40.71077361090149,43.40047818054591,7.403493828877958,,,,,,,,2025-02-13,a_unit_eq,rev_leg=naive;scenario=backtest;,1.0
driver-lines,margin_v2,adj_ebitda_margin_pct,2025Q2,2025-02-13,1,31.222814504003157,31.222814504003157,W2,PIT,7,20,19.045150827460404,21.734855397104823,26.229233800785032,36.21639520722128,40.71077361090149,43.40047818054591,7.403493828877958,,,,,,,,2025-02-13,a_unit_eq,rev_leg=naive;scenario=backtest;,1.0
driver-lines,margin_v2,adj_ebitda_musd,2025Q2,2025-02-13,1,959.3540566156973,959.3540566156973,W1,PIT,7,20,294.08589528634644,441.02498484367106,686.5537608349234,1232.1543523964713,1477.6831283877239,1624.6222179450483,404.45432373355993,,,,,,,,2025-02-13,a_unit_eq,rev_leg=naive;scenario=backtest;,1.0
driver-lines,margin_v2,adj_ebitda_musd,2025Q2,2025-02-13,1,959.3540566156973,959.3540566156973,W2,PIT,7,20,294.08589528634644,441.02498484367106,686.5537608349234,1232.1543523964713,1477.6831283877239,1624.6222179450483,404.45432373355993,,,,,,,,2025-02-13,a_unit_eq,rev_leg=naive;scenario=backtest;,1.0
driver-lines,margin_v2,total_cash_costs_musd,2025Q2,2025-02-13,1,2113.251894691787,2113.251894691787,W1,PIT,7,20,1925.2894929395222,1966.805118953094,2036.1759097367556,2190.3278796468185,2259.69867043048,2301.2142964440523,114.2730262878341,,,,,,,,2025-02-13,a_unit_eq,rev_leg=naive;scenario=backtest;,1.0
driver-lines,margin_v2,total_cash_costs_musd,2025Q2,2025-02-13,1,2113.251894691787,2113.251894691787,W2,PIT,7,20,1925.2894929395222,1966.805118953094,2036.1759097367556,2190.3278796468185,2259.69867043048,2301.2142964440523,114.2730262878341,,,,,,,,2025-02-13,a_unit_eq,rev_leg=naive;scenario=backtest;,1.0
driver-lines,margin_v2,adj_ebitda_margin_pct,2025Q3,2025-02-13,2,51.87595752190063,51.87595752190063,W1,PIT,7,20,36.48568769503481,39.88496691483453,45.56501344707003,58.18690159673123,63.86694812896673,67.26622734876645,9.356619686208635,,,,,,,,2025-02-13,a_unit_eq,rev_leg=naive;scenario=backtest;,1.0
driver-lines,margin_v2,adj_ebitda_margin_pct,2025Q3,2025-02-13,2,51.87595752190063,51.87595752190063,W2,PIT,7,20,36.48568769503481,39.88496691483453,45.56501344707003,58.18690159673123,63.86694812896673,67.26622734876645,9.356619686208635,,,,,,,,2025-02-13,a_unit_eq,rev_leg=naive;scenario=backtest;,1.0
driver-lines,margin_v2,adj_ebitda_musd,2025Q3,2025-02-13,2,2164.700911676728,2164.700911676728,W1,PIT,7,20,-676.7877449310998,-49.18254681803797,999.5182213892614,3329.883601964195,4378.584370171494,5006.189568284555,1727.502441584524,,,,,,,,2025-02-13,a_unit_eq,rev_leg=naive;scenario=backtest;,1.0
driver-lines,margin_v2,adj_ebitda_musd,2025Q3,2025-02-13,2,2164.700911676728,2164.700911676728,W2,PIT,7,20,-676.7877449310998,-49.18254681803797,999.5182213892614,3329.883601964195,4378.584370171494,5006.189568284555,1727.502441584524,,,,,,,,2025-02-13,a_unit_eq,rev_leg=naive;scenario=backtest;,1.0
driver-lines,margin_v2,total_cash_costs_musd,2025Q3,2025-02-13,2,2008.1394850771044,2008.1394850771044,W1,PIT,7,20,1800.7249352037877,1846.5369954990333,1923.0869395868585,2093.1920305673502,2169.741974655175,2215.554034950421,126.0990926333872,,,,,,,,2025-02-13,a_unit_eq,rev_leg=naive;scenario=backtest;,1.0
driver-lines,margin_v2,total_cash_costs_musd,2025Q3,2025-02-13,2,2008.1394850771044,2008.1394850771044,W2,PIT,7,20,1800.7249352037877,1846.5369954990333,1923.0869395868585,2093.1920305673502,2169.741974655175,2215.554034950421,126.0990926333872,,,,,,,,2025-02-13,a_unit_eq,rev_leg=naive;scenario=backtest;,1.0
driver-lines,margin_v2,adj_ebitda_margin_pct,2025Q1,2025-02-13,0,15.917760219303767,15.917760219303767,W1,full_sample,7,20,11.377506601198494,12.380321363400018,14.055980861843025,17.77953957676451,19.455199075207517,20.45801383740904,2.760278205739229,,,,,,,,2025-02-13,a_unit_eq,rev_leg=guide_cushion;scenario=backtest;,1.0
driver-lines,margin_v2,adj_ebitda_margin_pct,2025Q1,2025-02-13,0,15.917760219303767,15.917760219303767,W2,full_sample,7,20,11.377506601198494,12.380321363400018,14.055980861843025,17.77953957676451,19.455199075207517,20.45801383740904,2.760278205739229,,,,,,,,2025-02-13,a_unit_eq,rev_leg=guide_cushion;scenario=backtest;,1.0
driver-lines,margin_v2,adj_ebitda_musd,2025Q1,2025-02-13,0,366.28005023451254,366.28005023451254,W1,full_sample,7,20,295.0512376864252,310.7836858546215,337.0719169422118,395.4881835268133,421.7764146144035,437.50886278259986,43.30404321757244,,,,,,,,2025-02-13,a_unit_eq,rev_leg=guide_cushion;scenario=backtest;,1.0
driver-lines,margin_v2,adj_ebitda_musd,2025Q1,2025-02-13,0,366.28005023451254,366.28005023451254,W2,full_sample,7,20,295.0512376864252,310.7836858546215,337.0719169422118,395.4881835268133,421.7764146144035,437.50886278259986,43.30404321757244,,,,,,,,2025-02-13,a_unit_eq,rev_leg=guide_cushion;scenario=backtest;,1.0
driver-lines,margin_v2,total_cash_costs_musd,2025Q1,2025-02-13,0,1934.7977721988082,1934.7977721988082,W1,full_sample,7,20,1803.971884237548,1832.867655875174,1881.1512233239919,1988.4443210736242,2036.7278885224423,2065.623660160068,79.53649237697168,,,,,,,,2025-02-13,a_unit_eq,rev_leg=guide_cushion;scenario=backtest;,1.0
driver-lines,margin_v2,total_cash_costs_musd,2025Q1,2025-02-13,0,1934.7977721988082,1934.7977721988082,W2,full_sample,7,20,1803.971884237548,1832.867655875174,1881.1512233239919,1988.4443210736242,2036.7278885224423,2065.623660160068,79.53649237697168,,,,,,,,2025-02-13,a_unit_eq,rev_leg=guide_cushion;scenario=backtest;,1.0
driver-lines,margin_v2,adj_ebitda_margin_pct,2025Q2,2025-02-13,1,31.243049481043307,31.243049481043307,W1,full_sample,7,20,24.525934629819318,26.009557021605787,28.488624987699545,33.99747397438707,36.47654194048083,37.9601643322673,4.083715864537631,,,,,,,,2025-02-13,a_unit_eq,rev_leg=naive;scenario=backtest;,1.0
driver-lines,margin_v2,adj_ebitda_margin_pct,2025Q2,2025-02-13,1,31.243049481043307,31.243049481043307,W2,full_sample,7,20,24.525934629819318,26.009557021605787,28.488624987699545,33.99747397438707,36.47654194048083,37.9601643322673,4.083715864537631,,,,,,,,2025-02-13,a_unit_eq,rev_leg=naive;scenario=backtest;,1.0
driver-lines,margin_v2,adj_ebitda_musd,2025Q2,2025-02-13,1,959.9757977244788,959.9757977244788,W1,full_sample,7,20,591.073421397847,672.5536160980608,808.7034488794033,1111.2481465695544,1247.3979793508965,1328.8781740511106,224.27671999626227,,,,,,,,2025-02-13,a_unit_eq,rev_leg=naive;scenario=backtest;,1.0
driver-lines,margin_v2,adj_ebitda_musd,2025Q2,2025-02-13,1,959.9757977244788,959.9757977244788,W2,full_sample,7,20,591.073421397847,672.5536160980608,808.7034488794033,1111.2481465695544,1247.3979793508965,1328.8781740511106,224.27671999626227,,,,,,,,2025-02-13,a_unit_eq,rev_leg=naive;scenario=backtest;,1.0
driver-lines,margin_v2,total_cash_costs_musd,2025Q2,2025-02-13,1,2112.6301535830053,2112.6301535830053,W1,full_sample,7,20,1977.0221734382715,2006.9741751985214,2057.0226568710104,2168.237650295,2218.2861319674894,2248.2381337277393,82.44379799074653,,,,,,,,2025-02-13,a_unit_eq,rev_leg=naive;scenario=backtest;,1.0
driver-lines,margin_v2,total_cash_costs_musd,2025Q2,2025-02-13,1,2112.6301535830053,2112.6301535830053,W2,full_sample,7,20,1977.0221734382715,2006.9741751985214,2057.0226568710104,2168.237650295,2218.2861319674894,2248.2381337277393,82.44379799074653,,,,,,,,2025-02-13,a_unit_eq,rev_leg=naive;scenario=backtest;,1.0
driver-lines,margin_v2,adj_ebitda_margin_pct,2025Q3,2025-02-13,2,51.875715029692905,51.875715029692905,W1,full_sample,7,20,43.37228009750959,45.25045052512816,48.38879095983087,55.36263909955494,58.50097953425765,60.37914996187622,5.16972136173804,,,,,,,,2025-02-13,a_unit_eq,rev_leg=naive;scenario=backtest;,1.0
driver-lines,margin_v2,adj_ebitda_margin_pct,2025Q3,2025-02-13,2,51.875715029692905,51.875715029692905,W2,full_sample,7,20,43.37228009750959,45.25045052512816,48.38879095983087,55.36263909955494,58.50097953425765,60.37914996187622,5.16972136173804,,,,,,,,2025-02-13,a_unit_eq,rev_leg=naive;scenario=backtest;,1.0
driver-lines,margin_v2,adj_ebitda_musd,2025Q3,2025-02-13,2,2164.690792863925,2164.690792863925,W1,full_sample,7,20,627.9753356793236,967.3927064673202,1534.5442510345958,2794.837334693254,3361.9888792605293,3701.406250048526,934.2566608997961,,,,,,,,2025-02-13,a_unit_eq,rev_leg=naive;scenario=backtest;,1.0
driver-lines,margin_v2,adj_ebitda_musd,2025Q3,2025-02-13,2,2164.690792863925,2164.690792863925,W2,full_sample,7,20,627.9753356793236,967.3927064673202,1534.5442510345958,2794.837334693254,3361.9888792605293,3701.406250048526,934.2566608997961,,,,,,,,2025-02-13,a_unit_eq,rev_leg=naive;scenario=backtest;,1.0
driver-lines,margin_v2,total_cash_costs_musd,2025Q3,2025-02-13,2,2008.1496038899077,2008.1496038899077,W1,full_sample,7,20,1866.358687182036,1897.676326323102,1950.0067281814981,2066.292479598317,2118.6228814567135,2149.940520597779,86.2027565155832,,,,,,,,2025-02-13,a_unit_eq,rev_leg=naive;scenario=backtest;,1.0
driver-lines,margin_v2,total_cash_costs_musd,2025Q3,2025-02-13,2,2008.1496038899077,2008.1496038899077,W2,full_sample,7,20,1866.358687182036,1897.676326323102,1950.0067281814981,2066.292479598317,2118.6228814567135,2149.940520597779,86.2027565155832,,,,,,,,2025-02-13,a_unit_eq,rev_leg=naive;scenario=backtest;,1.0
driver-lines,margin_v2,adj_ebitda_margin_pct,2025Q2,2025-05-01,0,31.5444208372699,31.5444208372699,W1,PIT,7,21,23.949118239507236,25.6267076891474,28.429886104277678,34.65895557026212,37.4621339853924,39.139723435032565,4.617616104747019,,,,,,,,2025-05-01,a_unit_eq,rev_leg=guide_cushion;scenario=backtest;,1.0
driver-lines,margin_v2,adj_ebitda_margin_pct,2025Q2,2025-05-01,0,31.5444208372699,31.5444208372699,W2,PIT,7,21,23.949118239507236,25.6267076891474,28.429886104277678,34.65895557026212,37.4621339853924,39.139723435032565,4.617616104747019,,,,,,,,2025-05-01,a_unit_eq,rev_leg=guide_cushion;scenario=backtest;,1.0
driver-lines,margin_v2,adj_ebitda_musd,2025Q2,2025-05-01,0,972.1444457311728,972.1444457311728,W1,PIT,7,21,701.9206606647273,761.6055204888552,861.3363043257226,1082.9525871366232,1182.6833709734904,1242.3682307976185,164.28439627620307,,,,,,,,2025-05-01,a_unit_eq,rev_leg=guide_cushion;scenario=backtest;,1.0
driver-lines,margin_v2,adj_ebitda_musd,2025Q2,2025-05-01,0,972.1444457311728,972.1444457311728,W2,PIT,7,21,701.9206606647273,761.6055204888552,861.3363043257226,1082.9525871366232,1182.6833709734904,1242.3682307976185,164.28439627620307,,,,,,,,2025-05-01,a_unit_eq,rev_leg=guide_cushion;scenario=backtest;,1.0
driver-lines,margin_v2,total_cash_costs_musd,2025Q2,2025-05-01,0,2109.6824508418626,2109.6824508418626,W1,PIT,7,21,1867.7628010138633,1921.196070720806,2010.4807215777032,2208.884180106022,2298.1688309629194,2351.602100669862,147.07670388663502,,,,,,,,2025-05-01,a_unit_eq,rev_leg=guide_cushion;scenario=backtest;,1.0
driver-lines,margin_v2,total_cash_costs_musd,2025Q2,2025-05-01,0,2109.6824508418626,2109.6824508418626,W2,PIT,7,21,1867.7628010138633,1921.196070720806,2010.4807215777032,2208.884180106022,2298.1688309629194,2351.602100669862,147.07670388663502,,,,,,,,2025-05-01,a_unit_eq,rev_leg=guide_cushion;scenario=backtest;,1.0
driver-lines,margin_v2,adj_ebitda_margin_pct,2025Q3,2025-05-01,1,50.52592709007115,50.52592709007115,W1,PIT,7,21,38.175560292378144,40.90341014066451,45.461527632445915,55.590326547696385,60.14844403947779,62.876293887764156,7.508489871273743,,,,,,,,2025-05-01,a_unit_eq,rev_leg=naive;scenario=backtest;,1.0
driver-lines,margin_v2,adj_ebitda_margin_pct,2025Q3,2025-05-01,1,50.52592709007115,50.52592709007115,W2,PIT,7,21,38.175560292378144,40.90341014066451,45.461527632445915,55.590326547696385,60.14844403947779,62.876293887764156,7.508489871273743,,,,,,,,2025-05-01,a_unit_eq,rev_leg=naive;scenario=backtest;,1.0
driver-lines,margin_v2,adj_ebitda_musd,2025Q3,2025-05-01,1,2000.0681162144288,2000.0681162144288,W1,PIT,7,21,606.6574247533717,914.4227895855045,1428.6852200074304,2571.4510124214275,3085.713442843353,3393.4788076754858,847.1335495326518,,,,,,,,2025-05-01,a_unit_eq,rev_leg=naive;scenario=backtest;,1.0
driver-lines,margin_v2,adj_ebitda_musd,2025Q3,2025-05-01,1,2000.0681162144288,2000.0681162144288,W2,PIT,7,21,606.6574247533717,914.4227895855045,1428.6852200074304,2571.4510124214275,3085.713442843353,3393.4788076754858,847.1335495326518,,,,,,,,2025-05-01,a_unit_eq,rev_leg=naive;scenario=backtest;,1.0
driver-lines,margin_v2,total_cash_costs_musd,2025Q3,2025-05-01,1,1958.430483225347,1958.430483225347,W1,PIT,7,21,1780.2258536086067,1819.5862612650626,1885.3557766712138,2031.5051897794801,2097.274705185632,2136.6351128420874,108.34072205380363,,,,,,,,2025-05-01,a_unit_eq,rev_leg=naive;scenario=backtest;,1.0
driver-lines,margin_v2,total_cash_costs_musd,2025Q3,2025-05-01,1,1958.430483225347,1958.430483225347,W2,PIT,7,21,1780.2258536086067,1819.5862612650626,1885.3557766712138,2031.5051897794801,2097.274705185632,2136.6351128420874,108.34072205380363,,,,,,,,2025-05-01,a_unit_eq,rev_leg=naive;scenario=backtest;,1.0
driver-lines,margin_v2,adj_ebitda_margin_pct,2025Q4,2025-05-01,2,27.446298212876098,27.446298212876098,W1,PIT,7,21,11.404901632992004,14.947996501632844,20.86835267737252,34.024243748379675,39.94459992411935,43.487694792760195,9.752476644146622,,,,,,,,2025-05-01,a_unit_eq,rev_leg=naive;scenario=backtest;,1.0
driver-lines,margin_v2,adj_ebitda_margin_pct,2025Q4,2025-05-01,2,27.446298212876098,27.446298212876098,W2,PIT,7,21,11.404901632992004,14.947996501632844,20.86835267737252,34.024243748379675,39.94459992411935,43.487694792760195,9.752476644146622,,,,,,,,2025-05-01,a_unit_eq,rev_leg=naive;scenario=backtest;,1.0
driver-lines,margin_v2,adj_ebitda_musd,2025Q4,2025-05-01,2,721.9785903750848,721.9785903750848,W1,PIT,7,21,-243.89451285344785,-30.56021750296511,325.91203621904896,1118.0451445311205,1474.5173982531346,1687.8516936036172,587.2091518676078,,,,,,,,2025-05-01,a_unit_eq,rev_leg=naive;scenario=backtest;,1.0
driver-lines,margin_v2,adj_ebitda_musd,2025Q4,2025-05-01,2,721.9785903750848,721.9785903750848,W2,PIT,7,21,-243.89451285344785,-30.56021750296511,325.91203621904896,1118.0451445311205,1474.5173982531346,1687.8516936036172,587.2091518676078,,,,,,,,2025-05-01,a_unit_eq,rev_leg=naive;scenario=backtest;,1.0
driver-lines,margin_v2,total_cash_costs_musd,2025Q4,2025-05-01,2,1908.5349483737482,1908.5349483737482,W1,PIT,7,21,1706.9740783855293,1751.4932248711655,1825.8827666719476,1991.1871300755488,2065.5766718763307,2110.095818361967,122.54030795541749,,,,,,,,2025-05-01,a_unit_eq,rev_leg=naive;scenario=backtest;,1.0
driver-lines,margin_v2,total_cash_costs_musd,2025Q4,2025-05-01,2,1908.5349483737482,1908.5349483737482,W2,PIT,7,21,1706.9740783855293,1751.4932248711655,1825.8827666719476,1991.1871300755488,2065.5766718763307,2110.095818361967,122.54030795541749,,,,,,,,2025-05-01,a_unit_eq,rev_leg=naive;scenario=backtest;,1.0
driver-lines,margin_v2,adj_ebitda_margin_pct,2025Q2,2025-05-01,0,31.388643755150795,31.388643755150795,W1,full_sample,7,21,26.84839013704552,27.851204899247044,29.526864397690055,33.250423112611536,34.92608261105455,35.92889737325607,2.760278205739229,,,,,,,,2025-05-01,a_unit_eq,rev_leg=guide_cushion;scenario=backtest;,1.0
driver-lines,margin_v2,adj_ebitda_margin_pct,2025Q2,2025-05-01,0,31.388643755150795,31.388643755150795,W2,full_sample,7,21,26.84839013704552,27.851204899247044,29.526864397690055,33.250423112611536,34.92608261105455,35.92889737325607,2.760278205739229,,,,,,,,2025-05-01,a_unit_eq,rev_leg=guide_cushion;scenario=backtest;,1.0
driver-lines,margin_v2,adj_ebitda_musd,2025Q2,2025-05-01,0,967.3436657157296,967.3436657157296,W1,full_sample,7,21,779.2287503914304,820.7780623781518,890.2051409459588,1044.4821904855005,1113.909269053307,1155.4585810400285,114.36574795591162,,,,,,,,2025-05-01,a_unit_eq,rev_leg=guide_cushion;scenario=backtest;,1.0
driver-lines,margin_v2,adj_ebitda_musd,2025Q2,2025-05-01,0,967.3436657157296,967.3436657157296,W2,full_sample,7,21,779.2287503914304,820.7780623781518,890.2051409459588,1044.4821904855005,1113.909269053307,1155.4585810400285,114.36574795591162,,,,,,,,2025-05-01,a_unit_eq,rev_leg=guide_cushion;scenario=backtest;,1.0
driver-lines,margin_v2,total_cash_costs_musd,2025Q2,2025-05-01,0,2114.483230857306,2114.483230857306,W1,full_sample,7,21,1971.507489293512,2003.0868230349422,2055.854505096343,2173.111956618269,2225.8796386796694,2257.4589724210996,86.92307888135998,,,,,,,,2025-05-01,a_unit_eq,rev_leg=guide_cushion;scenario=backtest;,1.0
driver-lines,margin_v2,total_cash_costs_musd,2025Q2,2025-05-01,0,2114.483230857306,2114.483230857306,W2,full_sample,7,21,1971.507489293512,2003.0868230349422,2055.854505096343,2173.111956618269,2225.8796386796694,2257.4589724210996,86.92307888135998,,,,,,,,2025-05-01,a_unit_eq,rev_leg=guide_cushion;scenario=backtest;,1.0
driver-lines,margin_v2,adj_ebitda_margin_pct,2025Q3,2025-05-01,1,50.4128542062155,50.4128542062155,W1,full_sample,7,21,43.69573935499151,45.17936174677798,47.65842971287174,53.16727869955926,55.64634666565302,57.12996905743949,4.083715864537631,,,,,,,,2025-05-01,a_unit_eq,rev_leg=naive;scenario=backtest;,1.0
driver-lines,margin_v2,adj_ebitda_margin_pct,2025Q3,2025-05-01,1,50.4128542062155,50.4128542062155,W2,full_sample,7,21,43.69573935499151,45.17936174677798,47.65842971287174,53.16727869955926,55.64634666565302,57.12996905743949,4.083715864537631,,,,,,,,2025-05-01,a_unit_eq,rev_leg=naive;scenario=backtest;,1.0
driver-lines,margin_v2,adj_ebitda_musd,2025Q3,2025-05-01,1,1995.5921276906568,1995.5921276906568,W1,full_sample,7,21,1228.7200046341836,1398.100561406425,1681.1280451501623,2310.056210231151,2593.0836939748883,2762.46425074713,466.22514641486583,,,,,,,,2025-05-01,a_unit_eq,rev_leg=naive;scenario=backtest;,1.0
driver-lines,margin_v2,adj_ebitda_musd,2025Q3,2025-05-01,1,1995.5921276906568,1995.5921276906568,W2,full_sample,7,21,1228.7200046341836,1398.100561406425,1681.1280451501623,2310.056210231151,2593.0836939748883,2762.46425074713,466.22514641486583,,,,,,,,2025-05-01,a_unit_eq,rev_leg=naive;scenario=backtest;,1.0
driver-lines,margin_v2,total_cash_costs_musd,2025Q3,2025-05-01,1,1962.906471749119,1962.906471749119,W1,full_sample,7,21,1836.9091307590384,1864.7384117135505,1911.239919992002,2014.573023506236,2061.0745317846877,2088.9038127391996,76.60094425763629,,,,,,,,2025-05-01,a_unit_eq,rev_leg=naive;scenario=backtest;,1.0
driver-lines,margin_v2,total_cash_costs_musd,2025Q3,2025-05-01,1,1962.906471749119,1962.906471749119,W2,full_sample,7,21,1836.9091307590384,1864.7384117135505,1911.239919992002,2014.573023506236,2061.0745317846877,2088.9038127391996,76.60094425763629,,,,,,,,2025-05-01,a_unit_eq,rev_leg=naive;scenario=backtest;,1.0
driver-lines,margin_v2,adj_ebitda_margin_pct,2025Q4,2025-05-01,2,27.264930362766275,27.264930362766275,W1,full_sample,7,21,18.761495430582954,20.639665858201525,23.778006292904237,30.751854432628313,33.890194867331026,35.7683652949496,5.16972136173804,,,,,,,,2025-05-01,a_unit_eq,rev_leg=naive;scenario=backtest;,1.0
driver-lines,margin_v2,adj_ebitda_margin_pct,2025Q4,2025-05-01,2,27.264930362766275,27.264930362766275,W2,full_sample,7,21,18.761495430582954,20.639665858201525,23.778006292904237,30.751854432628313,33.890194867331026,35.7683652949496,5.16972136173804,,,,,,,,2025-05-01,a_unit_eq,rev_leg=naive;scenario=backtest;,1.0
driver-lines,margin_v2,adj_ebitda_musd,2025Q4,2025-05-01,2,717.2076845230082,717.2076845230082,W1,full_sample,7,21,208.06146444788732,320.51759323646155,508.4268537154538,925.9885153305627,1113.8977758095548,1226.353904598129,309.5389229367229,,,,,,,,2025-05-01,a_unit_eq,rev_leg=naive;scenario=backtest;,1.0
driver-lines,margin_v2,adj_ebitda_musd,2025Q4,2025-05-01,2,717.2076845230082,717.2076845230082,W2,full_sample,7,21,208.06146444788732,320.51759323646155,508.4268537154538,925.9885153305627,1113.8977758095548,1226.353904598129,309.5389229367229,,,,,,,,2025-05-01,a_unit_eq,rev_leg=naive;scenario=backtest;,1.0
driver-lines,margin_v2,total_cash_costs_musd,2025Q4,2025-05-01,2,1913.305854225825,1913.305854225825,W1,full_sample,7,21,1778.2116408824998,1808.0501659570582,1857.9090330632305,1968.7026753884195,2018.561542494592,2048.40006756915,82.13144995382065,,,,,,,,2025-05-01,a_unit_eq,rev_leg=naive;scenario=backtest;,1.0
driver-lines,margin_v2,total_cash_costs_musd,2025Q4,2025-05-01,2,1913.305854225825,1913.305854225825,W2,full_sample,7,21,1778.2116408824998,1808.0501659570582,1857.9090330632305,1968.7026753884195,2018.561542494592,2048.40006756915,82.13144995382065,,,,,,,,2025-05-01,a_unit_eq,rev_leg=naive;scenario=backtest;,1.0
driver-lines,margin_v2,adj_ebitda_margin_pct,2025Q3,2025-08-06,0,52.680369454288005,52.680369454288005,W1,PIT,7,22,45.58563399630736,47.152662195526474,49.77109760884748,55.589641299728534,58.208076713049536,59.77510491226865,4.31329289228601,,,,,,,,2025-08-06,a_unit_eq,rev_leg=guide_cushion;scenario=backtest;,1.0
driver-lines,margin_v2,adj_ebitda_margin_pct,2025Q3,2025-08-06,0,52.680369454288005,52.680369454288005,W2,PIT,7,22,45.58563399630736,47.152662195526474,49.77109760884748,55.589641299728534,58.208076713049536,59.77510491226865,4.31329289228601,,,,,,,,2025-08-06,a_unit_eq,rev_leg=guide_cushion;scenario=backtest;,1.0
driver-lines,margin_v2,adj_ebitda_musd,2025Q3,2025-08-06,0,2180.739025956487,2180.739025956487,W1,PIT,7,22,1645.4342776219887,1763.6680920868348,1961.231612003741,2400.246439909233,2597.8099598261388,2716.043774290985,325.4421789047684,,,,,,,,2025-08-06,a_unit_eq,rev_leg=guide_cushion;scenario=backtest;,1.0
driver-lines,margin_v2,adj_ebitda_musd,2025Q3,2025-08-06,0,2180.739025956487,2180.739025956487,W2,PIT,7,22,1645.4342776219887,1763.6680920868348,1961.231612003741,2400.246439909233,2597.8099598261388,2716.043774290985,325.4421789047684,,,,,,,,2025-08-06,a_unit_eq,rev_leg=guide_cushion;scenario=backtest;,1.0
driver-lines,margin_v2,total_cash_costs_musd,2025Q3,2025-08-06,0,1958.8276637736703,1958.8276637736703,W1,PIT,7,22,1732.7425449641887,1782.6784106066127,1866.1190526181092,2051.5362749292317,2134.9769169407277,2184.912782583152,137.44999257380826,,,,,,,,2025-08-06,a_unit_eq,rev_leg=guide_cushion;scenario=backtest;,1.0
driver-lines,margin_v2,total_cash_costs_musd,2025Q3,2025-08-06,0,1958.8276637736703,1958.8276637736703,W2,PIT,7,22,1732.7425449641887,1782.6784106066127,1866.1190526181092,2051.5362749292317,2134.9769169407277,2184.912782583152,137.44999257380826,,,,,,,,2025-08-06,a_unit_eq,rev_leg=guide_cushion;scenario=backtest;,1.0
driver-lines,margin_v2,adj_ebitda_margin_pct,2025Q4,2025-08-06,1,31.235557029557413,31.235557029557413,W1,PIT,7,22,18.85670703845509,21.59084802578964,26.15947773508065,36.311636324034176,40.880266033325185,43.61440702065973,7.5258064233015975,,,,,,,,2025-08-06,a_unit_eq,rev_leg=naive;scenario=backtest;,1.0
driver-lines,margin_v2,adj_ebitda_margin_pct,2025Q4,2025-08-06,1,31.235557029557413,31.235557029557413,W2,PIT,7,22,18.85670703845509,21.59084802578964,26.15947773508065,36.311636324034176,40.880266033325185,43.61440702065973,7.5258064233015975,,,,,,,,2025-08-06,a_unit_eq,rev_leg=naive;scenario=backtest;,1.0
driver-lines,margin_v2,adj_ebitda_musd,2025Q4,2025-08-06,1,872.7405593795639,872.7405593795639,W1,PIT,7,22,255.4458900631088,391.7889799183363,619.6123049972593,1125.8688137618685,1353.6921388407918,1490.035228696019,375.28851151365524,,,,,,,,2025-08-06,a_unit_eq,rev_leg=naive;scenario=backtest;,1.0
driver-lines,margin_v2,adj_ebitda_musd,2025Q4,2025-08-06,1,872.7405593795639,872.7405593795639,W2,PIT,7,22,255.4458900631088,391.7889799183363,619.6123049972593,1125.8688137618685,1353.6921388407918,1490.035228696019,375.28851151365524,,,,,,,,2025-08-06,a_unit_eq,rev_leg=naive;scenario=backtest;,1.0
driver-lines,margin_v2,total_cash_costs_musd,2025Q4,2025-08-06,1,1921.320575991615,1921.320575991615,W1,PIT,7,22,1749.349629119436,1787.3331909860003,1850.8020574461216,1991.8390945371086,2055.3079609972297,2093.291522863794,104.55091204127709,,,,,,,,2025-08-06,a_unit_eq,rev_leg=naive;scenario=backtest;,1.0
driver-lines,margin_v2,total_cash_costs_musd,2025Q4,2025-08-06,1,1921.320575991615,1921.320575991615,W2,PIT,7,22,1749.349629119436,1787.3331909860003,1850.8020574461216,1991.8390945371086,2055.3079609972297,2093.291522863794,104.55091204127709,,,,,,,,2025-08-06,a_unit_eq,rev_leg=naive;scenario=backtest;,1.0
driver-lines,margin_v2,adj_ebitda_margin_pct,2026Q1,2025-08-06,2,18.22226944350877,18.22226944350877,W1,PIT,7,22,1.917601944208002,5.518845979537813,11.536366863219175,24.908172023798368,30.92569290747973,34.52693694280954,9.912533998249684,,,,,,,,2025-08-06,a_unit_eq,rev_leg=naive;scenario=backtest;,1.0
driver-lines,margin_v2,adj_ebitda_margin_pct,2026Q1,2025-08-06,2,18.22226944350877,18.22226944350877,W2,PIT,7,22,1.917601944208002,5.518845979537813,11.536366863219175,24.908172023798368,30.92569290747973,34.52693694280954,9.912533998249684,,,,,,,,2025-08-06,a_unit_eq,rev_leg=naive;scenario=backtest;,1.0
driver-lines,margin_v2,adj_ebitda_musd,2026Q1,2025-08-06,2,466.43917088725755,466.43917088725755,W1,PIT,7,22,-163.07540281636108,-24.033278602508325,208.30001454841,724.5783272261051,956.9116203770233,1095.953744590876,382.71768587113985,,,,,,,,2025-08-06,a_unit_eq,rev_leg=naive;scenario=backtest;,1.0
driver-lines,margin_v2,adj_ebitda_musd,2026Q1,2025-08-06,2,466.43917088725755,466.43917088725755,W2,PIT,7,22,-163.07540281636108,-24.033278602508325,208.30001454841,724.5783272261051,956.9116203770233,1095.953744590876,382.71768587113985,,,,,,,,2025-08-06,a_unit_eq,rev_leg=naive;scenario=backtest;,1.0
driver-lines,margin_v2,total_cash_costs_musd,2026Q1,2025-08-06,2,2093.2813531302095,2093.2813531302095,W1,PIT,7,22,1875.655624816408,1923.7230482126834,2004.0416051541747,2182.5211011062447,2262.8396580477356,2310.907081444011,132.3070483281502,,,,,,,,2025-08-06,a_unit_eq,rev_leg=naive;scenario=backtest;,1.0
driver-lines,margin_v2,total_cash_costs_musd,2026Q1,2025-08-06,2,2093.2813531302095,2093.2813531302095,W2,PIT,7,22,1875.655624816408,1923.7230482126834,2004.0416051541747,2182.5211011062447,2262.8396580477356,2310.907081444011,132.3070483281502,,,,,,,,2025-08-06,a_unit_eq,rev_leg=naive;scenario=backtest;,1.0
driver-lines,margin_v2,adj_ebitda_margin_pct,2025Q3,2025-08-06,0,52.52171956909511,52.52171956909511,W1,full_sample,7,22,47.981465950989836,48.98428071319136,50.65994021163437,54.38349892655585,56.05915842499886,57.06197318720039,2.760278205739229,,,,,,,,2025-08-06,a_unit_eq,rev_leg=guide_cushion;scenario=backtest;,1.0
driver-lines,margin_v2,adj_ebitda_margin_pct,2025Q3,2025-08-06,0,52.52171956909511,52.52171956909511,W2,full_sample,7,22,47.981465950989836,48.98428071319136,50.65994021163437,54.38349892655585,56.05915842499886,57.06197318720039,2.760278205739229,,,,,,,,2025-08-06,a_unit_eq,rev_leg=guide_cushion;scenario=backtest;,1.0
driver-lines,margin_v2,adj_ebitda_musd,2025Q3,2025-08-06,0,2174.1716081557465,2174.1716081557465,W1,full_sample,7,22,1751.37036133505,1844.755305757151,2000.7974533507263,2347.5457629607668,2503.5879105543418,2596.9728549764427,257.0449065454566,,,,,,,,2025-08-06,a_unit_eq,rev_leg=guide_cushion;scenario=backtest;,1.0
driver-lines,margin_v2,adj_ebitda_musd,2025Q3,2025-08-06,0,2174.1716081557465,2174.1716081557465,W2,full_sample,7,22,1751.37036133505,1844.755305757151,2000.7974533507263,2347.5457629607668,2503.5879105543418,2596.9728549764427,257.0449065454566,,,,,,,,2025-08-06,a_unit_eq,rev_leg=guide_cushion;scenario=backtest;,1.0
driver-lines,margin_v2,total_cash_costs_musd,2025Q3,2025-08-06,0,1965.3950815744106,1965.3950815744106,W1,full_sample,7,22,1832.5002847970422,1861.8530204012116,1910.9001546021818,2019.8900085466391,2068.9371427476094,2098.2898783517785,80.79429962632715,,,,,,,,2025-08-06,a_unit_eq,rev_leg=guide_cushion;scenario=backtest;,1.0
driver-lines,margin_v2,total_cash_costs_musd,2025Q3,2025-08-06,0,1965.3950815744106,1965.3950815744106,W2,full_sample,7,22,1832.5002847970422,1861.8530204012116,1910.9001546021818,2019.8900085466391,2068.9371427476094,2098.2898783517785,80.79429962632715,,,,,,,,2025-08-06,a_unit_eq,rev_leg=guide_cushion;scenario=backtest;,1.0
driver-lines,margin_v2,adj_ebitda_margin_pct,2025Q4,2025-08-06,1,30.999225887079866,30.999225887079866,W1,full_sample,7,22,24.282111035855877,25.765733427642346,28.244801393736104,33.75365038042363,36.23271834651739,37.716340738303856,4.083715864537631,,,,,,,,2025-08-06,a_unit_eq,rev_leg=naive;scenario=backtest;,1.0
driver-lines,margin_v2,adj_ebitda_margin_pct,2025Q4,2025-08-06,1,30.999225887079866,30.999225887079866,W2,full_sample,7,22,24.282111035855877,25.765733427642346,28.244801393736104,33.75365038042363,36.23271834651739,37.716340738303856,4.083715864537631,,,,,,,,2025-08-06,a_unit_eq,rev_leg=naive;scenario=backtest;,1.0
driver-lines,margin_v2,adj_ebitda_musd,2025Q4,2025-08-06,1,866.13732277682,866.13732277682,W1,full_sample,7,22,533.2954768105525,606.8109111207332,729.6519785114644,1002.6226670421756,1125.463734432907,1198.9791687430877,202.3534742013171,,,,,,,,2025-08-06,a_unit_eq,rev_leg=naive;scenario=backtest;,1.0
driver-lines,margin_v2,adj_ebitda_musd,2025Q4,2025-08-06,1,866.13732277682,866.13732277682,W2,full_sample,7,22,533.2954768105525,606.8109111207332,729.6519785114644,1002.6226670421756,1125.463734432907,1198.9791687430877,202.3534742013171,,,,,,,,2025-08-06,a_unit_eq,rev_leg=naive;scenario=backtest;,1.0
driver-lines,margin_v2,total_cash_costs_musd,2025Q4,2025-08-06,1,1927.9238125943589,1927.9238125943589,W1,full_sample,7,22,1804.1719795271977,1831.5052907224954,1877.1780552794805,1978.6695699092372,2024.3423344662226,2051.6756456615203,75.23577237478554,,,,,,,,2025-08-06,a_unit_eq,rev_leg=naive;scenario=backtest;,1.0
driver-lines,margin_v2,total_cash_costs_musd,2025Q4,2025-08-06,1,1927.9238125943589,1927.9238125943589,W2,full_sample,7,22,1804.1719795271977,1831.5052907224954,1877.1780552794805,1978.6695699092372,2024.3423344662226,2051.6756456615203,75.23577237478554,,,,,,,,2025-08-06,a_unit_eq,rev_leg=naive;scenario=backtest;,1.0
driver-lines,margin_v2,adj_ebitda_margin_pct,2026Q1,2025-08-06,2,17.94209417513766,17.94209417513766,W1,full_sample,7,22,9.438659242954342,11.316829670572913,14.455170105275624,21.4290182449997,24.56735867970241,26.44552910732098,5.16972136173804,,,,,,,,2025-08-06,a_unit_eq,rev_leg=naive;scenario=backtest;,1.0
driver-lines,margin_v2,adj_ebitda_margin_pct,2026Q1,2025-08-06,2,17.94209417513766,17.94209417513766,W2,full_sample,7,22,9.438659242954342,11.316829670572913,14.455170105275624,21.4290182449997,24.56735867970241,26.44552910732098,5.16972136173804,,,,,,,,2025-08-06,a_unit_eq,rev_leg=naive;scenario=backtest;,1.0
driver-lines,margin_v2,adj_ebitda_musd,2026Q1,2025-08-06,2,459.2674670395412,459.2674670395412,W1,full_sample,7,22,133.23318172346396,205.24501670003698,325.57363553079574,592.9612985482867,713.2899173790454,785.3017523556184,198.21477119538017,,,,,,,,2025-08-06,a_unit_eq,rev_leg=naive;scenario=backtest;,1.0
driver-lines,margin_v2,adj_ebitda_musd,2026Q1,2025-08-06,2,459.2674670395412,459.2674670395412,W2,full_sample,7,22,133.23318172346396,205.24501670003698,325.57363553079574,592.9612985482867,713.2899173790454,785.3017523556184,198.21477119538017,,,,,,,,2025-08-06,a_unit_eq,rev_leg=naive;scenario=backtest;,1.0
driver-lines,margin_v2,total_cash_costs_musd,2026Q1,2025-08-06,2,2100.453056977926,2100.453056977926,W1,full_sample,7,22,1952.1448015203414,1984.9019381120384,2039.6376770945496,2161.2684368613022,2216.0041758438138,2248.7613124355103,90.16501713435441,,,,,,,,2025-08-06,a_unit_eq,rev_leg=naive;scenario=backtest;,1.0
driver-lines,margin_v2,total_cash_costs_musd,2026Q1,2025-08-06,2,2100.453056977926,2100.453056977926,W2,full_sample,7,22,1952.1448015203414,1984.9019381120384,2039.6376770945496,2161.2684368613022,2216.0041758438138,2248.7613124355103,90.16501713435441,,,,,,,,2025-08-06,a_unit_eq,rev_leg=naive;scenario=backtest;,1.0
driver-lines,margin_v2,adj_ebitda_margin_pct,2025Q4,2025-11-06,0,29.043566232738307,29.043566232738307,W1,PIT,7,23,23.901826197704246,25.03749244990945,26.935140963171367,31.151991502305247,33.049640015567164,34.18530626777237,3.1259559822132172,,,,,,,,2025-11-06,a_unit_eq,rev_leg=guide_cushion;scenario=backtest;,1.0
driver-lines,margin_v2,adj_ebitda_margin_pct,2025Q4,2025-11-06,0,29.043566232738307,29.043566232738307,W2,PIT,7,23,23.901826197704246,25.03749244990945,26.935140963171367,31.151991502305247,33.049640015567164,34.18530626777237,3.1259559822132172,,,,,,,,2025-11-06,a_unit_eq,rev_leg=guide_cushion;scenario=backtest;,1.0
driver-lines,margin_v2,adj_ebitda_musd,2025Q4,2025-11-06,0,796.5800579235945,796.5800579235945,W1,PIT,7,23,621.8806747696995,660.4668717335899,724.9427150183363,868.2174008288526,932.6932441135991,971.2794410774894,106.20968351918232,,,,,,,,2025-11-06,a_unit_eq,rev_leg=guide_cushion;scenario=backtest;,1.0
driver-lines,margin_v2,adj_ebitda_musd,2025Q4,2025-11-06,0,796.5800579235945,796.5800579235945,W2,PIT,7,23,621.8806747696995,660.4668717335899,724.9427150183363,868.2174008288526,932.6932441135991,971.2794410774894,106.20968351918232,,,,,,,,2025-11-06,a_unit_eq,rev_leg=guide_cushion;scenario=backtest;,1.0
driver-lines,margin_v2,total_cash_costs_musd,2025Q4,2025-11-06,0,1946.127402793397,1946.127402793397,W1,PIT,7,23,1807.421135956872,1838.05746240323,1889.2494206214558,2003.0053849653382,2054.197343183564,2084.8336696299225,84.3274225522423,,,,,,,,2025-11-06,a_unit_eq,rev_leg=guide_cushion;scenario=backtest;,1.0
driver-lines,margin_v2,total_cash_costs_musd,2025Q4,2025-11-06,0,1946.127402793397,1946.127402793397,W2,PIT,7,23,1807.421135956872,1838.05746240323,1889.2494206214558,2003.0053849653382,2054.197343183564,2084.8336696299225,84.3274225522423,,,,,,,,2025-11-06,a_unit_eq,rev_leg=guide_cushion;scenario=backtest;,1.0
driver-lines,margin_v2,adj_ebitda_margin_pct,2026Q1,2025-11-06,1,15.147214439093364,15.147214439093364,W1,PIT,7,23,4.226260406913738,6.6383930413378724,10.668960911623076,19.625467966563654,23.656035836848858,26.06816847127299,6.639468614857987,,,,,,,,2025-11-06,a_unit_eq,rev_leg=naive;scenario=backtest;,1.0
driver-lines,margin_v2,adj_ebitda_margin_pct,2026Q1,2025-11-06,1,15.147214439093364,15.147214439093364,W2,PIT,7,23,4.226260406913738,6.6383930413378724,10.668960911623076,19.625467966563654,23.656035836848858,26.06816847127299,6.639468614857987,,,,,,,,2025-11-06,a_unit_eq,rev_leg=naive;scenario=backtest;,1.0
driver-lines,margin_v2,adj_ebitda_musd,2026Q1,2025-11-06,1,377.6185948205103,377.6185948205103,W1,PIT,7,23,124.72470390564324,180.58187586376934,273.9167611045086,481.32042853651194,574.6553137772512,630.5124857353774,153.7485687304431,,,,,,,,2025-11-06,a_unit_eq,rev_leg=naive;scenario=backtest;,1.0
driver-lines,margin_v2,adj_ebitda_musd,2026Q1,2025-11-06,1,377.6185948205103,377.6185948205103,W2,PIT,7,23,124.72470390564324,180.58187586376934,273.9167611045086,481.32042853651194,574.6553137772512,630.5124857353774,153.7485687304431,,,,,,,,2025-11-06,a_unit_eq,rev_leg=naive;scenario=backtest;,1.0
driver-lines,margin_v2,total_cash_costs_musd,2026Q1,2025-11-06,1,2115.3717588772392,2115.3717588772392,W1,PIT,7,23,1938.9756994120569,1977.9366446157487,2043.038675778074,2187.704841976404,2252.80687313873,2291.767818342422,107.2411894741723,,,,,,,,2025-11-06,a_unit_eq,rev_leg=naive;scenario=backtest;,1.0
driver-lines,margin_v2,total_cash_costs_musd,2026Q1,2025-11-06,1,2115.3717588772392,2115.3717588772392,W2,PIT,7,23,1938.9756994120569,1977.9366446157487,2043.038675778074,2187.704841976404,2252.80687313873,2291.767818342422,107.2411894741723,,,,,,,,2025-11-06,a_unit_eq,rev_leg=naive;scenario=backtest;,1.0
driver-lines,margin_v2,adj_ebitda_margin_pct,2026Q2,2025-11-06,2,31.45129721257402,31.45129721257402,W1,PIT,7,23,16.13615642097144,19.518841742727332,25.171160598904013,37.73143382624402,43.383752682420706,46.7664380041766,9.310944475945409,,,,,,,,2025-11-06,a_unit_eq,rev_leg=naive;scenario=backtest;,1.0
driver-lines,margin_v2,adj_ebitda_margin_pct,2026Q2,2025-11-06,2,31.45129721257402,31.45129721257402,W2,PIT,7,23,16.13615642097144,19.518841742727332,25.171160598904013,37.73143382624402,43.383752682420706,46.7664380041766,9.310944475945409,,,,,,,,2025-11-06,a_unit_eq,rev_leg=naive;scenario=backtest;,1.0
driver-lines,margin_v2,adj_ebitda_musd,2026Q2,2025-11-06,2,1068.4440520275427,1068.4440520275427,W1,PIT,7,23,-367.9746669246151,-50.71003432266915,479.4252560398068,1657.4628480152787,2187.598138377755,2504.8627709797006,873.2805736729158,,,,,,,,2025-11-06,a_unit_eq,rev_leg=naive;scenario=backtest;,1.0
driver-lines,margin_v2,adj_ebitda_musd,2026Q2,2025-11-06,2,1068.4440520275427,1068.4440520275427,W2,PIT,7,23,-367.9746669246151,-50.71003432266915,479.4252560398068,1657.4628480152787,2187.598138377755,2504.8627709797006,873.2805736729158,,,,,,,,2025-11-06,a_unit_eq,rev_leg=naive;scenario=backtest;,1.0
driver-lines,margin_v2,total_cash_costs_musd,2026Q2,2025-11-06,2,2328.6942116380524,2328.6942116380524,W1,PIT,7,23,2112.1422734900766,2159.972526736759,2239.89478275719,2417.4936405189146,2497.415896539346,2545.246149786028,131.65423026079674,,,,,,,,2025-11-06,a_unit_eq,rev_leg=naive;scenario=backtest;,1.0
driver-lines,margin_v2,total_cash_costs_musd,2026Q2,2025-11-06,2,2328.6942116380524,2328.6942116380524,W2,PIT,7,23,2112.1422734900766,2159.972526736759,2239.89478275719,2417.4936405189146,2497.415896539346,2545.246149786028,131.65423026079674,,,,,,,,2025-11-06,a_unit_eq,rev_leg=naive;scenario=backtest;,1.0
driver-lines,margin_v2,adj_ebitda_margin_pct,2025Q4,2025-11-06,0,28.934444054951506,28.934444054951506,W1,full_sample,7,23,24.39419043684623,25.397005199047754,27.072664697490765,30.796223412412246,32.47188291085526,33.47469767305678,2.760278205739229,,,,,,,,2025-11-06,a_unit_eq,rev_leg=guide_cushion;scenario=backtest;,1.0
driver-lines,margin_v2,adj_ebitda_margin_pct,2025Q4,2025-11-06,0,28.934444054951506,28.934444054951506,W2,full_sample,7,23,24.39419043684623,25.397005199047754,27.072664697490765,30.796223412412246,32.47188291085526,33.47469767305678,2.760278205739229,,,,,,,,2025-11-06,a_unit_eq,rev_leg=guide_cushion;scenario=backtest;,1.0
driver-lines,margin_v2,adj_ebitda_musd,2025Q4,2025-11-06,0,793.5871558121389,793.5871558121389,W1,full_sample,7,23,639.2618773108353,673.3480056374182,730.3044315382447,856.8698800860332,913.8263059868596,947.9124343134424,93.823107401554,,,,,,,,2025-11-06,a_unit_eq,rev_leg=guide_cushion;scenario=backtest;,1.0
driver-lines,margin_v2,adj_ebitda_musd,2025Q4,2025-11-06,0,793.5871558121389,793.5871558121389,W2,full_sample,7,23,639.2618773108353,673.3480056374182,730.3044315382447,856.8698800860332,913.8263059868596,947.9124343134424,93.823107401554,,,,,,,,2025-11-06,a_unit_eq,rev_leg=guide_cushion;scenario=backtest;,1.0
driver-lines,margin_v2,total_cash_costs_musd,2025Q4,2025-11-06,0,1949.1203049048527,1949.1203049048527,W1,full_sample,7,23,1817.3259653120854,1846.435640769683,1895.076632122894,2003.1639776868112,2051.804969040022,2080.9146444976195,80.12526916272259,,,,,,,,2025-11-06,a_unit_eq,rev_leg=guide_cushion;scenario=backtest;,1.0
driver-lines,margin_v2,total_cash_costs_musd,2025Q4,2025-11-06,0,1949.1203049048527,1949.1203049048527,W2,full_sample,7,23,1817.3259653120854,1846.435640769683,1895.076632122894,2003.1639776868112,2051.804969040022,2080.9146444976195,80.12526916272259,,,,,,,,2025-11-06,a_unit_eq,rev_leg=guide_cushion;scenario=backtest;,1.0
driver-lines,margin_v2,adj_ebitda_margin_pct,2026Q1,2025-11-06,1,15.02111690455504,15.02111690455504,W1,full_sample,7,23,8.30400205333105,9.787624445117519,12.266692411211277,17.775541397898802,20.25460936399256,21.73823175577903,4.083715864537631,,,,,,,,2025-11-06,a_unit_eq,rev_leg=naive;scenario=backtest;,1.0
driver-lines,margin_v2,adj_ebitda_margin_pct,2026Q1,2025-11-06,1,15.02111690455504,15.02111690455504,W2,full_sample,7,23,8.30400205333105,9.787624445117519,12.266692411211277,17.775541397898802,20.25460936399256,21.73823175577903,4.083715864537631,,,,,,,,2025-11-06,a_unit_eq,rev_leg=naive;scenario=backtest;,1.0
driver-lines,margin_v2,adj_ebitda_musd,2026Q1,2025-11-06,1,374.4749954482191,374.4749954482191,W1,full_sample,7,23,230.5706220012946,262.3550644964166,315.4654742920832,433.484516604355,486.5949264000215,518.3793688951436,87.48764697904033,,,,,,,,2025-11-06,a_unit_eq,rev_leg=naive;scenario=backtest;,1.0
driver-lines,margin_v2,adj_ebitda_musd,2026Q1,2025-11-06,1,374.4749954482191,374.4749954482191,W2,full_sample,7,23,230.5706220012946,262.3550644964166,315.4654742920832,433.484516604355,486.5949264000215,518.3793688951436,87.48764697904033,,,,,,,,2025-11-06,a_unit_eq,rev_leg=naive;scenario=backtest;,1.0
driver-lines,margin_v2,total_cash_costs_musd,2026Q1,2025-11-06,1,2118.5153582495304,2118.5153582495304,W1,full_sample,7,23,1982.5296116906363,2012.5650514630875,2062.7529543955598,2174.277762103501,2224.465665035974,2254.5011048084248,82.67346366310205,,,,,,,,2025-11-06,a_unit_eq,rev_leg=naive;scenario=backtest;,1.0
driver-lines,margin_v2,total_cash_costs_musd,2026Q1,2025-11-06,1,2118.5153582495304,2118.5153582495304,W2,full_sample,7,23,1982.5296116906363,2012.5650514630875,2062.7529543955598,2174.277762103501,2224.465665035974,2254.5011048084248,82.67346366310205,,,,,,,,2025-11-06,a_unit_eq,rev_leg=naive;scenario=backtest;,1.0
driver-lines,margin_v2,adj_ebitda_margin_pct,2026Q2,2025-11-06,2,31.317808363724073,31.317808363724073,W1,full_sample,7,23,22.81437343154075,24.692543859159322,27.830884293862034,34.80473243358611,37.94307286828882,39.821243295907394,5.16972136173804,,,,,,,,2025-11-06,a_unit_eq,rev_leg=naive;scenario=backtest;,1.0
driver-lines,margin_v2,adj_ebitda_margin_pct,2026Q2,2025-11-06,2,31.317808363724073,31.317808363724073,W2,full_sample,7,23,22.81437343154075,24.692543859159322,27.830884293862034,34.80473243358611,37.94307286828882,39.821243295907394,5.16972136173804,,,,,,,,2025-11-06,a_unit_eq,rev_leg=naive;scenario=backtest;,1.0
driver-lines,margin_v2,adj_ebitda_musd,2026Q2,2025-11-06,2,1063.9092512655345,1063.9092512655345,W1,full_sample,7,23,308.63935458971116,475.45730476162447,754.2027852356998,1373.6157172953694,1652.3611977694445,1819.179147941358,459.1714936213628,,,,,,,,2025-11-06,a_unit_eq,rev_leg=naive;scenario=backtest;,1.0
driver-lines,margin_v2,adj_ebitda_musd,2026Q2,2025-11-06,2,1063.9092512655345,1063.9092512655345,W2,full_sample,7,23,308.63935458971116,475.45730476162447,754.2027852356998,1373.6157172953694,1652.3611977694445,1819.179147941358,459.1714936213628,,,,,,,,2025-11-06,a_unit_eq,rev_leg=naive;scenario=backtest;,1.0
driver-lines,margin_v2,total_cash_costs_musd,2026Q2,2025-11-06,2,2333.229012400061,2333.229012400061,W1,full_sample,7,23,2168.484971459701,2204.872312374077,2265.6739636106436,2400.7840611894785,2461.5857124260456,2497.973053340421,100.15726520644408,,,,,,,,2025-11-06,a_unit_eq,rev_leg=naive;scenario=backtest;,1.0
driver-lines,margin_v2,total_cash_costs_musd,2026Q2,2025-11-06,2,2333.229012400061,2333.229012400061,W2,full_sample,7,23,2168.484971459701,2204.872312374077,2265.6739636106436,2400.7840611894785,2461.5857124260456,2497.973053340421,100.15726520644408,,,,,,,,2025-11-06,a_unit_eq,rev_leg=naive;scenario=backtest;,1.0
driver-lines,margin_v2,adj_ebitda_margin_pct,2026Q1,2026-02-12,0,18.583166626190135,18.583166626190135,W1,PIT,7,24,13.536186998398687,14.650923332751686,16.513598870971148,20.65273438140912,22.515409919628585,23.630146253981582,3.0683457452353284,,,,,,,,2026-02-12,a_unit_eq,rev_leg=guide_cushion;scenario=backtest;,1.0
driver-lines,margin_v2,adj_ebitda_margin_pct,2026Q1,2026-02-12,0,18.583166626190135,18.583166626190135,W2,PIT,7,24,13.536186998398687,14.650923332751686,16.513598870971148,20.65273438140912,22.515409919628585,23.630146253981582,3.0683457452353284,,,,,,,,2026-02-12,a_unit_eq,rev_leg=guide_cushion;scenario=backtest;,1.0
driver-lines,margin_v2,adj_ebitda_musd,2026Q1,2026-02-12,0,494.5240715462103,494.5240715462103,W1,PIT,7,24,387.68369934041954,411.28174285495436,450.7130388931107,538.3351041993099,577.7664002374662,601.364443752001,64.95433420650676,,,,,,,,2026-02-12,a_unit_eq,rev_leg=guide_cushion;scenario=backtest;,1.0
driver-lines,margin_v2,adj_ebitda_musd,2026Q1,2026-02-12,0,494.5240715462103,494.5240715462103,W2,PIT,7,24,387.68369934041954,411.28174285495436,450.7130388931107,538.3351041993099,577.7664002374662,601.364443752001,64.95433420650676,,,,,,,,2026-02-12,a_unit_eq,rev_leg=guide_cushion;scenario=backtest;,1.0
driver-lines,margin_v2,total_cash_costs_musd,2026Q1,2026-02-12,0,2166.615881045369,2166.615881045369,W1,PIT,7,24,2013.5378735998117,2047.3485147108388,2103.844613553423,2229.3871485373147,2285.883247379899,2319.6938884909264,93.06482044196716,,,,,,,,2026-02-12,a_unit_eq,rev_leg=guide_cushion;scenario=backtest;,1.0
driver-lines,margin_v2,total_cash_costs_musd,2026Q1,2026-02-12,0,2166.615881045369,2166.615881045369,W2,PIT,7,24,2013.5378735998117,2047.3485147108388,2103.844613553423,2229.3871485373147,2285.883247379899,2319.6938884909264,93.06482044196716,,,,,,,,2026-02-12,a_unit_eq,rev_leg=guide_cushion;scenario=backtest;,1.0
driver-lines,margin_v2,adj_ebitda_margin_pct,2026Q2,2026-02-12,1,32.49294538662951,32.49294538662951,W1,PIT,7,24,25.193809902745848,26.80598433841143,29.49985713336252,35.48603363989649,38.17990643484758,39.79208087051317,4.437559284476689,,,,,,,,2026-02-12,a_unit_eq,rev_leg=naive;scenario=backtest;,1.0
driver-lines,margin_v2,adj_ebitda_margin_pct,2026Q2,2026-02-12,1,32.49294538662951,32.49294538662951,W2,PIT,7,24,25.193809902745848,26.80598433841143,29.49985713336252,35.48603363989649,38.17990643484758,39.79208087051317,4.437559284476689,,,,,,,,2026-02-12,a_unit_eq,rev_leg=naive;scenario=backtest;,1.0
driver-lines,margin_v2,adj_ebitda_musd,2026Q2,2026-02-12,1,1126.8616349654828,1126.8616349654828,W1,PIT,7,24,623.1566177880261,734.4109373719004,920.3120273641013,1333.4112425668643,1519.3123325590652,1630.5666521429396,306.2309064612699,,,,,,,,2026-02-12,a_unit_eq,rev_leg=naive;scenario=backtest;,1.0
driver-lines,margin_v2,adj_ebitda_musd,2026Q2,2026-02-12,1,1126.8616349654828,1126.8616349654828,W2,PIT,7,24,623.1566177880261,734.4109373719004,920.3120273641013,1333.4112425668643,1519.3123325590652,1630.5666521429396,306.2309064612699,,,,,,,,2026-02-12,a_unit_eq,rev_leg=naive;scenario=backtest;,1.0
driver-lines,margin_v2,total_cash_costs_musd,2026Q2,2026-02-12,1,2341.1577198732266,2341.1577198732266,W1,PIT,7,24,2148.1134592376034,2190.7515254354266,2261.997864552708,2420.317575193745,2491.563914311026,2534.2019805088503,117.36257711478349,,,,,,,,2026-02-12,a_unit_eq,rev_leg=naive;scenario=backtest;,1.0
driver-lines,margin_v2,total_cash_costs_musd,2026Q2,2026-02-12,1,2341.1577198732266,2341.1577198732266,W2,PIT,7,24,2148.1134592376034,2190.7515254354266,2261.997864552708,2420.317575193745,2491.563914311026,2534.2019805088503,117.36257711478349,,,,,,,,2026-02-12,a_unit_eq,rev_leg=naive;scenario=backtest;,1.0
driver-lines,margin_v2,adj_ebitda_margin_pct,2026Q1,2026-02-12,0,18.58055354210851,18.58055354210851,W1,full_sample,7,24,14.040299924003238,15.043114686204762,16.71877418464777,20.44233289956925,22.117992398012262,23.120807160213786,2.760278205739229,,,,,,,,2026-02-12,a_unit_eq,rev_leg=guide_cushion;scenario=backtest;,1.0
driver-lines,margin_v2,adj_ebitda_margin_pct,2026Q1,2026-02-12,0,18.58055354210851,18.58055354210851,W2,full_sample,7,24,14.040299924003238,15.043114686204762,16.71877418464777,20.44233289956925,22.117992398012262,23.120807160213786,2.760278205739229,,,,,,,,2026-02-12,a_unit_eq,rev_leg=guide_cushion;scenario=backtest;,1.0
driver-lines,margin_v2,adj_ebitda_musd,2026Q1,2026-02-12,0,494.4545337217194,494.4545337217194,W1,full_sample,7,24,398.30021335000686,419.53800754143526,455.0254304476541,533.8836369957846,569.3710599020035,590.6088540934319,58.457675987815634,,,,,,,,2026-02-12,a_unit_eq,rev_leg=guide_cushion;scenario=backtest;,1.0
driver-lines,margin_v2,adj_ebitda_musd,2026Q1,2026-02-12,0,494.4545337217194,494.4545337217194,W2,full_sample,7,24,398.30021335000686,419.53800754143526,455.0254304476541,533.8836369957846,569.3710599020035,590.6088540934319,58.457675987815634,,,,,,,,2026-02-12,a_unit_eq,rev_leg=guide_cushion;scenario=backtest;,1.0
driver-lines,margin_v2,total_cash_costs_musd,2026Q1,2026-02-12,0,2166.68541886986,2166.68541886986,W1,full_sample,7,24,2020.1799039631383,2052.538865697463,2106.6092719515914,2226.761565788128,2280.831972042257,2313.190933776581,89.06902870029285,,,,,,,,2026-02-12,a_unit_eq,rev_leg=guide_cushion;scenario=backtest;,1.0
driver-lines,margin_v2,total_cash_costs_musd,2026Q1,2026-02-12,0,2166.68541886986,2166.68541886986,W2,full_sample,7,24,2020.1799039631383,2052.538865697463,2106.6092719515914,2226.761565788128,2280.831972042257,2313.190933776581,89.06902870029285,,,,,,,,2026-02-12,a_unit_eq,rev_leg=guide_cushion;scenario=backtest;,1.0
driver-lines,margin_v2,adj_ebitda_margin_pct,2026Q2,2026-02-12,1,32.46578197629763,32.46578197629763,W1,full_sample,7,24,25.748667125073638,27.232289516860106,29.711357482953865,35.22020646964139,37.69927443573515,39.18289682752162,4.083715864537631,,,,,,,,2026-02-12,a_unit_eq,rev_leg=naive;scenario=backtest;,1.0
driver-lines,margin_v2,adj_ebitda_margin_pct,2026Q2,2026-02-12,1,32.46578197629763,32.46578197629763,W2,full_sample,7,24,25.748667125073638,27.232289516860106,29.711357482953865,35.22020646964139,37.69927443573515,39.18289682752162,4.083715864537631,,,,,,,,2026-02-12,a_unit_eq,rev_leg=naive;scenario=backtest;,1.0
driver-lines,margin_v2,adj_ebitda_musd,2026Q2,2026-02-12,1,1125.9196026377392,1125.9196026377392,W1,full_sample,7,24,693.2478436721979,788.8129075594028,948.4979391901277,1303.3412660853508,1463.0262977160755,1558.5913616032806,263.0457518383831,,,,,,,,2026-02-12,a_unit_eq,rev_leg=naive;scenario=backtest;,1.0
driver-lines,margin_v2,adj_ebitda_musd,2026Q2,2026-02-12,1,1125.9196026377392,1125.9196026377392,W2,full_sample,7,24,693.2478436721979,788.8129075594028,948.4979391901277,1303.3412660853508,1463.0262977160755,1558.5913616032806,263.0457518383831,,,,,,,,2026-02-12,a_unit_eq,rev_leg=naive;scenario=backtest;,1.0
driver-lines,margin_v2,total_cash_costs_musd,2026Q2,2026-02-12,1,2342.09975220097,2342.09975220097,W1,full_sample,7,24,2191.7623085387204,2224.9676359272503,2280.452282079995,2403.7472223219456,2459.23186847469,2492.4371958632205,91.39867596661553,,,,,,,,2026-02-12,a_unit_eq,rev_leg=naive;scenario=backtest;,1.0
driver-lines,margin_v2,total_cash_costs_musd,2026Q2,2026-02-12,1,2342.09975220097,2342.09975220097,W2,full_sample,7,24,2191.7623085387204,2224.9676359272503,2280.452282079995,2403.7472223219456,2459.23186847469,2492.4371958632205,91.39867596661553,,,,,,,,2026-02-12,a_unit_eq,rev_leg=naive;scenario=backtest;,1.0
driver-lines,margin_v2,adj_ebitda_margin_pct,2026Q2,2026-05-07,0,35.231737014551506,35.231737014551506,W1,PIT,7,25,30.508333911140006,31.55160126101687,33.294855259790104,37.16861876931291,38.91187276808614,39.955140117963005,2.871625186592274,,,,,,,,2026-05-07,a_unit_eq,rev_leg=guide_cushion;scenario=backtest;,1.0
driver-lines,margin_v2,adj_ebitda_margin_pct,2026Q2,2026-05-07,0,35.231737014551506,35.231737014551506,W2,PIT,7,25,30.508333911140006,31.55160126101687,33.294855259790104,37.16861876931291,38.91187276808614,39.955140117963005,2.871625186592274,,,,,,,,2026-05-07,a_unit_eq,rev_leg=guide_cushion;scenario=backtest;,1.0
driver-lines,margin_v2,adj_ebitda_musd,2026Q2,2026-05-07,0,1282.4176291110443,1282.4176291110443,W1,PIT,7,25,1057.9153435182554,1107.5016056694838,1190.3580755758305,1374.477182646258,1457.333652552605,1506.9199147038332,136.48769830594313,,,,,,,,2026-05-07,a_unit_eq,rev_leg=guide_cushion;scenario=backtest;,1.0
driver-lines,margin_v2,adj_ebitda_musd,2026Q2,2026-05-07,0,1282.4176291110443,1282.4176291110443,W2,PIT,7,25,1057.9153435182554,1107.5016056694838,1190.3580755758305,1374.477182646258,1457.333652552605,1506.9199147038332,136.48769830594313,,,,,,,,2026-05-07,a_unit_eq,rev_leg=guide_cushion;scenario=backtest;,1.0
driver-lines,margin_v2,total_cash_costs_musd,2026Q2,2026-05-07,0,2357.5324209854834,2357.5324209854834,W1,PIT,7,25,2194.4451488306395,2230.4665559590603,2290.6567478839484,2424.4080940870185,2484.5982860119066,2520.6196931403274,99.15002130439132,,,,,,,,2026-05-07,a_unit_eq,rev_leg=guide_cushion;scenario=backtest;,1.0
driver-lines,margin_v2,total_cash_costs_musd,2026Q2,2026-05-07,0,2357.5324209854834,2357.5324209854834,W2,PIT,7,25,2194.4451488306395,2230.4665559590603,2290.6567478839484,2424.4080940870185,2484.5982860119066,2520.6196931403274,99.15002130439132,,,,,,,,2026-05-07,a_unit_eq,rev_leg=guide_cushion;scenario=backtest;,1.0
driver-lines,margin_v2,adj_ebitda_margin_pct,2026Q2,2026-05-07,0,35.24453984895659,35.24453984895659,W1,full_sample,7,25,30.704286230851316,31.70710099305284,33.38276049149585,37.10631920641733,38.78197870486034,39.78479346706187,2.760278205739229,,,,,,,,2026-05-07,a_unit_eq,rev_leg=guide_cushion;scenario=backtest;,1.0
driver-lines,margin_v2,adj_ebitda_margin_pct,2026Q2,2026-05-07,0,35.24453984895659,35.24453984895659,W2,full_sample,7,25,30.704286230851316,31.70710099305284,33.38276049149585,37.10631920641733,38.78197870486034,39.78479346706187,2.760278205739229,,,,,,,,2026-05-07,a_unit_eq,rev_leg=guide_cushion;scenario=backtest;,1.0
driver-lines,margin_v2,adj_ebitda_musd,2026Q2,2026-05-07,0,1282.8836458883861,1282.8836458883861,W1,full_sample,7,25,1033.4071082623666,1088.5094826664422,1180.583134289051,1385.1841574877212,1477.2578091103298,1532.3601835144057,151.67096545143212,,,,,,,,2026-05-07,a_unit_eq,rev_leg=guide_cushion;scenario=backtest;,1.0
driver-lines,margin_v2,adj_ebitda_musd,2026Q2,2026-05-07,0,1282.8836458883861,1282.8836458883861,W2,full_sample,7,25,1033.4071082623666,1088.5094826664422,1180.583134289051,1385.1841574877212,1477.2578091103298,1532.3601835144057,151.67096545143212,,,,,,,,2026-05-07,a_unit_eq,rev_leg=guide_cushion;scenario=backtest;,1.0
driver-lines,margin_v2,total_cash_costs_musd,2026Q2,2026-05-07,0,2357.0664042081416,2357.0664042081416,W1,full_sample,7,25,2197.687832584224,2232.890091719201,2291.711523263227,2422.421285153056,2481.2427166970824,2516.4449758320593,96.89529147910004,,,,,,,,2026-05-07,a_unit_eq,rev_leg=guide_cushion;scenario=backtest;,1.0
driver-lines,margin_v2,total_cash_costs_musd,2026Q2,2026-05-07,0,2357.0664042081416,2357.0664042081416,W2,full_sample,7,25,2197.687832584224,2232.890091719201,2291.711523263227,2422.421285153056,2481.2427166970824,2516.4449758320593,96.89529147910004,,,,,,,,2026-05-07,a_unit_eq,rev_leg=guide_cushion;scenario=backtest;,1.0
driver-lines,margin_v2,adj_ebitda_margin_pct,2026Q3,2026-08-06,0,51.7950212772199,51.7950212772199,LIVE,PIT,7,26,47.20380705104279,48.2178775831558,49.9123449796029,53.677697574836905,55.37216497128401,56.38623550339702,2.791260055574886,,,,,,,,2026-08-06,a_unit_eq,rev_leg=ws06_base;scenario=base;,1.0
driver-lines,margin_v2,adj_ebitda_musd,2026Q3,2026-08-06,0,2488.2512093901973,2488.2512093901973,LIVE,PIT,7,26,2058.8532406177696,2153.695216014739,2312.1719984826577,2664.330420297737,2822.807202765656,2917.6491781626246,261.05542872423376,,,,,,,,2026-08-06,a_unit_eq,rev_leg=ws06_base;scenario=base;,1.0
driver-lines,margin_v2,total_cash_costs_musd,2026Q3,2026-08-06,0,2315.7842906098026,2315.7842906098026,LIVE,PIT,7,26,2163.577391063675,2197.1956288566284,2253.370230190786,2378.198351028819,2434.372952362977,2467.9911901559303,92.53522444317682,,,,,,,,2026-08-06,a_unit_eq,rev_leg=ws06_base;scenario=base;,1.0
driver-lines,margin_v2,adj_ebitda_margin_pct,2026Q4,2026-08-06,1,28.614143028876665,28.614143028876665,LIVE,PIT,7,26,23.421248818450955,24.568213594162955,26.48474144481216,30.74354461294117,32.660072463590375,33.807037239302375,3.1570555126233835,,,,,,,,2026-08-06,a_unit_eq,rev_leg=ws06_base;scenario=base;,1.0
driver-lines,margin_v2,adj_ebitda_musd,2026Q4,2026-08-06,1,909.3883115038856,909.3883115038856,LIVE,PIT,7,26,700.6779084178435,746.7761863653774,823.8043876007398,994.9722354070313,1072.0004366423939,1118.0987145899278,126.88691544721846,,,,,,,,2026-08-06,a_unit_eq,rev_leg=ws06_base;scenario=base;,1.0
driver-lines,margin_v2,total_cash_costs_musd,2026Q4,2026-08-06,1,2268.7194884961145,2268.7194884961145,LIVE,PIT,7,26,2100.3437035386974,2137.533194909673,2199.6752043883057,2337.7637726039234,2399.905782082556,2437.0952734535317,102.3652087933686,,,,,,,,2026-08-06,a_unit_eq,rev_leg=ws06_base;scenario=base;,1.0
driver-lines,margin_v2,adj_ebitda_margin_pct,2027Q1,2026-08-06,2,19.712940555393907,19.712940555393907,LIVE,PIT,7,26,14.632945601338246,15.754974095852658,17.629834513971385,21.796046596816428,23.670907014935157,24.792935509449567,3.088417638395452,,,,,,,,2026-08-06,a_unit_eq,rev_leg=ws06_base;scenario=base;,1.0
driver-lines,margin_v2,adj_ebitda_musd,2027Q1,2026-08-06,2,601.8615639883142,601.8615639883142,LIVE,PIT,7,26,467.4690107403304,497.1525587671639,546.7524660216776,656.9706619549507,706.5705692094646,736.2541172362979,81.70487090517796,,,,,,,,2026-08-06,a_unit_eq,rev_leg=ws06_base;scenario=base;,1.0
driver-lines,margin_v2,total_cash_costs_musd,2027Q1,2026-08-06,2,2451.267736011686,2451.267736011686,LIVE,PIT,7,26,2267.2329697692503,2307.8810911892247,2375.802319833401,2526.7331521899714,2594.654380834147,2635.3025022541215,111.88519344637412,,,,,,,,2026-08-06,a_unit_eq,rev_leg=ws06_base;scenario=base;,1.0
driver-lines,margin_v2,adj_ebitda_margin_pct,2027Q2,2026-08-06,3,34.506996880212675,34.506996880212675,LIVE,PIT,7,26,29.427001926157015,30.549030420671425,32.42389083879016,36.59010292163519,38.46496333975392,39.58699183426833,3.088417638395452,,,,,,,,2026-08-06,a_unit_eq,rev_leg=ws06_base;scenario=base;,1.0
driver-lines,margin_v2,adj_ebitda_musd,2027Q2,2026-08-06,3,1390.2802444533706,1390.2802444533706,LIVE,PIT,7,26,1079.837905281256,1148.4059163925135,1262.9800565414741,1517.5804323652671,1632.154572514228,1700.722583625485,188.73554101435764,,,,,,,,2026-08-06,a_unit_eq,rev_leg=ws06_base;scenario=base;,1.0
driver-lines,margin_v2,total_cash_costs_musd,2027Q2,2026-08-06,3,2638.700455546629,2638.700455546629,LIVE,PIT,7,26,2440.593731264261,2484.3499537822117,2557.464683083989,2719.9362280092696,2793.0509573110467,2836.8071798289975,120.44033647512695,,,,,,,,2026-08-06,a_unit_eq,rev_leg=ws06_base;scenario=base;,1.0
driver-lines,margin_v2,adj_ebitda_margin_pct,2027Q3,2026-08-06,4,50.7761434201417,50.7761434201417,LIVE,PIT,7,26,45.69614846608604,46.818176960600454,48.69303737871918,52.85924946156422,54.73410987968295,55.85613837419736,3.088417638395452,,,,,,,,2026-08-06,a_unit_eq,rev_leg=ws06_base;scenario=base;,1.0
driver-lines,margin_v2,adj_ebitda_musd,2027Q3,2026-08-06,4,2681.3523078340345,2681.3523078340345,LIVE,PIT,7,26,2082.62029973028,2214.8634180298195,2435.8358704056395,2926.8687452624295,3147.84119763825,3280.0843159377887,364.0032148109303,,,,,,,,2026-08-06,a_unit_eq,rev_leg=ws06_base;scenario=base;,1.0
driver-lines,margin_v2,total_cash_costs_musd,2027Q3,2026-08-06,4,2599.3801921659656,2599.3801921659656,LIVE,PIT,7,26,2404.225530350517,2447.32972501501,2519.3549443623288,2679.405439969603,2751.4306593169213,2794.534853981414,118.64560993013279,,,,,,,,2026-08-06,a_unit_eq,rev_leg=ws06_base;scenario=base;,1.0
driver-lines,margin_v2,adj_ebitda_margin_pct,2027Q4,2026-08-06,5,26.27842801541074,26.27842801541074,LIVE,PIT,7,26,21.19843306135508,22.32046155586949,24.195321973988218,28.36153405683326,30.23639447495199,31.3584229694664,3.088417638395452,,,,,,,,2026-08-06,a_unit_eq,rev_leg=ws06_base;scenario=base;,1.0
driver-lines,margin_v2,adj_ebitda_musd,2027Q4,2026-08-06,5,910.7483242024479,910.7483242024479,LIVE,PIT,7,26,707.3829658220181,752.3006732141891,827.3561928145772,994.1404555903185,1069.1959751907068,1114.1136825828776,123.63735900156763,,,,,,,,2026-08-06,a_unit_eq,rev_leg=ws06_base;scenario=base;,1.0
driver-lines,margin_v2,total_cash_costs_musd,2027Q4,2026-08-06,5,2555.015775797552,2555.015775797552,LIVE,PIT,7,26,2363.1918782539524,2405.560400451184,2476.3563433618424,2633.675208233262,2704.4711511439205,2746.839673341152,116.62064903557477,,,,,,,,2026-08-06,a_unit_eq,rev_leg=ws06_base;scenario=base;,1.0
driver-lines,margin_v2,adj_ebitda_margin_pct,2028Q1,2026-08-06,6,16.478890931909458,16.478890931909458,LIVE,PIT,7,26,11.398895977853797,12.52092447236821,14.395784890486937,18.56199697333198,20.436857391450708,21.55888588596512,3.088417638395452,,,,,,,,2026-08-06,a_unit_eq,rev_leg=ws06_base;scenario=base;,1.0
driver-lines,margin_v2,adj_ebitda_musd,2028Q1,2026-08-06,6,545.4428196962641,545.4428196962641,LIVE,PIT,7,26,423.64827826715924,450.54927860194704,495.4996706660271,595.3859687265011,640.3363607905812,667.2373611253689,74.04582355138533,,,,,,,,2026-08-06,a_unit_eq,rev_leg=ws06_base;scenario=base;,1.0
driver-lines,margin_v2,total_cash_costs_musd,2028Q1,2026-08-06,6,2764.505780303736,2764.505780303736,LIVE,PIT,7,26,2556.9539214921638,2602.7963094831393,2679.396929820787,2849.6146307866857,2926.215251124333,2972.0576391153086,126.18257054048233,,,,,,,,2026-08-06,a_unit_eq,rev_leg=ws06_base;scenario=base;,1.0
driver-lines,margin_v2,adj_ebitda_margin_pct,2028Q2,2026-08-06,7,31.563800889960184,31.563800889960184,LIVE,PIT,7,26,26.483805935904524,27.605834430418934,29.480694848537663,33.6469069313827,35.52176734950143,36.64379584401584,3.088417638395452,,,,,,,,2026-08-06,a_unit_eq,rev_leg=ws06_base;scenario=base;,1.0
driver-lines,margin_v2,adj_ebitda_musd,2028Q2,2026-08-06,7,1376.7329490210063,1376.7329490210063,LIVE,PIT,7,26,1069.315650375978,1137.2155148258412,1250.673211199024,1502.7926868429886,1616.2503832161715,1684.1502476660344,186.89644695910556,,,,,,,,2026-08-06,a_unit_eq,rev_leg=ws06_base;scenario=base;,1.0
driver-lines,margin_v2,total_cash_costs_musd,2028Q2,2026-08-06,7,2985.0134509789937,2985.0134509789937,LIVE,PIT,7,26,2760.9064533585483,2810.405407476497,2893.115989487323,3076.9109124706647,3159.62149448149,3209.120448599439,136.24738028258426,,,,,,,,2026-08-06,a_unit_eq,rev_leg=ws06_base;scenario=base;,1.0
driver-lines,margin_v2,adj_ebitda_margin_pct,2028Q3,2026-08-06,8,48.84048914224605,48.84048914224605,LIVE,PIT,7,26,43.76049418819039,44.8825226827048,46.75738310082353,50.92359518366857,52.798455601787296,53.920484096301706,3.088417638395452,,,,,,,,2026-08-06,a_unit_eq,rev_leg=ws06_base;scenario=base;,1.0
driver-lines,margin_v2,adj_ebitda_musd,2028Q3,2026-08-06,8,2792.2416802918333,2792.2416802918333,LIVE,PIT,7,26,2168.748652737168,2306.46078618897,2536.5717230909836,3047.911637492683,3278.022574394697,3415.734707846498,379.0568457512117,,,,,,,,2026-08-06,a_unit_eq,rev_leg=ws06_base;scenario=base;,1.0
driver-lines,margin_v2,total_cash_costs_musd,2028Q3,2026-08-06,8,2924.8216197081665,2924.8216197081665,LIVE,PIT,7,26,2705.2336672474535,2753.734490957188,2834.7772408196947,3014.8659985966387,3095.908748459145,3144.4095721688795,133.49999590400736,,,,,,,,2026-08-06,a_unit_eq,rev_leg=ws06_base;scenario=base;,1.0
driver-lines,margin_v2,adj_ebitda_margin_pct,2028Q4,2026-08-06,9,22.857633672978814,22.857633672978814,LIVE,PIT,7,26,17.777638718923154,18.899667213437564,20.774527631556293,24.940739714401335,26.815600132520064,27.937628627034474,3.088417638395452,,,,,,,,2026-08-06,a_unit_eq,rev_leg=ws06_base;scenario=base;,1.0
driver-lines,margin_v2,adj_ebitda_musd,2028Q4,2026-08-06,9,856.8601591283312,856.8601591283312,LIVE,PIT,7,26,665.5277474045515,707.7877141603949,778.4022656881915,935.318052568471,1005.9326040962677,1048.1925708521107,116.32184687362735,,,,,,,,2026-08-06,a_unit_eq,rev_leg=ws06_base;scenario=base;,1.0
driver-lines,margin_v2,total_cash_costs_musd,2028Q4,2026-08-06,9,2891.8225408716685,2891.8225408716685,LIVE,PIT,7,26,2674.7120728858954,2722.6656897183125,2802.794080881533,2980.851000861804,3060.9793920250245,3108.9330088574416,131.99379229151216,,,,,,,,2026-08-06,a_unit_eq,rev_leg=ws06_base;scenario=base;,1.0
driver-lines,margin_v2,adj_ebitda_margin_pct,2026Q3,2026-08-06,0,51.7950212772199,51.7950212772199,LIVE,full_sample,7,26,47.25476765911463,48.25758242131615,49.93324191975916,53.65680063468064,55.332460133123654,56.33527489532518,2.760278205739229,,,,,,,,2026-08-06,a_unit_eq,rev_leg=ws06_base;scenario=base;,1.0
driver-lines,margin_v2,adj_ebitda_musd,2026Q3,2026-08-06,0,2488.2512093901973,2488.2512093901973,LIVE,full_sample,7,26,2004.372333506211,2111.247614199548,2289.831522208038,2686.6708965723565,2865.254804580846,2972.1300852741833,294.17746841145646,,,,,,,,2026-08-06,a_unit_eq,rev_leg=ws06_base;scenario=base;,1.0
driver-lines,margin_v2,total_cash_costs_musd,2026Q3,2026-08-06,0,2315.7842906098026,2315.7842906098026,LIVE,full_sample,7,26,2159.1971058925806,2193.782825901662,2251.574047598956,2379.9945336206492,2437.7857553179433,2472.371475327024,95.19824873866516,,,,,,,,2026-08-06,a_unit_eq,rev_leg=ws06_base;scenario=base;,1.0
driver-lines,margin_v2,adj_ebitda_margin_pct,2026Q4,2026-08-06,1,28.614143028876665,28.614143028876665,LIVE,full_sample,7,26,21.897028177652675,23.380650569439144,25.859718535532902,31.368567522220427,33.84763548831419,35.33125788010065,4.083715864537631,,,,,,,,2026-08-06,a_unit_eq,rev_leg=ws06_base;scenario=base;,1.0
driver-lines,margin_v2,adj_ebitda_musd,2026Q4,2026-08-06,1,909.3883115038856,909.3883115038856,LIVE,full_sample,7,26,559.9258459785506,637.1123092780158,766.0875051507109,1052.6891178570604,1181.6643137297553,1258.8507770292206,212.45809341285852,,,,,,,,2026-08-06,a_unit_eq,rev_leg=ws06_base;scenario=base;,1.0
driver-lines,margin_v2,total_cash_costs_musd,2026Q4,2026-08-06,1,2268.7194884961145,2268.7194884961145,LIVE,full_sample,7,26,2123.092263196803,2155.257235375062,2209.0034935866297,2328.4354834055994,2382.181741617167,2414.3467137954267,88.53506653307105,,,,,,,,2026-08-06,a_unit_eq,rev_leg=ws06_base;scenario=base;,1.0
driver-lines,margin_v2,adj_ebitda_margin_pct,2027Q1,2026-08-06,2,19.712940555393907,19.712940555393907,LIVE,full_sample,7,26,11.209505623210587,13.087676050829158,16.22601648553187,23.199864625255945,26.338205059958653,28.216375487577224,5.16972136173804,,,,,,,,2026-08-06,a_unit_eq,rev_leg=ws06_base;scenario=base;,1.0
driver-lines,margin_v2,adj_ebitda_musd,2027Q1,2026-08-06,2,601.8615639883142,601.8615639883142,LIVE,full_sample,7,26,174.59963285472475,268.9698174098113,426.65825806698285,777.0648699096456,934.753310566817,1029.1234951219035,259.7568100484815,,,,,,,,2026-08-06,a_unit_eq,rev_leg=ws06_base;scenario=base;,1.0
driver-lines,margin_v2,total_cash_costs_musd,2027Q1,2026-08-06,2,2451.267736011686,2451.267736011686,LIVE,full_sample,7,26,2278.189246883054,2316.4174337899694,2380.2950579667413,2522.2404140566305,2586.1180382334023,2624.3462251403175,105.22424992271871,,,,,,,,2026-08-06,a_unit_eq,rev_leg=ws06_base;scenario=base;,1.0
driver-lines,margin_v2,adj_ebitda_margin_pct,2027Q2,2026-08-06,3,34.506996880212675,34.506996880212675,LIVE,full_sample,7,26,26.003561948029358,27.88173237564793,31.020072810350637,37.99392095007471,41.13226138477742,43.01043181239599,5.16972136173804,,,,,,,,2026-08-06,a_unit_eq,rev_leg=ws06_base;scenario=base;,1.0
driver-lines,margin_v2,adj_ebitda_musd,2027Q2,2026-08-06,3,1390.2802444533706,1390.2802444533706,LIVE,full_sample,7,26,403.31935908678264,621.3113544269316,985.5664206111878,1794.9940682955537,2159.2491344798095,2377.2411298199586,600.0296130883056,,,,,,,,2026-08-06,a_unit_eq,rev_leg=ws06_base;scenario=base;,1.0
driver-lines,margin_v2,total_cash_costs_musd,2027Q2,2026-08-06,3,2638.700455546629,2638.700455546629,LIVE,full_sample,7,26,2452.3877646073206,2493.5390157432425,2562.300952082652,2715.099959010606,2783.861895350016,2825.0131464859373,113.27007332841858,,,,,,,,2026-08-06,a_unit_eq,rev_leg=ws06_base;scenario=base;,1.0
driver-lines,margin_v2,adj_ebitda_margin_pct,2027Q3,2026-08-06,4,50.7761434201417,50.7761434201417,LIVE,full_sample,7,26,42.27270848795838,44.15087891557695,47.289219350279666,54.263067490003735,57.40140792470645,59.27957835232502,5.16972136173804,,,,,,,,2026-08-06,a_unit_eq,rev_leg=ws06_base;scenario=base;,1.0
driver-lines,margin_v2,adj_ebitda_musd,2027Q3,2026-08-06,4,2681.3523078340345,2681.3523078340345,LIVE,full_sample,7,26,777.8584919090816,1198.286921448101,1900.804393195253,3461.900222472816,4164.417694219967,4584.846123758987,1157.2420698933786,,,,,,,,2026-08-06,a_unit_eq,rev_leg=ws06_base;scenario=base;,1.0
driver-lines,margin_v2,total_cash_costs_musd,2027Q3,2026-08-06,4,2599.3801921659656,2599.3801921659656,LIVE,full_sample,7,26,2415.8438163872106,2456.381857323503,2524.1191463060113,2674.64123802592,2742.378527008428,2782.91656794472,111.58219355901979,,,,,,,,2026-08-06,a_unit_eq,rev_leg=ws06_base;scenario=base;,1.0
driver-lines,margin_v2,adj_ebitda_margin_pct,2027Q4,2026-08-06,5,26.27842801541074,26.27842801541074,LIVE,full_sample,7,26,17.77499308322742,19.653163510845992,22.7915039455487,29.765352085272777,32.903692519975486,34.78186294759406,5.16972136173804,,,,,,,,2026-08-06,a_unit_eq,rev_leg=ws06_base;scenario=base;,1.0
driver-lines,margin_v2,adj_ebitda_musd,2027Q4,2026-08-06,5,910.7483242024479,910.7483242024479,LIVE,full_sample,7,26,264.2074731854628,407.01022481605133,645.6273614926918,1175.869286912204,1414.4864235888444,1557.289175219433,393.0689274858254,,,,,,,,2026-08-06,a_unit_eq,rev_leg=ws06_base;scenario=base;,1.0
driver-lines,margin_v2,total_cash_costs_musd,2027Q4,2026-08-06,5,2555.015775797552,2555.015775797552,LIVE,full_sample,7,26,2374.6118714511554,2414.4580372503374,2481.0392332145393,2628.992318380565,2695.573514344767,2735.4196801439484,109.67778615094903,,,,,,,,2026-08-06,a_unit_eq,rev_leg=ws06_base;scenario=base;,1.0
driver-lines,margin_v2,adj_ebitda_margin_pct,2028Q1,2026-08-06,6,16.478890931909458,16.478890931909458,LIVE,full_sample,7,26,7.9754559997261385,9.85362642734471,12.99196686204742,19.965815001771496,23.10415543647421,24.98232586409278,5.16972136173804,,,,,,,,2026-08-06,a_unit_eq,rev_leg=ws06_base;scenario=base;,1.0
driver-lines,margin_v2,adj_ebitda_musd,2028Q1,2026-08-06,6,545.4428196962641,545.4428196962641,LIVE,full_sample,7,26,158.2325932746598,243.75647889693994,386.66314191027146,704.2224974822568,847.1291604955883,932.6530461178685,235.40710253911737,,,,,,,,2026-08-06,a_unit_eq,rev_leg=ws06_base;scenario=base;,1.0
driver-lines,margin_v2,total_cash_costs_musd,2028Q1,2026-08-06,6,2764.505780303736,2764.505780303736,LIVE,full_sample,7,26,2569.3102589769464,2612.423478362214,2684.4637776222507,2844.5477829852216,2916.5880822452586,2959.701301630526,118.67045074920127,,,,,,,,2026-08-06,a_unit_eq,rev_leg=ws06_base;scenario=base;,1.0
driver-lines,margin_v2,adj_ebitda_margin_pct,2028Q2,2026-08-06,7,31.563800889960184,31.563800889960184,LIVE,full_sample,7,26,23.060365957776867,24.938536385395437,28.076876820098146,35.05072495982222,38.18906539452493,40.0672358221435,5.16972136173804,,,,,,,,2026-08-06,a_unit_eq,rev_leg=ws06_base;scenario=base;,1.0
driver-lines,margin_v2,adj_ebitda_musd,2028Q2,2026-08-06,7,1376.7329490210063,1376.7329490210063,LIVE,full_sample,7,26,399.3892978398225,615.2571157167978,975.9627744963088,1777.503123545704,2138.208782325215,2354.07660020219,594.1827498611938,,,,,,,,2026-08-06,a_unit_eq,rev_leg=ws06_base;scenario=base;,1.0
driver-lines,margin_v2,total_cash_costs_musd,2028Q2,2026-08-06,7,2985.0134509789937,2985.0134509789937,LIVE,full_sample,7,26,2774.2483800999203,2820.800476571172,2898.5869886616388,3071.4399132963485,3149.2264253868157,3195.7785218580666,128.1360647693008,,,,,,,,2026-08-06,a_unit_eq,rev_leg=ws06_base;scenario=base;,1.0
driver-lines,margin_v2,adj_ebitda_margin_pct,2028Q3,2026-08-06,8,48.84048914224605,48.84048914224605,LIVE,full_sample,7,26,40.33705421006273,42.2152246376813,45.353565072384015,52.327413212108084,55.465753646810796,57.34392407442937,5.16972136173804,,,,,,,,2026-08-06,a_unit_eq,rev_leg=ws06_base;scenario=base;,1.0
driver-lines,margin_v2,adj_ebitda_musd,2028Q3,2026-08-06,8,2792.2416802918333,2792.2416802918333,LIVE,full_sample,7,26,810.0274238978976,1247.8429922246057,1979.4136105333184,3605.0697500503484,4336.640368359061,4774.455936685769,1205.1006994876004,,,,,,,,2026-08-06,a_unit_eq,rev_leg=ws06_base;scenario=base;,1.0
driver-lines,margin_v2,total_cash_costs_musd,2028Q3,2026-08-06,8,2924.8216197081665,2924.8216197081665,LIVE,full_sample,7,26,2718.306558349143,2763.919946843993,2840.1379190642756,3009.5053203520574,3085.7232925723406,3131.3366810671896,125.55224244589652,,,,,,,,2026-08-06,a_unit_eq,rev_leg=ws06_base;scenario=base;,1.0
driver-lines,margin_v2,adj_ebitda_margin_pct,2028Q4,2026-08-06,9,22.857633672978814,22.857633672978814,LIVE,full_sample,7,26,14.354198740795495,16.232369168414067,19.370709603116776,26.344557742840852,29.48289817754356,31.36106860516213,5.16972136173804,,,,,,,,2026-08-06,a_unit_eq,rev_leg=ws06_base;scenario=base;,1.0
driver-lines,margin_v2,adj_ebitda_musd,2028Q4,2026-08-06,9,856.8601591283312,856.8601591283312,LIVE,full_sample,7,26,248.57455292584933,382.9277932607172,607.4261670376243,1106.2941512190382,1330.7925249959453,1465.1457653308132,369.8113900443909,,,,,,,,2026-08-06,a_unit_eq,rev_leg=ws06_base;scenario=base;,1.0
driver-lines,margin_v2,total_cash_costs_musd,2028Q4,2026-08-06,9,2891.8225408716685,2891.8225408716685,LIVE,full_sample,7,26,2687.637470081913,2732.7362289689945,2808.0942776790343,2975.5508040643026,3050.908852774343,3096.007611661424,124.13570876102017,,,,,,,,2026-08-06,a_unit_eq,rev_leg=ws06_base;scenario=base;,1.0
driver-lines,margin_v2,adj_ebitda_margin_pct,2026Q3,2026-09-11,0,51.7950212772199,51.7950212772199,LIVE,PIT,7,26,47.20380705104279,48.2178775831558,49.9123449796029,53.677697574836905,55.37216497128401,56.38623550339702,2.791260055574886,,,,,,,,2026-08-06,a_unit_eq,rev_leg=ws06_base;scenario=base;,1.0
driver-lines,margin_v2,adj_ebitda_musd,2026Q3,2026-09-11,0,2488.2512093901973,2488.2512093901973,LIVE,PIT,7,26,2058.8532406177696,2153.695216014739,2312.1719984826577,2664.330420297737,2822.807202765656,2917.6491781626246,261.05542872423376,,,,,,,,2026-08-06,a_unit_eq,rev_leg=ws06_base;scenario=base;,1.0
driver-lines,margin_v2,total_cash_costs_musd,2026Q3,2026-09-11,0,2315.7842906098026,2315.7842906098026,LIVE,PIT,7,26,2163.577391063675,2197.1956288566284,2253.370230190786,2378.198351028819,2434.372952362977,2467.9911901559303,92.53522444317682,,,,,,,,2026-08-06,a_unit_eq,rev_leg=ws06_base;scenario=base;,1.0
driver-lines,margin_v2,adj_ebitda_margin_pct,2026Q4,2026-09-11,1,28.614143028876665,28.614143028876665,LIVE,PIT,7,26,23.421248818450955,24.568213594162955,26.48474144481216,30.74354461294117,32.660072463590375,33.807037239302375,3.1570555126233835,,,,,,,,2026-08-06,a_unit_eq,rev_leg=ws06_base;scenario=base;,1.0
driver-lines,margin_v2,adj_ebitda_musd,2026Q4,2026-09-11,1,909.3883115038856,909.3883115038856,LIVE,PIT,7,26,700.6779084178435,746.7761863653774,823.8043876007398,994.9722354070313,1072.0004366423939,1118.0987145899278,126.88691544721846,,,,,,,,2026-08-06,a_unit_eq,rev_leg=ws06_base;scenario=base;,1.0
driver-lines,margin_v2,total_cash_costs_musd,2026Q4,2026-09-11,1,2268.7194884961145,2268.7194884961145,LIVE,PIT,7,26,2100.3437035386974,2137.533194909673,2199.6752043883057,2337.7637726039234,2399.905782082556,2437.0952734535317,102.3652087933686,,,,,,,,2026-08-06,a_unit_eq,rev_leg=ws06_base;scenario=base;,1.0
driver-lines,margin_v2,adj_ebitda_margin_pct,2027Q1,2026-09-11,2,19.712940555393907,19.712940555393907,LIVE,PIT,7,26,14.632945601338246,15.754974095852658,17.629834513971385,21.796046596816428,23.670907014935157,24.792935509449567,3.088417638395452,,,,,,,,2026-08-06,a_unit_eq,rev_leg=ws06_base;scenario=base;,1.0
driver-lines,margin_v2,adj_ebitda_musd,2027Q1,2026-09-11,2,601.8615639883142,601.8615639883142,LIVE,PIT,7,26,467.4690107403304,497.1525587671639,546.7524660216776,656.9706619549507,706.5705692094646,736.2541172362979,81.70487090517796,,,,,,,,2026-08-06,a_unit_eq,rev_leg=ws06_base;scenario=base;,1.0
driver-lines,margin_v2,total_cash_costs_musd,2027Q1,2026-09-11,2,2451.267736011686,2451.267736011686,LIVE,PIT,7,26,2267.2329697692503,2307.8810911892247,2375.802319833401,2526.7331521899714,2594.654380834147,2635.3025022541215,111.88519344637412,,,,,,,,2026-08-06,a_unit_eq,rev_leg=ws06_base;scenario=base;,1.0
driver-lines,margin_v2,adj_ebitda_margin_pct,2027Q2,2026-09-11,3,34.506996880212675,34.506996880212675,LIVE,PIT,7,26,29.427001926157015,30.549030420671425,32.42389083879016,36.59010292163519,38.46496333975392,39.58699183426833,3.088417638395452,,,,,,,,2026-08-06,a_unit_eq,rev_leg=ws06_base;scenario=base;,1.0
driver-lines,margin_v2,adj_ebitda_musd,2027Q2,2026-09-11,3,1390.2802444533706,1390.2802444533706,LIVE,PIT,7,26,1079.837905281256,1148.4059163925135,1262.9800565414741,1517.5804323652671,1632.154572514228,1700.722583625485,188.73554101435764,,,,,,,,2026-08-06,a_unit_eq,rev_leg=ws06_base;scenario=base;,1.0
driver-lines,margin_v2,total_cash_costs_musd,2027Q2,2026-09-11,3,2638.700455546629,2638.700455546629,LIVE,PIT,7,26,2440.593731264261,2484.3499537822117,2557.464683083989,2719.9362280092696,2793.0509573110467,2836.8071798289975,120.44033647512695,,,,,,,,2026-08-06,a_unit_eq,rev_leg=ws06_base;scenario=base;,1.0
driver-lines,margin_v2,adj_ebitda_margin_pct,2027Q3,2026-09-11,4,50.7761434201417,50.7761434201417,LIVE,PIT,7,26,45.69614846608604,46.818176960600454,48.69303737871918,52.85924946156422,54.73410987968295,55.85613837419736,3.088417638395452,,,,,,,,2026-08-06,a_unit_eq,rev_leg=ws06_base;scenario=base;,1.0
driver-lines,margin_v2,adj_ebitda_musd,2027Q3,2026-09-11,4,2681.3523078340345,2681.3523078340345,LIVE,PIT,7,26,2082.62029973028,2214.8634180298195,2435.8358704056395,2926.8687452624295,3147.84119763825,3280.0843159377887,364.0032148109303,,,,,,,,2026-08-06,a_unit_eq,rev_leg=ws06_base;scenario=base;,1.0
driver-lines,margin_v2,total_cash_costs_musd,2027Q3,2026-09-11,4,2599.3801921659656,2599.3801921659656,LIVE,PIT,7,26,2404.225530350517,2447.32972501501,2519.3549443623288,2679.405439969603,2751.4306593169213,2794.534853981414,118.64560993013279,,,,,,,,2026-08-06,a_unit_eq,rev_leg=ws06_base;scenario=base;,1.0
driver-lines,margin_v2,adj_ebitda_margin_pct,2027Q4,2026-09-11,5,26.27842801541074,26.27842801541074,LIVE,PIT,7,26,21.19843306135508,22.32046155586949,24.195321973988218,28.36153405683326,30.23639447495199,31.3584229694664,3.088417638395452,,,,,,,,2026-08-06,a_unit_eq,rev_leg=ws06_base;scenario=base;,1.0
driver-lines,margin_v2,adj_ebitda_musd,2027Q4,2026-09-11,5,910.7483242024479,910.7483242024479,LIVE,PIT,7,26,707.3829658220181,752.3006732141891,827.3561928145772,994.1404555903185,1069.1959751907068,1114.1136825828776,123.63735900156763,,,,,,,,2026-08-06,a_unit_eq,rev_leg=ws06_base;scenario=base;,1.0
driver-lines,margin_v2,total_cash_costs_musd,2027Q4,2026-09-11,5,2555.015775797552,2555.015775797552,LIVE,PIT,7,26,2363.1918782539524,2405.560400451184,2476.3563433618424,2633.675208233262,2704.4711511439205,2746.839673341152,116.62064903557477,,,,,,,,2026-08-06,a_unit_eq,rev_leg=ws06_base;scenario=base;,1.0
driver-lines,margin_v2,adj_ebitda_margin_pct,2028Q1,2026-09-11,6,16.478890931909458,16.478890931909458,LIVE,PIT,7,26,11.398895977853797,12.52092447236821,14.395784890486937,18.56199697333198,20.436857391450708,21.55888588596512,3.088417638395452,,,,,,,,2026-08-06,a_unit_eq,rev_leg=ws06_base;scenario=base;,1.0
driver-lines,margin_v2,adj_ebitda_musd,2028Q1,2026-09-11,6,545.4428196962641,545.4428196962641,LIVE,PIT,7,26,423.64827826715924,450.54927860194704,495.4996706660271,595.3859687265011,640.3363607905812,667.2373611253689,74.04582355138533,,,,,,,,2026-08-06,a_unit_eq,rev_leg=ws06_base;scenario=base;,1.0
driver-lines,margin_v2,total_cash_costs_musd,2028Q1,2026-09-11,6,2764.505780303736,2764.505780303736,LIVE,PIT,7,26,2556.9539214921638,2602.7963094831393,2679.396929820787,2849.6146307866857,2926.215251124333,2972.0576391153086,126.18257054048233,,,,,,,,2026-08-06,a_unit_eq,rev_leg=ws06_base;scenario=base;,1.0
driver-lines,margin_v2,adj_ebitda_margin_pct,2028Q2,2026-09-11,7,31.563800889960184,31.563800889960184,LIVE,PIT,7,26,26.483805935904524,27.605834430418934,29.480694848537663,33.6469069313827,35.52176734950143,36.64379584401584,3.088417638395452,,,,,,,,2026-08-06,a_unit_eq,rev_leg=ws06_base;scenario=base;,1.0
driver-lines,margin_v2,adj_ebitda_musd,2028Q2,2026-09-11,7,1376.7329490210063,1376.7329490210063,LIVE,PIT,7,26,1069.315650375978,1137.2155148258412,1250.673211199024,1502.7926868429886,1616.2503832161715,1684.1502476660344,186.89644695910556,,,,,,,,2026-08-06,a_unit_eq,rev_leg=ws06_base;scenario=base;,1.0
driver-lines,margin_v2,total_cash_costs_musd,2028Q2,2026-09-11,7,2985.0134509789937,2985.0134509789937,LIVE,PIT,7,26,2760.9064533585483,2810.405407476497,2893.115989487323,3076.9109124706647,3159.62149448149,3209.120448599439,136.24738028258426,,,,,,,,2026-08-06,a_unit_eq,rev_leg=ws06_base;scenario=base;,1.0
driver-lines,margin_v2,adj_ebitda_margin_pct,2028Q3,2026-09-11,8,48.84048914224605,48.84048914224605,LIVE,PIT,7,26,43.76049418819039,44.8825226827048,46.75738310082353,50.92359518366857,52.798455601787296,53.920484096301706,3.088417638395452,,,,,,,,2026-08-06,a_unit_eq,rev_leg=ws06_base;scenario=base;,1.0
driver-lines,margin_v2,adj_ebitda_musd,2028Q3,2026-09-11,8,2792.2416802918333,2792.2416802918333,LIVE,PIT,7,26,2168.748652737168,2306.46078618897,2536.5717230909836,3047.911637492683,3278.022574394697,3415.734707846498,379.0568457512117,,,,,,,,2026-08-06,a_unit_eq,rev_leg=ws06_base;scenario=base;,1.0
driver-lines,margin_v2,total_cash_costs_musd,2028Q3,2026-09-11,8,2924.8216197081665,2924.8216197081665,LIVE,PIT,7,26,2705.2336672474535,2753.734490957188,2834.7772408196947,3014.8659985966387,3095.908748459145,3144.4095721688795,133.49999590400736,,,,,,,,2026-08-06,a_unit_eq,rev_leg=ws06_base;scenario=base;,1.0
driver-lines,margin_v2,adj_ebitda_margin_pct,2028Q4,2026-09-11,9,22.857633672978814,22.857633672978814,LIVE,PIT,7,26,17.777638718923154,18.899667213437564,20.774527631556293,24.940739714401335,26.815600132520064,27.937628627034474,3.088417638395452,,,,,,,,2026-08-06,a_unit_eq,rev_leg=ws06_base;scenario=base;,1.0
driver-lines,margin_v2,adj_ebitda_musd,2028Q4,2026-09-11,9,856.8601591283312,856.8601591283312,LIVE,PIT,7,26,665.5277474045515,707.7877141603949,778.4022656881915,935.318052568471,1005.9326040962677,1048.1925708521107,116.32184687362735,,,,,,,,2026-08-06,a_unit_eq,rev_leg=ws06_base;scenario=base;,1.0
driver-lines,margin_v2,total_cash_costs_musd,2028Q4,2026-09-11,9,2891.8225408716685,2891.8225408716685,LIVE,PIT,7,26,2674.7120728858954,2722.6656897183125,2802.794080881533,2980.851000861804,3060.9793920250245,3108.9330088574416,131.99379229151216,,,,,,,,2026-08-06,a_unit_eq,rev_leg=ws06_base;scenario=base;,1.0
driver-lines,margin_v2,adj_ebitda_margin_pct,2026Q3,2026-09-11,0,51.7950212772199,51.7950212772199,LIVE,full_sample,7,26,47.25476765911463,48.25758242131615,49.93324191975916,53.65680063468064,55.332460133123654,56.33527489532518,2.760278205739229,,,,,,,,2026-08-06,a_unit_eq,rev_leg=ws06_base;scenario=base;,1.0
driver-lines,margin_v2,adj_ebitda_musd,2026Q3,2026-09-11,0,2488.2512093901973,2488.2512093901973,LIVE,full_sample,7,26,2004.372333506211,2111.247614199548,2289.831522208038,2686.6708965723565,2865.254804580846,2972.1300852741833,294.17746841145646,,,,,,,,2026-08-06,a_unit_eq,rev_leg=ws06_base;scenario=base;,1.0
driver-lines,margin_v2,total_cash_costs_musd,2026Q3,2026-09-11,0,2315.7842906098026,2315.7842906098026,LIVE,full_sample,7,26,2159.1971058925806,2193.782825901662,2251.574047598956,2379.9945336206492,2437.7857553179433,2472.371475327024,95.19824873866516,,,,,,,,2026-08-06,a_unit_eq,rev_leg=ws06_base;scenario=base;,1.0
driver-lines,margin_v2,adj_ebitda_margin_pct,2026Q4,2026-09-11,1,28.614143028876665,28.614143028876665,LIVE,full_sample,7,26,21.897028177652675,23.380650569439144,25.859718535532902,31.368567522220427,33.84763548831419,35.33125788010065,4.083715864537631,,,,,,,,2026-08-06,a_unit_eq,rev_leg=ws06_base;scenario=base;,1.0
driver-lines,margin_v2,adj_ebitda_musd,2026Q4,2026-09-11,1,909.3883115038856,909.3883115038856,LIVE,full_sample,7,26,559.9258459785506,637.1123092780158,766.0875051507109,1052.6891178570604,1181.6643137297553,1258.8507770292206,212.45809341285852,,,,,,,,2026-08-06,a_unit_eq,rev_leg=ws06_base;scenario=base;,1.0
driver-lines,margin_v2,total_cash_costs_musd,2026Q4,2026-09-11,1,2268.7194884961145,2268.7194884961145,LIVE,full_sample,7,26,2123.092263196803,2155.257235375062,2209.0034935866297,2328.4354834055994,2382.181741617167,2414.3467137954267,88.53506653307105,,,,,,,,2026-08-06,a_unit_eq,rev_leg=ws06_base;scenario=base;,1.0
driver-lines,margin_v2,adj_ebitda_margin_pct,2027Q1,2026-09-11,2,19.712940555393907,19.712940555393907,LIVE,full_sample,7,26,11.209505623210587,13.087676050829158,16.22601648553187,23.199864625255945,26.338205059958653,28.216375487577224,5.16972136173804,,,,,,,,2026-08-06,a_unit_eq,rev_leg=ws06_base;scenario=base;,1.0
driver-lines,margin_v2,adj_ebitda_musd,2027Q1,2026-09-11,2,601.8615639883142,601.8615639883142,LIVE,full_sample,7,26,174.59963285472475,268.9698174098113,426.65825806698285,777.0648699096456,934.753310566817,1029.1234951219035,259.7568100484815,,,,,,,,2026-08-06,a_unit_eq,rev_leg=ws06_base;scenario=base;,1.0
driver-lines,margin_v2,total_cash_costs_musd,2027Q1,2026-09-11,2,2451.267736011686,2451.267736011686,LIVE,full_sample,7,26,2278.189246883054,2316.4174337899694,2380.2950579667413,2522.2404140566305,2586.1180382334023,2624.3462251403175,105.22424992271871,,,,,,,,2026-08-06,a_unit_eq,rev_leg=ws06_base;scenario=base;,1.0
driver-lines,margin_v2,adj_ebitda_margin_pct,2027Q2,2026-09-11,3,34.506996880212675,34.506996880212675,LIVE,full_sample,7,26,26.003561948029358,27.88173237564793,31.020072810350637,37.99392095007471,41.13226138477742,43.01043181239599,5.16972136173804,,,,,,,,2026-08-06,a_unit_eq,rev_leg=ws06_base;scenario=base;,1.0
driver-lines,margin_v2,adj_ebitda_musd,2027Q2,2026-09-11,3,1390.2802444533706,1390.2802444533706,LIVE,full_sample,7,26,403.31935908678264,621.3113544269316,985.5664206111878,1794.9940682955537,2159.2491344798095,2377.2411298199586,600.0296130883056,,,,,,,,2026-08-06,a_unit_eq,rev_leg=ws06_base;scenario=base;,1.0
driver-lines,margin_v2,total_cash_costs_musd,2027Q2,2026-09-11,3,2638.700455546629,2638.700455546629,LIVE,full_sample,7,26,2452.3877646073206,2493.5390157432425,2562.300952082652,2715.099959010606,2783.861895350016,2825.0131464859373,113.27007332841858,,,,,,,,2026-08-06,a_unit_eq,rev_leg=ws06_base;scenario=base;,1.0
driver-lines,margin_v2,adj_ebitda_margin_pct,2027Q3,2026-09-11,4,50.7761434201417,50.7761434201417,LIVE,full_sample,7,26,42.27270848795838,44.15087891557695,47.289219350279666,54.263067490003735,57.40140792470645,59.27957835232502,5.16972136173804,,,,,,,,2026-08-06,a_unit_eq,rev_leg=ws06_base;scenario=base;,1.0
driver-lines,margin_v2,adj_ebitda_musd,2027Q3,2026-09-11,4,2681.3523078340345,2681.3523078340345,LIVE,full_sample,7,26,777.8584919090816,1198.286921448101,1900.804393195253,3461.900222472816,4164.417694219967,4584.846123758987,1157.2420698933786,,,,,,,,2026-08-06,a_unit_eq,rev_leg=ws06_base;scenario=base;,1.0
driver-lines,margin_v2,total_cash_costs_musd,2027Q3,2026-09-11,4,2599.3801921659656,2599.3801921659656,LIVE,full_sample,7,26,2415.8438163872106,2456.381857323503,2524.1191463060113,2674.64123802592,2742.378527008428,2782.91656794472,111.58219355901979,,,,,,,,2026-08-06,a_unit_eq,rev_leg=ws06_base;scenario=base;,1.0
driver-lines,margin_v2,adj_ebitda_margin_pct,2027Q4,2026-09-11,5,26.27842801541074,26.27842801541074,LIVE,full_sample,7,26,17.77499308322742,19.653163510845992,22.7915039455487,29.765352085272777,32.903692519975486,34.78186294759406,5.16972136173804,,,,,,,,2026-08-06,a_unit_eq,rev_leg=ws06_base;scenario=base;,1.0
driver-lines,margin_v2,adj_ebitda_musd,2027Q4,2026-09-11,5,910.7483242024479,910.7483242024479,LIVE,full_sample,7,26,264.2074731854628,407.01022481605133,645.6273614926918,1175.869286912204,1414.4864235888444,1557.289175219433,393.0689274858254,,,,,,,,2026-08-06,a_unit_eq,rev_leg=ws06_base;scenario=base;,1.0
driver-lines,margin_v2,total_cash_costs_musd,2027Q4,2026-09-11,5,2555.015775797552,2555.015775797552,LIVE,full_sample,7,26,2374.6118714511554,2414.4580372503374,2481.0392332145393,2628.992318380565,2695.573514344767,2735.4196801439484,109.67778615094903,,,,,,,,2026-08-06,a_unit_eq,rev_leg=ws06_base;scenario=base;,1.0
driver-lines,margin_v2,adj_ebitda_margin_pct,2028Q1,2026-09-11,6,16.478890931909458,16.478890931909458,LIVE,full_sample,7,26,7.9754559997261385,9.85362642734471,12.99196686204742,19.965815001771496,23.10415543647421,24.98232586409278,5.16972136173804,,,,,,,,2026-08-06,a_unit_eq,rev_leg=ws06_base;scenario=base;,1.0
driver-lines,margin_v2,adj_ebitda_musd,2028Q1,2026-09-11,6,545.4428196962641,545.4428196962641,LIVE,full_sample,7,26,158.2325932746598,243.75647889693994,386.66314191027146,704.2224974822568,847.1291604955883,932.6530461178685,235.40710253911737,,,,,,,,2026-08-06,a_unit_eq,rev_leg=ws06_base;scenario=base;,1.0
driver-lines,margin_v2,total_cash_costs_musd,2028Q1,2026-09-11,6,2764.505780303736,2764.505780303736,LIVE,full_sample,7,26,2569.3102589769464,2612.423478362214,2684.4637776222507,2844.5477829852216,2916.5880822452586,2959.701301630526,118.67045074920127,,,,,,,,2026-08-06,a_unit_eq,rev_leg=ws06_base;scenario=base;,1.0
driver-lines,margin_v2,adj_ebitda_margin_pct,2028Q2,2026-09-11,7,31.563800889960184,31.563800889960184,LIVE,full_sample,7,26,23.060365957776867,24.938536385395437,28.076876820098146,35.05072495982222,38.18906539452493,40.0672358221435,5.16972136173804,,,,,,,,2026-08-06,a_unit_eq,rev_leg=ws06_base;scenario=base;,1.0
driver-lines,margin_v2,adj_ebitda_musd,2028Q2,2026-09-11,7,1376.7329490210063,1376.7329490210063,LIVE,full_sample,7,26,399.3892978398225,615.2571157167978,975.9627744963088,1777.503123545704,2138.208782325215,2354.07660020219,594.1827498611938,,,,,,,,2026-08-06,a_unit_eq,rev_leg=ws06_base;scenario=base;,1.0
driver-lines,margin_v2,total_cash_costs_musd,2028Q2,2026-09-11,7,2985.0134509789937,2985.0134509789937,LIVE,full_sample,7,26,2774.2483800999203,2820.800476571172,2898.5869886616388,3071.4399132963485,3149.2264253868157,3195.7785218580666,128.1360647693008,,,,,,,,2026-08-06,a_unit_eq,rev_leg=ws06_base;scenario=base;,1.0
driver-lines,margin_v2,adj_ebitda_margin_pct,2028Q3,2026-09-11,8,48.84048914224605,48.84048914224605,LIVE,full_sample,7,26,40.33705421006273,42.2152246376813,45.353565072384015,52.327413212108084,55.465753646810796,57.34392407442937,5.16972136173804,,,,,,,,2026-08-06,a_unit_eq,rev_leg=ws06_base;scenario=base;,1.0
driver-lines,margin_v2,adj_ebitda_musd,2028Q3,2026-09-11,8,2792.2416802918333,2792.2416802918333,LIVE,full_sample,7,26,810.0274238978976,1247.8429922246057,1979.4136105333184,3605.0697500503484,4336.640368359061,4774.455936685769,1205.1006994876004,,,,,,,,2026-08-06,a_unit_eq,rev_leg=ws06_base;scenario=base;,1.0
driver-lines,margin_v2,total_cash_costs_musd,2028Q3,2026-09-11,8,2924.8216197081665,2924.8216197081665,LIVE,full_sample,7,26,2718.306558349143,2763.919946843993,2840.1379190642756,3009.5053203520574,3085.7232925723406,3131.3366810671896,125.55224244589652,,,,,,,,2026-08-06,a_unit_eq,rev_leg=ws06_base;scenario=base;,1.0
driver-lines,margin_v2,adj_ebitda_margin_pct,2028Q4,2026-09-11,9,22.857633672978814,22.857633672978814,LIVE,full_sample,7,26,14.354198740795495,16.232369168414067,19.370709603116776,26.344557742840852,29.48289817754356,31.36106860516213,5.16972136173804,,,,,,,,2026-08-06,a_unit_eq,rev_leg=ws06_base;scenario=base;,1.0
driver-lines,margin_v2,adj_ebitda_musd,2028Q4,2026-09-11,9,856.8601591283312,856.8601591283312,LIVE,full_sample,7,26,248.57455292584933,382.9277932607172,607.4261670376243,1106.2941512190382,1330.7925249959453,1465.1457653308132,369.8113900443909,,,,,,,,2026-08-06,a_unit_eq,rev_leg=ws06_base;scenario=base;,1.0
driver-lines,margin_v2,total_cash_costs_musd,2028Q4,2026-09-11,9,2891.8225408716685,2891.8225408716685,LIVE,full_sample,7,26,2687.637470081913,2732.7362289689945,2808.0942776790343,2975.5508040643026,3050.908852774343,3096.007611661424,124.13570876102017,,,,,,,,2026-08-06,a_unit_eq,rev_leg=ws06_base;scenario=base;,1.0
driver-lines,margin_v2,adj_ebitda_margin_pct,2023Q1,2023-02-14,0,17.309647990999867,17.309647990999867,W1,PIT,10,12,9.606189637987452,11.30766766238674,14.150762838526322,20.46853314347341,23.311628319612993,25.013106344012282,4.683370135061684,,,,,,,,2023-02-14,b_elastic_rw,rev_leg=guide_cushion;scenario=backtest;,1.0
driver-lines,margin_v2,adj_ebitda_musd,2023Q1,2023-02-14,0,319.3884054608909,319.3884054608909,W1,PIT,10,12,127.47909711229397,169.86648416230852,240.69394941482304,398.0828615069588,468.91032675947326,511.2977138094878,116.67257511799183,,,,,,,,2023-02-14,b_elastic_rw,rev_leg=guide_cushion;scenario=backtest;,1.0
driver-lines,margin_v2,total_cash_costs_musd,2023Q1,2023-02-14,0,1525.758333669544,1525.758333669544,W1,PIT,10,12,1380.6248691457963,1412.6807834087099,1466.2448106254644,1585.2718567136237,1638.8358839303783,1670.8917981932916,88.2348812962368,,,,,,,,2023-02-14,b_elastic_rw,rev_leg=guide_cushion;scenario=backtest;,1.0
driver-lines,margin_v2,adj_ebitda_margin_pct,2023Q2,2023-02-14,1,37.95354742923943,37.95354742923943,W1,PIT,10,12,33.2955753417297,34.32439081420692,36.0434963594992,39.863598498979655,41.582704044271935,42.611519516749155,2.8318459534558635,,,,,,,,2023-02-14,b_elastic_rw,rev_leg=naive;scenario=backtest;,1.0
driver-lines,margin_v2,adj_ebitda_musd,2023Q2,2023-02-14,1,991.4021522892282,991.4021522892282,W1,PIT,10,12,574.5480197193729,666.6194132994107,820.4666750295601,1162.3376295488963,1316.1848912790458,1408.2562848590835,253.42931780649792,,,,,,,,2023-02-14,b_elastic_rw,rev_leg=naive;scenario=backtest;,1.0
driver-lines,margin_v2,total_cash_costs_musd,2023Q2,2023-02-14,1,1620.7440618099886,1620.7440618099886,W1,PIT,10,12,1529.0035606877561,1549.2664659250925,1583.1248921337901,1658.3632314861873,1692.221657694885,1712.4845629322208,55.77426442027051,,,,,,,,2023-02-14,b_elastic_rw,rev_leg=naive;scenario=backtest;,1.0
driver-lines,margin_v2,adj_ebitda_margin_pct,2023Q3,2023-02-14,2,53.55479700672591,53.55479700672591,W1,PIT,10,12,48.6202361258715,49.71014231009211,51.53132775613767,55.578266257314155,57.399451703359716,58.489357887580326,3.0,,,,,,,,2023-02-14,b_elastic_rw,rev_leg=naive;scenario=backtest;,1.0
driver-lines,margin_v2,adj_ebitda_musd,2023Q3,2023-02-14,2,1917.544188950327,1917.544188950327,W1,PIT,10,12,1602.1362375468605,1671.8010132153026,1788.2077988508217,2046.8805790498322,2163.2873646853513,2232.9521403537933,191.7544188950327,,,,,,,,2023-02-14,b_elastic_rw,rev_leg=naive;scenario=backtest;,1.0
driver-lines,margin_v2,total_cash_costs_musd,2023Q3,2023-02-14,2,1662.9832261932759,1662.9832261932759,W1,PIT,10,12,1389.446827076929,1449.8633504930356,1550.8167121117383,1775.1497402748134,1876.1031018935162,1936.5196253096228,166.2983226193276,,,,,,,,2023-02-14,b_elastic_rw,rev_leg=naive;scenario=backtest;,1.0
driver-lines,margin_v2,adj_ebitda_margin_pct,2023Q1,2023-02-14,0,17.927836694159737,17.927836694159737,W1,full_sample,10,12,13.51977891910456,14.493395324988791,16.12026565025032,19.735407738069153,21.36227806333068,22.335894469214914,2.679908839806587,,,,,,,,2023-02-14,b_elastic_rw,rev_leg=guide_cushion;scenario=backtest;,1.0
driver-lines,margin_v2,adj_ebitda_musd,2023Q1,2023-02-14,0,330.79489415891794,330.79489415891794,W1,full_sample,10,12,268.0511788951147,281.9095069081142,305.06616538863125,356.52362292920463,379.68028140972166,393.5386094227212,38.14547035415597,,,,,,,,2023-02-14,b_elastic_rw,rev_leg=guide_cushion;scenario=backtest;,1.0
driver-lines,margin_v2,total_cash_costs_musd,2023Q1,2023-02-14,0,1514.351844971517,1514.351844971517,W1,full_sample,10,12,1415.5898703903301,1437.4036223048138,1473.8534453129425,1554.8502446300915,1591.3000676382203,1613.113819552704,60.04301717972911,,,,,,,,2023-02-14,b_elastic_rw,rev_leg=guide_cushion;scenario=backtest;,1.0
driver-lines,margin_v2,adj_ebitda_margin_pct,2023Q2,2023-02-14,1,38.39607602765996,38.39607602765996,W1,full_sample,10,12,32.02917004409968,33.43544111327576,35.78525841081665,41.006893644503265,43.35671094204416,44.76298201122024,3.8708039908453946,,,,,,,,2023-02-14,b_elastic_rw,rev_leg=naive;scenario=backtest;,1.0
driver-lines,margin_v2,adj_ebitda_musd,2023Q2,2023-02-14,1,1002.9616463191766,1002.9616463191766,W1,full_sample,10,12,635.9757442263217,717.0326434865306,852.4751681473434,1153.4481244910098,1288.8906491518226,1369.9475484120312,223.11158639265471,,,,,,,,2023-02-14,b_elastic_rw,rev_leg=naive;scenario=backtest;,1.0
driver-lines,margin_v2,total_cash_costs_musd,2023Q2,2023-02-14,1,1609.1845677800402,1609.1845677800402,W1,full_sample,10,12,1502.6394770862712,1526.1723011914587,1565.4946184561913,1652.874517103889,1692.196834368622,1715.729658473809,64.77481579393591,,,,,,,,2023-02-14,b_elastic_rw,rev_leg=naive;scenario=backtest;,1.0
driver-lines,margin_v2,adj_ebitda_margin_pct,2023Q3,2023-02-14,2,53.9050416285365,53.9050416285365,W1,full_sample,10,12,45.80360792756594,47.59298755119159,50.58296244552421,57.227120811548794,60.21709570588141,62.00647532950706,4.925321966785301,,,,,,,,2023-02-14,b_elastic_rw,rev_leg=naive;scenario=backtest;,1.0
driver-lines,margin_v2,adj_ebitda_musd,2023Q3,2023-02-14,2,1930.0847936543212,1930.0847936543212,W1,full_sample,10,12,636.3643045163801,922.1108979438006,1399.5809267786658,2460.5886605299766,2938.058689364842,3223.805282792262,786.526209955647,,,,,,,,2023-02-14,b_elastic_rw,rev_leg=naive;scenario=backtest;,1.0
driver-lines,margin_v2,total_cash_costs_musd,2023Q3,2023-02-14,2,1650.4426214892817,1650.4426214892817,W1,full_sample,10,12,1530.716357023138,1557.160532950032,1601.347591458344,1699.5376515202195,1743.7247100285315,1770.1688859554256,72.7884004414674,,,,,,,,2023-02-14,b_elastic_rw,rev_leg=naive;scenario=backtest;,1.0
driver-lines,margin_v2,adj_ebitda_margin_pct,2023Q2,2023-05-09,0,34.060125094480526,34.060125094480526,W1,PIT,10,13,27.607338330011324,29.032578056475934,31.414091148650392,36.70615904031066,39.08767213248512,40.51291185894973,3.9230157983288905,,,,,,,,2023-05-09,b_elastic_rw,rev_leg=guide_cushion;scenario=backtest;,1.0
driver-lines,margin_v2,adj_ebitda_musd,2023Q2,2023-05-09,0,839.0140659757794,839.0140659757794,W1,PIT,10,13,443.27489206060056,530.6825831202007,676.7370024223744,1001.2911295291843,1147.3455488313582,1234.7532398909584,240.59233443685278,,,,,,,,2023-05-09,b_elastic_rw,rev_leg=guide_cushion;scenario=backtest;,1.0
driver-lines,margin_v2,total_cash_costs_musd,2023Q2,2023-05-09,0,1624.3182431346836,1624.3182431346836,W1,PIT,10,13,1496.0738733413302,1524.399459974897,1571.730273282139,1676.9062129872282,1724.2370262944703,1752.562612928037,77.96704077008854,,,,,,,,2023-05-09,b_elastic_rw,rev_leg=guide_cushion;scenario=backtest;,1.0
driver-lines,margin_v2,adj_ebitda_margin_pct,2023Q3,2023-05-09,1,51.528191552456626,51.528191552456626,W1,PIT,10,13,46.13330017290698,47.324880461354354,49.315958877582396,53.740424227330855,55.7315026435589,56.923082932006274,3.279861071619118,,,,,,,,2023-05-09,b_elastic_rw,rev_leg=naive;scenario=backtest;,1.0
driver-lines,margin_v2,adj_ebitda_musd,2023Q3,2023-05-09,1,1790.3782602185818,1790.3782602185818,W1,PIT,10,13,1170.7956804599705,1307.6441056023812,1536.311823789367,2044.4446966477965,2273.1124148347826,2409.9608399771932,376.6794622977663,,,,,,,,2023-05-09,b_elastic_rw,rev_leg=naive;scenario=backtest;,1.0
driver-lines,margin_v2,total_cash_costs_musd,2023Q3,2023-05-09,1,1684.182375964321,1684.182375964321,W1,PIT,10,13,1604.6142129707716,1622.188589902712,1651.5546031937147,1716.810148734927,1746.17616202593,1763.7505389578703,48.37400829459751,,,,,,,,2023-05-09,b_elastic_rw,rev_leg=naive;scenario=backtest;,1.0
driver-lines,margin_v2,adj_ebitda_margin_pct,2023Q4,2023-05-09,2,28.012069541665213,28.012069541665213,W1,PIT,10,13,23.71711790897361,24.665752338343236,26.250878876203114,29.77326020712731,31.35838674498719,32.30702117435682,2.6111451878254672,,,,,,,,2023-05-09,b_elastic_rw,rev_leg=naive;scenario=backtest;,1.0
driver-lines,margin_v2,adj_ebitda_musd,2023Q4,2023-05-09,2,641.8896122973723,641.8896122973723,W1,PIT,10,13,-105.87137121155975,59.288070514521365,335.26225609420794,948.5169685005367,1224.4911540802232,1389.6505958063044,454.606398561319,,,,,,,,2023-05-09,b_elastic_rw,rev_leg=naive;scenario=backtest;,1.0
driver-lines,margin_v2,total_cash_costs_musd,2023Q4,2023-05-09,2,1649.5855368079956,1649.5855368079956,W1,PIT,10,13,1476.7684588560815,1514.938907361342,1578.7200532005338,1720.4510204154574,1784.2321662546494,1822.4026147599097,105.06532321189506,,,,,,,,2023-05-09,b_elastic_rw,rev_leg=naive;scenario=backtest;,1.0
driver-lines,margin_v2,adj_ebitda_margin_pct,2023Q2,2023-05-09,0,35.598866504117005,35.598866504117005,W1,full_sample,10,13,31.19080872906183,32.16442513494606,33.791295460207586,37.406437548026425,39.03330787328795,40.00692427917218,2.679908839806587,,,,,,,,2023-05-09,b_elastic_rw,rev_leg=guide_cushion;scenario=backtest;,1.0
driver-lines,margin_v2,adj_ebitda_musd,2023Q2,2023-05-09,0,876.9183802730165,876.9183802730165,W1,full_sample,10,13,710.5883729694186,747.3260093992405,808.7129890831377,945.1237714628953,1006.5107511467925,1043.2483875766145,101.12146429215683,,,,,,,,2023-05-09,b_elastic_rw,rev_leg=guide_cushion;scenario=backtest;,1.0
driver-lines,margin_v2,total_cash_costs_musd,2023Q2,2023-05-09,0,1586.4139288374465,1586.4139288374465,W1,full_sample,10,13,1482.9522580009498,1505.804041087061,1543.9883686696926,1628.8394890052004,1667.023816587832,1689.8755996739433,62.90022962605493,,,,,,,,2023-05-09,b_elastic_rw,rev_leg=guide_cushion;scenario=backtest;,1.0
driver-lines,margin_v2,adj_ebitda_margin_pct,2023Q3,2023-05-09,1,52.46129458515015,52.46129458515015,W1,full_sample,10,13,46.09438860158987,47.50065967076595,49.85047696830684,55.072112201993455,57.42192949953435,58.82820056871043,3.8708039908453946,,,,,,,,2023-05-09,b_elastic_rw,rev_leg=naive;scenario=backtest;,1.0
driver-lines,margin_v2,adj_ebitda_musd,2023Q3,2023-05-09,1,1822.7994908875799,1822.7994908875799,W1,full_sample,10,13,1155.8330939642672,1303.1472761632297,1549.3028155124293,2096.2961662627304,2342.4517056119303,2489.7658878108923,405.4867776651047,,,,,,,,2023-05-09,b_elastic_rw,rev_leg=naive;scenario=backtest;,1.0
driver-lines,margin_v2,total_cash_costs_musd,2023Q3,2023-05-09,1,1651.7611452953229,1651.7611452953229,W1,full_sample,10,13,1542.397033462758,1566.552500321132,1606.9152263261822,1696.6070642644636,1736.9697902695139,1761.1252571278876,66.48865895457058,,,,,,,,2023-05-09,b_elastic_rw,rev_leg=naive;scenario=backtest;,1.0
driver-lines,margin_v2,adj_ebitda_margin_pct,2023Q4,2023-05-09,2,29.289414135239706,29.289414135239706,W1,full_sample,10,13,21.187980434269146,22.977360057894792,25.967334952227414,32.611493318251995,35.60146821258462,37.39084783621027,4.925321966785301,,,,,,,,2023-05-09,b_elastic_rw,rev_leg=naive;scenario=backtest;,1.0
driver-lines,margin_v2,adj_ebitda_musd,2023Q4,2023-05-09,2,671.1596462275728,671.1596462275728,W1,full_sample,10,13,221.28667242770018,320.65100252657237,486.68444141520155,855.6348510399441,1021.6682899285732,1121.0326200274453,273.5033479140969,,,,,,,,2023-05-09,b_elastic_rw,rev_leg=naive;scenario=backtest;,1.0
driver-lines,margin_v2,total_cash_costs_musd,2023Q4,2023-05-09,2,1620.315502877795,1620.315502877795,W1,full_sample,10,13,1502.774717218074,1528.7361821349884,1572.1166517104655,1668.5143540451247,1711.8948236206018,1737.856288537516,71.45972367010428,,,,,,,,2023-05-09,b_elastic_rw,rev_leg=naive;scenario=backtest;,1.0
driver-lines,margin_v2,adj_ebitda_margin_pct,2023Q3,2023-08-03,0,51.41110377007939,51.41110377007939,W1,PIT,10,14,45.25989030594772,46.61852094338296,48.88873316831682,53.93347437184197,56.203686596775825,57.562317234211065,3.739672250066508,,,,,,,,2023-08-03,b_elastic_rw,rev_leg=guide_cushion;scenario=backtest;,1.0
driver-lines,margin_v2,adj_ebitda_musd,2023Q3,2023-08-03,0,1780.3050537598638,1780.3050537598638,W1,PIT,10,14,991.1215272165397,1165.4300476366325,1456.6919425655183,2103.9181649542097,2395.180059883095,2569.488580303188,479.78951659423683,,,,,,,,2023-08-03,b_elastic_rw,rev_leg=guide_cushion;scenario=backtest;,1.0
driver-lines,margin_v2,total_cash_costs_musd,2023Q3,2023-08-03,0,1682.5753810227452,1682.5753810227452,W1,PIT,10,14,1568.1436446922278,1593.4184077581035,1635.6514286494732,1729.4993333960172,1771.7323542873871,1797.0071173532626,69.5695558896643,,,,,,,,2023-08-03,b_elastic_rw,rev_leg=guide_cushion;scenario=backtest;,1.0
driver-lines,margin_v2,adj_ebitda_margin_pct,2023Q4,2023-08-03,1,26.865177347379387,26.865177347379387,W1,PIT,10,14,20.259960275425414,21.718867584234566,24.156637730325322,29.57371696443345,32.01148711052421,33.47039441933336,4.015686845154669,,,,,,,,2023-08-03,b_elastic_rw,rev_leg=naive;scenario=backtest;,1.0
driver-lines,margin_v2,adj_ebitda_musd,2023Q4,2023-08-03,1,603.2621540387526,603.2621540387526,W1,PIT,10,14,318.5308613689972,381.4200229813194,486.50505461114693,720.0192534663581,825.1042850961857,887.9934467085079,173.10433463764724,,,,,,,,2023-08-03,b_elastic_rw,rev_leg=naive;scenario=backtest;,1.0
driver-lines,margin_v2,total_cash_costs_musd,2023Q4,2023-08-03,1,1642.254956227407,1642.254956227407,W1,PIT,10,14,1579.996659101345,1593.747771853852,1616.725278335023,1667.7846341197915,1690.762140600962,1704.5132533534693,37.85035708098237,,,,,,,,2023-08-03,b_elastic_rw,rev_leg=naive;scenario=backtest;,1.0
driver-lines,margin_v2,adj_ebitda_margin_pct,2024Q1,2023-08-03,2,14.065384017794006,14.065384017794006,W1,PIT,10,14,5.207191737884658,7.163718119866762,10.432987918732977,17.697780116855036,20.96704991572125,22.923576297703356,5.385398514958978,,,,,,,,2023-08-03,b_elastic_rw,rev_leg=naive;scenario=backtest;,1.0
driver-lines,margin_v2,adj_ebitda_musd,2024Q1,2023-08-03,2,301.8918083201719,301.8918083201719,W1,PIT,10,14,-87.8043542833661,-1.7313950385920354,142.0927459233653,461.6908707169785,605.5150116789357,691.5879709237098,236.9184444246206,,,,,,,,2023-08-03,b_elastic_rw,rev_leg=naive;scenario=backtest;,1.0
driver-lines,margin_v2,total_cash_costs_musd,2024Q1,2023-08-03,2,1844.4541992843906,1844.4541992843906,W1,PIT,10,14,1679.3904251607203,1715.848386173258,1776.7680404974597,1912.1403580713215,1973.0600123955232,2009.517973408061,100.35164917962643,,,,,,,,2023-08-03,b_elastic_rw,rev_leg=naive;scenario=backtest;,1.0
driver-lines,margin_v2,adj_ebitda_margin_pct,2023Q3,2023-08-03,0,52.932117612812505,52.932117612812505,W1,full_sample,10,14,48.52405983775733,49.49767624364156,51.124546568903085,54.739688656721924,56.36655898198345,57.34017538786768,2.679908839806587,,,,,,,,2023-08-03,b_elastic_rw,rev_leg=guide_cushion;scenario=backtest;,1.0
driver-lines,margin_v2,adj_ebitda_musd,2023Q3,2023-08-03,0,1832.9759445302038,1832.9759445302038,W1,full_sample,10,14,1485.3051588567319,1562.0958902972052,1690.409835584697,1975.5420534757106,2103.8559987632025,2180.646730203676,211.36882940631975,,,,,,,,2023-08-03,b_elastic_rw,rev_leg=guide_cushion;scenario=backtest;,1.0
driver-lines,margin_v2,total_cash_costs_musd,2023Q3,2023-08-03,0,1629.9044902524051,1629.9044902524051,W1,full_sample,10,14,1523.6064813909982,1547.0847320450512,1586.315859465754,1673.4931210390562,1712.724248459759,1736.202499113812,64.62460070591024,,,,,,,,2023-08-03,b_elastic_rw,rev_leg=guide_cushion;scenario=backtest;,1.0
driver-lines,margin_v2,adj_ebitda_margin_pct,2023Q4,2023-08-03,1,29.262669777044803,29.262669777044803,W1,full_sample,10,14,22.895763793484523,24.302034862660598,26.651852160201496,31.87348739388811,34.22330469142901,35.629575760605086,3.8708039908453946,,,,,,,,2023-08-03,b_elastic_rw,rev_leg=naive;scenario=backtest;,1.0
driver-lines,margin_v2,adj_ebitda_musd,2023Q4,2023-08-03,1,657.0982567642253,657.0982567642253,W1,full_sample,10,14,416.66453987459585,469.76960864573687,558.5058501291356,755.690663399315,844.4269048827139,897.5319736538547,146.17332080499034,,,,,,,,2023-08-03,b_elastic_rw,rev_leg=naive;scenario=backtest;,1.0
driver-lines,margin_v2,total_cash_costs_musd,2023Q4,2023-08-03,1,1588.4188535019343,1588.4188535019343,W1,full_sample,10,14,1483.2486734028735,1506.477818296049,1545.2927009125617,1631.545006091307,1670.35988870782,1693.589033600995,63.9389295046152,,,,,,,,2023-08-03,b_elastic_rw,rev_leg=naive;scenario=backtest;,1.0
driver-lines,margin_v2,adj_ebitda_margin_pct,2024Q1,2023-08-03,2,16.739897041059397,16.739897041059397,W1,full_sample,10,14,8.638463340088837,10.427842963714484,13.417817858047105,20.06197622407169,23.05195111840431,24.841330742029957,4.925321966785301,,,,,,,,2023-08-03,b_elastic_rw,rev_leg=naive;scenario=backtest;,1.0
driver-lines,margin_v2,adj_ebitda_musd,2024Q1,2023-08-03,2,359.29611181789267,359.29611181789267,W1,full_sample,10,14,118.46278519169707,171.65611655269643,260.53984095380656,458.0523826819788,546.9361070830889,600.1294384440882,146.4162662744342,,,,,,,,2023-08-03,b_elastic_rw,rev_leg=naive;scenario=backtest;,1.0
driver-lines,margin_v2,total_cash_costs_musd,2024Q1,2023-08-03,2,1787.0498957866698,1787.0498957866698,W1,full_sample,10,14,1657.4138783623955,1686.046840950139,1733.8912659996722,1840.2085255736674,1888.0529506232003,1916.6859132109444,78.81310245492074,,,,,,,,2023-08-03,b_elastic_rw,rev_leg=naive;scenario=backtest;,1.0
driver-lines,margin_v2,adj_ebitda_margin_pct,2023Q4,2023-11-01,0,27.316930371876776,27.316930371876776,W1,PIT,10,15,20.277036971904085,21.831952097716776,24.430147096482806,30.203713647270746,32.80190864603678,34.35682377184947,4.2799512884439705,,,,,,,,2023-11-01,b_elastic_rw,rev_leg=guide_cushion;scenario=backtest;,1.0
driver-lines,margin_v2,adj_ebitda_musd,2023Q4,2023-11-01,0,602.812316321436,602.812316321436,W1,PIT,10,15,345.9025772034443,402.64673746653966,497.4637412741883,708.1608913686837,802.9778951763323,859.7220554394277,156.19003108145336,,,,,,,,2023-11-01,b_elastic_rw,rev_leg=guide_cushion;scenario=backtest;,1.0
driver-lines,margin_v2,total_cash_costs_musd,2023Q4,2023-11-01,0,1603.9228772566871,1603.9228772566871,W1,PIT,10,15,1444.8520997817152,1479.9863758165736,1538.6942105810745,1669.1515439322998,1727.8593786968004,1762.993654731659,96.70816592342595,,,,,,,,2023-11-01,b_elastic_rw,rev_leg=guide_cushion;scenario=backtest;,1.0
driver-lines,margin_v2,adj_ebitda_margin_pct,2024Q1,2023-11-01,1,15.362581074918461,15.362581074918461,W1,PIT,10,15,5.005107842220262,7.29278336224802,11.11538885129617,19.609773298540752,23.432378787588902,25.72005430761666,6.296896613162147,,,,,,,,2023-11-01,b_elastic_rw,rev_leg=naive;scenario=backtest;,1.0
driver-lines,margin_v2,adj_ebitda_musd,2024Q1,2023-11-01,1,328.97156249342373,328.97156249342373,W1,PIT,10,15,140.65877640905236,182.25179250041174,251.751898710828,406.19122627601945,475.6913324864357,517.2843485777951,114.48604483633311,,,,,,,,2023-11-01,b_elastic_rw,rev_leg=naive;scenario=backtest;,1.0
driver-lines,margin_v2,total_cash_costs_musd,2024Q1,2023-11-01,1,1812.4105456896555,1812.4105456896555,W1,PIT,10,15,1667.3278897763046,1699.3725818413325,1752.9178572574663,1871.9032341218444,1925.4485095379787,1957.4932016030064,88.20399185442609,,,,,,,,2023-11-01,b_elastic_rw,rev_leg=naive;scenario=backtest;,1.0
driver-lines,margin_v2,adj_ebitda_margin_pct,2024Q2,2023-11-01,2,34.96112333750998,34.96112333750998,W1,PIT,10,15,19.878730543977973,23.21000835682131,28.776427519607445,41.14581915541252,46.71223831819866,50.04351613104199,9.169443740404617,,,,,,,,2023-11-01,b_elastic_rw,rev_leg=naive;scenario=backtest;,1.0
driver-lines,margin_v2,adj_ebitda_musd,2024Q2,2023-11-01,2,1022.9096150075006,1022.9096150075006,W1,PIT,10,15,-380.45141118286773,-70.48829631412711,447.44647805690533,1598.3727519580962,2116.3075263291285,2426.270641197869,853.1829235111455,,,,,,,,2023-11-01,b_elastic_rw,rev_leg=naive;scenario=backtest;,1.0
driver-lines,margin_v2,total_cash_costs_musd,2024Q2,2023-11-01,2,1902.9392060743303,1902.9392060743303,W1,PIT,10,15,1720.8368741577867,1761.0581750007645,1828.2662051750613,1977.6122069735995,2044.820237147896,2085.041537990874,110.71035679572724,,,,,,,,2023-11-01,b_elastic_rw,rev_leg=naive;scenario=backtest;,1.0
driver-lines,margin_v2,adj_ebitda_margin_pct,2023Q4,2023-11-01,0,27.66019322168864,27.66019322168864,W1,full_sample,10,15,23.252135446633464,24.225751852517696,25.852622177779224,29.467764265598056,31.094634590859584,32.068250996743814,2.679908839806587,,,,,,,,2023-11-01,b_elastic_rw,rev_leg=guide_cushion;scenario=backtest;,1.0
driver-lines,margin_v2,adj_ebitda_musd,2023Q4,2023-11-01,0,610.3872184347136,610.3872184347136,W1,full_sample,10,15,494.61166533402474,520.1832398576233,562.9122196809183,657.862217188509,700.591197011804,726.1627715354026,70.38653847592765,,,,,,,,2023-11-01,b_elastic_rw,rev_leg=guide_cushion;scenario=backtest;,1.0
driver-lines,margin_v2,total_cash_costs_musd,2023Q4,2023-11-01,0,1596.3479751434093,1596.3479751434093,W1,full_sample,10,15,1492.238432392591,1515.2333122249074,1553.6567481962595,1639.039202090559,1677.462638061911,1700.4575178942275,63.29410778257038,,,,,,,,2023-11-01,b_elastic_rw,rev_leg=guide_cushion;scenario=backtest;,1.0
driver-lines,margin_v2,adj_ebitda_margin_pct,2024Q1,2023-11-01,1,15.508674450112355,15.508674450112355,W1,full_sample,10,15,9.141768466552076,10.548039535728153,12.89785683326905,18.11949206695566,20.46930936449656,21.875580433672635,3.8708039908453946,,,,,,,,2023-11-01,b_elastic_rw,rev_leg=naive;scenario=backtest;,1.0
driver-lines,margin_v2,adj_ebitda_musd,2024Q1,2023-11-01,1,332.09997989106654,332.09997989106654,W1,full_sample,10,15,210.58385696391235,237.4233624556119,282.2709993331809,381.9289604489522,426.7765973265212,453.61610281822067,73.87655712099375,,,,,,,,2023-11-01,b_elastic_rw,rev_leg=naive;scenario=backtest;,1.0
driver-lines,margin_v2,total_cash_costs_musd,2024Q1,2023-11-01,1,1809.2821282920127,1809.2821282920127,W1,full_sample,10,15,1689.4884561991805,1715.947520581393,1760.1594570457466,1858.4047995382787,1902.6167360026325,1929.0758003848446,72.82938136863551,,,,,,,,2023-11-01,b_elastic_rw,rev_leg=naive;scenario=backtest;,1.0
driver-lines,margin_v2,adj_ebitda_margin_pct,2024Q2,2023-11-01,2,35.19257107828253,35.19257107828253,W1,full_sample,10,15,27.091137377311973,28.880517000937623,31.87049189527024,38.514650261294825,41.504625155627444,43.29400477925309,4.925321966785301,,,,,,,,2023-11-01,b_elastic_rw,rev_leg=naive;scenario=backtest;,1.0
driver-lines,margin_v2,adj_ebitda_musd,2024Q2,2023-11-01,2,1029.681426002315,1029.681426002315,W1,full_sample,10,15,339.4941541872764,491.9371767751982,746.6627835363402,1312.7000684682898,1567.4256752294318,1719.8686978173534,419.60406719849794,,,,,,,,2023-11-01,b_elastic_rw,rev_leg=naive;scenario=backtest;,1.0
driver-lines,margin_v2,total_cash_costs_musd,2024Q2,2023-11-01,2,1896.167395079516,1896.167395079516,W1,full_sample,10,15,1758.6157855539961,1788.9970805650742,1839.7628924369997,1952.5718977220322,2003.3377095939577,2033.719004605036,83.6254407514998,,,,,,,,2023-11-01,b_elastic_rw,rev_leg=naive;scenario=backtest;,1.0
driver-lines,margin_v2,adj_ebitda_margin_pct,2024Q1,2024-02-13,0,16.408523123682713,16.408523123682713,W1,PIT,10,16,8.009410477204954,9.86453903603563,12.964377518282488,19.85266872908294,22.952507211329795,24.807635770160473,5.106297915422694,,,,,,,,2024-02-13,b_elastic_rw,rev_leg=guide_cushion;scenario=backtest;,1.0
driver-lines,margin_v2,adj_ebitda_margin_pct,2024Q1,2024-02-13,0,16.408523123682713,16.408523123682713,W2,PIT,10,16,8.009410477204954,9.86453903603563,12.964377518282488,19.85266872908294,22.952507211329795,24.807635770160473,5.106297915422694,,,,,,,,2024-02-13,b_elastic_rw,rev_leg=guide_cushion;scenario=backtest;,1.0
driver-lines,margin_v2,adj_ebitda_musd,2024Q1,2024-02-13,0,344.90336709194327,344.90336709194327,W1,PIT,10,16,191.1491399956818,225.1091390733019,281.8548085293468,407.95192565453965,464.69759511058464,498.6575941882047,93.47593279848583,,,,,,,,2024-02-13,b_elastic_rw,rev_leg=guide_cushion;scenario=backtest;,1.0
driver-lines,margin_v2,adj_ebitda_musd,2024Q1,2024-02-13,0,344.90336709194327,344.90336709194327,W2,PIT,10,16,191.1491399956818,225.1091390733019,281.8548085293468,407.95192565453965,464.69759511058464,498.6575941882047,93.47593279848583,,,,,,,,2024-02-13,b_elastic_rw,rev_leg=guide_cushion;scenario=backtest;,1.0
driver-lines,margin_v2,total_cash_costs_musd,2024Q1,2024-02-13,0,1757.0735414461453,1757.0735414461453,W1,PIT,10,16,1564.502504185963,1607.0360486044708,1678.107736411353,1836.0393464809376,1907.1110342878198,1949.6445787063276,117.07487773066369,,,,,,,,2024-02-13,b_elastic_rw,rev_leg=guide_cushion;scenario=backtest;,1.0
driver-lines,margin_v2,total_cash_costs_musd,2024Q1,2024-02-13,0,1757.0735414461453,1757.0735414461453,W2,PIT,10,16,1564.502504185963,1607.0360486044708,1678.107736411353,1836.0393464809376,1907.1110342878198,1949.6445787063276,117.07487773066369,,,,,,,,2024-02-13,b_elastic_rw,rev_leg=guide_cushion;scenario=backtest;,1.0
driver-lines,margin_v2,adj_ebitda_margin_pct,2024Q2,2024-02-13,1,36.08566836615236,36.08566836615236,W1,PIT,10,16,23.47280060402285,26.258629557524692,30.913627591982046,41.25770914032268,45.91270717478003,48.69853612828187,7.668079125986343,,,,,,,,2024-02-13,b_elastic_rw,rev_leg=naive;scenario=backtest;,1.0
driver-lines,margin_v2,adj_ebitda_margin_pct,2024Q2,2024-02-13,1,36.08566836615236,36.08566836615236,W2,PIT,10,16,23.47280060402285,26.258629557524692,30.913627591982046,41.25770914032268,45.91270717478003,48.69853612828187,7.668079125986343,,,,,,,,2024-02-13,b_elastic_rw,rev_leg=naive;scenario=backtest;,1.0
driver-lines,margin_v2,adj_ebitda_musd,2024Q2,2024-02-13,1,1045.2913926989318,1045.2913926989318,W1,PIT,10,16,378.0927091767271,525.4581969744564,771.6994657296615,1318.8833196682021,1565.1245884234072,1712.4900762211362,405.6279978898626,,,,,,,,2024-02-13,b_elastic_rw,rev_leg=naive;scenario=backtest;,1.0
driver-lines,margin_v2,adj_ebitda_musd,2024Q2,2024-02-13,1,1045.2913926989318,1045.2913926989318,W2,PIT,10,16,378.0927091767271,525.4581969744564,771.6994657296615,1318.8833196682021,1565.1245884234072,1712.4900762211362,405.6279978898626,,,,,,,,2024-02-13,b_elastic_rw,rev_leg=naive;scenario=backtest;,1.0
driver-lines,margin_v2,total_cash_costs_musd,2024Q2,2024-02-13,1,1851.4026136102166,1851.4026136102166,W1,PIT,10,16,1664.217578775537,1705.5615062263914,1774.6453962400094,1928.1598309804237,1997.2437209940417,2038.587648444896,113.80042075938593,,,,,,,,2024-02-13,b_elastic_rw,rev_leg=naive;scenario=backtest;,1.0
driver-lines,margin_v2,total_cash_costs_musd,2024Q2,2024-02-13,1,1851.4026136102166,1851.4026136102166,W2,PIT,10,16,1664.217578775537,1705.5615062263914,1774.6453962400094,1928.1598309804237,1997.2437209940417,2038.587648444896,113.80042075938593,,,,,,,,2024-02-13,b_elastic_rw,rev_leg=naive;scenario=backtest;,1.0
driver-lines,margin_v2,adj_ebitda_margin_pct,2024Q3,2024-02-13,2,55.79920075989647,55.79920075989647,W1,PIT,10,16,38.495286185862504,42.3172358913851,48.703546272946284,62.89485524684666,69.28116562840785,73.10311533393045,10.52003308410158,,,,,,,,2024-02-13,b_elastic_rw,rev_leg=naive;scenario=backtest;,1.0
driver-lines,margin_v2,adj_ebitda_margin_pct,2024Q3,2024-02-13,2,55.79920075989647,55.79920075989647,W2,PIT,10,16,38.495286185862504,42.3172358913851,48.703546272946284,62.89485524684666,69.28116562840785,73.10311533393045,10.52003308410158,,,,,,,,2024-02-13,b_elastic_rw,rev_leg=naive;scenario=backtest;,1.0
driver-lines,margin_v2,adj_ebitda_musd,2024Q3,2024-02-13,2,2210.4187428426653,2210.4187428426653,W1,PIT,10,16,-777.9546488194246,-117.90672987088155,985.0044023760972,3435.833083309233,4538.744215556212,5198.792134504756,1816.8020197643127,,,,,,,,2024-02-13,b_elastic_rw,rev_leg=naive;scenario=backtest;,1.0
driver-lines,margin_v2,adj_ebitda_musd,2024Q3,2024-02-13,2,2210.4187428426653,2210.4187428426653,W2,PIT,10,16,-777.9546488194246,-117.90672987088155,985.0044023760972,3435.833083309233,4538.744215556212,5198.792134504756,1816.8020197643127,,,,,,,,2024-02-13,b_elastic_rw,rev_leg=naive;scenario=backtest;,1.0
driver-lines,margin_v2,total_cash_costs_musd,2024Q3,2024-02-13,2,1750.9619091026557,1750.9619091026557,W1,PIT,10,16,1554.2624996232705,1597.7078857478825,1670.303221065254,1831.620597140057,1904.215932457429,1947.6613185820408,119.58474982600283,,,,,,,,2024-02-13,b_elastic_rw,rev_leg=naive;scenario=backtest;,1.0
driver-lines,margin_v2,total_cash_costs_musd,2024Q3,2024-02-13,2,1750.9619091026557,1750.9619091026557,W2,PIT,10,16,1554.2624996232705,1597.7078857478825,1670.303221065254,1831.620597140057,1904.215932457429,1947.6613185820408,119.58474982600283,,,,,,,,2024-02-13,b_elastic_rw,rev_leg=naive;scenario=backtest;,1.0
driver-lines,margin_v2,adj_ebitda_margin_pct,2024Q1,2024-02-13,0,14.91218532489025,14.91218532489025,W1,full_sample,10,16,10.504127549835074,11.477743955719305,13.104614280980835,16.71975636879967,18.346626694061197,19.32024309994543,2.679908839806587,,,,,,,,2024-02-13,b_elastic_rw,rev_leg=guide_cushion;scenario=backtest;,1.0
driver-lines,margin_v2,adj_ebitda_margin_pct,2024Q1,2024-02-13,0,14.91218532489025,14.91218532489025,W2,full_sample,10,16,10.504127549835074,11.477743955719305,13.104614280980835,16.71975636879967,18.346626694061197,19.32024309994543,2.679908839806587,,,,,,,,2024-02-13,b_elastic_rw,rev_leg=guide_cushion;scenario=backtest;,1.0
driver-lines,margin_v2,adj_ebitda_musd,2024Q1,2024-02-13,0,313.4506920875986,313.4506920875986,W1,full_sample,10,16,253.99674850847532,267.12845816770846,289.07096923823053,337.8304149369667,359.77292600748876,372.9046356667219,36.14543118302487,,,,,,,,2024-02-13,b_elastic_rw,rev_leg=guide_cushion;scenario=backtest;,1.0
driver-lines,margin_v2,adj_ebitda_musd,2024Q1,2024-02-13,0,313.4506920875986,313.4506920875986,W2,full_sample,10,16,253.99674850847532,267.12845816770846,289.07096923823053,337.8304149369667,359.77292600748876,372.9046356667219,36.14543118302487,,,,,,,,2024-02-13,b_elastic_rw,rev_leg=guide_cushion;scenario=backtest;,1.0
driver-lines,margin_v2,total_cash_costs_musd,2024Q1,2024-02-13,0,1788.52621645049,1788.52621645049,W1,full_sample,10,16,1671.8833231140395,1697.6464687844136,1740.6955555943846,1836.3568773065954,1879.4059641165663,1905.1691097869405,70.91384389785091,,,,,,,,2024-02-13,b_elastic_rw,rev_leg=guide_cushion;scenario=backtest;,1.0
driver-lines,margin_v2,total_cash_costs_musd,2024Q1,2024-02-13,0,1788.52621645049,1788.52621645049,W2,full_sample,10,16,1671.8833231140395,1697.6464687844136,1740.6955555943846,1836.3568773065954,1879.4059641165663,1905.1691097869405,70.91384389785091,,,,,,,,2024-02-13,b_elastic_rw,rev_leg=guide_cushion;scenario=backtest;,1.0
driver-lines,margin_v2,adj_ebitda_margin_pct,2024Q2,2024-02-13,1,35.03360844508685,35.03360844508685,W1,full_sample,10,16,28.66670246152657,30.072973530702647,32.42279082824354,37.644426061930155,39.99424335947105,41.40051442864713,3.8708039908453946,,,,,,,,2024-02-13,b_elastic_rw,rev_leg=naive;scenario=backtest;,1.0
driver-lines,margin_v2,adj_ebitda_margin_pct,2024Q2,2024-02-13,1,35.03360844508685,35.03360844508685,W2,full_sample,10,16,28.66670246152657,30.072973530702647,32.42279082824354,37.644426061930155,39.99424335947105,41.40051442864713,3.8708039908453946,,,,,,,,2024-02-13,b_elastic_rw,rev_leg=naive;scenario=backtest;,1.0
driver-lines,margin_v2,adj_ebitda_musd,2024Q2,2024-02-13,1,1014.8164360226464,1014.8164360226464,W1,full_sample,10,16,643.4928399517464,725.5078142273575,862.5512402313608,1167.0816318139318,1304.1250578179354,1386.1400320935463,225.7487170813498,,,,,,,,2024-02-13,b_elastic_rw,rev_leg=naive;scenario=backtest;,1.0
driver-lines,margin_v2,adj_ebitda_musd,2024Q2,2024-02-13,1,1014.8164360226464,1014.8164360226464,W2,full_sample,10,16,643.4928399517464,725.5078142273575,862.5512402313608,1167.0816318139318,1304.1250578179354,1386.1400320935463,225.7487170813498,,,,,,,,2024-02-13,b_elastic_rw,rev_leg=naive;scenario=backtest;,1.0
driver-lines,margin_v2,total_cash_costs_musd,2024Q2,2024-02-13,1,1881.8775702865019,1881.8775702865019,W1,full_sample,10,16,1757.2773097474933,1784.7980147901376,1830.7839062496093,1932.9712343233944,1978.9571257828663,2006.4778308255102,75.7515796526767,,,,,,,,2024-02-13,b_elastic_rw,rev_leg=naive;scenario=backtest;,1.0
driver-lines,margin_v2,total_cash_costs_musd,2024Q2,2024-02-13,1,1881.8775702865019,1881.8775702865019,W2,full_sample,10,16,1757.2773097474933,1784.7980147901376,1830.7839062496093,1932.9712343233944,1978.9571257828663,2006.4778308255102,75.7515796526767,,,,,,,,2024-02-13,b_elastic_rw,rev_leg=naive;scenario=backtest;,1.0
driver-lines,margin_v2,adj_ebitda_margin_pct,2024Q3,2024-02-13,2,55.246683969422016,55.246683969422016,W1,full_sample,10,16,47.145250268451456,48.934629892077105,51.92460478640972,58.56876315243431,61.558738046766926,63.348117670392575,4.925321966785301,,,,,,,,2024-02-13,b_elastic_rw,rev_leg=naive;scenario=backtest;,1.0
driver-lines,margin_v2,adj_ebitda_margin_pct,2024Q3,2024-02-13,2,55.246683969422016,55.246683969422016,W2,full_sample,10,16,47.145250268451456,48.934629892077105,51.92460478640972,58.56876315243431,61.558738046766926,63.348117670392575,4.925321966785301,,,,,,,,2024-02-13,b_elastic_rw,rev_leg=naive;scenario=backtest;,1.0
driver-lines,margin_v2,adj_ebitda_musd,2024Q3,2024-02-13,2,2188.531449606061,2188.531449606061,W1,full_sample,10,16,721.5762221533878,1045.5855135533125,1586.9908330423834,2790.0720661697387,3331.4773856588095,3655.4866770587337,891.8454526385359,,,,,,,,2024-02-13,b_elastic_rw,rev_leg=naive;scenario=backtest;,1.0
driver-lines,margin_v2,adj_ebitda_musd,2024Q3,2024-02-13,2,2188.531449606061,2188.531449606061,W2,full_sample,10,16,721.5762221533878,1045.5855135533125,1586.9908330423834,2790.0720661697387,3331.4773856588095,3655.4866770587337,891.8454526385359,,,,,,,,2024-02-13,b_elastic_rw,rev_leg=naive;scenario=backtest;,1.0
driver-lines,margin_v2,total_cash_costs_musd,2024Q3,2024-02-13,2,1772.84920233926,1772.84920233926,W1,full_sample,10,16,1644.2433303784815,1672.6487627080278,1720.112994672355,1825.5854100061651,1873.049641970492,1901.4550743000389,78.18681848252558,,,,,,,,2024-02-13,b_elastic_rw,rev_leg=naive;scenario=backtest;,1.0
driver-lines,margin_v2,total_cash_costs_musd,2024Q3,2024-02-13,2,1772.84920233926,1772.84920233926,W2,full_sample,10,16,1644.2433303784815,1672.6487627080278,1720.112994672355,1825.5854100061651,1873.049641970492,1901.4550743000389,78.18681848252558,,,,,,,,2024-02-13,b_elastic_rw,rev_leg=naive;scenario=backtest;,1.0
driver-lines,margin_v2,adj_ebitda_margin_pct,2024Q2,2024-05-08,0,35.59711019985718,35.59711019985718,W1,PIT,10,17,26.71226725671556,28.67468002319504,31.953785712463254,39.2404346872511,42.51954037651931,44.48195314299879,5.401600967746016,,,,,,,,2024-05-08,b_elastic_rw,rev_leg=guide_cushion;scenario=backtest;,1.0
driver-lines,margin_v2,adj_ebitda_margin_pct,2024Q2,2024-05-08,0,35.59711019985718,35.59711019985718,W2,PIT,10,17,26.71226725671556,28.67468002319504,31.953785712463254,39.2404346872511,42.51954037651931,44.48195314299879,5.401600967746016,,,,,,,,2024-05-08,b_elastic_rw,rev_leg=guide_cushion;scenario=backtest;,1.0
driver-lines,margin_v2,adj_ebitda_musd,2024Q2,2024-05-08,0,989.1407946030662,989.1407946030662,W1,PIT,10,17,503.3905509862738,610.679164357874,789.9537331488482,1188.327856057284,1367.6024248482584,1474.8910382198585,295.3151792096352,,,,,,,,2024-05-08,b_elastic_rw,rev_leg=guide_cushion;scenario=backtest;,1.0
driver-lines,margin_v2,adj_ebitda_musd,2024Q2,2024-05-08,0,989.1407946030662,989.1407946030662,W2,PIT,10,17,503.3905509862738,610.679164357874,789.9537331488482,1188.327856057284,1367.6024248482584,1474.8910382198585,295.3151792096352,,,,,,,,2024-05-08,b_elastic_rw,rev_leg=guide_cushion;scenario=backtest;,1.0
driver-lines,margin_v2,total_cash_costs_musd,2024Q2,2024-05-08,0,1789.570143025334,1789.570143025334,W1,PIT,10,17,1604.8295990207664,1645.6336069656425,1713.8153151579634,1865.3249708927044,1933.506679085025,1974.3106870299014,112.31427585867367,,,,,,,,2024-05-08,b_elastic_rw,rev_leg=guide_cushion;scenario=backtest;,1.0
driver-lines,margin_v2,total_cash_costs_musd,2024Q2,2024-05-08,0,1789.570143025334,1789.570143025334,W2,PIT,10,17,1604.8295990207664,1645.6336069656425,1713.8153151579634,1865.3249708927044,1933.506679085025,1974.3106870299014,112.31427585867367,,,,,,,,2024-05-08,b_elastic_rw,rev_leg=guide_cushion;scenario=backtest;,1.0
driver-lines,margin_v2,adj_ebitda_margin_pct,2024Q3,2024-05-08,1,56.67029583340513,56.67029583340513,W1,PIT,10,17,44.14956749711948,46.91504543409472,51.536037812242334,61.80455385456792,66.42554623271553,69.19102416969078,7.612062332556139,,,,,,,,2024-05-08,b_elastic_rw,rev_leg=naive;scenario=backtest;,1.0
driver-lines,margin_v2,adj_ebitda_margin_pct,2024Q3,2024-05-08,1,56.67029583340513,56.67029583340513,W2,PIT,10,17,44.14956749711948,46.91504543409472,51.536037812242334,61.80455385456792,66.42554623271553,69.19102416969078,7.612062332556139,,,,,,,,2024-05-08,b_elastic_rw,rev_leg=naive;scenario=backtest;,1.0
driver-lines,margin_v2,adj_ebitda_musd,2024Q3,2024-05-08,1,2268.1752869884344,2268.1752869884344,W1,PIT,10,17,776.3312514531735,1105.8377829322187,1656.4287495627188,2879.9218244141503,3430.51279104465,3760.019322523696,906.976773550486,,,,,,,,2024-05-08,b_elastic_rw,rev_leg=naive;scenario=backtest;,1.0
driver-lines,margin_v2,adj_ebitda_musd,2024Q3,2024-05-08,1,2268.1752869884344,2268.1752869884344,W2,PIT,10,17,776.3312514531735,1105.8377829322187,1656.4287495627188,2879.9218244141503,3430.51279104465,3760.019322523696,906.976773550486,,,,,,,,2024-05-08,b_elastic_rw,rev_leg=naive;scenario=backtest;,1.0
driver-lines,margin_v2,total_cash_costs_musd,2024Q3,2024-05-08,1,1734.2306536056249,1734.2306536056249,W1,PIT,10,17,1572.437571771844,1608.1731285341343,1667.8856770305508,1800.575630180699,1860.2881786771154,1896.0237354394058,98.36320945690707,,,,,,,,2024-05-08,b_elastic_rw,rev_leg=naive;scenario=backtest;,1.0
driver-lines,margin_v2,total_cash_costs_musd,2024Q3,2024-05-08,1,1734.2306536056249,1734.2306536056249,W2,PIT,10,17,1572.437571771844,1608.1731285341343,1667.8856770305508,1800.575630180699,1860.2881786771154,1896.0237354394058,98.36320945690707,,,,,,,,2024-05-08,b_elastic_rw,rev_leg=naive;scenario=backtest;,1.0
driver-lines,margin_v2,adj_ebitda_margin_pct,2024Q4,2024-05-08,2,36.81703727010683,36.81703727010683,W1,PIT,10,17,19.436374811795964,23.275275973733613,29.68991149571452,43.94416304449914,50.35879856648005,54.197699728417696,10.566692484682495,,,,,,,,2024-05-08,b_elastic_rw,rev_leg=naive;scenario=backtest;,1.0
driver-lines,margin_v2,adj_ebitda_margin_pct,2024Q4,2024-05-08,2,36.81703727010683,36.81703727010683,W2,PIT,10,17,19.436374811795964,23.275275973733613,29.68991149571452,43.94416304449914,50.35879856648005,54.197699728417696,10.566692484682495,,,,,,,,2024-05-08,b_elastic_rw,rev_leg=naive;scenario=backtest;,1.0
driver-lines,margin_v2,adj_ebitda_musd,2024Q4,2024-05-08,2,962.1348961531224,962.1348961531224,W1,PIT,10,17,-315.38762095035196,-33.218705520723304,438.27318024591494,1485.9966120603299,1957.488497826968,2239.657413256597,776.6785421941772,,,,,,,,2024-05-08,b_elastic_rw,rev_leg=naive;scenario=backtest;,1.0
driver-lines,margin_v2,adj_ebitda_musd,2024Q4,2024-05-08,2,962.1348961531224,962.1348961531224,W2,PIT,10,17,-315.38762095035196,-33.218705520723304,438.27318024591494,1485.9966120603299,1957.488497826968,2239.657413256597,776.6785421941772,,,,,,,,2024-05-08,b_elastic_rw,rev_leg=naive;scenario=backtest;,1.0
driver-lines,margin_v2,total_cash_costs_musd,2024Q4,2024-05-08,2,1651.1522325597484,1651.1522325597484,W1,PIT,10,17,1482.5046044335843,1519.7541383408482,1581.9964762650065,1720.3079888544903,1782.5503267786487,1819.7998606859126,102.53047770501685,,,,,,,,2024-05-08,b_elastic_rw,rev_leg=naive;scenario=backtest;,1.0
driver-lines,margin_v2,total_cash_costs_musd,2024Q4,2024-05-08,2,1651.1522325597484,1651.1522325597484,W2,PIT,10,17,1482.5046044335843,1519.7541383408482,1581.9964762650065,1720.3079888544903,1782.5503267786487,1819.7998606859126,102.53047770501685,,,,,,,,2024-05-08,b_elastic_rw,rev_leg=naive;scenario=backtest;,1.0
driver-lines,margin_v2,adj_ebitda_margin_pct,2024Q2,2024-05-08,0,34.19236803719336,34.19236803719336,W1,full_sample,10,17,29.784310262138185,30.757926668022417,32.38479699328394,35.99993908110278,37.62680940636431,38.60042581224854,2.679908839806587,,,,,,,,2024-05-08,b_elastic_rw,rev_leg=guide_cushion;scenario=backtest;,1.0
driver-lines,margin_v2,adj_ebitda_margin_pct,2024Q2,2024-05-08,0,34.19236803719336,34.19236803719336,W2,full_sample,10,17,29.784310262138185,30.757926668022417,32.38479699328394,35.99993908110278,37.62680940636431,38.60042581224854,2.679908839806587,,,,,,,,2024-05-08,b_elastic_rw,rev_leg=guide_cushion;scenario=backtest;,1.0
driver-lines,margin_v2,adj_ebitda_musd,2024Q2,2024-05-08,0,950.107070483649,950.107070483649,W1,full_sample,10,17,769.8949555048929,809.6987604085652,876.2091731737172,1024.0049677935808,1090.5153805587327,1130.319185462405,109.56118649460402,,,,,,,,2024-05-08,b_elastic_rw,rev_leg=guide_cushion;scenario=backtest;,1.0
driver-lines,margin_v2,adj_ebitda_musd,2024Q2,2024-05-08,0,950.107070483649,950.107070483649,W2,full_sample,10,17,769.8949555048929,809.6987604085652,876.2091731737172,1024.0049677935808,1090.5153805587327,1130.319185462405,109.56118649460402,,,,,,,,2024-05-08,b_elastic_rw,rev_leg=guide_cushion;scenario=backtest;,1.0
driver-lines,margin_v2,total_cash_costs_musd,2024Q2,2024-05-08,0,1828.6038671447513,1828.6038671447513,W1,full_sample,10,17,1709.347216686874,1735.687668042491,1779.7014073400842,1877.5063269494185,1921.5200662470118,1947.8605176026288,72.50289539678046,,,,,,,,2024-05-08,b_elastic_rw,rev_leg=guide_cushion;scenario=backtest;,1.0
driver-lines,margin_v2,total_cash_costs_musd,2024Q2,2024-05-08,0,1828.6038671447513,1828.6038671447513,W2,full_sample,10,17,1709.347216686874,1735.687668042491,1779.7014073400842,1877.5063269494185,1921.5200662470118,1947.8605176026288,72.50289539678046,,,,,,,,2024-05-08,b_elastic_rw,rev_leg=guide_cushion;scenario=backtest;,1.0
driver-lines,margin_v2,adj_ebitda_margin_pct,2024Q3,2024-05-08,1,55.952099795477054,55.952099795477054,W1,full_sample,10,17,49.585193811916774,50.99146488109285,53.34128217863375,58.56291741232036,60.912734709861255,62.31900577903733,3.8708039908453946,,,,,,,,2024-05-08,b_elastic_rw,rev_leg=naive;scenario=backtest;,1.0
driver-lines,margin_v2,adj_ebitda_margin_pct,2024Q3,2024-05-08,1,55.952099795477054,55.952099795477054,W2,full_sample,10,17,49.585193811916774,50.99146488109285,53.34128217863375,58.56291741232036,60.912734709861255,62.31900577903733,3.8708039908453946,,,,,,,,2024-05-08,b_elastic_rw,rev_leg=naive;scenario=backtest;,1.0
driver-lines,margin_v2,adj_ebitda_musd,2024Q3,2024-05-08,1,2239.43016610129,2239.43016610129,W1,full_sample,10,17,1420.0176764046537,1601.0029274759383,1903.4213465765,2575.43898562608,2877.857404726642,3058.842655797926,498.16742126490215,,,,,,,,2024-05-08,b_elastic_rw,rev_leg=naive;scenario=backtest;,1.0
driver-lines,margin_v2,adj_ebitda_musd,2024Q3,2024-05-08,1,2239.43016610129,2239.43016610129,W2,full_sample,10,17,1420.0176764046537,1601.0029274759383,1903.4213465765,2575.43898562608,2877.857404726642,3058.842655797926,498.16742126490215,,,,,,,,2024-05-08,b_elastic_rw,rev_leg=naive;scenario=backtest;,1.0
driver-lines,margin_v2,total_cash_costs_musd,2024Q3,2024-05-08,1,1762.9757744927692,1762.9757744927692,W1,full_sample,10,17,1646.2480742990117,1672.0299514270528,1715.1103376814892,1810.8412113040492,1853.921597558486,1879.7034746865265,70.96540280614359,,,,,,,,2024-05-08,b_elastic_rw,rev_leg=naive;scenario=backtest;,1.0
driver-lines,margin_v2,total_cash_costs_musd,2024Q3,2024-05-08,1,1762.9757744927692,1762.9757744927692,W2,full_sample,10,17,1646.2480742990117,1672.0299514270528,1715.1103376814892,1810.8412113040492,1853.921597558486,1879.7034746865265,70.96540280614359,,,,,,,,2024-05-08,b_elastic_rw,rev_leg=naive;scenario=backtest;,1.0
driver-lines,margin_v2,adj_ebitda_margin_pct,2024Q4,2024-05-08,2,35.59032570464466,35.59032570464466,W1,full_sample,10,17,27.488892003674103,29.278271627299752,32.26824652163237,38.912404887656955,41.90237978198957,43.69175940561522,4.925321966785301,,,,,,,,2024-05-08,b_elastic_rw,rev_leg=naive;scenario=backtest;,1.0
driver-lines,margin_v2,adj_ebitda_margin_pct,2024Q4,2024-05-08,2,35.59032570464466,35.59032570464466,W2,full_sample,10,17,27.488892003674103,29.278271627299752,32.26824652163237,38.912404887656955,41.90237978198957,43.69175940561522,4.925321966785301,,,,,,,,2024-05-08,b_elastic_rw,rev_leg=naive;scenario=backtest;,1.0
driver-lines,margin_v2,adj_ebitda_musd,2024Q4,2024-05-08,2,930.0774007064673,930.0774007064673,W1,full_sample,10,17,306.65391499528977,444.35068860310355,674.4359598792779,1185.7188415336568,1415.8041128098312,1553.5008864176448,379.0145673123596,,,,,,,,2024-05-08,b_elastic_rw,rev_leg=naive;scenario=backtest;,1.0
driver-lines,margin_v2,adj_ebitda_musd,2024Q4,2024-05-08,2,930.0774007064673,930.0774007064673,W2,full_sample,10,17,306.65391499528977,444.35068860310355,674.4359598792779,1185.7188415336568,1415.8041128098312,1553.5008864176448,379.0145673123596,,,,,,,,2024-05-08,b_elastic_rw,rev_leg=naive;scenario=backtest;,1.0
driver-lines,margin_v2,total_cash_costs_musd,2024Q4,2024-05-08,2,1683.2097280064036,1683.2097280064036,W1,full_sample,10,17,1561.1064749618147,1588.0756610393626,1633.139988489938,1733.279467522869,1778.3437949734443,1805.3129810509927,74.23350688710943,,,,,,,,2024-05-08,b_elastic_rw,rev_leg=naive;scenario=backtest;,1.0
driver-lines,margin_v2,total_cash_costs_musd,2024Q4,2024-05-08,2,1683.2097280064036,1683.2097280064036,W2,full_sample,10,17,1561.1064749618147,1588.0756610393626,1633.139988489938,1733.279467522869,1778.3437949734443,1805.3129810509927,74.23350688710943,,,,,,,,2024-05-08,b_elastic_rw,rev_leg=naive;scenario=backtest;,1.0
driver-lines,margin_v2,adj_ebitda_margin_pct,2024Q3,2024-08-06,0,54.500091452813635,54.500091452813635,W1,PIT,10,18,46.79237749210172,48.494795460958336,51.339461243073515,57.660721662553755,60.50538744466893,62.20780541352555,4.685957360836528,,,,,,,,2024-08-06,b_elastic_rw,rev_leg=guide_cushion;scenario=backtest;,1.0
driver-lines,margin_v2,adj_ebitda_margin_pct,2024Q3,2024-08-06,0,54.500091452813635,54.500091452813635,W2,PIT,10,18,46.79237749210172,48.494795460958336,51.339461243073515,57.660721662553755,60.50538744466893,62.20780541352555,4.685957360836528,,,,,,,,2024-08-06,b_elastic_rw,rev_leg=guide_cushion;scenario=backtest;,1.0
driver-lines,margin_v2,adj_ebitda_musd,2024Q3,2024-08-06,0,2067.6309993366085,2067.6309993366085,W1,PIT,10,18,1167.302124879539,1366.15953728079,1698.4415543448663,2436.8204443283507,2769.102461392427,2967.9598737936776,547.3610901936089,,,,,,,,2024-08-06,b_elastic_rw,rev_leg=guide_cushion;scenario=backtest;,1.0
driver-lines,margin_v2,adj_ebitda_musd,2024Q3,2024-08-06,0,2067.6309993366085,2067.6309993366085,W2,PIT,10,18,1167.302124879539,1366.15953728079,1698.4415543448663,2436.8204443283507,2769.102461392427,2967.9598737936776,547.3610901936089,,,,,,,,2024-08-06,b_elastic_rw,rev_leg=guide_cushion;scenario=backtest;,1.0
driver-lines,margin_v2,total_cash_costs_musd,2024Q3,2024-08-06,0,1726.180981927259,1726.180981927259,W1,PIT,10,18,1562.444708058861,1598.609461474469,1659.0391787601184,1793.3227850943995,1853.7525023800488,1889.9172557956567,99.54458633006908,,,,,,,,2024-08-06,b_elastic_rw,rev_leg=guide_cushion;scenario=backtest;,1.0
driver-lines,margin_v2,total_cash_costs_musd,2024Q3,2024-08-06,0,1726.180981927259,1726.180981927259,W2,PIT,10,18,1562.444708058861,1598.609461474469,1659.0391787601184,1793.3227850943995,1853.7525023800488,1889.9172557956567,99.54458633006908,,,,,,,,2024-08-06,b_elastic_rw,rev_leg=guide_cushion;scenario=backtest;,1.0
driver-lines,margin_v2,adj_ebitda_margin_pct,2024Q4,2024-08-06,1,33.262256600177466,33.262256600177466,W1,PIT,10,18,21.960701954715294,24.456898596484898,28.627933737192382,37.89657946316255,42.067614603870034,44.56381124563964,6.870857357932919,,,,,,,,2024-08-06,b_elastic_rw,rev_leg=naive;scenario=backtest;,1.0
driver-lines,margin_v2,adj_ebitda_margin_pct,2024Q4,2024-08-06,1,33.262256600177466,33.262256600177466,W2,PIT,10,18,21.960701954715294,24.456898596484898,28.627933737192382,37.89657946316255,42.067614603870034,44.56381124563964,6.870857357932919,,,,,,,,2024-08-06,b_elastic_rw,rev_leg=naive;scenario=backtest;,1.0
driver-lines,margin_v2,adj_ebitda_musd,2024Q4,2024-08-06,1,816.1657921195814,816.1657921195814,W1,PIT,10,18,310.90463243820426,422.50266028295584,608.9780717089257,1023.353512530237,1209.828923956207,1321.4269518009585,307.17697392795657,,,,,,,,2024-08-06,b_elastic_rw,rev_leg=naive;scenario=backtest;,1.0
driver-lines,margin_v2,adj_ebitda_musd,2024Q4,2024-08-06,1,816.1657921195814,816.1657921195814,W2,PIT,10,18,310.90463243820426,422.50266028295584,608.9780717089257,1023.353512530237,1209.828923956207,1321.4269518009585,307.17697392795657,,,,,,,,2024-08-06,b_elastic_rw,rev_leg=naive;scenario=backtest;,1.0
driver-lines,margin_v2,total_cash_costs_musd,2024Q4,2024-08-06,1,1637.5636764794522,1637.5636764794522,W1,PIT,10,18,1510.2042827706614,1538.3344029927803,1585.33860049687,1689.7887524620346,1736.7929499661238,1764.9230701882427,77.42901351340006,,,,,,,,2024-08-06,b_elastic_rw,rev_leg=naive;scenario=backtest;,1.0
driver-lines,margin_v2,total_cash_costs_musd,2024Q4,2024-08-06,1,1637.5636764794522,1637.5636764794522,W2,PIT,10,18,1510.2042827706614,1538.3344029927803,1585.33860049687,1689.7887524620346,1736.7929499661238,1764.9230701882427,77.42901351340006,,,,,,,,2024-08-06,b_elastic_rw,rev_leg=naive;scenario=backtest;,1.0
driver-lines,margin_v2,adj_ebitda_margin_pct,2025Q1,2024-08-06,2,19.362742593003865,19.362742593003865,W1,PIT,10,18,3.614398172198735,7.092766033069015,12.904966216830248,25.820518969177485,31.632719152938716,35.111087013809,9.574313581928072,,,,,,,,2024-08-06,b_elastic_rw,rev_leg=naive;scenario=backtest;,1.0
driver-lines,margin_v2,adj_ebitda_margin_pct,2025Q1,2024-08-06,2,19.362742593003865,19.362742593003865,W2,PIT,10,18,3.614398172198735,7.092766033069015,12.904966216830248,25.820518969177485,31.632719152938716,35.111087013809,9.574313581928072,,,,,,,,2024-08-06,b_elastic_rw,rev_leg=naive;scenario=backtest;,1.0
driver-lines,margin_v2,adj_ebitda_musd,2025Q1,2024-08-06,2,458.8296507843029,458.8296507843029,W1,PIT,10,18,-96.80482669001653,25.91925510519953,230.98581485187867,686.6734867167271,891.7400464634063,1014.4641282586223,337.8017766262385,,,,,,,,2024-08-06,b_elastic_rw,rev_leg=naive;scenario=backtest;,1.0
driver-lines,margin_v2,adj_ebitda_musd,2025Q1,2024-08-06,2,458.8296507843029,458.8296507843029,W2,PIT,10,18,-96.80482669001653,25.91925510519953,230.98581485187867,686.6734867167271,891.7400464634063,1014.4641282586223,337.8017766262385,,,,,,,,2024-08-06,b_elastic_rw,rev_leg=naive;scenario=backtest;,1.0
driver-lines,margin_v2,total_cash_costs_musd,2025Q1,2024-08-06,2,1910.8225231287406,1910.8225231287406,W1,PIT,10,18,1732.8309054182005,1772.1442647152408,1837.835164375681,1983.8098818818003,2049.5007815422405,2088.8141408392808,108.21122001015071,,,,,,,,2024-08-06,b_elastic_rw,rev_leg=naive;scenario=backtest;,1.0
driver-lines,margin_v2,total_cash_costs_musd,2025Q1,2024-08-06,2,1910.8225231287406,1910.8225231287406,W2,PIT,10,18,1732.8309054182005,1772.1442647152408,1837.835164375681,1983.8098818818003,2049.5007815422405,2088.8141408392808,108.21122001015071,,,,,,,,2024-08-06,b_elastic_rw,rev_leg=naive;scenario=backtest;,1.0
driver-lines,margin_v2,adj_ebitda_margin_pct,2024Q3,2024-08-06,0,53.98169421144331,53.98169421144331,W1,full_sample,10,18,49.573636436388135,50.547252842272364,52.17412316753389,55.78926525535273,57.41613558061426,58.38975198649849,2.679908839806587,,,,,,,,2024-08-06,b_elastic_rw,rev_leg=guide_cushion;scenario=backtest;,1.0
driver-lines,margin_v2,adj_ebitda_margin_pct,2024Q3,2024-08-06,0,53.98169421144331,53.98169421144331,W2,full_sample,10,18,49.573636436388135,50.547252842272364,52.17412316753389,55.78926525535273,57.41613558061426,58.38975198649849,2.679908839806587,,,,,,,,2024-08-06,b_elastic_rw,rev_leg=guide_cushion;scenario=backtest;,1.0
driver-lines,margin_v2,adj_ebitda_musd,2024Q3,2024-08-06,0,2047.96398268296,2047.96398268296,W1,full_sample,10,18,1659.5152149754006,1745.3126596517827,1888.6764278501084,2207.251537515812,2350.6153057141373,2436.4127503905192,236.1600821755186,,,,,,,,2024-08-06,b_elastic_rw,rev_leg=guide_cushion;scenario=backtest;,1.0
driver-lines,margin_v2,adj_ebitda_musd,2024Q3,2024-08-06,0,2047.96398268296,2047.96398268296,W2,full_sample,10,18,1659.5152149754006,1745.3126596517827,1888.6764278501084,2207.251537515812,2350.6153057141373,2436.4127503905192,236.1600821755186,,,,,,,,2024-08-06,b_elastic_rw,rev_leg=guide_cushion;scenario=backtest;,1.0
driver-lines,margin_v2,total_cash_costs_musd,2024Q3,2024-08-06,0,1745.8479985809074,1745.8479985809074,W1,full_sample,10,18,1631.9884643973528,1657.1368440476301,1699.158683792915,1792.5373133688997,1834.5591531141847,1859.707532764462,69.22168168518377,,,,,,,,2024-08-06,b_elastic_rw,rev_leg=guide_cushion;scenario=backtest;,1.0
driver-lines,margin_v2,total_cash_costs_musd,2024Q3,2024-08-06,0,1745.8479985809074,1745.8479985809074,W2,full_sample,10,18,1631.9884643973528,1657.1368440476301,1699.158683792915,1792.5373133688997,1834.5591531141847,1859.707532764462,69.22168168518377,,,,,,,,2024-08-06,b_elastic_rw,rev_leg=guide_cushion;scenario=backtest;,1.0
driver-lines,margin_v2,adj_ebitda_margin_pct,2024Q4,2024-08-06,1,32.3116866429251,32.3116866429251,W1,full_sample,10,18,25.944780659364824,27.351051728540902,29.700869026081797,34.92250425976841,37.272321557309304,38.67859262648538,3.8708039908453946,,,,,,,,2024-08-06,b_elastic_rw,rev_leg=naive;scenario=backtest;,1.0
driver-lines,margin_v2,adj_ebitda_margin_pct,2024Q4,2024-08-06,1,32.3116866429251,32.3116866429251,W2,full_sample,10,18,25.944780659364824,27.351051728540902,29.700869026081797,34.92250425976841,37.272321557309304,38.67859262648538,3.8708039908453946,,,,,,,,2024-08-06,b_elastic_rw,rev_leg=naive;scenario=backtest;,1.0
driver-lines,margin_v2,adj_ebitda_musd,2024Q4,2024-08-06,1,792.8413769588311,792.8413769588311,W1,full_sample,10,18,502.73894980461876,566.8144444731615,673.881786624235,911.8009672934272,1018.8683094445008,1082.9438041130434,176.3697525425897,,,,,,,,2024-08-06,b_elastic_rw,rev_leg=naive;scenario=backtest;,1.0
driver-lines,margin_v2,adj_ebitda_musd,2024Q4,2024-08-06,1,792.8413769588311,792.8413769588311,W2,full_sample,10,18,502.73894980461876,566.8144444731615,673.881786624235,911.8009672934272,1018.8683094445008,1082.9438041130434,176.3697525425897,,,,,,,,2024-08-06,b_elastic_rw,rev_leg=naive;scenario=backtest;,1.0
driver-lines,margin_v2,total_cash_costs_musd,2024Q4,2024-08-06,1,1660.8880916402027,1660.8880916402027,W1,full_sample,10,18,1550.9196791291806,1575.208619069047,1615.7943727410395,1705.9818105393658,1746.5675642113586,1770.8565041512247,66.85604768056757,,,,,,,,2024-08-06,b_elastic_rw,rev_leg=naive;scenario=backtest;,1.0
driver-lines,margin_v2,total_cash_costs_musd,2024Q4,2024-08-06,1,1660.8880916402027,1660.8880916402027,W2,full_sample,10,18,1550.9196791291806,1575.208619069047,1615.7943727410395,1705.9818105393658,1746.5675642113586,1770.8565041512247,66.85604768056757,,,,,,,,2024-08-06,b_elastic_rw,rev_leg=naive;scenario=backtest;,1.0
driver-lines,margin_v2,adj_ebitda_margin_pct,2025Q1,2024-08-06,2,18.070362438380606,18.070362438380606,W1,full_sample,10,18,9.968928737410046,11.758308361035693,14.748283255368314,21.392441621392898,24.382416515725517,26.171796139351166,4.925321966785301,,,,,,,,2024-08-06,b_elastic_rw,rev_leg=naive;scenario=backtest;,1.0
driver-lines,margin_v2,adj_ebitda_margin_pct,2025Q1,2024-08-06,2,18.070362438380606,18.070362438380606,W2,full_sample,10,18,9.968928737410046,11.758308361035693,14.748283255368314,21.392441621392898,24.382416515725517,26.171796139351166,4.925321966785301,,,,,,,,2024-08-06,b_elastic_rw,rev_leg=naive;scenario=backtest;,1.0
driver-lines,margin_v2,adj_ebitda_musd,2025Q1,2024-08-06,2,428.2047363550521,428.2047363550521,W1,full_sample,10,18,141.18250666349036,204.57767204960615,310.5082137993126,545.9012589107916,651.8318006604981,715.2269660466138,174.497125451534,,,,,,,,2024-08-06,b_elastic_rw,rev_leg=naive;scenario=backtest;,1.0
driver-lines,margin_v2,adj_ebitda_musd,2025Q1,2024-08-06,2,428.2047363550521,428.2047363550521,W2,full_sample,10,18,141.18250666349036,204.57767204960615,310.5082137993126,545.9012589107916,651.8318006604981,715.2269660466138,174.497125451534,,,,,,,,2024-08-06,b_elastic_rw,rev_leg=naive;scenario=backtest;,1.0
driver-lines,margin_v2,total_cash_costs_musd,2025Q1,2024-08-06,2,1941.4474375579914,1941.4474375579914,W1,full_sample,10,18,1800.6111271466423,1831.7179205141535,1883.6960083296378,1999.198866786345,2051.176954601829,2082.2837479693408,85.62239709582633,,,,,,,,2024-08-06,b_elastic_rw,rev_leg=naive;scenario=backtest;,1.0
driver-lines,margin_v2,total_cash_costs_musd,2025Q1,2024-08-06,2,1941.4474375579914,1941.4474375579914,W2,full_sample,10,18,1800.6111271466423,1831.7179205141535,1883.6960083296378,1999.198866786345,2051.176954601829,2082.2837479693408,85.62239709582633,,,,,,,,2024-08-06,b_elastic_rw,rev_leg=naive;scenario=backtest;,1.0
driver-lines,margin_v2,adj_ebitda_margin_pct,2024Q4,2024-11-07,0,33.05887162049403,33.05887162049403,W1,PIT,10,19,25.390709815506604,27.08439182179953,29.914460193505885,36.203283047482174,39.03335141918853,40.72703342548146,4.66191135754699,,,,,,,,2024-11-07,b_elastic_rw,rev_leg=guide_cushion;scenario=backtest;,1.0
driver-lines,margin_v2,adj_ebitda_margin_pct,2024Q4,2024-11-07,0,33.05887162049403,33.05887162049403,W2,PIT,10,19,25.390709815506604,27.08439182179953,29.914460193505885,36.203283047482174,39.03335141918853,40.72703342548146,4.66191135754699,,,,,,,,2024-11-07,b_elastic_rw,rev_leg=guide_cushion;scenario=backtest;,1.0
driver-lines,margin_v2,adj_ebitda_musd,2024Q4,2024-11-07,0,818.3770702794864,818.3770702794864,W1,PIT,10,19,460.56830233396596,539.5982298935298,671.6537737167205,965.1003668422521,1097.155910665443,1176.1858382250068,217.53228499041194,,,,,,,,2024-11-07,b_elastic_rw,rev_leg=guide_cushion;scenario=backtest;,1.0
driver-lines,margin_v2,adj_ebitda_musd,2024Q4,2024-11-07,0,818.3770702794864,818.3770702794864,W2,PIT,10,19,460.56830233396596,539.5982298935298,671.6537737167205,965.1003668422521,1097.155910665443,1176.1858382250068,217.53228499041194,,,,,,,,2024-11-07,b_elastic_rw,rev_leg=guide_cushion;scenario=backtest;,1.0
driver-lines,margin_v2,total_cash_costs_musd,2024Q4,2024-11-07,0,1657.137156806697,1657.137156806697,W1,PIT,10,19,1501.0795410902117,1535.5482941507012,1593.144069205405,1721.130244407989,1778.726019462693,1813.1947725231823,94.87629364669873,,,,,,,,2024-11-07,b_elastic_rw,rev_leg=guide_cushion;scenario=backtest;,1.0
driver-lines,margin_v2,total_cash_costs_musd,2024Q4,2024-11-07,0,1657.137156806697,1657.137156806697,W2,PIT,10,19,1501.0795410902117,1535.5482941507012,1593.144069205405,1721.130244407989,1778.726019462693,1813.1947725231823,94.87629364669873,,,,,,,,2024-11-07,b_elastic_rw,rev_leg=guide_cushion;scenario=backtest;,1.0
driver-lines,margin_v2,adj_ebitda_margin_pct,2025Q1,2024-11-07,1,18.353937988540256,18.353937988540256,W1,PIT,10,19,7.836358995732937,10.159397390449163,14.041092692588911,22.6667832844916,26.548478586631347,28.871516981347575,6.394234003848913,,,,,,,,2024-11-07,b_elastic_rw,rev_leg=naive;scenario=backtest;,1.0
driver-lines,margin_v2,adj_ebitda_margin_pct,2025Q1,2024-11-07,1,18.353937988540256,18.353937988540256,W2,PIT,10,19,7.836358995732937,10.159397390449163,14.041092692588911,22.6667832844916,26.548478586631347,28.871516981347575,6.394234003848913,,,,,,,,2024-11-07,b_elastic_rw,rev_leg=naive;scenario=backtest;,1.0
driver-lines,margin_v2,adj_ebitda_musd,2025Q1,2024-11-07,1,431.91154683504107,431.91154683504107,W1,PIT,10,19,182.97742337708843,237.95999369515545,329.8334579429474,533.9896357271347,625.8630999749266,680.8456702929938,151.3412010522301,,,,,,,,2024-11-07,b_elastic_rw,rev_leg=naive;scenario=backtest;,1.0
driver-lines,margin_v2,adj_ebitda_musd,2025Q1,2024-11-07,1,431.91154683504107,431.91154683504107,W2,PIT,10,19,182.97742337708843,237.95999369515545,329.8334579429474,533.9896357271347,625.8630999749266,680.8456702929938,151.3412010522301,,,,,,,,2024-11-07,b_elastic_rw,rev_leg=naive;scenario=backtest;,1.0
driver-lines,margin_v2,total_cash_costs_musd,2025Q1,2024-11-07,1,1921.3248382105876,1921.3248382105876,W1,PIT,10,19,1767.681707507359,1801.6171685057589,1858.3218359073182,1984.3278405138572,2041.0325079154163,2074.967968913816,93.40839098734067,,,,,,,,2024-11-07,b_elastic_rw,rev_leg=naive;scenario=backtest;,1.0
driver-lines,margin_v2,total_cash_costs_musd,2025Q1,2024-11-07,1,1921.3248382105876,1921.3248382105876,W2,PIT,10,19,1767.681707507359,1801.6171685057589,1858.3218359073182,1984.3278405138572,2041.0325079154163,2074.967968913816,93.40839098734067,,,,,,,,2024-11-07,b_elastic_rw,rev_leg=naive;scenario=backtest;,1.0
driver-lines,margin_v2,adj_ebitda_margin_pct,2025Q2,2024-11-07,2,31.636823595030616,31.636823595030616,W1,PIT,10,19,17.721094834986413,20.794689264098558,25.93053079099891,37.343116399062325,42.478957925962675,45.55255235507482,8.460162370699965,,,,,,,,2024-11-07,b_elastic_rw,rev_leg=naive;scenario=backtest;,1.0
driver-lines,margin_v2,adj_ebitda_margin_pct,2025Q2,2024-11-07,2,31.636823595030616,31.636823595030616,W2,PIT,10,19,17.721094834986413,20.794689264098558,25.93053079099891,37.343116399062325,42.478957925962675,45.55255235507482,8.460162370699965,,,,,,,,2024-11-07,b_elastic_rw,rev_leg=naive;scenario=backtest;,1.0
driver-lines,margin_v2,adj_ebitda_musd,2025Q2,2024-11-07,2,955.1150524123814,955.1150524123814,W1,PIT,10,19,-139.18062305956747,102.51861885073619,506.387454590996,1403.8426502337668,1807.7114859740266,2049.41072788433,665.2845320346754,,,,,,,,2024-11-07,b_elastic_rw,rev_leg=naive;scenario=backtest;,1.0
driver-lines,margin_v2,adj_ebitda_musd,2025Q2,2024-11-07,2,955.1150524123814,955.1150524123814,W2,PIT,10,19,-139.18062305956747,102.51861885073619,506.387454590996,1403.8426502337668,1807.7114859740266,2049.41072788433,665.2845320346754,,,,,,,,2024-11-07,b_elastic_rw,rev_leg=naive;scenario=backtest;,1.0
driver-lines,margin_v2,total_cash_costs_musd,2025Q2,2024-11-07,2,2063.882886945876,2063.882886945876,W1,PIT,10,19,1885.2614305216894,1924.7139035363714,1990.6372561194412,2137.128517772311,2203.051870355381,2242.5043433700635,108.59413475911481,,,,,,,,2024-11-07,b_elastic_rw,rev_leg=naive;scenario=backtest;,1.0
driver-lines,margin_v2,total_cash_costs_musd,2025Q2,2024-11-07,2,2063.882886945876,2063.882886945876,W2,PIT,10,19,1885.2614305216894,1924.7139035363714,1990.6372561194412,2137.128517772311,2203.051870355381,2242.5043433700635,108.59413475911481,,,,,,,,2024-11-07,b_elastic_rw,rev_leg=naive;scenario=backtest;,1.0
driver-lines,margin_v2,adj_ebitda_margin_pct,2024Q4,2024-11-07,0,32.65855130275508,32.65855130275508,W1,full_sample,10,19,28.250493527699902,29.224109933584135,30.850980258845663,34.4661223466645,36.09299267192603,37.066609077810256,2.679908839806587,,,,,,,,2024-11-07,b_elastic_rw,rev_leg=guide_cushion;scenario=backtest;,1.0
driver-lines,margin_v2,adj_ebitda_margin_pct,2024Q4,2024-11-07,0,32.65855130275508,32.65855130275508,W2,full_sample,10,19,28.250493527699902,29.224109933584135,30.850980258845663,34.4661223466645,36.09299267192603,37.066609077810256,2.679908839806587,,,,,,,,2024-11-07,b_elastic_rw,rev_leg=guide_cushion;scenario=backtest;,1.0
driver-lines,margin_v2,adj_ebitda_musd,2024Q4,2024-11-07,0,808.467083859942,808.467083859942,W1,full_sample,10,19,655.1206162887223,688.990552716646,745.5857314339155,871.3484362859685,927.943615003238,961.8135514311617,93.22803260945962,,,,,,,,2024-11-07,b_elastic_rw,rev_leg=guide_cushion;scenario=backtest;,1.0
driver-lines,margin_v2,adj_ebitda_musd,2024Q4,2024-11-07,0,808.467083859942,808.467083859942,W2,full_sample,10,19,655.1206162887223,688.990552716646,745.5857314339155,871.3484362859685,927.943615003238,961.8135514311617,93.22803260945962,,,,,,,,2024-11-07,b_elastic_rw,rev_leg=guide_cushion;scenario=backtest;,1.0
driver-lines,margin_v2,total_cash_costs_musd,2024Q4,2024-11-07,0,1667.0471432262414,1667.0471432262414,W1,full_sample,10,19,1558.3267899400162,1582.3400685798754,1622.4652043061412,1711.6290821463415,1751.7542178726073,1775.7674965124666,66.09728154822183,,,,,,,,2024-11-07,b_elastic_rw,rev_leg=guide_cushion;scenario=backtest;,1.0
driver-lines,margin_v2,total_cash_costs_musd,2024Q4,2024-11-07,0,1667.0471432262414,1667.0471432262414,W2,full_sample,10,19,1558.3267899400162,1582.3400685798754,1622.4652043061412,1711.6290821463415,1751.7542178726073,1775.7674965124666,66.09728154822183,,,,,,,,2024-11-07,b_elastic_rw,rev_leg=guide_cushion;scenario=backtest;,1.0
driver-lines,margin_v2,adj_ebitda_margin_pct,2025Q1,2024-11-07,1,17.780606804224103,17.780606804224103,W1,full_sample,10,19,11.413700820663824,12.8199718898399,15.169789187380797,20.39142442106741,22.741241718608308,24.147512787784382,3.8708039908453946,,,,,,,,2024-11-07,b_elastic_rw,rev_leg=naive;scenario=backtest;,1.0
driver-lines,margin_v2,adj_ebitda_margin_pct,2025Q1,2024-11-07,1,17.780606804224103,17.780606804224103,W2,full_sample,10,19,11.413700820663824,12.8199718898399,15.169789187380797,20.39142442106741,22.741241718608308,24.147512787784382,3.8708039908453946,,,,,,,,2024-11-07,b_elastic_rw,rev_leg=naive;scenario=backtest;,1.0
driver-lines,margin_v2,adj_ebitda_musd,2025Q1,2024-11-07,1,418.41970879890033,418.41970879890033,W1,full_sample,10,19,265.3190046488157,299.1346588256906,355.63913428150505,481.2002833162956,537.7047587721102,571.5204129489849,93.0786190585465,,,,,,,,2024-11-07,b_elastic_rw,rev_leg=naive;scenario=backtest;,1.0
driver-lines,margin_v2,adj_ebitda_musd,2025Q1,2024-11-07,1,418.41970879890033,418.41970879890033,W2,full_sample,10,19,265.3190046488157,299.1346588256906,355.63913428150505,481.2002833162956,537.7047587721102,571.5204129489849,93.0786190585465,,,,,,,,2024-11-07,b_elastic_rw,rev_leg=naive;scenario=backtest;,1.0
driver-lines,margin_v2,total_cash_costs_musd,2025Q1,2024-11-07,1,1934.8166762467283,1934.8166762467283,W1,full_sample,10,19,1806.7112852467928,1835.0061753604302,1882.2856961287832,1987.3476563646734,2034.6271771330266,2062.9220672466636,77.88254766313929,,,,,,,,2024-11-07,b_elastic_rw,rev_leg=naive;scenario=backtest;,1.0
driver-lines,margin_v2,total_cash_costs_musd,2025Q1,2024-11-07,1,1934.8166762467283,1934.8166762467283,W2,full_sample,10,19,1806.7112852467928,1835.0061753604302,1882.2856961287832,1987.3476563646734,2034.6271771330266,2062.9220672466636,77.88254766313929,,,,,,,,2024-11-07,b_elastic_rw,rev_leg=naive;scenario=backtest;,1.0
driver-lines,margin_v2,adj_ebitda_margin_pct,2025Q2,2024-11-07,2,31.205205317138358,31.205205317138358,W1,full_sample,10,19,23.103771616167798,24.893151239793447,27.883126134126066,34.52728450015065,37.51725939448327,39.30663901810892,4.925321966785301,,,,,,,,2024-11-07,b_elastic_rw,rev_leg=naive;scenario=backtest;,1.0
driver-lines,margin_v2,adj_ebitda_margin_pct,2025Q2,2024-11-07,2,31.205205317138358,31.205205317138358,W2,full_sample,10,19,23.103771616167798,24.893151239793447,27.883126134126066,34.52728450015065,37.51725939448327,39.30663901810892,4.925321966785301,,,,,,,,2024-11-07,b_elastic_rw,rev_leg=naive;scenario=backtest;,1.0
driver-lines,margin_v2,adj_ebitda_musd,2025Q2,2024-11-07,2,942.0845054969204,942.0845054969204,W1,full_sample,10,19,310.61275292528825,450.08716309190936,683.1427871159888,1201.026223877852,1434.0818479019315,1573.5562580685526,383.9075661352221,,,,,,,,2024-11-07,b_elastic_rw,rev_leg=naive;scenario=backtest;,1.0
driver-lines,margin_v2,adj_ebitda_musd,2025Q2,2024-11-07,2,942.0845054969204,942.0845054969204,W2,full_sample,10,19,310.61275292528825,450.08716309190936,683.1427871159888,1201.026223877852,1434.0818479019315,1573.5562580685526,383.9075661352221,,,,,,,,2024-11-07,b_elastic_rw,rev_leg=naive;scenario=backtest;,1.0
driver-lines,margin_v2,total_cash_costs_musd,2025Q2,2024-11-07,2,2076.913433861337,2076.913433861337,W1,full_sample,10,19,1926.2501609803999,1959.527454910436,2015.1323539986086,2138.6945137240655,2194.299412812238,2227.576706742275,91.59676606615305,,,,,,,,2024-11-07,b_elastic_rw,rev_leg=naive;scenario=backtest;,1.0
driver-lines,margin_v2,total_cash_costs_musd,2025Q2,2024-11-07,2,2076.913433861337,2076.913433861337,W2,full_sample,10,19,1926.2501609803999,1959.527454910436,2015.1323539986086,2138.6945137240655,2194.299412812238,2227.576706742275,91.59676606615305,,,,,,,,2024-11-07,b_elastic_rw,rev_leg=naive;scenario=backtest;,1.0
driver-lines,margin_v2,adj_ebitda_margin_pct,2025Q1,2025-02-13,0,16.192520449722544,16.192520449722544,W1,PIT,10,20,8.522922490872588,10.216921703298759,13.047520112545609,19.33752078689948,22.16811919614633,23.8621184085725,4.66278447709939,,,,,,,,2025-02-13,b_elastic_rw,rev_leg=guide_cushion;scenario=backtest;,1.0
driver-lines,margin_v2,adj_ebitda_margin_pct,2025Q1,2025-02-13,0,16.192520449722544,16.192520449722544,W2,PIT,10,20,8.522922490872588,10.216921703298759,13.047520112545609,19.33752078689948,22.16811919614633,23.8621184085725,4.66278447709939,,,,,,,,2025-02-13,b_elastic_rw,rev_leg=guide_cushion;scenario=backtest;,1.0
driver-lines,margin_v2,adj_ebitda_musd,2025Q1,2025-02-13,0,372.6024969615457,372.6024969615457,W1,PIT,10,20,209.82700613918982,245.77954951040732,305.85467311639417,439.35032080669714,499.42544441268404,535.3779877839015,98.96047171324273,,,,,,,,2025-02-13,b_elastic_rw,rev_leg=guide_cushion;scenario=backtest;,1.0
driver-lines,margin_v2,adj_ebitda_musd,2025Q1,2025-02-13,0,372.6024969615457,372.6024969615457,W2,PIT,10,20,209.82700613918982,245.77954951040732,305.85467311639417,439.35032080669714,499.42544441268404,535.3779877839015,98.96047171324273,,,,,,,,2025-02-13,b_elastic_rw,rev_leg=guide_cushion;scenario=backtest;,1.0
driver-lines,margin_v2,total_cash_costs_musd,2025Q1,2025-02-13,0,1928.475325471775,1928.475325471775,W1,PIT,10,20,1746.2966699617623,1786.5348285472085,1853.7710272700288,2003.179623673521,2070.4158223963414,2110.6539809817878,110.75675824581296,,,,,,,,2025-02-13,b_elastic_rw,rev_leg=guide_cushion;scenario=backtest;,1.0
driver-lines,margin_v2,total_cash_costs_musd,2025Q1,2025-02-13,0,1928.475325471775,1928.475325471775,W2,PIT,10,20,1746.2966699617623,1786.5348285472085,1853.7710272700288,2003.179623673521,2070.4158223963414,2110.6539809817878,110.75675824581296,,,,,,,,2025-02-13,b_elastic_rw,rev_leg=guide_cushion;scenario=backtest;,1.0
driver-lines,margin_v2,adj_ebitda_margin_pct,2025Q2,2025-02-13,1,31.57147334940787,31.57147334940787,W1,PIT,10,20,20.981905471648233,23.320844193222136,27.229108244378818,35.91383845443693,39.822102505593605,42.16104122716751,6.438000138277385,,,,,,,,2025-02-13,b_elastic_rw,rev_leg=naive;scenario=backtest;,1.0
driver-lines,margin_v2,adj_ebitda_margin_pct,2025Q2,2025-02-13,1,31.57147334940787,31.57147334940787,W2,PIT,10,20,20.981905471648233,23.320844193222136,27.229108244378818,35.91383845443693,39.822102505593605,42.16104122716751,6.438000138277385,,,,,,,,2025-02-13,b_elastic_rw,rev_leg=naive;scenario=backtest;,1.0
driver-lines,margin_v2,adj_ebitda_musd,2025Q2,2025-02-13,1,970.0669690493626,970.0669690493626,W1,PIT,10,20,400.62353166116424,526.3976256400755,736.5606220155449,1203.57331608318,1413.7363124586498,1539.510406437561,346.1970281474769,,,,,,,,2025-02-13,b_elastic_rw,rev_leg=naive;scenario=backtest;,1.0
driver-lines,margin_v2,adj_ebitda_musd,2025Q2,2025-02-13,1,970.0669690493626,970.0669690493626,W2,PIT,10,20,400.62353166116424,526.3976256400755,736.5606220155449,1203.57331608318,1413.7363124586498,1539.510406437561,346.1970281474769,,,,,,,,2025-02-13,b_elastic_rw,rev_leg=naive;scenario=backtest;,1.0
driver-lines,margin_v2,total_cash_costs_musd,2025Q2,2025-02-13,1,2102.538982258122,2102.538982258122,W1,PIT,10,20,1923.2607537728136,1962.8582893266603,2029.0240350522943,2176.0539294639498,2242.2196751895835,2281.81721074343,108.99342382068234,,,,,,,,2025-02-13,b_elastic_rw,rev_leg=naive;scenario=backtest;,1.0
driver-lines,margin_v2,total_cash_costs_musd,2025Q2,2025-02-13,1,2102.538982258122,2102.538982258122,W2,PIT,10,20,1923.2607537728136,1962.8582893266603,2029.0240350522943,2176.0539294639498,2242.2196751895835,2281.81721074343,108.99342382068234,,,,,,,,2025-02-13,b_elastic_rw,rev_leg=naive;scenario=backtest;,1.0
driver-lines,margin_v2,adj_ebitda_margin_pct,2025Q3,2025-02-13,2,52.06596797562813,52.06596797562813,W1,PIT,10,20,38.355765628383324,41.3839650337559,46.44395346636766,57.68798248488861,62.74797091750037,65.77617032287294,8.335211183900258,,,,,,,,2025-02-13,b_elastic_rw,rev_leg=naive;scenario=backtest;,1.0
driver-lines,margin_v2,adj_ebitda_margin_pct,2025Q3,2025-02-13,2,52.06596797562813,52.06596797562813,W2,PIT,10,20,38.355765628383324,41.3839650337559,46.44395346636766,57.68798248488861,62.74797091750037,65.77617032287294,8.335211183900258,,,,,,,,2025-02-13,b_elastic_rw,rev_leg=naive;scenario=backtest;,1.0
driver-lines,margin_v2,adj_ebitda_musd,2025Q3,2025-02-13,2,2172.6297446479243,2172.6297446479243,W1,PIT,10,20,-276.67274568928065,264.3095211630536,1168.26716928369,3176.992320012159,4080.949968132795,4621.932234985129,1489.0701824190137,,,,,,,,2025-02-13,b_elastic_rw,rev_leg=naive;scenario=backtest;,1.0
driver-lines,margin_v2,adj_ebitda_musd,2025Q3,2025-02-13,2,2172.6297446479243,2172.6297446479243,W2,PIT,10,20,-276.67274568928065,264.3095211630536,1168.26716928369,3176.992320012159,4080.949968132795,4621.932234985129,1489.0701824190137,,,,,,,,2025-02-13,b_elastic_rw,rev_leg=naive;scenario=backtest;,1.0
driver-lines,margin_v2,total_cash_costs_musd,2025Q3,2025-02-13,2,2000.2106521059081,2000.2106521059081,W1,PIT,10,20,1810.7537626774074,1852.5994791285887,1922.5218365604226,2077.899467651394,2147.821825083228,2189.667541534409,115.18161028080965,,,,,,,,2025-02-13,b_elastic_rw,rev_leg=naive;scenario=backtest;,1.0
driver-lines,margin_v2,total_cash_costs_musd,2025Q3,2025-02-13,2,2000.2106521059081,2000.2106521059081,W2,PIT,10,20,1810.7537626774074,1852.5994791285887,1922.5218365604226,2077.899467651394,2147.821825083228,2189.667541534409,115.18161028080965,,,,,,,,2025-02-13,b_elastic_rw,rev_leg=naive;scenario=backtest;,1.0
driver-lines,margin_v2,adj_ebitda_margin_pct,2025Q1,2025-02-13,0,16.264598894243836,16.264598894243836,W1,full_sample,10,20,11.856541119188659,12.83015752507289,14.45702785033442,18.07216993815325,19.69904026341478,20.672656669299013,2.679908839806587,,,,,,,,2025-02-13,b_elastic_rw,rev_leg=guide_cushion;scenario=backtest;,1.0
driver-lines,margin_v2,adj_ebitda_margin_pct,2025Q1,2025-02-13,0,16.264598894243836,16.264598894243836,W2,full_sample,10,20,11.856541119188659,12.83015752507289,14.45702785033442,18.07216993815325,19.69904026341478,20.672656669299013,2.679908839806587,,,,,,,,2025-02-13,b_elastic_rw,rev_leg=guide_cushion;scenario=backtest;,1.0
driver-lines,margin_v2,adj_ebitda_musd,2025Q1,2025-02-13,0,374.26107806318004,374.26107806318004,W1,full_sample,10,20,303.27288891344386,318.9521901175509,345.1516149584181,403.37054116794195,429.56996600880916,445.2492672129162,43.157754578627035,,,,,,,,2025-02-13,b_elastic_rw,rev_leg=guide_cushion;scenario=backtest;,1.0
driver-lines,margin_v2,adj_ebitda_musd,2025Q1,2025-02-13,0,374.26107806318004,374.26107806318004,W2,full_sample,10,20,303.27288891344386,318.9521901175509,345.1516149584181,403.37054116794195,429.56996600880916,445.2492672129162,43.157754578627035,,,,,,,,2025-02-13,b_elastic_rw,rev_leg=guide_cushion;scenario=backtest;,1.0
driver-lines,margin_v2,total_cash_costs_musd,2025Q1,2025-02-13,0,1926.8167443701407,1926.8167443701407,W1,full_sample,10,20,1801.1549128994839,1828.910089205393,1875.2877718652053,1978.345716875076,2024.7233995348884,2052.4785758407975,76.39696895313129,,,,,,,,2025-02-13,b_elastic_rw,rev_leg=guide_cushion;scenario=backtest;,1.0
driver-lines,margin_v2,total_cash_costs_musd,2025Q1,2025-02-13,0,1926.8167443701407,1926.8167443701407,W2,full_sample,10,20,1801.1549128994839,1828.910089205393,1875.2877718652053,1978.345716875076,2024.7233995348884,2052.4785758407975,76.39696895313129,,,,,,,,2025-02-13,b_elastic_rw,rev_leg=guide_cushion;scenario=backtest;,1.0
driver-lines,margin_v2,adj_ebitda_margin_pct,2025Q2,2025-02-13,1,31.43293490033211,31.43293490033211,W1,full_sample,10,20,25.06602891677183,26.472299985947906,28.822117283488804,34.04375251717542,36.393569814716315,37.799840883892394,3.8708039908453946,,,,,,,,2025-02-13,b_elastic_rw,rev_leg=naive;scenario=backtest;,1.0
driver-lines,margin_v2,adj_ebitda_margin_pct,2025Q2,2025-02-13,1,31.43293490033211,31.43293490033211,W2,full_sample,10,20,25.06602891677183,26.472299985947906,28.822117283488804,34.04375251717542,36.393569814716315,37.799840883892394,3.8708039908453946,,,,,,,,2025-02-13,b_elastic_rw,rev_leg=naive;scenario=backtest;,1.0
driver-lines,margin_v2,adj_ebitda_musd,2025Q2,2025-02-13,1,965.8102284182116,965.8102284182116,W1,full_sample,10,20,612.4181129496516,690.4725257745873,820.8980272484195,1110.7224295880037,1241.147931061836,1319.2023438867716,214.8471509428639,,,,,,,,2025-02-13,b_elastic_rw,rev_leg=naive;scenario=backtest;,1.0
driver-lines,margin_v2,adj_ebitda_musd,2025Q2,2025-02-13,1,965.8102284182116,965.8102284182116,W2,full_sample,10,20,612.4181129496516,690.4725257745873,820.8980272484195,1110.7224295880037,1241.147931061836,1319.2023438867716,214.8471509428639,,,,,,,,2025-02-13,b_elastic_rw,rev_leg=naive;scenario=backtest;,1.0
driver-lines,margin_v2,total_cash_costs_musd,2025Q2,2025-02-13,1,2106.795722889273,2106.795722889273,W1,full_sample,10,20,1967.3034944259155,1998.1134177653564,2049.5954487804324,2163.9959969981132,2215.4780280131895,2246.28795135263,84.80525329289539,,,,,,,,2025-02-13,b_elastic_rw,rev_leg=naive;scenario=backtest;,1.0
driver-lines,margin_v2,total_cash_costs_musd,2025Q2,2025-02-13,1,2106.795722889273,2106.795722889273,W2,full_sample,10,20,1967.3034944259155,1998.1134177653564,2049.5954487804324,2163.9959969981132,2215.4780280131895,2246.28795135263,84.80525329289539,,,,,,,,2025-02-13,b_elastic_rw,rev_leg=naive;scenario=backtest;,1.0
driver-lines,margin_v2,adj_ebitda_margin_pct,2025Q3,2025-02-13,2,51.982481182418915,51.982481182418915,W1,full_sample,10,20,43.881047481448356,45.670427105074005,48.66040199940662,55.30456036543121,58.294535259763826,60.083914883389475,4.925321966785301,,,,,,,,2025-02-13,b_elastic_rw,rev_leg=naive;scenario=backtest;,1.0
driver-lines,margin_v2,adj_ebitda_margin_pct,2025Q3,2025-02-13,2,51.982481182418915,51.982481182418915,W2,full_sample,10,20,43.881047481448356,45.670427105074005,48.66040199940662,55.30456036543121,58.294535259763826,60.083914883389475,4.925321966785301,,,,,,,,2025-02-13,b_elastic_rw,rev_leg=naive;scenario=backtest;,1.0
driver-lines,margin_v2,adj_ebitda_musd,2025Q3,2025-02-13,2,2169.1459740149357,2169.1459740149357,W1,full_sample,10,20,715.1846766975486,1036.3239731468127,1572.933656910498,2765.3582911193735,3301.9679748830586,3623.107271332323,883.9457040394046,,,,,,,,2025-02-13,b_elastic_rw,rev_leg=naive;scenario=backtest;,1.0
driver-lines,margin_v2,adj_ebitda_musd,2025Q3,2025-02-13,2,2169.1459740149357,2169.1459740149357,W2,full_sample,10,20,715.1846766975486,1036.3239731468127,1572.933656910498,2765.3582911193735,3301.9679748830586,3623.107271332323,883.9457040394046,,,,,,,,2025-02-13,b_elastic_rw,rev_leg=naive;scenario=backtest;,1.0
driver-lines,margin_v2,total_cash_costs_musd,2025Q3,2025-02-13,2,2003.6944227388967,2003.6944227388967,W1,full_sample,10,20,1858.3425969664233,1890.4467411085755,1944.0913583388615,2063.297487138932,2116.9421043692178,2149.0462485113703,88.36763550922441,,,,,,,,2025-02-13,b_elastic_rw,rev_leg=naive;scenario=backtest;,1.0
driver-lines,margin_v2,total_cash_costs_musd,2025Q3,2025-02-13,2,2003.6944227388967,2003.6944227388967,W2,full_sample,10,20,1858.3425969664233,1890.4467411085755,1944.0913583388615,2063.297487138932,2116.9421043692178,2149.0462485113703,88.36763550922441,,,,,,,,2025-02-13,b_elastic_rw,rev_leg=naive;scenario=backtest;,1.0
driver-lines,margin_v2,adj_ebitda_margin_pct,2025Q2,2025-05-01,0,32.19470268817303,32.19470268817303,W1,PIT,10,21,26.130525703123613,27.469932421937724,29.708022321743393,34.68138305460267,36.919472954408334,38.25887967322245,3.6867578279829076,,,,,,,,2025-05-01,b_elastic_rw,rev_leg=guide_cushion;scenario=backtest;,1.0
driver-lines,margin_v2,adj_ebitda_margin_pct,2025Q2,2025-05-01,0,32.19470268817303,32.19470268817303,W2,PIT,10,21,26.130525703123613,27.469932421937724,29.708022321743393,34.68138305460267,36.919472954408334,38.25887967322245,3.6867578279829076,,,,,,,,2025-05-01,b_elastic_rw,rev_leg=guide_cushion;scenario=backtest;,1.0
driver-lines,margin_v2,adj_ebitda_musd,2025Q2,2025-05-01,0,992.1850067158385,992.1850067158385,W1,PIT,10,21,760.7163810413653,811.8413124520753,897.2688312268618,1087.1011822048154,1172.5287009796018,1223.653632390312,140.72293235202397,,,,,,,,2025-05-01,b_elastic_rw,rev_leg=guide_cushion;scenario=backtest;,1.0
driver-lines,margin_v2,adj_ebitda_musd,2025Q2,2025-05-01,0,992.1850067158385,992.1850067158385,W2,PIT,10,21,760.7163810413653,811.8413124520753,897.2688312268618,1087.1011822048154,1172.5287009796018,1223.653632390312,140.72293235202397,,,,,,,,2025-05-01,b_elastic_rw,rev_leg=guide_cushion;scenario=backtest;,1.0
driver-lines,margin_v2,total_cash_costs_musd,2025Q2,2025-05-01,0,2089.641889857197,2089.641889857197,W1,PIT,10,21,1905.6697340946134,1946.3040266145429,2014.2021477730823,2165.0816319413116,2232.979753099851,2273.61404561978,111.84712897739873,,,,,,,,2025-05-01,b_elastic_rw,rev_leg=guide_cushion;scenario=backtest;,1.0
driver-lines,margin_v2,total_cash_costs_musd,2025Q2,2025-05-01,0,2089.641889857197,2089.641889857197,W2,PIT,10,21,1905.6697340946134,1946.3040266145429,2014.2021477730823,2165.0816319413116,2232.979753099851,2273.61404561978,111.84712897739873,,,,,,,,2025-05-01,b_elastic_rw,rev_leg=guide_cushion;scenario=backtest;,1.0
driver-lines,margin_v2,adj_ebitda_margin_pct,2025Q3,2025-05-01,1,50.932971775384694,50.932971775384694,W1,PIT,10,21,40.19212671840301,42.56447832861008,46.52857385165861,55.33736969911078,59.30146522215931,61.67381683236638,6.529970132897769,,,,,,,,2025-05-01,b_elastic_rw,rev_leg=naive;scenario=backtest;,1.0
driver-lines,margin_v2,adj_ebitda_margin_pct,2025Q3,2025-05-01,1,50.932971775384694,50.932971775384694,W2,PIT,10,21,40.19212671840301,42.56447832861008,46.52857385165861,55.33736969911078,59.30146522215931,61.67381683236638,6.529970132897769,,,,,,,,2025-05-01,b_elastic_rw,rev_leg=naive;scenario=backtest;,1.0
driver-lines,margin_v2,adj_ebitda_musd,2025Q3,2025-05-01,1,2016.1809743816596,2016.1809743816596,W1,PIT,10,21,827.6650144260411,1090.174876210589,1528.8173453028444,2503.544603460475,2942.18707255273,3204.696934337278,722.5663976911928,,,,,,,,2025-05-01,b_elastic_rw,rev_leg=naive;scenario=backtest;,1.0
driver-lines,margin_v2,adj_ebitda_musd,2025Q3,2025-05-01,1,2016.1809743816596,2016.1809743816596,W2,PIT,10,21,827.6650144260411,1090.174876210589,1528.8173453028444,2503.544603460475,2942.18707255273,3204.696934337278,722.5663976911928,,,,,,,,2025-05-01,b_elastic_rw,rev_leg=naive;scenario=backtest;,1.0
driver-lines,margin_v2,total_cash_costs_musd,2025Q3,2025-05-01,1,1942.3176250581162,1942.3176250581162,W1,PIT,10,21,1782.0199767608644,1817.4252341715187,1876.5858669335844,2008.0493831826477,2067.2100159447136,2102.615273355368,97.45405042170421,,,,,,,,2025-05-01,b_elastic_rw,rev_leg=naive;scenario=backtest;,1.0
driver-lines,margin_v2,total_cash_costs_musd,2025Q3,2025-05-01,1,1942.3176250581162,1942.3176250581162,W2,PIT,10,21,1782.0199767608644,1817.4252341715187,1876.5858669335844,2008.0493831826477,2067.2100159447136,2102.615273355368,97.45405042170421,,,,,,,,2025-05-01,b_elastic_rw,rev_leg=naive;scenario=backtest;,1.0
driver-lines,margin_v2,adj_ebitda_margin_pct,2025Q4,2025-05-01,2,28.2415662820494,28.2415662820494,W1,PIT,10,21,14.137571278362648,17.252748443645324,22.45807289945912,34.025059664639684,39.23038412045348,42.34556128573615,8.57462011974082,,,,,,,,2025-05-01,b_elastic_rw,rev_leg=naive;scenario=backtest;,1.0
driver-lines,margin_v2,adj_ebitda_margin_pct,2025Q4,2025-05-01,2,28.2415662820494,28.2415662820494,W2,PIT,10,21,14.137571278362648,17.252748443645324,22.45807289945912,34.025059664639684,39.23038412045348,42.34556128573615,8.57462011974082,,,,,,,,2025-05-01,b_elastic_rw,rev_leg=naive;scenario=backtest;,1.0
driver-lines,margin_v2,adj_ebitda_musd,2025Q4,2025-05-01,2,742.8982246040349,742.8982246040349,W1,PIT,10,21,-107.15405983670357,80.59866306868352,394.3252308789478,1091.471218329122,1405.1977861393862,1592.9505090447735,516.7950938079534,,,,,,,,2025-05-01,b_elastic_rw,rev_leg=naive;scenario=backtest;,1.0
driver-lines,margin_v2,adj_ebitda_musd,2025Q4,2025-05-01,2,742.8982246040349,742.8982246040349,W2,PIT,10,21,-107.15405983670357,80.59866306868352,394.3252308789478,1091.471218329122,1405.1977861393862,1592.9505090447735,516.7950938079534,,,,,,,,2025-05-01,b_elastic_rw,rev_leg=naive;scenario=backtest;,1.0
driver-lines,margin_v2,total_cash_costs_musd,2025Q4,2025-05-01,2,1887.615314144798,1887.615314144798,W1,PIT,10,21,1720.726111949921,1757.5872588571501,1819.1806191333817,1956.0500091562142,2017.643369432446,2054.5045163396753,101.46143064668011,,,,,,,,2025-05-01,b_elastic_rw,rev_leg=naive;scenario=backtest;,1.0
driver-lines,margin_v2,total_cash_costs_musd,2025Q4,2025-05-01,2,1887.615314144798,1887.615314144798,W2,PIT,10,21,1720.726111949921,1757.5872588571501,1819.1806191333817,1956.0500091562142,2017.643369432446,2054.5045163396753,101.46143064668011,,,,,,,,2025-05-01,b_elastic_rw,rev_leg=naive;scenario=backtest;,1.0
driver-lines,margin_v2,adj_ebitda_margin_pct,2025Q2,2025-05-01,0,31.580463939295107,31.580463939295107,W1,full_sample,10,21,27.17240616423993,28.146022570124163,29.77289289538569,33.38803498320453,35.014905308466055,35.988521714350284,2.679908839806587,,,,,,,,2025-05-01,b_elastic_rw,rev_leg=guide_cushion;scenario=backtest;,1.0
driver-lines,margin_v2,adj_ebitda_margin_pct,2025Q2,2025-05-01,0,31.580463939295107,31.580463939295107,W2,full_sample,10,21,27.17240616423993,28.146022570124163,29.77289289538569,33.38803498320453,35.014905308466055,35.988521714350284,2.679908839806587,,,,,,,,2025-05-01,b_elastic_rw,rev_leg=guide_cushion;scenario=backtest;,1.0
driver-lines,margin_v2,adj_ebitda_musd,2025Q2,2025-05-01,0,973.255231743745,973.255231743745,W1,full_sample,10,21,788.6524757223666,829.4260501639149,897.5569053065554,1048.9535581809346,1117.084413323575,1157.8579877651234,112.23050671293849,,,,,,,,2025-05-01,b_elastic_rw,rev_leg=guide_cushion;scenario=backtest;,1.0
driver-lines,margin_v2,adj_ebitda_musd,2025Q2,2025-05-01,0,973.255231743745,973.255231743745,W2,full_sample,10,21,788.6524757223666,829.4260501639149,897.5569053065554,1048.9535581809346,1117.084413323575,1157.8579877651234,112.23050671293849,,,,,,,,2025-05-01,b_elastic_rw,rev_leg=guide_cushion;scenario=backtest;,1.0
driver-lines,margin_v2,total_cash_costs_musd,2025Q2,2025-05-01,0,2108.5716648292905,2108.5716648292905,W1,full_sample,10,21,1971.0562638635406,2001.429561418681,2052.18200989239,2164.961319766191,2215.7137682398998,2246.0870657950404,83.60342751021403,,,,,,,,2025-05-01,b_elastic_rw,rev_leg=guide_cushion;scenario=backtest;,1.0
driver-lines,margin_v2,total_cash_costs_musd,2025Q2,2025-05-01,0,2108.5716648292905,2108.5716648292905,W2,full_sample,10,21,1971.0562638635406,2001.429561418681,2052.18200989239,2164.961319766191,2215.7137682398998,2246.0870657950404,83.60342751021403,,,,,,,,2025-05-01,b_elastic_rw,rev_leg=guide_cushion;scenario=backtest;,1.0
driver-lines,margin_v2,adj_ebitda_margin_pct,2025Q3,2025-05-01,1,50.619687317042455,50.619687317042455,W1,full_sample,10,21,44.252781333482176,45.659052402658254,48.00886970019915,53.23050493388576,55.580322231426656,56.986593300602735,3.8708039908453946,,,,,,,,2025-05-01,b_elastic_rw,rev_leg=naive;scenario=backtest;,1.0
driver-lines,margin_v2,adj_ebitda_margin_pct,2025Q3,2025-05-01,1,50.619687317042455,50.619687317042455,W2,full_sample,10,21,44.252781333482176,45.659052402658254,48.00886970019915,53.23050493388576,55.580322231426656,56.986593300602735,3.8708039908453946,,,,,,,,2025-05-01,b_elastic_rw,rev_leg=naive;scenario=backtest;,1.0
driver-lines,margin_v2,adj_ebitda_musd,2025Q3,2025-05-01,1,2003.7796134859193,2003.7796134859193,W1,full_sample,10,21,1270.5921862805665,1432.5327379118905,1703.1282992779857,2304.430927693853,2575.0264890599483,2736.967040691272,445.74630544130713,,,,,,,,2025-05-01,b_elastic_rw,rev_leg=naive;scenario=backtest;,1.0
driver-lines,margin_v2,adj_ebitda_musd,2025Q3,2025-05-01,1,2003.7796134859193,2003.7796134859193,W2,full_sample,10,21,1270.5921862805665,1432.5327379118905,1703.1282992779857,2304.430927693853,2575.0264890599483,2736.967040691272,445.74630544130713,,,,,,,,2025-05-01,b_elastic_rw,rev_leg=naive;scenario=backtest;,1.0
driver-lines,margin_v2,total_cash_costs_musd,2025Q3,2025-05-01,1,1954.7189859538564,1954.7189859538564,W1,full_sample,10,21,1825.2958509019213,1853.8817937406488,1901.6476508511928,2007.79032105652,2055.5561781670644,2084.142121005791,78.68367916226345,,,,,,,,2025-05-01,b_elastic_rw,rev_leg=naive;scenario=backtest;,1.0
driver-lines,margin_v2,total_cash_costs_musd,2025Q3,2025-05-01,1,1954.7189859538564,1954.7189859538564,W2,full_sample,10,21,1825.2958509019213,1853.8817937406488,1901.6476508511928,2007.79032105652,2055.5561781670644,2084.142121005791,78.68367916226345,,,,,,,,2025-05-01,b_elastic_rw,rev_leg=naive;scenario=backtest;,1.0
driver-lines,margin_v2,adj_ebitda_margin_pct,2025Q4,2025-05-01,2,27.683610591687884,27.683610591687884,W1,full_sample,10,21,19.582176890717324,21.37155651434297,24.361531408675592,31.005689774700176,33.9956646690328,35.78504429265844,4.925321966785301,,,,,,,,2025-05-01,b_elastic_rw,rev_leg=naive;scenario=backtest;,1.0
driver-lines,margin_v2,adj_ebitda_margin_pct,2025Q4,2025-05-01,2,27.683610591687884,27.683610591687884,W2,full_sample,10,21,19.582176890717324,21.37155651434297,24.361531408675592,31.005689774700176,33.9956646690328,35.78504429265844,4.925321966785301,,,,,,,,2025-05-01,b_elastic_rw,rev_leg=naive;scenario=backtest;,1.0
driver-lines,margin_v2,adj_ebitda_musd,2025Q4,2025-05-01,2,728.2211246288558,728.2211246288558,W1,full_sample,10,21,240.10029560990137,347.9125048499939,528.0619793797496,928.3802698779622,1108.5297444077178,1216.3419536478102,296.7563928005099,,,,,,,,2025-05-01,b_elastic_rw,rev_leg=naive;scenario=backtest;,1.0
driver-lines,margin_v2,adj_ebitda_musd,2025Q4,2025-05-01,2,728.2211246288558,728.2211246288558,W2,full_sample,10,21,240.10029560990137,347.9125048499939,528.0619793797496,928.3802698779622,1108.5297444077178,1216.3419536478102,296.7563928005099,,,,,,,,2025-05-01,b_elastic_rw,rev_leg=naive;scenario=backtest;,1.0
driver-lines,margin_v2,total_cash_costs_musd,2025Q4,2025-05-01,2,1902.2924141199774,1902.2924141199774,W1,full_sample,10,21,1764.2964839983033,1794.7759169748897,1845.7057130842445,1958.8791151557102,2009.8089112650648,2040.2883442416517,83.89556849349087,,,,,,,,2025-05-01,b_elastic_rw,rev_leg=naive;scenario=backtest;,1.0
driver-lines,margin_v2,total_cash_costs_musd,2025Q4,2025-05-01,2,1902.2924141199774,1902.2924141199774,W2,full_sample,10,21,1764.2964839983033,1794.7759169748897,1845.7057130842445,1958.8791151557102,2009.8089112650648,2040.2883442416517,83.89556849349087,,,,,,,,2025-05-01,b_elastic_rw,rev_leg=naive;scenario=backtest;,1.0
driver-lines,margin_v2,adj_ebitda_margin_pct,2025Q3,2025-08-06,0,52.9182816269875,52.9182816269875,W1,PIT,10,22,47.226454624126696,48.48361966874111,50.584287336909455,55.252275917065546,57.35294358523389,58.610108629848305,3.4603851124491145,,,,,,,,2025-08-06,b_elastic_rw,rev_leg=guide_cushion;scenario=backtest;,1.0
driver-lines,margin_v2,adj_ebitda_margin_pct,2025Q3,2025-08-06,0,52.9182816269875,52.9182816269875,W2,PIT,10,22,47.226454624126696,48.48361966874111,50.584287336909455,55.252275917065546,57.35294358523389,58.610108629848305,3.4603851124491145,,,,,,,,2025-08-06,b_elastic_rw,rev_leg=guide_cushion;scenario=backtest;,1.0
driver-lines,margin_v2,adj_ebitda_musd,2025Q3,2025-08-06,0,2190.5875590083683,2190.5875590083683,W1,PIT,10,22,1735.4958162452701,1836.0128261274858,2003.9723423939372,2377.2027756227994,2545.162291889251,2645.6793017714663,276.67613415945885,,,,,,,,2025-08-06,b_elastic_rw,rev_leg=guide_cushion;scenario=backtest;,1.0
driver-lines,margin_v2,adj_ebitda_musd,2025Q3,2025-08-06,0,2190.5875590083683,2190.5875590083683,W2,PIT,10,22,1735.4958162452701,1836.0128261274858,2003.9723423939372,2377.2027756227994,2545.162291889251,2645.6793017714663,276.67613415945885,,,,,,,,2025-08-06,b_elastic_rw,rev_leg=guide_cushion;scenario=backtest;,1.0
driver-lines,margin_v2,total_cash_costs_musd,2025Q3,2025-08-06,0,1948.9791307217888,1948.9791307217888,W1,PIT,10,22,1776.3305214618524,1814.4637599551857,1878.1827294959483,2019.7755319476294,2083.494501488392,2121.6277399817254,104.96290151964381,,,,,,,,2025-08-06,b_elastic_rw,rev_leg=guide_cushion;scenario=backtest;,1.0
driver-lines,margin_v2,total_cash_costs_musd,2025Q3,2025-08-06,0,1948.9791307217888,1948.9791307217888,W2,PIT,10,22,1776.3305214618524,1814.4637599551857,1878.1827294959483,2019.7755319476294,2083.494501488392,2121.6277399817254,104.96290151964381,,,,,,,,2025-08-06,b_elastic_rw,rev_leg=guide_cushion;scenario=backtest;,1.0
driver-lines,margin_v2,adj_ebitda_margin_pct,2025Q4,2025-08-06,1,31.642403706091176,31.642403706091176,W1,PIT,10,22,20.91039880239913,23.280797870531536,27.24163078138404,36.043176630798314,40.00400954165082,42.374408609783224,6.524595701310188,,,,,,,,2025-08-06,b_elastic_rw,rev_leg=naive;scenario=backtest;,1.0
driver-lines,margin_v2,adj_ebitda_margin_pct,2025Q4,2025-08-06,1,31.642403706091176,31.642403706091176,W2,PIT,10,22,20.91039880239913,23.280797870531536,27.24163078138404,36.043176630798314,40.00400954165082,42.374408609783224,6.524595701310188,,,,,,,,2025-08-06,b_elastic_rw,rev_leg=naive;scenario=backtest;,1.0
driver-lines,margin_v2,adj_ebitda_musd,2025Q4,2025-08-06,1,884.1081042491431,884.1081042491431,W1,PIT,10,22,355.7330600678816,472.43629712294546,667.4422892974659,1100.7739192008203,1295.7799113753408,1412.4831484304048,321.2292179216808,,,,,,,,2025-08-06,b_elastic_rw,rev_leg=naive;scenario=backtest;,1.0
driver-lines,margin_v2,adj_ebitda_musd,2025Q4,2025-08-06,1,884.1081042491431,884.1081042491431,W2,PIT,10,22,355.7330600678816,472.43629712294546,667.4422892974659,1100.7739192008203,1295.7799113753408,1412.4831484304048,321.2292179216808,,,,,,,,2025-08-06,b_elastic_rw,rev_leg=naive;scenario=backtest;,1.0
driver-lines,margin_v2,total_cash_costs_musd,2025Q4,2025-08-06,1,1909.9530311220356,1909.9530311220356,W1,PIT,10,22,1755.0338611251852,1789.2511634365221,1846.4267753144466,1973.4792869296245,2030.654898807549,2064.872201118886,94.1841677936859,,,,,,,,2025-08-06,b_elastic_rw,rev_leg=naive;scenario=backtest;,1.0
driver-lines,margin_v2,total_cash_costs_musd,2025Q4,2025-08-06,1,1909.9530311220356,1909.9530311220356,W2,PIT,10,22,1755.0338611251852,1789.2511634365221,1846.4267753144466,1973.4792869296245,2030.654898807549,2064.872201118886,94.1841677936859,,,,,,,,2025-08-06,b_elastic_rw,rev_leg=naive;scenario=backtest;,1.0
driver-lines,margin_v2,adj_ebitda_margin_pct,2026Q1,2025-08-06,2,18.643953019265616,18.643953019265616,W1,PIT,10,22,4.238202727716331,7.420029177971596,12.736721666684677,24.551184371846556,29.867876860559637,33.049703310814905,8.758074308562348,,,,,,,,2025-08-06,b_elastic_rw,rev_leg=naive;scenario=backtest;,1.0
driver-lines,margin_v2,adj_ebitda_margin_pct,2026Q1,2025-08-06,2,18.643953019265616,18.643953019265616,W2,PIT,10,22,4.238202727716331,7.420029177971596,12.736721666684677,24.551184371846556,29.867876860559637,33.049703310814905,8.758074308562348,,,,,,,,2025-08-06,b_elastic_rw,rev_leg=naive;scenario=backtest;,1.0
driver-lines,margin_v2,adj_ebitda_musd,2026Q1,2025-08-06,2,477.23309192231625,477.23309192231625,W1,PIT,10,22,-76.3196915159715,45.9446024159863,250.2428768029184,704.2233070417141,908.5215814286462,1030.785875360604,336.536196515083,,,,,,,,2025-08-06,b_elastic_rw,rev_leg=naive;scenario=backtest;,1.0
driver-lines,margin_v2,adj_ebitda_musd,2026Q1,2025-08-06,2,477.23309192231625,477.23309192231625,W2,PIT,10,22,-76.3196915159715,45.9446024159863,250.2428768029184,704.2233070417141,908.5215814286462,1030.785875360604,336.536196515083,,,,,,,,2025-08-06,b_elastic_rw,rev_leg=naive;scenario=backtest;,1.0
driver-lines,margin_v2,total_cash_costs_musd,2026Q1,2025-08-06,2,2082.487432095151,2082.487432095151,W1,PIT,10,22,1898.2617826629073,1938.952064829108,2006.943742231657,2158.0311219586447,2226.0227993611934,2266.713081527394,112.00124218571491,,,,,,,,2025-08-06,b_elastic_rw,rev_leg=naive;scenario=backtest;,1.0
driver-lines,margin_v2,total_cash_costs_musd,2026Q1,2025-08-06,2,2082.487432095151,2082.487432095151,W2,PIT,10,22,1898.2617826629073,1938.952064829108,2006.943742231657,2158.0311219586447,2226.0227993611934,2266.713081527394,112.00124218571491,,,,,,,,2025-08-06,b_elastic_rw,rev_leg=naive;scenario=backtest;,1.0
driver-lines,margin_v2,adj_ebitda_margin_pct,2025Q3,2025-08-06,0,52.46402516714508,52.46402516714508,W1,full_sample,10,22,48.055967392089904,49.029583797974134,50.65645412323566,54.2715962110545,55.89846653631603,56.87208294220026,2.679908839806587,,,,,,,,2025-08-06,b_elastic_rw,rev_leg=guide_cushion;scenario=backtest;,1.0
driver-lines,margin_v2,adj_ebitda_margin_pct,2025Q3,2025-08-06,0,52.46402516714508,52.46402516714508,W2,full_sample,10,22,48.055967392089904,49.029583797974134,50.65645412323566,54.2715962110545,55.89846653631603,56.87208294220026,2.679908839806587,,,,,,,,2025-08-06,b_elastic_rw,rev_leg=guide_cushion;scenario=backtest;,1.0
driver-lines,margin_v2,adj_ebitda_musd,2025Q3,2025-08-06,0,2171.7833099107843,2171.7833099107843,W1,full_sample,10,22,1759.8490388024195,1850.8337728879537,2002.8652742482207,2340.7013455733477,2492.732846933615,2583.717581019149,250.43825441892525,,,,,,,,2025-08-06,b_elastic_rw,rev_leg=guide_cushion;scenario=backtest;,1.0
driver-lines,margin_v2,adj_ebitda_musd,2025Q3,2025-08-06,0,2171.7833099107843,2171.7833099107843,W2,full_sample,10,22,1759.8490388024195,1850.8337728879537,2002.8652742482207,2340.7013455733477,2492.732846933615,2583.717581019149,250.43825441892525,,,,,,,,2025-08-06,b_elastic_rw,rev_leg=guide_cushion;scenario=backtest;,1.0
driver-lines,margin_v2,total_cash_costs_musd,2025Q3,2025-08-06,0,1967.7833798193728,1967.7833798193728,W1,full_sample,10,22,1839.449814020694,1867.7951015516978,1915.1588341947565,2020.4079254439891,2067.771658087048,2096.116945618052,78.02126809090545,,,,,,,,2025-08-06,b_elastic_rw,rev_leg=guide_cushion;scenario=backtest;,1.0
driver-lines,margin_v2,total_cash_costs_musd,2025Q3,2025-08-06,0,1967.7833798193728,1967.7833798193728,W2,full_sample,10,22,1839.449814020694,1867.7951015516978,1915.1588341947565,2020.4079254439891,2067.771658087048,2096.116945618052,78.02126809090545,,,,,,,,2025-08-06,b_elastic_rw,rev_leg=guide_cushion;scenario=backtest;,1.0
driver-lines,margin_v2,adj_ebitda_margin_pct,2025Q4,2025-08-06,1,30.937218178367292,30.937218178367292,W1,full_sample,10,22,24.570312194807013,25.976583263983088,28.326400561523986,33.548035795210595,35.8978530927515,37.304124161927575,3.8708039908453946,,,,,,,,2025-08-06,b_elastic_rw,rev_leg=naive;scenario=backtest;,1.0
driver-lines,margin_v2,adj_ebitda_margin_pct,2025Q4,2025-08-06,1,30.937218178367292,30.937218178367292,W2,full_sample,10,22,24.570312194807013,25.976583263983088,28.326400561523986,33.548035795210595,35.8978530927515,37.304124161927575,3.8708039908453946,,,,,,,,2025-08-06,b_elastic_rw,rev_leg=naive;scenario=backtest;,1.0
driver-lines,margin_v2,adj_ebitda_musd,2025Q4,2025-08-06,1,864.404789486748,864.404789486748,W1,full_sample,10,22,548.1171501663638,617.976224238247,734.7076739867508,994.1019049867451,1110.833354735249,1180.692428807132,192.28923117407308,,,,,,,,2025-08-06,b_elastic_rw,rev_leg=naive;scenario=backtest;,1.0
driver-lines,margin_v2,adj_ebitda_musd,2025Q4,2025-08-06,1,864.404789486748,864.404789486748,W2,full_sample,10,22,548.1171501663638,617.976224238247,734.7076739867508,994.1019049867451,1110.833354735249,1180.692428807132,192.28923117407308,,,,,,,,2025-08-06,b_elastic_rw,rev_leg=naive;scenario=backtest;,1.0
driver-lines,margin_v2,total_cash_costs_musd,2025Q4,2025-08-06,1,1929.6563458844307,1929.6563458844307,W1,full_sample,10,22,1801.8926235019237,1830.112048594847,1877.265470622409,1982.0472211464523,2029.2006431740147,2057.4200682669375,77.67482789292373,,,,,,,,2025-08-06,b_elastic_rw,rev_leg=naive;scenario=backtest;,1.0
driver-lines,margin_v2,total_cash_costs_musd,2025Q4,2025-08-06,1,1929.6563458844307,1929.6563458844307,W2,full_sample,10,22,1801.8926235019237,1830.112048594847,1877.265470622409,1982.0472211464523,2029.2006431740147,2057.4200682669375,77.67482789292373,,,,,,,,2025-08-06,b_elastic_rw,rev_leg=naive;scenario=backtest;,1.0
driver-lines,margin_v2,adj_ebitda_margin_pct,2026Q1,2025-08-06,2,17.824687344644737,17.824687344644737,W1,full_sample,10,22,9.723253643674177,11.512633267299824,14.502608161632445,21.14676652765703,24.136741421989647,25.926121045615297,4.925321966785301,,,,,,,,2025-08-06,b_elastic_rw,rev_leg=naive;scenario=backtest;,1.0
driver-lines,margin_v2,adj_ebitda_margin_pct,2026Q1,2025-08-06,2,17.824687344644737,17.824687344644737,W2,full_sample,10,22,9.723253643674177,11.512633267299824,14.502608161632445,21.14676652765703,24.136741421989647,25.926121045615297,4.925321966785301,,,,,,,,2025-08-06,b_elastic_rw,rev_leg=naive;scenario=backtest;,1.0
driver-lines,margin_v2,adj_ebitda_musd,2026Q1,2025-08-06,2,456.2621803028154,456.2621803028154,W1,full_sample,10,22,150.43326904606965,217.982303243915,330.8537776484023,581.6705829572286,694.5420573617158,762.091091559561,185.93077599467674,,,,,,,,2025-08-06,b_elastic_rw,rev_leg=naive;scenario=backtest;,1.0
driver-lines,margin_v2,adj_ebitda_musd,2026Q1,2025-08-06,2,456.2621803028154,456.2621803028154,W2,full_sample,10,22,150.43326904606965,217.982303243915,330.8537776484023,581.6705829572286,694.5420573617158,762.091091559561,185.93077599467674,,,,,,,,2025-08-06,b_elastic_rw,rev_leg=naive;scenario=backtest;,1.0
driver-lines,margin_v2,total_cash_costs_musd,2026Q1,2025-08-06,2,2103.4583437146516,2103.4583437146516,W1,full_sample,10,22,1950.8694523020868,1984.572061391211,2040.887643461945,2166.029043967358,2222.344626038092,2256.047235127217,92.767459008112,,,,,,,,2025-08-06,b_elastic_rw,rev_leg=naive;scenario=backtest;,1.0
driver-lines,margin_v2,total_cash_costs_musd,2026Q1,2025-08-06,2,2103.4583437146516,2103.4583437146516,W2,full_sample,10,22,1950.8694523020868,1984.572061391211,2040.887643461945,2166.029043967358,2222.344626038092,2256.047235127217,92.767459008112,,,,,,,,2025-08-06,b_elastic_rw,rev_leg=naive;scenario=backtest;,1.0
driver-lines,margin_v2,adj_ebitda_margin_pct,2025Q4,2025-11-06,0,29.400935466568107,29.400935466568107,W1,PIT,10,23,24.532646425814477,25.607915018137955,27.404641689920034,31.39722924321618,33.19395591499826,34.26922450732174,2.9597095820473625,,,,,,,,2025-11-06,b_elastic_rw,rev_leg=guide_cushion;scenario=backtest;,1.0
driver-lines,margin_v2,adj_ebitda_margin_pct,2025Q4,2025-11-06,0,29.400935466568107,29.400935466568107,W2,PIT,10,23,24.532646425814477,25.607915018137955,27.404641689920034,31.39722924321618,33.19395591499826,34.26922450732174,2.9597095820473625,,,,,,,,2025-11-06,b_elastic_rw,rev_leg=guide_cushion;scenario=backtest;,1.0
driver-lines,margin_v2,adj_ebitda_musd,2025Q4,2025-11-06,0,806.3816505621514,806.3816505621514,W1,PIT,10,23,648.7058530878525,683.5320171414611,741.7250102947038,871.038290829599,929.2312839828417,964.0574480364504,95.86007830163653,,,,,,,,2025-11-06,b_elastic_rw,rev_leg=guide_cushion;scenario=backtest;,1.0
driver-lines,margin_v2,adj_ebitda_musd,2025Q4,2025-11-06,0,806.3816505621514,806.3816505621514,W2,PIT,10,23,648.7058530878525,683.5320171414611,741.7250102947038,871.038290829599,929.2312839828417,964.0574480364504,95.86007830163653,,,,,,,,2025-11-06,b_elastic_rw,rev_leg=guide_cushion;scenario=backtest;,1.0
driver-lines,margin_v2,total_cash_costs_musd,2025Q4,2025-11-06,0,1936.3258101548402,1936.3258101548402,W1,PIT,10,23,1796.325751845344,1827.2478405634683,1878.9172950083464,1993.7343253013341,2045.403779746212,2076.325868464336,85.11399191730419,,,,,,,,2025-11-06,b_elastic_rw,rev_leg=guide_cushion;scenario=backtest;,1.0
driver-lines,margin_v2,total_cash_costs_musd,2025Q4,2025-11-06,0,1936.3258101548402,1936.3258101548402,W2,PIT,10,23,1796.325751845344,1827.2478405634683,1878.9172950083464,1993.7343253013341,2045.403779746212,2076.325868464336,85.11399191730419,,,,,,,,2025-11-06,b_elastic_rw,rev_leg=guide_cushion;scenario=backtest;,1.0
driver-lines,margin_v2,adj_ebitda_margin_pct,2026Q1,2025-11-06,1,15.538136618787364,15.538136618787364,W1,PIT,10,23,6.306886132414956,8.345810615487654,11.752764028467217,19.323509209107513,22.730462622087074,24.769387105159772,5.612201800278948,,,,,,,,2025-11-06,b_elastic_rw,rev_leg=naive;scenario=backtest;,1.0
driver-lines,margin_v2,adj_ebitda_margin_pct,2026Q1,2025-11-06,1,15.538136618787364,15.538136618787364,W2,PIT,10,23,6.306886132414956,8.345810615487654,11.752764028467217,19.323509209107513,22.730462622087074,24.769387105159772,5.612201800278948,,,,,,,,2025-11-06,b_elastic_rw,rev_leg=naive;scenario=backtest;,1.0
driver-lines,margin_v2,adj_ebitda_musd,2026Q1,2025-11-06,1,387.36424705074666,387.36424705074666,W1,PIT,10,23,173.9308707577471,221.07232110308107,299.8436176764596,474.88487642503367,553.6561729984122,600.7976233437462,129.7582792753245,,,,,,,,2025-11-06,b_elastic_rw,rev_leg=naive;scenario=backtest;,1.0
driver-lines,margin_v2,adj_ebitda_musd,2026Q1,2025-11-06,1,387.36424705074666,387.36424705074666,W2,PIT,10,23,173.9308707577471,221.07232110308107,299.8436176764596,474.88487642503367,553.6561729984122,600.7976233437462,129.7582792753245,,,,,,,,2025-11-06,b_elastic_rw,rev_leg=naive;scenario=backtest;,1.0
driver-lines,margin_v2,total_cash_costs_musd,2026Q1,2025-11-06,1,2105.626106647003,2105.626106647003,W1,PIT,10,23,1931.5753429558576,1970.0182780610485,2034.2547370613363,2176.9974762326697,2241.2339352329573,2279.6768703381485,105.8153508854927,,,,,,,,2025-11-06,b_elastic_rw,rev_leg=naive;scenario=backtest;,1.0
driver-lines,margin_v2,total_cash_costs_musd,2026Q1,2025-11-06,1,2105.626106647003,2105.626106647003,W2,PIT,10,23,1931.5753429558576,1970.0182780610485,2034.2547370613363,2176.9974762326697,2241.2339352329573,2279.6768703381485,105.8153508854927,,,,,,,,2025-11-06,b_elastic_rw,rev_leg=naive;scenario=backtest;,1.0
driver-lines,margin_v2,adj_ebitda_margin_pct,2026Q2,2025-11-06,2,31.855684426826684,31.855684426826684,W1,PIT,10,23,18.594810394838774,21.523765769917993,26.41792177934151,37.29344707431186,42.187603083735375,45.116558458814595,8.062038964868417,,,,,,,,2025-11-06,b_elastic_rw,rev_leg=naive;scenario=backtest;,1.0
driver-lines,margin_v2,adj_ebitda_margin_pct,2026Q2,2025-11-06,2,31.855684426826684,31.855684426826684,W2,PIT,10,23,18.594810394838774,21.523765769917993,26.41792177934151,37.29344707431186,42.187603083735375,45.116558458814595,8.062038964868417,,,,,,,,2025-11-06,b_elastic_rw,rev_leg=naive;scenario=backtest;,1.0
driver-lines,margin_v2,adj_ebitda_musd,2026Q2,2025-11-06,2,1082.1816448162915,1082.1816448162915,W1,PIT,10,23,-159.8354954071846,114.49127747542714,572.8792868908592,1591.4840027417238,2049.872012157156,2324.1987850397677,755.0928057503801,,,,,,,,2025-11-06,b_elastic_rw,rev_leg=naive;scenario=backtest;,1.0
driver-lines,margin_v2,adj_ebitda_musd,2026Q2,2025-11-06,2,1082.1816448162915,1082.1816448162915,W2,PIT,10,23,-159.8354954071846,114.49127747542714,572.8792868908592,1591.4840027417238,2049.872012157156,2324.1987850397677,755.0928057503801,,,,,,,,2025-11-06,b_elastic_rw,rev_leg=naive;scenario=backtest;,1.0
driver-lines,margin_v2,total_cash_costs_musd,2026Q2,2025-11-06,2,2314.9566188493036,2314.9566188493036,W1,PIT,10,23,2129.631328283166,2170.5644903532107,2238.9620094258244,2390.951228272783,2459.3487473453965,2500.281909415441,112.66977652571714,,,,,,,,2025-11-06,b_elastic_rw,rev_leg=naive;scenario=backtest;,1.0
driver-lines,margin_v2,total_cash_costs_musd,2026Q2,2025-11-06,2,2314.9566188493036,2314.9566188493036,W2,PIT,10,23,2129.631328283166,2170.5644903532107,2238.9620094258244,2390.951228272783,2459.3487473453965,2500.281909415441,112.66977652571714,,,,,,,,2025-11-06,b_elastic_rw,rev_leg=naive;scenario=backtest;,1.0
driver-lines,margin_v2,adj_ebitda_margin_pct,2025Q4,2025-11-06,0,29.203677670563508,29.203677670563508,W1,full_sample,10,23,24.79561989550833,25.769236301392564,27.396106626654092,31.011248714472924,32.638119039734455,33.611735445618685,2.679908839806587,,,,,,,,2025-11-06,b_elastic_rw,rev_leg=guide_cushion;scenario=backtest;,1.0
driver-lines,margin_v2,adj_ebitda_margin_pct,2025Q4,2025-11-06,0,29.203677670563508,29.203677670563508,W2,full_sample,10,23,24.79561989550833,25.769236301392564,27.396106626654092,31.011248714472924,32.638119039734455,33.611735445618685,2.679908839806587,,,,,,,,2025-11-06,b_elastic_rw,rev_leg=guide_cushion;scenario=backtest;,1.0
driver-lines,margin_v2,adj_ebitda_musd,2025Q4,2025-11-06,0,800.9714462742875,800.9714462742875,W1,full_sample,10,23,649.0467181515885,682.6026321862927,738.6730932530493,863.2697992955257,919.3402603622823,952.8961743969865,92.36367639853297,,,,,,,,2025-11-06,b_elastic_rw,rev_leg=guide_cushion;scenario=backtest;,1.0
driver-lines,margin_v2,adj_ebitda_musd,2025Q4,2025-11-06,0,800.9714462742875,800.9714462742875,W2,full_sample,10,23,649.0467181515885,682.6026321862927,738.6730932530493,863.2697992955257,919.3402603622823,952.8961743969865,92.36367639853297,,,,,,,,2025-11-06,b_elastic_rw,rev_leg=guide_cushion;scenario=backtest;,1.0
driver-lines,margin_v2,total_cash_costs_musd,2025Q4,2025-11-06,0,1941.7360144427041,1941.7360144427041,W1,full_sample,10,23,1815.1011881052539,1843.071271704464,1889.8080550286043,1993.663973856804,2040.4007571809443,2068.3708407801546,76.9885078298134,,,,,,,,2025-11-06,b_elastic_rw,rev_leg=guide_cushion;scenario=backtest;,1.0
driver-lines,margin_v2,total_cash_costs_musd,2025Q4,2025-11-06,0,1941.7360144427041,1941.7360144427041,W2,full_sample,10,23,1815.1011881052539,1843.071271704464,1889.8080550286043,1993.663973856804,2040.4007571809443,2068.3708407801546,76.9885078298134,,,,,,,,2025-11-06,b_elastic_rw,rev_leg=guide_cushion;scenario=backtest;,1.0
driver-lines,margin_v2,adj_ebitda_margin_pct,2026Q1,2025-11-06,1,15.327411209953096,15.327411209953096,W1,full_sample,10,23,8.960505226392815,10.366776295568894,12.71659359310979,17.938228826796404,20.2880461243373,21.694317193513378,3.8708039908453946,,,,,,,,2025-11-06,b_elastic_rw,rev_leg=naive;scenario=backtest;,1.0
driver-lines,margin_v2,adj_ebitda_margin_pct,2026Q1,2025-11-06,1,15.327411209953096,15.327411209953096,W2,full_sample,10,23,8.960505226392815,10.366776295568894,12.71659359310979,17.938228826796404,20.2880461243373,21.694317193513378,3.8708039908453946,,,,,,,,2025-11-06,b_elastic_rw,rev_leg=naive;scenario=backtest;,1.0
driver-lines,margin_v2,adj_ebitda_musd,2026Q1,2025-11-06,1,382.11088293571817,382.11088293571817,W1,full_sample,10,23,242.29565910507924,273.1769230676828,324.7781611360786,439.4436047353577,491.0448428037535,521.9261067663571,85.00162053311013,,,,,,,,2025-11-06,b_elastic_rw,rev_leg=naive;scenario=backtest;,1.0
driver-lines,margin_v2,adj_ebitda_musd,2026Q1,2025-11-06,1,382.11088293571817,382.11088293571817,W2,full_sample,10,23,242.29565910507924,273.1769230676828,324.7781611360786,439.4436047353577,491.0448428037535,521.9261067663571,85.00162053311013,,,,,,,,2025-11-06,b_elastic_rw,rev_leg=naive;scenario=backtest;,1.0
driver-lines,margin_v2,total_cash_costs_musd,2026Q1,2025-11-06,1,2110.8794707620314,2110.8794707620314,W1,full_sample,10,23,1971.1168548638295,2001.9864992087435,2053.568321405451,2168.1906201186116,2219.7724423153195,2250.642086660233,84.96963718117226,,,,,,,,2025-11-06,b_elastic_rw,rev_leg=naive;scenario=backtest;,1.0
driver-lines,margin_v2,total_cash_costs_musd,2026Q1,2025-11-06,1,2110.8794707620314,2110.8794707620314,W2,full_sample,10,23,1971.1168548638295,2001.9864992087435,2053.568321405451,2168.1906201186116,2219.7724423153195,2250.642086660233,84.96963718117226,,,,,,,,2025-11-06,b_elastic_rw,rev_leg=naive;scenario=backtest;,1.0
driver-lines,margin_v2,adj_ebitda_margin_pct,2026Q2,2025-11-06,2,31.596140070612243,31.596140070612243,W1,full_sample,10,23,23.494706369641683,25.284085993267333,28.27406088759995,34.918219253624535,37.908194147957154,39.6975737715828,4.925321966785301,,,,,,,,2025-11-06,b_elastic_rw,rev_leg=naive;scenario=backtest;,1.0
driver-lines,margin_v2,adj_ebitda_margin_pct,2026Q2,2025-11-06,2,31.596140070612243,31.596140070612243,W2,full_sample,10,23,23.494706369641683,25.284085993267333,28.27406088759995,34.918219253624535,37.908194147957154,39.6975737715828,4.925321966785301,,,,,,,,2025-11-06,b_elastic_rw,rev_leg=naive;scenario=backtest;,1.0
driver-lines,margin_v2,adj_ebitda_musd,2026Q2,2025-11-06,2,1073.364564180146,1073.364564180146,W1,full_sample,10,23,353.8968322131451,512.807087725534,778.3391571425867,1368.3899712177056,1633.922040634758,1792.832296147147,437.4053229894038,,,,,,,,2025-11-06,b_elastic_rw,rev_leg=naive;scenario=backtest;,1.0
driver-lines,margin_v2,adj_ebitda_musd,2026Q2,2025-11-06,2,1073.364564180146,1073.364564180146,W2,full_sample,10,23,353.8968322131451,512.807087725534,778.3391571425867,1368.3899712177056,1633.922040634758,1792.832296147147,437.4053229894038,,,,,,,,2025-11-06,b_elastic_rw,rev_leg=naive;scenario=backtest;,1.0
driver-lines,margin_v2,total_cash_costs_musd,2026Q2,2025-11-06,2,2323.7736994854495,2323.7736994854495,W1,full_sample,10,23,2155.2027107812105,2192.4353171883527,2254.6493700020073,2392.8980289688916,2455.1120817825463,2492.3446881896884,102.48388424486376,,,,,,,,2025-11-06,b_elastic_rw,rev_leg=naive;scenario=backtest;,1.0
driver-lines,margin_v2,total_cash_costs_musd,2026Q2,2025-11-06,2,2323.7736994854495,2323.7736994854495,W2,full_sample,10,23,2155.2027107812105,2192.4353171883527,2254.6493700020073,2392.8980289688916,2455.1120817825463,2492.3446881896884,102.48388424486376,,,,,,,,2025-11-06,b_elastic_rw,rev_leg=naive;scenario=backtest;,1.0
driver-lines,margin_v2,adj_ebitda_margin_pct,2026Q1,2026-02-12,0,18.573675349543485,18.573675349543485,W1,PIT,10,24,13.670559920047808,14.753520685470477,16.56310064123197,20.584250057855,22.393830013616494,23.476790779039163,2.980882523013905,,,,,,,,2026-02-12,b_elastic_rw,rev_leg=guide_cushion;scenario=backtest;,1.0
driver-lines,margin_v2,adj_ebitda_margin_pct,2026Q1,2026-02-12,0,18.573675349543485,18.573675349543485,W2,PIT,10,24,13.670559920047808,14.753520685470477,16.56310064123197,20.584250057855,22.393830013616494,23.476790779039163,2.980882523013905,,,,,,,,2026-02-12,b_elastic_rw,rev_leg=guide_cushion;scenario=backtest;,1.0
driver-lines,margin_v2,adj_ebitda_musd,2026Q1,2026-02-12,0,494.2714953913553,494.2714953913553,W1,PIT,10,24,397.41842148306307,418.81055074485596,454.5558607867122,533.9871299959984,569.7324400378546,591.1245692996475,58.88248797420175,,,,,,,,2026-02-12,b_elastic_rw,rev_leg=guide_cushion;scenario=backtest;,1.0
driver-lines,margin_v2,adj_ebitda_musd,2026Q1,2026-02-12,0,494.2714953913553,494.2714953913553,W2,PIT,10,24,397.41842148306307,418.81055074485596,454.5558607867122,533.9871299959984,569.7324400378546,591.1245692996475,58.88248797420175,,,,,,,,2026-02-12,b_elastic_rw,rev_leg=guide_cushion;scenario=backtest;,1.0
driver-lines,margin_v2,total_cash_costs_musd,2026Q1,2026-02-12,0,2166.868457200224,2166.868457200224,W1,PIT,10,24,2006.7548249533188,2042.11943837637,2101.212156817218,2232.52475758323,2291.6174760240783,2326.982089447129,97.34217660671453,,,,,,,,2026-02-12,b_elastic_rw,rev_leg=guide_cushion;scenario=backtest;,1.0
driver-lines,margin_v2,total_cash_costs_musd,2026Q1,2026-02-12,0,2166.868457200224,2166.868457200224,W2,PIT,10,24,2006.7548249533188,2042.11943837637,2101.212156817218,2232.52475758323,2291.6174760240783,2326.982089447129,97.34217660671453,,,,,,,,2026-02-12,b_elastic_rw,rev_leg=guide_cushion;scenario=backtest;,1.0
driver-lines,margin_v2,adj_ebitda_margin_pct,2026Q2,2026-02-12,1,32.56371122065567,32.56371122065567,W1,PIT,10,24,25.73306001322824,27.241759403707768,29.762729935097052,35.36469250621429,37.88566303760357,39.3943624280831,4.15274106796188,,,,,,,,2026-02-12,b_elastic_rw,rev_leg=naive;scenario=backtest;,1.0
driver-lines,margin_v2,adj_ebitda_margin_pct,2026Q2,2026-02-12,1,32.56371122065567,32.56371122065567,W2,PIT,10,24,25.73306001322824,27.241759403707768,29.762729935097052,35.36469250621429,37.88566303760357,39.3943624280831,4.15274106796188,,,,,,,,2026-02-12,b_elastic_rw,rev_leg=naive;scenario=backtest;,1.0
driver-lines,margin_v2,adj_ebitda_musd,2026Q2,2026-02-12,1,1129.3158077861233,1129.3158077861233,W1,PIT,10,24,718.0310347504604,808.8723129169839,960.6641057265207,1297.967509845726,1449.7593026552627,1540.600580821786,250.0433876283126,,,,,,,,2026-02-12,b_elastic_rw,rev_leg=naive;scenario=backtest;,1.0
driver-lines,margin_v2,adj_ebitda_musd,2026Q2,2026-02-12,1,1129.3158077861233,1129.3158077861233,W2,PIT,10,24,718.0310347504604,808.8723129169839,960.6641057265207,1297.967509845726,1449.7593026552627,1540.600580821786,250.0433876283126,,,,,,,,2026-02-12,b_elastic_rw,rev_leg=naive;scenario=backtest;,1.0
driver-lines,margin_v2,total_cash_costs_musd,2026Q2,2026-02-12,1,2338.703547052586,2338.703547052586,W1,PIT,10,24,2137.136694270237,2181.6571621874,2256.0489120423254,2421.358182062847,2495.7499319177723,2540.2703998349352,122.54394523598307,,,,,,,,2026-02-12,b_elastic_rw,rev_leg=naive;scenario=backtest;,1.0
driver-lines,margin_v2,total_cash_costs_musd,2026Q2,2026-02-12,1,2338.703547052586,2338.703547052586,W2,PIT,10,24,2137.136694270237,2181.6571621874,2256.0489120423254,2421.358182062847,2495.7499319177723,2540.2703998349352,122.54394523598307,,,,,,,,2026-02-12,b_elastic_rw,rev_leg=naive;scenario=backtest;,1.0
driver-lines,margin_v2,adj_ebitda_margin_pct,2026Q1,2026-02-12,0,18.614909928475893,18.614909928475893,W1,full_sample,10,24,14.206852153420716,15.180468559304947,16.807338884566477,20.42248097238531,22.049351297646837,23.02296770353107,2.679908839806587,,,,,,,,2026-02-12,b_elastic_rw,rev_leg=guide_cushion;scenario=backtest;,1.0
driver-lines,margin_v2,adj_ebitda_margin_pct,2026Q1,2026-02-12,0,18.614909928475893,18.614909928475893,W2,full_sample,10,24,14.206852153420716,15.180468559304947,16.807338884566477,20.42248097238531,22.049351297646837,23.02296770353107,2.679908839806587,,,,,,,,2026-02-12,b_elastic_rw,rev_leg=guide_cushion;scenario=backtest;,1.0
driver-lines,margin_v2,adj_ebitda_musd,2026Q1,2026-02-12,0,495.3688052456084,495.3688052456084,W1,full_sample,10,24,401.4094370215963,422.16242780749195,456.8397654796492,533.8978450115677,568.5751826837248,589.3281734696205,57.123239833901756,,,,,,,,2026-02-12,b_elastic_rw,rev_leg=guide_cushion;scenario=backtest;,1.0
driver-lines,margin_v2,adj_ebitda_musd,2026Q1,2026-02-12,0,495.3688052456084,495.3688052456084,W2,full_sample,10,24,401.4094370215963,422.16242780749195,456.8397654796492,533.8978450115677,568.5751826837248,589.3281734696205,57.123239833901756,,,,,,,,2026-02-12,b_elastic_rw,rev_leg=guide_cushion;scenario=backtest;,1.0
driver-lines,margin_v2,total_cash_costs_musd,2026Q1,2026-02-12,0,2165.7711473459703,2165.7711473459703,W1,full_sample,10,24,2024.5253492092277,2055.722586937452,2107.8518033140845,2223.6904913778562,2275.8197077544887,2307.016945482713,85.8713479560634,,,,,,,,2026-02-12,b_elastic_rw,rev_leg=guide_cushion;scenario=backtest;,1.0
driver-lines,margin_v2,total_cash_costs_musd,2026Q1,2026-02-12,0,2165.7711473459703,2165.7711473459703,W2,full_sample,10,24,2024.5253492092277,2055.722586937452,2107.8518033140845,2223.6904913778562,2275.8197077544887,2307.016945482713,85.8713479560634,,,,,,,,2026-02-12,b_elastic_rw,rev_leg=guide_cushion;scenario=backtest;,1.0
driver-lines,margin_v2,adj_ebitda_margin_pct,2026Q2,2026-02-12,1,32.621394415994246,32.621394415994246,W1,full_sample,10,24,26.254488432433966,27.660759501610045,30.01057679915094,35.23221203283755,37.58202933037845,38.988300399554525,3.8708039908453946,,,,,,,,2026-02-12,b_elastic_rw,rev_leg=naive;scenario=backtest;,1.0
driver-lines,margin_v2,adj_ebitda_margin_pct,2026Q2,2026-02-12,1,32.621394415994246,32.621394415994246,W2,full_sample,10,24,26.254488432433966,27.660759501610045,30.01057679915094,35.23221203283755,37.58202933037845,38.988300399554525,3.8708039908453946,,,,,,,,2026-02-12,b_elastic_rw,rev_leg=naive;scenario=backtest;,1.0
driver-lines,margin_v2,adj_ebitda_musd,2026Q2,2026-02-12,1,1131.3162721649544,1131.3162721649544,W1,full_sample,10,24,717.3651263594667,808.7953315331622,961.5711955497192,1301.0613487801897,1453.8372127967468,1545.267417970442,251.66442717015113,,,,,,,,2026-02-12,b_elastic_rw,rev_leg=naive;scenario=backtest;,1.0
driver-lines,margin_v2,adj_ebitda_musd,2026Q2,2026-02-12,1,1131.3162721649544,1131.3162721649544,W2,full_sample,10,24,717.3651263594667,808.7953315331622,961.5711955497192,1301.0613487801897,1453.8372127967468,1545.267417970442,251.66442717015113,,,,,,,,2026-02-12,b_elastic_rw,rev_leg=naive;scenario=backtest;,1.0
driver-lines,margin_v2,total_cash_costs_musd,2026Q2,2026-02-12,1,2336.7030826737555,2336.7030826737555,W1,full_sample,10,24,2181.9885478386714,2216.1606519786405,2273.2607396939584,2400.1454256535526,2457.245513368871,2491.4176175088396,94.05975844904081,,,,,,,,2026-02-12,b_elastic_rw,rev_leg=naive;scenario=backtest;,1.0
driver-lines,margin_v2,total_cash_costs_musd,2026Q2,2026-02-12,1,2336.7030826737555,2336.7030826737555,W2,full_sample,10,24,2181.9885478386714,2216.1606519786405,2273.2607396939584,2400.1454256535526,2457.245513368871,2491.4176175088396,94.05975844904081,,,,,,,,2026-02-12,b_elastic_rw,rev_leg=naive;scenario=backtest;,1.0
driver-lines,margin_v2,adj_ebitda_margin_pct,2026Q2,2026-05-07,0,34.955674534000565,34.955674534000565,W1,PIT,10,25,30.286400038364267,31.317711895993316,33.04098879141833,36.8703602765828,38.59363717200782,39.62494902963686,2.838717329693467,,,,,,,,2026-05-07,b_elastic_rw,rev_leg=guide_cushion;scenario=backtest;,1.0
driver-lines,margin_v2,adj_ebitda_margin_pct,2026Q2,2026-05-07,0,34.955674534000565,34.955674534000565,W2,PIT,10,25,30.286400038364267,31.317711895993316,33.04098879141833,36.8703602765828,38.59363717200782,39.62494902963686,2.838717329693467,,,,,,,,2026-05-07,b_elastic_rw,rev_leg=guide_cushion;scenario=backtest;,1.0
driver-lines,margin_v2,adj_ebitda_musd,2026Q2,2026-05-07,0,1272.3690927119328,1272.3690927119328,W1,PIT,10,25,1067.7360406116675,1112.93374601345,1188.457130011168,1356.2810554126977,1431.8044394104159,1477.0021448121981,124.40806205931341,,,,,,,,2026-05-07,b_elastic_rw,rev_leg=guide_cushion;scenario=backtest;,1.0
driver-lines,margin_v2,adj_ebitda_musd,2026Q2,2026-05-07,0,1272.3690927119328,1272.3690927119328,W2,PIT,10,25,1067.7360406116675,1112.93374601345,1188.457130011168,1356.2810554126977,1431.8044394104159,1477.0021448121981,124.40806205931341,,,,,,,,2026-05-07,b_elastic_rw,rev_leg=guide_cushion;scenario=backtest;,1.0
driver-lines,margin_v2,total_cash_costs_musd,2026Q2,2026-05-07,0,2367.580957384595,2367.580957384595,W1,PIT,10,25,2194.6635689688023,2232.8561732438598,2296.6743404029444,2438.4875743662456,2502.30574152533,2540.4983458003876,105.12630764372223,,,,,,,,2026-05-07,b_elastic_rw,rev_leg=guide_cushion;scenario=backtest;,1.0
driver-lines,margin_v2,total_cash_costs_musd,2026Q2,2026-05-07,0,2367.580957384595,2367.580957384595,W2,PIT,10,25,2194.6635689688023,2232.8561732438598,2296.6743404029444,2438.4875743662456,2502.30574152533,2540.4983458003876,105.12630764372223,,,,,,,,2026-05-07,b_elastic_rw,rev_leg=guide_cushion;scenario=backtest;,1.0
driver-lines,margin_v2,adj_ebitda_margin_pct,2026Q2,2026-05-07,0,35.017339791386924,35.017339791386924,W1,full_sample,10,25,30.609282016331747,31.58289842221598,33.209768747477504,36.82491083529634,38.45178116055787,39.4253975664421,2.679908839806587,,,,,,,,2026-05-07,b_elastic_rw,rev_leg=guide_cushion;scenario=backtest;,1.0
driver-lines,margin_v2,adj_ebitda_margin_pct,2026Q2,2026-05-07,0,35.017339791386924,35.017339791386924,W2,full_sample,10,25,30.609282016331747,31.58289842221598,33.209768747477504,36.82491083529634,38.45178116055787,39.4253975664421,2.679908839806587,,,,,,,,2026-05-07,b_elastic_rw,rev_leg=guide_cushion;scenario=backtest;,1.0
driver-lines,margin_v2,adj_ebitda_musd,2026Q2,2026-05-07,0,1274.6136772790596,1274.6136772790596,W1,full_sample,10,25,1032.8505816246084,1086.2492729027838,1175.4761447213293,1373.75120983679,1462.9780816553355,1516.376772933511,146.98152570726225,,,,,,,,2026-05-07,b_elastic_rw,rev_leg=guide_cushion;scenario=backtest;,1.0
driver-lines,margin_v2,adj_ebitda_musd,2026Q2,2026-05-07,0,1274.6136772790596,1274.6136772790596,W2,full_sample,10,25,1032.8505816246084,1086.2492729027838,1175.4761447213293,1373.75120983679,1462.9780816553355,1516.376772933511,146.98152570726225,,,,,,,,2026-05-07,b_elastic_rw,rev_leg=guide_cushion;scenario=backtest;,1.0
driver-lines,margin_v2,total_cash_costs_musd,2026Q2,2026-05-07,0,2365.336372817468,2365.336372817468,W1,full_sample,10,25,2211.0754647571293,2245.147375457588,2302.0800443285452,2428.592701306391,2485.525370177348,2519.597280877807,93.78397295219634,,,,,,,,2026-05-07,b_elastic_rw,rev_leg=guide_cushion;scenario=backtest;,1.0
driver-lines,margin_v2,total_cash_costs_musd,2026Q2,2026-05-07,0,2365.336372817468,2365.336372817468,W2,full_sample,10,25,2211.0754647571293,2245.147375457588,2302.0800443285452,2428.592701306391,2485.525370177348,2519.597280877807,93.78397295219634,,,,,,,,2026-05-07,b_elastic_rw,rev_leg=guide_cushion;scenario=backtest;,1.0
driver-lines,margin_v2,adj_ebitda_margin_pct,2026Q3,2026-08-06,0,51.57482662800032,51.57482662800032,LIVE,PIT,10,26,46.958896077615144,47.97842575295407,49.68201513837127,53.46763811762936,55.171227503046566,56.19075717838549,2.806286513736919,,,,,,,,2026-08-06,b_elastic_rw,rev_leg=ws06_base;scenario=base;,1.0
driver-lines,margin_v2,adj_ebitda_musd,2026Q3,2026-08-06,0,2477.672980272588,2477.672980272588,LIVE,PIT,10,26,2081.4374824786914,2168.954797571281,2315.192393826029,2640.1535667191474,2786.3911629738955,2873.908478066485,240.89407792976036,,,,,,,,2026-08-06,b_elastic_rw,rev_leg=ws06_base;scenario=base;,1.0
driver-lines,margin_v2,total_cash_costs_musd,2026Q3,2026-08-06,0,2326.362519727412,2326.362519727412,LIVE,PIT,10,26,2159.967763504525,2196.7197011557237,2258.1305775534934,2394.5944619013303,2456.0053382991,2492.7572759502987,101.16082883999748,,,,,,,,2026-08-06,b_elastic_rw,rev_leg=ws06_base;scenario=base;,1.0
driver-lines,margin_v2,adj_ebitda_margin_pct,2026Q4,2026-08-06,1,28.46956280395566,28.46956280395566,LIVE,PIT,10,26,22.699580367251713,23.974007756527143,26.103520045743082,30.83560556216824,32.96511785138418,34.23954524065961,3.5079002424050816,,,,,,,,2026-08-06,b_elastic_rw,rev_leg=ws06_base;scenario=base;,1.0
driver-lines,margin_v2,adj_ebitda_musd,2026Q4,2026-08-06,1,904.7933960984136,904.7933960984136,LIVE,PIT,10,26,689.0984731662661,736.7394357736686,816.345395435459,993.2413967613684,1072.8473564231585,1120.4883190305611,131.1332020052816,,,,,,,,2026-08-06,b_elastic_rw,rev_leg=ws06_base;scenario=base;,1.0
driver-lines,margin_v2,total_cash_costs_musd,2026Q4,2026-08-06,1,2273.3144039015865,2273.3144039015865,LIVE,PIT,10,26,2080.760822143294,2123.290511130707,2194.3557566812747,2352.2730511218983,2423.338296672466,2465.867985659879,117.06426553903542,,,,,,,,2026-08-06,b_elastic_rw,rev_leg=ws06_base;scenario=base;,1.0
driver-lines,margin_v2,adj_ebitda_margin_pct,2027Q1,2026-08-06,2,19.458175025238372,19.458175025238372,LIVE,PIT,10,26,13.759383728746435,15.018086990616766,17.121324952375414,21.79502509810133,23.89826305985998,25.15696632173031,3.4646191023416013,,,,,,,,2026-08-06,b_elastic_rw,rev_leg=ws06_base;scenario=base;,1.0
driver-lines,margin_v2,adj_ebitda_musd,2027Q1,2026-08-06,2,594.0832429408351,594.0832429408351,LIVE,PIT,10,26,445.0384641586886,477.9582781082386,532.965843823007,655.2006420586632,710.2082077734316,743.1280217229817,90.6127915213843,,,,,,,,2026-08-06,b_elastic_rw,rev_leg=ws06_base;scenario=base;,1.0
driver-lines,margin_v2,total_cash_costs_musd,2027Q1,2026-08-06,2,2459.046057059165,2459.046057059165,LIVE,PIT,10,26,2252.012974087321,2297.740779036442,2374.149936135134,2543.942177983196,2620.351335081888,2666.079140031009,125.8671772244887,,,,,,,,2026-08-06,b_elastic_rw,rev_leg=ws06_base;scenario=base;,1.0
driver-lines,margin_v2,adj_ebitda_margin_pct,2027Q2,2026-08-06,3,34.38288325513195,34.38288325513195,LIVE,PIT,10,26,28.684091958640014,29.942795220510344,32.04603318226899,36.71973332799491,38.82297128975356,40.08167455162389,3.4646191023416013,,,,,,,,2026-08-06,b_elastic_rw,rev_leg=ws06_base;scenario=base;,1.0
driver-lines,margin_v2,adj_ebitda_musd,2027Q2,2026-08-06,3,1385.2797304527978,1385.2797304527978,LIVE,PIT,10,26,1037.7380123012035,1114.5002363438207,1242.7665470194238,1527.7929138861718,1656.059224561775,1732.8214486043921,211.2903619246163,,,,,,,,2026-08-06,b_elastic_rw,rev_leg=ws06_base;scenario=base;,1.0
driver-lines,margin_v2,total_cash_costs_musd,2027Q2,2026-08-06,3,2643.7009695472025,2643.7009695472025,LIVE,PIT,10,26,2421.121339283758,2470.282940764225,2552.4298213093075,2734.9721177850975,2817.11899833018,2866.280599810647,135.31880686305675,,,,,,,,2026-08-06,b_elastic_rw,rev_leg=ws06_base;scenario=base;,1.0
driver-lines,margin_v2,adj_ebitda_margin_pct,2027Q3,2026-08-06,4,50.577907856888345,50.577907856888345,LIVE,PIT,10,26,44.87911656039641,46.137819822266735,48.24105778402539,52.9147579297513,55.017995891509955,56.27669915338028,3.4646191023416013,,,,,,,,2026-08-06,b_elastic_rw,rev_leg=ws06_base;scenario=base;,1.0
driver-lines,margin_v2,adj_ebitda_musd,2027Q3,2026-08-06,4,2670.8840180187563,2670.8840180187563,LIVE,PIT,10,26,2000.807353934122,2148.8085069691024,2396.111944464516,2945.6560915729965,3192.9595290684097,3340.960682103391,407.3776858349011,,,,,,,,2026-08-06,b_elastic_rw,rev_leg=ws06_base;scenario=base;,1.0
driver-lines,margin_v2,total_cash_costs_musd,2027Q3,2026-08-06,4,2609.848481981244,2609.848481981244,LIVE,PIT,10,26,2390.1189751821103,2438.651064277474,2519.7460572285104,2699.9509067339773,2781.045899685014,2829.5779887803774,133.58605483113666,,,,,,,,2026-08-06,b_elastic_rw,rev_leg=ws06_base;scenario=base;,1.0
driver-lines,margin_v2,adj_ebitda_margin_pct,2027Q4,2026-08-06,5,26.330000569222832,26.330000569222832,LIVE,PIT,10,26,20.631209272730896,21.889912534601226,23.993150496359874,28.66685064208579,30.77008860384444,32.028791865714766,3.4646191023416013,,,,,,,,2026-08-06,b_elastic_rw,rev_leg=ws06_base;scenario=base;,1.0
driver-lines,margin_v2,adj_ebitda_musd,2027Q4,2026-08-06,5,912.5357072579205,912.5357072579205,LIVE,PIT,10,26,683.5969444916199,734.1631000972637,818.6569290017458,1006.4144855140953,1090.9083144185772,1141.474470024221,139.18488491320025,,,,,,,,2026-08-06,b_elastic_rw,rev_leg=ws06_base;scenario=base;,1.0
driver-lines,margin_v2,total_cash_costs_musd,2027Q4,2026-08-06,5,2553.2283927420794,2553.2283927420794,LIVE,PIT,10,26,2338.265869302072,2385.7450653906135,2465.0807202921665,2641.3760651919924,2720.7117200935454,2768.1909161820868,130.68793473034637,,,,,,,,2026-08-06,b_elastic_rw,rev_leg=ws06_base;scenario=base;,1.0
driver-lines,margin_v2,adj_ebitda_margin_pct,2028Q1,2026-08-06,6,16.439219522211197,16.439219522211197,LIVE,PIT,10,26,10.74042822571926,11.99913148758959,14.102369449348238,18.776069595074155,20.879307556832803,22.138010818703133,3.4646191023416013,,,,,,,,2026-08-06,b_elastic_rw,rev_leg=ws06_base;scenario=base;,1.0
driver-lines,margin_v2,adj_ebitda_musd,2028Q1,2026-08-06,6,544.1297164263561,544.1297164263561,LIVE,PIT,10,26,407.6173771587173,437.76912650028385,488.15137762306455,600.1080552296477,650.4903063524283,680.642055693995,82.99360929801831,,,,,,,,2026-08-06,b_elastic_rw,rev_leg=ws06_base;scenario=base;,1.0
driver-lines,margin_v2,total_cash_costs_musd,2028Q1,2026-08-06,6,2765.818883573644,2765.818883573644,LIVE,PIT,10,26,2532.9578483912446,2584.390324033407,2670.331735734433,2861.306031412855,2947.247443113881,2998.6799187560437,141.56945722518665,,,,,,,,2026-08-06,b_elastic_rw,rev_leg=ws06_base;scenario=base;,1.0
driver-lines,margin_v2,adj_ebitda_margin_pct,2028Q2,2026-08-06,7,31.687441257863053,31.687441257863053,LIVE,PIT,10,26,25.988649961371117,27.247353223241447,29.350591185000095,34.024291330726015,36.12752929248466,37.38623255435499,3.4646191023416013,,,,,,,,2026-08-06,b_elastic_rw,rev_leg=ws06_base;scenario=base;,1.0
driver-lines,margin_v2,adj_ebitda_musd,2028Q2,2026-08-06,7,1382.1258283169564,1382.1258283169564,LIVE,PIT,10,26,1035.3753673700091,1111.9628248748377,1239.9371083285712,1524.3145483053415,1652.288831759075,1728.8762892639036,210.8093117012517,,,,,,,,2026-08-06,b_elastic_rw,rev_leg=ws06_base;scenario=base;,1.0
driver-lines,margin_v2,total_cash_costs_musd,2028Q2,2026-08-06,7,2979.6205716830436,2979.6205716830436,LIVE,PIT,10,26,2728.7590511063972,2784.167329423582,2876.7521330724003,3082.489010293687,3175.0738139425052,3230.48209225969,152.512975298347,,,,,,,,2026-08-06,b_elastic_rw,rev_leg=ws06_base;scenario=base;,1.0
driver-lines,margin_v2,adj_ebitda_margin_pct,2028Q3,2026-08-06,8,48.80693952877617,48.80693952877617,LIVE,PIT,10,26,43.108148232284236,44.36685149415456,46.47008945591321,51.14378960163913,53.24702756339778,54.5057308252681,3.4646191023416013,,,,,,,,2026-08-06,b_elastic_rw,rev_leg=ws06_base;scenario=base;,1.0
driver-lines,margin_v2,adj_ebitda_musd,2028Q3,2026-08-06,8,2790.323627652855,2790.323627652855,LIVE,PIT,10,26,2090.2817181126893,2244.901353951355,2503.2639860191834,3077.3832692865267,3335.745901354355,3490.365537193021,425.5952615295045,,,,,,,,2026-08-06,b_elastic_rw,rev_leg=ws06_base;scenario=base;,1.0
driver-lines,margin_v2,total_cash_costs_musd,2028Q3,2026-08-06,8,2926.7396723471447,2926.7396723471447,LIVE,PIT,10,26,2680.3303236151073,2734.7552419649483,2825.6968942245207,3027.7824504697687,3118.724102729341,3173.149021079182,149.80624700857192,,,,,,,,2026-08-06,b_elastic_rw,rev_leg=ws06_base;scenario=base;,1.0
driver-lines,margin_v2,adj_ebitda_margin_pct,2028Q4,2026-08-06,9,23.31484289477952,23.31484289477952,LIVE,PIT,10,26,17.616051598287584,18.874754860157914,20.977992821916562,25.65169296764248,27.754930929401127,29.013634191271457,3.4646191023416013,,,,,,,,2026-08-06,b_elastic_rw,rev_leg=ws06_base;scenario=base;,1.0
driver-lines,margin_v2,adj_ebitda_musd,2028Q4,2026-08-06,9,873.999482128779,873.999482128779,LIVE,PIT,10,26,654.7287637278434,703.1595193257552,784.0851884455966,963.9137758119615,1044.8394449318027,1093.2702005297147,133.30713129005053,,,,,,,,2026-08-06,b_elastic_rw,rev_leg=ws06_base;scenario=base;,1.0
driver-lines,margin_v2,total_cash_costs_musd,2028Q4,2026-08-06,9,2874.6832178712207,2874.6832178712207,LIVE,PIT,10,26,2632.6566289609423,2686.1135185136877,2775.437637097291,2973.9287986451504,3063.2529172287536,3116.709806781499,147.14171823230507,,,,,,,,2026-08-06,b_elastic_rw,rev_leg=ws06_base;scenario=base;,1.0
driver-lines,margin_v2,adj_ebitda_margin_pct,2026Q3,2026-08-06,0,51.57482662800032,51.57482662800032,LIVE,full_sample,10,26,47.16676885294514,48.14038525882937,49.7672555840909,53.382397671909736,55.009267997171264,55.98288440305549,2.679908839806587,,,,,,,,2026-08-06,b_elastic_rw,rev_leg=ws06_base;scenario=base;,1.0
driver-lines,margin_v2,adj_ebitda_musd,2026Q3,2026-08-06,0,2477.672980272588,2477.672980272588,LIVE,full_sample,10,26,2007.7189068086911,2111.5185889557442,2284.963306645412,2670.382653899764,2843.827371589432,2947.6270537364853,285.7117896471417,,,,,,,,2026-08-06,b_elastic_rw,rev_leg=ws06_base;scenario=base;,1.0
driver-lines,margin_v2,total_cash_costs_musd,2026Q3,2026-08-06,0,2326.362519727412,2326.362519727412,LIVE,full_sample,10,26,2174.643382062766,2208.153886927929,2264.1484712633833,2388.5765681914404,2444.571152526895,2478.081657392058,92.23868627498395,,,,,,,,2026-08-06,b_elastic_rw,rev_leg=ws06_base;scenario=base;,1.0
driver-lines,margin_v2,adj_ebitda_margin_pct,2026Q4,2026-08-06,1,28.46956280395566,28.46956280395566,LIVE,full_sample,10,26,22.10265682039538,23.50892788957146,25.858745187112355,31.080380420798967,33.43019771833986,34.83646878751594,3.8708039908453946,,,,,,,,2026-08-06,b_elastic_rw,rev_leg=ws06_base;scenario=base;,1.0
driver-lines,margin_v2,adj_ebitda_musd,2026Q4,2026-08-06,1,904.7933960984136,904.7933960984136,LIVE,full_sample,10,26,573.7274755884627,646.8506577440365,769.0362889830212,1040.550503213806,1162.7361344527908,1235.8593166083645,201.27378818718336,,,,,,,,2026-08-06,b_elastic_rw,rev_leg=ws06_base;scenario=base;,1.0
driver-lines,margin_v2,total_cash_costs_musd,2026Q4,2026-08-06,1,2273.3144039015865,2273.3144039015865,LIVE,full_sample,10,26,2122.7968721101347,2156.0419759185856,2211.59308672499,2335.035721078183,2390.5868318845874,2423.8319356930383,91.50816177511007,,,,,,,,2026-08-06,b_elastic_rw,rev_leg=ws06_base;scenario=base;,1.0
driver-lines,margin_v2,adj_ebitda_margin_pct,2027Q1,2026-08-06,2,19.458175025238372,19.458175025238372,LIVE,full_sample,10,26,11.356741324267812,13.14612094789346,16.13609584222608,22.780254208250664,25.770229102583286,27.559608726208932,4.925321966785301,,,,,,,,2026-08-06,b_elastic_rw,rev_leg=ws06_base;scenario=base;,1.0
driver-lines,margin_v2,adj_ebitda_musd,2027Q1,2026-08-06,2,594.0832429408351,594.0832429408351,LIVE,full_sample,10,26,195.87396935193394,283.8272361932569,430.79328870549375,757.3731971761765,904.3392496884134,992.2925165297363,242.09404840899532,,,,,,,,2026-08-06,b_elastic_rw,rev_leg=ws06_base;scenario=base;,1.0
driver-lines,margin_v2,total_cash_costs_musd,2027Q1,2026-08-06,2,2459.046057059165,2459.046057059165,LIVE,full_sample,10,26,2280.6621528091464,2320.0621572070754,2385.8978370320788,2532.194277086251,2598.029956911254,2637.429961309184,108.44971329189367,,,,,,,,2026-08-06,b_elastic_rw,rev_leg=ws06_base;scenario=base;,1.0
driver-lines,margin_v2,adj_ebitda_margin_pct,2027Q2,2026-08-06,3,34.38288325513195,34.38288325513195,LIVE,full_sample,10,26,26.28144955416139,28.07082917778704,31.06080407211966,37.70496243814424,40.69493733247686,42.48431695610251,4.925321966785301,,,,,,,,2026-08-06,b_elastic_rw,rev_leg=ws06_base;scenario=base;,1.0
driver-lines,margin_v2,adj_ebitda_musd,2027Q2,2026-08-06,3,1385.2797304527978,1385.2797304527978,LIVE,full_sample,10,26,456.7377428849469,661.8266411667066,1004.5211979127529,1766.0382629928429,2108.732819738889,2313.8217180206484,564.513445058808,,,,,,,,2026-08-06,b_elastic_rw,rev_leg=ws06_base;scenario=base;,1.0
driver-lines,margin_v2,total_cash_costs_musd,2027Q2,2026-08-06,3,2643.7009695472025,2643.7009695472025,LIVE,full_sample,10,26,2451.9218447668477,2494.2804779156463,2565.059896659967,2722.342042434438,2793.1214611787586,2835.4800943275577,116.59342912827647,,,,,,,,2026-08-06,b_elastic_rw,rev_leg=ws06_base;scenario=base;,1.0
driver-lines,margin_v2,adj_ebitda_margin_pct,2027Q3,2026-08-06,4,50.577907856888345,50.577907856888345,LIVE,full_sample,10,26,42.476474155917785,44.265853779543434,47.25582867387605,53.89998703990064,56.889961934233256,58.679341557858905,4.925321966785301,,,,,,,,2026-08-06,b_elastic_rw,rev_leg=ws06_base;scenario=base;,1.0
driver-lines,margin_v2,adj_ebitda_musd,2027Q3,2026-08-06,4,2670.8840180187563,2670.8840180187563,LIVE,full_sample,10,26,880.6116996302441,1276.0326739303448,1936.7637844446517,3405.0042515928612,4065.7353621071675,4461.156336407268,1088.408286946818,,,,,,,,2026-08-06,b_elastic_rw,rev_leg=ws06_base;scenario=base;,1.0
driver-lines,margin_v2,total_cash_costs_musd,2027Q3,2026-08-06,4,2609.848481981244,2609.848481981244,LIVE,full_sample,10,26,2420.5250813965604,2462.341313903797,2532.2144049580465,2687.482559004441,2757.35565005869,2799.1718825659273,115.10045482622692,,,,,,,,2026-08-06,b_elastic_rw,rev_leg=ws06_base;scenario=base;,1.0
driver-lines,margin_v2,adj_ebitda_margin_pct,2027Q4,2026-08-06,5,26.330000569222832,26.330000569222832,LIVE,full_sample,10,26,18.228566868252273,20.01794649187792,23.00792138621054,29.652079752235124,32.64205464656774,34.43143427019339,4.925321966785301,,,,,,,,2026-08-06,b_elastic_rw,rev_leg=ws06_base;scenario=base;,1.0
driver-lines,margin_v2,adj_ebitda_musd,2027Q4,2026-08-06,5,912.5357072579205,912.5357072579205,LIVE,full_sample,10,26,300.8702791736279,435.9700274267266,661.7157832037751,1163.3556313120662,1389.1013870891145,1524.201135342213,371.86617584808266,,,,,,,,2026-08-06,b_elastic_rw,rev_leg=ws06_base;scenario=base;,1.0
driver-lines,margin_v2,total_cash_costs_musd,2027Q4,2026-08-06,5,2553.2283927420794,2553.2283927420794,LIVE,full_sample,10,26,2368.012321724678,2408.9213602577997,2477.2785699579317,2629.178215526227,2697.5354252263587,2738.4444637594816,112.6033757548848,,,,,,,,2026-08-06,b_elastic_rw,rev_leg=ws06_base;scenario=base;,1.0
driver-lines,margin_v2,adj_ebitda_margin_pct,2028Q1,2026-08-06,6,16.439219522211197,16.439219522211197,LIVE,full_sample,10,26,8.337785821240637,10.127165444866284,13.117140339198905,19.76129870522349,22.751273599556107,24.540653223181756,4.925321966785301,,,,,,,,2026-08-06,b_elastic_rw,rev_leg=ws06_base;scenario=base;,1.0
driver-lines,margin_v2,adj_ebitda_musd,2028Q1,2026-08-06,6,544.1297164263561,544.1297164263561,LIVE,full_sample,10,26,179.403894429298,259.96160534575773,394.57000817146826,693.6894246812441,828.2978275069546,908.8555384234143,221.73755525774732,,,,,,,,2026-08-06,b_elastic_rw,rev_leg=ws06_base;scenario=base;,1.0
driver-lines,margin_v2,total_cash_costs_musd,2028Q1,2026-08-06,6,2765.818883573644,2765.818883573644,LIVE,full_sample,10,26,2565.18109174215,2609.4963561365876,2683.545219902347,2848.092547244941,2922.1414110107007,2966.456675405139,121.97911628364848,,,,,,,,2026-08-06,b_elastic_rw,rev_leg=ws06_base;scenario=base;,1.0
driver-lines,margin_v2,adj_ebitda_margin_pct,2028Q2,2026-08-06,7,31.687441257863053,31.687441257863053,LIVE,full_sample,10,26,23.586007556892493,25.37538718051814,28.36536207485076,35.00952044087534,37.99949533520797,39.78887495883362,4.925321966785301,,,,,,,,2026-08-06,b_elastic_rw,rev_leg=ws06_base;scenario=base;,1.0
driver-lines,margin_v2,adj_ebitda_musd,2028Q2,2026-08-06,7,1382.1258283169564,1382.1258283169564,LIVE,full_sample,10,26,455.6978762709069,660.3198433617246,1002.2341785606691,1762.0174780732439,2103.9318132721883,2308.553780363006,563.2282027204246,,,,,,,,2026-08-06,b_elastic_rw,rev_leg=ws06_base;scenario=base;,1.0
driver-lines,margin_v2,total_cash_costs_musd,2028Q2,2026-08-06,7,2979.6205716830436,2979.6205716830436,LIVE,full_sample,10,26,2763.4731964703374,2811.214093104404,2890.987038143066,3068.2541052230213,3148.0270502616827,3195.7679468957504,131.40827346036147,,,,,,,,2026-08-06,b_elastic_rw,rev_leg=ws06_base;scenario=base;,1.0
driver-lines,margin_v2,adj_ebitda_margin_pct,2028Q3,2026-08-06,8,48.80693952877617,48.80693952877617,LIVE,full_sample,10,26,40.70550582780561,42.49488545143126,45.48486034576388,52.12901871178846,55.11899360612108,56.90837322974673,4.925321966785301,,,,,,,,2026-08-06,b_elastic_rw,rev_leg=ws06_base;scenario=base;,1.0
driver-lines,margin_v2,adj_ebitda_musd,2028Q3,2026-08-06,8,2790.323627652855,2790.323627652855,LIVE,full_sample,10,26,919.9918887112653,1333.0957449683945,2023.3741759131383,3557.273079392572,4247.551510337315,4660.655366594445,1137.080958630959,,,,,,,,2026-08-06,b_elastic_rw,rev_leg=ws06_base;scenario=base;,1.0
driver-lines,margin_v2,total_cash_costs_musd,2028Q3,2026-08-06,8,2926.7396723471447,2926.7396723471447,LIVE,full_sample,10,26,2714.4283787144113,2761.3219924517552,2839.679164919772,3013.8001797745173,3092.1573522425338,3139.0509659798786,129.07610145604602,,,,,,,,2026-08-06,b_elastic_rw,rev_leg=ws06_base;scenario=base;,1.0
driver-lines,margin_v2,adj_ebitda_margin_pct,2028Q4,2026-08-06,9,23.31484289477952,23.31484289477952,LIVE,full_sample,10,26,15.21340919380896,17.002788817434606,19.99276371176723,26.636922077791812,29.626896972124435,31.41627659575008,4.925321966785301,,,,,,,,2026-08-06,b_elastic_rw,rev_leg=ws06_base;scenario=base;,1.0
driver-lines,margin_v2,adj_ebitda_musd,2028Q4,2026-08-06,9,873.999482128779,873.999482128779,LIVE,full_sample,10,26,288.1645793082028,417.5590885529387,633.7716400976692,1114.227324159889,1330.4398757046195,1459.8343849493551,356.1623315421367,,,,,,,,2026-08-06,b_elastic_rw,rev_leg=ws06_base;scenario=base;,1.0
driver-lines,margin_v2,total_cash_costs_musd,2028Q4,2026-08-06,9,2874.6832178712207,2874.6832178712207,LIVE,full_sample,10,26,2666.148199011451,2712.207739499372,2789.1712121381956,2960.1952236042457,3037.1586962430692,3083.2182367309906,126.7802894086466,,,,,,,,2026-08-06,b_elastic_rw,rev_leg=ws06_base;scenario=base;,1.0
driver-lines,margin_v2,adj_ebitda_margin_pct,2026Q3,2026-09-11,0,51.57482662800032,51.57482662800032,LIVE,PIT,10,26,46.958896077615144,47.97842575295407,49.68201513837127,53.46763811762936,55.171227503046566,56.19075717838549,2.806286513736919,,,,,,,,2026-08-06,b_elastic_rw,rev_leg=ws06_base;scenario=base;,1.0
driver-lines,margin_v2,adj_ebitda_musd,2026Q3,2026-09-11,0,2477.672980272588,2477.672980272588,LIVE,PIT,10,26,2081.4374824786914,2168.954797571281,2315.192393826029,2640.1535667191474,2786.3911629738955,2873.908478066485,240.89407792976036,,,,,,,,2026-08-06,b_elastic_rw,rev_leg=ws06_base;scenario=base;,1.0
driver-lines,margin_v2,total_cash_costs_musd,2026Q3,2026-09-11,0,2326.362519727412,2326.362519727412,LIVE,PIT,10,26,2159.967763504525,2196.7197011557237,2258.1305775534934,2394.5944619013303,2456.0053382991,2492.7572759502987,101.16082883999748,,,,,,,,2026-08-06,b_elastic_rw,rev_leg=ws06_base;scenario=base;,1.0
driver-lines,margin_v2,adj_ebitda_margin_pct,2026Q4,2026-09-11,1,28.46956280395566,28.46956280395566,LIVE,PIT,10,26,22.699580367251713,23.974007756527143,26.103520045743082,30.83560556216824,32.96511785138418,34.23954524065961,3.5079002424050816,,,,,,,,2026-08-06,b_elastic_rw,rev_leg=ws06_base;scenario=base;,1.0
driver-lines,margin_v2,adj_ebitda_musd,2026Q4,2026-09-11,1,904.7933960984136,904.7933960984136,LIVE,PIT,10,26,689.0984731662661,736.7394357736686,816.345395435459,993.2413967613684,1072.8473564231585,1120.4883190305611,131.1332020052816,,,,,,,,2026-08-06,b_elastic_rw,rev_leg=ws06_base;scenario=base;,1.0
driver-lines,margin_v2,total_cash_costs_musd,2026Q4,2026-09-11,1,2273.3144039015865,2273.3144039015865,LIVE,PIT,10,26,2080.760822143294,2123.290511130707,2194.3557566812747,2352.2730511218983,2423.338296672466,2465.867985659879,117.06426553903542,,,,,,,,2026-08-06,b_elastic_rw,rev_leg=ws06_base;scenario=base;,1.0
driver-lines,margin_v2,adj_ebitda_margin_pct,2027Q1,2026-09-11,2,19.458175025238372,19.458175025238372,LIVE,PIT,10,26,13.759383728746435,15.018086990616766,17.121324952375414,21.79502509810133,23.89826305985998,25.15696632173031,3.4646191023416013,,,,,,,,2026-08-06,b_elastic_rw,rev_leg=ws06_base;scenario=base;,1.0
driver-lines,margin_v2,adj_ebitda_musd,2027Q1,2026-09-11,2,594.0832429408351,594.0832429408351,LIVE,PIT,10,26,445.0384641586886,477.9582781082386,532.965843823007,655.2006420586632,710.2082077734316,743.1280217229817,90.6127915213843,,,,,,,,2026-08-06,b_elastic_rw,rev_leg=ws06_base;scenario=base;,1.0
driver-lines,margin_v2,total_cash_costs_musd,2027Q1,2026-09-11,2,2459.046057059165,2459.046057059165,LIVE,PIT,10,26,2252.012974087321,2297.740779036442,2374.149936135134,2543.942177983196,2620.351335081888,2666.079140031009,125.8671772244887,,,,,,,,2026-08-06,b_elastic_rw,rev_leg=ws06_base;scenario=base;,1.0
driver-lines,margin_v2,adj_ebitda_margin_pct,2027Q2,2026-09-11,3,34.38288325513195,34.38288325513195,LIVE,PIT,10,26,28.684091958640014,29.942795220510344,32.04603318226899,36.71973332799491,38.82297128975356,40.08167455162389,3.4646191023416013,,,,,,,,2026-08-06,b_elastic_rw,rev_leg=ws06_base;scenario=base;,1.0
driver-lines,margin_v2,adj_ebitda_musd,2027Q2,2026-09-11,3,1385.2797304527978,1385.2797304527978,LIVE,PIT,10,26,1037.7380123012035,1114.5002363438207,1242.7665470194238,1527.7929138861718,1656.059224561775,1732.8214486043921,211.2903619246163,,,,,,,,2026-08-06,b_elastic_rw,rev_leg=ws06_base;scenario=base;,1.0
driver-lines,margin_v2,total_cash_costs_musd,2027Q2,2026-09-11,3,2643.7009695472025,2643.7009695472025,LIVE,PIT,10,26,2421.121339283758,2470.282940764225,2552.4298213093075,2734.9721177850975,2817.11899833018,2866.280599810647,135.31880686305675,,,,,,,,2026-08-06,b_elastic_rw,rev_leg=ws06_base;scenario=base;,1.0
driver-lines,margin_v2,adj_ebitda_margin_pct,2027Q3,2026-09-11,4,50.577907856888345,50.577907856888345,LIVE,PIT,10,26,44.87911656039641,46.137819822266735,48.24105778402539,52.9147579297513,55.017995891509955,56.27669915338028,3.4646191023416013,,,,,,,,2026-08-06,b_elastic_rw,rev_leg=ws06_base;scenario=base;,1.0
driver-lines,margin_v2,adj_ebitda_musd,2027Q3,2026-09-11,4,2670.8840180187563,2670.8840180187563,LIVE,PIT,10,26,2000.807353934122,2148.8085069691024,2396.111944464516,2945.6560915729965,3192.9595290684097,3340.960682103391,407.3776858349011,,,,,,,,2026-08-06,b_elastic_rw,rev_leg=ws06_base;scenario=base;,1.0
driver-lines,margin_v2,total_cash_costs_musd,2027Q3,2026-09-11,4,2609.848481981244,2609.848481981244,LIVE,PIT,10,26,2390.1189751821103,2438.651064277474,2519.7460572285104,2699.9509067339773,2781.045899685014,2829.5779887803774,133.58605483113666,,,,,,,,2026-08-06,b_elastic_rw,rev_leg=ws06_base;scenario=base;,1.0
driver-lines,margin_v2,adj_ebitda_margin_pct,2027Q4,2026-09-11,5,26.330000569222832,26.330000569222832,LIVE,PIT,10,26,20.631209272730896,21.889912534601226,23.993150496359874,28.66685064208579,30.77008860384444,32.028791865714766,3.4646191023416013,,,,,,,,2026-08-06,b_elastic_rw,rev_leg=ws06_base;scenario=base;,1.0
driver-lines,margin_v2,adj_ebitda_musd,2027Q4,2026-09-11,5,912.5357072579205,912.5357072579205,LIVE,PIT,10,26,683.5969444916199,734.1631000972637,818.6569290017458,1006.4144855140953,1090.9083144185772,1141.474470024221,139.18488491320025,,,,,,,,2026-08-06,b_elastic_rw,rev_leg=ws06_base;scenario=base;,1.0
driver-lines,margin_v2,total_cash_costs_musd,2027Q4,2026-09-11,5,2553.2283927420794,2553.2283927420794,LIVE,PIT,10,26,2338.265869302072,2385.7450653906135,2465.0807202921665,2641.3760651919924,2720.7117200935454,2768.1909161820868,130.68793473034637,,,,,,,,2026-08-06,b_elastic_rw,rev_leg=ws06_base;scenario=base;,1.0
driver-lines,margin_v2,adj_ebitda_margin_pct,2028Q1,2026-09-11,6,16.439219522211197,16.439219522211197,LIVE,PIT,10,26,10.74042822571926,11.99913148758959,14.102369449348238,18.776069595074155,20.879307556832803,22.138010818703133,3.4646191023416013,,,,,,,,2026-08-06,b_elastic_rw,rev_leg=ws06_base;scenario=base;,1.0
driver-lines,margin_v2,adj_ebitda_musd,2028Q1,2026-09-11,6,544.1297164263561,544.1297164263561,LIVE,PIT,10,26,407.6173771587173,437.76912650028385,488.15137762306455,600.1080552296477,650.4903063524283,680.642055693995,82.99360929801831,,,,,,,,2026-08-06,b_elastic_rw,rev_leg=ws06_base;scenario=base;,1.0
driver-lines,margin_v2,total_cash_costs_musd,2028Q1,2026-09-11,6,2765.818883573644,2765.818883573644,LIVE,PIT,10,26,2532.9578483912446,2584.390324033407,2670.331735734433,2861.306031412855,2947.247443113881,2998.6799187560437,141.56945722518665,,,,,,,,2026-08-06,b_elastic_rw,rev_leg=ws06_base;scenario=base;,1.0
driver-lines,margin_v2,adj_ebitda_margin_pct,2028Q2,2026-09-11,7,31.687441257863053,31.687441257863053,LIVE,PIT,10,26,25.988649961371117,27.247353223241447,29.350591185000095,34.024291330726015,36.12752929248466,37.38623255435499,3.4646191023416013,,,,,,,,2026-08-06,b_elastic_rw,rev_leg=ws06_base;scenario=base;,1.0
driver-lines,margin_v2,adj_ebitda_musd,2028Q2,2026-09-11,7,1382.1258283169564,1382.1258283169564,LIVE,PIT,10,26,1035.3753673700091,1111.9628248748377,1239.9371083285712,1524.3145483053415,1652.288831759075,1728.8762892639036,210.8093117012517,,,,,,,,2026-08-06,b_elastic_rw,rev_leg=ws06_base;scenario=base;,1.0
driver-lines,margin_v2,total_cash_costs_musd,2028Q2,2026-09-11,7,2979.6205716830436,2979.6205716830436,LIVE,PIT,10,26,2728.7590511063972,2784.167329423582,2876.7521330724003,3082.489010293687,3175.0738139425052,3230.48209225969,152.512975298347,,,,,,,,2026-08-06,b_elastic_rw,rev_leg=ws06_base;scenario=base;,1.0
driver-lines,margin_v2,adj_ebitda_margin_pct,2028Q3,2026-09-11,8,48.80693952877617,48.80693952877617,LIVE,PIT,10,26,43.108148232284236,44.36685149415456,46.47008945591321,51.14378960163913,53.24702756339778,54.5057308252681,3.4646191023416013,,,,,,,,2026-08-06,b_elastic_rw,rev_leg=ws06_base;scenario=base;,1.0
driver-lines,margin_v2,adj_ebitda_musd,2028Q3,2026-09-11,8,2790.323627652855,2790.323627652855,LIVE,PIT,10,26,2090.2817181126893,2244.901353951355,2503.2639860191834,3077.3832692865267,3335.745901354355,3490.365537193021,425.5952615295045,,,,,,,,2026-08-06,b_elastic_rw,rev_leg=ws06_base;scenario=base;,1.0
driver-lines,margin_v2,total_cash_costs_musd,2028Q3,2026-09-11,8,2926.7396723471447,2926.7396723471447,LIVE,PIT,10,26,2680.3303236151073,2734.7552419649483,2825.6968942245207,3027.7824504697687,3118.724102729341,3173.149021079182,149.80624700857192,,,,,,,,2026-08-06,b_elastic_rw,rev_leg=ws06_base;scenario=base;,1.0
driver-lines,margin_v2,adj_ebitda_margin_pct,2028Q4,2026-09-11,9,23.31484289477952,23.31484289477952,LIVE,PIT,10,26,17.616051598287584,18.874754860157914,20.977992821916562,25.65169296764248,27.754930929401127,29.013634191271457,3.4646191023416013,,,,,,,,2026-08-06,b_elastic_rw,rev_leg=ws06_base;scenario=base;,1.0
driver-lines,margin_v2,adj_ebitda_musd,2028Q4,2026-09-11,9,873.999482128779,873.999482128779,LIVE,PIT,10,26,654.7287637278434,703.1595193257552,784.0851884455966,963.9137758119615,1044.8394449318027,1093.2702005297147,133.30713129005053,,,,,,,,2026-08-06,b_elastic_rw,rev_leg=ws06_base;scenario=base;,1.0
driver-lines,margin_v2,total_cash_costs_musd,2028Q4,2026-09-11,9,2874.6832178712207,2874.6832178712207,LIVE,PIT,10,26,2632.6566289609423,2686.1135185136877,2775.437637097291,2973.9287986451504,3063.2529172287536,3116.709806781499,147.14171823230507,,,,,,,,2026-08-06,b_elastic_rw,rev_leg=ws06_base;scenario=base;,1.0
driver-lines,margin_v2,adj_ebitda_margin_pct,2026Q3,2026-09-11,0,51.57482662800032,51.57482662800032,LIVE,full_sample,10,26,47.16676885294514,48.14038525882937,49.7672555840909,53.382397671909736,55.009267997171264,55.98288440305549,2.679908839806587,,,,,,,,2026-08-06,b_elastic_rw,rev_leg=ws06_base;scenario=base;,1.0
driver-lines,margin_v2,adj_ebitda_musd,2026Q3,2026-09-11,0,2477.672980272588,2477.672980272588,LIVE,full_sample,10,26,2007.7189068086911,2111.5185889557442,2284.963306645412,2670.382653899764,2843.827371589432,2947.6270537364853,285.7117896471417,,,,,,,,2026-08-06,b_elastic_rw,rev_leg=ws06_base;scenario=base;,1.0
driver-lines,margin_v2,total_cash_costs_musd,2026Q3,2026-09-11,0,2326.362519727412,2326.362519727412,LIVE,full_sample,10,26,2174.643382062766,2208.153886927929,2264.1484712633833,2388.5765681914404,2444.571152526895,2478.081657392058,92.23868627498395,,,,,,,,2026-08-06,b_elastic_rw,rev_leg=ws06_base;scenario=base;,1.0
driver-lines,margin_v2,adj_ebitda_margin_pct,2026Q4,2026-09-11,1,28.46956280395566,28.46956280395566,LIVE,full_sample,10,26,22.10265682039538,23.50892788957146,25.858745187112355,31.080380420798967,33.43019771833986,34.83646878751594,3.8708039908453946,,,,,,,,2026-08-06,b_elastic_rw,rev_leg=ws06_base;scenario=base;,1.0
driver-lines,margin_v2,adj_ebitda_musd,2026Q4,2026-09-11,1,904.7933960984136,904.7933960984136,LIVE,full_sample,10,26,573.7274755884627,646.8506577440365,769.0362889830212,1040.550503213806,1162.7361344527908,1235.8593166083645,201.27378818718336,,,,,,,,2026-08-06,b_elastic_rw,rev_leg=ws06_base;scenario=base;,1.0
driver-lines,margin_v2,total_cash_costs_musd,2026Q4,2026-09-11,1,2273.3144039015865,2273.3144039015865,LIVE,full_sample,10,26,2122.7968721101347,2156.0419759185856,2211.59308672499,2335.035721078183,2390.5868318845874,2423.8319356930383,91.50816177511007,,,,,,,,2026-08-06,b_elastic_rw,rev_leg=ws06_base;scenario=base;,1.0
driver-lines,margin_v2,adj_ebitda_margin_pct,2027Q1,2026-09-11,2,19.458175025238372,19.458175025238372,LIVE,full_sample,10,26,11.356741324267812,13.14612094789346,16.13609584222608,22.780254208250664,25.770229102583286,27.559608726208932,4.925321966785301,,,,,,,,2026-08-06,b_elastic_rw,rev_leg=ws06_base;scenario=base;,1.0
driver-lines,margin_v2,adj_ebitda_musd,2027Q1,2026-09-11,2,594.0832429408351,594.0832429408351,LIVE,full_sample,10,26,195.87396935193394,283.8272361932569,430.79328870549375,757.3731971761765,904.3392496884134,992.2925165297363,242.09404840899532,,,,,,,,2026-08-06,b_elastic_rw,rev_leg=ws06_base;scenario=base;,1.0
driver-lines,margin_v2,total_cash_costs_musd,2027Q1,2026-09-11,2,2459.046057059165,2459.046057059165,LIVE,full_sample,10,26,2280.6621528091464,2320.0621572070754,2385.8978370320788,2532.194277086251,2598.029956911254,2637.429961309184,108.44971329189367,,,,,,,,2026-08-06,b_elastic_rw,rev_leg=ws06_base;scenario=base;,1.0
driver-lines,margin_v2,adj_ebitda_margin_pct,2027Q2,2026-09-11,3,34.38288325513195,34.38288325513195,LIVE,full_sample,10,26,26.28144955416139,28.07082917778704,31.06080407211966,37.70496243814424,40.69493733247686,42.48431695610251,4.925321966785301,,,,,,,,2026-08-06,b_elastic_rw,rev_leg=ws06_base;scenario=base;,1.0
driver-lines,margin_v2,adj_ebitda_musd,2027Q2,2026-09-11,3,1385.2797304527978,1385.2797304527978,LIVE,full_sample,10,26,456.7377428849469,661.8266411667066,1004.5211979127529,1766.0382629928429,2108.732819738889,2313.8217180206484,564.513445058808,,,,,,,,2026-08-06,b_elastic_rw,rev_leg=ws06_base;scenario=base;,1.0
driver-lines,margin_v2,total_cash_costs_musd,2027Q2,2026-09-11,3,2643.7009695472025,2643.7009695472025,LIVE,full_sample,10,26,2451.9218447668477,2494.2804779156463,2565.059896659967,2722.342042434438,2793.1214611787586,2835.4800943275577,116.59342912827647,,,,,,,,2026-08-06,b_elastic_rw,rev_leg=ws06_base;scenario=base;,1.0
driver-lines,margin_v2,adj_ebitda_margin_pct,2027Q3,2026-09-11,4,50.577907856888345,50.577907856888345,LIVE,full_sample,10,26,42.476474155917785,44.265853779543434,47.25582867387605,53.89998703990064,56.889961934233256,58.679341557858905,4.925321966785301,,,,,,,,2026-08-06,b_elastic_rw,rev_leg=ws06_base;scenario=base;,1.0
driver-lines,margin_v2,adj_ebitda_musd,2027Q3,2026-09-11,4,2670.8840180187563,2670.8840180187563,LIVE,full_sample,10,26,880.6116996302441,1276.0326739303448,1936.7637844446517,3405.0042515928612,4065.7353621071675,4461.156336407268,1088.408286946818,,,,,,,,2026-08-06,b_elastic_rw,rev_leg=ws06_base;scenario=base;,1.0
driver-lines,margin_v2,total_cash_costs_musd,2027Q3,2026-09-11,4,2609.848481981244,2609.848481981244,LIVE,full_sample,10,26,2420.5250813965604,2462.341313903797,2532.2144049580465,2687.482559004441,2757.35565005869,2799.1718825659273,115.10045482622692,,,,,,,,2026-08-06,b_elastic_rw,rev_leg=ws06_base;scenario=base;,1.0
driver-lines,margin_v2,adj_ebitda_margin_pct,2027Q4,2026-09-11,5,26.330000569222832,26.330000569222832,LIVE,full_sample,10,26,18.228566868252273,20.01794649187792,23.00792138621054,29.652079752235124,32.64205464656774,34.43143427019339,4.925321966785301,,,,,,,,2026-08-06,b_elastic_rw,rev_leg=ws06_base;scenario=base;,1.0
driver-lines,margin_v2,adj_ebitda_musd,2027Q4,2026-09-11,5,912.5357072579205,912.5357072579205,LIVE,full_sample,10,26,300.8702791736279,435.9700274267266,661.7157832037751,1163.3556313120662,1389.1013870891145,1524.201135342213,371.86617584808266,,,,,,,,2026-08-06,b_elastic_rw,rev_leg=ws06_base;scenario=base;,1.0
driver-lines,margin_v2,total_cash_costs_musd,2027Q4,2026-09-11,5,2553.2283927420794,2553.2283927420794,LIVE,full_sample,10,26,2368.012321724678,2408.9213602577997,2477.2785699579317,2629.178215526227,2697.5354252263587,2738.4444637594816,112.6033757548848,,,,,,,,2026-08-06,b_elastic_rw,rev_leg=ws06_base;scenario=base;,1.0
driver-lines,margin_v2,adj_ebitda_margin_pct,2028Q1,2026-09-11,6,16.439219522211197,16.439219522211197,LIVE,full_sample,10,26,8.337785821240637,10.127165444866284,13.117140339198905,19.76129870522349,22.751273599556107,24.540653223181756,4.925321966785301,,,,,,,,2026-08-06,b_elastic_rw,rev_leg=ws06_base;scenario=base;,1.0
driver-lines,margin_v2,adj_ebitda_musd,2028Q1,2026-09-11,6,544.1297164263561,544.1297164263561,LIVE,full_sample,10,26,179.403894429298,259.96160534575773,394.57000817146826,693.6894246812441,828.2978275069546,908.8555384234143,221.73755525774732,,,,,,,,2026-08-06,b_elastic_rw,rev_leg=ws06_base;scenario=base;,1.0
driver-lines,margin_v2,total_cash_costs_musd,2028Q1,2026-09-11,6,2765.818883573644,2765.818883573644,LIVE,full_sample,10,26,2565.18109174215,2609.4963561365876,2683.545219902347,2848.092547244941,2922.1414110107007,2966.456675405139,121.97911628364848,,,,,,,,2026-08-06,b_elastic_rw,rev_leg=ws06_base;scenario=base;,1.0
driver-lines,margin_v2,adj_ebitda_margin_pct,2028Q2,2026-09-11,7,31.687441257863053,31.687441257863053,LIVE,full_sample,10,26,23.586007556892493,25.37538718051814,28.36536207485076,35.00952044087534,37.99949533520797,39.78887495883362,4.925321966785301,,,,,,,,2026-08-06,b_elastic_rw,rev_leg=ws06_base;scenario=base;,1.0
driver-lines,margin_v2,adj_ebitda_musd,2028Q2,2026-09-11,7,1382.1258283169564,1382.1258283169564,LIVE,full_sample,10,26,455.6978762709069,660.3198433617246,1002.2341785606691,1762.0174780732439,2103.9318132721883,2308.553780363006,563.2282027204246,,,,,,,,2026-08-06,b_elastic_rw,rev_leg=ws06_base;scenario=base;,1.0
driver-lines,margin_v2,total_cash_costs_musd,2028Q2,2026-09-11,7,2979.6205716830436,2979.6205716830436,LIVE,full_sample,10,26,2763.4731964703374,2811.214093104404,2890.987038143066,3068.2541052230213,3148.0270502616827,3195.7679468957504,131.40827346036147,,,,,,,,2026-08-06,b_elastic_rw,rev_leg=ws06_base;scenario=base;,1.0
driver-lines,margin_v2,adj_ebitda_margin_pct,2028Q3,2026-09-11,8,48.80693952877617,48.80693952877617,LIVE,full_sample,10,26,40.70550582780561,42.49488545143126,45.48486034576388,52.12901871178846,55.11899360612108,56.90837322974673,4.925321966785301,,,,,,,,2026-08-06,b_elastic_rw,rev_leg=ws06_base;scenario=base;,1.0
driver-lines,margin_v2,adj_ebitda_musd,2028Q3,2026-09-11,8,2790.323627652855,2790.323627652855,LIVE,full_sample,10,26,919.9918887112653,1333.0957449683945,2023.3741759131383,3557.273079392572,4247.551510337315,4660.655366594445,1137.080958630959,,,,,,,,2026-08-06,b_elastic_rw,rev_leg=ws06_base;scenario=base;,1.0
driver-lines,margin_v2,total_cash_costs_musd,2028Q3,2026-09-11,8,2926.7396723471447,2926.7396723471447,LIVE,full_sample,10,26,2714.4283787144113,2761.3219924517552,2839.679164919772,3013.8001797745173,3092.1573522425338,3139.0509659798786,129.07610145604602,,,,,,,,2026-08-06,b_elastic_rw,rev_leg=ws06_base;scenario=base;,1.0
driver-lines,margin_v2,adj_ebitda_margin_pct,2028Q4,2026-09-11,9,23.31484289477952,23.31484289477952,LIVE,full_sample,10,26,15.21340919380896,17.002788817434606,19.99276371176723,26.636922077791812,29.626896972124435,31.41627659575008,4.925321966785301,,,,,,,,2026-08-06,b_elastic_rw,rev_leg=ws06_base;scenario=base;,1.0
driver-lines,margin_v2,adj_ebitda_musd,2028Q4,2026-09-11,9,873.999482128779,873.999482128779,LIVE,full_sample,10,26,288.1645793082028,417.5590885529387,633.7716400976692,1114.227324159889,1330.4398757046195,1459.8343849493551,356.1623315421367,,,,,,,,2026-08-06,b_elastic_rw,rev_leg=ws06_base;scenario=base;,1.0
driver-lines,margin_v2,total_cash_costs_musd,2028Q4,2026-09-11,9,2874.6832178712207,2874.6832178712207,LIVE,full_sample,10,26,2666.148199011451,2712.207739499372,2789.1712121381956,2960.1952236042457,3037.1586962430692,3083.2182367309906,126.7802894086466,,,,,,,,2026-08-06,b_elastic_rw,rev_leg=ws06_base;scenario=base;,1.0
driver-lines,margin_v2,adj_ebitda_margin_pct,2023Q1,2023-02-14,0,16.99995170503195,16.99995170503195,W1,PIT,10,12,9.92081354580285,11.484396738915667,14.09707569808203,19.90282771198187,22.515506671148234,24.07908986426105,4.303810407950636,,,,,,,,2023-02-14,b_elastic_eq,rev_leg=guide_cushion;scenario=backtest;,1.0
driver-lines,margin_v2,adj_ebitda_musd,2023Q1,2023-02-14,0,313.6740545391458,313.6740545391458,W1,PIT,10,12,115.03047951200062,158.90527731169664,232.21814071024394,395.1299683680476,468.44283176659496,512.317629566291,120.76671855313099,,,,,,,,2023-02-14,b_elastic_eq,rev_leg=guide_cushion;scenario=backtest;,1.0
driver-lines,margin_v2,total_cash_costs_musd,2023Q1,2023-02-14,0,1531.4726845912892,1531.4726845912892,W1,PIT,10,12,1391.5706044022443,1422.4710524998602,1474.1043464167185,1588.8410227658599,1640.474316682718,1671.3747647803343,85.05442544959804,,,,,,,,2023-02-14,b_elastic_eq,rev_leg=guide_cushion;scenario=backtest;,1.0
driver-lines,margin_v2,adj_ebitda_margin_pct,2023Q2,2023-02-14,1,37.735020201571594,37.735020201571594,W1,PIT,10,12,32.98468589900221,34.03390159589908,35.787095021732824,39.68294538141036,41.436138807244106,42.48535450414098,2.887998193111887,,,,,,,,2023-02-14,b_elastic_eq,rev_leg=naive;scenario=backtest;,1.0
driver-lines,margin_v2,adj_ebitda_musd,2023Q2,2023-02-14,1,985.693901584927,985.693901584927,W1,PIT,10,12,540.5190522285558,638.8456983249715,803.1452127435607,1168.2425904262932,1332.5421048448823,1430.8687509412982,270.64709106149854,,,,,,,,2023-02-14,b_elastic_eq,rev_leg=naive;scenario=backtest;,1.0
driver-lines,margin_v2,total_cash_costs_musd,2023Q2,2023-02-14,1,1626.4523125142896,1626.4523125142896,W1,PIT,10,12,1537.8993812250494,1557.4582416329677,1590.140239801103,1662.764385227476,1695.4463833956115,1715.00524380353,53.836359563107024,,,,,,,,2023-02-14,b_elastic_eq,rev_leg=naive;scenario=backtest;,1.0
driver-lines,margin_v2,adj_ebitda_margin_pct,2023Q3,2023-02-14,2,53.38598424378048,53.38598424378048,W1,PIT,10,12,48.451423362926064,49.541329547146674,51.362514993192235,55.40945349436872,57.23063894041428,58.32054512463489,3.0,,,,,,,,2023-02-14,b_elastic_eq,rev_leg=naive;scenario=backtest;,1.0
driver-lines,margin_v2,adj_ebitda_musd,2023Q3,2023-02-14,2,1911.4998016928043,1911.4998016928043,W1,PIT,10,12,1597.0860635196614,1666.5312453530437,1782.5710993184405,2040.4285040671682,2156.468358032565,2225.9135398659473,191.14998016928044,,,,,,,,2023-02-14,b_elastic_eq,rev_leg=naive;scenario=backtest;,1.0
driver-lines,margin_v2,total_cash_costs_musd,2023Q3,2023-02-14,2,1669.0276134507985,1669.0276134507985,W1,PIT,10,12,1394.497001104128,1455.1331183552945,1556.4534116441196,1781.6018152574775,1882.9221085463025,1943.558225797469,166.90276134507985,,,,,,,,2023-02-14,b_elastic_eq,rev_leg=naive;scenario=backtest;,1.0
driver-lines,margin_v2,adj_ebitda_margin_pct,2023Q1,2023-02-14,0,18.24246993097927,18.24246993097927,W1,full_sample,10,12,13.843671275412733,14.81524260133245,16.438695687641406,20.04624417431713,21.669697260626087,22.641268586545806,2.67427969485598,,,,,,,,2023-02-14,b_elastic_eq,rev_leg=guide_cushion;scenario=backtest;,1.0
driver-lines,margin_v2,adj_ebitda_musd,2023Q1,2023-02-14,0,336.60033906831404,336.60033906831404,W1,full_sample,10,12,269.65889032214386,284.4443800001039,309.1502849706431,364.050393165985,388.7562981365242,403.5417878144842,40.69751110330569,,,,,,,,2023-02-14,b_elastic_eq,rev_leg=guide_cushion;scenario=backtest;,1.0
driver-lines,margin_v2,total_cash_costs_musd,2023Q1,2023-02-14,0,1508.546400062121,1508.546400062121,W1,full_sample,10,12,1414.8992365334939,1435.5832700531892,1470.1453831570109,1546.9474169672312,1581.5095300710525,1602.1935635907478,56.93343285638749,,,,,,,,2023-02-14,b_elastic_eq,rev_leg=guide_cushion;scenario=backtest;,1.0
driver-lines,margin_v2,adj_ebitda_margin_pct,2023Q2,2023-02-14,1,38.66138073063875,38.66138073063875,W1,full_sample,10,12,32.137966010352876,33.57880547257556,35.986385039219165,41.33637642205833,43.743955988701934,45.18479545092462,3.9659545465915964,,,,,,,,2023-02-14,b_elastic_eq,rev_leg=naive;scenario=backtest;,1.0
driver-lines,margin_v2,adj_ebitda_musd,2023Q2,2023-02-14,1,1009.891793073864,1009.891793073864,W1,full_sample,10,12,631.0551423195383,714.7295397858985,854.5457891829391,1165.237796964789,1305.0540463618297,1388.7284438281897,230.3163300046652,,,,,,,,2023-02-14,b_elastic_eq,rev_leg=naive;scenario=backtest;,1.0
driver-lines,margin_v2,total_cash_costs_musd,2023Q2,2023-02-14,1,1602.2544210253527,1602.2544210253527,W1,full_sample,10,12,1503.3896089801387,1525.226074807921,1561.7138517692615,1642.794990281444,1679.2827672427845,1701.1192330705667,60.10553791856077,,,,,,,,2023-02-14,b_elastic_eq,rev_leg=naive;scenario=backtest;,1.0
driver-lines,margin_v2,adj_ebitda_margin_pct,2023Q3,2023-02-14,2,54.10906817809863,54.10906817809863,W1,full_sample,10,12,45.71562325825769,47.56949997513909,50.66724668437668,57.550889671820585,60.648636381058175,62.50251309793957,5.102852182292431,,,,,,,,2023-02-14,b_elastic_eq,rev_leg=naive;scenario=backtest;,1.0
driver-lines,margin_v2,adj_ebitda_musd,2023Q3,2023-02-14,2,1937.3900201955648,1937.3900201955648,W1,full_sample,10,12,602.4740679888903,897.3195845108964,1389.993514887431,2484.7865255036986,2977.460455880233,3272.305972402239,811.5712731720524,,,,,,,,2023-02-14,b_elastic_eq,rev_leg=naive;scenario=backtest;,1.0
driver-lines,margin_v2,total_cash_costs_musd,2023Q3,2023-02-14,2,1643.137394948038,1643.137394948038,W1,full_sample,10,12,1533.3236714815837,1557.5784449473956,1598.1071079392987,1688.1676819567772,1728.6963449486807,1752.9511184144924,66.76200341910075,,,,,,,,2023-02-14,b_elastic_eq,rev_leg=naive;scenario=backtest;,1.0
driver-lines,margin_v2,adj_ebitda_margin_pct,2023Q2,2023-05-09,0,34.00719248538058,34.00719248538058,W1,PIT,10,13,27.054607111592645,28.590238341640656,31.156210796101362,36.858174174659794,39.4241466291205,40.95977785916851,4.226871777444215,,,,,,,,2023-05-09,b_elastic_eq,rev_leg=guide_cushion;scenario=backtest;,1.0
driver-lines,margin_v2,adj_ebitda_musd,2023Q2,2023-05-09,0,837.7101599137652,837.7101599137652,W1,PIT,10,13,406.4055744821682,501.66866805721634,660.849120536451,1014.5711992910796,1173.751651770314,1269.0147453453621,262.2145693480127,,,,,,,,2023-05-09,b_elastic_eq,rev_leg=guide_cushion;scenario=backtest;,1.0
driver-lines,margin_v2,total_cash_costs_musd,2023Q2,2023-05-09,0,1625.6221491966978,1625.6221491966978,W1,PIT,10,13,1479.438622445798,1511.726466021739,1565.678036951441,1685.5662614419543,1739.5178323716566,1771.8056759475976,88.8732738011664,,,,,,,,2023-05-09,b_elastic_eq,rev_leg=guide_cushion;scenario=backtest;,1.0
driver-lines,margin_v2,adj_ebitda_margin_pct,2023Q3,2023-05-09,1,51.482911644354175,51.482911644354175,W1,PIT,10,13,46.67465191654069,47.736661716240526,49.51123352689061,53.45458976181774,55.229161572467824,56.29117137216766,2.9232143511304307,,,,,,,,2023-05-09,b_elastic_eq,rev_leg=naive;scenario=backtest;,1.0
driver-lines,margin_v2,adj_ebitda_musd,2023Q3,2023-05-09,1,1788.804982355554,1788.804982355554,W1,PIT,10,13,1117.1907204446727,1265.5314857410347,1513.4024004346518,2064.2075642764567,2312.0784789700733,2460.4192442664357,408.3124789381006,,,,,,,,2023-05-09,b_elastic_eq,rev_leg=naive;scenario=backtest;,1.0
driver-lines,margin_v2,total_cash_costs_musd,2023Q3,2023-05-09,1,1685.7556538273486,1685.7556538273486,W1,PIT,10,13,1607.099313115934,1624.4722940638742,1653.5017834959765,1718.009524158721,1747.039013590823,1764.411994538763,47.81965970868434,,,,,,,,2023-05-09,b_elastic_eq,rev_leg=naive;scenario=backtest;,1.0
driver-lines,margin_v2,adj_ebitda_margin_pct,2023Q4,2023-05-09,2,27.973203266976775,27.973203266976775,W1,PIT,10,13,22.93271139781189,24.04601476813434,25.906295886288177,30.040110647665372,31.900391765819208,33.013695136141656,3.064401468054515,,,,,,,,2023-05-09,b_elastic_eq,rev_leg=naive;scenario=backtest;,1.0
driver-lines,margin_v2,adj_ebitda_musd,2023Q4,2023-05-09,2,640.9990012715037,640.9990012715037,W1,PIT,10,13,-184.3680063999168,-2.0675692114743365,302.54846822549666,979.4495343175107,1284.0655717544819,1466.366008942924,501.78751114841367,,,,,,,,2023-05-09,b_elastic_eq,rev_leg=naive;scenario=backtest;,1.0
driver-lines,margin_v2,total_cash_costs_musd,2023Q4,2023-05-09,2,1650.4761478338642,1650.4761478338642,W1,PIT,10,13,1487.9475863768362,1523.8455899726139,1583.8295800051797,1717.1227156625487,1777.1067056951144,1813.0047092908922,98.81034931859193,,,,,,,,2023-05-09,b_elastic_eq,rev_leg=naive;scenario=backtest;,1.0
driver-lines,margin_v2,adj_ebitda_margin_pct,2023Q2,2023-05-09,0,35.735372912997,35.735372912997,W1,full_sample,10,13,31.336574257430463,32.30814558335018,33.93159866965914,37.53914715633486,39.16260024264382,40.13417156856354,2.67427969485598,,,,,,,,2023-05-09,b_elastic_eq,rev_leg=guide_cushion;scenario=backtest;,1.0
driver-lines,margin_v2,adj_ebitda_musd,2023Q2,2023-05-09,0,880.2809867469639,880.2809867469639,W1,full_sample,10,13,705.2149582347629,743.8821368813364,808.4932970071411,952.0686764867868,1016.6798366125914,1055.347015259165,106.43258806965318,,,,,,,,2023-05-09,b_elastic_eq,rev_leg=guide_cushion;scenario=backtest;,1.0
driver-lines,margin_v2,total_cash_costs_musd,2023Q2,2023-05-09,0,1583.0513223634991,1583.0513223634991,W1,full_sample,10,13,1484.779061030683,1506.4846490151267,1542.753734838691,1623.3489098883076,1659.6179957118713,1681.3235836963152,59.74529266470443,,,,,,,,2023-05-09,b_elastic_eq,rev_leg=guide_cushion;scenario=backtest;,1.0
driver-lines,margin_v2,adj_ebitda_margin_pct,2023Q3,2023-05-09,1,52.637798188031596,52.637798188031596,W1,full_sample,10,13,46.114383467745725,47.55522292996841,49.962802496612014,55.31279387945118,57.72037344609478,59.16121290831747,3.9659545465915964,,,,,,,,2023-05-09,b_elastic_eq,rev_leg=naive;scenario=backtest;,1.0
driver-lines,margin_v2,adj_ebitda_musd,2023Q3,2023-05-09,1,1828.932215594743,1828.932215594743,W1,full_sample,10,13,1142.852221911772,1294.3880618861765,1547.5978062762601,2110.2666249132253,2363.4763693033096,2515.0122092777137,417.10701939754557,,,,,,,,2023-05-09,b_elastic_eq,rev_leg=naive;scenario=backtest;,1.0
driver-lines,margin_v2,total_cash_costs_musd,2023Q3,2023-05-09,1,1645.6284205881598,1645.6284205881598,W1,full_sample,10,13,1544.0872780812192,1566.5148702912031,1603.9903935188054,1687.2664476575142,1724.7419708851164,1747.1695630951003,61.73263130722098,,,,,,,,2023-05-09,b_elastic_eq,rev_leg=naive;scenario=backtest;,1.0
driver-lines,margin_v2,adj_ebitda_margin_pct,2023Q4,2023-05-09,2,29.560095993542188,29.560095993542188,W1,full_sample,10,13,21.166651073701246,23.02052779058264,26.118274499820235,33.00191748726414,36.099664196501735,37.95354091338313,5.102852182292431,,,,,,,,2023-05-09,b_elastic_eq,rev_leg=naive;scenario=backtest;,1.0
driver-lines,margin_v2,adj_ebitda_musd,2023Q4,2023-05-09,2,677.3622537437108,677.3622537437108,W1,full_sample,10,13,210.6407012842476,313.7264101480801,485.9781097862021,868.7463977012194,1040.9980973393413,1144.083806203174,283.7465564181978,,,,,,,,2023-05-09,b_elastic_eq,rev_leg=naive;scenario=backtest;,1.0
driver-lines,margin_v2,total_cash_costs_musd,2023Q4,2023-05-09,2,1614.1128953616571,1614.1128953616571,W1,full_sample,10,13,1506.2389295692296,1530.0652649357137,1569.8780266488427,1658.3477640744716,1698.1605257876008,1721.9868611540846,65.5827144889228,,,,,,,,2023-05-09,b_elastic_eq,rev_leg=naive;scenario=backtest;,1.0
driver-lines,margin_v2,adj_ebitda_margin_pct,2023Q3,2023-08-03,0,51.42768253401203,51.42768253401203,W1,PIT,10,14,44.46435107261672,46.00235581220738,48.57229429704546,54.2830707709786,56.85300925581668,58.391013995407334,4.233404934821438,,,,,,,,2023-08-03,b_elastic_eq,rev_leg=guide_cushion;scenario=backtest;,1.0
driver-lines,margin_v2,adj_ebitda_musd,2023Q3,2023-08-03,0,1780.8791565324157,1780.8791565324157,W1,PIT,10,14,907.4719439880305,1100.3831158794162,1422.7292257690633,2139.029087295768,2461.375197185415,2654.286369076801,530.9938819073736,,,,,,,,2023-08-03,b_elastic_eq,rev_leg=guide_cushion;scenario=backtest;,1.0
driver-lines,margin_v2,total_cash_costs_musd,2023Q3,2023-08-03,0,1682.0012782501933,1682.0012782501933,W1,PIT,10,14,1546.2526027208658,1576.2356801479202,1626.3360878971027,1737.6664686032839,1787.7668763524666,1817.7499537795209,82.52933471102868,,,,,,,,2023-08-03,b_elastic_eq,rev_leg=guide_cushion;scenario=backtest;,1.0
driver-lines,margin_v2,adj_ebitda_margin_pct,2023Q4,2023-08-03,1,26.939966012434148,26.939966012434148,W1,PIT,10,14,19.26732605775624,20.961997161794514,23.793718272465576,30.08621375240272,32.91793486307378,34.61260596711206,4.664633879245641,,,,,,,,2023-08-03,b_elastic_eq,rev_leg=naive;scenario=backtest;,1.0
driver-lines,margin_v2,adj_ebitda_musd,2023Q4,2023-08-03,1,604.9415463090969,604.9415463090969,W1,PIT,10,14,272.0776096818275,345.59792319982853,468.4471435328947,741.4359490852992,864.2851694183653,937.8054829363664,202.36690436959464,,,,,,,,2023-08-03,b_elastic_eq,rev_leg=naive;scenario=backtest;,1.0
driver-lines,margin_v2,total_cash_costs_musd,2023Q4,2023-08-03,1,1640.575563957063,1640.575563957063,W1,PIT,10,14,1575.220585315605,1589.655668215747,1613.776058824411,1667.3750690897148,1691.4954596983787,1705.930542598521,39.73300576452211,,,,,,,,2023-08-03,b_elastic_eq,rev_leg=naive;scenario=backtest;,1.0
driver-lines,margin_v2,adj_ebitda_margin_pct,2024Q1,2023-08-03,2,14.126999296806739,14.126999296806739,W1,PIT,10,14,5.398503218787937,7.326383345120651,10.547786506814166,17.70621208679931,20.927615248492828,22.85549537482554,5.3065488229466125,,,,,,,,2023-08-03,b_elastic_eq,rev_leg=naive;scenario=backtest;,1.0
driver-lines,margin_v2,adj_ebitda_musd,2024Q1,2023-08-03,2,303.21428540133604,303.21428540133604,W1,PIT,10,14,-115.42797701488719,-22.96163567256559,131.5455664515668,474.88300435110534,629.3902064752377,721.8565478175593,254.51642356294255,,,,,,,,2023-08-03,b_elastic_eq,rev_leg=naive;scenario=backtest;,1.0
driver-lines,margin_v2,total_cash_costs_musd,2024Q1,2023-08-03,2,1843.1317222032267,1843.1317222032267,W1,PIT,10,14,1684.7389046897615,1719.7234383721511,1778.1810602312464,1908.082384175207,1966.5400060343025,2001.524539716692,96.29599553306528,,,,,,,,2023-08-03,b_elastic_eq,rev_leg=naive;scenario=backtest;,1.0
driver-lines,margin_v2,adj_ebitda_margin_pct,2023Q3,2023-08-03,0,53.00411130541858,53.00411130541858,W1,full_sample,10,14,48.605312649852046,49.576883975771764,51.20033706208072,54.807885548756445,56.4313386350654,57.40290996098512,2.67427969485598,,,,,,,,2023-08-03,b_elastic_eq,rev_leg=guide_cushion;scenario=backtest;,1.0
driver-lines,margin_v2,adj_ebitda_musd,2023Q3,2023-08-03,0,1835.469000025737,1835.469000025737,W1,full_sample,10,14,1470.439795567715,1551.0645151660763,1685.7848865611961,1985.153113490278,2119.8734848853974,2200.498204483759,221.92199869757243,,,,,,,,2023-08-03,b_elastic_eq,rev_leg=guide_cushion;scenario=backtest;,1.0
driver-lines,margin_v2,total_cash_costs_musd,2023Q3,2023-08-03,0,1627.411434756872,1627.411434756872,W1,full_sample,10,14,1526.3853975380243,1548.6992174281254,1585.98463209764,1668.8382374161042,1706.1236520856185,1728.4374719757195,61.41946952817108,,,,,,,,2023-08-03,b_elastic_eq,rev_leg=guide_cushion;scenario=backtest;,1.0
driver-lines,margin_v2,adj_ebitda_margin_pct,2023Q4,2023-08-03,1,29.33661358011322,29.33661358011322,W1,full_sample,10,14,22.813198859827352,24.254038322050032,26.66161788869364,32.0116092715328,34.4191888381764,35.86002830039909,3.9659545465915964,,,,,,,,2023-08-03,b_elastic_eq,rev_leg=naive;scenario=backtest;,1.0
driver-lines,margin_v2,adj_ebitda_musd,2023Q4,2023-08-03,1,658.7586775141082,658.7586775141082,W1,full_sample,10,14,411.64118160379076,466.2225098161468,557.4255160980689,760.0918389301474,851.2948452120696,905.8761734244256,150.23676992360612,,,,,,,,2023-08-03,b_elastic_eq,rev_leg=naive;scenario=backtest;,1.0
driver-lines,margin_v2,total_cash_costs_musd,2023Q4,2023-08-03,1,1586.7584327520517,1586.7584327520517,W1,full_sample,10,14,1488.8497784480749,1510.4750558316516,1546.609946162447,1626.9069193416565,1663.0418096724518,1684.6670870560285,59.524235287390354,,,,,,,,2023-08-03,b_elastic_eq,rev_leg=naive;scenario=backtest;,1.0
driver-lines,margin_v2,adj_ebitda_margin_pct,2024Q1,2023-08-03,2,16.887719199288185,16.887719199288185,W1,full_sample,10,14,8.494274279447245,10.348150996328638,13.445897705566232,20.329540693010138,23.42728740224773,25.281164119129123,5.102852182292431,,,,,,,,2023-08-03,b_elastic_eq,rev_leg=naive;scenario=backtest;,1.0
driver-lines,margin_v2,adj_ebitda_musd,2024Q1,2023-08-03,2,362.46888680939117,362.46888680939117,W1,full_sample,10,14,112.71767815414623,167.88071968962578,260.05574342881266,464.88203018996967,557.0570539291565,612.2200954646361,151.83795358017792,,,,,,,,2023-08-03,b_elastic_eq,rev_leg=naive;scenario=backtest;,1.0
driver-lines,margin_v2,total_cash_costs_musd,2024Q1,2023-08-03,2,1783.8771207951713,1783.8771207951713,W1,full_sample,10,14,1664.6575172225007,1690.9897859595894,1734.989852460395,1832.7643891299474,1876.7644556307534,1903.096724367842,72.48037248981791,,,,,,,,2023-08-03,b_elastic_eq,rev_leg=naive;scenario=backtest;,1.0
driver-lines,margin_v2,adj_ebitda_margin_pct,2023Q4,2023-11-01,0,26.880349044726646,26.880349044726646,W1,PIT,10,15,18.931267432858938,20.686996750388175,23.62074345865762,30.13995463079567,33.07370133906512,34.829430656594354,4.832698473359191,,,,,,,,2023-11-01,b_elastic_eq,rev_leg=guide_cushion;scenario=backtest;,1.0
driver-lines,margin_v2,adj_ebitda_musd,2023Q4,2023-11-01,0,593.1781225266237,593.1781225266237,W1,PIT,10,15,312.83648776571033,374.7560969868516,478.2210490817972,708.1351959714502,811.6001480663958,873.5197572875371,170.4356121222112,,,,,,,,2023-11-01,b_elastic_eq,rev_leg=guide_cushion;scenario=backtest;,1.0
driver-lines,margin_v2,total_cash_costs_musd,2023Q4,2023-11-01,0,1613.5570710514994,1613.5570710514994,W1,PIT,10,15,1431.236116422794,1471.5057048949552,1538.794421580408,1688.319720522591,1755.6084372080436,1795.8780256802045,110.84326996719703,,,,,,,,2023-11-01,b_elastic_eq,rev_leg=guide_cushion;scenario=backtest;,1.0
driver-lines,margin_v2,adj_ebitda_margin_pct,2024Q1,2023-11-01,1,14.864120243351854,14.864120243351854,W1,PIT,10,15,3.3253757625292373,5.8739609905652745,10.13253516190553,19.59570532479818,23.85427949613843,26.40286472417447,7.0150585388003295,,,,,,,,2023-11-01,b_elastic_eq,rev_leg=naive;scenario=backtest;,1.0
driver-lines,margin_v2,adj_ebitda_musd,2024Q1,2023-11-01,1,318.2976114299558,318.2976114299558,W1,PIT,10,15,111.68179165925493,157.31743486301394,233.5725937261099,403.02262913380173,479.27778799689764,524.9134312006566,125.61349921064837,,,,,,,,2023-11-01,b_elastic_eq,rev_leg=naive;scenario=backtest;,1.0
driver-lines,margin_v2,total_cash_costs_musd,2024Q1,2023-11-01,1,1823.0844967531234,1823.0844967531234,W1,PIT,10,15,1652.2630475177295,1689.992717576425,1753.0373419576817,1893.131651548565,1956.1762759298217,1993.9059459885175,103.85206709972717,,,,,,,,2023-11-01,b_elastic_eq,rev_leg=naive;scenario=backtest;,1.0
driver-lines,margin_v2,adj_ebitda_margin_pct,2024Q2,2023-11-01,2,34.57866209746456,34.57866209746456,W1,PIT,10,15,18.21008141373861,21.825442080039274,27.866551235118237,41.29077295981088,47.331882114889844,50.94724278119051,9.951390455370207,,,,,,,,2023-11-01,b_elastic_eq,rev_leg=naive;scenario=backtest;,1.0
driver-lines,margin_v2,adj_ebitda_musd,2024Q2,2023-11-01,2,1011.7193773245367,1011.7193773245367,W1,PIT,10,15,-479.85235601635367,-150.40596845949068,400.08450031410047,1623.3542543349731,2173.8447231085643,2503.291110665427,906.8112255710739,,,,,,,,2023-11-01,b_elastic_eq,rev_leg=naive;scenario=backtest;,1.0
driver-lines,margin_v2,total_cash_costs_musd,2024Q2,2023-11-01,2,1914.1294437572942,1914.1294437572942,W1,PIT,10,15,1694.6634548742657,1743.137340248295,1824.1350773329698,2004.1238101816184,2085.1215472662934,2133.5954326403225,133.4258473137095,,,,,,,,2023-11-01,b_elastic_eq,rev_leg=naive;scenario=backtest;,1.0
driver-lines,margin_v2,adj_ebitda_margin_pct,2023Q4,2023-11-01,0,27.783928483593225,27.783928483593225,W1,full_sample,10,15,23.38512982802669,24.356701153946407,25.980154240255363,29.587702726931088,31.211155813240044,32.18272713915976,2.67427969485598,,,,,,,,2023-11-01,b_elastic_eq,rev_leg=guide_cushion;scenario=backtest;,1.0
driver-lines,margin_v2,adj_ebitda_musd,2023Q4,2023-11-01,0,613.1177280060282,613.1177280060282,W1,full_sample,10,15,491.1838372729174,518.1156159630382,563.1174373093785,663.118018702678,708.1198400490182,735.051618739139,74.13054191277786,,,,,,,,2023-11-01,b_elastic_eq,rev_leg=guide_cushion;scenario=backtest;,1.0
driver-lines,margin_v2,total_cash_costs_musd,2023Q4,2023-11-01,0,1593.6174655720947,1593.6174655720947,W1,full_sample,10,15,1494.6892818620274,1516.5397447142855,1553.0509100898155,1634.1840210543742,1670.6951864299037,1692.5456492821618,60.14406515515801,,,,,,,,2023-11-01,b_elastic_eq,rev_leg=guide_cushion;scenario=backtest;,1.0
driver-lines,margin_v2,adj_ebitda_margin_pct,2024Q1,2023-11-01,1,15.78375358278186,15.78375358278186,W1,full_sample,10,15,9.26033886249599,10.701178324718672,13.108757891362279,18.458749274201438,20.866328840845046,22.307168303067726,3.9659545465915964,,,,,,,,2023-11-01,b_elastic_eq,rev_leg=naive;scenario=backtest;,1.0
driver-lines,margin_v2,adj_ebitda_musd,2024Q1,2023-11-01,1,337.9904752213965,337.9904752213965,W1,full_sample,10,15,211.20146624251905,239.20560446552432,285.9992915728743,389.98165886991865,436.77534597726867,464.7794842002739,77.08224422003116,,,,,,,,2023-11-01,b_elastic_eq,rev_leg=naive;scenario=backtest;,1.0
driver-lines,margin_v2,total_cash_costs_musd,2024Q1,2023-11-01,1,1803.3916329616827,1803.3916329616827,W1,full_sample,10,15,1692.1159376057783,1716.693619683307,1757.7618488072087,1849.0214171161567,1890.0896462400585,1914.6673283175871,67.65081921735482,,,,,,,,2023-11-01,b_elastic_eq,rev_leg=naive;scenario=backtest;,1.0
driver-lines,margin_v2,adj_ebitda_margin_pct,2024Q2,2023-11-01,2,35.36564907279033,35.36564907279033,W1,full_sample,10,15,26.972204152949395,28.826080869830786,31.92382757906838,38.807470566512286,41.90521727574988,43.75909399263127,5.102852182292431,,,,,,,,2023-11-01,b_elastic_eq,rev_leg=naive;scenario=backtest;,1.0
driver-lines,margin_v2,adj_ebitda_musd,2024Q2,2023-11-01,2,1034.7454264641735,1034.7454264641735,W1,full_sample,10,15,321.7768647078308,479.25163569060703,742.385073398616,1327.105779529731,1590.23921723774,1747.7139882205163,433.45410805807666,,,,,,,,2023-11-01,b_elastic_eq,rev_leg=naive;scenario=backtest;,1.0
driver-lines,margin_v2,total_cash_costs_musd,2024Q2,2023-11-01,2,1891.1033946176574,1891.1033946176574,W1,full_sample,10,15,1764.7176730939962,1792.6327364221788,1839.277583285838,1942.9292059494767,1989.5740528131362,2017.4891161413186,76.83706285640811,,,,,,,,2023-11-01,b_elastic_eq,rev_leg=naive;scenario=backtest;,1.0
driver-lines,margin_v2,adj_ebitda_margin_pct,2024Q1,2024-02-13,0,15.381160420948106,15.381160420948106,W1,PIT,10,16,5.899413620384637,7.993665717920577,11.49306914878579,19.269251693110423,22.768655123975634,24.862907221511577,5.76449274586012,,,,,,,,2024-02-13,b_elastic_eq,rev_leg=guide_cushion;scenario=backtest;,1.0
driver-lines,margin_v2,adj_ebitda_margin_pct,2024Q1,2024-02-13,0,15.381160420948106,15.381160420948106,W2,PIT,10,16,5.899413620384637,7.993665717920577,11.49306914878579,19.269251693110423,22.768655123975634,24.862907221511577,5.76449274586012,,,,,,,,2024-02-13,b_elastic_eq,rev_leg=guide_cushion;scenario=backtest;,1.0
driver-lines,margin_v2,adj_ebitda_musd,2024Q1,2024-02-13,0,323.30844031352905,323.30844031352905,W1,PIT,10,16,163.55943619675026,198.84351348628093,257.801659579186,388.81522104787206,447.77336714077717,483.0574444303079,97.120498443897,,,,,,,,2024-02-13,b_elastic_eq,rev_leg=guide_cushion;scenario=backtest;,1.0
driver-lines,margin_v2,adj_ebitda_musd,2024Q1,2024-02-13,0,323.30844031352905,323.30844031352905,W2,PIT,10,16,163.55943619675026,198.84351348628093,257.801659579186,388.81522104787206,447.77336714077717,483.0574444303079,97.120498443897,,,,,,,,2024-02-13,b_elastic_eq,rev_leg=guide_cushion;scenario=backtest;,1.0
driver-lines,margin_v2,total_cash_costs_musd,2024Q1,2024-02-13,0,1778.6684682245595,1778.6684682245595,W1,PIT,10,16,1554.3938479287872,1603.9298251972991,1686.7022712694068,1870.6346651797123,1953.40711125182,2002.943088520332,136.34928763323268,,,,,,,,2024-02-13,b_elastic_eq,rev_leg=guide_cushion;scenario=backtest;,1.0
driver-lines,margin_v2,total_cash_costs_musd,2024Q1,2024-02-13,0,1778.6684682245595,1778.6684682245595,W2,PIT,10,16,1554.3938479287872,1603.9298251972991,1686.7022712694068,1870.6346651797123,1953.40711125182,2002.943088520332,136.34928763323268,,,,,,,,2024-02-13,b_elastic_eq,rev_leg=guide_cushion;scenario=backtest;,1.0
driver-lines,margin_v2,adj_ebitda_margin_pct,2024Q2,2024-02-13,1,35.31795524407558,35.31795524407558,W1,PIT,10,16,21.61670270718973,24.64292535031469,29.699610699883372,40.93629978826778,45.99298513783646,49.01920778096142,8.32977008554821,,,,,,,,2024-02-13,b_elastic_eq,rev_leg=naive;scenario=backtest;,1.0
driver-lines,margin_v2,adj_ebitda_margin_pct,2024Q2,2024-02-13,1,35.31795524407558,35.31795524407558,W2,PIT,10,16,21.61670270718973,24.64292535031469,29.699610699883372,40.93629978826778,45.99298513783646,49.01920778096142,8.32977008554821,,,,,,,,2024-02-13,b_elastic_eq,rev_leg=naive;scenario=backtest;,1.0
driver-lines,margin_v2,adj_ebitda_musd,2024Q2,2024-02-13,1,1023.0530927060848,1023.0530927060848,W1,PIT,10,16,298.27621853068854,458.35911474314224,725.8506153546564,1320.2555700575133,1587.7470706690274,1747.829966881481,440.63305226658883,,,,,,,,2024-02-13,b_elastic_eq,rev_leg=naive;scenario=backtest;,1.0
driver-lines,margin_v2,adj_ebitda_musd,2024Q2,2024-02-13,1,1023.0530927060848,1023.0530927060848,W2,PIT,10,16,298.27621853068854,458.35911474314224,725.8506153546564,1320.2555700575133,1587.7470706690274,1747.829966881481,440.63305226658883,,,,,,,,2024-02-13,b_elastic_eq,rev_leg=naive;scenario=backtest;,1.0
driver-lines,margin_v2,total_cash_costs_musd,2024Q2,2024-02-13,1,1873.6409136030634,1873.6409136030634,W1,PIT,10,16,1657.4765029458226,1705.2211622320885,1785.0003944975983,1962.2814327085284,2042.0606649740382,2089.805324260304,131.41863027525088,,,,,,,,2024-02-13,b_elastic_eq,rev_leg=naive;scenario=backtest;,1.0
driver-lines,margin_v2,total_cash_costs_musd,2024Q2,2024-02-13,1,1873.6409136030634,1873.6409136030634,W2,PIT,10,16,1657.4765029458226,1705.2211622320885,1785.0003944975983,1962.2814327085284,2042.0606649740382,2089.805324260304,131.41863027525088,,,,,,,,2024-02-13,b_elastic_eq,rev_leg=naive;scenario=backtest;,1.0
driver-lines,margin_v2,adj_ebitda_margin_pct,2024Q3,2024-02-13,2,55.27168868704776,55.27168868704776,W1,PIT,10,16,36.63682570260193,40.75274460587315,47.630264627563406,62.91311274653211,69.79063276822237,73.90655167149359,11.32919226313358,,,,,,,,2024-02-13,b_elastic_eq,rev_leg=naive;scenario=backtest;,1.0
driver-lines,margin_v2,adj_ebitda_margin_pct,2024Q3,2024-02-13,2,55.27168868704776,55.27168868704776,W2,PIT,10,16,36.63682570260193,40.75274460587315,47.630264627563406,62.91311274653211,69.79063276822237,73.90655167149359,11.32919226313358,,,,,,,,2024-02-13,b_elastic_eq,rev_leg=naive;scenario=backtest;,1.0
driver-lines,margin_v2,adj_ebitda_musd,2024Q3,2024-02-13,2,2189.521981652161,2189.521981652161,W1,PIT,10,16,-982.0433435842723,-281.53346132777284,888.987837520448,3490.0561257838735,4660.577424632095,5361.087306888594,1928.1748073319616,,,,,,,,2024-02-13,b_elastic_eq,rev_leg=naive;scenario=backtest;,1.0
driver-lines,margin_v2,adj_ebitda_musd,2024Q3,2024-02-13,2,2189.521981652161,2189.521981652161,W2,PIT,10,16,-982.0433435842723,-281.53346132777284,888.987837520448,3490.0561257838735,4660.577424632095,5361.087306888594,1928.1748073319616,,,,,,,,2024-02-13,b_elastic_eq,rev_leg=naive;scenario=backtest;,1.0
driver-lines,margin_v2,total_cash_costs_musd,2024Q3,2024-02-13,2,1771.8586702931602,1771.8586702931602,W1,PIT,10,16,1535.296595653953,1587.5465271730243,1674.8538718023744,1868.863468783946,1956.1708134132964,2008.4207449323674,143.81952944812784,,,,,,,,2024-02-13,b_elastic_eq,rev_leg=naive;scenario=backtest;,1.0
driver-lines,margin_v2,total_cash_costs_musd,2024Q3,2024-02-13,2,1771.8586702931602,1771.8586702931602,W2,PIT,10,16,1535.296595653953,1587.5465271730243,1674.8538718023744,1868.863468783946,1956.1708134132964,2008.4207449323674,143.81952944812784,,,,,,,,2024-02-13,b_elastic_eq,rev_leg=naive;scenario=backtest;,1.0
driver-lines,margin_v2,adj_ebitda_margin_pct,2024Q1,2024-02-13,0,15.079908334419478,15.079908334419478,W1,full_sample,10,16,10.681109678852943,11.65268100477266,13.276134091081614,16.88368257775734,18.507135664066297,19.478706989986016,2.67427969485598,,,,,,,,2024-02-13,b_elastic_eq,rev_leg=guide_cushion;scenario=backtest;,1.0
driver-lines,margin_v2,adj_ebitda_margin_pct,2024Q1,2024-02-13,0,15.079908334419478,15.079908334419478,W2,full_sample,10,16,10.681109678852943,11.65268100477266,13.276134091081614,16.88368257775734,18.507135664066297,19.478706989986016,2.67427969485598,,,,,,,,2024-02-13,b_elastic_eq,rev_leg=guide_cushion;scenario=backtest;,1.0
driver-lines,margin_v2,adj_ebitda_musd,2024Q1,2024-02-13,0,316.9761910182081,316.9761910182081,W1,full_sample,10,16,253.93749799866484,267.8609783297635,291.12650347716976,342.8258785592465,366.0914037066527,380.0148840377514,38.32480409602008,,,,,,,,2024-02-13,b_elastic_eq,rev_leg=guide_cushion;scenario=backtest;,1.0
driver-lines,margin_v2,adj_ebitda_musd,2024Q1,2024-02-13,0,316.9761910182081,316.9761910182081,W2,full_sample,10,16,253.93749799866484,267.8609783297635,291.12650347716976,342.8258785592465,366.0914037066527,380.0148840377514,38.32480409602008,,,,,,,,2024-02-13,b_elastic_eq,rev_leg=guide_cushion;scenario=backtest;,1.0
driver-lines,margin_v2,total_cash_costs_musd,2024Q1,2024-02-13,0,1785.0007175198805,1785.0007175198805,W1,full_sample,10,16,1674.1918924910863,1698.6664559996009,1739.5623785159944,1830.4390565237668,1871.33497904016,1895.8095425486745,67.36698221237127,,,,,,,,2024-02-13,b_elastic_eq,rev_leg=guide_cushion;scenario=backtest;,1.0
driver-lines,margin_v2,total_cash_costs_musd,2024Q1,2024-02-13,0,1785.0007175198805,1785.0007175198805,W2,full_sample,10,16,1674.1918924910863,1698.6664559996009,1739.5623785159944,1830.4390565237668,1871.33497904016,1895.8095425486745,67.36698221237127,,,,,,,,2024-02-13,b_elastic_eq,rev_leg=guide_cushion;scenario=backtest;,1.0
driver-lines,margin_v2,adj_ebitda_margin_pct,2024Q2,2024-02-13,1,35.15113978838519,35.15113978838519,W1,full_sample,10,16,28.627725068099316,30.068564530322,32.476144096965605,37.82613547980477,40.233715046448374,41.67455450867106,3.9659545465915964,,,,,,,,2024-02-13,b_elastic_eq,rev_leg=naive;scenario=backtest;,1.0
driver-lines,margin_v2,adj_ebitda_margin_pct,2024Q2,2024-02-13,1,35.15113978838519,35.15113978838519,W2,full_sample,10,16,28.627725068099316,30.068564530322,32.476144096965605,37.82613547980477,40.233715046448374,41.67455450867106,3.9659545465915964,,,,,,,,2024-02-13,b_elastic_eq,rev_leg=naive;scenario=backtest;,1.0
driver-lines,margin_v2,adj_ebitda_musd,2024Q2,2024-02-13,1,1018.2209593995041,1018.2209593995041,W1,full_sample,10,16,636.2598219466807,720.6243309462516,861.5937264568084,1174.8481923421996,1315.8175878527568,1400.1820968523275,232.21588303923426,,,,,,,,2024-02-13,b_elastic_eq,rev_leg=naive;scenario=backtest;,1.0
driver-lines,margin_v2,adj_ebitda_musd,2024Q2,2024-02-13,1,1018.2209593995041,1018.2209593995041,W2,full_sample,10,16,636.2598219466807,720.6243309462516,861.5937264568084,1174.8481923421996,1315.8175878527568,1400.1820968523275,232.21588303923426,,,,,,,,2024-02-13,b_elastic_eq,rev_leg=naive;scenario=backtest;,1.0
driver-lines,margin_v2,total_cash_costs_musd,2024Q2,2024-02-13,1,1878.4730469096444,1878.4730469096444,W1,full_sample,10,16,1762.5645605433685,1788.1654962992532,1830.9435374543316,1926.0025563649572,1968.7805975200356,1994.3815332759202,70.46735616292955,,,,,,,,2024-02-13,b_elastic_eq,rev_leg=naive;scenario=backtest;,1.0
driver-lines,margin_v2,total_cash_costs_musd,2024Q2,2024-02-13,1,1878.4730469096444,1878.4730469096444,W2,full_sample,10,16,1762.5645605433685,1788.1654962992532,1830.9435374543316,1926.0025563649572,1968.7805975200356,1994.3815332759202,70.46735616292955,,,,,,,,2024-02-13,b_elastic_eq,rev_leg=naive;scenario=backtest;,1.0
driver-lines,margin_v2,adj_ebitda_margin_pct,2024Q3,2024-02-13,2,55.28124351002765,55.28124351002765,W1,full_sample,10,16,46.88779859018671,48.74167530706811,51.8394220163057,58.7230650037496,61.820811712987194,63.67468842986859,5.102852182292431,,,,,,,,2024-02-13,b_elastic_eq,rev_leg=naive;scenario=backtest;,1.0
driver-lines,margin_v2,adj_ebitda_margin_pct,2024Q3,2024-02-13,2,55.28124351002765,55.28124351002765,W2,full_sample,10,16,46.88779859018671,48.74167530706811,51.8394220163057,58.7230650037496,61.820811712987194,63.67468842986859,5.102852182292431,,,,,,,,2024-02-13,b_elastic_eq,rev_leg=naive;scenario=backtest;,1.0
driver-lines,margin_v2,adj_ebitda_musd,2024Q3,2024-02-13,2,2189.900484561014,2189.900484561014,W1,full_sample,10,16,680.997754541513,1014.2720734816957,1571.1588477581756,2808.6421213638523,3365.528895640332,3698.8032145805146,917.3477234056753,,,,,,,,2024-02-13,b_elastic_eq,rev_leg=naive;scenario=backtest;,1.0
driver-lines,margin_v2,adj_ebitda_musd,2024Q3,2024-02-13,2,2189.900484561014,2189.900484561014,W2,full_sample,10,16,680.997754541513,1014.2720734816957,1571.1588477581756,2808.6421213638523,3365.528895640332,3698.8032145805146,917.3477234056753,,,,,,,,2024-02-13,b_elastic_eq,rev_leg=naive;scenario=backtest;,1.0
driver-lines,margin_v2,total_cash_costs_musd,2024Q3,2024-02-13,2,1771.4801673843072,1771.4801673843072,W1,full_sample,10,16,1653.0890737207121,1679.238347841787,1722.932638362775,1820.0276964058392,1863.7219869268276,1889.8712610479022,71.97667423028878,,,,,,,,2024-02-13,b_elastic_eq,rev_leg=naive;scenario=backtest;,1.0
driver-lines,margin_v2,total_cash_costs_musd,2024Q3,2024-02-13,2,1771.4801673843072,1771.4801673843072,W2,full_sample,10,16,1653.0890737207121,1679.238347841787,1722.932638362775,1820.0276964058392,1863.7219869268276,1889.8712610479022,71.97667423028878,,,,,,,,2024-02-13,b_elastic_eq,rev_leg=naive;scenario=backtest;,1.0
driver-lines,margin_v2,adj_ebitda_margin_pct,2024Q2,2024-05-08,0,34.61344323881715,34.61344323881715,W1,PIT,10,17,24.21242718915648,26.509720096958276,30.34839581929498,38.87849065833932,42.71716638067602,45.014459288477816,6.323368766215164,,,,,,,,2024-05-08,b_elastic_eq,rev_leg=guide_cushion;scenario=backtest;,1.0
driver-lines,margin_v2,adj_ebitda_margin_pct,2024Q2,2024-05-08,0,34.61344323881715,34.61344323881715,W2,PIT,10,17,24.21242718915648,26.509720096958276,30.34839581929498,38.87849065833932,42.71716638067602,45.014459288477816,6.323368766215164,,,,,,,,2024-05-08,b_elastic_eq,rev_leg=guide_cushion;scenario=backtest;,1.0
driver-lines,margin_v2,adj_ebitda_musd,2024Q2,2024-05-08,0,961.80753316681,961.80753316681,W1,PIT,10,17,421.7900547798595,541.0647792167883,740.3676140575346,1183.2474522760854,1382.5502871168317,1501.8250115537605,328.30731533711275,,,,,,,,2024-05-08,b_elastic_eq,rev_leg=guide_cushion;scenario=backtest;,1.0
driver-lines,margin_v2,adj_ebitda_musd,2024Q2,2024-05-08,0,961.80753316681,961.80753316681,W2,PIT,10,17,421.7900547798595,541.0647792167883,740.3676140575346,1183.2474522760854,1382.5502871168317,1501.8250115537605,328.30731533711275,,,,,,,,2024-05-08,b_elastic_eq,rev_leg=guide_cushion;scenario=backtest;,1.0
driver-lines,margin_v2,total_cash_costs_musd,2024Q2,2024-05-08,0,1816.90340446159,1816.90340446159,W1,PIT,10,17,1592.191167741983,1641.8238022122543,1724.7577582304912,1909.0490506926892,1991.9830067109258,2041.615641181197,136.6153395278598,,,,,,,,2024-05-08,b_elastic_eq,rev_leg=guide_cushion;scenario=backtest;,1.0
driver-lines,margin_v2,total_cash_costs_musd,2024Q2,2024-05-08,0,1816.90340446159,1816.90340446159,W2,PIT,10,17,1592.191167741983,1641.8238022122543,1724.7577582304912,1909.0490506926892,1991.9830067109258,2041.615641181197,136.6153395278598,,,,,,,,2024-05-08,b_elastic_eq,rev_leg=guide_cushion;scenario=backtest;,1.0
driver-lines,margin_v2,adj_ebitda_margin_pct,2024Q3,2024-05-08,1,56.125641520151156,56.125641520151156,W1,PIT,10,17,42.409284647585615,45.43884341509192,50.50110328222685,61.75017975807546,66.8124396252104,69.8419983927167,8.338952869616168,,,,,,,,2024-05-08,b_elastic_eq,rev_leg=naive;scenario=backtest;,1.0
driver-lines,margin_v2,adj_ebitda_margin_pct,2024Q3,2024-05-08,1,56.125641520151156,56.125641520151156,W2,PIT,10,17,42.409284647585615,45.43884341509192,50.50110328222685,61.75017975807546,66.8124396252104,69.8419983927167,8.338952869616168,,,,,,,,2024-05-08,b_elastic_eq,rev_leg=naive;scenario=backtest;,1.0
driver-lines,margin_v2,adj_ebitda_musd,2024Q3,2024-05-08,1,2246.3760103990558,2246.3760103990558,W1,PIT,10,17,603.5620712032438,966.4136227567669,1572.7226558932966,2920.029364904815,3526.338398041344,3889.189949594868,998.7599578939796,,,,,,,,2024-05-08,b_elastic_eq,rev_leg=naive;scenario=backtest;,1.0
driver-lines,margin_v2,adj_ebitda_musd,2024Q3,2024-05-08,1,2246.3760103990558,2246.3760103990558,W2,PIT,10,17,603.5620712032438,966.4136227567669,1572.7226558932966,2920.029364904815,3526.338398041344,3889.189949594868,998.7599578939796,,,,,,,,2024-05-08,b_elastic_eq,rev_leg=naive;scenario=backtest;,1.0
driver-lines,margin_v2,total_cash_costs_musd,2024Q3,2024-05-08,1,1756.0299301950035,1756.0299301950035,W1,PIT,10,17,1565.7568655287635,1607.7828522127977,1678.0064332996403,1834.0534270903668,1904.2770081772092,1946.3029948612434,115.67780959263042,,,,,,,,2024-05-08,b_elastic_eq,rev_leg=naive;scenario=backtest;,1.0
driver-lines,margin_v2,total_cash_costs_musd,2024Q3,2024-05-08,1,1756.0299301950035,1756.0299301950035,W2,PIT,10,17,1565.7568655287635,1607.7828522127977,1678.0064332996403,1834.0534270903668,1904.2770081772092,1946.3029948612434,115.67780959263042,,,,,,,,2024-05-08,b_elastic_eq,rev_leg=naive;scenario=backtest;,1.0
driver-lines,margin_v2,adj_ebitda_margin_pct,2024Q4,2024-05-08,2,36.045787649411906,36.045787649411906,W1,PIT,10,17,17.411230781601187,21.527082072288067,28.40448911631444,43.687086182509375,50.564493226535745,54.68034451722262,11.329006157433904,,,,,,,,2024-05-08,b_elastic_eq,rev_leg=naive;scenario=backtest;,1.0
driver-lines,margin_v2,adj_ebitda_margin_pct,2024Q4,2024-05-08,2,36.045787649411906,36.045787649411906,W2,PIT,10,17,17.411230781601187,21.527082072288067,28.40448911631444,43.687086182509375,50.564493226535745,54.68034451722262,11.329006157433904,,,,,,,,2024-05-08,b_elastic_eq,rev_leg=naive;scenario=backtest;,1.0
driver-lines,margin_v2,adj_ebitda_musd,2024Q4,2024-05-08,2,941.9799290852551,941.9799290852551,W1,PIT,10,17,-391.9481348036369,-97.320815120796,394.9885179045045,1488.9713402660057,1981.2806732913061,2275.907992974147,810.9706797200907,,,,,,,,2024-05-08,b_elastic_eq,rev_leg=naive;scenario=backtest;,1.0
driver-lines,margin_v2,adj_ebitda_musd,2024Q4,2024-05-08,2,941.9799290852551,941.9799290852551,W2,PIT,10,17,-391.9481348036369,-97.320815120796,394.9885179045045,1488.9713402660057,1981.2806732913061,2275.907992974147,810.9706797200907,,,,,,,,2024-05-08,b_elastic_eq,rev_leg=naive;scenario=backtest;,1.0
driver-lines,margin_v2,total_cash_costs_musd,2024Q4,2024-05-08,2,1671.3071996276158,1671.3071996276158,W1,PIT,10,17,1466.7685223737178,1511.9453830172383,1587.4339363378551,1755.1804629173766,1830.6690162379932,1875.8458768815135,124.35068622670363,,,,,,,,2024-05-08,b_elastic_eq,rev_leg=naive;scenario=backtest;,1.0
driver-lines,margin_v2,total_cash_costs_musd,2024Q4,2024-05-08,2,1671.3071996276158,1671.3071996276158,W2,PIT,10,17,1466.7685223737178,1511.9453830172383,1587.4339363378551,1755.1804629173766,1830.6690162379932,1875.8458768815135,124.35068622670363,,,,,,,,2024-05-08,b_elastic_eq,rev_leg=naive;scenario=backtest;,1.0
driver-lines,margin_v2,adj_ebitda_margin_pct,2024Q2,2024-05-08,0,34.07729998087395,34.07729998087395,W1,full_sample,10,17,29.678501325307415,30.650072651227134,32.27352573753609,35.881074224211815,37.50452731052077,38.47609863644049,2.67427969485598,,,,,,,,2024-05-08,b_elastic_eq,rev_leg=guide_cushion;scenario=backtest;,1.0
driver-lines,margin_v2,adj_ebitda_margin_pct,2024Q2,2024-05-08,0,34.07729998087395,34.07729998087395,W2,full_sample,10,17,29.678501325307415,30.650072651227134,32.27352573753609,35.881074224211815,37.50452731052077,38.47609863644049,2.67427969485598,,,,,,,,2024-05-08,b_elastic_eq,rev_leg=guide_cushion;scenario=backtest;,1.0
driver-lines,margin_v2,adj_ebitda_musd,2024Q2,2024-05-08,0,946.9096618169852,946.9096618169852,W1,full_sample,10,17,758.5928444031133,800.1867509021624,869.6883449447874,1024.1309786891832,1093.632572731808,1135.2264792308572,114.48849571064461,,,,,,,,2024-05-08,b_elastic_eq,rev_leg=guide_cushion;scenario=backtest;,1.0
driver-lines,margin_v2,adj_ebitda_musd,2024Q2,2024-05-08,0,946.9096618169852,946.9096618169852,W2,full_sample,10,17,758.5928444031133,800.1867509021624,869.6883449447874,1024.1309786891832,1093.632572731808,1135.2264792308572,114.48849571064461,,,,,,,,2024-05-08,b_elastic_eq,rev_leg=guide_cushion;scenario=backtest;,1.0
driver-lines,margin_v2,total_cash_costs_musd,2024Q2,2024-05-08,0,1831.801275811415,1831.801275811415,W1,full_sample,10,17,1718.0871775106964,1743.2034344509825,1785.1715985563171,1878.4309530665132,1920.3991171718474,1945.5153741121335,69.13326294660843,,,,,,,,2024-05-08,b_elastic_eq,rev_leg=guide_cushion;scenario=backtest;,1.0
driver-lines,margin_v2,total_cash_costs_musd,2024Q2,2024-05-08,0,1831.801275811415,1831.801275811415,W2,full_sample,10,17,1718.0871775106964,1743.2034344509825,1785.1715985563171,1878.4309530665132,1920.3991171718474,1945.5153741121335,69.13326294660843,,,,,,,,2024-05-08,b_elastic_eq,rev_leg=guide_cushion;scenario=backtest;,1.0
driver-lines,margin_v2,adj_ebitda_margin_pct,2024Q3,2024-05-08,1,55.93832755559438,55.93832755559438,W1,full_sample,10,17,49.414912835308506,50.85575229753119,53.263331864174795,58.61332324701396,61.020902813657564,62.46174227588025,3.9659545465915964,,,,,,,,2024-05-08,b_elastic_eq,rev_leg=naive;scenario=backtest;,1.0
driver-lines,margin_v2,adj_ebitda_margin_pct,2024Q3,2024-05-08,1,55.93832755559438,55.93832755559438,W2,full_sample,10,17,49.414912835308506,50.85575229753119,53.263331864174795,58.61332324701396,61.020902813657564,62.46174227588025,3.9659545465915964,,,,,,,,2024-05-08,b_elastic_eq,rev_leg=naive;scenario=backtest;,1.0
driver-lines,margin_v2,adj_ebitda_musd,2024Q3,2024-05-08,1,2238.878945154073,2238.878945154073,W1,full_sample,10,17,1399.017281910998,1584.5191822340807,1894.4847241983866,2583.273166109759,2893.2387080740655,3078.7406083971478,510.59963602940894,,,,,,,,2024-05-08,b_elastic_eq,rev_leg=naive;scenario=backtest;,1.0
driver-lines,margin_v2,adj_ebitda_musd,2024Q3,2024-05-08,1,2238.878945154073,2238.878945154073,W2,full_sample,10,17,1399.017281910998,1584.5191822340807,1894.4847241983866,2583.273166109759,2893.2387080740655,3078.7406083971478,510.59963602940894,,,,,,,,2024-05-08,b_elastic_eq,rev_leg=naive;scenario=backtest;,1.0
driver-lines,margin_v2,total_cash_costs_musd,2024Q3,2024-05-08,1,1763.5269954399864,1763.5269954399864,W1,full_sample,10,17,1654.7110903921098,1678.7454737378291,1718.9058745022337,1808.1481163777391,1848.3085171421437,1872.342900487863,66.15537289451888,,,,,,,,2024-05-08,b_elastic_eq,rev_leg=naive;scenario=backtest;,1.0
driver-lines,margin_v2,total_cash_costs_musd,2024Q3,2024-05-08,1,1763.5269954399864,1763.5269954399864,W2,full_sample,10,17,1654.7110903921098,1678.7454737378291,1718.9058745022337,1808.1481163777391,1848.3085171421437,1872.342900487863,66.15537289451888,,,,,,,,2024-05-08,b_elastic_eq,rev_leg=naive;scenario=backtest;,1.0
driver-lines,margin_v2,adj_ebitda_margin_pct,2024Q4,2024-05-08,2,35.62384069118518,35.62384069118518,W1,full_sample,10,17,27.23039577134424,29.084272488225633,32.18201919746323,39.06566218490713,42.16340889414472,44.01728561102612,5.102852182292431,,,,,,,,2024-05-08,b_elastic_eq,rev_leg=naive;scenario=backtest;,1.0
driver-lines,margin_v2,adj_ebitda_margin_pct,2024Q4,2024-05-08,2,35.62384069118518,35.62384069118518,W2,full_sample,10,17,27.23039577134424,29.084272488225633,32.18201919746323,39.06566218490713,42.16340889414472,44.01728561102612,5.102852182292431,,,,,,,,2024-05-08,b_elastic_eq,rev_leg=naive;scenario=backtest;,1.0
driver-lines,margin_v2,adj_ebitda_musd,2024Q4,2024-05-08,2,930.9532435359205,930.9532435359205,W1,full_sample,10,17,289.5004010002705,431.17935417278557,667.9186728998053,1193.9878141720355,1430.7271328990553,1572.4060860715704,389.9756379687727,,,,,,,,2024-05-08,b_elastic_eq,rev_leg=naive;scenario=backtest;,1.0
driver-lines,margin_v2,adj_ebitda_musd,2024Q4,2024-05-08,2,930.9532435359205,930.9532435359205,W2,full_sample,10,17,289.5004010002705,431.17935417278557,667.9186728998053,1193.9878141720355,1430.7271328990553,1572.4060860715704,389.9756379687727,,,,,,,,2024-05-08,b_elastic_eq,rev_leg=naive;scenario=backtest;,1.0
driver-lines,margin_v2,total_cash_costs_musd,2024Q4,2024-05-08,2,1682.3338851769504,1682.3338851769504,W1,full_sample,10,17,1569.9005922502138,1594.7339551840034,1636.2294158081907,1728.43835454571,1769.9338151698976,1794.767178103687,68.35458856914669,,,,,,,,2024-05-08,b_elastic_eq,rev_leg=naive;scenario=backtest;,1.0
driver-lines,margin_v2,total_cash_costs_musd,2024Q4,2024-05-08,2,1682.3338851769504,1682.3338851769504,W2,full_sample,10,17,1569.9005922502138,1594.7339551840034,1636.2294158081907,1728.43835454571,1769.9338151698976,1794.767178103687,68.35458856914669,,,,,,,,2024-05-08,b_elastic_eq,rev_leg=naive;scenario=backtest;,1.0
driver-lines,margin_v2,adj_ebitda_margin_pct,2024Q3,2024-08-06,0,54.14951665715503,54.14951665715503,W1,PIT,10,18,45.34927383078709,47.29300080278886,50.54088334877805,57.75814996553201,61.006032511521205,62.949759483522975,5.350167748772926,,,,,,,,2024-08-06,b_elastic_eq,rev_leg=guide_cushion;scenario=backtest;,1.0
driver-lines,margin_v2,adj_ebitda_margin_pct,2024Q3,2024-08-06,0,54.14951665715503,54.14951665715503,W2,PIT,10,18,45.34927383078709,47.29300080278886,50.54088334877805,57.75814996553201,61.006032511521205,62.949759483522975,5.350167748772926,,,,,,,,2024-08-06,b_elastic_eq,rev_leg=guide_cushion;scenario=backtest;,1.0
driver-lines,margin_v2,adj_ebitda_musd,2024Q3,2024-08-06,0,2054.3308507356214,2054.3308507356214,W1,PIT,10,18,1041.2674448856928,1265.0247553542702,1638.9134103333886,2469.7482911378543,2843.636946116973,3067.39425658555,615.8988187462693,,,,,,,,2024-08-06,b_elastic_eq,rev_leg=guide_cushion;scenario=backtest;,1.0
driver-lines,margin_v2,adj_ebitda_musd,2024Q3,2024-08-06,0,2054.3308507356214,2054.3308507356214,W2,PIT,10,18,1041.2674448856928,1265.0247553542702,1638.9134103333886,2469.7482911378543,2843.636946116973,3067.39425658555,615.8988187462693,,,,,,,,2024-08-06,b_elastic_eq,rev_leg=guide_cushion;scenario=backtest;,1.0
driver-lines,margin_v2,total_cash_costs_musd,2024Q3,2024-08-06,0,1739.481130528246,1739.481130528246,W1,PIT,10,18,1549.2152924006525,1591.2396829448576,1661.4605969520296,1817.5016641044626,1887.7225781116342,1929.7469686558395,115.67341616908922,,,,,,,,2024-08-06,b_elastic_eq,rev_leg=guide_cushion;scenario=backtest;,1.0
driver-lines,margin_v2,total_cash_costs_musd,2024Q3,2024-08-06,0,1739.481130528246,1739.481130528246,W2,PIT,10,18,1549.2152924006525,1591.2396829448576,1661.4605969520296,1817.5016641044626,1887.7225781116342,1929.7469686558395,115.67341616908922,,,,,,,,2024-08-06,b_elastic_eq,rev_leg=guide_cushion;scenario=backtest;,1.0
driver-lines,margin_v2,adj_ebitda_margin_pct,2024Q4,2024-08-06,1,32.75556195846863,32.75556195846863,W1,PIT,10,18,20.222669362392722,22.99083404339484,27.616315853008967,37.8948080639283,42.520289873542424,45.28845455454454,7.619457677400777,,,,,,,,2024-08-06,b_elastic_eq,rev_leg=naive;scenario=backtest;,1.0
driver-lines,margin_v2,adj_ebitda_margin_pct,2024Q4,2024-08-06,1,32.75556195846863,32.75556195846863,W2,PIT,10,18,20.222669362392722,22.99083404339484,27.616315853008967,37.8948080639283,42.520289873542424,45.28845455454454,7.619457677400777,,,,,,,,2024-08-06,b_elastic_eq,rev_leg=naive;scenario=backtest;,1.0
driver-lines,margin_v2,adj_ebitda_musd,2024Q4,2024-08-06,1,803.7328763801596,803.7328763801596,W1,PIT,10,18,245.00743543353101,368.4142244209394,574.6215579519422,1032.844194808377,1239.05152833938,1362.4583173267881,339.68094898641857,,,,,,,,2024-08-06,b_elastic_eq,rev_leg=naive;scenario=backtest;,1.0
driver-lines,margin_v2,adj_ebitda_musd,2024Q4,2024-08-06,1,803.7328763801596,803.7328763801596,W2,PIT,10,18,245.00743543353101,368.4142244209394,574.6215579519422,1032.844194808377,1239.05152833938,1362.4583173267881,339.68094898641857,,,,,,,,2024-08-06,b_elastic_eq,rev_leg=naive;scenario=backtest;,1.0
driver-lines,margin_v2,total_cash_costs_musd,2024Q4,2024-08-06,1,1649.996592218874,1649.996592218874,W1,PIT,10,18,1498.5011209564282,1531.962224182652,1587.874260545492,1712.1189238922561,1768.0309602550958,1801.4920634813195,92.10270675769699,,,,,,,,2024-08-06,b_elastic_eq,rev_leg=naive;scenario=backtest;,1.0
driver-lines,margin_v2,total_cash_costs_musd,2024Q4,2024-08-06,1,1649.996592218874,1649.996592218874,W2,PIT,10,18,1498.5011209564282,1531.962224182652,1587.874260545492,1712.1189238922561,1768.0309602550958,1801.4920634813195,92.10270675769699,,,,,,,,2024-08-06,b_elastic_eq,rev_leg=naive;scenario=backtest;,1.0
driver-lines,margin_v2,adj_ebitda_margin_pct,2025Q1,2024-08-06,2,18.78867899649707,18.78867899649707,W1,PIT,10,18,1.8620884965542537,5.600697890398283,11.847750265265578,25.72960772772856,31.976660102595854,35.71526949643989,10.290636335413083,,,,,,,,2024-08-06,b_elastic_eq,rev_leg=naive;scenario=backtest;,1.0
driver-lines,margin_v2,adj_ebitda_margin_pct,2025Q1,2024-08-06,2,18.78867899649707,18.78867899649707,W2,PIT,10,18,1.8620884965542537,5.600697890398283,11.847750265265578,25.72960772772856,31.976660102595854,35.71526949643989,10.290636335413083,,,,,,,,2024-08-06,b_elastic_eq,rev_leg=naive;scenario=backtest;,1.0
driver-lines,margin_v2,adj_ebitda_musd,2025Q1,2024-08-06,2,445.2263402900362,445.2263402900362,W1,PIT,10,18,-130.95561423626972,-3.6931707002996124,208.95679252716775,681.4958880529047,894.145851280372,1021.4082948163422,350.293755678544,,,,,,,,2024-08-06,b_elastic_eq,rev_leg=naive;scenario=backtest;,1.0
driver-lines,margin_v2,adj_ebitda_musd,2025Q1,2024-08-06,2,445.2263402900362,445.2263402900362,W2,PIT,10,18,-130.95561423626972,-3.6931707002996124,208.95679252716775,681.4958880529047,894.145851280372,1021.4082948163422,350.293755678544,,,,,,,,2024-08-06,b_elastic_eq,rev_leg=naive;scenario=backtest;,1.0
driver-lines,margin_v2,total_cash_costs_musd,2025Q1,2024-08-06,2,1924.4258336230073,1924.4258336230073,W1,PIT,10,18,1711.3806145225947,1758.4363318240237,1837.0643722400691,2011.7872950059455,2090.415335421991,2137.4710527234197,129.5222964582356,,,,,,,,2024-08-06,b_elastic_eq,rev_leg=naive;scenario=backtest;,1.0
driver-lines,margin_v2,total_cash_costs_musd,2025Q1,2024-08-06,2,1924.4258336230073,1924.4258336230073,W2,PIT,10,18,1711.3806145225947,1758.4363318240237,1837.0643722400691,2011.7872950059455,2090.415335421991,2137.4710527234197,129.5222964582356,,,,,,,,2024-08-06,b_elastic_eq,rev_leg=naive;scenario=backtest;,1.0
driver-lines,margin_v2,adj_ebitda_margin_pct,2024Q3,2024-08-06,0,53.955291818559395,53.955291818559395,W1,full_sample,10,18,49.55649316299286,50.52806448891258,52.15151757522153,55.75906606189726,57.382519148206214,58.35409047412593,2.67427969485598,,,,,,,,2024-08-06,b_elastic_eq,rev_leg=guide_cushion;scenario=backtest;,1.0
driver-lines,margin_v2,adj_ebitda_margin_pct,2024Q3,2024-08-06,0,53.955291818559395,53.955291818559395,W2,full_sample,10,18,49.55649316299286,50.52806448891258,52.15151757522153,55.75906606189726,57.382519148206214,58.35409047412593,2.67427969485598,,,,,,,,2024-08-06,b_elastic_eq,rev_leg=guide_cushion;scenario=backtest;,1.0
driver-lines,margin_v2,adj_ebitda_musd,2024Q3,2024-08-06,0,2046.9623255383895,2046.9623255383895,W1,full_sample,10,18,1639.8723505857513,1729.7871154347508,1880.030745114404,2213.8939059623754,2364.137535642028,2454.0523004910274,247.49313147524725,,,,,,,,2024-08-06,b_elastic_eq,rev_leg=guide_cushion;scenario=backtest;,1.0
driver-lines,margin_v2,adj_ebitda_musd,2024Q3,2024-08-06,0,2046.9623255383895,2046.9623255383895,W2,full_sample,10,18,1639.8723505857513,1729.7871154347508,1880.030745114404,2213.8939059623754,2364.137535642028,2454.0523004910274,247.49313147524725,,,,,,,,2024-08-06,b_elastic_eq,rev_leg=guide_cushion;scenario=backtest;,1.0
driver-lines,margin_v2,total_cash_costs_musd,2024Q3,2024-08-06,0,1746.849655725478,1746.849655725478,W1,full_sample,10,18,1638.4091627032458,1662.360628055194,1702.382476487612,1791.3168349633443,1831.3386833957618,1855.29014874771,65.92713858874653,,,,,,,,2024-08-06,b_elastic_eq,rev_leg=guide_cushion;scenario=backtest;,1.0
driver-lines,margin_v2,total_cash_costs_musd,2024Q3,2024-08-06,0,1746.849655725478,1746.849655725478,W2,full_sample,10,18,1638.4091627032458,1662.360628055194,1702.382476487612,1791.3168349633443,1831.3386833957618,1855.29014874771,65.92713858874653,,,,,,,,2024-08-06,b_elastic_eq,rev_leg=guide_cushion;scenario=backtest;,1.0
driver-lines,margin_v2,adj_ebitda_margin_pct,2024Q4,2024-08-06,1,32.29627263269352,32.29627263269352,W1,full_sample,10,18,25.772857912407652,27.213697374630335,29.62127694127394,34.971268324113105,37.37884789075671,38.81968735297939,3.9659545465915964,,,,,,,,2024-08-06,b_elastic_eq,rev_leg=naive;scenario=backtest;,1.0
driver-lines,margin_v2,adj_ebitda_margin_pct,2024Q4,2024-08-06,1,32.29627263269352,32.29627263269352,W2,full_sample,10,18,25.772857912407652,27.213697374630335,29.62127694127394,34.971268324113105,37.37884789075671,38.81968735297939,3.9659545465915964,,,,,,,,2024-08-06,b_elastic_eq,rev_leg=naive;scenario=backtest;,1.0
driver-lines,margin_v2,adj_ebitda_musd,2024Q4,2024-08-06,1,792.4631588474859,792.4631588474859,W1,full_sample,10,18,495.1896380575047,560.8490263064416,670.5629851833039,914.3633325116679,1024.0772913885305,1089.7366796374672,180.72946791073446,,,,,,,,2024-08-06,b_elastic_eq,rev_leg=naive;scenario=backtest;,1.0
driver-lines,margin_v2,adj_ebitda_musd,2024Q4,2024-08-06,1,792.4631588474859,792.4631588474859,W2,full_sample,10,18,495.1896380575047,560.8490263064416,670.5629851833039,914.3633325116679,1024.0772913885305,1089.7366796374672,180.72946791073446,,,,,,,,2024-08-06,b_elastic_eq,rev_leg=naive;scenario=backtest;,1.0
driver-lines,margin_v2,total_cash_costs_musd,2024Q4,2024-08-06,1,1661.2663097515479,1661.2663097515479,W1,full_sample,10,18,1558.7602537123776,1581.400968275375,1619.2326096103466,1703.3000098927491,1741.1316512277208,1763.7723657907181,62.31925708134415,,,,,,,,2024-08-06,b_elastic_eq,rev_leg=naive;scenario=backtest;,1.0
driver-lines,margin_v2,total_cash_costs_musd,2024Q4,2024-08-06,1,1661.2663097515479,1661.2663097515479,W2,full_sample,10,18,1558.7602537123776,1581.400968275375,1619.2326096103466,1703.3000098927491,1741.1316512277208,1763.7723657907181,62.31925708134415,,,,,,,,2024-08-06,b_elastic_eq,rev_leg=naive;scenario=backtest;,1.0
driver-lines,margin_v2,adj_ebitda_margin_pct,2025Q1,2024-08-06,2,18.135812868160844,18.135812868160844,W1,full_sample,10,18,9.742367948319904,11.596244665201297,14.693991374438891,21.577634361882797,24.67538107112039,26.529257788001786,5.102852182292431,,,,,,,,2024-08-06,b_elastic_eq,rev_leg=naive;scenario=backtest;,1.0
driver-lines,margin_v2,adj_ebitda_margin_pct,2025Q1,2024-08-06,2,18.135812868160844,18.135812868160844,W2,full_sample,10,18,9.742367948319904,11.596244665201297,14.693991374438891,21.577634361882797,24.67538107112039,26.529257788001786,5.102852182292431,,,,,,,,2024-08-06,b_elastic_eq,rev_leg=naive;scenario=backtest;,1.0
driver-lines,margin_v2,adj_ebitda_musd,2025Q1,2024-08-06,2,429.7556838871749,429.7556838871749,W1,full_sample,10,18,133.64198866200323,199.0452039532596,308.33110904994095,551.1802587244089,660.4661638210902,725.8693791123466,180.02434403478253,,,,,,,,2024-08-06,b_elastic_eq,rev_leg=naive;scenario=backtest;,1.0
driver-lines,margin_v2,adj_ebitda_musd,2025Q1,2024-08-06,2,429.7556838871749,429.7556838871749,W2,full_sample,10,18,133.64198866200323,199.0452039532596,308.33110904994095,551.1802587244089,660.4661638210902,725.8693791123466,180.02434403478253,,,,,,,,2024-08-06,b_elastic_eq,rev_leg=naive;scenario=backtest;,1.0
driver-lines,margin_v2,total_cash_costs_musd,2025Q1,2024-08-06,2,1939.8964900258686,1939.8964900258686,W1,full_sample,10,18,1810.2498412646535,1838.885152016734,1886.7335007459167,1993.0594793058203,2040.9078280350034,2069.543138787084,78.81956584884625,,,,,,,,2024-08-06,b_elastic_eq,rev_leg=naive;scenario=backtest;,1.0
driver-lines,margin_v2,total_cash_costs_musd,2025Q1,2024-08-06,2,1939.8964900258686,1939.8964900258686,W2,full_sample,10,18,1810.2498412646535,1838.885152016734,1886.7335007459167,1993.0594793058203,2040.9078280350034,2069.543138787084,78.81956584884625,,,,,,,,2024-08-06,b_elastic_eq,rev_leg=naive;scenario=backtest;,1.0
driver-lines,margin_v2,adj_ebitda_margin_pct,2024Q4,2024-11-07,0,32.86399514710448,32.86399514710448,W1,PIT,10,19,24.056378742544993,26.00173433128994,29.252338224449012,36.47565206975995,39.726255962919026,41.67161155166397,5.354650566010114,,,,,,,,2024-11-07,b_elastic_eq,rev_leg=guide_cushion;scenario=backtest;,1.0
driver-lines,margin_v2,adj_ebitda_margin_pct,2024Q4,2024-11-07,0,32.86399514710448,32.86399514710448,W2,PIT,10,19,24.056378742544993,26.00173433128994,29.252338224449012,36.47565206975995,39.726255962919026,41.67161155166397,5.354650566010114,,,,,,,,2024-11-07,b_elastic_eq,rev_leg=guide_cushion;scenario=backtest;,1.0
driver-lines,margin_v2,adj_ebitda_musd,2024Q4,2024-11-07,0,813.5528754554844,813.5528754554844,W1,PIT,10,19,411.0415690660795,499.9450343682587,648.4988268463932,978.6069240645755,1127.1607165427101,1216.0641818448892,244.70949864117,,,,,,,,2024-11-07,b_elastic_eq,rev_leg=guide_cushion;scenario=backtest;,1.0
driver-lines,margin_v2,adj_ebitda_musd,2024Q4,2024-11-07,0,813.5528754554844,813.5528754554844,W2,PIT,10,19,411.0415690660795,499.9450343682587,648.4988268463932,978.6069240645755,1127.1607165427101,1216.0641818448892,244.70949864117,,,,,,,,2024-11-07,b_elastic_eq,rev_leg=guide_cushion;scenario=backtest;,1.0
driver-lines,margin_v2,total_cash_costs_musd,2024Q4,2024-11-07,0,1661.961351630699,1661.961351630699,W1,PIT,10,19,1480.1799123524263,1520.3303370061412,1587.4199361758006,1736.5027670855975,1803.592366255257,1843.7427909089718,110.51526792398028,,,,,,,,2024-11-07,b_elastic_eq,rev_leg=guide_cushion;scenario=backtest;,1.0
driver-lines,margin_v2,total_cash_costs_musd,2024Q4,2024-11-07,0,1661.961351630699,1661.961351630699,W2,PIT,10,19,1480.1799123524263,1520.3303370061412,1587.4199361758006,1736.5027670855975,1803.592366255257,1843.7427909089718,110.51526792398028,,,,,,,,2024-11-07,b_elastic_eq,rev_leg=guide_cushion;scenario=backtest;,1.0
driver-lines,margin_v2,adj_ebitda_margin_pct,2025Q1,2024-11-07,1,18.15138944481107,18.15138944481107,W1,PIT,10,19,6.495116948993358,9.069660821264451,13.371610748944475,22.931168140677663,27.23311806835769,29.807661940628783,7.086510498457627,,,,,,,,2024-11-07,b_elastic_eq,rev_leg=naive;scenario=backtest;,1.0
driver-lines,margin_v2,adj_ebitda_margin_pct,2025Q1,2024-11-07,1,18.15138944481107,18.15138944481107,W2,PIT,10,19,6.495116948993358,9.069660821264451,13.371610748944475,22.931168140677663,27.23311806835769,29.807661940628783,7.086510498457627,,,,,,,,2024-11-07,b_elastic_eq,rev_leg=naive;scenario=backtest;,1.0
driver-lines,margin_v2,adj_ebitda_musd,2025Q1,2024-11-07,1,427.14510080662586,427.14510080662586,W1,PIT,10,19,149.7352891969142,211.00734086213734,313.39025267380975,540.899948939442,643.2828607511143,704.5549124163375,168.653190207481,,,,,,,,2024-11-07,b_elastic_eq,rev_leg=naive;scenario=backtest;,1.0
driver-lines,margin_v2,adj_ebitda_musd,2025Q1,2024-11-07,1,427.14510080662586,427.14510080662586,W2,PIT,10,19,149.7352891969142,211.00734086213734,313.39025267380975,540.899948939442,643.2828607511143,704.5549124163375,168.653190207481,,,,,,,,2024-11-07,b_elastic_eq,rev_leg=naive;scenario=backtest;,1.0
driver-lines,margin_v2,total_cash_costs_musd,2025Q1,2024-11-07,1,1926.0912842390028,1926.0912842390028,W1,PIT,10,19,1754.3890311358266,1792.3132460802294,1855.6829464355305,1996.499622042475,2059.869322397776,2097.793537342179,104.38755782871974,,,,,,,,2024-11-07,b_elastic_eq,rev_leg=naive;scenario=backtest;,1.0
driver-lines,margin_v2,total_cash_costs_musd,2025Q1,2024-11-07,1,1926.0912842390028,1926.0912842390028,W2,PIT,10,19,1754.3890311358266,1792.3132460802294,1855.6829464355305,1996.499622042475,2059.869322397776,2097.793537342179,104.38755782871974,,,,,,,,2024-11-07,b_elastic_eq,rev_leg=naive;scenario=backtest;,1.0
driver-lines,margin_v2,adj_ebitda_margin_pct,2025Q2,2024-11-07,2,31.45876348674635,31.45876348674635,W1,PIT,10,19,16.31637063906964,19.660900782088817,25.249464007540034,37.668062965952664,43.25662619140388,46.60115633442306,9.205921183236963,,,,,,,,2024-11-07,b_elastic_eq,rev_leg=naive;scenario=backtest;,1.0
driver-lines,margin_v2,adj_ebitda_margin_pct,2025Q2,2024-11-07,2,31.45876348674635,31.45876348674635,W2,PIT,10,19,16.31637063906964,19.660900782088817,25.249464007540034,37.668062965952664,43.25662619140388,46.60115633442306,9.205921183236963,,,,,,,,2024-11-07,b_elastic_eq,rev_leg=naive;scenario=backtest;,1.0
driver-lines,margin_v2,adj_ebitda_musd,2025Q2,2024-11-07,2,949.7394214124602,949.7394214124602,W1,PIT,10,19,-219.72352682215347,38.57805872380943,470.18868273654437,1429.2901600883758,1860.9007841011107,2119.2023696470737,710.982989046913,,,,,,,,2024-11-07,b_elastic_eq,rev_leg=naive;scenario=backtest;,1.0
driver-lines,margin_v2,adj_ebitda_musd,2025Q2,2024-11-07,2,949.7394214124602,949.7394214124602,W2,PIT,10,19,-219.72352682215347,38.57805872380943,470.18868273654437,1429.2901600883758,1860.9007841011107,2119.2023696470737,710.982989046913,,,,,,,,2024-11-07,b_elastic_eq,rev_leg=naive;scenario=backtest;,1.0
driver-lines,margin_v2,total_cash_costs_musd,2025Q2,2024-11-07,2,2069.2585179457974,2069.2585179457974,W1,PIT,10,19,1867.3610988855464,1911.954579627818,1986.468330712195,2152.0487051794,2226.5624562637768,2271.1559370060486,122.74491526303304,,,,,,,,2024-11-07,b_elastic_eq,rev_leg=naive;scenario=backtest;,1.0
driver-lines,margin_v2,total_cash_costs_musd,2025Q2,2024-11-07,2,2069.2585179457974,2069.2585179457974,W2,PIT,10,19,1867.3610988855464,1911.954579627818,1986.468330712195,2152.0487051794,2226.5624562637768,2271.1559370060486,122.74491526303304,,,,,,,,2024-11-07,b_elastic_eq,rev_leg=naive;scenario=backtest;,1.0
driver-lines,margin_v2,adj_ebitda_margin_pct,2024Q4,2024-11-07,0,32.67493227523685,32.67493227523685,W1,full_sample,10,19,28.27613361967031,29.24770494559003,30.871158031898986,34.47870651857471,36.10215960488367,37.073730930803386,2.67427969485598,,,,,,,,2024-11-07,b_elastic_eq,rev_leg=guide_cushion;scenario=backtest;,1.0
driver-lines,margin_v2,adj_ebitda_margin_pct,2024Q4,2024-11-07,0,32.67493227523685,32.67493227523685,W2,full_sample,10,19,28.27613361967031,29.24770494559003,30.871158031898986,34.47870651857471,36.10215960488367,37.073730930803386,2.67427969485598,,,,,,,,2024-11-07,b_elastic_eq,rev_leg=guide_cushion;scenario=backtest;,1.0
driver-lines,margin_v2,adj_ebitda_musd,2024Q4,2024-11-07,0,808.8725971642634,808.8725971642634,W1,full_sample,10,19,648.0079240770988,683.5384213702988,742.908324484858,874.836869843669,934.206772958228,969.7372702514281,97.79877701659503,,,,,,,,2024-11-07,b_elastic_eq,rev_leg=guide_cushion;scenario=backtest;,1.0
driver-lines,margin_v2,adj_ebitda_musd,2024Q4,2024-11-07,0,808.8725971642634,808.8725971642634,W2,full_sample,10,19,648.0079240770988,683.5384213702988,742.908324484858,874.836869843669,934.206772958228,969.7372702514281,97.79877701659503,,,,,,,,2024-11-07,b_elastic_eq,rev_leg=guide_cushion;scenario=backtest;,1.0
driver-lines,margin_v2,total_cash_costs_musd,2024Q4,2024-11-07,0,1666.64162992192,1666.64162992192,W1,full_sample,10,19,1563.1802705268835,1586.0319848243057,1624.2161974640542,1709.0670623797857,1747.251275019534,1770.1029893169564,62.90004028309135,,,,,,,,2024-11-07,b_elastic_eq,rev_leg=guide_cushion;scenario=backtest;,1.0
driver-lines,margin_v2,total_cash_costs_musd,2024Q4,2024-11-07,0,1666.64162992192,1666.64162992192,W2,full_sample,10,19,1563.1802705268835,1586.0319848243057,1624.2161974640542,1709.0670623797857,1747.251275019534,1770.1029893169564,62.90004028309135,,,,,,,,2024-11-07,b_elastic_eq,rev_leg=guide_cushion;scenario=backtest;,1.0
driver-lines,margin_v2,adj_ebitda_margin_pct,2025Q1,2024-11-07,1,17.82036243727625,17.82036243727625,W1,full_sample,10,19,11.29694771699038,12.737787179213061,15.145366745856668,20.495358128695827,22.902937695339435,24.343777157562116,3.9659545465915964,,,,,,,,2024-11-07,b_elastic_eq,rev_leg=naive;scenario=backtest;,1.0
driver-lines,margin_v2,adj_ebitda_margin_pct,2025Q1,2024-11-07,1,17.82036243727625,17.82036243727625,W2,full_sample,10,19,11.29694771699038,12.737787179213061,15.145366745856668,20.495358128695827,22.902937695339435,24.343777157562116,3.9659545465915964,,,,,,,,2024-11-07,b_elastic_eq,rev_leg=naive;scenario=backtest;,1.0
driver-lines,margin_v2,adj_ebitda_musd,2025Q1,2024-11-07,1,419.3552528209887,419.3552528209887,W1,full_sample,10,19,262.04420173165954,296.7898035325675,354.84818069386193,483.86232494811543,541.9207021094101,576.6663039103179,95.63832824497902,,,,,,,,2024-11-07,b_elastic_eq,rev_leg=naive;scenario=backtest;,1.0
driver-lines,margin_v2,adj_ebitda_musd,2025Q1,2024-11-07,1,419.3552528209887,419.3552528209887,W2,full_sample,10,19,262.04420173165954,296.7898035325675,354.84818069386193,483.86232494811543,541.9207021094101,576.6663039103179,95.63832824497902,,,,,,,,2024-11-07,b_elastic_eq,rev_leg=naive;scenario=backtest;,1.0
driver-lines,margin_v2,total_cash_costs_musd,2025Q1,2024-11-07,1,1933.88113222464,1933.88113222464,W1,full_sample,10,19,1814.5537693874558,1840.9098391256136,1884.9496760556322,1982.8125883936477,2026.8524253236662,2053.208495061824,72.54588547088059,,,,,,,,2024-11-07,b_elastic_eq,rev_leg=naive;scenario=backtest;,1.0
driver-lines,margin_v2,total_cash_costs_musd,2025Q1,2024-11-07,1,1933.88113222464,1933.88113222464,W2,full_sample,10,19,1814.5537693874558,1840.9098391256136,1884.9496760556322,1982.8125883936477,2026.8524253236662,2053.208495061824,72.54588547088059,,,,,,,,2024-11-07,b_elastic_eq,rev_leg=naive;scenario=backtest;,1.0
driver-lines,margin_v2,adj_ebitda_margin_pct,2025Q2,2024-11-07,2,31.218289315432756,31.218289315432756,W1,full_sample,10,19,22.824844395591818,24.67872111247321,27.776467821710803,34.66011080915471,37.7578575183923,39.611734235273694,5.102852182292431,,,,,,,,2024-11-07,b_elastic_eq,rev_leg=naive;scenario=backtest;,1.0
driver-lines,margin_v2,adj_ebitda_margin_pct,2025Q2,2024-11-07,2,31.218289315432756,31.218289315432756,W2,full_sample,10,19,22.824844395591818,24.67872111247321,27.776467821710803,34.66011080915471,37.7578575183923,39.611734235273694,5.102852182292431,,,,,,,,2024-11-07,b_elastic_eq,rev_leg=naive;scenario=backtest;,1.0
driver-lines,margin_v2,adj_ebitda_musd,2025Q2,2024-11-07,2,942.4795111358139,942.4795111358139,W1,full_sample,10,19,293.08474759917334,436.51784851098483,676.1882711983925,1208.7707510732353,1448.4411737606429,1591.8742746724545,394.8039830998285,,,,,,,,2024-11-07,b_elastic_eq,rev_leg=naive;scenario=backtest;,1.0
driver-lines,margin_v2,adj_ebitda_musd,2025Q2,2024-11-07,2,942.4795111358139,942.4795111358139,W2,full_sample,10,19,293.08474759917334,436.51784851098483,676.1882711983925,1208.7707510732353,1448.4411737606429,1591.8742746724545,394.8039830998285,,,,,,,,2024-11-07,b_elastic_eq,rev_leg=naive;scenario=backtest;,1.0
driver-lines,margin_v2,total_cash_costs_musd,2025Q2,2024-11-07,2,2076.5184282224436,2076.5184282224436,W1,full_sample,10,19,1937.7410982493604,1968.3931205507042,2019.6113058544145,2133.4255505904725,2184.643735894183,2215.2957581955266,84.37062587160982,,,,,,,,2024-11-07,b_elastic_eq,rev_leg=naive;scenario=backtest;,1.0
driver-lines,margin_v2,total_cash_costs_musd,2025Q2,2024-11-07,2,2076.5184282224436,2076.5184282224436,W2,full_sample,10,19,1937.7410982493604,1968.3931205507042,2019.6113058544145,2133.4255505904725,2184.643735894183,2215.2957581955266,84.37062587160982,,,,,,,,2024-11-07,b_elastic_eq,rev_leg=naive;scenario=backtest;,1.0
driver-lines,margin_v2,adj_ebitda_margin_pct,2025Q1,2025-02-13,0,16.343178275909377,16.343178275909377,W1,PIT,10,20,7.538774446659463,9.483420467566113,12.732838703978944,19.953517847839812,23.20293608425264,25.14758210515929,5.352697458902626,,,,,,,,2025-02-13,b_elastic_eq,rev_leg=guide_cushion;scenario=backtest;,1.0
driver-lines,margin_v2,adj_ebitda_margin_pct,2025Q1,2025-02-13,0,16.343178275909377,16.343178275909377,W2,PIT,10,20,7.538774446659463,9.483420467566113,12.732838703978944,19.953517847839812,23.20293608425264,25.14758210515929,5.352697458902626,,,,,,,,2025-02-13,b_elastic_eq,rev_leg=guide_cushion;scenario=backtest;,1.0
driver-lines,margin_v2,adj_ebitda_musd,2025Q1,2025-02-13,0,376.06925078769103,376.06925078769103,W1,PIT,10,20,190.18149770045895,231.2388919757463,299.8439976162627,452.29450395911937,520.8996095996357,561.9570038749232,113.0117294581108,,,,,,,,2025-02-13,b_elastic_eq,rev_leg=guide_cushion;scenario=backtest;,1.0
driver-lines,margin_v2,adj_ebitda_musd,2025Q1,2025-02-13,0,376.06925078769103,376.06925078769103,W2,PIT,10,20,190.18149770045895,231.2388919757463,299.8439976162627,452.29450395911937,520.8996095996357,561.9570038749232,113.0117294581108,,,,,,,,2025-02-13,b_elastic_eq,rev_leg=guide_cushion;scenario=backtest;,1.0
driver-lines,margin_v2,total_cash_costs_musd,2025Q1,2025-02-13,0,1925.0085716456297,1925.0085716456297,W1,PIT,10,20,1714.1433404211302,1760.71755950522,1838.5410375117565,2011.4761057795029,2089.2995837860394,2135.873802870129,128.19695793558932,,,,,,,,2025-02-13,b_elastic_eq,rev_leg=guide_cushion;scenario=backtest;,1.0
driver-lines,margin_v2,total_cash_costs_musd,2025Q1,2025-02-13,0,1925.0085716456297,1925.0085716456297,W2,PIT,10,20,1714.1433404211302,1760.71755950522,1838.5410375117565,2011.4761057795029,2089.2995837860394,2135.873802870129,128.19695793558932,,,,,,,,2025-02-13,b_elastic_eq,rev_leg=guide_cushion;scenario=backtest;,1.0
driver-lines,margin_v2,adj_ebitda_margin_pct,2025Q2,2025-02-13,1,31.61385733098722,31.61385733098722,W1,PIT,10,20,19.833562471795723,22.435499407823958,26.78322194397191,36.44449271800253,40.79221525415048,43.394152190178716,7.161910741580564,,,,,,,,2025-02-13,b_elastic_eq,rev_leg=naive;scenario=backtest;,1.0
driver-lines,margin_v2,adj_ebitda_margin_pct,2025Q2,2025-02-13,1,31.61385733098722,31.61385733098722,W2,PIT,10,20,19.833562471795723,22.435499407823958,26.78322194397191,36.44449271800253,40.79221525415048,43.394152190178716,7.161910741580564,,,,,,,,2025-02-13,b_elastic_eq,rev_leg=naive;scenario=backtest;,1.0
driver-lines,margin_v2,adj_ebitda_musd,2025Q2,2025-02-13,1,971.3692617897707,971.3692617897707,W1,PIT,10,20,328.39097273058985,470.4068542823138,707.7091655581041,1235.0293580214372,1472.3316692972276,1614.3475508489516,390.90304360446936,,,,,,,,2025-02-13,b_elastic_eq,rev_leg=naive;scenario=backtest;,1.0
driver-lines,margin_v2,adj_ebitda_musd,2025Q2,2025-02-13,1,971.3692617897707,971.3692617897707,W2,PIT,10,20,328.39097273058985,470.4068542823138,707.7091655581041,1235.0293580214372,1472.3316692972276,1614.3475508489516,390.90304360446936,,,,,,,,2025-02-13,b_elastic_eq,rev_leg=naive;scenario=backtest;,1.0
driver-lines,margin_v2,total_cash_costs_musd,2025Q2,2025-02-13,1,2101.236689517714,2101.236689517714,W1,PIT,10,20,1906.1864134041434,1949.2675521929934,2021.2542461830155,2181.219132852412,2253.205826842434,2296.286965631284,118.58214792952201,,,,,,,,2025-02-13,b_elastic_eq,rev_leg=naive;scenario=backtest;,1.0
driver-lines,margin_v2,total_cash_costs_musd,2025Q2,2025-02-13,1,2101.236689517714,2101.236689517714,W2,PIT,10,20,1906.1864134041434,1949.2675521929934,2021.2542461830155,2181.219132852412,2253.205826842434,2296.286965631284,118.58214792952201,,,,,,,,2025-02-13,b_elastic_eq,rev_leg=naive;scenario=backtest;,1.0
driver-lines,margin_v2,adj_ebitda_margin_pct,2025Q3,2025-02-13,2,52.085963458273795,52.085963458273795,W1,PIT,10,20,37.23080244259621,40.51189112495462,45.99444645128205,58.17748046526554,63.66003579159297,66.94112447395139,9.031296628630566,,,,,,,,2025-02-13,b_elastic_eq,rev_leg=naive;scenario=backtest;,1.0
driver-lines,margin_v2,adj_ebitda_margin_pct,2025Q3,2025-02-13,2,52.085963458273795,52.085963458273795,W2,PIT,10,20,37.23080244259621,40.51189112495462,45.99444645128205,58.17748046526554,63.66003579159297,66.94112447395139,9.031296628630566,,,,,,,,2025-02-13,b_elastic_eq,rev_leg=naive;scenario=backtest;,1.0
driver-lines,margin_v2,adj_ebitda_musd,2025Q3,2025-02-13,2,2173.4641242252883,2173.4641242252883,W1,PIT,10,20,-464.44733437587627,118.19336690938471,1091.7604324208785,3255.1678160296983,4228.7348815411915,4811.375582826453,1603.736293234918,,,,,,,,2025-02-13,b_elastic_eq,rev_leg=naive;scenario=backtest;,1.0
driver-lines,margin_v2,adj_ebitda_musd,2025Q3,2025-02-13,2,2173.4641242252883,2173.4641242252883,W2,PIT,10,20,-464.44733437587627,118.19336690938471,1091.7604324208785,3255.1678160296983,4228.7348815411915,4811.375582826453,1603.736293234918,,,,,,,,2025-02-13,b_elastic_eq,rev_leg=naive;scenario=backtest;,1.0
driver-lines,margin_v2,total_cash_costs_musd,2025Q3,2025-02-13,2,1999.3762725285442,1999.3762725285442,W1,PIT,10,20,1797.8795995700905,1842.384566731276,1916.7504155026054,2082.002129554483,2156.367978325812,2200.872945486998,122.50127893258342,,,,,,,,2025-02-13,b_elastic_eq,rev_leg=naive;scenario=backtest;,1.0
driver-lines,margin_v2,total_cash_costs_musd,2025Q3,2025-02-13,2,1999.3762725285442,1999.3762725285442,W2,PIT,10,20,1797.8795995700905,1842.384566731276,1916.7504155026054,2082.002129554483,2156.367978325812,2200.872945486998,122.50127893258342,,,,,,,,2025-02-13,b_elastic_eq,rev_leg=naive;scenario=backtest;,1.0
driver-lines,margin_v2,adj_ebitda_margin_pct,2025Q1,2025-02-13,0,16.273557018530852,16.273557018530852,W1,full_sample,10,20,11.874758362964316,12.846329688884033,14.469782775192988,18.077331261868714,19.70078434817767,20.67235567409739,2.67427969485598,,,,,,,,2025-02-13,b_elastic_eq,rev_leg=guide_cushion;scenario=backtest;,1.0
driver-lines,margin_v2,adj_ebitda_margin_pct,2025Q1,2025-02-13,0,16.273557018530852,16.273557018530852,W2,full_sample,10,20,11.874758362964316,12.846329688884033,14.469782775192988,18.077331261868714,19.70078434817767,20.67235567409739,2.67427969485598,,,,,,,,2025-02-13,b_elastic_eq,rev_leg=guide_cushion;scenario=backtest;,1.0
driver-lines,margin_v2,adj_ebitda_musd,2025Q1,2025-02-13,0,374.4672114744546,374.4672114744546,W1,full_sample,10,20,299.9949821433042,316.44381016681467,343.9290805824011,405.0053423665081,432.4906127820945,448.939440805605,45.275900609572936,,,,,,,,2025-02-13,b_elastic_eq,rev_leg=guide_cushion;scenario=backtest;,1.0
driver-lines,margin_v2,adj_ebitda_musd,2025Q1,2025-02-13,0,374.4672114744546,374.4672114744546,W2,full_sample,10,20,299.9949821433042,316.44381016681467,343.9290805824011,405.0053423665081,432.4906127820945,448.939440805605,45.275900609572936,,,,,,,,2025-02-13,b_elastic_eq,rev_leg=guide_cushion;scenario=backtest;,1.0
driver-lines,margin_v2,total_cash_costs_musd,2025Q1,2025-02-13,0,1926.6106109588661,1926.6106109588661,W1,full_sample,10,20,1807.010962626522,1833.4271725984745,1877.5675012222684,1975.653720695464,2019.7940493192575,2046.21025929121,72.71142329789352,,,,,,,,2025-02-13,b_elastic_eq,rev_leg=guide_cushion;scenario=backtest;,1.0
driver-lines,margin_v2,total_cash_costs_musd,2025Q1,2025-02-13,0,1926.6106109588661,1926.6106109588661,W2,full_sample,10,20,1807.010962626522,1833.4271725984745,1877.5675012222684,1975.653720695464,2019.7940493192575,2046.21025929121,72.71142329789352,,,,,,,,2025-02-13,b_elastic_eq,rev_leg=guide_cushion;scenario=backtest;,1.0
driver-lines,margin_v2,adj_ebitda_margin_pct,2025Q2,2025-02-13,1,31.55712985217169,31.55712985217169,W1,full_sample,10,20,25.03371513188582,26.474554594108504,28.88213416075211,34.23212554359127,36.63970511023488,38.08054457245756,3.9659545465915964,,,,,,,,2025-02-13,b_elastic_eq,rev_leg=naive;scenario=backtest;,1.0
driver-lines,margin_v2,adj_ebitda_margin_pct,2025Q2,2025-02-13,1,31.55712985217169,31.55712985217169,W2,full_sample,10,20,25.03371513188582,26.474554594108504,28.88213416075211,34.23212554359127,36.63970511023488,38.08054457245756,3.9659545465915964,,,,,,,,2025-02-13,b_elastic_eq,rev_leg=naive;scenario=backtest;,1.0
driver-lines,margin_v2,adj_ebitda_musd,2025Q2,2025-02-13,1,969.6262498996582,969.6262498996582,W1,full_sample,10,20,605.8942505758488,686.2324539203593,820.4740692178232,1118.778430581493,1253.0200458789573,1333.3582492234675,221.1333539738369,,,,,,,,2025-02-13,b_elastic_eq,rev_leg=naive;scenario=backtest;,1.0
driver-lines,margin_v2,adj_ebitda_musd,2025Q2,2025-02-13,1,969.6262498996582,969.6262498996582,W2,full_sample,10,20,605.8942505758488,686.2324539203593,820.4740692178232,1118.778430581493,1253.0200458789573,1333.3582492234675,221.1333539738369,,,,,,,,2025-02-13,b_elastic_eq,rev_leg=naive;scenario=backtest;,1.0
driver-lines,margin_v2,total_cash_costs_musd,2025Q2,2025-02-13,1,2102.979701407826,2102.979701407826,W1,full_sample,10,20,1973.2183537801914,2001.878998296887,2049.7696786359625,2156.189724179689,2204.0804045187647,2232.74104903546,78.88929780829834,,,,,,,,2025-02-13,b_elastic_eq,rev_leg=naive;scenario=backtest;,1.0
driver-lines,margin_v2,total_cash_costs_musd,2025Q2,2025-02-13,1,2102.979701407826,2102.979701407826,W2,full_sample,10,20,1973.2183537801914,2001.878998296887,2049.7696786359625,2156.189724179689,2204.0804045187647,2232.74104903546,78.88929780829834,,,,,,,,2025-02-13,b_elastic_eq,rev_leg=naive;scenario=backtest;,1.0
driver-lines,margin_v2,adj_ebitda_margin_pct,2025Q3,2025-02-13,2,52.06414707037182,52.06414707037182,W1,full_sample,10,20,43.67070215053088,45.524578867412274,48.622325576649864,55.50596856409377,58.60371527333136,60.457591990212755,5.102852182292431,,,,,,,,2025-02-13,b_elastic_eq,rev_leg=naive;scenario=backtest;,1.0
driver-lines,margin_v2,adj_ebitda_margin_pct,2025Q3,2025-02-13,2,52.06414707037182,52.06414707037182,W2,full_sample,10,20,43.67070215053088,45.524578867412274,48.622325576649864,55.50596856409377,58.60371527333136,60.457591990212755,5.102852182292431,,,,,,,,2025-02-13,b_elastic_eq,rev_leg=naive;scenario=backtest;,1.0
driver-lines,margin_v2,adj_ebitda_musd,2025Q3,2025-02-13,2,2172.5537611778022,2172.5537611778022,W1,full_sample,10,20,675.6034091107945,1006.2377827830796,1558.7133242673626,2786.394198088242,3338.869739572525,3669.50411324481,910.0811935718655,,,,,,,,2025-02-13,b_elastic_eq,rev_leg=naive;scenario=backtest;,1.0
driver-lines,margin_v2,adj_ebitda_musd,2025Q3,2025-02-13,2,2172.5537611778022,2172.5537611778022,W2,full_sample,10,20,675.6034091107945,1006.2377827830796,1558.7133242673626,2786.394198088242,3338.869739572525,3669.50411324481,910.0811935718655,,,,,,,,2025-02-13,b_elastic_eq,rev_leg=naive;scenario=backtest;,1.0
driver-lines,margin_v2,total_cash_costs_musd,2025Q3,2025-02-13,2,2000.2866355760302,2000.2866355760302,W1,full_sample,10,20,1866.6040085917316,1896.1307538059516,1945.4686504357294,2055.104620716331,2104.442517346109,2133.969262560329,81.27326638301697,,,,,,,,2025-02-13,b_elastic_eq,rev_leg=naive;scenario=backtest;,1.0
driver-lines,margin_v2,total_cash_costs_musd,2025Q3,2025-02-13,2,2000.2866355760302,2000.2866355760302,W2,full_sample,10,20,1866.6040085917316,1896.1307538059516,1945.4686504357294,2055.104620716331,2104.442517346109,2133.969262560329,81.27326638301697,,,,,,,,2025-02-13,b_elastic_eq,rev_leg=naive;scenario=backtest;,1.0
driver-lines,margin_v2,adj_ebitda_margin_pct,2025Q2,2025-05-01,0,32.021458377046685,32.021458377046685,W1,PIT,10,21,25.038943155731797,26.581185050173264,29.158203634985696,34.88471311910767,37.46173170392011,39.003973598361576,4.245067832726305,,,,,,,,2025-05-01,b_elastic_eq,rev_leg=guide_cushion;scenario=backtest;,1.0
driver-lines,margin_v2,adj_ebitda_margin_pct,2025Q2,2025-05-01,0,32.021458377046685,32.021458377046685,W2,PIT,10,21,25.038943155731797,26.581185050173264,29.158203634985696,34.88471311910767,37.46173170392011,39.003973598361576,4.245067832726305,,,,,,,,2025-05-01,b_elastic_eq,rev_leg=guide_cushion;scenario=backtest;,1.0
driver-lines,margin_v2,adj_ebitda_musd,2025Q2,2025-05-01,0,986.8459169387639,986.8459169387639,W1,PIT,10,21,730.0936462404861,786.8030261434624,881.561913494324,1092.1299203832036,1186.8888077340655,1243.5981876370417,156.09429707987798,,,,,,,,2025-05-01,b_elastic_eq,rev_leg=guide_cushion;scenario=backtest;,1.0
driver-lines,margin_v2,adj_ebitda_musd,2025Q2,2025-05-01,0,986.8459169387639,986.8459169387639,W2,PIT,10,21,730.0936462404861,786.8030261434624,881.561913494324,1092.1299203832036,1186.8888077340655,1243.5981876370417,156.09429707987798,,,,,,,,2025-05-01,b_elastic_eq,rev_leg=guide_cushion;scenario=backtest;,1.0
driver-lines,margin_v2,total_cash_costs_musd,2025Q2,2025-05-01,0,2094.9809796342715,2094.9809796342715,W1,PIT,10,21,1883.162905085044,1929.9475805516345,2008.1227219457055,2181.8392373228376,2260.0143787169086,2306.799054183499,128.77624554459925,,,,,,,,2025-05-01,b_elastic_eq,rev_leg=guide_cushion;scenario=backtest;,1.0
driver-lines,margin_v2,total_cash_costs_musd,2025Q2,2025-05-01,0,2094.9809796342715,2094.9809796342715,W2,PIT,10,21,1883.162905085044,1929.9475805516345,2008.1227219457055,2181.8392373228376,2260.0143787169086,2306.799054183499,128.77624554459925,,,,,,,,2025-05-01,b_elastic_eq,rev_leg=guide_cushion;scenario=backtest;,1.0
driver-lines,margin_v2,adj_ebitda_margin_pct,2025Q3,2025-05-01,1,50.77523083982308,50.77523083982308,W1,PIT,10,21,38.84669261858129,41.481372358066494,45.883806683157275,55.66665499648889,60.06908932157967,62.703769061064875,7.252036306324612,,,,,,,,2025-05-01,b_elastic_eq,rev_leg=naive;scenario=backtest;,1.0
driver-lines,margin_v2,adj_ebitda_margin_pct,2025Q3,2025-05-01,1,50.77523083982308,50.77523083982308,W2,PIT,10,21,38.84669261858129,41.481372358066494,45.883806683157275,55.66665499648889,60.06908932157967,62.703769061064875,7.252036306324612,,,,,,,,2025-05-01,b_elastic_eq,rev_leg=naive;scenario=backtest;,1.0
driver-lines,margin_v2,adj_ebitda_musd,2025Q3,2025-05-01,1,2009.9368016567098,2009.9368016567098,W1,PIT,10,21,675.0983558325759,969.9267533671609,1462.5720786663105,2557.301524647109,3049.9468499462587,3344.775247480844,811.5241526372702,,,,,,,,2025-05-01,b_elastic_eq,rev_leg=naive;scenario=backtest;,1.0
driver-lines,margin_v2,adj_ebitda_musd,2025Q3,2025-05-01,1,2009.9368016567098,2009.9368016567098,W2,PIT,10,21,675.0983558325759,969.9267533671609,1462.5720786663105,2557.301524647109,3049.9468499462587,3344.775247480844,811.5241526372702,,,,,,,,2025-05-01,b_elastic_eq,rev_leg=naive;scenario=backtest;,1.0
driver-lines,margin_v2,total_cash_costs_musd,2025Q3,2025-05-01,1,1948.561797783066,1948.561797783066,W1,PIT,10,21,1768.136603580457,1807.9874717121274,1874.5765250677402,2022.5470704983916,2089.1361238540044,2128.986991985675,109.69072946448385,,,,,,,,2025-05-01,b_elastic_eq,rev_leg=naive;scenario=backtest;,1.0
driver-lines,margin_v2,total_cash_costs_musd,2025Q3,2025-05-01,1,1948.561797783066,1948.561797783066,W2,PIT,10,21,1768.136603580457,1807.9874717121274,1874.5765250677402,2022.5470704983916,2089.1361238540044,2128.986991985675,109.69072946448385,,,,,,,,2025-05-01,b_elastic_eq,rev_leg=naive;scenario=backtest;,1.0
driver-lines,margin_v2,adj_ebitda_margin_pct,2025Q4,2025-05-01,2,28.090173085718362,28.090173085718362,W1,PIT,10,21,12.742275722230168,16.132196052558054,21.796604290833937,34.383741880602784,40.04815011887867,43.438070449206556,9.330859057613276,,,,,,,,2025-05-01,b_elastic_eq,rev_leg=naive;scenario=backtest;,1.0
driver-lines,margin_v2,adj_ebitda_margin_pct,2025Q4,2025-05-01,2,28.090173085718362,28.090173085718362,W2,PIT,10,21,12.742275722230168,16.132196052558054,21.796604290833937,34.383741880602784,40.04815011887867,43.438070449206556,9.330859057613276,,,,,,,,2025-05-01,b_elastic_eq,rev_leg=naive;scenario=backtest;,1.0
driver-lines,margin_v2,adj_ebitda_musd,2025Q4,2025-05-01,2,738.9158060778024,738.9158060778024,W1,PIT,10,21,-172.3229545532528,28.94414590277607,365.2526460517336,1112.578966103871,1448.8874662528287,1650.1545667088576,553.9938300284632,,,,,,,,2025-05-01,b_elastic_eq,rev_leg=naive;scenario=backtest;,1.0
driver-lines,margin_v2,adj_ebitda_musd,2025Q4,2025-05-01,2,738.9158060778024,738.9158060778024,W2,PIT,10,21,-172.3229545532528,28.94414590277607,365.2526460517336,1112.578966103871,1448.8874662528287,1650.1545667088576,553.9938300284632,,,,,,,,2025-05-01,b_elastic_eq,rev_leg=naive;scenario=backtest;,1.0
driver-lines,margin_v2,total_cash_costs_musd,2025Q4,2025-05-01,2,1891.5977326710308,1891.5977326710308,W1,PIT,10,21,1702.5952764853603,1744.340621370837,1814.095262317248,1969.100203024814,2038.8548439712247,2080.600188856701,114.90533448618321,,,,,,,,2025-05-01,b_elastic_eq,rev_leg=naive;scenario=backtest;,1.0
driver-lines,margin_v2,total_cash_costs_musd,2025Q4,2025-05-01,2,1891.5977326710308,1891.5977326710308,W2,PIT,10,21,1702.5952764853603,1744.340621370837,1814.095262317248,1969.100203024814,2038.8548439712247,2080.600188856701,114.90533448618321,,,,,,,,2025-05-01,b_elastic_eq,rev_leg=naive;scenario=backtest;,1.0
driver-lines,margin_v2,adj_ebitda_margin_pct,2025Q2,2025-05-01,0,31.723632254493733,31.723632254493733,W1,full_sample,10,21,27.3248335989272,28.296404924846914,29.91985801115587,33.5274064978316,35.15085958414055,36.12243091006027,2.67427969485598,,,,,,,,2025-05-01,b_elastic_eq,rev_leg=guide_cushion;scenario=backtest;,1.0
driver-lines,margin_v2,adj_ebitda_margin_pct,2025Q2,2025-05-01,0,31.723632254493733,31.723632254493733,W2,full_sample,10,21,27.3248335989272,28.296404924846914,29.91985801115587,33.5274064978316,35.15085958414055,36.12243091006027,2.67427969485598,,,,,,,,2025-05-01,b_elastic_eq,rev_leg=guide_cushion;scenario=backtest;,1.0
driver-lines,margin_v2,adj_ebitda_musd,2025Q2,2025-05-01,0,977.6674313889067,977.6674313889067,W1,full_sample,10,21,783.233657405578,826.1786281542398,897.9377913195015,1057.3970714583122,1129.1562346235735,1172.1012053722354,118.20734124755343,,,,,,,,2025-05-01,b_elastic_eq,rev_leg=guide_cushion;scenario=backtest;,1.0
driver-lines,margin_v2,adj_ebitda_musd,2025Q2,2025-05-01,0,977.6674313889067,977.6674313889067,W2,full_sample,10,21,783.233657405578,826.1786281542398,897.9377913195015,1057.3970714583122,1129.1562346235735,1172.1012053722354,118.20734124755343,,,,,,,,2025-05-01,b_elastic_eq,rev_leg=guide_cushion;scenario=backtest;,1.0
driver-lines,margin_v2,total_cash_costs_musd,2025Q2,2025-05-01,0,2104.1594651841287,2104.1594651841287,W1,full_sample,10,21,1973.5379837909861,2002.3886077471736,2050.596735399844,2157.722194968414,2205.9303226210836,2234.780946577271,79.41222200739709,,,,,,,,2025-05-01,b_elastic_eq,rev_leg=guide_cushion;scenario=backtest;,1.0
driver-lines,margin_v2,total_cash_costs_musd,2025Q2,2025-05-01,0,2104.1594651841287,2104.1594651841287,W2,full_sample,10,21,1973.5379837909861,2002.3886077471736,2050.596735399844,2157.722194968414,2205.9303226210836,2234.780946577271,79.41222200739709,,,,,,,,2025-05-01,b_elastic_eq,rev_leg=guide_cushion;scenario=backtest;,1.0
driver-lines,margin_v2,adj_ebitda_margin_pct,2025Q3,2025-05-01,1,50.57515987258049,50.57515987258049,W1,full_sample,10,21,44.05174515229462,45.492584614517305,47.90016418116091,53.250155564000075,55.65773513064368,57.09857459286636,3.9659545465915964,,,,,,,,2025-05-01,b_elastic_eq,rev_leg=naive;scenario=backtest;,1.0
driver-lines,margin_v2,adj_ebitda_margin_pct,2025Q3,2025-05-01,1,50.57515987258049,50.57515987258049,W2,full_sample,10,21,44.05174515229462,45.492584614517305,47.90016418116091,53.250155564000075,55.65773513064368,57.09857459286636,3.9659545465915964,,,,,,,,2025-05-01,b_elastic_eq,rev_leg=naive;scenario=backtest;,1.0
driver-lines,margin_v2,adj_ebitda_musd,2025Q3,2025-05-01,1,2002.0169952205263,2002.0169952205263,W1,full_sample,10,21,1251.0084035831144,1416.88515091523,1694.0579227117762,2309.976067729276,2587.1488395258225,2753.025586857938,456.58080411040044,,,,,,,,2025-05-01,b_elastic_eq,rev_leg=naive;scenario=backtest;,1.0
driver-lines,margin_v2,adj_ebitda_musd,2025Q3,2025-05-01,1,2002.0169952205263,2002.0169952205263,W2,full_sample,10,21,1251.0084035831144,1416.88515091523,1694.0579227117762,2309.976067729276,2587.1488395258225,2753.025586857938,456.58080411040044,,,,,,,,2025-05-01,b_elastic_eq,rev_leg=naive;scenario=backtest;,1.0
driver-lines,margin_v2,total_cash_costs_musd,2025Q3,2025-05-01,1,1956.4816042192494,1956.4816042192494,W1,full_sample,10,21,1835.759711657847,1862.423793923807,1906.9783062827328,2005.9849021557661,2050.539414514692,2077.203496780652,73.3936993440232,,,,,,,,2025-05-01,b_elastic_eq,rev_leg=naive;scenario=backtest;,1.0
driver-lines,margin_v2,total_cash_costs_musd,2025Q3,2025-05-01,1,1956.4816042192494,1956.4816042192494,W2,full_sample,10,21,1835.759711657847,1862.423793923807,1906.9783062827328,2005.9849021557661,2050.539414514692,2077.203496780652,73.3936993440232,,,,,,,,2025-05-01,b_elastic_eq,rev_leg=naive;scenario=backtest;,1.0
driver-lines,margin_v2,adj_ebitda_margin_pct,2025Q4,2025-05-01,2,27.699270402131997,27.699270402131997,W1,full_sample,10,21,19.305825482291056,21.15970219917245,24.257448908410044,31.14109189585395,34.238838605091544,36.09271532197294,5.102852182292431,,,,,,,,2025-05-01,b_elastic_eq,rev_leg=naive;scenario=backtest;,1.0
driver-lines,margin_v2,adj_ebitda_margin_pct,2025Q4,2025-05-01,2,27.699270402131997,27.699270402131997,W2,full_sample,10,21,19.305825482291056,21.15970219917245,24.257448908410044,31.14109189585395,34.238838605091544,36.09271532197294,5.102852182292431,,,,,,,,2025-05-01,b_elastic_eq,rev_leg=naive;scenario=backtest;,1.0
driver-lines,margin_v2,adj_ebitda_musd,2025Q4,2025-05-01,2,728.6330580627306,728.6330580627306,W1,full_sample,10,21,226.58448633792727,337.47294355101275,522.7626935631466,934.5034225623145,1119.7931725744484,1230.681629787534,305.22385913164004,,,,,,,,2025-05-01,b_elastic_eq,rev_leg=naive;scenario=backtest;,1.0
driver-lines,margin_v2,adj_ebitda_musd,2025Q4,2025-05-01,2,728.6330580627306,728.6330580627306,W2,full_sample,10,21,226.58448633792727,337.47294355101275,522.7626935631466,934.5034225623145,1119.7931725744484,1230.681629787534,305.22385913164004,,,,,,,,2025-05-01,b_elastic_eq,rev_leg=naive;scenario=backtest;,1.0
driver-lines,margin_v2,total_cash_costs_musd,2025Q4,2025-05-01,2,1901.8804806861026,1901.8804806861026,W1,full_sample,10,21,1774.774507798841,1802.8486544647985,1849.7593226107474,1954.0016387614578,2000.9123069074067,2028.9864535733643,77.27494459360285,,,,,,,,2025-05-01,b_elastic_eq,rev_leg=naive;scenario=backtest;,1.0
driver-lines,margin_v2,total_cash_costs_musd,2025Q4,2025-05-01,2,1901.8804806861026,1901.8804806861026,W2,full_sample,10,21,1774.774507798841,1802.8486544647985,1849.7593226107474,1954.0016387614578,2000.9123069074067,2028.9864535733643,77.27494459360285,,,,,,,,2025-05-01,b_elastic_eq,rev_leg=naive;scenario=backtest;,1.0
driver-lines,margin_v2,adj_ebitda_margin_pct,2025Q3,2025-08-06,0,52.66885549657415,52.66885549657415,W1,PIT,10,22,46.311522998060966,47.71567955273225,50.061963589248165,55.27574740390014,57.62203144041606,59.02618799508734,3.86498372520581,,,,,,,,2025-08-06,b_elastic_eq,rev_leg=guide_cushion;scenario=backtest;,1.0
driver-lines,margin_v2,adj_ebitda_margin_pct,2025Q3,2025-08-06,0,52.66885549657415,52.66885549657415,W2,PIT,10,22,46.311522998060966,47.71567955273225,50.061963589248165,55.27574740390014,57.62203144041606,59.02618799508734,3.86498372520581,,,,,,,,2025-08-06,b_elastic_eq,rev_leg=guide_cushion;scenario=backtest;,1.0
driver-lines,margin_v2,adj_ebitda_musd,2025Q3,2025-08-06,0,2180.2623979982945,2180.2623979982945,W1,PIT,10,22,1692.053363038436,1799.8850544984864,1980.0670829635787,2380.457713033011,2560.6397414981025,2668.471432958153,296.81001820489774,,,,,,,,2025-08-06,b_elastic_eq,rev_leg=guide_cushion;scenario=backtest;,1.0
driver-lines,margin_v2,adj_ebitda_musd,2025Q3,2025-08-06,0,2180.2623979982945,2180.2623979982945,W2,PIT,10,22,1692.053363038436,1799.8850544984864,1980.0670829635787,2380.457713033011,2560.6397414981025,2668.471432958153,296.81001820489774,,,,,,,,2025-08-06,b_elastic_eq,rev_leg=guide_cushion;scenario=backtest;,1.0
driver-lines,margin_v2,total_cash_costs_musd,2025Q3,2025-08-06,0,1959.3042917318626,1959.3042917318626,W1,PIT,10,22,1761.5293019343824,1805.2122536030465,1878.2045505282822,2040.404032935443,2113.396329860679,2157.0792815293426,120.23865622865844,,,,,,,,2025-08-06,b_elastic_eq,rev_leg=guide_cushion;scenario=backtest;,1.0
driver-lines,margin_v2,total_cash_costs_musd,2025Q3,2025-08-06,0,1959.3042917318626,1959.3042917318626,W2,PIT,10,22,1761.5293019343824,1805.2122536030465,1878.2045505282822,2040.404032935443,2113.396329860679,2157.0792815293426,120.23865622865844,,,,,,,,2025-08-06,b_elastic_eq,rev_leg=guide_cushion;scenario=backtest;,1.0
driver-lines,margin_v2,adj_ebitda_margin_pct,2025Q4,2025-08-06,1,31.39930960776304,31.39930960776304,W1,PIT,10,22,19.588180648826068,22.196927973216894,26.556030369711948,36.24258884581413,40.60169124230919,43.21043856670001,7.180656543176673,,,,,,,,2025-08-06,b_elastic_eq,rev_leg=naive;scenario=backtest;,1.0
driver-lines,margin_v2,adj_ebitda_margin_pct,2025Q4,2025-08-06,1,31.39930960776304,31.39930960776304,W2,PIT,10,22,19.588180648826068,22.196927973216894,26.556030369711948,36.24258884581413,40.60169124230919,43.21043856670001,7.180656543176673,,,,,,,,2025-08-06,b_elastic_eq,rev_leg=naive;scenario=backtest;,1.0
driver-lines,margin_v2,adj_ebitda_musd,2025Q4,2025-08-06,1,877.3159065253757,877.3159065253757,W1,PIT,10,22,288.53146273491166,418.57744290508816,635.8785738019786,1118.7532392487728,1336.0543701456631,1466.1003503158397,357.95552512578365,,,,,,,,2025-08-06,b_elastic_eq,rev_leg=naive;scenario=backtest;,1.0
driver-lines,margin_v2,adj_ebitda_musd,2025Q4,2025-08-06,1,877.3159065253757,877.3159065253757,W2,PIT,10,22,288.53146273491166,418.57744290508816,635.8785738019786,1118.7532392487728,1336.0543701456631,1466.1003503158397,357.95552512578365,,,,,,,,2025-08-06,b_elastic_eq,rev_leg=naive;scenario=backtest;,1.0
driver-lines,margin_v2,total_cash_costs_musd,2025Q4,2025-08-06,1,1916.745228845803,1916.745228845803,W1,PIT,10,22,1745.4103440670963,1783.253417645855,1846.4875343368715,1987.0029233547343,2050.2370400457507,2088.0801136245095,104.16421374603051,,,,,,,,2025-08-06,b_elastic_eq,rev_leg=naive;scenario=backtest;,1.0
driver-lines,margin_v2,total_cash_costs_musd,2025Q4,2025-08-06,1,1916.745228845803,1916.745228845803,W2,PIT,10,22,1745.4103440670963,1783.253417645855,1846.4875343368715,1987.0029233547343,2050.2370400457507,2088.0801136245095,104.16421374603051,,,,,,,,2025-08-06,b_elastic_eq,rev_leg=naive;scenario=backtest;,1.0
driver-lines,margin_v2,adj_ebitda_margin_pct,2026Q1,2025-08-06,2,18.348231567546595,18.348231567546595,W1,PIT,10,22,2.730204774532327,6.179789124190231,11.943893322751094,24.752569812342095,30.51667401090296,33.966258360560865,9.495086089794082,,,,,,,,2025-08-06,b_elastic_eq,rev_leg=naive;scenario=backtest;,1.0
driver-lines,margin_v2,adj_ebitda_margin_pct,2026Q1,2025-08-06,2,18.348231567546595,18.348231567546595,W2,PIT,10,22,2.730204774532327,6.179789124190231,11.943893322751094,24.752569812342095,30.51667401090296,33.966258360560865,9.495086089794082,,,,,,,,2025-08-06,b_elastic_eq,rev_leg=naive;scenario=backtest;,1.0
driver-lines,margin_v2,adj_ebitda_musd,2026Q1,2025-08-06,2,469.663449228742,469.663449228742,W1,PIT,10,22,-115.92406839631849,13.415800392865862,229.5370501321229,709.789848325361,925.9110980646182,1055.2509668538025,356.01193202240904,,,,,,,,2025-08-06,b_elastic_eq,rev_leg=naive;scenario=backtest;,1.0
driver-lines,margin_v2,adj_ebitda_musd,2026Q1,2025-08-06,2,469.663449228742,469.663449228742,W2,PIT,10,22,-115.92406839631849,13.415800392865862,229.5370501321229,709.789848325361,925.9110980646182,1055.2509668538025,356.01193202240904,,,,,,,,2025-08-06,b_elastic_eq,rev_leg=naive;scenario=backtest;,1.0
driver-lines,margin_v2,total_cash_costs_musd,2026Q1,2025-08-06,2,2090.057074788725,2090.057074788725,W1,PIT,10,22,1882.731610738835,1928.5239944727364,2005.0410598892893,2175.0730896881605,2251.590155104714,2297.382538838615,126.04493229840861,,,,,,,,2025-08-06,b_elastic_eq,rev_leg=naive;scenario=backtest;,1.0
driver-lines,margin_v2,total_cash_costs_musd,2026Q1,2025-08-06,2,2090.057074788725,2090.057074788725,W2,PIT,10,22,1882.731610738835,1928.5239944727364,2005.0410598892893,2175.0730896881605,2251.590155104714,2297.382538838615,126.04493229840861,,,,,,,,2025-08-06,b_elastic_eq,rev_leg=naive;scenario=backtest;,1.0
driver-lines,margin_v2,adj_ebitda_margin_pct,2025Q3,2025-08-06,0,52.4291736021364,52.4291736021364,W1,full_sample,10,22,48.030374946569864,49.00194627248958,50.62539935879854,54.232947845474264,55.85640093178322,56.82797225770294,2.67427969485598,,,,,,,,2025-08-06,b_elastic_eq,rev_leg=guide_cushion;scenario=backtest;,1.0
driver-lines,margin_v2,adj_ebitda_margin_pct,2025Q3,2025-08-06,0,52.4291736021364,52.4291736021364,W2,full_sample,10,22,48.030374946569864,49.00194627248958,50.62539935879854,54.232947845474264,55.85640093178322,56.82797225770294,2.67427969485598,,,,,,,,2025-08-06,b_elastic_eq,rev_leg=guide_cushion;scenario=backtest;,1.0
driver-lines,margin_v2,adj_ebitda_musd,2025Q3,2025-08-06,0,2170.340606134835,2170.340606134835,W1,full_sample,10,22,1738.7137549871277,1834.048028025847,1993.3474182679565,2347.3337940017136,2506.633184243823,2601.9674572825425,262.4104929918129,,,,,,,,2025-08-06,b_elastic_eq,rev_leg=guide_cushion;scenario=backtest;,1.0
driver-lines,margin_v2,adj_ebitda_musd,2025Q3,2025-08-06,0,2170.340606134835,2170.340606134835,W2,full_sample,10,22,1738.7137549871277,1834.048028025847,1993.3474182679565,2347.3337940017136,2506.633184243823,2601.9674572825425,262.4104929918129,,,,,,,,2025-08-06,b_elastic_eq,rev_leg=guide_cushion;scenario=backtest;,1.0
driver-lines,margin_v2,total_cash_costs_musd,2025Q3,2025-08-06,0,1969.226083595322,1969.226083595322,W1,full_sample,10,22,1846.9809626844274,1873.9814833971257,1919.0981696491458,2019.3539975414983,2064.470683793518,2091.4712045062165,74.31975642565874,,,,,,,,2025-08-06,b_elastic_eq,rev_leg=guide_cushion;scenario=backtest;,1.0
driver-lines,margin_v2,total_cash_costs_musd,2025Q3,2025-08-06,0,1969.226083595322,1969.226083595322,W2,full_sample,10,22,1846.9809626844274,1873.9814833971257,1919.0981696491458,2019.3539975414983,2064.470683793518,2091.4712045062165,74.31975642565874,,,,,,,,2025-08-06,b_elastic_eq,rev_leg=guide_cushion;scenario=backtest;,1.0
driver-lines,margin_v2,adj_ebitda_margin_pct,2025Q4,2025-08-06,1,31.019479858401102,31.019479858401102,W1,full_sample,10,22,24.496065138115235,25.936904600337915,28.344484166981523,33.69447554982068,36.102055116464285,37.54289457868697,3.9659545465915964,,,,,,,,2025-08-06,b_elastic_eq,rev_leg=naive;scenario=backtest;,1.0
driver-lines,margin_v2,adj_ebitda_margin_pct,2025Q4,2025-08-06,1,31.019479858401102,31.019479858401102,W2,full_sample,10,22,24.496065138115235,25.936904600337915,28.344484166981523,33.69447554982068,36.102055116464285,37.54289457868697,3.9659545465915964,,,,,,,,2025-08-06,b_elastic_eq,rev_leg=naive;scenario=backtest;,1.0
driver-lines,margin_v2,adj_ebitda_musd,2025Q4,2025-08-06,1,866.703231117876,866.703231117876,W1,full_sample,10,22,541.5803303016759,613.3908659880784,733.3831225310869,1000.0233397046652,1120.0155962476738,1191.8261319340763,197.6606887621814,,,,,,,,2025-08-06,b_elastic_eq,rev_leg=naive;scenario=backtest;,1.0
driver-lines,margin_v2,adj_ebitda_musd,2025Q4,2025-08-06,1,866.703231117876,866.703231117876,W2,full_sample,10,22,541.5803303016759,613.3908659880784,733.3831225310869,1000.0233397046652,1120.0155962476738,1191.8261319340763,197.6606887621814,,,,,,,,2025-08-06,b_elastic_eq,rev_leg=naive;scenario=backtest;,1.0
driver-lines,margin_v2,total_cash_costs_musd,2025Q4,2025-08-06,1,1927.3579042533029,1927.3579042533029,W1,full_sample,10,22,1808.4330478463407,1834.7002151962051,1878.5915001333797,1976.124308373226,2020.0155933104006,2046.282760660265,72.30117893673871,,,,,,,,2025-08-06,b_elastic_eq,rev_leg=naive;scenario=backtest;,1.0
driver-lines,margin_v2,total_cash_costs_musd,2025Q4,2025-08-06,1,1927.3579042533029,1927.3579042533029,W2,full_sample,10,22,1808.4330478463407,1834.7002151962051,1878.5915001333797,1976.124308373226,2020.0155933104006,2046.282760660265,72.30117893673871,,,,,,,,2025-08-06,b_elastic_eq,rev_leg=naive;scenario=backtest;,1.0
driver-lines,margin_v2,adj_ebitda_margin_pct,2026Q1,2025-08-06,2,17.909027167308217,17.909027167308217,W1,full_sample,10,22,9.515582247467277,11.36945896434867,14.467205673586264,21.35084866103017,24.448595370267764,26.302472087149155,5.102852182292431,,,,,,,,2025-08-06,b_elastic_eq,rev_leg=naive;scenario=backtest;,1.0
driver-lines,margin_v2,adj_ebitda_margin_pct,2026Q1,2025-08-06,2,17.909027167308217,17.909027167308217,W2,full_sample,10,22,9.515582247467277,11.36945896434867,14.467205673586264,21.35084866103017,24.448595370267764,26.302472087149155,5.102852182292431,,,,,,,,2025-08-06,b_elastic_eq,rev_leg=naive;scenario=backtest;,1.0
driver-lines,margin_v2,adj_ebitda_musd,2026Q1,2025-08-06,2,458.4210440534524,458.4210440534524,W1,full_sample,10,22,142.55611331925763,212.321822912855,328.8972647117814,587.9448233951234,704.5202651940498,774.2859747876472,192.03224260119146,,,,,,,,2025-08-06,b_elastic_eq,rev_leg=naive;scenario=backtest;,1.0
driver-lines,margin_v2,adj_ebitda_musd,2026Q1,2025-08-06,2,458.4210440534524,458.4210440534524,W2,full_sample,10,22,142.55611331925763,212.321822912855,328.8972647117814,587.9448233951234,704.5202651940498,774.2859747876472,192.03224260119146,,,,,,,,2025-08-06,b_elastic_eq,rev_leg=naive;scenario=backtest;,1.0
driver-lines,margin_v2,total_cash_costs_musd,2026Q1,2025-08-06,2,2101.2994799640146,2101.2994799640146,W1,full_sample,10,22,1960.8659893000947,1991.8838110763238,2043.713231263804,2158.885728664225,2210.7151488517056,2241.7329706279343,85.37750007834771,,,,,,,,2025-08-06,b_elastic_eq,rev_leg=naive;scenario=backtest;,1.0
driver-lines,margin_v2,total_cash_costs_musd,2026Q1,2025-08-06,2,2101.2994799640146,2101.2994799640146,W2,full_sample,10,22,1960.8659893000947,1991.8838110763238,2043.713231263804,2158.885728664225,2210.7151488517056,2241.7329706279343,85.37750007834771,,,,,,,,2025-08-06,b_elastic_eq,rev_leg=naive;scenario=backtest;,1.0
driver-lines,margin_v2,adj_ebitda_margin_pct,2025Q4,2025-11-06,0,29.559199462144043,29.559199462144043,W1,PIT,10,23,24.471503728344636,25.59523310925374,27.47293563396131,31.645463290326777,33.523165815034346,34.64689519594345,3.093099380051711,,,,,,,,2025-11-06,b_elastic_eq,rev_leg=guide_cushion;scenario=backtest;,1.0
driver-lines,margin_v2,adj_ebitda_margin_pct,2025Q4,2025-11-06,0,29.559199462144043,29.559199462144043,W2,PIT,10,23,24.471503728344636,25.59523310925374,27.47293563396131,31.645463290326777,33.523165815034346,34.64689519594345,3.093099380051711,,,,,,,,2025-11-06,b_elastic_eq,rev_leg=guide_cushion;scenario=backtest;,1.0
driver-lines,margin_v2,adj_ebitda_musd,2025Q4,2025-11-06,0,810.7223689764414,810.7223689764414,W1,PIT,10,23,643.8503390457395,680.7076930811462,742.2947156348637,879.1500223180193,940.7370448717367,977.5943989071435,101.45099065135551,,,,,,,,2025-11-06,b_elastic_eq,rev_leg=guide_cushion;scenario=backtest;,1.0
driver-lines,margin_v2,adj_ebitda_musd,2025Q4,2025-11-06,0,810.7223689764414,810.7223689764414,W2,PIT,10,23,643.8503390457395,680.7076930811462,742.2947156348637,879.1500223180193,940.7370448717367,977.5943989071435,101.45099065135551,,,,,,,,2025-11-06,b_elastic_eq,rev_leg=guide_cushion;scenario=backtest;,1.0
driver-lines,margin_v2,total_cash_costs_musd,2025Q4,2025-11-06,0,1931.9850917405502,1931.9850917405502,W1,PIT,10,23,1789.3303728110386,1820.8388016507304,1873.4880047302072,1990.4821787508931,2043.1313818303697,2074.6398106700617,86.72791097764973,,,,,,,,2025-11-06,b_elastic_eq,rev_leg=guide_cushion;scenario=backtest;,1.0
driver-lines,margin_v2,total_cash_costs_musd,2025Q4,2025-11-06,0,1931.9850917405502,1931.9850917405502,W2,PIT,10,23,1789.3303728110386,1820.8388016507304,1873.4880047302072,1990.4821787508931,2043.1313818303697,2074.6398106700617,86.72791097764973,,,,,,,,2025-11-06,b_elastic_eq,rev_leg=guide_cushion;scenario=backtest;,1.0
driver-lines,margin_v2,adj_ebitda_margin_pct,2026Q1,2025-11-06,1,15.707191943484133,15.707191943484133,W1,PIT,10,23,5.4667520658876345,7.728578198185607,11.507990493723867,19.9063933932444,23.685805688782658,25.947631821080634,6.225745385366513,,,,,,,,2025-11-06,b_elastic_eq,rev_leg=naive;scenario=backtest;,1.0
driver-lines,margin_v2,adj_ebitda_margin_pct,2026Q1,2025-11-06,1,15.707191943484133,15.707191943484133,W2,PIT,10,23,5.4667520658876345,7.728578198185607,11.507990493723867,19.9063933932444,23.685805688782658,25.947631821080634,6.225745385366513,,,,,,,,2025-11-06,b_elastic_eq,rev_leg=naive;scenario=backtest;,1.0
driver-lines,margin_v2,adj_ebitda_musd,2026Q1,2025-11-06,1,391.5787799878495,391.5787799878495,W1,PIT,10,23,145.2253656661251,199.63792967255395,290.55893836597005,492.5986216097289,583.519630303145,637.9321943095739,149.772241301683,,,,,,,,2025-11-06,b_elastic_eq,rev_leg=naive;scenario=backtest;,1.0
driver-lines,margin_v2,adj_ebitda_musd,2026Q1,2025-11-06,1,391.5787799878495,391.5787799878495,W2,PIT,10,23,145.2253656661251,199.63792967255395,290.55893836597005,492.5986216097289,583.519630303145,637.9321943095739,149.772241301683,,,,,,,,2025-11-06,b_elastic_eq,rev_leg=naive;scenario=backtest;,1.0
driver-lines,margin_v2,total_cash_costs_musd,2026Q1,2025-11-06,1,2101.4115737099,2101.4115737099,W1,PIT,10,23,1922.505512464437,1962.0208467067455,2028.0492376449797,2174.7739097748204,2240.8023007130546,2280.3176349553632,108.76716220460462,,,,,,,,2025-11-06,b_elastic_eq,rev_leg=naive;scenario=backtest;,1.0
driver-lines,margin_v2,total_cash_costs_musd,2026Q1,2025-11-06,1,2101.4115737099,2101.4115737099,W2,PIT,10,23,1922.505512464437,1962.0208467067455,2028.0492376449797,2174.7739097748204,2240.8023007130546,2280.3176349553632,108.76716220460462,,,,,,,,2025-11-06,b_elastic_eq,rev_leg=naive;scenario=backtest;,1.0
driver-lines,margin_v2,adj_ebitda_margin_pct,2026Q2,2025-11-06,2,32.01278408097212,32.01278408097212,W1,PIT,10,23,17.537973992081646,20.73505381584279,26.077234022888135,37.9483341390561,43.290514346101446,46.48759416986259,8.800059684166365,,,,,,,,2025-11-06,b_elastic_eq,rev_leg=naive;scenario=backtest;,1.0
driver-lines,margin_v2,adj_ebitda_margin_pct,2026Q2,2025-11-06,2,32.01278408097212,32.01278408097212,W2,PIT,10,23,17.537973992081646,20.73505381584279,26.077234022888135,37.9483341390561,43.290514346101446,46.48759416986259,8.800059684166365,,,,,,,,2025-11-06,b_elastic_eq,rev_leg=naive;scenario=backtest;,1.0
driver-lines,margin_v2,adj_ebitda_musd,2026Q2,2025-11-06,2,1087.5185372793524,1087.5185372793524,W1,PIT,10,23,-257.261572929935,39.76265960526074,536.0771289123319,1638.9599456463727,2135.2744149534437,2432.29864748864,817.5682554207982,,,,,,,,2025-11-06,b_elastic_eq,rev_leg=naive;scenario=backtest;,1.0
driver-lines,margin_v2,adj_ebitda_musd,2026Q2,2025-11-06,2,1087.5185372793524,1087.5185372793524,W2,PIT,10,23,-257.261572929935,39.76265960526074,536.0771289123319,1638.9599456463727,2135.2744149534437,2432.29864748864,817.5682554207982,,,,,,,,2025-11-06,b_elastic_eq,rev_leg=naive;scenario=backtest;,1.0
driver-lines,margin_v2,total_cash_costs_musd,2026Q2,2025-11-06,2,2309.619726386243,2309.619726386243,W1,PIT,10,23,2109.2479998453073,2153.5044978747965,2227.455165621384,2391.7842871511025,2465.73495489769,2509.9914529271787,121.81736007251868,,,,,,,,2025-11-06,b_elastic_eq,rev_leg=naive;scenario=backtest;,1.0
driver-lines,margin_v2,total_cash_costs_musd,2026Q2,2025-11-06,2,2309.619726386243,2309.619726386243,W2,PIT,10,23,2109.2479998453073,2153.5044978747965,2227.455165621384,2391.7842871511025,2465.73495489769,2509.9914529271787,121.81736007251868,,,,,,,,2025-11-06,b_elastic_eq,rev_leg=naive;scenario=backtest;,1.0
driver-lines,margin_v2,adj_ebitda_margin_pct,2025Q4,2025-11-06,0,29.360772296453906,29.360772296453906,W1,full_sample,10,23,24.961973640887372,25.933544966807087,27.556998053116043,31.16454653979177,32.78799962610072,33.75957095202044,2.67427969485598,,,,,,,,2025-11-06,b_elastic_eq,rev_leg=guide_cushion;scenario=backtest;,1.0
driver-lines,margin_v2,adj_ebitda_margin_pct,2025Q4,2025-11-06,0,29.360772296453906,29.360772296453906,W2,full_sample,10,23,24.961973640887372,25.933544966807087,27.556998053116043,31.16454653979177,32.78799962610072,33.75957095202044,2.67427969485598,,,,,,,,2025-11-06,b_elastic_eq,rev_leg=guide_cushion;scenario=backtest;,1.0
driver-lines,margin_v2,adj_ebitda_musd,2025Q4,2025-11-06,0,805.2800922989688,805.2800922989688,W1,full_sample,10,23,645.1298792179234,680.5025723218857,739.6087915552763,870.9513930426615,930.0576122760519,965.4303053800143,97.36441617474712,,,,,,,,2025-11-06,b_elastic_eq,rev_leg=guide_cushion;scenario=backtest;,1.0
driver-lines,margin_v2,adj_ebitda_musd,2025Q4,2025-11-06,0,805.2800922989688,805.2800922989688,W2,full_sample,10,23,645.1298792179234,680.5025723218857,739.6087915552763,870.9513930426615,930.0576122760519,965.4303053800143,97.36441617474712,,,,,,,,2025-11-06,b_elastic_eq,rev_leg=guide_cushion;scenario=backtest;,1.0
driver-lines,margin_v2,total_cash_costs_musd,2025Q4,2025-11-06,0,1937.4273684180228,1937.4273684180228,W1,full_sample,10,23,1817.1562401400931,1843.7207612106304,1888.108911177344,1986.7458256587017,2031.133975625415,2057.698496695952,73.11965411830406,,,,,,,,2025-11-06,b_elastic_eq,rev_leg=guide_cushion;scenario=backtest;,1.0
driver-lines,margin_v2,total_cash_costs_musd,2025Q4,2025-11-06,0,1937.4273684180228,1937.4273684180228,W2,full_sample,10,23,1817.1562401400931,1843.7207612106304,1888.108911177344,1986.7458256587017,2031.133975625415,2057.698496695952,73.11965411830406,,,,,,,,2025-11-06,b_elastic_eq,rev_leg=guide_cushion;scenario=backtest;,1.0
driver-lines,margin_v2,adj_ebitda_margin_pct,2026Q1,2025-11-06,1,15.47477977772002,15.47477977772002,W1,full_sample,10,23,8.95136505743415,10.392204519656833,12.79978408630044,18.1497754691396,20.557355035783207,21.998194498005887,3.9659545465915964,,,,,,,,2025-11-06,b_elastic_eq,rev_leg=naive;scenario=backtest;,1.0
driver-lines,margin_v2,adj_ebitda_margin_pct,2026Q1,2025-11-06,1,15.47477977772002,15.47477977772002,W2,full_sample,10,23,8.95136505743415,10.392204519656833,12.79978408630044,18.1497754691396,20.557355035783207,21.998194498005887,3.9659545465915964,,,,,,,,2025-11-06,b_elastic_eq,rev_leg=naive;scenario=backtest;,1.0
driver-lines,margin_v2,adj_ebitda_musd,2026Q1,2025-11-06,1,385.7847671145301,385.7847671145301,W1,full_sample,10,23,241.06687744749655,273.03100287300873,326.441654967019,445.1278792620411,498.53853135605146,530.5026567815637,87.98222972292666,,,,,,,,2025-11-06,b_elastic_eq,rev_leg=naive;scenario=backtest;,1.0
driver-lines,margin_v2,adj_ebitda_musd,2026Q1,2025-11-06,1,385.7847671145301,385.7847671145301,W2,full_sample,10,23,241.06687744749655,273.03100287300873,326.441654967019,445.1278792620411,498.53853135605146,530.5026567815637,87.98222972292666,,,,,,,,2025-11-06,b_elastic_eq,rev_leg=naive;scenario=backtest;,1.0
driver-lines,margin_v2,total_cash_costs_musd,2026Q1,2025-11-06,1,2107.2055865832194,2107.2055865832194,W1,full_sample,10,23,1977.1834867690986,2005.9017241349782,2053.8886395998366,2160.5225335666023,2208.5094490314605,2237.22768639734,79.0478238815087,,,,,,,,2025-11-06,b_elastic_eq,rev_leg=naive;scenario=backtest;,1.0
driver-lines,margin_v2,total_cash_costs_musd,2026Q1,2025-11-06,1,2107.2055865832194,2107.2055865832194,W2,full_sample,10,23,1977.1834867690986,2005.9017241349782,2053.8886395998366,2160.5225335666023,2208.5094490314605,2237.22768639734,79.0478238815087,,,,,,,,2025-11-06,b_elastic_eq,rev_leg=naive;scenario=backtest;,1.0
driver-lines,margin_v2,adj_ebitda_margin_pct,2026Q2,2025-11-06,2,31.77856006341679,31.77856006341679,W1,full_sample,10,23,23.385115143575852,25.238991860457244,28.336738569694838,35.220381557138744,38.318128266376334,40.17200498325773,5.102852182292431,,,,,,,,2025-11-06,b_elastic_eq,rev_leg=naive;scenario=backtest;,1.0
driver-lines,margin_v2,adj_ebitda_margin_pct,2026Q2,2025-11-06,2,31.77856006341679,31.77856006341679,W2,full_sample,10,23,23.385115143575852,25.238991860457244,28.336738569694838,35.220381557138744,38.318128266376334,40.17200498325773,5.102852182292431,,,,,,,,2025-11-06,b_elastic_eq,rev_leg=naive;scenario=backtest;,1.0
driver-lines,margin_v2,adj_ebitda_musd,2026Q2,2025-11-06,2,1079.5616235562854,1079.5616235562854,W1,full_sample,10,23,335.71344758088134,500.008659797706,774.538755760242,1384.5844913523288,1659.1145873148648,1823.4097995316895,452.22758048935486,,,,,,,,2025-11-06,b_elastic_eq,rev_leg=naive;scenario=backtest;,1.0
driver-lines,margin_v2,adj_ebitda_musd,2026Q2,2025-11-06,2,1079.5616235562854,1079.5616235562854,W2,full_sample,10,23,335.71344758088134,500.008659797706,774.538755760242,1384.5844913523288,1659.1145873148648,1823.4097995316895,452.22758048935486,,,,,,,,2025-11-06,b_elastic_eq,rev_leg=naive;scenario=backtest;,1.0
driver-lines,margin_v2,total_cash_costs_musd,2026Q2,2025-11-06,2,2317.5766401093097,2317.5766401093097,W1,full_sample,10,23,2162.688971523734,2196.899316056296,2254.0633017909568,2381.0899784276626,2438.253964162324,2472.4643086948854,94.16501629548682,,,,,,,,2025-11-06,b_elastic_eq,rev_leg=naive;scenario=backtest;,1.0
driver-lines,margin_v2,total_cash_costs_musd,2026Q2,2025-11-06,2,2317.5766401093097,2317.5766401093097,W2,full_sample,10,23,2162.688971523734,2196.899316056296,2254.0633017909568,2381.0899784276626,2438.253964162324,2472.4643086948854,94.16501629548682,,,,,,,,2025-11-06,b_elastic_eq,rev_leg=naive;scenario=backtest;,1.0
driver-lines,margin_v2,adj_ebitda_margin_pct,2026Q1,2026-02-12,0,18.995141908679518,18.995141908679518,W1,PIT,10,24,14.040261877621521,15.134655992582015,16.963340574117083,21.026943243241952,22.85562782477702,23.950021939737514,3.012353166184908,,,,,,,,2026-02-12,b_elastic_eq,rev_leg=guide_cushion;scenario=backtest;,1.0
driver-lines,margin_v2,adj_ebitda_margin_pct,2026Q1,2026-02-12,0,18.995141908679518,18.995141908679518,W2,PIT,10,24,14.040261877621521,15.134655992582015,16.963340574117083,21.026943243241952,22.85562782477702,23.950021939737514,3.012353166184908,,,,,,,,2026-02-12,b_elastic_eq,rev_leg=guide_cushion;scenario=backtest;,1.0
driver-lines,margin_v2,adj_ebitda_musd,2026Q1,2026-02-12,0,505.4873103833372,505.4873103833372,W1,PIT,10,24,404.0193319878543,426.4307642963866,463.8792850372072,547.0953357294673,584.5438564702878,606.9552887788202,61.68815068580965,,,,,,,,2026-02-12,b_elastic_eq,rev_leg=guide_cushion;scenario=backtest;,1.0
driver-lines,margin_v2,adj_ebitda_musd,2026Q1,2026-02-12,0,505.4873103833372,505.4873103833372,W2,PIT,10,24,404.0193319878543,426.4307642963866,463.8792850372072,547.0953357294673,584.5438564702878,606.9552887788202,61.68815068580965,,,,,,,,2026-02-12,b_elastic_eq,rev_leg=guide_cushion;scenario=backtest;,1.0
driver-lines,margin_v2,total_cash_costs_musd,2026Q1,2026-02-12,0,2155.6526422082416,2155.6526422082416,W1,PIT,10,24,1998.2255017598318,2032.9967444462084,2091.0979664028764,2220.2073180136067,2278.308539970275,2313.079782656652,95.70890556394437,,,,,,,,2026-02-12,b_elastic_eq,rev_leg=guide_cushion;scenario=backtest;,1.0
driver-lines,margin_v2,total_cash_costs_musd,2026Q1,2026-02-12,0,2155.6526422082416,2155.6526422082416,W2,PIT,10,24,1998.2255017598318,2032.9967444462084,2091.0979664028764,2220.2073180136067,2278.308539970275,2313.079782656652,95.70890556394437,,,,,,,,2026-02-12,b_elastic_eq,rev_leg=guide_cushion;scenario=backtest;,1.0
driver-lines,margin_v2,adj_ebitda_margin_pct,2026Q2,2026-02-12,1,32.88910404587204,32.88910404587204,W1,PIT,10,24,25.464934057284548,27.104725110357045,29.844744062122945,35.933464029621135,38.67348298138703,40.313274034459525,4.513574865836086,,,,,,,,2026-02-12,b_elastic_eq,rev_leg=naive;scenario=backtest;,1.0
driver-lines,margin_v2,adj_ebitda_margin_pct,2026Q2,2026-02-12,1,32.88910404587204,32.88910404587204,W2,PIT,10,24,25.464934057284548,27.104725110357045,29.844744062122945,35.933464029621135,38.67348298138703,40.313274034459525,4.513574865836086,,,,,,,,2026-02-12,b_elastic_eq,rev_leg=naive;scenario=backtest;,1.0
driver-lines,margin_v2,adj_ebitda_musd,2026Q2,2026-02-12,1,1140.6004939438833,1140.6004939438833,W1,PIT,10,24,636.9180673474268,748.1673973051658,934.0601498508687,1347.1408380368978,1533.0335905826007,1644.2829205403398,306.2171723632139,,,,,,,,2026-02-12,b_elastic_eq,rev_leg=naive;scenario=backtest;,1.0
driver-lines,margin_v2,adj_ebitda_musd,2026Q2,2026-02-12,1,1140.6004939438833,1140.6004939438833,W2,PIT,10,24,636.9180673474268,748.1673973051658,934.0601498508687,1347.1408380368978,1533.0335905826007,1644.2829205403398,306.2171723632139,,,,,,,,2026-02-12,b_elastic_eq,rev_leg=naive;scenario=backtest;,1.0
driver-lines,margin_v2,total_cash_costs_musd,2026Q2,2026-02-12,1,2327.418860894826,2327.418860894826,W1,PIT,10,24,2122.1746909767876,2167.507375175055,2243.256302823448,2411.581418966204,2487.330346614597,2532.6630308128647,124.77959531173138,,,,,,,,2026-02-12,b_elastic_eq,rev_leg=naive;scenario=backtest;,1.0
driver-lines,margin_v2,total_cash_costs_musd,2026Q2,2026-02-12,1,2327.418860894826,2327.418860894826,W2,PIT,10,24,2122.1746909767876,2167.507375175055,2243.256302823448,2411.581418966204,2487.330346614597,2532.6630308128647,124.77959531173138,,,,,,,,2026-02-12,b_elastic_eq,rev_leg=naive;scenario=backtest;,1.0
driver-lines,margin_v2,adj_ebitda_margin_pct,2026Q1,2026-02-12,0,18.988334014498243,18.988334014498243,W1,full_sample,10,24,14.589535358931707,15.561106684851424,17.18455977116038,20.792108257836105,22.41556134414506,23.38713267006478,2.67427969485598,,,,,,,,2026-02-12,b_elastic_eq,rev_leg=guide_cushion;scenario=backtest;,1.0
driver-lines,margin_v2,adj_ebitda_margin_pct,2026Q1,2026-02-12,0,18.988334014498243,18.988334014498243,W2,full_sample,10,24,14.589535358931707,15.561106684851424,17.18455977116038,20.792108257836105,22.41556134414506,23.38713267006478,2.67427969485598,,,,,,,,2026-02-12,b_elastic_eq,rev_leg=guide_cushion;scenario=backtest;,1.0
driver-lines,margin_v2,adj_ebitda_musd,2026Q1,2026-02-12,0,505.3061427913492,505.3061427913492,W1,full_sample,10,24,404.8132991049173,427.00935148897327,464.0979818194945,546.514303763204,583.6029340937251,605.7989864777811,61.09531087740776,,,,,,,,2026-02-12,b_elastic_eq,rev_leg=guide_cushion;scenario=backtest;,1.0
driver-lines,margin_v2,adj_ebitda_musd,2026Q1,2026-02-12,0,505.3061427913492,505.3061427913492,W2,full_sample,10,24,404.8132991049173,427.00935148897327,464.0979818194945,546.514303763204,583.6029340937251,605.7989864777811,61.09531087740776,,,,,,,,2026-02-12,b_elastic_eq,rev_leg=guide_cushion;scenario=backtest;,1.0
driver-lines,margin_v2,total_cash_costs_musd,2026Q1,2026-02-12,0,2155.8338098002296,2155.8338098002296,W1,full_sample,10,24,2022.0045014550626,2051.5636444704605,2100.955676405501,2210.711943194958,2260.103975129998,2289.6631181453963,81.36244231847101,,,,,,,,2026-02-12,b_elastic_eq,rev_leg=guide_cushion;scenario=backtest;,1.0
driver-lines,margin_v2,total_cash_costs_musd,2026Q1,2026-02-12,0,2155.8338098002296,2155.8338098002296,W2,full_sample,10,24,2022.0045014550626,2051.5636444704605,2100.955676405501,2210.711943194958,2260.103975129998,2289.6631181453963,81.36244231847101,,,,,,,,2026-02-12,b_elastic_eq,rev_leg=guide_cushion;scenario=backtest;,1.0
driver-lines,margin_v2,adj_ebitda_margin_pct,2026Q2,2026-02-12,1,32.84754475771083,32.84754475771083,W1,full_sample,10,24,26.324130037424958,27.76496949964764,30.172549066291246,35.52254044913041,37.930120015774015,39.3709594779967,3.9659545465915964,,,,,,,,2026-02-12,b_elastic_eq,rev_leg=naive;scenario=backtest;,1.0
driver-lines,margin_v2,adj_ebitda_margin_pct,2026Q2,2026-02-12,1,32.84754475771083,32.84754475771083,W2,full_sample,10,24,26.324130037424958,27.76496949964764,30.172549066291246,35.52254044913041,37.930120015774015,39.3709594779967,3.9659545465915964,,,,,,,,2026-02-12,b_elastic_eq,rev_leg=naive;scenario=backtest;,1.0
driver-lines,margin_v2,adj_ebitda_musd,2026Q2,2026-02-12,1,1139.1592097867194,1139.1592097867194,W1,full_sample,10,24,711.8309923764202,806.2158177120461,963.9287224715627,1314.3896971018762,1472.102601861393,1566.4874271970186,259.79710924326923,,,,,,,,2026-02-12,b_elastic_eq,rev_leg=naive;scenario=backtest;,1.0
driver-lines,margin_v2,adj_ebitda_musd,2026Q2,2026-02-12,1,1139.1592097867194,1139.1592097867194,W2,full_sample,10,24,711.8309923764202,806.2158177120461,963.9287224715627,1314.3896971018762,1472.102601861393,1566.4874271970186,259.79710924326923,,,,,,,,2026-02-12,b_elastic_eq,rev_leg=naive;scenario=backtest;,1.0
driver-lines,margin_v2,total_cash_costs_musd,2026Q2,2026-02-12,1,2328.86014505199,2328.86014505199,W1,full_sample,10,24,2185.161168473219,2216.900244557383,2269.9348490694633,2387.7854410345167,2440.820045546597,2472.559121630761,87.3627745497932,,,,,,,,2026-02-12,b_elastic_eq,rev_leg=naive;scenario=backtest;,1.0
driver-lines,margin_v2,total_cash_costs_musd,2026Q2,2026-02-12,1,2328.86014505199,2328.86014505199,W2,full_sample,10,24,2185.161168473219,2216.900244557383,2269.9348490694633,2387.7854410345167,2440.820045546597,2472.559121630761,87.3627745497932,,,,,,,,2026-02-12,b_elastic_eq,rev_leg=naive;scenario=backtest;,1.0
driver-lines,margin_v2,adj_ebitda_margin_pct,2026Q2,2026-05-07,0,35.26597131531144,35.26597131531144,W1,PIT,10,25,30.544092729278262,31.587023355998053,33.3297147051397,37.20222792548318,38.94491927462482,39.98784990134462,2.8706983458367543,,,,,,,,2026-05-07,b_elastic_eq,rev_leg=guide_cushion;scenario=backtest;,1.0
driver-lines,margin_v2,adj_ebitda_margin_pct,2026Q2,2026-05-07,0,35.26597131531144,35.26597131531144,W2,PIT,10,25,30.544092729278262,31.587023355998053,33.3297147051397,37.20222792548318,38.94491927462482,39.98784990134462,2.8706983458367543,,,,,,,,2026-05-07,b_elastic_eq,rev_leg=guide_cushion;scenario=backtest;,1.0
driver-lines,margin_v2,adj_ebitda_musd,2026Q2,2026-05-07,0,1283.6637405587057,1283.6637405587057,W1,PIT,10,25,1065.631072393173,1113.788377396286,1194.2571225618728,1373.0703585555384,1453.5391037211257,1501.6964087242384,132.55445019118727,,,,,,,,2026-05-07,b_elastic_eq,rev_leg=guide_cushion;scenario=backtest;,1.0
driver-lines,margin_v2,adj_ebitda_musd,2026Q2,2026-05-07,0,1283.6637405587057,1283.6637405587057,W2,PIT,10,25,1065.631072393173,1113.788377396286,1194.2571225618728,1373.0703585555384,1453.5391037211257,1501.6964087242384,132.55445019118727,,,,,,,,2026-05-07,b_elastic_eq,rev_leg=guide_cushion;scenario=backtest;,1.0
driver-lines,margin_v2,total_cash_costs_musd,2026Q2,2026-05-07,0,2356.286309537822,2356.286309537822,W1,PIT,10,25,2185.9973010580056,2223.6093698779596,2286.4574877455966,2426.1151313300475,2488.9632491976845,2526.5753180176384,103.52836610478549,,,,,,,,2026-05-07,b_elastic_eq,rev_leg=guide_cushion;scenario=backtest;,1.0
driver-lines,margin_v2,total_cash_costs_musd,2026Q2,2026-05-07,0,2356.286309537822,2356.286309537822,W2,PIT,10,25,2185.9973010580056,2223.6093698779596,2286.4574877455966,2426.1151313300475,2488.9632491976845,2526.5753180176384,103.52836610478549,,,,,,,,2026-05-07,b_elastic_eq,rev_leg=guide_cushion;scenario=backtest;,1.0
driver-lines,margin_v2,adj_ebitda_margin_pct,2026Q2,2026-05-07,0,35.28044955688517,35.28044955688517,W1,full_sample,10,25,30.881650901318636,31.853222227238355,33.47667531354731,37.084223800223036,38.70767688653199,39.67924821245171,2.67427969485598,,,,,,,,2026-05-07,b_elastic_eq,rev_leg=guide_cushion;scenario=backtest;,1.0
driver-lines,margin_v2,adj_ebitda_margin_pct,2026Q2,2026-05-07,0,35.28044955688517,35.28044955688517,W2,full_sample,10,25,30.881650901318636,31.853222227238355,33.47667531354731,37.084223800223036,38.70767688653199,39.67924821245171,2.67427969485598,,,,,,,,2026-05-07,b_elastic_eq,rev_leg=guide_cushion;scenario=backtest;,1.0
driver-lines,margin_v2,adj_ebitda_musd,2026Q2,2026-05-07,0,1284.190741320122,1284.190741320122,W1,full_sample,10,25,1028.7970927922152,1085.2063911395558,1179.4638553682598,1388.9176272719844,1483.1750915006883,1539.5843898480289,155.26831344941405,,,,,,,,2026-05-07,b_elastic_eq,rev_leg=guide_cushion;scenario=backtest;,1.0
driver-lines,margin_v2,adj_ebitda_musd,2026Q2,2026-05-07,0,1284.190741320122,1284.190741320122,W2,full_sample,10,25,1028.7970927922152,1085.2063911395558,1179.4638553682598,1388.9176272719844,1483.1750915006883,1539.5843898480289,155.26831344941405,,,,,,,,2026-05-07,b_elastic_eq,rev_leg=guide_cushion;scenario=backtest;,1.0
driver-lines,margin_v2,total_cash_costs_musd,2026Q2,2026-05-07,0,2355.7593087764058,2355.7593087764058,W1,full_sample,10,25,2209.5190756526617,2241.8194440769003,2295.791943478946,2415.726674073866,2469.6991734759113,2501.99954190015,88.90774882795006,,,,,,,,2026-05-07,b_elastic_eq,rev_leg=guide_cushion;scenario=backtest;,1.0
driver-lines,margin_v2,total_cash_costs_musd,2026Q2,2026-05-07,0,2355.7593087764058,2355.7593087764058,W2,full_sample,10,25,2209.5190756526617,2241.8194440769003,2295.791943478946,2415.726674073866,2469.6991734759113,2501.99954190015,88.90774882795006,,,,,,,,2026-05-07,b_elastic_eq,rev_leg=guide_cushion;scenario=backtest;,1.0
driver-lines,margin_v2,adj_ebitda_margin_pct,2026Q3,2026-08-06,0,51.67321890765513,51.67321890765513,LIVE,PIT,10,26,46.99921993495847,48.03157529714438,49.75659584293064,53.58984197237961,55.314862518165874,56.347217880351785,2.8415896077995226,,,,,,,,2026-08-06,b_elastic_eq,rev_leg=ws06_base;scenario=base;,1.0
driver-lines,margin_v2,adj_ebitda_musd,2026Q3,2026-08-06,0,2482.3997803164643,2482.3997803164643,LIVE,PIT,10,26,2061.6101995119225,2154.5508232974903,2309.8505305890035,2654.949030043925,2810.2487373354384,2903.189361121006,255.82190044741066,,,,,,,,2026-08-06,b_elastic_eq,rev_leg=ws06_base;scenario=base;,1.0
driver-lines,margin_v2,total_cash_costs_musd,2026Q3,2026-08-06,0,2321.6357196835356,2321.6357196835356,LIVE,PIT,10,26,2157.9861412689565,2194.131746088866,2254.5294669106866,2388.7419724563847,2449.1396932782054,2485.2852980981147,99.49187923662406,,,,,,,,2026-08-06,b_elastic_eq,rev_leg=ws06_base;scenario=base;,1.0
driver-lines,margin_v2,adj_ebitda_margin_pct,2026Q4,2026-08-06,1,28.64223790376717,28.64223790376717,LIVE,PIT,10,26,23.210062715929464,24.409877952572966,26.414716606168994,30.869759201365348,32.87459785496138,34.074413091604875,3.302528017587531,,,,,,,,2026-08-06,b_elastic_eq,rev_leg=ws06_base;scenario=base;,1.0
driver-lines,margin_v2,adj_ebitda_musd,2026Q4,2026-08-06,1,910.2811969141811,910.2811969141811,LIVE,PIT,10,26,700.688290879207,746.9814889918493,824.3353932766813,996.2270005516809,1073.580904836513,1119.874102949155,127.42343914420398,,,,,,,,2026-08-06,b_elastic_eq,rev_leg=ws06_base;scenario=base;,1.0
driver-lines,margin_v2,total_cash_costs_musd,2026Q4,2026-08-06,1,2267.826603085819,2267.826603085819,LIVE,PIT,10,26,2080.337823403059,2121.748839576971,2190.9448319052617,2344.7083742663763,2413.904366594667,2455.315382768579,113.9850845149345,,,,,,,,2026-08-06,b_elastic_eq,rev_leg=ws06_base;scenario=base;,1.0
driver-lines,margin_v2,adj_ebitda_margin_pct,2027Q1,2026-08-06,2,19.738950016982542,19.738950016982542,LIVE,PIT,10,26,14.3961945870676,15.576259505596743,17.548096243591797,21.92980379037329,23.90164052836834,25.081705446897487,3.248164664850491,,,,,,,,2026-08-06,b_elastic_eq,rev_leg=ws06_base;scenario=base;,1.0
driver-lines,margin_v2,adj_ebitda_musd,2027Q1,2026-08-06,2,602.655666480849,602.655666480849,LIVE,PIT,10,26,459.0241332586697,490.7483129957807,543.7580263650783,661.5533065966197,714.5630199659174,746.2871997030284,87.32177190038618,,,,,,,,2026-08-06,b_elastic_eq,rev_leg=ws06_base;scenario=base;,1.0
driver-lines,margin_v2,total_cash_costs_musd,2027Q1,2026-08-06,2,2450.473633519151,2450.473633519151,LIVE,PIT,10,26,2248.130899407384,2292.8227377624794,2367.5008401053183,2533.4464269329837,2608.1245292758226,2652.816367630918,123.01564759095552,,,,,,,,2026-08-06,b_elastic_eq,rev_leg=ws06_base;scenario=base;,1.0
driver-lines,margin_v2,adj_ebitda_margin_pct,2027Q2,2026-08-06,3,34.59538882281496,34.59538882281496,LIVE,PIT,10,26,29.252633392900016,30.432698311429164,32.40453504942421,36.78624259620571,38.75807933420076,39.938144252729906,3.248164664850491,,,,,,,,2026-08-06,b_elastic_eq,rev_leg=ws06_base;scenario=base;,1.0
driver-lines,margin_v2,adj_ebitda_musd,2027Q2,2026-08-06,3,1393.841538761172,1393.841538761172,LIVE,PIT,10,26,1061.6458780946498,1135.0185881845098,1257.6211696609398,1530.0619078614038,1652.664489337834,1726.037199427694,201.9606214336559,,,,,,,,2026-08-06,b_elastic_eq,rev_leg=ws06_base;scenario=base;,1.0
driver-lines,margin_v2,total_cash_costs_musd,2027Q2,2026-08-06,3,2635.139161238828,2635.139161238828,LIVE,PIT,10,26,2417.5480574797075,2465.607833282371,2545.91361143025,2724.3647110474058,2804.670489195285,2852.730264997948,132.28599809357974,,,,,,,,2026-08-06,b_elastic_eq,rev_leg=ws06_base;scenario=base;,1.0
driver-lines,margin_v2,adj_ebitda_margin_pct,2027Q3,2026-08-06,4,50.77565927244334,50.77565927244334,LIVE,PIT,10,26,45.4329038425284,46.612968761057544,48.58480549905259,52.96651304583409,54.93834978382914,56.11841470235829,3.248164664850491,,,,,,,,2026-08-06,b_elastic_eq,rev_leg=ws06_base;scenario=base;,1.0
driver-lines,margin_v2,adj_ebitda_musd,2027Q3,2026-08-06,4,2681.326741289179,2681.326741289179,LIVE,PIT,10,26,2042.283432910641,2183.430187526418,2419.280225799789,2943.3732567785687,3179.22329505194,3320.3700496677175,388.5107452162318,,,,,,,,2026-08-06,b_elastic_eq,rev_leg=ws06_base;scenario=base;,1.0
driver-lines,margin_v2,total_cash_costs_musd,2027Q3,2026-08-06,4,2599.405758710821,2599.405758710821,LIVE,PIT,10,26,2384.7652659143046,2432.173334460128,2511.3901383564407,2687.421379065201,2766.638182961514,2814.046251507337,130.49215400055095,,,,,,,,2026-08-06,b_elastic_eq,rev_leg=ws06_base;scenario=base;,1.0
driver-lines,margin_v2,adj_ebitda_margin_pct,2027Q4,2026-08-06,5,26.721446443913877,26.721446443913877,LIVE,PIT,10,26,21.37869101399893,22.55875593252808,24.53059267052313,28.912300217304622,30.884136955299674,32.06420187382882,3.248164664850491,,,,,,,,2026-08-06,b_elastic_eq,rev_leg=ws06_base;scenario=base;,1.0
driver-lines,margin_v2,adj_ebitda_musd,2027Q4,2026-08-06,5,926.1022978538937,926.1022978538937,LIVE,PIT,10,26,705.3834025382962,754.1340198246633,835.5941638013281,1016.6104319064591,1098.070575883124,1146.8211931694912,134.1875603391361,,,,,,,,2026-08-06,b_elastic_eq,rev_leg=ws06_base;scenario=base;,1.0
driver-lines,margin_v2,total_cash_costs_musd,2027Q4,2026-08-06,5,2539.6618021461063,2539.6618021461063,LIVE,PIT,10,26,2329.9545415838,2376.272997406205,2453.6691062166055,2625.654498075607,2703.0506068860077,2749.369062708412,127.49296176035547,,,,,,,,2026-08-06,b_elastic_eq,rev_leg=ws06_base;scenario=base;,1.0
driver-lines,margin_v2,adj_ebitda_margin_pct,2028Q1,2026-08-06,6,17.06771247286328,17.06771247286328,LIVE,PIT,10,26,11.724957042948338,12.905021961477482,14.876858699472534,19.258566246254027,21.230402984249082,22.410467902778223,3.248164664850491,,,,,,,,2026-08-06,b_elastic_eq,rev_leg=ws06_base;scenario=base;,1.0
driver-lines,margin_v2,adj_ebitda_musd,2028Q1,2026-08-06,6,564.9325100475636,564.9325100475636,LIVE,PIT,10,26,430.2915747701977,460.02998342524296,509.72156038409145,620.1434597110357,669.8350366698842,699.5734453249295,81.85587645686492,,,,,,,,2026-08-06,b_elastic_eq,rev_leg=ws06_base;scenario=base;,1.0
driver-lines,margin_v2,total_cash_costs_musd,2028Q1,2026-08-06,6,2745.0160899524367,2745.0160899524367,LIVE,PIT,10,26,2518.352128657695,2568.4158443803203,2652.070118270146,2837.9620616347274,2921.616335524553,2971.6800512471777,137.80190381732282,,,,,,,,2026-08-06,b_elastic_eq,rev_leg=ws06_base;scenario=base;,1.0
driver-lines,margin_v2,adj_ebitda_margin_pct,2028Q2,2026-08-06,7,32.239200600207404,32.239200600207404,LIVE,PIT,10,26,26.89644517029246,28.076510088821607,30.04834682681666,34.43005437359815,36.4018911115932,37.58195603012235,3.248164664850491,,,,,,,,2026-08-06,b_elastic_eq,rev_leg=ws06_base;scenario=base;,1.0
driver-lines,margin_v2,adj_ebitda_musd,2028Q2,2026-08-06,7,1406.1921715683247,1406.1921715683247,LIVE,PIT,10,26,1071.0529721200066,1145.0758274201974,1268.7647730369658,1543.6195700996834,1667.3085157164521,1741.3313710166428,203.75016594604602,,,,,,,,2026-08-06,b_elastic_eq,rev_leg=ws06_base;scenario=base;,1.0
driver-lines,margin_v2,total_cash_costs_musd,2028Q2,2026-08-06,7,2955.5542284316753,2955.5542284316753,LIVE,PIT,10,26,2711.5055207793444,2765.4090396827874,2855.4794563285927,3055.629000534758,3145.699417180563,3199.6029360840057,148.37107913647256,,,,,,,,2026-08-06,b_elastic_eq,rev_leg=ws06_base;scenario=base;,1.0
driver-lines,margin_v2,adj_ebitda_margin_pct,2028Q3,2026-08-06,8,49.193119318881855,49.193119318881855,LIVE,PIT,10,26,43.85036388896691,45.03042880749606,47.002265545491106,51.383973092272605,53.35580983026765,54.5358747487968,3.248164664850491,,,,,,,,2026-08-06,b_elastic_eq,rev_leg=ws06_base;scenario=base;,1.0
driver-lines,margin_v2,adj_ebitda_musd,2028Q3,2026-08-06,8,2812.4017707050043,2812.4017707050043,LIVE,PIT,10,26,2142.1192182784134,2290.1658462771393,2537.545270443087,3087.258270966922,3334.6376951328693,3482.684323131595,407.5028570590046,,,,,,,,2026-08-06,b_elastic_eq,rev_leg=ws06_base;scenario=base;,1.0
driver-lines,margin_v2,total_cash_costs_musd,2028Q3,2026-08-06,8,2904.6615292949955,2904.6615292949955,LIVE,PIT,10,26,2664.8151798108097,2717.7905155858325,2806.3099789209614,3003.0130796690296,3091.5325430041585,3144.507878779181,145.81622677800854,,,,,,,,2026-08-06,b_elastic_eq,rev_leg=ws06_base;scenario=base;,1.0
driver-lines,margin_v2,adj_ebitda_margin_pct,2028Q4,2026-08-06,9,24.08736494938508,24.08736494938508,LIVE,PIT,10,26,18.74460951947014,19.92467443799928,21.896511175994334,26.278218722775826,28.25005546077088,29.43012037930002,3.248164664850491,,,,,,,,2026-08-06,b_elastic_eq,rev_leg=ws06_base;scenario=base;,1.0
driver-lines,margin_v2,adj_ebitda_musd,2028Q4,2026-08-06,9,902.9588827434621,902.9588827434621,LIVE,PIT,10,26,687.7557809086088,735.2881140212268,814.7125585601768,991.2052069267473,1070.6296514656974,1118.1619845783155,130.83419600910324,,,,,,,,2026-08-06,b_elastic_eq,rev_leg=ws06_base;scenario=base;,1.0
driver-lines,margin_v2,total_cash_costs_musd,2028Q4,2026-08-06,9,2845.7238172565376,2845.7238172565376,LIVE,PIT,10,26,2610.7441260513992,2662.6445534236495,2749.3678919479435,2942.0797425651317,3028.8030810894256,3080.7035084616755,142.85750862868164,,,,,,,,2026-08-06,b_elastic_eq,rev_leg=ws06_base;scenario=base;,1.0
driver-lines,margin_v2,adj_ebitda_margin_pct,2026Q3,2026-08-06,0,51.67321890765513,51.67321890765513,LIVE,full_sample,10,26,47.27442025208859,48.24599157800831,49.869444664317264,53.47699315099299,55.100446237301945,56.072017563221664,2.67427969485598,,,,,,,,2026-08-06,b_elastic_eq,rev_leg=ws06_base;scenario=base;,1.0
driver-lines,margin_v2,adj_ebitda_musd,2026Q3,2026-08-06,0,2482.3997803164643,2482.3997803164643,LIVE,full_sample,10,26,1988.7121086952159,2097.7538774291156,2279.957891962027,2684.841668670902,2867.045683203813,2976.087451937713,300.14079279275205,,,,,,,,2026-08-06,b_elastic_eq,rev_leg=ws06_base;scenario=base;,1.0
driver-lines,margin_v2,total_cash_costs_musd,2026Q3,2026-08-06,0,2321.6357196835356,2321.6357196835356,LIVE,full_sample,10,26,2177.5138021302187,2209.3462940207423,2262.536992249362,2380.7344471177094,2433.9251453463285,2465.757637236852,87.61990440476369,,,,,,,,2026-08-06,b_elastic_eq,rev_leg=ws06_base;scenario=base;,1.0
driver-lines,margin_v2,adj_ebitda_margin_pct,2026Q4,2026-08-06,1,28.64223790376717,28.64223790376717,LIVE,full_sample,10,26,22.118823183481304,23.559662645703984,25.967242212347593,31.31723359518675,33.724813161830355,35.16565262405304,3.9659545465915964,,,,,,,,2026-08-06,b_elastic_eq,rev_leg=ws06_base;scenario=base;,1.0
driver-lines,margin_v2,adj_ebitda_musd,2026Q4,2026-08-06,1,910.2811969141811,910.2811969141811,LIVE,full_sample,10,26,568.8110688780135,644.2322488491042,770.2577336803101,1050.3046601480519,1176.3301449792582,1251.7513249503488,207.59909723337464,,,,,,,,2026-08-06,b_elastic_eq,rev_leg=ws06_base;scenario=base;,1.0
driver-lines,margin_v2,total_cash_costs_musd,2026Q4,2026-08-06,1,2267.826603085819,2267.826603085819,LIVE,full_sample,10,26,2127.8936137159194,2158.8008887852106,2210.445590272404,2325.207615899234,2376.8523173864273,2407.7595924557186,85.07321689726747,,,,,,,,2026-08-06,b_elastic_eq,rev_leg=ws06_base;scenario=base;,1.0
driver-lines,margin_v2,adj_ebitda_margin_pct,2027Q1,2026-08-06,2,19.738950016982542,19.738950016982542,LIVE,full_sample,10,26,11.345505097141602,13.199381814022995,16.29712852326059,23.180771510704496,26.27851821994209,28.13239493682348,5.102852182292431,,,,,,,,2026-08-06,b_elastic_eq,rev_leg=ws06_base;scenario=base;,1.0
driver-lines,margin_v2,adj_ebitda_musd,2027Q1,2026-08-06,2,602.655666480849,602.655666480849,LIVE,full_sample,10,26,187.40904371161284,279.1253834347437,432.37936573761465,772.9319672240835,926.1859495269543,1017.9022892500852,252.45202124084636,,,,,,,,2026-08-06,b_elastic_eq,rev_leg=ws06_base;scenario=base;,1.0
driver-lines,margin_v2,total_cash_costs_musd,2027Q1,2026-08-06,2,2450.473633519151,2450.473633519151,LIVE,full_sample,10,26,2286.7042282457596,2322.876299460067,2383.3182444664876,2517.6290225718144,2578.0709675782355,2614.2430387925424,99.56472879408564,,,,,,,,2026-08-06,b_elastic_eq,rev_leg=ws06_base;scenario=base;,1.0
driver-lines,margin_v2,adj_ebitda_margin_pct,2027Q2,2026-08-06,3,34.59538882281496,34.59538882281496,LIVE,full_sample,10,26,26.201943902974023,28.055820619855414,31.153567329093008,38.037210316536914,41.134957025774504,42.9888337426559,5.102852182292431,,,,,,,,2026-08-06,b_elastic_eq,rev_leg=ws06_base;scenario=base;,1.0
driver-lines,margin_v2,adj_ebitda_musd,2027Q2,2026-08-06,3,1393.841538761172,1393.841538761172,LIVE,full_sample,10,26,433.4457043938789,645.5702245792268,1000.0209970438364,1787.6620804785075,2142.112852943117,2354.237373128465,583.8792088431996,,,,,,,,2026-08-06,b_elastic_eq,rev_leg=ws06_base;scenario=base;,1.0
driver-lines,margin_v2,total_cash_costs_musd,2027Q2,2026-08-06,3,2635.139161238828,2635.139161238828,LIVE,full_sample,10,26,2459.028238294946,2497.926204833379,2562.9230014074064,2707.355321070249,2772.352117644277,2811.25008418271,107.06783877802037,,,,,,,,2026-08-06,b_elastic_eq,rev_leg=ws06_base;scenario=base;,1.0
driver-lines,margin_v2,adj_ebitda_margin_pct,2027Q3,2026-08-06,4,50.77565927244334,50.77565927244334,LIVE,full_sample,10,26,42.3822143526024,44.2360910694838,47.33383777872139,54.217480766165295,57.315227475402885,59.16910419228428,5.102852182292431,,,,,,,,2026-08-06,b_elastic_eq,rev_leg=ws06_base;scenario=base;,1.0
driver-lines,margin_v2,adj_ebitda_musd,2027Q3,2026-08-06,4,2681.326741289179,2681.326741289179,LIVE,full_sample,10,26,833.8175651740073,1241.8805570128281,1923.7359245352118,3438.9175580431465,4120.77292556553,4528.835917404351,1123.2058256389028,,,,,,,,2026-08-06,b_elastic_eq,rev_leg=ws06_base;scenario=base;,1.0
driver-lines,margin_v2,total_cash_costs_musd,2027Q3,2026-08-06,4,2599.405758710821,2599.405758710821,LIVE,full_sample,10,26,2425.682961066619,2464.0534576648365,2528.168875096095,2670.642642325547,2734.758059756806,2773.1285563550227,105.61596168661843,,,,,,,,2026-08-06,b_elastic_eq,rev_leg=ws06_base;scenario=base;,1.0
driver-lines,margin_v2,adj_ebitda_margin_pct,2027Q4,2026-08-06,5,26.721446443913877,26.721446443913877,LIVE,full_sample,10,26,18.32800152407294,20.18187824095433,23.279624950191923,30.16326793763583,33.26101464687342,35.114891363754815,5.102852182292431,,,,,,,,2026-08-06,b_elastic_eq,rev_leg=ws06_base;scenario=base;,1.0
driver-lines,margin_v2,adj_ebitda_musd,2027Q4,2026-08-06,5,926.1022978538937,926.1022978538937,LIVE,full_sample,10,26,287.9918926729958,428.93259512142953,664.4383292576885,1187.766266450099,1423.2720005863578,1564.2127030347915,387.943580343714,,,,,,,,2026-08-06,b_elastic_eq,rev_leg=ws06_base;scenario=base;,1.0
driver-lines,margin_v2,total_cash_costs_musd,2027Q4,2026-08-06,5,2539.6618021461063,2539.6618021461063,LIVE,full_sample,10,26,2369.9317967937486,2407.420397491548,2470.062205540621,2609.261398751591,2671.903206800665,2709.391807498464,103.18851633438712,,,,,,,,2026-08-06,b_elastic_eq,rev_leg=ws06_base;scenario=base;,1.0
driver-lines,margin_v2,adj_ebitda_margin_pct,2028Q1,2026-08-06,6,17.06771247286328,17.06771247286328,LIVE,full_sample,10,26,8.674267553022341,10.528144269903734,13.625890979141328,20.509533966585234,23.607280675822828,25.461157392704223,5.102852182292431,,,,,,,,2026-08-06,b_elastic_eq,rev_leg=ws06_base;scenario=base;,1.0
driver-lines,margin_v2,adj_ebitda_musd,2028Q1,2026-08-06,6,564.9325100475636,564.9325100475636,LIVE,full_sample,10,26,175.67819794652075,261.65356480023956,405.314633155758,724.5503869393692,868.2114552948876,954.1868221486064,236.64981839294504,,,,,,,,2026-08-06,b_elastic_eq,rev_leg=ws06_base;scenario=base;,1.0
driver-lines,margin_v2,total_cash_costs_musd,2028Q1,2026-08-06,6,2745.0160899524367,2745.0160899524367,LIVE,full_sample,10,26,2561.5619011914673,2602.08178931921,2669.7887457545557,2820.243434150317,2887.9503905856636,2928.470278713406,111.53222740006267,,,,,,,,2026-08-06,b_elastic_eq,rev_leg=ws06_base;scenario=base;,1.0
driver-lines,margin_v2,adj_ebitda_margin_pct,2028Q2,2026-08-06,7,32.239200600207404,32.239200600207404,LIVE,full_sample,10,26,23.845755680366466,25.699632397247857,28.79737910648545,35.68102209392936,38.77876880316695,40.63264552004834,5.102852182292431,,,,,,,,2026-08-06,b_elastic_eq,rev_leg=ws06_base;scenario=base;,1.0
driver-lines,margin_v2,adj_ebitda_musd,2028Q2,2026-08-06,7,1406.1921715683247,1406.1921715683247,LIVE,full_sample,10,26,437.28640549794017,651.2905310654976,1008.8820417110146,1803.5023014256349,2161.0938120711517,2375.0979376387095,589.0528799611967,,,,,,,,2026-08-06,b_elastic_eq,rev_leg=ws06_base;scenario=base;,1.0
driver-lines,margin_v2,total_cash_costs_musd,2028Q2,2026-08-06,7,2955.5542284316753,2955.5542284316753,LIVE,full_sample,10,26,2758.0294105260064,2801.657106236017,2874.5570728770845,3036.5513839862656,3109.4513506273333,3153.079046337344,120.08656251787947,,,,,,,,2026-08-06,b_elastic_eq,rev_leg=ws06_base;scenario=base;,1.0
driver-lines,margin_v2,adj_ebitda_margin_pct,2028Q3,2026-08-06,8,49.193119318881855,49.193119318881855,LIVE,full_sample,10,26,40.79967439904092,42.65355111592231,45.7512978251599,52.63494081260381,55.7326875218414,57.586564238722794,5.102852182292431,,,,,,,,2026-08-06,b_elastic_eq,rev_leg=ws06_base;scenario=base;,1.0
driver-lines,margin_v2,adj_ebitda_musd,2028Q3,2026-08-06,8,2812.4017707050043,2812.4017707050043,LIVE,full_sample,10,26,874.5782304818343,1302.5891338657682,2017.7765869482892,3607.0269544617195,4322.21440754424,4750.225310928175,1178.1130603181273,,,,,,,,2026-08-06,b_elastic_eq,rev_leg=ws06_base;scenario=base;,1.0
driver-lines,margin_v2,total_cash_costs_musd,2028Q3,2026-08-06,8,2904.6615292949955,2904.6615292949955,LIVE,full_sample,10,26,2710.5379587875295,2753.4144142832897,2825.0590914650575,2984.263967124933,3055.9086443067013,3098.7850998024614,118.01875092511992,,,,,,,,2026-08-06,b_elastic_eq,rev_leg=ws06_base;scenario=base;,1.0
driver-lines,margin_v2,adj_ebitda_margin_pct,2028Q4,2026-08-06,9,24.08736494938508,24.08736494938508,LIVE,full_sample,10,26,15.69392002954414,17.547796746425533,20.645543455663127,27.529186443107033,30.626933152344627,32.48080986922602,5.102852182292431,,,,,,,,2026-08-06,b_elastic_eq,rev_leg=ws06_base;scenario=base;,1.0
driver-lines,margin_v2,adj_ebitda_musd,2028Q4,2026-08-06,9,902.9588827434621,902.9588827434621,LIVE,full_sample,10,26,280.7949383667432,418.21351459836615,647.8339302567065,1158.0838352302178,1387.7042508885581,1525.122827120181,378.2488205530002,,,,,,,,2026-08-06,b_elastic_eq,rev_leg=ws06_base;scenario=base;,1.0
driver-lines,margin_v2,total_cash_costs_musd,2028Q4,2026-08-06,9,2845.7238172565376,2845.7238172565376,LIVE,full_sample,10,26,2655.5391563201374,2697.545617098182,2767.7365712522437,2923.711063260831,2993.9020174148936,3035.9084781929378,115.62406394110789,,,,,,,,2026-08-06,b_elastic_eq,rev_leg=ws06_base;scenario=base;,1.0
driver-lines,margin_v2,adj_ebitda_margin_pct,2026Q3,2026-09-11,0,51.67321890765513,51.67321890765513,LIVE,PIT,10,26,46.99921993495847,48.03157529714438,49.75659584293064,53.58984197237961,55.314862518165874,56.347217880351785,2.8415896077995226,,,,,,,,2026-08-06,b_elastic_eq,rev_leg=ws06_base;scenario=base;,1.0
driver-lines,margin_v2,adj_ebitda_musd,2026Q3,2026-09-11,0,2482.3997803164643,2482.3997803164643,LIVE,PIT,10,26,2061.6101995119225,2154.5508232974903,2309.8505305890035,2654.949030043925,2810.2487373354384,2903.189361121006,255.82190044741066,,,,,,,,2026-08-06,b_elastic_eq,rev_leg=ws06_base;scenario=base;,1.0
driver-lines,margin_v2,total_cash_costs_musd,2026Q3,2026-09-11,0,2321.6357196835356,2321.6357196835356,LIVE,PIT,10,26,2157.9861412689565,2194.131746088866,2254.5294669106866,2388.7419724563847,2449.1396932782054,2485.2852980981147,99.49187923662406,,,,,,,,2026-08-06,b_elastic_eq,rev_leg=ws06_base;scenario=base;,1.0
driver-lines,margin_v2,adj_ebitda_margin_pct,2026Q4,2026-09-11,1,28.64223790376717,28.64223790376717,LIVE,PIT,10,26,23.210062715929464,24.409877952572966,26.414716606168994,30.869759201365348,32.87459785496138,34.074413091604875,3.302528017587531,,,,,,,,2026-08-06,b_elastic_eq,rev_leg=ws06_base;scenario=base;,1.0
driver-lines,margin_v2,adj_ebitda_musd,2026Q4,2026-09-11,1,910.2811969141811,910.2811969141811,LIVE,PIT,10,26,700.688290879207,746.9814889918493,824.3353932766813,996.2270005516809,1073.580904836513,1119.874102949155,127.42343914420398,,,,,,,,2026-08-06,b_elastic_eq,rev_leg=ws06_base;scenario=base;,1.0
driver-lines,margin_v2,total_cash_costs_musd,2026Q4,2026-09-11,1,2267.826603085819,2267.826603085819,LIVE,PIT,10,26,2080.337823403059,2121.748839576971,2190.9448319052617,2344.7083742663763,2413.904366594667,2455.315382768579,113.9850845149345,,,,,,,,2026-08-06,b_elastic_eq,rev_leg=ws06_base;scenario=base;,1.0
driver-lines,margin_v2,adj_ebitda_margin_pct,2027Q1,2026-09-11,2,19.738950016982542,19.738950016982542,LIVE,PIT,10,26,14.3961945870676,15.576259505596743,17.548096243591797,21.92980379037329,23.90164052836834,25.081705446897487,3.248164664850491,,,,,,,,2026-08-06,b_elastic_eq,rev_leg=ws06_base;scenario=base;,1.0
driver-lines,margin_v2,adj_ebitda_musd,2027Q1,2026-09-11,2,602.655666480849,602.655666480849,LIVE,PIT,10,26,459.0241332586697,490.7483129957807,543.7580263650783,661.5533065966197,714.5630199659174,746.2871997030284,87.32177190038618,,,,,,,,2026-08-06,b_elastic_eq,rev_leg=ws06_base;scenario=base;,1.0
driver-lines,margin_v2,total_cash_costs_musd,2027Q1,2026-09-11,2,2450.473633519151,2450.473633519151,LIVE,PIT,10,26,2248.130899407384,2292.8227377624794,2367.5008401053183,2533.4464269329837,2608.1245292758226,2652.816367630918,123.01564759095552,,,,,,,,2026-08-06,b_elastic_eq,rev_leg=ws06_base;scenario=base;,1.0
driver-lines,margin_v2,adj_ebitda_margin_pct,2027Q2,2026-09-11,3,34.59538882281496,34.59538882281496,LIVE,PIT,10,26,29.252633392900016,30.432698311429164,32.40453504942421,36.78624259620571,38.75807933420076,39.938144252729906,3.248164664850491,,,,,,,,2026-08-06,b_elastic_eq,rev_leg=ws06_base;scenario=base;,1.0
driver-lines,margin_v2,adj_ebitda_musd,2027Q2,2026-09-11,3,1393.841538761172,1393.841538761172,LIVE,PIT,10,26,1061.6458780946498,1135.0185881845098,1257.6211696609398,1530.0619078614038,1652.664489337834,1726.037199427694,201.9606214336559,,,,,,,,2026-08-06,b_elastic_eq,rev_leg=ws06_base;scenario=base;,1.0
driver-lines,margin_v2,total_cash_costs_musd,2027Q2,2026-09-11,3,2635.139161238828,2635.139161238828,LIVE,PIT,10,26,2417.5480574797075,2465.607833282371,2545.91361143025,2724.3647110474058,2804.670489195285,2852.730264997948,132.28599809357974,,,,,,,,2026-08-06,b_elastic_eq,rev_leg=ws06_base;scenario=base;,1.0
driver-lines,margin_v2,adj_ebitda_margin_pct,2027Q3,2026-09-11,4,50.77565927244334,50.77565927244334,LIVE,PIT,10,26,45.4329038425284,46.612968761057544,48.58480549905259,52.96651304583409,54.93834978382914,56.11841470235829,3.248164664850491,,,,,,,,2026-08-06,b_elastic_eq,rev_leg=ws06_base;scenario=base;,1.0
driver-lines,margin_v2,adj_ebitda_musd,2027Q3,2026-09-11,4,2681.326741289179,2681.326741289179,LIVE,PIT,10,26,2042.283432910641,2183.430187526418,2419.280225799789,2943.3732567785687,3179.22329505194,3320.3700496677175,388.5107452162318,,,,,,,,2026-08-06,b_elastic_eq,rev_leg=ws06_base;scenario=base;,1.0
driver-lines,margin_v2,total_cash_costs_musd,2027Q3,2026-09-11,4,2599.405758710821,2599.405758710821,LIVE,PIT,10,26,2384.7652659143046,2432.173334460128,2511.3901383564407,2687.421379065201,2766.638182961514,2814.046251507337,130.49215400055095,,,,,,,,2026-08-06,b_elastic_eq,rev_leg=ws06_base;scenario=base;,1.0
driver-lines,margin_v2,adj_ebitda_margin_pct,2027Q4,2026-09-11,5,26.721446443913877,26.721446443913877,LIVE,PIT,10,26,21.37869101399893,22.55875593252808,24.53059267052313,28.912300217304622,30.884136955299674,32.06420187382882,3.248164664850491,,,,,,,,2026-08-06,b_elastic_eq,rev_leg=ws06_base;scenario=base;,1.0
driver-lines,margin_v2,adj_ebitda_musd,2027Q4,2026-09-11,5,926.1022978538937,926.1022978538937,LIVE,PIT,10,26,705.3834025382962,754.1340198246633,835.5941638013281,1016.6104319064591,1098.070575883124,1146.8211931694912,134.1875603391361,,,,,,,,2026-08-06,b_elastic_eq,rev_leg=ws06_base;scenario=base;,1.0
driver-lines,margin_v2,total_cash_costs_musd,2027Q4,2026-09-11,5,2539.6618021461063,2539.6618021461063,LIVE,PIT,10,26,2329.9545415838,2376.272997406205,2453.6691062166055,2625.654498075607,2703.0506068860077,2749.369062708412,127.49296176035547,,,,,,,,2026-08-06,b_elastic_eq,rev_leg=ws06_base;scenario=base;,1.0
driver-lines,margin_v2,adj_ebitda_margin_pct,2028Q1,2026-09-11,6,17.06771247286328,17.06771247286328,LIVE,PIT,10,26,11.724957042948338,12.905021961477482,14.876858699472534,19.258566246254027,21.230402984249082,22.410467902778223,3.248164664850491,,,,,,,,2026-08-06,b_elastic_eq,rev_leg=ws06_base;scenario=base;,1.0
driver-lines,margin_v2,adj_ebitda_musd,2028Q1,2026-09-11,6,564.9325100475636,564.9325100475636,LIVE,PIT,10,26,430.2915747701977,460.02998342524296,509.72156038409145,620.1434597110357,669.8350366698842,699.5734453249295,81.85587645686492,,,,,,,,2026-08-06,b_elastic_eq,rev_leg=ws06_base;scenario=base;,1.0
driver-lines,margin_v2,total_cash_costs_musd,2028Q1,2026-09-11,6,2745.0160899524367,2745.0160899524367,LIVE,PIT,10,26,2518.352128657695,2568.4158443803203,2652.070118270146,2837.9620616347274,2921.616335524553,2971.6800512471777,137.80190381732282,,,,,,,,2026-08-06,b_elastic_eq,rev_leg=ws06_base;scenario=base;,1.0
driver-lines,margin_v2,adj_ebitda_margin_pct,2028Q2,2026-09-11,7,32.239200600207404,32.239200600207404,LIVE,PIT,10,26,26.89644517029246,28.076510088821607,30.04834682681666,34.43005437359815,36.4018911115932,37.58195603012235,3.248164664850491,,,,,,,,2026-08-06,b_elastic_eq,rev_leg=ws06_base;scenario=base;,1.0
driver-lines,margin_v2,adj_ebitda_musd,2028Q2,2026-09-11,7,1406.1921715683247,1406.1921715683247,LIVE,PIT,10,26,1071.0529721200066,1145.0758274201974,1268.7647730369658,1543.6195700996834,1667.3085157164521,1741.3313710166428,203.75016594604602,,,,,,,,2026-08-06,b_elastic_eq,rev_leg=ws06_base;scenario=base;,1.0
driver-lines,margin_v2,total_cash_costs_musd,2028Q2,2026-09-11,7,2955.5542284316753,2955.5542284316753,LIVE,PIT,10,26,2711.5055207793444,2765.4090396827874,2855.4794563285927,3055.629000534758,3145.699417180563,3199.6029360840057,148.37107913647256,,,,,,,,2026-08-06,b_elastic_eq,rev_leg=ws06_base;scenario=base;,1.0
driver-lines,margin_v2,adj_ebitda_margin_pct,2028Q3,2026-09-11,8,49.193119318881855,49.193119318881855,LIVE,PIT,10,26,43.85036388896691,45.03042880749606,47.002265545491106,51.383973092272605,53.35580983026765,54.5358747487968,3.248164664850491,,,,,,,,2026-08-06,b_elastic_eq,rev_leg=ws06_base;scenario=base;,1.0
driver-lines,margin_v2,adj_ebitda_musd,2028Q3,2026-09-11,8,2812.4017707050043,2812.4017707050043,LIVE,PIT,10,26,2142.1192182784134,2290.1658462771393,2537.545270443087,3087.258270966922,3334.6376951328693,3482.684323131595,407.5028570590046,,,,,,,,2026-08-06,b_elastic_eq,rev_leg=ws06_base;scenario=base;,1.0
driver-lines,margin_v2,total_cash_costs_musd,2028Q3,2026-09-11,8,2904.6615292949955,2904.6615292949955,LIVE,PIT,10,26,2664.8151798108097,2717.7905155858325,2806.3099789209614,3003.0130796690296,3091.5325430041585,3144.507878779181,145.81622677800854,,,,,,,,2026-08-06,b_elastic_eq,rev_leg=ws06_base;scenario=base;,1.0
driver-lines,margin_v2,adj_ebitda_margin_pct,2028Q4,2026-09-11,9,24.08736494938508,24.08736494938508,LIVE,PIT,10,26,18.74460951947014,19.92467443799928,21.896511175994334,26.278218722775826,28.25005546077088,29.43012037930002,3.248164664850491,,,,,,,,2026-08-06,b_elastic_eq,rev_leg=ws06_base;scenario=base;,1.0
driver-lines,margin_v2,adj_ebitda_musd,2028Q4,2026-09-11,9,902.9588827434621,902.9588827434621,LIVE,PIT,10,26,687.7557809086088,735.2881140212268,814.7125585601768,991.2052069267473,1070.6296514656974,1118.1619845783155,130.83419600910324,,,,,,,,2026-08-06,b_elastic_eq,rev_leg=ws06_base;scenario=base;,1.0
driver-lines,margin_v2,total_cash_costs_musd,2028Q4,2026-09-11,9,2845.7238172565376,2845.7238172565376,LIVE,PIT,10,26,2610.7441260513992,2662.6445534236495,2749.3678919479435,2942.0797425651317,3028.8030810894256,3080.7035084616755,142.85750862868164,,,,,,,,2026-08-06,b_elastic_eq,rev_leg=ws06_base;scenario=base;,1.0
driver-lines,margin_v2,adj_ebitda_margin_pct,2026Q3,2026-09-11,0,51.67321890765513,51.67321890765513,LIVE,full_sample,10,26,47.27442025208859,48.24599157800831,49.869444664317264,53.47699315099299,55.100446237301945,56.072017563221664,2.67427969485598,,,,,,,,2026-08-06,b_elastic_eq,rev_leg=ws06_base;scenario=base;,1.0
driver-lines,margin_v2,adj_ebitda_musd,2026Q3,2026-09-11,0,2482.3997803164643,2482.3997803164643,LIVE,full_sample,10,26,1988.7121086952159,2097.7538774291156,2279.957891962027,2684.841668670902,2867.045683203813,2976.087451937713,300.14079279275205,,,,,,,,2026-08-06,b_elastic_eq,rev_leg=ws06_base;scenario=base;,1.0
driver-lines,margin_v2,total_cash_costs_musd,2026Q3,2026-09-11,0,2321.6357196835356,2321.6357196835356,LIVE,full_sample,10,26,2177.5138021302187,2209.3462940207423,2262.536992249362,2380.7344471177094,2433.9251453463285,2465.757637236852,87.61990440476369,,,,,,,,2026-08-06,b_elastic_eq,rev_leg=ws06_base;scenario=base;,1.0
driver-lines,margin_v2,adj_ebitda_margin_pct,2026Q4,2026-09-11,1,28.64223790376717,28.64223790376717,LIVE,full_sample,10,26,22.118823183481304,23.559662645703984,25.967242212347593,31.31723359518675,33.724813161830355,35.16565262405304,3.9659545465915964,,,,,,,,2026-08-06,b_elastic_eq,rev_leg=ws06_base;scenario=base;,1.0
driver-lines,margin_v2,adj_ebitda_musd,2026Q4,2026-09-11,1,910.2811969141811,910.2811969141811,LIVE,full_sample,10,26,568.8110688780135,644.2322488491042,770.2577336803101,1050.3046601480519,1176.3301449792582,1251.7513249503488,207.59909723337464,,,,,,,,2026-08-06,b_elastic_eq,rev_leg=ws06_base;scenario=base;,1.0
driver-lines,margin_v2,total_cash_costs_musd,2026Q4,2026-09-11,1,2267.826603085819,2267.826603085819,LIVE,full_sample,10,26,2127.8936137159194,2158.8008887852106,2210.445590272404,2325.207615899234,2376.8523173864273,2407.7595924557186,85.07321689726747,,,,,,,,2026-08-06,b_elastic_eq,rev_leg=ws06_base;scenario=base;,1.0
driver-lines,margin_v2,adj_ebitda_margin_pct,2027Q1,2026-09-11,2,19.738950016982542,19.738950016982542,LIVE,full_sample,10,26,11.345505097141602,13.199381814022995,16.29712852326059,23.180771510704496,26.27851821994209,28.13239493682348,5.102852182292431,,,,,,,,2026-08-06,b_elastic_eq,rev_leg=ws06_base;scenario=base;,1.0
driver-lines,margin_v2,adj_ebitda_musd,2027Q1,2026-09-11,2,602.655666480849,602.655666480849,LIVE,full_sample,10,26,187.40904371161284,279.1253834347437,432.37936573761465,772.9319672240835,926.1859495269543,1017.9022892500852,252.45202124084636,,,,,,,,2026-08-06,b_elastic_eq,rev_leg=ws06_base;scenario=base;,1.0
driver-lines,margin_v2,total_cash_costs_musd,2027Q1,2026-09-11,2,2450.473633519151,2450.473633519151,LIVE,full_sample,10,26,2286.7042282457596,2322.876299460067,2383.3182444664876,2517.6290225718144,2578.0709675782355,2614.2430387925424,99.56472879408564,,,,,,,,2026-08-06,b_elastic_eq,rev_leg=ws06_base;scenario=base;,1.0
driver-lines,margin_v2,adj_ebitda_margin_pct,2027Q2,2026-09-11,3,34.59538882281496,34.59538882281496,LIVE,full_sample,10,26,26.201943902974023,28.055820619855414,31.153567329093008,38.037210316536914,41.134957025774504,42.9888337426559,5.102852182292431,,,,,,,,2026-08-06,b_elastic_eq,rev_leg=ws06_base;scenario=base;,1.0
driver-lines,margin_v2,adj_ebitda_musd,2027Q2,2026-09-11,3,1393.841538761172,1393.841538761172,LIVE,full_sample,10,26,433.4457043938789,645.5702245792268,1000.0209970438364,1787.6620804785075,2142.112852943117,2354.237373128465,583.8792088431996,,,,,,,,2026-08-06,b_elastic_eq,rev_leg=ws06_base;scenario=base;,1.0
driver-lines,margin_v2,total_cash_costs_musd,2027Q2,2026-09-11,3,2635.139161238828,2635.139161238828,LIVE,full_sample,10,26,2459.028238294946,2497.926204833379,2562.9230014074064,2707.355321070249,2772.352117644277,2811.25008418271,107.06783877802037,,,,,,,,2026-08-06,b_elastic_eq,rev_leg=ws06_base;scenario=base;,1.0
driver-lines,margin_v2,adj_ebitda_margin_pct,2027Q3,2026-09-11,4,50.77565927244334,50.77565927244334,LIVE,full_sample,10,26,42.3822143526024,44.2360910694838,47.33383777872139,54.217480766165295,57.315227475402885,59.16910419228428,5.102852182292431,,,,,,,,2026-08-06,b_elastic_eq,rev_leg=ws06_base;scenario=base;,1.0
driver-lines,margin_v2,adj_ebitda_musd,2027Q3,2026-09-11,4,2681.326741289179,2681.326741289179,LIVE,full_sample,10,26,833.8175651740073,1241.8805570128281,1923.7359245352118,3438.9175580431465,4120.77292556553,4528.835917404351,1123.2058256389028,,,,,,,,2026-08-06,b_elastic_eq,rev_leg=ws06_base;scenario=base;,1.0
driver-lines,margin_v2,total_cash_costs_musd,2027Q3,2026-09-11,4,2599.405758710821,2599.405758710821,LIVE,full_sample,10,26,2425.682961066619,2464.0534576648365,2528.168875096095,2670.642642325547,2734.758059756806,2773.1285563550227,105.61596168661843,,,,,,,,2026-08-06,b_elastic_eq,rev_leg=ws06_base;scenario=base;,1.0
driver-lines,margin_v2,adj_ebitda_margin_pct,2027Q4,2026-09-11,5,26.721446443913877,26.721446443913877,LIVE,full_sample,10,26,18.32800152407294,20.18187824095433,23.279624950191923,30.16326793763583,33.26101464687342,35.114891363754815,5.102852182292431,,,,,,,,2026-08-06,b_elastic_eq,rev_leg=ws06_base;scenario=base;,1.0
driver-lines,margin_v2,adj_ebitda_musd,2027Q4,2026-09-11,5,926.1022978538937,926.1022978538937,LIVE,full_sample,10,26,287.9918926729958,428.93259512142953,664.4383292576885,1187.766266450099,1423.2720005863578,1564.2127030347915,387.943580343714,,,,,,,,2026-08-06,b_elastic_eq,rev_leg=ws06_base;scenario=base;,1.0
driver-lines,margin_v2,total_cash_costs_musd,2027Q4,2026-09-11,5,2539.6618021461063,2539.6618021461063,LIVE,full_sample,10,26,2369.9317967937486,2407.420397491548,2470.062205540621,2609.261398751591,2671.903206800665,2709.391807498464,103.18851633438712,,,,,,,,2026-08-06,b_elastic_eq,rev_leg=ws06_base;scenario=base;,1.0
driver-lines,margin_v2,adj_ebitda_margin_pct,2028Q1,2026-09-11,6,17.06771247286328,17.06771247286328,LIVE,full_sample,10,26,8.674267553022341,10.528144269903734,13.625890979141328,20.509533966585234,23.607280675822828,25.461157392704223,5.102852182292431,,,,,,,,2026-08-06,b_elastic_eq,rev_leg=ws06_base;scenario=base;,1.0
driver-lines,margin_v2,adj_ebitda_musd,2028Q1,2026-09-11,6,564.9325100475636,564.9325100475636,LIVE,full_sample,10,26,175.67819794652075,261.65356480023956,405.314633155758,724.5503869393692,868.2114552948876,954.1868221486064,236.64981839294504,,,,,,,,2026-08-06,b_elastic_eq,rev_leg=ws06_base;scenario=base;,1.0
driver-lines,margin_v2,total_cash_costs_musd,2028Q1,2026-09-11,6,2745.0160899524367,2745.0160899524367,LIVE,full_sample,10,26,2561.5619011914673,2602.08178931921,2669.7887457545557,2820.243434150317,2887.9503905856636,2928.470278713406,111.53222740006267,,,,,,,,2026-08-06,b_elastic_eq,rev_leg=ws06_base;scenario=base;,1.0
driver-lines,margin_v2,adj_ebitda_margin_pct,2028Q2,2026-09-11,7,32.239200600207404,32.239200600207404,LIVE,full_sample,10,26,23.845755680366466,25.699632397247857,28.79737910648545,35.68102209392936,38.77876880316695,40.63264552004834,5.102852182292431,,,,,,,,2026-08-06,b_elastic_eq,rev_leg=ws06_base;scenario=base;,1.0
driver-lines,margin_v2,adj_ebitda_musd,2028Q2,2026-09-11,7,1406.1921715683247,1406.1921715683247,LIVE,full_sample,10,26,437.28640549794017,651.2905310654976,1008.8820417110146,1803.5023014256349,2161.0938120711517,2375.0979376387095,589.0528799611967,,,,,,,,2026-08-06,b_elastic_eq,rev_leg=ws06_base;scenario=base;,1.0
driver-lines,margin_v2,total_cash_costs_musd,2028Q2,2026-09-11,7,2955.5542284316753,2955.5542284316753,LIVE,full_sample,10,26,2758.0294105260064,2801.657106236017,2874.5570728770845,3036.5513839862656,3109.4513506273333,3153.079046337344,120.08656251787947,,,,,,,,2026-08-06,b_elastic_eq,rev_leg=ws06_base;scenario=base;,1.0
driver-lines,margin_v2,adj_ebitda_margin_pct,2028Q3,2026-09-11,8,49.193119318881855,49.193119318881855,LIVE,full_sample,10,26,40.79967439904092,42.65355111592231,45.7512978251599,52.63494081260381,55.7326875218414,57.586564238722794,5.102852182292431,,,,,,,,2026-08-06,b_elastic_eq,rev_leg=ws06_base;scenario=base;,1.0
driver-lines,margin_v2,adj_ebitda_musd,2028Q3,2026-09-11,8,2812.4017707050043,2812.4017707050043,LIVE,full_sample,10,26,874.5782304818343,1302.5891338657682,2017.7765869482892,3607.0269544617195,4322.21440754424,4750.225310928175,1178.1130603181273,,,,,,,,2026-08-06,b_elastic_eq,rev_leg=ws06_base;scenario=base;,1.0
driver-lines,margin_v2,total_cash_costs_musd,2028Q3,2026-09-11,8,2904.6615292949955,2904.6615292949955,LIVE,full_sample,10,26,2710.5379587875295,2753.4144142832897,2825.0590914650575,2984.263967124933,3055.9086443067013,3098.7850998024614,118.01875092511992,,,,,,,,2026-08-06,b_elastic_eq,rev_leg=ws06_base;scenario=base;,1.0
driver-lines,margin_v2,adj_ebitda_margin_pct,2028Q4,2026-09-11,9,24.08736494938508,24.08736494938508,LIVE,full_sample,10,26,15.69392002954414,17.547796746425533,20.645543455663127,27.529186443107033,30.626933152344627,32.48080986922602,5.102852182292431,,,,,,,,2026-08-06,b_elastic_eq,rev_leg=ws06_base;scenario=base;,1.0
driver-lines,margin_v2,adj_ebitda_musd,2028Q4,2026-09-11,9,902.9588827434621,902.9588827434621,LIVE,full_sample,10,26,280.7949383667432,418.21351459836615,647.8339302567065,1158.0838352302178,1387.7042508885581,1525.122827120181,378.2488205530002,,,,,,,,2026-08-06,b_elastic_eq,rev_leg=ws06_base;scenario=base;,1.0
driver-lines,margin_v2,total_cash_costs_musd,2028Q4,2026-09-11,9,2845.7238172565376,2845.7238172565376,LIVE,full_sample,10,26,2655.5391563201374,2697.545617098182,2767.7365712522437,2923.711063260831,2993.9020174148936,3035.9084781929378,115.62406394110789,,,,,,,,2026-08-06,b_elastic_eq,rev_leg=ws06_base;scenario=base;,1.0
driver-lines,margin_v2,adj_ebitda_margin_pct,2023Q1,2023-02-14,0,17.309647990999867,17.309647990999867,W1,PIT,12,12,9.606189637987452,11.30766766238674,14.150762838526322,20.46853314347341,23.311628319612993,25.013106344012282,4.683370135061684,,,,,,,,2023-02-14,c_mix_rw,rev_leg=guide_cushion;scenario=backtest;mix_unidentified,1.0
driver-lines,margin_v2,adj_ebitda_musd,2023Q1,2023-02-14,0,319.3884054608909,319.3884054608909,W1,PIT,12,12,127.47909711229397,169.86648416230852,240.69394941482304,398.0828615069588,468.91032675947326,511.2977138094878,116.67257511799183,,,,,,,,2023-02-14,c_mix_rw,rev_leg=guide_cushion;scenario=backtest;mix_unidentified,1.0
driver-lines,margin_v2,total_cash_costs_musd,2023Q1,2023-02-14,0,1525.758333669544,1525.758333669544,W1,PIT,12,12,1380.6248691457963,1412.6807834087099,1466.2448106254644,1585.2718567136237,1638.8358839303783,1670.8917981932916,88.2348812962368,,,,,,,,2023-02-14,c_mix_rw,rev_leg=guide_cushion;scenario=backtest;mix_unidentified,1.0
driver-lines,margin_v2,adj_ebitda_margin_pct,2023Q2,2023-02-14,1,37.95354742923943,37.95354742923943,W1,PIT,12,12,33.2955753417297,34.32439081420692,36.0434963594992,39.863598498979655,41.582704044271935,42.611519516749155,2.8318459534558635,,,,,,,,2023-02-14,c_mix_rw,rev_leg=naive;scenario=backtest;mix_unidentified,1.0
driver-lines,margin_v2,adj_ebitda_musd,2023Q2,2023-02-14,1,991.4021522892282,991.4021522892282,W1,PIT,12,12,574.5480197193729,666.6194132994107,820.4666750295601,1162.3376295488963,1316.1848912790458,1408.2562848590835,253.42931780649792,,,,,,,,2023-02-14,c_mix_rw,rev_leg=naive;scenario=backtest;mix_unidentified,1.0
driver-lines,margin_v2,total_cash_costs_musd,2023Q2,2023-02-14,1,1620.7440618099886,1620.7440618099886,W1,PIT,12,12,1529.0035606877561,1549.2664659250925,1583.1248921337901,1658.3632314861873,1692.221657694885,1712.4845629322208,55.77426442027051,,,,,,,,2023-02-14,c_mix_rw,rev_leg=naive;scenario=backtest;mix_unidentified,1.0
driver-lines,margin_v2,adj_ebitda_margin_pct,2023Q3,2023-02-14,2,53.55479700672591,53.55479700672591,W1,PIT,12,12,48.6202361258715,49.71014231009211,51.53132775613767,55.578266257314155,57.399451703359716,58.489357887580326,3.0,,,,,,,,2023-02-14,c_mix_rw,rev_leg=naive;scenario=backtest;mix_unidentified,1.0
driver-lines,margin_v2,adj_ebitda_musd,2023Q3,2023-02-14,2,1917.544188950327,1917.544188950327,W1,PIT,12,12,1602.1362375468605,1671.8010132153026,1788.2077988508217,2046.8805790498322,2163.2873646853513,2232.9521403537933,191.7544188950327,,,,,,,,2023-02-14,c_mix_rw,rev_leg=naive;scenario=backtest;mix_unidentified,1.0
driver-lines,margin_v2,total_cash_costs_musd,2023Q3,2023-02-14,2,1662.9832261932759,1662.9832261932759,W1,PIT,12,12,1389.446827076929,1449.8633504930356,1550.8167121117383,1775.1497402748134,1876.1031018935162,1936.5196253096228,166.2983226193276,,,,,,,,2023-02-14,c_mix_rw,rev_leg=naive;scenario=backtest;mix_unidentified,1.0
driver-lines,margin_v2,adj_ebitda_margin_pct,2023Q1,2023-02-14,0,18.27265854007698,18.27265854007698,W1,full_sample,12,12,13.764192138450312,14.75998599551849,16.423913869320742,20.121403210833215,21.785331084635466,22.781124941703645,2.7409529503136025,,,,,,,,2023-02-14,c_mix_rw,rev_leg=guide_cushion;scenario=backtest;mix_missing_zeroed,1.0
driver-lines,margin_v2,adj_ebitda_musd,2023Q1,2023-02-14,0,337.1573632046693,337.1573632046693,W1,full_sample,12,12,270.88461622254613,285.5224084243514,309.98151738814715,364.33320902119146,388.7923179849872,403.4301101867925,40.29096929734188,,,,,,,,2023-02-14,c_mix_rw,rev_leg=guide_cushion;scenario=backtest;mix_missing_zeroed,1.0
driver-lines,margin_v2,total_cash_costs_musd,2023Q1,2023-02-14,0,1507.9893759257657,1507.9893759257657,W1,full_sample,12,12,1407.4251045968253,1429.6369333450145,1466.7519252882755,1549.2268265632558,1586.3418185065168,1608.5536472547058,61.13873580065805,,,,,,,,2023-02-14,c_mix_rw,rev_leg=guide_cushion;scenario=backtest;mix_missing_zeroed,1.0
driver-lines,margin_v2,adj_ebitda_margin_pct,2023Q2,2023-02-14,1,38.65084552113021,38.65084552113021,W1,full_sample,12,12,32.18380282670597,33.61219128850792,35.99896577937232,41.302725262888096,43.68949975375249,45.117888215554444,3.9316827883403094,,,,,,,,2023-02-14,c_mix_rw,rev_leg=naive;scenario=backtest;mix_missing_zeroed,1.0
driver-lines,margin_v2,adj_ebitda_musd,2023Q2,2023-02-14,1,1009.6165979975393,1009.6165979975393,W1,full_sample,12,12,635.8380836221205,718.3952805405269,856.3447368064665,1162.8884591886122,1300.8379154545516,1383.395112372958,227.24120143636728,,,,,,,,2023-02-14,c_mix_rw,rev_leg=naive;scenario=backtest;mix_missing_zeroed,1.0
driver-lines,margin_v2,total_cash_costs_musd,2023Q2,2023-02-14,1,1602.5296161016772,1602.5296161016772,W1,full_sample,12,12,1493.1507824380399,1517.309500936249,1557.6776602888929,1647.3815719144616,1687.7497312671055,1711.9084497653146,66.49760919234934,,,,,,,,2023-02-14,c_mix_rw,rev_leg=naive;scenario=backtest;mix_missing_zeroed,1.0
driver-lines,margin_v2,adj_ebitda_margin_pct,2023Q3,2023-02-14,2,54.11119953721991,54.11119953721991,W1,full_sample,12,12,45.95478892825529,47.75631140986948,50.76657648748788,57.45582258695194,60.46608766457034,62.26761014618453,4.958745553597675,,,,,,,,2023-02-14,c_mix_rw,rev_leg=naive;scenario=backtest;mix_missing_zeroed,1.0
driver-lines,margin_v2,adj_ebitda_musd,2023Q3,2023-02-14,2,1937.466334093217,1937.466334093217,W1,full_sample,12,12,628.7848325490062,917.8358942639821,1400.8275447203619,2474.105123466072,2957.096773922452,3246.1478356374278,795.6218596603554,,,,,,,,2023-02-14,c_mix_rw,rev_leg=naive;scenario=backtest;mix_missing_zeroed,1.0
driver-lines,margin_v2,total_cash_costs_musd,2023Q3,2023-02-14,2,1643.0610810503858,1643.0610810503858,W1,full_sample,12,12,1521.8975308411789,1548.6591629019983,1593.3766766909885,1692.7454854097834,1737.4629991987733,1764.224631259593,73.66220812837204,,,,,,,,2023-02-14,c_mix_rw,rev_leg=naive;scenario=backtest;mix_missing_zeroed,1.0
driver-lines,margin_v2,adj_ebitda_margin_pct,2023Q2,2023-05-09,0,34.060125094480526,34.060125094480526,W1,PIT,12,13,27.607338330011324,29.032578056475934,31.414091148650392,36.70615904031066,39.08767213248512,40.51291185894973,3.9230157983288905,,,,,,,,2023-05-09,c_mix_rw,rev_leg=guide_cushion;scenario=backtest;mix_unidentified,1.0
driver-lines,margin_v2,adj_ebitda_musd,2023Q2,2023-05-09,0,839.0140659757794,839.0140659757794,W1,PIT,12,13,443.27489206060056,530.6825831202007,676.7370024223744,1001.2911295291843,1147.3455488313582,1234.7532398909584,240.59233443685278,,,,,,,,2023-05-09,c_mix_rw,rev_leg=guide_cushion;scenario=backtest;mix_unidentified,1.0
driver-lines,margin_v2,total_cash_costs_musd,2023Q2,2023-05-09,0,1624.3182431346836,1624.3182431346836,W1,PIT,12,13,1496.0738733413302,1524.399459974897,1571.730273282139,1676.9062129872282,1724.2370262944703,1752.562612928037,77.96704077008854,,,,,,,,2023-05-09,c_mix_rw,rev_leg=guide_cushion;scenario=backtest;mix_unidentified,1.0
driver-lines,margin_v2,adj_ebitda_margin_pct,2023Q3,2023-05-09,1,51.528191552456626,51.528191552456626,W1,PIT,12,13,46.13330017290698,47.324880461354354,49.315958877582396,53.740424227330855,55.7315026435589,56.923082932006274,3.279861071619118,,,,,,,,2023-05-09,c_mix_rw,rev_leg=naive;scenario=backtest;mix_unidentified,1.0
driver-lines,margin_v2,adj_ebitda_musd,2023Q3,2023-05-09,1,1790.3782602185818,1790.3782602185818,W1,PIT,12,13,1170.7956804599705,1307.6441056023812,1536.311823789367,2044.4446966477965,2273.1124148347826,2409.9608399771932,376.6794622977663,,,,,,,,2023-05-09,c_mix_rw,rev_leg=naive;scenario=backtest;mix_unidentified,1.0
driver-lines,margin_v2,total_cash_costs_musd,2023Q3,2023-05-09,1,1684.182375964321,1684.182375964321,W1,PIT,12,13,1604.6142129707716,1622.188589902712,1651.5546031937147,1716.810148734927,1746.17616202593,1763.7505389578703,48.37400829459751,,,,,,,,2023-05-09,c_mix_rw,rev_leg=naive;scenario=backtest;mix_unidentified,1.0
driver-lines,margin_v2,adj_ebitda_margin_pct,2023Q4,2023-05-09,2,28.012069541665213,28.012069541665213,W1,PIT,12,13,23.71711790897361,24.665752338343236,26.250878876203114,29.77326020712731,31.35838674498719,32.30702117435682,2.6111451878254672,,,,,,,,2023-05-09,c_mix_rw,rev_leg=naive;scenario=backtest;mix_unidentified,1.0
driver-lines,margin_v2,adj_ebitda_musd,2023Q4,2023-05-09,2,641.8896122973723,641.8896122973723,W1,PIT,12,13,-105.87137121155975,59.288070514521365,335.26225609420794,948.5169685005367,1224.4911540802232,1389.6505958063044,454.606398561319,,,,,,,,2023-05-09,c_mix_rw,rev_leg=naive;scenario=backtest;mix_unidentified,1.0
driver-lines,margin_v2,total_cash_costs_musd,2023Q4,2023-05-09,2,1649.5855368079956,1649.5855368079956,W1,PIT,12,13,1476.7684588560815,1514.938907361342,1578.7200532005338,1720.4510204154574,1784.2321662546494,1822.4026147599097,105.06532321189506,,,,,,,,2023-05-09,c_mix_rw,rev_leg=naive;scenario=backtest;mix_unidentified,1.0
driver-lines,margin_v2,adj_ebitda_margin_pct,2023Q2,2023-05-09,0,35.38268826454726,35.38268826454726,W1,full_sample,12,13,30.874221862920596,31.870015719988775,33.53394359379103,37.231432935303495,38.89536080910575,39.89115466617393,2.7409529503136025,,,,,,,,2023-05-09,c_mix_rw,rev_leg=guide_cushion;scenario=backtest;mix_missing_zeroed,1.0
driver-lines,margin_v2,adj_ebitda_musd,2023Q2,2023-05-09,0,871.5931918524288,871.5931918524288,W1,full_sample,12,13,700.2700016188151,738.1104922003577,801.3402928162794,941.8460908885783,1005.0758915045,1042.9163820860426,104.1571039674452,,,,,,,,2023-05-09,c_mix_rw,rev_leg=guide_cushion;scenario=backtest;mix_missing_zeroed,1.0
driver-lines,margin_v2,total_cash_costs_musd,2023Q2,2023-05-09,0,1591.7391172580342,1591.7391172580342,W1,full_sample,12,13,1485.5897722902982,1509.035187257247,1548.2114476845043,1635.266786831564,1674.4430472588215,1697.88846222577,64.53421947609415,,,,,,,,2023-05-09,c_mix_rw,rev_leg=guide_cushion;scenario=backtest;mix_missing_zeroed,1.0
driver-lines,margin_v2,adj_ebitda_margin_pct,2023Q3,2023-05-09,1,52.26461571588621,52.26461571588621,W1,full_sample,12,13,45.79757302146197,47.22596148326392,49.61273597412832,54.916495457644096,57.30326994850849,58.731658410310445,3.9316827883403094,,,,,,,,2023-05-09,c_mix_rw,rev_leg=naive;scenario=backtest;mix_missing_zeroed,1.0
driver-lines,margin_v2,adj_ebitda_musd,2023Q3,2023-05-09,1,1815.9657643164453,1815.9657643164453,W1,full_sample,12,13,1143.6620532947718,1292.155098574642,1540.280466443867,2091.6510621890234,2339.7764300582485,2488.269475338119,408.7316342352622,,,,,,,,2023-05-09,c_mix_rw,rev_leg=naive;scenario=backtest;mix_missing_zeroed,1.0
driver-lines,margin_v2,total_cash_costs_musd,2023Q3,2023-05-09,1,1658.5948718664574,1658.5948718664574,W1,full_sample,12,13,1545.3893680289964,1570.3932907081094,1612.1737491884069,1705.015994544508,1746.7964530248055,1771.8003757039185,68.82405946799837,,,,,,,,2023-05-09,c_mix_rw,rev_leg=naive;scenario=backtest;mix_missing_zeroed,1.0
driver-lines,margin_v2,adj_ebitda_margin_pct,2023Q4,2023-05-09,2,29.02285874779717,29.02285874779717,W1,full_sample,12,13,20.866448138832546,22.667970620446745,25.678235698065144,32.367481797529194,35.377746875147594,37.17926935676179,4.958745553597675,,,,,,,,2023-05-09,c_mix_rw,rev_leg=naive;scenario=backtest;mix_missing_zeroed,1.0
driver-lines,margin_v2,adj_ebitda_musd,2023Q4,2023-05-09,2,665.0515957657254,665.0515957657254,W1,full_sample,12,13,215.8356761722609,315.054881413983,480.84582302942704,849.2573685020238,1015.048310117468,1114.26751535919,273.1038873203747,,,,,,,,2023-05-09,c_mix_rw,rev_leg=naive;scenario=backtest;mix_missing_zeroed,1.0
driver-lines,margin_v2,total_cash_costs_musd,2023Q4,2023-05-09,2,1626.4235533396427,1626.4235533396427,W1,full_sample,12,13,1506.4868972169593,1532.9775427635636,1577.242249968915,1675.6048567103705,1719.8695639157218,1746.3602094623263,72.9163094864379,,,,,,,,2023-05-09,c_mix_rw,rev_leg=naive;scenario=backtest;mix_missing_zeroed,1.0
driver-lines,margin_v2,adj_ebitda_margin_pct,2023Q3,2023-08-03,0,51.41110377007939,51.41110377007939,W1,PIT,12,14,45.25989030594772,46.61852094338296,48.88873316831682,53.93347437184197,56.203686596775825,57.562317234211065,3.739672250066508,,,,,,,,2023-08-03,c_mix_rw,rev_leg=guide_cushion;scenario=backtest;mix_unidentified,1.0
driver-lines,margin_v2,adj_ebitda_musd,2023Q3,2023-08-03,0,1780.3050537598638,1780.3050537598638,W1,PIT,12,14,991.1215272165397,1165.4300476366325,1456.6919425655183,2103.9181649542097,2395.180059883095,2569.488580303188,479.78951659423683,,,,,,,,2023-08-03,c_mix_rw,rev_leg=guide_cushion;scenario=backtest;mix_unidentified,1.0
driver-lines,margin_v2,total_cash_costs_musd,2023Q3,2023-08-03,0,1682.5753810227452,1682.5753810227452,W1,PIT,12,14,1568.1436446922278,1593.4184077581035,1635.6514286494732,1729.4993333960172,1771.7323542873871,1797.0071173532626,69.5695558896643,,,,,,,,2023-08-03,c_mix_rw,rev_leg=guide_cushion;scenario=backtest;mix_unidentified,1.0
driver-lines,margin_v2,adj_ebitda_margin_pct,2023Q4,2023-08-03,1,26.865177347379387,26.865177347379387,W1,PIT,12,14,20.259960275425414,21.718867584234566,24.156637730325322,29.57371696443345,32.01148711052421,33.47039441933336,4.015686845154669,,,,,,,,2023-08-03,c_mix_rw,rev_leg=naive;scenario=backtest;mix_unidentified,1.0
driver-lines,margin_v2,adj_ebitda_musd,2023Q4,2023-08-03,1,603.2621540387526,603.2621540387526,W1,PIT,12,14,318.5308613689972,381.4200229813194,486.50505461114693,720.0192534663581,825.1042850961857,887.9934467085079,173.10433463764724,,,,,,,,2023-08-03,c_mix_rw,rev_leg=naive;scenario=backtest;mix_unidentified,1.0
driver-lines,margin_v2,total_cash_costs_musd,2023Q4,2023-08-03,1,1642.254956227407,1642.254956227407,W1,PIT,12,14,1579.996659101345,1593.747771853852,1616.725278335023,1667.7846341197915,1690.762140600962,1704.5132533534693,37.85035708098237,,,,,,,,2023-08-03,c_mix_rw,rev_leg=naive;scenario=backtest;mix_unidentified,1.0
driver-lines,margin_v2,adj_ebitda_margin_pct,2024Q1,2023-08-03,2,14.065384017794006,14.065384017794006,W1,PIT,12,14,5.207191737884658,7.163718119866762,10.432987918732977,17.697780116855036,20.96704991572125,22.923576297703356,5.385398514958978,,,,,,,,2023-08-03,c_mix_rw,rev_leg=naive;scenario=backtest;mix_unidentified,1.0
driver-lines,margin_v2,adj_ebitda_musd,2024Q1,2023-08-03,2,301.8918083201719,301.8918083201719,W1,PIT,12,14,-87.8043542833661,-1.7313950385920354,142.0927459233653,461.6908707169785,605.5150116789357,691.5879709237098,236.9184444246206,,,,,,,,2023-08-03,c_mix_rw,rev_leg=naive;scenario=backtest;mix_unidentified,1.0
driver-lines,margin_v2,total_cash_costs_musd,2024Q1,2023-08-03,2,1844.4541992843906,1844.4541992843906,W1,PIT,12,14,1679.3904251607203,1715.848386173258,1776.7680404974597,1912.1403580713215,1973.0600123955232,2009.517973408061,100.35164917962643,,,,,,,,2023-08-03,c_mix_rw,rev_leg=naive;scenario=backtest;mix_unidentified,1.0
driver-lines,margin_v2,adj_ebitda_margin_pct,2023Q3,2023-08-03,0,52.67911213719624,52.67911213719624,W1,full_sample,12,14,48.17064573556957,49.16643959263775,50.83036746644001,54.527856807952475,56.19178468175473,57.18757853882291,2.7409529503136025,,,,,,,,2023-08-03,c_mix_rw,rev_leg=guide_cushion;scenario=backtest;mix_missing_zeroed,1.0
driver-lines,margin_v2,adj_ebitda_musd,2023Q3,2023-08-03,0,1824.2146674161593,1824.2146674161593,W1,full_sample,12,14,1465.641104182542,1544.8399535842486,1677.17775839915,1971.2515764331686,2103.58938124807,2182.7882306497763,217.9972475108244,,,,,,,,2023-08-03,c_mix_rw,rev_leg=guide_cushion;scenario=backtest;mix_missing_zeroed,1.0
driver-lines,margin_v2,total_cash_costs_musd,2023Q3,2023-08-03,0,1638.6657673664497,1638.6657673664497,W1,full_sample,12,14,1529.3869942678534,1553.5236121919145,1593.854842454174,1683.4766922787253,1723.807922540985,1747.944540465046,66.43677668822771,,,,,,,,2023-08-03,c_mix_rw,rev_leg=guide_cushion;scenario=backtest;mix_missing_zeroed,1.0
driver-lines,margin_v2,adj_ebitda_margin_pct,2023Q4,2023-08-03,1,28.936169907214516,28.936169907214516,W1,full_sample,12,14,22.46912721279028,23.897515674592235,26.28429016545663,31.588049648972405,33.9748241398368,35.40321260163875,3.9316827883403094,,,,,,,,2023-08-03,c_mix_rw,rev_leg=naive;scenario=backtest;mix_missing_zeroed,1.0
driver-lines,margin_v2,adj_ebitda_musd,2023Q4,2023-08-03,1,649.7666463221896,649.7666463221896,W1,full_sample,12,14,409.2111599774632,462.3431242080713,551.1243068249873,748.4089858193918,837.1901684363079,890.3221326669159,146.24735137713472,,,,,,,,2023-08-03,c_mix_rw,rev_leg=naive;scenario=backtest;mix_missing_zeroed,1.0
driver-lines,margin_v2,total_cash_costs_musd,2023Q4,2023-08-03,1,1595.7504639439703,1595.7504639439703,W1,full_sample,12,14,1486.8343335893937,1510.8908538960754,1551.0882445516368,1640.4126833363039,1680.6100739918652,1704.666594298547,66.21630555445759,,,,,,,,2023-08-03,c_mix_rw,rev_leg=naive;scenario=backtest;mix_missing_zeroed,1.0
driver-lines,margin_v2,adj_ebitda_margin_pct,2024Q1,2023-08-03,2,16.35966832039143,16.35966832039143,W1,full_sample,12,14,8.20325771142681,10.004780193041006,13.015045270659405,19.704291370123457,22.714556447741856,24.516078929356055,4.958745553597675,,,,,,,,2023-08-03,c_mix_rw,rev_leg=naive;scenario=backtest;mix_missing_zeroed,1.0
driver-lines,margin_v2,adj_ebitda_musd,2024Q1,2023-08-03,2,351.1350878520699,351.1350878520699,W1,full_sample,12,14,113.95729233172915,166.34321933495875,253.8778064555097,448.3923692486301,535.9269563691811,588.3128833724106,144.19386116436377,,,,,,,,2023-08-03,c_mix_rw,rev_leg=naive;scenario=backtest;mix_missing_zeroed,1.0
driver-lines,margin_v2,total_cash_costs_musd,2024Q1,2023-08-03,2,1795.2109197524928,1795.2109197524928,W1,full_sample,12,14,1662.8274490950942,1692.0672470916898,1740.925667502243,1849.496172002743,1898.354592413296,1927.5943904098917,80.48343541835685,,,,,,,,2023-08-03,c_mix_rw,rev_leg=naive;scenario=backtest;mix_missing_zeroed,1.0
driver-lines,margin_v2,adj_ebitda_margin_pct,2023Q4,2023-11-01,0,27.316930371876776,27.316930371876776,W1,PIT,12,15,20.277036971904085,21.831952097716776,24.430147096482806,30.203713647270746,32.80190864603678,34.35682377184947,4.2799512884439705,,,,,,,,2023-11-01,c_mix_rw,rev_leg=guide_cushion;scenario=backtest;mix_unidentified,1.0
driver-lines,margin_v2,adj_ebitda_musd,2023Q4,2023-11-01,0,602.812316321436,602.812316321436,W1,PIT,12,15,345.9025772034443,402.64673746653966,497.4637412741883,708.1608913686837,802.9778951763323,859.7220554394277,156.19003108145336,,,,,,,,2023-11-01,c_mix_rw,rev_leg=guide_cushion;scenario=backtest;mix_unidentified,1.0
driver-lines,margin_v2,total_cash_costs_musd,2023Q4,2023-11-01,0,1603.9228772566871,1603.9228772566871,W1,PIT,12,15,1444.8520997817152,1479.9863758165736,1538.6942105810745,1669.1515439322998,1727.8593786968004,1762.993654731659,96.70816592342595,,,,,,,,2023-11-01,c_mix_rw,rev_leg=guide_cushion;scenario=backtest;mix_unidentified,1.0
driver-lines,margin_v2,adj_ebitda_margin_pct,2024Q1,2023-11-01,1,15.362581074918461,15.362581074918461,W1,PIT,12,15,5.005107842220262,7.29278336224802,11.11538885129617,19.609773298540752,23.432378787588902,25.72005430761666,6.296896613162147,,,,,,,,2023-11-01,c_mix_rw,rev_leg=naive;scenario=backtest;mix_unidentified,1.0
driver-lines,margin_v2,adj_ebitda_musd,2024Q1,2023-11-01,1,328.97156249342373,328.97156249342373,W1,PIT,12,15,140.65877640905236,182.25179250041174,251.751898710828,406.19122627601945,475.6913324864357,517.2843485777951,114.48604483633311,,,,,,,,2023-11-01,c_mix_rw,rev_leg=naive;scenario=backtest;mix_unidentified,1.0
driver-lines,margin_v2,total_cash_costs_musd,2024Q1,2023-11-01,1,1812.4105456896555,1812.4105456896555,W1,PIT,12,15,1667.3278897763046,1699.3725818413325,1752.9178572574663,1871.9032341218444,1925.4485095379787,1957.4932016030064,88.20399185442609,,,,,,,,2023-11-01,c_mix_rw,rev_leg=naive;scenario=backtest;mix_unidentified,1.0
driver-lines,margin_v2,adj_ebitda_margin_pct,2024Q2,2023-11-01,2,34.96112333750998,34.96112333750998,W1,PIT,12,15,19.878730543977973,23.21000835682131,28.776427519607445,41.14581915541252,46.71223831819866,50.04351613104199,9.169443740404617,,,,,,,,2023-11-01,c_mix_rw,rev_leg=naive;scenario=backtest;mix_unidentified,1.0
driver-lines,margin_v2,adj_ebitda_musd,2024Q2,2023-11-01,2,1022.9096150075006,1022.9096150075006,W1,PIT,12,15,-380.45141118286773,-70.48829631412711,447.44647805690533,1598.3727519580962,2116.3075263291285,2426.270641197869,853.1829235111455,,,,,,,,2023-11-01,c_mix_rw,rev_leg=naive;scenario=backtest;mix_unidentified,1.0
driver-lines,margin_v2,total_cash_costs_musd,2024Q2,2023-11-01,2,1902.9392060743303,1902.9392060743303,W1,PIT,12,15,1720.8368741577867,1761.0581750007645,1828.2662051750613,1977.6122069735995,2044.820237147896,2085.041537990874,110.71035679572724,,,,,,,,2023-11-01,c_mix_rw,rev_leg=naive;scenario=backtest;mix_unidentified,1.0
driver-lines,margin_v2,adj_ebitda_margin_pct,2023Q4,2023-11-01,0,27.558864507012917,27.558864507012917,W1,full_sample,12,15,23.05039810538625,24.04619196245443,25.71011983625668,29.407609177769153,31.071537051571404,32.06733090863958,2.7409529503136025,,,,,,,,2023-11-01,c_mix_rw,rev_leg=guide_cushion;scenario=backtest;mix_missing_zeroed,1.0
driver-lines,margin_v2,adj_ebitda_musd,2023Q4,2023-11-01,0,608.1511620267642,608.1511620267642,W1,full_sample,12,15,488.61099329131895,515.0140658875129,559.1324425324327,657.1698815210956,701.2882581660155,727.6913307622093,72.67526227059959,,,,,,,,2023-11-01,c_mix_rw,rev_leg=guide_cushion;scenario=backtest;mix_missing_zeroed,1.0
driver-lines,margin_v2,total_cash_costs_musd,2023Q4,2023-11-01,0,1598.5840315513587,1598.5840315513587,W1,full_sample,12,15,1491.9782153185024,1515.5244519931541,1554.8691810733776,1642.29888202934,1681.6436111095634,1705.189847784215,64.81173430029563,,,,,,,,2023-11-01,c_mix_rw,rev_leg=guide_cushion;scenario=backtest;mix_missing_zeroed,1.0
driver-lines,margin_v2,adj_ebitda_margin_pct,2024Q1,2023-11-01,1,15.37316691315605,15.37316691315605,W1,full_sample,12,15,8.906124218731815,10.334512680533766,12.72128717139816,18.02504665491394,20.411821145778333,21.840209607580285,3.9316827883403094,,,,,,,,2023-11-01,c_mix_rw,rev_leg=naive;scenario=backtest;mix_missing_zeroed,1.0
driver-lines,margin_v2,adj_ebitda_musd,2024Q1,2023-11-01,1,329.19824573944464,329.19824573944464,W1,full_sample,12,15,207.3230393774118,234.24185633486786,279.22201919424293,379.17447228464636,424.1546351440214,451.07345210147747,74.09486434845458,,,,,,,,2023-11-01,c_mix_rw,rev_leg=naive;scenario=backtest;mix_missing_zeroed,1.0
driver-lines,margin_v2,total_cash_costs_musd,2024Q1,2023-11-01,1,1812.1838624436346,1812.1838624436346,W1,full_sample,12,15,1688.4953169923947,1715.8146497272696,1761.4640568897846,1862.9036679974845,1908.5530751599995,1935.8724078948744,75.19729623631063,,,,,,,,2023-11-01,c_mix_rw,rev_leg=naive;scenario=backtest;mix_missing_zeroed,1.0
driver-lines,margin_v2,adj_ebitda_margin_pct,2024Q2,2023-11-01,2,35.08289051715406,35.08289051715406,W1,full_sample,12,15,26.926479908189442,28.728002389803635,31.738267467422038,38.42751356688609,41.43777864450449,43.23930112611868,4.958745553597675,,,,,,,,2023-11-01,c_mix_rw,rev_leg=naive;scenario=backtest;mix_missing_zeroed,1.0
driver-lines,margin_v2,adj_ebitda_musd,2024Q2,2023-11-01,2,1026.4723385975815,1026.4723385975815,W1,full_sample,12,15,333.1310723617526,486.2707239116463,742.160367124003,1310.78431007116,1566.6739532835168,1719.8136048334104,421.521559654429,,,,,,,,2023-11-01,c_mix_rw,rev_leg=naive;scenario=backtest;mix_missing_zeroed,1.0
driver-lines,margin_v2,total_cash_costs_musd,2024Q2,2023-11-01,2,1899.3764824842494,1899.3764824842494,W1,full_sample,12,15,1759.3115753083428,1790.2479873233617,1841.941375369334,1956.811589599165,2008.5049776451372,2039.4413896601563,85.15341722868028,,,,,,,,2023-11-01,c_mix_rw,rev_leg=naive;scenario=backtest;mix_missing_zeroed,1.0
driver-lines,margin_v2,adj_ebitda_margin_pct,2024Q1,2024-02-13,0,16.523028511290683,16.523028511290683,W1,PIT,12,16,8.123915864812924,9.9790444236436,13.078882905890458,19.96717411669091,23.067012598937765,24.922141157768444,5.106297915422694,,,,,,,,2024-02-13,c_mix_rw,rev_leg=guide_cushion;scenario=backtest;mix_missing_zeroed,1.0
driver-lines,margin_v2,adj_ebitda_margin_pct,2024Q1,2024-02-13,0,16.523028511290683,16.523028511290683,W2,PIT,12,16,8.123915864812924,9.9790444236436,13.078882905890458,19.96717411669091,23.067012598937765,24.922141157768444,5.106297915422694,,,,,,,,2024-02-13,c_mix_rw,rev_leg=guide_cushion;scenario=backtest;mix_missing_zeroed,1.0
driver-lines,margin_v2,adj_ebitda_musd,2024Q1,2024-02-13,0,347.3102438984948,347.3102438984948,W1,PIT,12,16,192.48305689979026,226.6800427450943,283.8217066990694,410.7987810979201,467.9404450518952,502.13743089719924,94.12824610154345,,,,,,,,2024-02-13,c_mix_rw,rev_leg=guide_cushion;scenario=backtest;mix_missing_zeroed,1.0
driver-lines,margin_v2,adj_ebitda_musd,2024Q1,2024-02-13,0,347.3102438984948,347.3102438984948,W2,PIT,12,16,192.48305689979026,226.6800427450943,283.8217066990694,410.7987810979201,467.9404450518952,502.13743089719924,94.12824610154345,,,,,,,,2024-02-13,c_mix_rw,rev_leg=guide_cushion;scenario=backtest;mix_missing_zeroed,1.0
driver-lines,margin_v2,total_cash_costs_musd,2024Q1,2024-02-13,0,1754.6666646395938,1754.6666646395938,W1,PIT,12,16,1562.3594152928154,1604.8346963551535,1675.809028648479,1833.5243006307087,1904.4986329240342,1946.9739139863723,116.91450606653409,,,,,,,,2024-02-13,c_mix_rw,rev_leg=guide_cushion;scenario=backtest;mix_missing_zeroed,1.0
driver-lines,margin_v2,total_cash_costs_musd,2024Q1,2024-02-13,0,1754.6666646395938,1754.6666646395938,W2,PIT,12,16,1562.3594152928154,1604.8346963551535,1675.809028648479,1833.5243006307087,1904.4986329240342,1946.9739139863723,116.91450606653409,,,,,,,,2024-02-13,c_mix_rw,rev_leg=guide_cushion;scenario=backtest;mix_missing_zeroed,1.0
driver-lines,margin_v2,adj_ebitda_margin_pct,2024Q2,2024-02-13,1,36.189498443263204,36.189498443263204,W1,PIT,12,16,23.576630681133693,26.362459634635535,31.017457669092888,41.361539217433524,46.016537251890874,48.802366205392715,7.668079125986343,,,,,,,,2024-02-13,c_mix_rw,rev_leg=naive;scenario=backtest;mix_missing_zeroed,1.0
driver-lines,margin_v2,adj_ebitda_margin_pct,2024Q2,2024-02-13,1,36.189498443263204,36.189498443263204,W2,PIT,12,16,23.576630681133693,26.362459634635535,31.017457669092888,41.361539217433524,46.016537251890874,48.802366205392715,7.668079125986343,,,,,,,,2024-02-13,c_mix_rw,rev_leg=naive;scenario=backtest;mix_missing_zeroed,1.0
driver-lines,margin_v2,adj_ebitda_musd,2024Q2,2024-02-13,1,1048.2990323193478,1048.2990323193478,W1,PIT,12,16,379.18060353829287,526.97010925378,773.919893358162,1322.6781712805337,1569.6279553849158,1717.4174611004025,406.7951201355109,,,,,,,,2024-02-13,c_mix_rw,rev_leg=naive;scenario=backtest;mix_missing_zeroed,1.0
driver-lines,margin_v2,adj_ebitda_musd,2024Q2,2024-02-13,1,1048.2990323193478,1048.2990323193478,W2,PIT,12,16,379.18060353829287,526.97010925378,773.919893358162,1322.6781712805337,1569.6279553849158,1717.4174611004025,406.7951201355109,,,,,,,,2024-02-13,c_mix_rw,rev_leg=naive;scenario=backtest;mix_missing_zeroed,1.0
driver-lines,margin_v2,total_cash_costs_musd,2024Q2,2024-02-13,1,1848.3949739898005,1848.3949739898005,W1,PIT,12,16,1661.514024891513,1702.7907883266364,1771.7624502148267,1925.0274977647744,1993.9991596529646,2035.2759230880881,113.6155497584595,,,,,,,,2024-02-13,c_mix_rw,rev_leg=naive;scenario=backtest;mix_missing_zeroed,1.0
driver-lines,margin_v2,total_cash_costs_musd,2024Q2,2024-02-13,1,1848.3949739898005,1848.3949739898005,W2,PIT,12,16,1661.514024891513,1702.7907883266364,1771.7624502148267,1925.0274977647744,1993.9991596529646,2035.2759230880881,113.6155497584595,,,,,,,,2024-02-13,c_mix_rw,rev_leg=naive;scenario=backtest;mix_missing_zeroed,1.0
driver-lines,margin_v2,adj_ebitda_margin_pct,2024Q3,2024-02-13,2,55.88035799820996,55.88035799820996,W1,PIT,12,16,38.57644342417599,42.39839312969859,48.78470351125977,62.97601248516015,69.36232286672133,73.18427257224393,10.52003308410158,,,,,,,,2024-02-13,c_mix_rw,rev_leg=naive;scenario=backtest;mix_missing_zeroed,1.0
driver-lines,margin_v2,adj_ebitda_margin_pct,2024Q3,2024-02-13,2,55.88035799820996,55.88035799820996,W2,PIT,12,16,38.57644342417599,42.39839312969859,48.78470351125977,62.97601248516015,69.36232286672133,73.18427257224393,10.52003308410158,,,,,,,,2024-02-13,c_mix_rw,rev_leg=naive;scenario=backtest;mix_missing_zeroed,1.0
driver-lines,margin_v2,adj_ebitda_musd,2024Q3,2024-02-13,2,2213.633689978869,2213.633689978869,W1,PIT,12,16,-779.0861462238946,-118.07821950594048,986.4370436314344,3440.830336326303,4545.345599463678,5206.353526181633,1819.4444704173409,,,,,,,,2024-02-13,c_mix_rw,rev_leg=naive;scenario=backtest;mix_missing_zeroed,1.0
driver-lines,margin_v2,adj_ebitda_musd,2024Q3,2024-02-13,2,2213.633689978869,2213.633689978869,W2,PIT,12,16,-779.0861462238946,-118.07821950594048,986.4370436314344,3440.830336326303,4545.345599463678,5206.353526181633,1819.4444704173409,,,,,,,,2024-02-13,c_mix_rw,rev_leg=naive;scenario=backtest;mix_missing_zeroed,1.0
driver-lines,margin_v2,total_cash_costs_musd,2024Q3,2024-02-13,2,1747.746961966452,1747.746961966452,W1,PIT,12,16,1551.40871294402,1594.7743288469173,1667.2363716213918,1828.2575523115122,1900.719595085987,1944.0852109888842,119.36517985878193,,,,,,,,2024-02-13,c_mix_rw,rev_leg=naive;scenario=backtest;mix_missing_zeroed,1.0
driver-lines,margin_v2,total_cash_costs_musd,2024Q3,2024-02-13,2,1747.746961966452,1747.746961966452,W2,PIT,12,16,1551.40871294402,1594.7743288469173,1667.2363716213918,1828.2575523115122,1900.719595085987,1944.0852109888842,119.36517985878193,,,,,,,,2024-02-13,c_mix_rw,rev_leg=naive;scenario=backtest;mix_missing_zeroed,1.0
driver-lines,margin_v2,adj_ebitda_margin_pct,2024Q1,2024-02-13,0,14.683387210607643,14.683387210607643,W1,full_sample,12,16,10.174920808980975,11.170714666049154,12.834642539851409,16.532131881363878,18.196059755166132,19.19185361223431,2.7409529503136025,,,,,,,,2024-02-13,c_mix_rw,rev_leg=guide_cushion;scenario=backtest;mix_missing_zeroed,1.0
driver-lines,margin_v2,adj_ebitda_margin_pct,2024Q1,2024-02-13,0,14.683387210607643,14.683387210607643,W2,full_sample,12,16,10.174920808980975,11.170714666049154,12.834642539851409,16.532131881363878,18.196059755166132,19.19185361223431,2.7409529503136025,,,,,,,,2024-02-13,c_mix_rw,rev_leg=guide_cushion;scenario=backtest;mix_missing_zeroed,1.0
driver-lines,margin_v2,adj_ebitda_musd,2024Q1,2024-02-13,0,308.6414085582076,308.6414085582076,W1,full_sample,12,16,247.97385029056443,261.37361341721163,283.7640300787691,333.5187870376461,355.9092036992036,369.3089668258508,36.883256524219,,,,,,,,2024-02-13,c_mix_rw,rev_leg=guide_cushion;scenario=backtest;mix_missing_zeroed,1.0
driver-lines,margin_v2,adj_ebitda_musd,2024Q1,2024-02-13,0,308.6414085582076,308.6414085582076,W2,full_sample,12,16,247.97385029056443,261.37361341721163,283.7640300787691,333.5187870376461,355.9092036992036,369.3089668258508,36.883256524219,,,,,,,,2024-02-13,c_mix_rw,rev_leg=guide_cushion;scenario=backtest;mix_missing_zeroed,1.0
driver-lines,margin_v2,total_cash_costs_musd,2024Q1,2024-02-13,0,1793.335499979881,1793.335499979881,W1,full_sample,12,16,1673.7421655155172,1700.1569809310085,1744.2949793121018,1842.3760206476602,1886.5140190287534,1912.9288344442446,72.70758473871923,,,,,,,,2024-02-13,c_mix_rw,rev_leg=guide_cushion;scenario=backtest;mix_missing_zeroed,1.0
driver-lines,margin_v2,total_cash_costs_musd,2024Q1,2024-02-13,0,1793.335499979881,1793.335499979881,W2,full_sample,12,16,1673.7421655155172,1700.1569809310085,1744.2949793121018,1842.3760206476602,1886.5140190287534,1912.9288344442446,72.70758473871923,,,,,,,,2024-02-13,c_mix_rw,rev_leg=guide_cushion;scenario=backtest;mix_missing_zeroed,1.0
driver-lines,margin_v2,adj_ebitda_margin_pct,2024Q2,2024-02-13,1,34.84074185814495,34.84074185814495,W1,full_sample,12,16,28.373699163720715,29.802087625522667,32.188862116387064,37.49262159990284,39.87939609076724,41.30778455256919,3.9316827883403094,,,,,,,,2024-02-13,c_mix_rw,rev_leg=naive;scenario=backtest;mix_missing_zeroed,1.0
driver-lines,margin_v2,adj_ebitda_margin_pct,2024Q2,2024-02-13,1,34.84074185814495,34.84074185814495,W2,full_sample,12,16,28.373699163720715,29.802087625522667,32.188862116387064,37.49262159990284,39.87939609076724,41.30778455256919,3.9316827883403094,,,,,,,,2024-02-13,c_mix_rw,rev_leg=naive;scenario=backtest;mix_missing_zeroed,1.0
driver-lines,margin_v2,adj_ebitda_musd,2024Q2,2024-02-13,1,1009.2296811585273,1009.2296811585273,W1,full_sample,12,16,635.5944104674533,718.1199688710683,856.0165585660068,1162.442803751048,1300.3393934459864,1382.8649518496013,227.1541154598417,,,,,,,,2024-02-13,c_mix_rw,rev_leg=naive;scenario=backtest;mix_missing_zeroed,1.0
driver-lines,margin_v2,adj_ebitda_musd,2024Q2,2024-02-13,1,1009.2296811585273,1009.2296811585273,W2,full_sample,12,16,635.5944104674533,718.1199688710683,856.0165585660068,1162.442803751048,1300.3393934459864,1382.8649518496013,227.1541154598417,,,,,,,,2024-02-13,c_mix_rw,rev_leg=naive;scenario=backtest;mix_missing_zeroed,1.0
driver-lines,margin_v2,total_cash_costs_musd,2024Q2,2024-02-13,1,1887.4643251506209,1887.4643251506209,W1,full_sample,12,16,1758.6375974618636,1787.0918106311965,1834.6375532399722,1940.2910970612695,1987.8368396700453,2016.2910528393782,78.321089231217,,,,,,,,2024-02-13,c_mix_rw,rev_leg=naive;scenario=backtest;mix_missing_zeroed,1.0
driver-lines,margin_v2,total_cash_costs_musd,2024Q2,2024-02-13,1,1887.4643251506209,1887.4643251506209,W2,full_sample,12,16,1758.6375974618636,1787.0918106311965,1834.6375532399722,1940.2910970612695,1987.8368396700453,2016.2910528393782,78.321089231217,,,,,,,,2024-02-13,c_mix_rw,rev_leg=naive;scenario=backtest;mix_missing_zeroed,1.0
driver-lines,margin_v2,adj_ebitda_margin_pct,2024Q3,2024-02-13,2,55.10434371317222,55.10434371317222,W1,full_sample,12,16,46.9479331042076,48.74945558582179,51.75972066344019,58.44896676290425,61.45923184052265,63.26075432213684,4.958745553597675,,,,,,,,2024-02-13,c_mix_rw,rev_leg=naive;scenario=backtest;mix_missing_zeroed,1.0
driver-lines,margin_v2,adj_ebitda_margin_pct,2024Q3,2024-02-13,2,55.10434371317222,55.10434371317222,W2,full_sample,12,16,46.9479331042076,48.74945558582179,51.75972066344019,58.44896676290425,61.45923184052265,63.26075432213684,4.958745553597675,,,,,,,,2024-02-13,c_mix_rw,rev_leg=naive;scenario=backtest;mix_missing_zeroed,1.0
driver-lines,margin_v2,adj_ebitda_musd,2024Q3,2024-02-13,2,2182.8928102350524,2182.8928102350524,W1,full_sample,12,16,708.4354788536102,1034.1017747295268,1578.2758760453266,2787.509744424778,3331.683845740578,3657.3501416164945,896.4064079757432,,,,,,,,2024-02-13,c_mix_rw,rev_leg=naive;scenario=backtest;mix_missing_zeroed,1.0
driver-lines,margin_v2,adj_ebitda_musd,2024Q3,2024-02-13,2,2182.8928102350524,2182.8928102350524,W2,full_sample,12,16,708.4354788536102,1034.1017747295268,1578.2758760453266,2787.509744424778,3331.683845740578,3657.3501416164945,896.4064079757432,,,,,,,,2024-02-13,c_mix_rw,rev_leg=naive;scenario=backtest;mix_missing_zeroed,1.0
driver-lines,margin_v2,total_cash_costs_musd,2024Q3,2024-02-13,2,1778.4878417102686,1778.4878417102686,W1,full_sample,12,16,1647.3375738408795,1676.3049919079328,1724.7082773989312,1832.2674060216063,1880.6706915126044,1909.638109579658,79.73370135825373,,,,,,,,2024-02-13,c_mix_rw,rev_leg=naive;scenario=backtest;mix_missing_zeroed,1.0
driver-lines,margin_v2,total_cash_costs_musd,2024Q3,2024-02-13,2,1778.4878417102686,1778.4878417102686,W2,full_sample,12,16,1647.3375738408795,1676.3049919079328,1724.7082773989312,1832.2674060216063,1880.6706915126044,1909.638109579658,79.73370135825373,,,,,,,,2024-02-13,c_mix_rw,rev_leg=naive;scenario=backtest;mix_missing_zeroed,1.0
driver-lines,margin_v2,adj_ebitda_margin_pct,2024Q2,2024-05-08,0,35.498727624245056,35.498727624245056,W1,PIT,12,17,26.647720237252983,28.6026596777802,31.86927776705598,39.128177481434136,42.39479557070992,44.34973501123713,5.381030410223366,,,,,,,,2024-05-08,c_mix_rw,rev_leg=guide_cushion;scenario=backtest;mix_missing_zeroed,1.0
driver-lines,margin_v2,adj_ebitda_margin_pct,2024Q2,2024-05-08,0,35.498727624245056,35.498727624245056,W2,PIT,12,17,26.647720237252983,28.6026596777802,31.86927776705598,39.128177481434136,42.39479557070992,44.34973501123713,5.381030410223366,,,,,,,,2024-05-08,c_mix_rw,rev_leg=guide_cushion;scenario=backtest;mix_missing_zeroed,1.0
driver-lines,margin_v2,adj_ebitda_musd,2024Q2,2024-05-08,0,986.4070272138116,986.4070272138116,W1,PIT,12,17,503.9224911814866,610.4898012845473,788.5591039398969,1184.2549504877263,1362.3242531430758,1468.8915632461367,293.3297699726321,,,,,,,,2024-05-08,c_mix_rw,rev_leg=guide_cushion;scenario=backtest;mix_missing_zeroed,1.0
driver-lines,margin_v2,adj_ebitda_musd,2024Q2,2024-05-08,0,986.4070272138116,986.4070272138116,W2,PIT,12,17,503.9224911814866,610.4898012845473,788.5591039398969,1184.2549504877263,1362.3242531430758,1468.8915632461367,293.3297699726321,,,,,,,,2024-05-08,c_mix_rw,rev_leg=guide_cushion;scenario=backtest;mix_missing_zeroed,1.0
driver-lines,margin_v2,total_cash_costs_musd,2024Q2,2024-05-08,0,1792.3039104145887,1792.3039104145887,W1,PIT,12,17,1607.5949258817348,1648.3919632239126,1716.562023844756,1868.0457969844213,1936.215857605265,1977.0128949474424,112.29508906223383,,,,,,,,2024-05-08,c_mix_rw,rev_leg=guide_cushion;scenario=backtest;mix_missing_zeroed,1.0
driver-lines,margin_v2,total_cash_costs_musd,2024Q2,2024-05-08,0,1792.3039104145887,1792.3039104145887,W2,PIT,12,17,1607.5949258817348,1648.3919632239126,1716.562023844756,1868.0457969844213,1936.215857605265,1977.0128949474424,112.29508906223383,,,,,,,,2024-05-08,c_mix_rw,rev_leg=guide_cushion;scenario=backtest;mix_missing_zeroed,1.0
driver-lines,margin_v2,adj_ebitda_margin_pct,2024Q3,2024-05-08,1,56.686431453308074,56.686431453308074,W1,PIT,12,17,44.165703117022424,46.931181053997676,51.55217343214528,61.82068947447087,66.44168185261847,69.20715978959372,7.612062332556139,,,,,,,,2024-05-08,c_mix_rw,rev_leg=naive;scenario=backtest;mix_missing_zeroed,1.0
driver-lines,margin_v2,adj_ebitda_margin_pct,2024Q3,2024-05-08,1,56.686431453308074,56.686431453308074,W2,PIT,12,17,44.165703117022424,46.931181053997676,51.55217343214528,61.82068947447087,66.44168185261847,69.20715978959372,7.612062332556139,,,,,,,,2024-05-08,c_mix_rw,rev_leg=naive;scenario=backtest;mix_missing_zeroed,1.0
driver-lines,margin_v2,adj_ebitda_musd,2024Q3,2024-05-08,1,2268.821099997982,2268.821099997982,W1,PIT,12,17,776.5522946965167,1106.1526459107388,1656.90038120512,2880.741818790844,3431.489554085225,3761.0899052994473,907.2350152318394,,,,,,,,2024-05-08,c_mix_rw,rev_leg=naive;scenario=backtest;mix_missing_zeroed,1.0
driver-lines,margin_v2,adj_ebitda_musd,2024Q3,2024-05-08,1,2268.821099997982,2268.821099997982,W2,PIT,12,17,776.5522946965167,1106.1526459107388,1656.90038120512,2880.741818790844,3431.489554085225,3761.0899052994473,907.2350152318394,,,,,,,,2024-05-08,c_mix_rw,rev_leg=naive;scenario=backtest;mix_missing_zeroed,1.0
driver-lines,margin_v2,total_cash_costs_musd,2024Q3,2024-05-08,1,1733.5848405960774,1733.5848405960774,W1,PIT,12,17,1571.85200915453,1607.5742582939774,1667.2645703361068,1799.905110856048,1859.5954228981773,1895.3176720376248,98.32657981932337,,,,,,,,2024-05-08,c_mix_rw,rev_leg=naive;scenario=backtest;mix_missing_zeroed,1.0
driver-lines,margin_v2,total_cash_costs_musd,2024Q3,2024-05-08,1,1733.5848405960774,1733.5848405960774,W2,PIT,12,17,1571.85200915453,1607.5742582939774,1667.2645703361068,1799.905110856048,1859.5954228981773,1895.3176720376248,98.32657981932337,,,,,,,,2024-05-08,c_mix_rw,rev_leg=naive;scenario=backtest;mix_missing_zeroed,1.0
driver-lines,margin_v2,adj_ebitda_margin_pct,2024Q4,2024-05-08,2,36.83772798782552,36.83772798782552,W1,PIT,12,17,19.45706552951465,23.2959666914523,29.710602213433205,43.96485376221783,50.37948928419873,54.21839044613638,10.566692484682495,,,,,,,,2024-05-08,c_mix_rw,rev_leg=naive;scenario=backtest;mix_missing_zeroed,1.0
driver-lines,margin_v2,adj_ebitda_margin_pct,2024Q4,2024-05-08,2,36.83772798782552,36.83772798782552,W2,PIT,12,17,19.45706552951465,23.2959666914523,29.710602213433205,43.96485376221783,50.37948928419873,54.21839044613638,10.566692484682495,,,,,,,,2024-05-08,c_mix_rw,rev_leg=naive;scenario=backtest;mix_missing_zeroed,1.0
driver-lines,margin_v2,adj_ebitda_musd,2024Q4,2024-05-08,2,962.675604016103,962.675604016103,W1,PIT,12,17,-315.56486487655854,-33.23737402068615,438.51948433034215,1486.8317237018637,1958.588582052892,2240.9160729087644,777.1150258893969,,,,,,,,2024-05-08,c_mix_rw,rev_leg=naive;scenario=backtest;mix_missing_zeroed,1.0
driver-lines,margin_v2,adj_ebitda_musd,2024Q4,2024-05-08,2,962.675604016103,962.675604016103,W2,PIT,12,17,-315.56486487655854,-33.23737402068615,438.51948433034215,1486.8317237018637,1958.588582052892,2240.9160729087644,777.1150258893969,,,,,,,,2024-05-08,c_mix_rw,rev_leg=naive;scenario=backtest;mix_missing_zeroed,1.0
driver-lines,margin_v2,total_cash_costs_musd,2024Q4,2024-05-08,2,1650.611524696768,1650.611524696768,W1,PIT,12,17,1482.01912412431,1519.2564598129732,1581.4784150486898,1719.744634344846,1781.9665895805626,1819.2039252692257,102.49690173643138,,,,,,,,2024-05-08,c_mix_rw,rev_leg=naive;scenario=backtest;mix_missing_zeroed,1.0
driver-lines,margin_v2,total_cash_costs_musd,2024Q4,2024-05-08,2,1650.611524696768,1650.611524696768,W2,PIT,12,17,1482.01912412431,1519.2564598129732,1581.4784150486898,1719.744634344846,1781.9665895805626,1819.2039252692257,102.49690173643138,,,,,,,,2024-05-08,c_mix_rw,rev_leg=naive;scenario=backtest;mix_missing_zeroed,1.0
driver-lines,margin_v2,adj_ebitda_margin_pct,2024Q2,2024-05-08,0,34.089985361885454,34.089985361885454,W1,full_sample,12,17,29.581518960258787,30.577312817326966,32.24124069112922,35.938730032641686,37.602657906443945,38.598451763512124,2.7409529503136025,,,,,,,,2024-05-08,c_mix_rw,rev_leg=guide_cushion;scenario=backtest;mix_missing_zeroed,1.0
driver-lines,margin_v2,adj_ebitda_margin_pct,2024Q2,2024-05-08,0,34.089985361885454,34.089985361885454,W2,full_sample,12,17,29.581518960258787,30.577312817326966,32.24124069112922,35.938730032641686,37.602657906443945,38.598451763512124,2.7409529503136025,,,,,,,,2024-05-08,c_mix_rw,rev_leg=guide_cushion;scenario=backtest;mix_missing_zeroed,1.0
driver-lines,margin_v2,adj_ebitda_musd,2024Q2,2024-05-08,0,947.2621518866316,947.2621518866316,W1,full_sample,12,17,761.0652249649571,802.1909070742167,870.9101186911674,1023.6141850820958,1092.3333966990465,1133.4590788083062,113.19969380300846,,,,,,,,2024-05-08,c_mix_rw,rev_leg=guide_cushion;scenario=backtest;mix_missing_zeroed,1.0
driver-lines,margin_v2,adj_ebitda_musd,2024Q2,2024-05-08,0,947.2621518866316,947.2621518866316,W2,full_sample,12,17,761.0652249649571,802.1909070742167,870.9101186911674,1023.6141850820958,1092.3333966990465,1133.4590788083062,113.19969380300846,,,,,,,,2024-05-08,c_mix_rw,rev_leg=guide_cushion;scenario=backtest;mix_missing_zeroed,1.0
driver-lines,margin_v2,total_cash_costs_musd,2024Q2,2024-05-08,0,1831.4487857417685,1831.4487857417685,W1,full_sample,12,17,1709.313765724585,1736.2899682359598,1781.3660198398188,1881.531551643718,1926.6076032475771,1953.5838057589517,74.25281983512733,,,,,,,,2024-05-08,c_mix_rw,rev_leg=guide_cushion;scenario=backtest;mix_missing_zeroed,1.0
driver-lines,margin_v2,total_cash_costs_musd,2024Q2,2024-05-08,0,1831.4487857417685,1831.4487857417685,W2,full_sample,12,17,1709.313765724585,1736.2899682359598,1781.3660198398188,1881.531551643718,1926.6076032475771,1953.5838057589517,74.25281983512733,,,,,,,,2024-05-08,c_mix_rw,rev_leg=guide_cushion;scenario=backtest;mix_missing_zeroed,1.0
driver-lines,margin_v2,adj_ebitda_margin_pct,2024Q3,2024-05-08,1,55.84114012937195,55.84114012937195,W1,full_sample,12,17,49.374097434947714,50.802485896749666,53.18926038761406,58.49301987112984,60.879794361994236,62.30818282379619,3.9316827883403094,,,,,,,,2024-05-08,c_mix_rw,rev_leg=naive;scenario=backtest;mix_missing_zeroed,1.0
driver-lines,margin_v2,adj_ebitda_margin_pct,2024Q3,2024-05-08,1,55.84114012937195,55.84114012937195,W2,full_sample,12,17,49.374097434947714,50.802485896749666,53.18926038761406,58.49301987112984,60.879794361994236,62.30818282379619,3.9316827883403094,,,,,,,,2024-05-08,c_mix_rw,rev_leg=naive;scenario=backtest;mix_missing_zeroed,1.0
driver-lines,margin_v2,adj_ebitda_musd,2024Q3,2024-05-08,1,2234.989109833436,2234.989109833436,W1,full_sample,12,17,1407.555299042602,1590.31223510821,1895.6910621533752,2574.287157513497,2879.6659845586623,3062.42292062427,503.04403822507766,,,,,,,,2024-05-08,c_mix_rw,rev_leg=naive;scenario=backtest;mix_missing_zeroed,1.0
driver-lines,margin_v2,adj_ebitda_musd,2024Q3,2024-05-08,1,2234.989109833436,2234.989109833436,W2,full_sample,12,17,1407.555299042602,1590.31223510821,1895.6910621533752,2574.287157513497,2879.6659845586623,3062.42292062427,503.04403822507766,,,,,,,,2024-05-08,c_mix_rw,rev_leg=naive;scenario=backtest;mix_missing_zeroed,1.0
driver-lines,margin_v2,total_cash_costs_musd,2024Q3,2024-05-08,1,1767.4168307606233,1767.4168307606233,W1,full_sample,12,17,1646.7838080671982,1673.4282614703193,1717.949974860085,1816.8836866611616,1861.4054000509273,1888.0498534540484,73.33967030063523,,,,,,,,2024-05-08,c_mix_rw,rev_leg=naive;scenario=backtest;mix_missing_zeroed,1.0
driver-lines,margin_v2,total_cash_costs_musd,2024Q3,2024-05-08,1,1767.4168307606233,1767.4168307606233,W2,full_sample,12,17,1646.7838080671982,1673.4282614703193,1717.949974860085,1816.8836866611616,1861.4054000509273,1888.0498534540484,73.33967030063523,,,,,,,,2024-05-08,c_mix_rw,rev_leg=naive;scenario=backtest;mix_missing_zeroed,1.0
driver-lines,margin_v2,adj_ebitda_margin_pct,2024Q4,2024-05-08,2,35.4462159087444,35.4462159087444,W1,full_sample,12,17,27.28980529977978,29.09132778139397,32.10159285901237,38.79083895847643,41.80110403609483,43.60262651770902,4.958745553597675,,,,,,,,2024-05-08,c_mix_rw,rev_leg=naive;scenario=backtest;mix_missing_zeroed,1.0
driver-lines,margin_v2,adj_ebitda_margin_pct,2024Q4,2024-05-08,2,35.4462159087444,35.4462159087444,W2,full_sample,12,17,27.28980529977978,29.09132778139397,32.10159285901237,38.79083895847643,41.80110403609483,43.60262651770902,4.958745553597675,,,,,,,,2024-05-08,c_mix_rw,rev_leg=naive;scenario=backtest;mix_missing_zeroed,1.0
driver-lines,margin_v2,adj_ebitda_musd,2024Q4,2024-05-08,2,926.3113979589915,926.3113979589915,W1,full_sample,12,17,300.6248660968253,438.8214831668423,669.7419709523318,1182.8808249656513,1413.8013127511408,1551.9979298211576,380.3904016807848,,,,,,,,2024-05-08,c_mix_rw,rev_leg=naive;scenario=backtest;mix_missing_zeroed,1.0
driver-lines,margin_v2,adj_ebitda_musd,2024Q4,2024-05-08,2,926.3113979589915,926.3113979589915,W2,full_sample,12,17,300.6248660968253,438.8214831668423,669.7419709523318,1182.8808249656513,1413.8013127511408,1551.9979298211576,380.3904016807848,,,,,,,,2024-05-08,c_mix_rw,rev_leg=naive;scenario=backtest;mix_missing_zeroed,1.0
driver-lines,margin_v2,total_cash_costs_musd,2024Q4,2024-05-08,2,1686.9757307538794,1686.9757307538794,W1,full_sample,12,17,1562.5738013233306,1590.0507005832815,1635.9633945005717,1737.9880670071873,1783.9007609244773,1811.3776601844284,75.6310029003079,,,,,,,,2024-05-08,c_mix_rw,rev_leg=naive;scenario=backtest;mix_missing_zeroed,1.0
driver-lines,margin_v2,total_cash_costs_musd,2024Q4,2024-05-08,2,1686.9757307538794,1686.9757307538794,W2,full_sample,12,17,1562.5738013233306,1590.0507005832815,1635.9633945005717,1737.9880670071873,1783.9007609244773,1811.3776601844284,75.6310029003079,,,,,,,,2024-05-08,c_mix_rw,rev_leg=naive;scenario=backtest;mix_missing_zeroed,1.0
driver-lines,margin_v2,adj_ebitda_margin_pct,2024Q3,2024-08-06,0,54.356855939337734,54.356855939337734,W1,PIT,12,18,46.6780705318035,48.37409899412241,51.20808819096599,57.50562368770948,60.339612884553055,62.03564134687197,4.668370049294839,,,,,,,,2024-08-06,c_mix_rw,rev_leg=guide_cushion;scenario=backtest;mix_missing_zeroed,1.0
driver-lines,margin_v2,adj_ebitda_margin_pct,2024Q3,2024-08-06,0,54.356855939337734,54.356855939337734,W2,PIT,12,18,46.6780705318035,48.37409899412241,51.20808819096599,57.50562368770948,60.339612884553055,62.03564134687197,4.668370049294839,,,,,,,,2024-08-06,c_mix_rw,rev_leg=guide_cushion;scenario=backtest;mix_missing_zeroed,1.0
driver-lines,margin_v2,adj_ebitda_musd,2024Q3,2024-08-06,0,2062.196913264935,2062.196913264935,W1,PIT,12,18,1166.0971086153918,1364.020438035803,1694.7416433944932,2429.652183135377,2760.3733884940675,2958.2967179144784,544.7899983114916,,,,,,,,2024-08-06,c_mix_rw,rev_leg=guide_cushion;scenario=backtest;mix_missing_zeroed,1.0
driver-lines,margin_v2,adj_ebitda_musd,2024Q3,2024-08-06,0,2062.196913264935,2062.196913264935,W2,PIT,12,18,1166.0971086153918,1364.020438035803,1694.7416433944932,2429.652183135377,2760.3733884940675,2958.2967179144784,544.7899983114916,,,,,,,,2024-08-06,c_mix_rw,rev_leg=guide_cushion;scenario=backtest;mix_missing_zeroed,1.0
driver-lines,margin_v2,total_cash_costs_musd,2024Q3,2024-08-06,0,1731.6150679989323,1731.6150679989323,W1,PIT,12,18,1567.9809036326778,1604.1231039213635,1664.5151359207841,1798.7150000770805,1859.1070320765011,1895.2492323651868,99.4825081606378,,,,,,,,2024-08-06,c_mix_rw,rev_leg=guide_cushion;scenario=backtest;mix_missing_zeroed,1.0
driver-lines,margin_v2,total_cash_costs_musd,2024Q3,2024-08-06,0,1731.6150679989323,1731.6150679989323,W2,PIT,12,18,1567.9809036326778,1604.1231039213635,1664.5151359207841,1798.7150000770805,1859.1070320765011,1895.2492323651868,99.4825081606378,,,,,,,,2024-08-06,c_mix_rw,rev_leg=guide_cushion;scenario=backtest;mix_missing_zeroed,1.0
driver-lines,margin_v2,adj_ebitda_margin_pct,2024Q4,2024-08-06,1,33.05158099530207,33.05158099530207,W1,PIT,12,18,21.749362813388068,24.245706011761136,28.416986042127128,37.68617594847701,41.857455978843,44.35379917721607,6.871260759452032,,,,,,,,2024-08-06,c_mix_rw,rev_leg=naive;scenario=backtest;mix_missing_zeroed,1.0
driver-lines,margin_v2,adj_ebitda_margin_pct,2024Q4,2024-08-06,1,33.05158099530207,33.05158099530207,W2,PIT,12,18,21.749362813388068,24.245706011761136,28.416986042127128,37.68617594847701,41.857455978843,44.35379917721607,6.871260759452032,,,,,,,,2024-08-06,c_mix_rw,rev_leg=naive;scenario=backtest;mix_missing_zeroed,1.0
driver-lines,margin_v2,adj_ebitda_musd,2024Q4,2024-08-06,1,810.9963827196046,810.9963827196046,W1,PIT,12,18,309.12222331422373,419.9721577346773,605.1975378493852,1016.7952275898242,1202.020607704532,1312.8705421249856,305.1178239704776,,,,,,,,2024-08-06,c_mix_rw,rev_leg=naive;scenario=backtest;mix_missing_zeroed,1.0
driver-lines,margin_v2,adj_ebitda_musd,2024Q4,2024-08-06,1,810.9963827196046,810.9963827196046,W2,PIT,12,18,309.12222331422373,419.9721577346773,605.1975378493852,1016.7952275898242,1202.020607704532,1312.8705421249856,305.1178239704776,,,,,,,,2024-08-06,c_mix_rw,rev_leg=naive;scenario=backtest;mix_missing_zeroed,1.0
driver-lines,margin_v2,total_cash_costs_musd,2024Q4,2024-08-06,1,1642.733085879429,1642.733085879429,W1,PIT,12,18,1514.486518353188,1542.8125904043477,1590.1442148231042,1695.3219569357536,1742.6535813545102,1770.97965340567,77.96837689681217,,,,,,,,2024-08-06,c_mix_rw,rev_leg=naive;scenario=backtest;mix_missing_zeroed,1.0
driver-lines,margin_v2,total_cash_costs_musd,2024Q4,2024-08-06,1,1642.733085879429,1642.733085879429,W2,PIT,12,18,1514.486518353188,1542.8125904043477,1590.1442148231042,1695.3219569357536,1742.6535813545102,1770.97965340567,77.96837689681217,,,,,,,,2024-08-06,c_mix_rw,rev_leg=naive;scenario=backtest;mix_missing_zeroed,1.0
driver-lines,margin_v2,adj_ebitda_margin_pct,2025Q1,2024-08-06,2,19.079623341867624,19.079623341867624,W1,PIT,12,18,3.331278921062493,6.8096467819327735,12.621846965694006,25.537399718041243,31.349599901802474,34.827967762672756,9.574313581928072,,,,,,,,2024-08-06,c_mix_rw,rev_leg=naive;scenario=backtest;mix_missing_zeroed,1.0
driver-lines,margin_v2,adj_ebitda_margin_pct,2025Q1,2024-08-06,2,19.079623341867624,19.079623341867624,W2,PIT,12,18,3.331278921062493,6.8096467819327735,12.621846965694006,25.537399718041243,31.349599901802474,34.827967762672756,9.574313581928072,,,,,,,,2024-08-06,c_mix_rw,rev_leg=naive;scenario=backtest;mix_missing_zeroed,1.0
driver-lines,margin_v2,adj_ebitda_musd,2025Q1,2024-08-06,2,452.1207092949867,452.1207092949867,W1,PIT,12,18,-95.38936036817668,25.54026746643163,227.60837332416932,676.6330452658041,878.7011511235418,999.63077895815,332.86248739220883,,,,,,,,2024-08-06,c_mix_rw,rev_leg=naive;scenario=backtest;mix_missing_zeroed,1.0
driver-lines,margin_v2,adj_ebitda_musd,2025Q1,2024-08-06,2,452.1207092949867,452.1207092949867,W2,PIT,12,18,-95.38936036817668,25.54026746643163,227.60837332416932,676.6330452658041,878.7011511235418,999.63077895815,332.86248739220883,,,,,,,,2024-08-06,c_mix_rw,rev_leg=naive;scenario=backtest;mix_missing_zeroed,1.0
driver-lines,margin_v2,total_cash_costs_musd,2025Q1,2024-08-06,2,1917.5314646180568,1917.5314646180568,W1,PIT,12,18,1738.9149142754409,1778.3663036742198,1844.287845582628,1990.7750836534856,2056.696625561894,2096.1480149606728,108.59115207330586,,,,,,,,2024-08-06,c_mix_rw,rev_leg=naive;scenario=backtest;mix_missing_zeroed,1.0
driver-lines,margin_v2,total_cash_costs_musd,2025Q1,2024-08-06,2,1917.5314646180568,1917.5314646180568,W2,PIT,12,18,1738.9149142754409,1778.3663036742198,1844.287845582628,1990.7750836534856,2056.696625561894,2096.1480149606728,108.59115207330586,,,,,,,,2024-08-06,c_mix_rw,rev_leg=naive;scenario=backtest;mix_missing_zeroed,1.0
driver-lines,margin_v2,adj_ebitda_margin_pct,2024Q3,2024-08-06,0,53.98470311416809,53.98470311416809,W1,full_sample,12,18,49.47623671254142,50.4720305696096,52.13595844341186,55.833447784924324,57.49737565872658,58.49316951579476,2.7409529503136025,,,,,,,,2024-08-06,c_mix_rw,rev_leg=guide_cushion;scenario=backtest;mix_missing_zeroed,1.0
driver-lines,margin_v2,adj_ebitda_margin_pct,2024Q3,2024-08-06,0,53.98470311416809,53.98470311416809,W2,full_sample,12,18,49.47623671254142,50.4720305696096,52.13595844341186,55.833447784924324,57.49737565872658,58.49316951579476,2.7409529503136025,,,,,,,,2024-08-06,c_mix_rw,rev_leg=guide_cushion;scenario=backtest;mix_missing_zeroed,1.0
driver-lines,margin_v2,adj_ebitda_musd,2024Q3,2024-08-06,0,2048.0781347950374,2048.0781347950374,W1,full_sample,12,18,1645.501240917459,1734.4191926573767,1882.9971913378033,2213.1590782522717,2361.737076932698,2450.655028672616,244.7493730026931,,,,,,,,2024-08-06,c_mix_rw,rev_leg=guide_cushion;scenario=backtest;mix_missing_zeroed,1.0
driver-lines,margin_v2,adj_ebitda_musd,2024Q3,2024-08-06,0,2048.0781347950374,2048.0781347950374,W2,full_sample,12,18,1645.501240917459,1734.4191926573767,1882.9971913378033,2213.1590782522717,2361.737076932698,2450.655028672616,244.7493730026931,,,,,,,,2024-08-06,c_mix_rw,rev_leg=guide_cushion;scenario=backtest;mix_missing_zeroed,1.0
driver-lines,margin_v2,total_cash_costs_musd,2024Q3,2024-08-06,0,1745.73384646883,1745.73384646883,W1,full_sample,12,18,1629.3149545276124,1655.028624568476,1697.9950397708326,1793.4726531668275,1836.439068369184,1862.1527384100475,70.77766071926125,,,,,,,,2024-08-06,c_mix_rw,rev_leg=guide_cushion;scenario=backtest;mix_missing_zeroed,1.0
driver-lines,margin_v2,total_cash_costs_musd,2024Q3,2024-08-06,0,1745.73384646883,1745.73384646883,W2,full_sample,12,18,1629.3149545276124,1655.028624568476,1697.9950397708326,1793.4726531668275,1836.439068369184,1862.1527384100475,70.77766071926125,,,,,,,,2024-08-06,c_mix_rw,rev_leg=guide_cushion;scenario=backtest;mix_missing_zeroed,1.0
driver-lines,margin_v2,adj_ebitda_margin_pct,2024Q4,2024-08-06,1,32.3245809452963,32.3245809452963,W1,full_sample,12,18,25.85753825087206,27.285926712674012,29.67270120353841,34.976460687054185,37.36323517791858,38.791623639720534,3.9316827883403094,,,,,,,,2024-08-06,c_mix_rw,rev_leg=naive;scenario=backtest;mix_missing_zeroed,1.0
driver-lines,margin_v2,adj_ebitda_margin_pct,2024Q4,2024-08-06,1,32.3245809452963,32.3245809452963,W2,full_sample,12,18,25.85753825087206,27.285926712674012,29.67270120353841,34.976460687054185,37.36323517791858,38.791623639720534,3.9316827883403094,,,,,,,,2024-08-06,c_mix_rw,rev_leg=naive;scenario=backtest;mix_missing_zeroed,1.0
driver-lines,margin_v2,adj_ebitda_musd,2024Q4,2024-08-06,1,793.1577682558833,793.1577682558833,W1,full_sample,12,18,499.51626823299114,564.3734448990034,672.7469433943916,913.568593117375,1021.9420916127632,1086.7992682787753,178.52135607173722,,,,,,,,2024-08-06,c_mix_rw,rev_leg=naive;scenario=backtest;mix_missing_zeroed,1.0
driver-lines,margin_v2,adj_ebitda_musd,2024Q4,2024-08-06,1,793.1577682558833,793.1577682558833,W2,full_sample,12,18,499.51626823299114,564.3734448990034,672.7469433943916,913.568593117375,1021.9420916127632,1086.7992682787753,178.52135607173722,,,,,,,,2024-08-06,c_mix_rw,rev_leg=naive;scenario=backtest;mix_missing_zeroed,1.0
driver-lines,margin_v2,total_cash_costs_musd,2024Q4,2024-08-06,1,1660.5717003431505,1660.5717003431505,W1,full_sample,12,18,1547.2312703296232,1572.2649944190862,1614.0952497494127,1707.0481509368883,1748.8784062672148,1773.9121303566778,68.90608875854166,,,,,,,,2024-08-06,c_mix_rw,rev_leg=naive;scenario=backtest;mix_missing_zeroed,1.0
driver-lines,margin_v2,total_cash_costs_musd,2024Q4,2024-08-06,1,1660.5717003431505,1660.5717003431505,W2,full_sample,12,18,1547.2312703296232,1572.2649944190862,1614.0952497494127,1707.0481509368883,1748.8784062672148,1773.9121303566778,68.90608875854166,,,,,,,,2024-08-06,c_mix_rw,rev_leg=naive;scenario=backtest;mix_missing_zeroed,1.0
driver-lines,margin_v2,adj_ebitda_margin_pct,2025Q1,2024-08-06,2,18.08443028673347,18.08443028673347,W1,full_sample,12,18,9.928019677768846,11.729542159383042,14.739807237001441,21.429053336465493,24.439318414083893,26.240840895698092,4.958745553597675,,,,,,,,2024-08-06,c_mix_rw,rev_leg=naive;scenario=backtest;mix_missing_zeroed,1.0
driver-lines,margin_v2,adj_ebitda_margin_pct,2025Q1,2024-08-06,2,18.08443028673347,18.08443028673347,W2,full_sample,12,18,9.928019677768846,11.729542159383042,14.739807237001441,21.429053336465493,24.439318414083893,26.240840895698092,4.958745553597675,,,,,,,,2024-08-06,c_mix_rw,rev_leg=naive;scenario=backtest;mix_missing_zeroed,1.0
driver-lines,margin_v2,adj_ebitda_musd,2025Q1,2024-08-06,2,428.53809542936847,428.53809542936847,W1,full_sample,12,18,139.07764477442583,203.01134482870143,309.84175439643013,547.2344364623068,654.0648460300356,717.9985460843111,175.9794585439319,,,,,,,,2024-08-06,c_mix_rw,rev_leg=naive;scenario=backtest;mix_missing_zeroed,1.0
driver-lines,margin_v2,adj_ebitda_musd,2025Q1,2024-08-06,2,428.53809542936847,428.53809542936847,W2,full_sample,12,18,139.07764477442583,203.01134482870143,309.84175439643013,547.2344364623068,654.0648460300356,717.9985460843111,175.9794585439319,,,,,,,,2024-08-06,c_mix_rw,rev_leg=naive;scenario=backtest;mix_missing_zeroed,1.0
driver-lines,margin_v2,total_cash_costs_musd,2025Q1,2024-08-06,2,1941.114078483675,1941.114078483675,W1,full_sample,12,18,1797.9713336261314,1829.5875537140953,1882.4168712432436,1999.8112857241067,2052.6406032532545,2084.256823341219,87.02460967474694,,,,,,,,2024-08-06,c_mix_rw,rev_leg=naive;scenario=backtest;mix_missing_zeroed,1.0
driver-lines,margin_v2,total_cash_costs_musd,2025Q1,2024-08-06,2,1941.114078483675,1941.114078483675,W2,full_sample,12,18,1797.9713336261314,1829.5875537140953,1882.4168712432436,1999.8112857241067,2052.6406032532545,2084.256823341219,87.02460967474694,,,,,,,,2024-08-06,c_mix_rw,rev_leg=naive;scenario=backtest;mix_missing_zeroed,1.0
driver-lines,margin_v2,adj_ebitda_margin_pct,2024Q4,2024-11-07,0,32.98667634035504,32.98667634035504,W1,PIT,12,19,25.342271618586935,27.03070635110111,29.852006758393973,36.12134592231611,38.94264632960897,40.631081062123144,4.647468076497505,,,,,,,,2024-11-07,c_mix_rw,rev_leg=guide_cushion;scenario=backtest;mix_missing_zeroed,1.0
driver-lines,margin_v2,adj_ebitda_margin_pct,2024Q4,2024-11-07,0,32.98667634035504,32.98667634035504,W2,PIT,12,19,25.342271618586935,27.03070635110111,29.852006758393973,36.12134592231611,38.94264632960897,40.631081062123144,4.647468076497505,,,,,,,,2024-11-07,c_mix_rw,rev_leg=guide_cushion;scenario=backtest;mix_missing_zeroed,1.0
driver-lines,margin_v2,adj_ebitda_musd,2024Q4,2024-11-07,0,816.5898658483609,816.5898658483609,W1,PIT,12,19,460.1830079954553,538.9032929107079,670.4414374517781,962.7382942449437,1094.2764387860138,1172.9967237012665,216.67998417188076,,,,,,,,2024-11-07,c_mix_rw,rev_leg=guide_cushion;scenario=backtest;mix_missing_zeroed,1.0
driver-lines,margin_v2,adj_ebitda_musd,2024Q4,2024-11-07,0,816.5898658483609,816.5898658483609,W2,PIT,12,19,460.1830079954553,538.9032929107079,670.4414374517781,962.7382942449437,1094.2764387860138,1172.9967237012665,216.67998417188076,,,,,,,,2024-11-07,c_mix_rw,rev_leg=guide_cushion;scenario=backtest;mix_missing_zeroed,1.0
driver-lines,margin_v2,total_cash_costs_musd,2024Q4,2024-11-07,0,1658.9243612378225,1658.9243612378225,W1,PIT,12,19,1503.37267189,1537.7296799966264,1595.1387341329696,1722.7099883426752,1780.1190424790188,1814.4760505856448,94.56871225442583,,,,,,,,2024-11-07,c_mix_rw,rev_leg=guide_cushion;scenario=backtest;mix_missing_zeroed,1.0
driver-lines,margin_v2,total_cash_costs_musd,2024Q4,2024-11-07,0,1658.9243612378225,1658.9243612378225,W2,PIT,12,19,1503.37267189,1537.7296799966264,1595.1387341329696,1722.7099883426752,1780.1190424790188,1814.4760505856448,94.56871225442583,,,,,,,,2024-11-07,c_mix_rw,rev_leg=guide_cushion;scenario=backtest;mix_missing_zeroed,1.0
driver-lines,margin_v2,adj_ebitda_margin_pct,2025Q1,2024-11-07,1,18.2613313030028,18.2613313030028,W1,PIT,12,19,7.745641136552887,10.068262342470037,13.949260540418496,22.573402065587107,26.454400263535568,28.777021469452716,6.3930856789606345,,,,,,,,2024-11-07,c_mix_rw,rev_leg=naive;scenario=backtest;mix_missing_zeroed,1.0
driver-lines,margin_v2,adj_ebitda_margin_pct,2025Q1,2024-11-07,1,18.2613313030028,18.2613313030028,W2,PIT,12,19,7.745641136552887,10.068262342470037,13.949260540418496,22.573402065587107,26.454400263535568,28.777021469452716,6.3930856789606345,,,,,,,,2024-11-07,c_mix_rw,rev_leg=naive;scenario=backtest;mix_missing_zeroed,1.0
driver-lines,margin_v2,adj_ebitda_musd,2025Q1,2024-11-07,1,429.7322926159889,429.7322926159889,W1,PIT,12,19,182.1261140563468,236.81537856830082,328.1987416742998,531.2658435576781,622.649206663677,677.338471175631,150.53386787889983,,,,,,,,2024-11-07,c_mix_rw,rev_leg=naive;scenario=backtest;mix_missing_zeroed,1.0
driver-lines,margin_v2,adj_ebitda_musd,2025Q1,2024-11-07,1,429.7322926159889,429.7322926159889,W2,PIT,12,19,182.1261140563468,236.81537856830082,328.1987416742998,531.2658435576781,622.649206663677,677.338471175631,150.53386787889983,,,,,,,,2024-11-07,c_mix_rw,rev_leg=naive;scenario=backtest;mix_missing_zeroed,1.0
driver-lines,margin_v2,total_cash_costs_musd,2025Q1,2024-11-07,1,1923.5040924296397,1923.5040924296397,W1,PIT,12,19,1769.4048548466228,1803.4410570702198,1860.3140586420056,1986.6941262172738,2043.5671277890594,2077.603330012657,93.68568428099005,,,,,,,,2024-11-07,c_mix_rw,rev_leg=naive;scenario=backtest;mix_missing_zeroed,1.0
driver-lines,margin_v2,total_cash_costs_musd,2025Q1,2024-11-07,1,1923.5040924296397,1923.5040924296397,W2,PIT,12,19,1769.4048548466228,1803.4410570702198,1860.3140586420056,1986.6941262172738,2043.5671277890594,2077.603330012657,93.68568428099005,,,,,,,,2024-11-07,c_mix_rw,rev_leg=naive;scenario=backtest;mix_missing_zeroed,1.0
driver-lines,margin_v2,adj_ebitda_margin_pct,2025Q2,2024-11-07,2,31.550541142102627,31.550541142102627,W1,PIT,12,19,17.643628150798385,20.715275423699403,25.84786333794554,37.253218946259715,42.38580686050585,45.45745413340687,8.454802763865953,,,,,,,,2024-11-07,c_mix_rw,rev_leg=naive;scenario=backtest;mix_missing_zeroed,1.0
driver-lines,margin_v2,adj_ebitda_margin_pct,2025Q2,2024-11-07,2,31.550541142102627,31.550541142102627,W2,PIT,12,19,17.643628150798385,20.715275423699403,25.84786333794554,37.253218946259715,42.38580686050585,45.45745413340687,8.454802763865953,,,,,,,,2024-11-07,c_mix_rw,rev_leg=naive;scenario=backtest;mix_missing_zeroed,1.0
driver-lines,margin_v2,adj_ebitda_musd,2025Q2,2024-11-07,2,952.5101869364576,952.5101869364576,W1,PIT,12,19,-138.51947735673542,102.45839422956024,505.1218517874472,1399.898522085468,1802.561979643355,2043.5398512296506,663.2989382254506,,,,,,,,2024-11-07,c_mix_rw,rev_leg=naive;scenario=backtest;mix_missing_zeroed,1.0
driver-lines,margin_v2,adj_ebitda_musd,2025Q2,2024-11-07,2,952.5101869364576,952.5101869364576,W2,PIT,12,19,-138.51947735673542,102.45839422956024,505.1218517874472,1399.898522085468,1802.561979643355,2043.5398512296506,663.2989382254506,,,,,,,,2024-11-07,c_mix_rw,rev_leg=naive;scenario=backtest;mix_missing_zeroed,1.0
driver-lines,margin_v2,total_cash_costs_musd,2025Q2,2024-11-07,2,2066.4877524218,2066.4877524218,W1,PIT,12,19,1886.6453465516615,1926.367493076083,1992.7414582698823,2140.2340465737175,2206.608011767517,2246.3301582919385,109.33641931619987,,,,,,,,2024-11-07,c_mix_rw,rev_leg=naive;scenario=backtest;mix_missing_zeroed,1.0
driver-lines,margin_v2,total_cash_costs_musd,2025Q2,2024-11-07,2,2066.4877524218,2066.4877524218,W2,PIT,12,19,1886.6453465516615,1926.367493076083,1992.7414582698823,2140.2340465737175,2206.608011767517,2246.3301582919385,109.33641931619987,,,,,,,,2024-11-07,c_mix_rw,rev_leg=naive;scenario=backtest;mix_missing_zeroed,1.0
driver-lines,margin_v2,adj_ebitda_margin_pct,2024Q4,2024-11-07,0,32.72142100902479,32.72142100902479,W1,full_sample,12,19,28.21295460739812,29.2087484644663,30.87267633826855,34.57016567978102,36.23409355358328,37.22988741065146,2.7409529503136025,,,,,,,,2024-11-07,c_mix_rw,rev_leg=guide_cushion;scenario=backtest;mix_missing_zeroed,1.0
driver-lines,margin_v2,adj_ebitda_margin_pct,2024Q4,2024-11-07,0,32.72142100902479,32.72142100902479,W2,full_sample,12,19,28.21295460739812,29.2087484644663,30.87267633826855,34.57016567978102,36.23409355358328,37.22988741065146,2.7409529503136025,,,,,,,,2024-11-07,c_mix_rw,rev_leg=guide_cushion;scenario=backtest;mix_missing_zeroed,1.0
driver-lines,margin_v2,adj_ebitda_musd,2024Q4,2024-11-07,0,810.023432383176,810.023432383176,W1,full_sample,12,19,650.8025941559723,685.9700144048379,744.7332316977105,875.3136330686415,934.0768503615141,969.2442706103797,96.79939638294705,,,,,,,,2024-11-07,c_mix_rw,rev_leg=guide_cushion;scenario=backtest;mix_missing_zeroed,1.0
driver-lines,margin_v2,adj_ebitda_musd,2024Q4,2024-11-07,0,810.023432383176,810.023432383176,W2,full_sample,12,19,650.8025941559723,685.9700144048379,744.7332316977105,875.3136330686415,934.0768503615141,969.2442706103797,96.79939638294705,,,,,,,,2024-11-07,c_mix_rw,rev_leg=guide_cushion;scenario=backtest;mix_missing_zeroed,1.0
driver-lines,margin_v2,total_cash_costs_musd,2024Q4,2024-11-07,0,1665.4907947030074,1665.4907947030074,W1,full_sample,12,19,1554.4231235056934,1578.9548588774483,1619.9463130705717,1711.035276335443,1752.0267305285665,1776.5584659003212,67.524349508937,,,,,,,,2024-11-07,c_mix_rw,rev_leg=guide_cushion;scenario=backtest;mix_missing_zeroed,1.0
driver-lines,margin_v2,total_cash_costs_musd,2024Q4,2024-11-07,0,1665.4907947030074,1665.4907947030074,W2,full_sample,12,19,1554.4231235056934,1578.9548588774483,1619.9463130705717,1711.035276335443,1752.0267305285665,1776.5584659003212,67.524349508937,,,,,,,,2024-11-07,c_mix_rw,rev_leg=guide_cushion;scenario=backtest;mix_missing_zeroed,1.0
driver-lines,margin_v2,adj_ebitda_margin_pct,2025Q1,2024-11-07,1,17.86686657897622,17.86686657897622,W1,full_sample,12,19,11.399823884551985,12.828212346353938,15.214986837218332,20.51874632073411,22.905520811598507,24.333909273400458,3.9316827883403094,,,,,,,,2024-11-07,c_mix_rw,rev_leg=naive;scenario=backtest;mix_missing_zeroed,1.0
driver-lines,margin_v2,adj_ebitda_margin_pct,2025Q1,2024-11-07,1,17.86686657897622,17.86686657897622,W2,full_sample,12,19,11.399823884551985,12.828212346353938,15.214986837218332,20.51874632073411,22.905520811598507,24.333909273400458,3.9316827883403094,,,,,,,,2024-11-07,c_mix_rw,rev_leg=naive;scenario=backtest;mix_missing_zeroed,1.0
driver-lines,margin_v2,adj_ebitda_musd,2025Q1,2024-11-07,1,420.44960520402566,420.44960520402566,W1,full_sample,12,19,264.7914780351664,299.1719952730373,356.62033213691444,484.2788782711369,541.727215135014,576.1077323728849,94.63342185489897,,,,,,,,2024-11-07,c_mix_rw,rev_leg=naive;scenario=backtest;mix_missing_zeroed,1.0
driver-lines,margin_v2,adj_ebitda_musd,2025Q1,2024-11-07,1,420.44960520402566,420.44960520402566,W2,full_sample,12,19,264.7914780351664,299.1719952730373,356.62033213691444,484.2788782711369,541.727215135014,576.1077323728849,94.63342185489897,,,,,,,,2024-11-07,c_mix_rw,rev_leg=naive;scenario=backtest;mix_missing_zeroed,1.0
driver-lines,margin_v2,total_cash_costs_musd,2025Q1,2024-11-07,1,1932.786779841603,1932.786779841603,W1,full_sample,12,19,1800.8666196302495,1830.0040853357762,1878.6915129747915,1986.8820467084145,2035.5694743474298,2064.7069400529567,80.20176266738747,,,,,,,,2024-11-07,c_mix_rw,rev_leg=naive;scenario=backtest;mix_missing_zeroed,1.0
driver-lines,margin_v2,total_cash_costs_musd,2025Q1,2024-11-07,1,1932.786779841603,1932.786779841603,W2,full_sample,12,19,1800.8666196302495,1830.0040853357762,1878.6915129747915,1986.8820467084145,2035.5694743474298,2064.7069400529567,80.20176266738747,,,,,,,,2024-11-07,c_mix_rw,rev_leg=naive;scenario=backtest;mix_missing_zeroed,1.0
driver-lines,margin_v2,adj_ebitda_margin_pct,2025Q2,2024-11-07,2,31.28359789222091,31.28359789222091,W1,full_sample,12,19,23.12718728325629,24.928709764870483,27.938974842488886,34.62822094195294,37.63848601957134,39.44000850118553,4.958745553597675,,,,,,,,2024-11-07,c_mix_rw,rev_leg=naive;scenario=backtest;mix_missing_zeroed,1.0
driver-lines,margin_v2,adj_ebitda_margin_pct,2025Q2,2024-11-07,2,31.28359789222091,31.28359789222091,W2,full_sample,12,19,23.12718728325629,24.928709764870483,27.938974842488886,34.62822094195294,37.63848601957134,39.44000850118553,4.958745553597675,,,,,,,,2024-11-07,c_mix_rw,rev_leg=naive;scenario=backtest;mix_missing_zeroed,1.0
driver-lines,margin_v2,adj_ebitda_musd,2025Q2,2024-11-07,2,944.4511757232726,944.4511757232726,W1,full_sample,12,19,306.51194497054826,447.4148397857697,682.8573990246363,1206.044952421909,1441.4875116607757,1582.390406475997,387.8395136806574,,,,,,,,2024-11-07,c_mix_rw,rev_leg=naive;scenario=backtest;mix_missing_zeroed,1.0
driver-lines,margin_v2,adj_ebitda_musd,2025Q2,2024-11-07,2,944.4511757232726,944.4511757232726,W2,full_sample,12,19,306.51194497054826,447.4148397857697,682.8573990246363,1206.044952421909,1441.4875116607757,1582.390406475997,387.8395136806574,,,,,,,,2024-11-07,c_mix_rw,rev_leg=naive;scenario=backtest;mix_missing_zeroed,1.0
driver-lines,margin_v2,total_cash_costs_musd,2025Q2,2024-11-07,2,2074.546763634985,2074.546763634985,W1,full_sample,12,19,1921.5643493741927,1955.3538766301554,2011.8146951466808,2137.2788321232892,2193.7396506398145,2227.529177895777,93.00670391220511,,,,,,,,2024-11-07,c_mix_rw,rev_leg=naive;scenario=backtest;mix_missing_zeroed,1.0
driver-lines,margin_v2,total_cash_costs_musd,2025Q2,2024-11-07,2,2074.546763634985,2074.546763634985,W2,full_sample,12,19,1921.5643493741927,1955.3538766301554,2011.8146951466808,2137.2788321232892,2193.7396506398145,2227.529177895777,93.00670391220511,,,,,,,,2024-11-07,c_mix_rw,rev_leg=naive;scenario=backtest;mix_missing_zeroed,1.0
driver-lines,margin_v2,adj_ebitda_margin_pct,2025Q1,2025-02-13,0,16.22843358077925,16.22843358077925,W1,PIT,12,20,8.582714482312017,10.271439523797415,13.093225024652376,19.363642136906122,22.185427637761084,23.87415267924648,4.6482671607914465,,,,,,,,2025-02-13,c_mix_rw,rev_leg=guide_cushion;scenario=backtest;mix_missing_zeroed,1.0
driver-lines,margin_v2,adj_ebitda_margin_pct,2025Q1,2025-02-13,0,16.22843358077925,16.22843358077925,W2,PIT,12,20,8.582714482312017,10.271439523797415,13.093225024652376,19.363642136906122,22.185427637761084,23.87415267924648,4.6482671607914465,,,,,,,,2025-02-13,c_mix_rw,rev_leg=guide_cushion;scenario=backtest;mix_missing_zeroed,1.0
driver-lines,margin_v2,adj_ebitda_musd,2025Q1,2025-02-13,0,373.428886055633,373.428886055633,W1,PIT,12,20,210.58760170867868,246.5546770253059,306.65408287490794,440.20368923635806,500.3030950859601,536.2701704025873,99.0004713360179,,,,,,,,2025-02-13,c_mix_rw,rev_leg=guide_cushion;scenario=backtest;mix_missing_zeroed,1.0
driver-lines,margin_v2,adj_ebitda_musd,2025Q1,2025-02-13,0,373.428886055633,373.428886055633,W2,PIT,12,20,210.58760170867868,246.5546770253059,306.65408287490794,440.20368923635806,500.3030950859601,536.2701704025873,99.0004713360179,,,,,,,,2025-02-13,c_mix_rw,rev_leg=guide_cushion;scenario=backtest;mix_missing_zeroed,1.0
driver-lines,margin_v2,total_cash_costs_musd,2025Q1,2025-02-13,0,1927.6489363776877,1927.6489363776877,W1,PIT,12,20,1746.231570342018,1786.3015814213127,1853.2568130339123,2002.0410597214634,2068.996291334063,2109.066302413358,110.29392710882372,,,,,,,,2025-02-13,c_mix_rw,rev_leg=guide_cushion;scenario=backtest;mix_missing_zeroed,1.0
driver-lines,margin_v2,total_cash_costs_musd,2025Q1,2025-02-13,0,1927.6489363776877,1927.6489363776877,W2,PIT,12,20,1746.231570342018,1786.3015814213127,1853.2568130339123,2002.0410597214634,2068.996291334063,2109.066302413358,110.29392710882372,,,,,,,,2025-02-13,c_mix_rw,rev_leg=guide_cushion;scenario=backtest;mix_missing_zeroed,1.0
driver-lines,margin_v2,adj_ebitda_margin_pct,2025Q2,2025-02-13,1,31.592426255136637,31.592426255136637,W1,PIT,12,20,20.987124160839308,23.3295381298207,27.243609167020367,35.94124334325291,39.85531438045257,42.197728349433966,6.447565862716253,,,,,,,,2025-02-13,c_mix_rw,rev_leg=naive;scenario=backtest;mix_missing_zeroed,1.0
driver-lines,margin_v2,adj_ebitda_margin_pct,2025Q2,2025-02-13,1,31.592426255136637,31.592426255136637,W2,PIT,12,20,20.987124160839308,23.3295381298207,27.243609167020367,35.94124334325291,39.85531438045257,42.197728349433966,6.447565862716253,,,,,,,,2025-02-13,c_mix_rw,rev_leg=naive;scenario=backtest;mix_missing_zeroed,1.0
driver-lines,margin_v2,adj_ebitda_musd,2025Q2,2025-02-13,1,970.7107692777565,970.7107692777565,W1,PIT,12,20,400.0160667230195,526.0665301046068,736.6913276343159,1204.730210921197,1415.3550084509063,1541.4054718324935,346.95774335400733,,,,,,,,2025-02-13,c_mix_rw,rev_leg=naive;scenario=backtest;mix_missing_zeroed,1.0
driver-lines,margin_v2,adj_ebitda_musd,2025Q2,2025-02-13,1,970.7107692777565,970.7107692777565,W2,PIT,12,20,400.0160667230195,526.0665301046068,736.6913276343159,1204.730210921197,1415.3550084509063,1541.4054718324935,346.95774335400733,,,,,,,,2025-02-13,c_mix_rw,rev_leg=naive;scenario=backtest;mix_missing_zeroed,1.0
driver-lines,margin_v2,total_cash_costs_musd,2025Q2,2025-02-13,1,2101.895182029728,2101.895182029728,W1,PIT,12,20,1924.2921002655098,1963.5196428625613,2029.0671465800206,2174.723217479436,2240.2707211968946,2279.498263793946,107.97500692714098,,,,,,,,2025-02-13,c_mix_rw,rev_leg=naive;scenario=backtest;mix_missing_zeroed,1.0
driver-lines,margin_v2,total_cash_costs_musd,2025Q2,2025-02-13,1,2101.895182029728,2101.895182029728,W2,PIT,12,20,1924.2921002655098,1963.5196428625613,2029.0671465800206,2174.723217479436,2240.2707211968946,2279.498263793946,107.97500692714098,,,,,,,,2025-02-13,c_mix_rw,rev_leg=naive;scenario=backtest;mix_missing_zeroed,1.0
driver-lines,margin_v2,adj_ebitda_margin_pct,2025Q3,2025-02-13,2,52.08058329692768,52.08058329692768,W1,PIT,12,20,38.374618523113405,41.40188196729317,46.4603064497897,57.70086014406566,62.759284626562184,65.78654807074196,8.332634922182434,,,,,,,,2025-02-13,c_mix_rw,rev_leg=naive;scenario=backtest;mix_missing_zeroed,1.0
driver-lines,margin_v2,adj_ebitda_margin_pct,2025Q3,2025-02-13,2,52.08058329692768,52.08058329692768,W2,PIT,12,20,38.374618523113405,41.40188196729317,46.4603064497897,57.70086014406566,62.759284626562184,65.78654807074196,8.332634922182434,,,,,,,,2025-02-13,c_mix_rw,rev_leg=naive;scenario=backtest;mix_missing_zeroed,1.0
driver-lines,margin_v2,adj_ebitda_musd,2025Q3,2025-02-13,2,2173.239618679227,2173.239618679227,W1,PIT,12,20,-276.32569386755955,264.71462304403843,1168.769270268454,3177.70996709,4081.7646143144157,4622.804931226014,1489.229966976907,,,,,,,,2025-02-13,c_mix_rw,rev_leg=naive;scenario=backtest;mix_missing_zeroed,1.0
driver-lines,margin_v2,adj_ebitda_musd,2025Q3,2025-02-13,2,2173.239618679227,2173.239618679227,W2,PIT,12,20,-276.32569386755955,264.71462304403843,1168.769270268454,3177.70996709,4081.7646143144157,4622.804931226014,1489.229966976907,,,,,,,,2025-02-13,c_mix_rw,rev_leg=naive;scenario=backtest;mix_missing_zeroed,1.0
driver-lines,margin_v2,total_cash_costs_musd,2025Q3,2025-02-13,2,1999.6007780746054,1999.6007780746054,W1,PIT,12,20,1809.7711983258819,1851.6992316223948,1921.759136893532,2077.442419255679,2147.502324526816,2189.430357823329,115.40818990717646,,,,,,,,2025-02-13,c_mix_rw,rev_leg=naive;scenario=backtest;mix_missing_zeroed,1.0
driver-lines,margin_v2,total_cash_costs_musd,2025Q3,2025-02-13,2,1999.6007780746054,1999.6007780746054,W2,PIT,12,20,1809.7711983258819,1851.6992316223948,1921.759136893532,2077.442419255679,2147.502324526816,2189.430357823329,115.40818990717646,,,,,,,,2025-02-13,c_mix_rw,rev_leg=naive;scenario=backtest;mix_missing_zeroed,1.0
driver-lines,margin_v2,adj_ebitda_margin_pct,2025Q1,2025-02-13,0,16.410905124899717,16.410905124899717,W1,full_sample,12,20,11.90243872327305,12.898232580341228,14.562160454143482,18.259649795655953,19.923577669458204,20.919371526526383,2.7409529503136025,,,,,,,,2025-02-13,c_mix_rw,rev_leg=guide_cushion;scenario=backtest;mix_missing_zeroed,1.0
driver-lines,margin_v2,adj_ebitda_margin_pct,2025Q1,2025-02-13,0,16.410905124899717,16.410905124899717,W2,full_sample,12,20,11.90243872327305,12.898232580341228,14.562160454143482,18.259649795655953,19.923577669458204,20.919371526526383,2.7409529503136025,,,,,,,,2025-02-13,c_mix_rw,rev_leg=guide_cushion;scenario=backtest;mix_missing_zeroed,1.0
driver-lines,margin_v2,adj_ebitda_musd,2025Q1,2025-02-13,0,377.6276982896406,377.6276982896406,W1,full_sample,12,20,303.3999707255275,319.79479516201553,347.18982795151686,408.0655686277643,435.46060141726565,451.8554258537537,45.127254089888076,,,,,,,,2025-02-13,c_mix_rw,rev_leg=guide_cushion;scenario=backtest;mix_missing_zeroed,1.0
driver-lines,margin_v2,adj_ebitda_musd,2025Q1,2025-02-13,0,377.6276982896406,377.6276982896406,W2,full_sample,12,20,303.3999707255275,319.79479516201553,347.18982795151686,408.0655686277643,435.46060141726565,451.8554258537537,45.127254089888076,,,,,,,,2025-02-13,c_mix_rw,rev_leg=guide_cushion;scenario=backtest;mix_missing_zeroed,1.0
driver-lines,margin_v2,total_cash_costs_musd,2025Q1,2025-02-13,0,1923.4501241436801,1923.4501241436801,W1,full_sample,12,20,1795.1797508505522,1823.5110809283483,1870.8514912790718,1976.0487570082885,2023.389167359012,2051.720497436808,77.98284977542997,,,,,,,,2025-02-13,c_mix_rw,rev_leg=guide_cushion;scenario=backtest;mix_missing_zeroed,1.0
driver-lines,margin_v2,total_cash_costs_musd,2025Q1,2025-02-13,0,1923.4501241436801,1923.4501241436801,W2,full_sample,12,20,1795.1797508505522,1823.5110809283483,1870.8514912790718,1976.0487570082885,2023.389167359012,2051.720497436808,77.98284977542997,,,,,,,,2025-02-13,c_mix_rw,rev_leg=guide_cushion;scenario=backtest;mix_missing_zeroed,1.0
driver-lines,margin_v2,adj_ebitda_margin_pct,2025Q2,2025-02-13,1,31.52651758991364,31.52651758991364,W1,full_sample,12,20,25.059474895489405,26.48786335729136,28.874637848155754,34.17839733167153,36.56517182253592,37.993560284337875,3.9316827883403094,,,,,,,,2025-02-13,c_mix_rw,rev_leg=naive;scenario=backtest;mix_missing_zeroed,1.0
driver-lines,margin_v2,adj_ebitda_margin_pct,2025Q2,2025-02-13,1,31.52651758991364,31.52651758991364,W2,full_sample,12,20,25.059474895489405,26.48786335729136,28.874637848155754,34.17839733167153,36.56517182253592,37.993560284337875,3.9316827883403094,,,,,,,,2025-02-13,c_mix_rw,rev_leg=naive;scenario=backtest;mix_missing_zeroed,1.0
driver-lines,margin_v2,adj_ebitda_musd,2025Q2,2025-02-13,1,968.6856557076874,968.6856557076874,W1,full_sample,12,20,610.060524142566,689.2707635432558,821.6276005470551,1115.7437108683196,1248.1005478721188,1327.3107872728087,218.0285988302726,,,,,,,,2025-02-13,c_mix_rw,rev_leg=naive;scenario=backtest;mix_missing_zeroed,1.0
driver-lines,margin_v2,adj_ebitda_musd,2025Q2,2025-02-13,1,968.6856557076874,968.6856557076874,W2,full_sample,12,20,610.060524142566,689.2707635432558,821.6276005470551,1115.7437108683196,1248.1005478721188,1327.3107872728087,218.0285988302726,,,,,,,,2025-02-13,c_mix_rw,rev_leg=naive;scenario=backtest;mix_missing_zeroed,1.0
driver-lines,margin_v2,total_cash_costs_musd,2025Q2,2025-02-13,1,2103.920295599797,2103.920295599797,W1,full_sample,12,20,1960.3196121916721,1992.03697806957,2045.035305778882,2162.805285420712,2215.803613130024,2247.520979007922,87.3030165451686,,,,,,,,2025-02-13,c_mix_rw,rev_leg=naive;scenario=backtest;mix_missing_zeroed,1.0
driver-lines,margin_v2,total_cash_costs_musd,2025Q2,2025-02-13,1,2103.920295599797,2103.920295599797,W2,full_sample,12,20,1960.3196121916721,1992.03697806957,2045.035305778882,2162.805285420712,2215.803613130024,2247.520979007922,87.3030165451686,,,,,,,,2025-02-13,c_mix_rw,rev_leg=naive;scenario=backtest;mix_missing_zeroed,1.0
driver-lines,margin_v2,adj_ebitda_margin_pct,2025Q3,2025-02-13,2,52.05683937574808,52.05683937574808,W1,full_sample,12,20,43.90042876678346,45.701951248397656,48.712216326016055,55.40146242548011,58.41172750309851,60.213249984712704,4.958745553597675,,,,,,,,2025-02-13,c_mix_rw,rev_leg=naive;scenario=backtest;mix_missing_zeroed,1.0
driver-lines,margin_v2,adj_ebitda_margin_pct,2025Q3,2025-02-13,2,52.05683937574808,52.05683937574808,W2,full_sample,12,20,43.90042876678346,45.701951248397656,48.712216326016055,55.40146242548011,58.41172750309851,60.213249984712704,4.958745553597675,,,,,,,,2025-02-13,c_mix_rw,rev_leg=naive;scenario=backtest;mix_missing_zeroed,1.0
driver-lines,margin_v2,adj_ebitda_musd,2025Q3,2025-02-13,2,2172.2488227444715,2172.2488227444715,W1,full_sample,12,20,704.9810818537001,1029.0593987124364,1570.5800567167068,2773.9175887722363,3315.4382467765067,3639.516563635243,892.035447318292,,,,,,,,2025-02-13,c_mix_rw,rev_leg=naive;scenario=backtest;mix_missing_zeroed,1.0
driver-lines,margin_v2,adj_ebitda_musd,2025Q3,2025-02-13,2,2172.2488227444715,2172.2488227444715,W2,full_sample,12,20,704.9810818537001,1029.0593987124364,1570.5800567167068,2773.9175887722363,3315.4382467765067,3639.516563635243,892.035447318292,,,,,,,,2025-02-13,c_mix_rw,rev_leg=naive;scenario=backtest;mix_missing_zeroed,1.0
driver-lines,margin_v2,total_cash_costs_musd,2025Q3,2025-02-13,2,2000.591574009361,2000.591574009361,W1,full_sample,12,20,1853.0628056505868,1885.6477753909617,1940.095831113704,2061.0873169050183,2115.5353726277604,2148.1203423681354,89.69112262724565,,,,,,,,2025-02-13,c_mix_rw,rev_leg=naive;scenario=backtest;mix_missing_zeroed,1.0
driver-lines,margin_v2,total_cash_costs_musd,2025Q3,2025-02-13,2,2000.591574009361,2000.591574009361,W2,full_sample,12,20,1853.0628056505868,1885.6477753909617,1940.095831113704,2061.0873169050183,2115.5353726277604,2148.1203423681354,89.69112262724565,,,,,,,,2025-02-13,c_mix_rw,rev_leg=naive;scenario=backtest;mix_missing_zeroed,1.0
driver-lines,margin_v2,adj_ebitda_margin_pct,2025Q2,2025-05-01,0,32.26094437473984,32.26094437473984,W1,PIT,12,21,26.24040234887216,27.570171328278718,29.792156988108566,34.72973176137112,36.95171742120097,38.28148640060753,3.6602296564381804,,,,,,,,2025-05-01,c_mix_rw,rev_leg=guide_cushion;scenario=backtest;mix_missing_zeroed,1.0
driver-lines,margin_v2,adj_ebitda_margin_pct,2025Q2,2025-05-01,0,32.26094437473984,32.26094437473984,W2,PIT,12,21,26.24040234887216,27.570171328278718,29.792156988108566,34.72973176137112,36.95171742120097,38.28148640060753,3.6602296564381804,,,,,,,,2025-05-01,c_mix_rw,rev_leg=guide_cushion;scenario=backtest;mix_missing_zeroed,1.0
driver-lines,margin_v2,adj_ebitda_musd,2025Q2,2025-05-01,0,994.2264608291981,994.2264608291981,W1,PIT,12,21,764.2486701309717,815.044317883116,899.9216181021377,1088.5313035562585,1173.4086037752802,1224.2042515274245,139.81656904296162,,,,,,,,2025-05-01,c_mix_rw,rev_leg=guide_cushion;scenario=backtest;mix_missing_zeroed,1.0
driver-lines,margin_v2,adj_ebitda_musd,2025Q2,2025-05-01,0,994.2264608291981,994.2264608291981,W2,PIT,12,21,764.2486701309717,815.044317883116,899.9216181021377,1088.5313035562585,1173.4086037752802,1224.2042515274245,139.81656904296162,,,,,,,,2025-05-01,c_mix_rw,rev_leg=guide_cushion;scenario=backtest;mix_missing_zeroed,1.0
driver-lines,margin_v2,total_cash_costs_musd,2025Q2,2025-05-01,0,2087.6004357438374,2087.6004357438374,W1,PIT,12,21,1904.9818819337384,1945.3172017234476,2012.7157525584823,2162.4851189291926,2229.883669764227,2270.2189895539364,111.0241974226967,,,,,,,,2025-05-01,c_mix_rw,rev_leg=guide_cushion;scenario=backtest;mix_missing_zeroed,1.0
driver-lines,margin_v2,total_cash_costs_musd,2025Q2,2025-05-01,0,2087.6004357438374,2087.6004357438374,W2,PIT,12,21,1904.9818819337384,1945.3172017234476,2012.7157525584823,2162.4851189291926,2229.883669764227,2270.2189895539364,111.0241974226967,,,,,,,,2025-05-01,c_mix_rw,rev_leg=guide_cushion;scenario=backtest;mix_missing_zeroed,1.0
driver-lines,margin_v2,adj_ebitda_margin_pct,2025Q3,2025-05-01,1,50.99812611545549,50.99812611545549,W1,PIT,12,21,40.24219503195558,42.617878722563425,46.58754200586398,55.408710225047,59.37837350834756,61.7540571989554,6.539141785785927,,,,,,,,2025-05-01,c_mix_rw,rev_leg=naive;scenario=backtest;mix_missing_zeroed,1.0
driver-lines,margin_v2,adj_ebitda_margin_pct,2025Q3,2025-05-01,1,50.99812611545549,50.99812611545549,W2,PIT,12,21,40.24219503195558,42.617878722563425,46.58754200586398,55.408710225047,59.37837350834756,61.7540571989554,6.539141785785927,,,,,,,,2025-05-01,c_mix_rw,rev_leg=naive;scenario=backtest;mix_missing_zeroed,1.0
driver-lines,margin_v2,adj_ebitda_musd,2025Q3,2025-05-01,1,2018.7601080208362,2018.7601080208362,W1,PIT,12,21,827.0296415516622,1090.2494977233368,1530.0783363062228,2507.441879735449,2947.2707183183356,3210.4905744900107,724.5206788873339,,,,,,,,2025-05-01,c_mix_rw,rev_leg=naive;scenario=backtest;mix_missing_zeroed,1.0
driver-lines,margin_v2,adj_ebitda_musd,2025Q3,2025-05-01,1,2018.7601080208362,2018.7601080208362,W2,PIT,12,21,827.0296415516622,1090.2494977233368,1530.0783363062228,2507.441879735449,2947.2707183183356,3210.4905744900107,724.5206788873339,,,,,,,,2025-05-01,c_mix_rw,rev_leg=naive;scenario=backtest;mix_missing_zeroed,1.0
driver-lines,margin_v2,total_cash_costs_musd,2025Q3,2025-05-01,1,1939.7384914189395,1939.7384914189395,W1,PIT,12,21,1780.2314186922006,1815.4620601189406,1874.3309172280597,2005.1460656098195,2064.0149227189386,2099.245564145678,96.97341460246834,,,,,,,,2025-05-01,c_mix_rw,rev_leg=naive;scenario=backtest;mix_missing_zeroed,1.0
driver-lines,margin_v2,total_cash_costs_musd,2025Q3,2025-05-01,1,1939.7384914189395,1939.7384914189395,W2,PIT,12,21,1780.2314186922006,1815.4620601189406,1874.3309172280597,2005.1460656098195,2064.0149227189386,2099.245564145678,96.97341460246834,,,,,,,,2025-05-01,c_mix_rw,rev_leg=naive;scenario=backtest;mix_missing_zeroed,1.0
driver-lines,margin_v2,adj_ebitda_margin_pct,2025Q4,2025-05-01,2,28.325546461702828,28.325546461702828,W1,PIT,12,21,14.180314534776588,17.304599780543455,22.52514343949543,34.125949483910226,39.3464931428622,42.47077838862907,8.599690388951286,,,,,,,,2025-05-01,c_mix_rw,rev_leg=naive;scenario=backtest;mix_missing_zeroed,1.0
driver-lines,margin_v2,adj_ebitda_margin_pct,2025Q4,2025-05-01,2,28.325546461702828,28.325546461702828,W2,PIT,12,21,14.180314534776588,17.304599780543455,22.52514343949543,34.125949483910226,39.3464931428622,42.47077838862907,8.599690388951286,,,,,,,,2025-05-01,c_mix_rw,rev_leg=naive;scenario=backtest;mix_missing_zeroed,1.0
driver-lines,margin_v2,adj_ebitda_musd,2025Q4,2025-05-01,2,745.1073345996839,745.1073345996839,W1,PIT,12,21,-109.02969549857092,79.62523322828423,394.8593474083034,1095.3553217910644,1410.5894359710835,1599.2443646979386,519.2784428370625,,,,,,,,2025-05-01,c_mix_rw,rev_leg=naive;scenario=backtest;mix_missing_zeroed,1.0
driver-lines,margin_v2,adj_ebitda_musd,2025Q4,2025-05-01,2,745.1073345996839,745.1073345996839,W2,PIT,12,21,-109.02969549857092,79.62523322828423,394.8593474083034,1095.3553217910644,1410.5894359710835,1599.2443646979386,519.2784428370625,,,,,,,,2025-05-01,c_mix_rw,rev_leg=naive;scenario=backtest;mix_missing_zeroed,1.0
driver-lines,margin_v2,total_cash_costs_musd,2025Q4,2025-05-01,2,1885.4062041491493,1885.4062041491493,W1,PIT,12,21,1717.8377081316264,1754.8488920038624,1816.6929574701326,1954.1194508281662,2015.9635162944362,2052.9747001666724,101.87441196703314,,,,,,,,2025-05-01,c_mix_rw,rev_leg=naive;scenario=backtest;mix_missing_zeroed,1.0
driver-lines,margin_v2,total_cash_costs_musd,2025Q4,2025-05-01,2,1885.4062041491493,1885.4062041491493,W2,PIT,12,21,1717.8377081316264,1754.8488920038624,1816.6929574701326,1954.1194508281662,2015.9635162944362,2052.9747001666724,101.87441196703314,,,,,,,,2025-05-01,c_mix_rw,rev_leg=naive;scenario=backtest;mix_missing_zeroed,1.0
driver-lines,margin_v2,adj_ebitda_margin_pct,2025Q2,2025-05-01,0,31.72440304078014,31.72440304078014,W1,full_sample,12,21,27.215936639153472,28.21173049622165,29.875658370023903,33.57314771153637,35.23707558533863,36.23286944240681,2.7409529503136025,,,,,,,,2025-05-01,c_mix_rw,rev_leg=guide_cushion;scenario=backtest;mix_missing_zeroed,1.0
driver-lines,margin_v2,adj_ebitda_margin_pct,2025Q2,2025-05-01,0,31.72440304078014,31.72440304078014,W2,full_sample,12,21,27.215936639153472,28.21173049622165,29.875658370023903,33.57314771153637,35.23707558533863,36.23286944240681,2.7409529503136025,,,,,,,,2025-05-01,c_mix_rw,rev_leg=guide_cushion;scenario=backtest;mix_missing_zeroed,1.0
driver-lines,margin_v2,adj_ebitda_musd,2025Q2,2025-05-01,0,977.6911856879962,977.6911856879962,W1,full_sample,12,21,785.5130289961619,827.9597971094538,898.8864855150956,1056.4958858608966,1127.4225742665385,1169.8693423798304,116.8360233050111,,,,,,,,2025-05-01,c_mix_rw,rev_leg=guide_cushion;scenario=backtest;mix_missing_zeroed,1.0
driver-lines,margin_v2,adj_ebitda_musd,2025Q2,2025-05-01,0,977.6911856879962,977.6911856879962,W2,full_sample,12,21,785.5130289961619,827.9597971094538,898.8864855150956,1056.4958858608966,1127.4225742665385,1169.8693423798304,116.8360233050111,,,,,,,,2025-05-01,c_mix_rw,rev_leg=guide_cushion;scenario=backtest;mix_missing_zeroed,1.0
driver-lines,margin_v2,total_cash_costs_musd,2025Q2,2025-05-01,0,2104.1357108850393,2104.1357108850393,W1,full_sample,12,21,1963.8158399890972,1994.8085663433103,2046.59605318093,2161.6753685891485,2213.4628554267683,2244.455581780981,85.30842416416536,,,,,,,,2025-05-01,c_mix_rw,rev_leg=guide_cushion;scenario=backtest;mix_missing_zeroed,1.0
driver-lines,margin_v2,total_cash_costs_musd,2025Q2,2025-05-01,0,2104.1357108850393,2104.1357108850393,W2,full_sample,12,21,1963.8158399890972,1994.8085663433103,2046.59605318093,2161.6753685891485,2213.4628554267683,2244.455581780981,85.30842416416536,,,,,,,,2025-05-01,c_mix_rw,rev_leg=guide_cushion;scenario=backtest;mix_missing_zeroed,1.0
driver-lines,margin_v2,adj_ebitda_margin_pct,2025Q3,2025-05-01,1,50.77922564689423,50.77922564689423,W1,full_sample,12,21,44.312182952469996,45.74057141427195,48.127345905136345,53.43110538865212,55.81787987951652,57.24626834131847,3.9316827883403094,,,,,,,,2025-05-01,c_mix_rw,rev_leg=naive;scenario=backtest;mix_missing_zeroed,1.0
driver-lines,margin_v2,adj_ebitda_margin_pct,2025Q3,2025-05-01,1,50.77922564689423,50.77922564689423,W2,full_sample,12,21,44.312182952469996,45.74057141427195,48.127345905136345,53.43110538865212,55.81787987951652,57.24626834131847,3.9316827883403094,,,,,,,,2025-05-01,c_mix_rw,rev_leg=naive;scenario=backtest;mix_missing_zeroed,1.0
driver-lines,margin_v2,adj_ebitda_musd,2025Q3,2025-05-01,1,2010.0949360386717,2010.0949360386717,W1,full_sample,12,21,1265.9210581168288,1430.2882087642872,1704.9385106902162,2315.251361387127,2589.901663313056,2754.2688139605143,452.42559321285927,,,,,,,,2025-05-01,c_mix_rw,rev_leg=naive;scenario=backtest;mix_missing_zeroed,1.0
driver-lines,margin_v2,adj_ebitda_musd,2025Q3,2025-05-01,1,2010.0949360386717,2010.0949360386717,W2,full_sample,12,21,1265.9210581168288,1430.2882087642872,1704.9385106902162,2315.251361387127,2589.901663313056,2754.2688139605143,452.42559321285927,,,,,,,,2025-05-01,c_mix_rw,rev_leg=naive;scenario=backtest;mix_missing_zeroed,1.0
driver-lines,margin_v2,total_cash_costs_musd,2025Q3,2025-05-01,1,1948.403663401104,1948.403663401104,W1,full_sample,12,21,1815.4175905900481,1844.7904865116172,1893.871307719018,2002.93601908319,2052.016840290591,2081.38973621216,80.84979151459738,,,,,,,,2025-05-01,c_mix_rw,rev_leg=naive;scenario=backtest;mix_missing_zeroed,1.0
driver-lines,margin_v2,total_cash_costs_musd,2025Q3,2025-05-01,1,1948.403663401104,1948.403663401104,W2,full_sample,12,21,1815.4175905900481,1844.7904865116172,1893.871307719018,2002.93601908319,2052.016840290591,2081.38973621216,80.84979151459738,,,,,,,,2025-05-01,c_mix_rw,rev_leg=naive;scenario=backtest;mix_missing_zeroed,1.0
driver-lines,margin_v2,adj_ebitda_margin_pct,2025Q4,2025-05-01,2,27.87044890598608,27.87044890598608,W1,full_sample,12,21,19.71403829702146,21.515560778635653,24.525825856254055,31.215071955718106,34.22533703333651,36.0268595149507,4.958745553597675,,,,,,,,2025-05-01,c_mix_rw,rev_leg=naive;scenario=backtest;mix_missing_zeroed,1.0
driver-lines,margin_v2,adj_ebitda_margin_pct,2025Q4,2025-05-01,2,27.87044890598608,27.87044890598608,W2,full_sample,12,21,19.71403829702146,21.515560778635653,24.525825856254055,31.215071955718106,34.22533703333651,36.0268595149507,4.958745553597675,,,,,,,,2025-05-01,c_mix_rw,rev_leg=naive;scenario=backtest;mix_missing_zeroed,1.0
driver-lines,margin_v2,adj_ebitda_musd,2025Q4,2025-05-01,2,733.1359317820398,733.1359317820398,W1,full_sample,12,21,237.9317493106181,347.30847278394634,530.0721820000914,936.1996815639883,1118.9633907801335,1228.3401142534617,301.0627659247832,,,,,,,,2025-05-01,c_mix_rw,rev_leg=naive;scenario=backtest;mix_missing_zeroed,1.0
driver-lines,margin_v2,adj_ebitda_musd,2025Q4,2025-05-01,2,733.1359317820398,733.1359317820398,W2,full_sample,12,21,237.9317493106181,347.30847278394634,530.0721820000914,936.1996815639883,1118.9633907801335,1228.3401142534617,301.0627659247832,,,,,,,,2025-05-01,c_mix_rw,rev_leg=naive;scenario=backtest;mix_missing_zeroed,1.0
driver-lines,margin_v2,total_cash_costs_musd,2025Q4,2025-05-01,2,1897.3776069667933,1897.3776069667933,W1,full_sample,12,21,1757.4601020128214,1788.363957008658,1840.0029437030646,1954.7522702305223,2006.3912569249287,2037.2951119207655,85.06380304081611,,,,,,,,2025-05-01,c_mix_rw,rev_leg=naive;scenario=backtest;mix_missing_zeroed,1.0
driver-lines,margin_v2,total_cash_costs_musd,2025Q4,2025-05-01,2,1897.3776069667933,1897.3776069667933,W2,full_sample,12,21,1757.4601020128214,1788.363957008658,1840.0029437030646,1954.7522702305223,2006.3912569249287,2037.2951119207655,85.06380304081611,,,,,,,,2025-05-01,c_mix_rw,rev_leg=naive;scenario=backtest;mix_missing_zeroed,1.0
driver-lines,margin_v2,adj_ebitda_margin_pct,2025Q3,2025-08-06,0,52.95680542995594,52.95680542995594,W1,PIT,12,22,47.32017657749683,48.56514989787621,50.645445729403484,55.2681651305084,57.348460962035674,58.59343428241505,3.426827019803514,,,,,,,,2025-08-06,c_mix_rw,rev_leg=guide_cushion;scenario=backtest;mix_missing_zeroed,1.0
driver-lines,margin_v2,adj_ebitda_margin_pct,2025Q3,2025-08-06,0,52.95680542995594,52.95680542995594,W2,PIT,12,22,47.32017657749683,48.56514989787621,50.645445729403484,55.2681651305084,57.348460962035674,58.59343428241505,3.426827019803514,,,,,,,,2025-08-06,c_mix_rw,rev_leg=guide_cushion;scenario=backtest;mix_missing_zeroed,1.0
driver-lines,margin_v2,adj_ebitda_musd,2025Q3,2025-08-06,0,2192.1822775236674,2192.1822775236674,W1,PIT,12,22,1741.94713565139,1841.3914585259868,2007.5585618355058,2376.805993211829,2542.973096521348,2642.417419395945,273.72353046801567,,,,,,,,2025-08-06,c_mix_rw,rev_leg=guide_cushion;scenario=backtest;mix_missing_zeroed,1.0
driver-lines,margin_v2,adj_ebitda_musd,2025Q3,2025-08-06,0,2192.1822775236674,2192.1822775236674,W2,PIT,12,22,1741.94713565139,1841.3914585259868,2007.5585618355058,2376.805993211829,2542.973096521348,2642.417419395945,273.72353046801567,,,,,,,,2025-08-06,c_mix_rw,rev_leg=guide_cushion;scenario=backtest;mix_missing_zeroed,1.0
driver-lines,margin_v2,total_cash_costs_musd,2025Q3,2025-08-06,0,1947.3844122064897,1947.3844122064897,W1,PIT,12,22,1776.1011515349837,1813.9328227954713,1877.1478867125998,2017.6209377003795,2080.8360016175084,2118.6676728779958,104.13282851736656,,,,,,,,2025-08-06,c_mix_rw,rev_leg=guide_cushion;scenario=backtest;mix_missing_zeroed,1.0
driver-lines,margin_v2,total_cash_costs_musd,2025Q3,2025-08-06,0,1947.3844122064897,1947.3844122064897,W2,PIT,12,22,1776.1011515349837,1813.9328227954713,1877.1478867125998,2017.6209377003795,2080.8360016175084,2118.6676728779958,104.13282851736656,,,,,,,,2025-08-06,c_mix_rw,rev_leg=guide_cushion;scenario=backtest;mix_missing_zeroed,1.0
driver-lines,margin_v2,adj_ebitda_margin_pct,2025Q4,2025-08-06,1,31.679075673575408,31.679075673575408,W1,PIT,12,22,20.93822637933893,23.310578925436808,27.274676012317855,36.08347533483296,40.04757242171401,42.41992496781189,6.52997270896577,,,,,,,,2025-08-06,c_mix_rw,rev_leg=naive;scenario=backtest;mix_missing_zeroed,1.0
driver-lines,margin_v2,adj_ebitda_margin_pct,2025Q4,2025-08-06,1,31.679075673575408,31.679075673575408,W2,PIT,12,22,20.93822637933893,23.310578925436808,27.274676012317855,36.08347533483296,40.04757242171401,42.41992496781189,6.52997270896577,,,,,,,,2025-08-06,c_mix_rw,rev_leg=naive;scenario=backtest;mix_missing_zeroed,1.0
driver-lines,margin_v2,adj_ebitda_musd,2025Q4,2025-08-06,1,885.1327414401959,885.1327414401959,W1,PIT,12,22,355.5983323122867,472.5576405873901,667.9915165429542,1102.2739663374375,1297.7078422930017,1414.6671505681052,321.93406176167434,,,,,,,,2025-08-06,c_mix_rw,rev_leg=naive;scenario=backtest;mix_missing_zeroed,1.0
driver-lines,margin_v2,adj_ebitda_musd,2025Q4,2025-08-06,1,885.1327414401959,885.1327414401959,W2,PIT,12,22,355.5983323122867,472.5576405873901,667.9915165429542,1102.2739663374375,1297.7078422930017,1414.6671505681052,321.93406176167434,,,,,,,,2025-08-06,c_mix_rw,rev_leg=naive;scenario=backtest;mix_missing_zeroed,1.0
driver-lines,margin_v2,total_cash_costs_musd,2025Q4,2025-08-06,1,1908.928393930983,1908.928393930983,W1,PIT,12,22,1754.7368008098576,1788.7934017831228,1845.7004887712055,1972.1562990907605,2029.0633860788432,2063.1199870521086,93.74183246134793,,,,,,,,2025-08-06,c_mix_rw,rev_leg=naive;scenario=backtest;mix_missing_zeroed,1.0
driver-lines,margin_v2,total_cash_costs_musd,2025Q4,2025-08-06,1,1908.928393930983,1908.928393930983,W2,PIT,12,22,1754.7368008098576,1788.7934017831228,1845.7004887712055,1972.1562990907605,2029.0633860788432,2063.1199870521086,93.74183246134793,,,,,,,,2025-08-06,c_mix_rw,rev_leg=naive;scenario=backtest;mix_missing_zeroed,1.0
driver-lines,margin_v2,adj_ebitda_margin_pct,2026Q1,2025-08-06,2,18.688150960815882,18.688150960815882,W1,PIT,12,22,4.2536603337229195,7.441834718516223,12.769134327512223,24.60716759411954,29.934467203115542,33.122641587908845,8.775547191907563,,,,,,,,2025-08-06,c_mix_rw,rev_leg=naive;scenario=backtest;mix_missing_zeroed,1.0
driver-lines,margin_v2,adj_ebitda_margin_pct,2026Q1,2025-08-06,2,18.688150960815882,18.688150960815882,W2,PIT,12,22,4.2536603337229195,7.441834718516223,12.769134327512223,24.60716759411954,29.934467203115542,33.122641587908845,8.775547191907563,,,,,,,,2025-08-06,c_mix_rw,rev_leg=naive;scenario=backtest;mix_missing_zeroed,1.0
driver-lines,margin_v2,adj_ebitda_musd,2026Q1,2025-08-06,2,478.36443570337167,478.36443570337167,W1,PIT,12,22,-77.06649870694078,45.612626130691275,250.60406477242043,706.1248066343229,911.116245276052,1033.795370113684,337.6780312298872,,,,,,,,2025-08-06,c_mix_rw,rev_leg=naive;scenario=backtest;mix_missing_zeroed,1.0
driver-lines,margin_v2,adj_ebitda_musd,2026Q1,2025-08-06,2,478.36443570337167,478.36443570337167,W2,PIT,12,22,-77.06649870694078,45.612626130691275,250.60406477242043,706.1248066343229,911.116245276052,1033.795370113684,337.6780312298872,,,,,,,,2025-08-06,c_mix_rw,rev_leg=naive;scenario=backtest;mix_missing_zeroed,1.0
driver-lines,margin_v2,total_cash_costs_musd,2026Q1,2025-08-06,2,2081.3560883140954,2081.3560883140954,W1,PIT,12,22,1896.5862077294526,1937.3966953025713,2005.5892306695807,2157.1229459586098,2225.3154813256197,2266.1259688987384,112.3321112329554,,,,,,,,2025-08-06,c_mix_rw,rev_leg=naive;scenario=backtest;mix_missing_zeroed,1.0
driver-lines,margin_v2,total_cash_costs_musd,2026Q1,2025-08-06,2,2081.3560883140954,2081.3560883140954,W2,PIT,12,22,1896.5862077294526,1937.3966953025713,2005.5892306695807,2157.1229459586098,2225.3154813256197,2266.1259688987384,112.3321112329554,,,,,,,,2025-08-06,c_mix_rw,rev_leg=naive;scenario=backtest;mix_missing_zeroed,1.0
driver-lines,margin_v2,adj_ebitda_margin_pct,2025Q3,2025-08-06,0,52.54349577351793,52.54349577351793,W1,full_sample,12,22,48.03502937189126,49.03082322895944,50.6947511027617,54.392240444274165,56.05616831807642,57.0519621751446,2.7409529503136025,,,,,,,,2025-08-06,c_mix_rw,rev_leg=guide_cushion;scenario=backtest;mix_missing_zeroed,1.0
driver-lines,margin_v2,adj_ebitda_margin_pct,2025Q3,2025-08-06,0,52.54349577351793,52.54349577351793,W2,full_sample,12,22,48.03502937189126,49.03082322895944,50.6947511027617,54.392240444274165,56.05616831807642,57.0519621751446,2.7409529503136025,,,,,,,,2025-08-06,c_mix_rw,rev_leg=guide_cushion;scenario=backtest;mix_missing_zeroed,1.0
driver-lines,margin_v2,adj_ebitda_musd,2025Q3,2025-08-06,0,2175.073048660321,2175.073048660321,W1,full_sample,12,22,1747.53362181412,1841.9650973939952,1999.755952666236,2350.390144654406,2508.180999926647,2602.6124755065225,259.9255154627901,,,,,,,,2025-08-06,c_mix_rw,rev_leg=guide_cushion;scenario=backtest;mix_missing_zeroed,1.0
driver-lines,margin_v2,adj_ebitda_musd,2025Q3,2025-08-06,0,2175.073048660321,2175.073048660321,W2,full_sample,12,22,1747.53362181412,1841.9650973939952,1999.755952666236,2350.390144654406,2508.180999926647,2602.6124755065225,259.9255154627901,,,,,,,,2025-08-06,c_mix_rw,rev_leg=guide_cushion;scenario=backtest;mix_missing_zeroed,1.0
driver-lines,margin_v2,total_cash_costs_musd,2025Q3,2025-08-06,0,1964.493641069836,1964.493641069836,W1,full_sample,12,22,1833.486171986546,1862.42204980436,1910.7726329217862,2018.2146492178858,2066.565232335312,2095.501110153126,79.64688586065608,,,,,,,,2025-08-06,c_mix_rw,rev_leg=guide_cushion;scenario=backtest;mix_missing_zeroed,1.0
driver-lines,margin_v2,total_cash_costs_musd,2025Q3,2025-08-06,0,1964.493641069836,1964.493641069836,W2,full_sample,12,22,1833.486171986546,1862.42204980436,1910.7726329217862,2018.2146492178858,2066.565232335312,2095.501110153126,79.64688586065608,,,,,,,,2025-08-06,c_mix_rw,rev_leg=guide_cushion;scenario=backtest;mix_missing_zeroed,1.0
driver-lines,margin_v2,adj_ebitda_margin_pct,2025Q4,2025-08-06,1,31.01616424902358,31.01616424902358,W1,full_sample,12,22,24.549121554599342,25.977510016401297,28.36428450726569,33.66804399078147,36.05481848164586,37.48320694344781,3.9316827883403094,,,,,,,,2025-08-06,c_mix_rw,rev_leg=naive;scenario=backtest;mix_missing_zeroed,1.0
driver-lines,margin_v2,adj_ebitda_margin_pct,2025Q4,2025-08-06,1,31.01616424902358,31.01616424902358,W2,full_sample,12,22,24.549121554599342,25.977510016401297,28.36428450726569,33.66804399078147,36.05481848164586,37.48320694344781,3.9316827883403094,,,,,,,,2025-08-06,c_mix_rw,rev_leg=naive;scenario=backtest;mix_missing_zeroed,1.0
driver-lines,margin_v2,adj_ebitda_musd,2025Q4,2025-08-06,1,866.6105909648578,866.6105909648578,W1,full_sample,12,22,545.7755136936363,616.6389893454467,735.0487500952379,998.1724318344777,1116.5821925842688,1187.4456682360792,195.05387714397946,,,,,,,,2025-08-06,c_mix_rw,rev_leg=naive;scenario=backtest;mix_missing_zeroed,1.0
driver-lines,margin_v2,adj_ebitda_musd,2025Q4,2025-08-06,1,866.6105909648578,866.6105909648578,W2,full_sample,12,22,545.7755136936363,616.6389893454467,735.0487500952379,998.1724318344777,1116.5821925842688,1187.4456682360792,195.05387714397946,,,,,,,,2025-08-06,c_mix_rw,rev_leg=naive;scenario=backtest;mix_missing_zeroed,1.0
driver-lines,margin_v2,total_cash_costs_musd,2025Q4,2025-08-06,1,1927.4505444063211,1927.4505444063211,W1,full_sample,12,22,1795.8946028666235,1824.9516228765287,1873.5046292853651,1981.396459527277,2029.9494659361135,2059.006485946019,79.98033343764446,,,,,,,,2025-08-06,c_mix_rw,rev_leg=naive;scenario=backtest;mix_missing_zeroed,1.0
driver-lines,margin_v2,total_cash_costs_musd,2025Q4,2025-08-06,1,1927.4505444063211,1927.4505444063211,W2,full_sample,12,22,1795.8946028666235,1824.9516228765287,1873.5046292853651,1981.396459527277,2029.9494659361135,2059.006485946019,79.98033343764446,,,,,,,,2025-08-06,c_mix_rw,rev_leg=naive;scenario=backtest;mix_missing_zeroed,1.0
driver-lines,margin_v2,adj_ebitda_margin_pct,2026Q1,2025-08-06,2,17.917351028758187,17.917351028758187,W1,full_sample,12,22,9.760940419793565,11.562462901407761,14.57272797902616,21.261974078490212,24.27223915610861,26.07376163772281,4.958745553597675,,,,,,,,2025-08-06,c_mix_rw,rev_leg=naive;scenario=backtest;mix_missing_zeroed,1.0
driver-lines,margin_v2,adj_ebitda_margin_pct,2026Q1,2025-08-06,2,17.917351028758187,17.917351028758187,W2,full_sample,12,22,9.760940419793565,11.562462901407761,14.57272797902616,21.261974078490212,24.27223915610861,26.07376163772281,4.958745553597675,,,,,,,,2025-08-06,c_mix_rw,rev_leg=naive;scenario=backtest;mix_missing_zeroed,1.0
driver-lines,margin_v2,adj_ebitda_musd,2026Q1,2025-08-06,2,458.6341116433781,458.6341116433781,W1,full_sample,12,22,148.84499824143464,217.26873008979663,331.6017859164962,585.6664373702599,699.9994931969596,768.4232250453216,188.33840794460133,,,,,,,,2025-08-06,c_mix_rw,rev_leg=naive;scenario=backtest;mix_missing_zeroed,1.0
driver-lines,margin_v2,adj_ebitda_musd,2026Q1,2025-08-06,2,458.6341116433781,458.6341116433781,W2,full_sample,12,22,148.84499824143464,217.26873008979663,331.6017859164962,585.6664373702599,699.9994931969596,768.4232250453216,188.33840794460133,,,,,,,,2025-08-06,c_mix_rw,rev_leg=naive;scenario=backtest;mix_missing_zeroed,1.0
driver-lines,margin_v2,total_cash_costs_musd,2026Q1,2025-08-06,2,2101.086412374089,2101.086412374089,W1,full_sample,12,22,1946.146896153046,1980.368692375008,2037.551813380548,2164.6210113676298,2221.80413237317,2256.025928595132,94.19653741968737,,,,,,,,2025-08-06,c_mix_rw,rev_leg=naive;scenario=backtest;mix_missing_zeroed,1.0
driver-lines,margin_v2,total_cash_costs_musd,2026Q1,2025-08-06,2,2101.086412374089,2101.086412374089,W2,full_sample,12,22,1946.146896153046,1980.368692375008,2037.551813380548,2164.6210113676298,2221.80413237317,2256.025928595132,94.19653741968737,,,,,,,,2025-08-06,c_mix_rw,rev_leg=naive;scenario=backtest;mix_missing_zeroed,1.0
driver-lines,margin_v2,adj_ebitda_margin_pct,2025Q4,2025-11-06,0,29.37654569070012,29.37654569070012,W1,PIT,12,23,24.568604203630414,25.63054371287015,27.40499807124334,31.348093310156898,33.12254766853009,34.184487177769824,2.923020874496058,,,,,,,,2025-11-06,c_mix_rw,rev_leg=guide_cushion;scenario=backtest;mix_missing_zeroed,1.0
driver-lines,margin_v2,adj_ebitda_margin_pct,2025Q4,2025-11-06,0,29.37654569070012,29.37654569070012,W2,PIT,12,23,24.568604203630414,25.63054371287015,27.40499807124334,31.348093310156898,33.12254766853009,34.184487177769824,2.923020874496058,,,,,,,,2025-11-06,c_mix_rw,rev_leg=guide_cushion;scenario=backtest;mix_missing_zeroed,1.0
driver-lines,margin_v2,adj_ebitda_musd,2025Q4,2025-11-06,0,805.7127103597682,805.7127103597682,W1,PIT,12,23,650.1286021407658,684.4927706673438,741.9137895514724,869.511631168064,926.9326500521926,961.2968185787705,94.58842152864248,,,,,,,,2025-11-06,c_mix_rw,rev_leg=guide_cushion;scenario=backtest;mix_missing_zeroed,1.0
driver-lines,margin_v2,adj_ebitda_musd,2025Q4,2025-11-06,0,805.7127103597682,805.7127103597682,W2,PIT,12,23,650.1286021407658,684.4927706673438,741.9137895514724,869.511631168064,926.9326500521926,961.2968185787705,94.58842152864248,,,,,,,,2025-11-06,c_mix_rw,rev_leg=guide_cushion;scenario=backtest;mix_missing_zeroed,1.0
driver-lines,margin_v2,total_cash_costs_musd,2025Q4,2025-11-06,0,1936.9947503572234,1936.9947503572234,W1,PIT,12,23,1798.2735269552643,1828.9131568876983,1880.1106350863133,1993.8788656281338,2045.0763438267484,2075.7159737591824,84.33651549837987,,,,,,,,2025-11-06,c_mix_rw,rev_leg=guide_cushion;scenario=backtest;mix_missing_zeroed,1.0
driver-lines,margin_v2,total_cash_costs_musd,2025Q4,2025-11-06,0,1936.9947503572234,1936.9947503572234,W2,PIT,12,23,1798.2735269552643,1828.9131568876983,1880.1106350863133,1993.8788656281338,2045.0763438267484,2075.7159737591824,84.33651549837987,,,,,,,,2025-11-06,c_mix_rw,rev_leg=guide_cushion;scenario=backtest;mix_missing_zeroed,1.0
driver-lines,margin_v2,adj_ebitda_margin_pct,2026Q1,2025-11-06,1,15.514890155586919,15.514890155586919,W1,PIT,12,23,6.2795828757683925,8.319403390802552,11.7278540339025,19.30192627727134,22.710376920371285,24.750197435405447,5.61466815557017,,,,,,,,2025-11-06,c_mix_rw,rev_leg=naive;scenario=backtest;mix_missing_zeroed,1.0
driver-lines,margin_v2,adj_ebitda_margin_pct,2026Q1,2025-11-06,1,15.514890155586919,15.514890155586919,W2,PIT,12,23,6.2795828757683925,8.319403390802552,11.7278540339025,19.30192627727134,22.710376920371285,24.750197435405447,5.61466815557017,,,,,,,,2025-11-06,c_mix_rw,rev_leg=naive;scenario=backtest;mix_missing_zeroed,1.0
driver-lines,margin_v2,adj_ebitda_musd,2026Q1,2025-11-06,1,386.78471496558365,386.78471496558365,W1,PIT,12,23,173.52145776179742,220.6253335687146,299.3338447358837,474.2355851952836,552.9440963624527,600.0479721693698,129.65485421279863,,,,,,,,2025-11-06,c_mix_rw,rev_leg=naive;scenario=backtest;mix_missing_zeroed,1.0
driver-lines,margin_v2,adj_ebitda_musd,2026Q1,2025-11-06,1,386.78471496558365,386.78471496558365,W2,PIT,12,23,173.52145776179742,220.6253335687146,299.3338447358837,474.2355851952836,552.9440963624527,600.0479721693698,129.65485421279863,,,,,,,,2025-11-06,c_mix_rw,rev_leg=naive;scenario=backtest;mix_missing_zeroed,1.0
driver-lines,margin_v2,total_cash_costs_musd,2026Q1,2025-11-06,1,2106.205638732166,2106.205638732166,W1,PIT,12,23,1932.2908232549737,1970.703731210293,2034.8900161597082,2177.5212613046233,2241.707546254039,2280.120454209358,105.7327002400336,,,,,,,,2025-11-06,c_mix_rw,rev_leg=naive;scenario=backtest;mix_missing_zeroed,1.0
driver-lines,margin_v2,total_cash_costs_musd,2026Q1,2025-11-06,1,2106.205638732166,2106.205638732166,W2,PIT,12,23,1932.2908232549737,1970.703731210293,2034.8900161597082,2177.5212613046233,2241.707546254039,2280.120454209358,105.7327002400336,,,,,,,,2025-11-06,c_mix_rw,rev_leg=naive;scenario=backtest;mix_missing_zeroed,1.0
driver-lines,margin_v2,adj_ebitda_margin_pct,2026Q2,2025-11-06,2,31.8373026354205,31.8373026354205,W1,PIT,12,23,18.55154607102026,21.485997300058948,26.38933664047872,37.285268630362275,42.18860797078205,45.12305919982074,8.077166470443759,,,,,,,,2025-11-06,c_mix_rw,rev_leg=naive;scenario=backtest;mix_missing_zeroed,1.0
driver-lines,margin_v2,adj_ebitda_margin_pct,2026Q2,2025-11-06,2,31.8373026354205,31.8373026354205,W2,PIT,12,23,18.55154607102026,21.485997300058948,26.38933664047872,37.285268630362275,42.18860797078205,45.12305919982074,8.077166470443759,,,,,,,,2025-11-06,c_mix_rw,rev_leg=naive;scenario=backtest;mix_missing_zeroed,1.0
driver-lines,margin_v2,adj_ebitda_musd,2026Q2,2025-11-06,2,1081.5571899468848,1081.5571899468848,W1,PIT,12,23,-160.7779330800477,113.61907329087865,572.1244397858422,1590.9899401079274,2049.495306602891,2323.8923129738178,755.2861255681718,,,,,,,,2025-11-06,c_mix_rw,rev_leg=naive;scenario=backtest;mix_missing_zeroed,1.0
driver-lines,margin_v2,adj_ebitda_musd,2026Q2,2025-11-06,2,1081.5571899468848,1081.5571899468848,W2,PIT,12,23,-160.7779330800477,113.61907329087865,572.1244397858422,1590.9899401079274,2049.495306602891,2323.8923129738178,755.2861255681718,,,,,,,,2025-11-06,c_mix_rw,rev_leg=naive;scenario=backtest;mix_missing_zeroed,1.0
driver-lines,margin_v2,total_cash_costs_musd,2026Q2,2025-11-06,2,2315.5810737187103,2315.5810737187103,W1,PIT,12,23,2129.397063066386,2170.5198923337857,2239.2343369770733,2391.9278104603472,2460.642255103635,2501.765084371034,113.19184126881402,,,,,,,,2025-11-06,c_mix_rw,rev_leg=naive;scenario=backtest;mix_missing_zeroed,1.0
driver-lines,margin_v2,total_cash_costs_musd,2026Q2,2025-11-06,2,2315.5810737187103,2315.5810737187103,W2,PIT,12,23,2129.397063066386,2170.5198923337857,2239.2343369770733,2391.9278104603472,2460.642255103635,2501.765084371034,113.19184126881402,,,,,,,,2025-11-06,c_mix_rw,rev_leg=naive;scenario=backtest;mix_missing_zeroed,1.0
driver-lines,margin_v2,adj_ebitda_margin_pct,2025Q4,2025-11-06,0,29.22227977439497,29.22227977439497,W1,full_sample,12,23,24.713813372768303,25.709607229836482,27.373535103638734,31.071024445151206,32.73495231895346,33.73074617602164,2.7409529503136025,,,,,,,,2025-11-06,c_mix_rw,rev_leg=guide_cushion;scenario=backtest;mix_missing_zeroed,1.0
driver-lines,margin_v2,adj_ebitda_margin_pct,2025Q4,2025-11-06,0,29.22227977439497,29.22227977439497,W2,full_sample,12,23,24.713813372768303,25.709607229836482,27.373535103638734,31.071024445151206,32.73495231895346,33.73074617602164,2.7409529503136025,,,,,,,,2025-11-06,c_mix_rw,rev_leg=guide_cushion;scenario=backtest;mix_missing_zeroed,1.0
driver-lines,margin_v2,adj_ebitda_musd,2025Q4,2025-11-06,0,801.4816475639234,801.4816475639234,W1,full_sample,12,23,643.9398103192918,678.7363863130347,736.8799391155532,866.0833560122936,924.2269088148121,959.0234848085549,95.77863626480575,,,,,,,,2025-11-06,c_mix_rw,rev_leg=guide_cushion;scenario=backtest;mix_missing_zeroed,1.0
driver-lines,margin_v2,adj_ebitda_musd,2025Q4,2025-11-06,0,801.4816475639234,801.4816475639234,W2,full_sample,12,23,643.9398103192918,678.7363863130347,736.8799391155532,866.0833560122936,924.2269088148121,959.0234848085549,95.77863626480575,,,,,,,,2025-11-06,c_mix_rw,rev_leg=guide_cushion;scenario=backtest;mix_missing_zeroed,1.0
driver-lines,margin_v2,total_cash_costs_musd,2025Q4,2025-11-06,0,1941.2258131530682,1941.2258131530682,W1,full_sample,12,23,1811.770020890061,1840.3631767913414,1888.14108661315,1994.3105396929864,2042.088449514795,2070.6816054160754,78.70353333684595,,,,,,,,2025-11-06,c_mix_rw,rev_leg=guide_cushion;scenario=backtest;mix_missing_zeroed,1.0
driver-lines,margin_v2,total_cash_costs_musd,2025Q4,2025-11-06,0,1941.2258131530682,1941.2258131530682,W2,full_sample,12,23,1811.770020890061,1840.3631767913414,1888.14108661315,1994.3105396929864,2042.088449514795,2070.6816054160754,78.70353333684595,,,,,,,,2025-11-06,c_mix_rw,rev_leg=guide_cushion;scenario=backtest;mix_missing_zeroed,1.0
driver-lines,margin_v2,adj_ebitda_margin_pct,2026Q1,2025-11-06,1,15.357422228536583,15.357422228536583,W1,full_sample,12,23,8.890379534112348,10.3187679959143,12.705542486778693,18.009301970294473,20.396076461158867,21.824464922960818,3.9316827883403094,,,,,,,,2025-11-06,c_mix_rw,rev_leg=naive;scenario=backtest;mix_missing_zeroed,1.0
driver-lines,margin_v2,adj_ebitda_margin_pct,2026Q1,2025-11-06,1,15.357422228536583,15.357422228536583,W2,full_sample,12,23,8.890379534112348,10.3187679959143,12.705542486778693,18.009301970294473,20.396076461158867,21.824464922960818,3.9316827883403094,,,,,,,,2025-11-06,c_mix_rw,rev_leg=naive;scenario=backtest;mix_missing_zeroed,1.0
driver-lines,margin_v2,adj_ebitda_musd,2026Q1,2025-11-06,1,382.85905473405097,382.85905473405097,W1,full_sample,12,23,241.11763628124191,272.4243426451868,324.7364763123699,440.981633155732,493.29376682291513,524.60047318686,86.17266371325017,,,,,,,,2025-11-06,c_mix_rw,rev_leg=naive;scenario=backtest;mix_missing_zeroed,1.0
driver-lines,margin_v2,adj_ebitda_musd,2026Q1,2025-11-06,1,382.85905473405097,382.85905473405097,W2,full_sample,12,23,241.11763628124191,272.4243426451868,324.7364763123699,440.981633155732,493.29376682291513,524.60047318686,86.17266371325017,,,,,,,,2025-11-06,c_mix_rw,rev_leg=naive;scenario=backtest;mix_missing_zeroed,1.0
driver-lines,margin_v2,total_cash_costs_musd,2026Q1,2025-11-06,1,2110.1312989636986,2110.1312989636986,W1,full_sample,12,23,1966.1066905953116,1997.9176896144336,2051.072474197312,2169.190123730085,2222.3449083129635,2254.1559073320855,87.56074462097777,,,,,,,,2025-11-06,c_mix_rw,rev_leg=naive;scenario=backtest;mix_missing_zeroed,1.0
driver-lines,margin_v2,total_cash_costs_musd,2026Q1,2025-11-06,1,2110.1312989636986,2110.1312989636986,W2,full_sample,12,23,1966.1066905953116,1997.9176896144336,2051.072474197312,2169.190123730085,2222.3449083129635,2254.1559073320855,87.56074462097777,,,,,,,,2025-11-06,c_mix_rw,rev_leg=naive;scenario=backtest;mix_missing_zeroed,1.0
driver-lines,margin_v2,adj_ebitda_margin_pct,2026Q2,2025-11-06,2,31.620240913600412,31.620240913600412,W1,full_sample,12,23,23.463830304635792,25.265352786249984,28.275617863868387,34.96486396333244,37.97512904095084,39.77665152256503,4.958745553597675,,,,,,,,2025-11-06,c_mix_rw,rev_leg=naive;scenario=backtest;mix_missing_zeroed,1.0
driver-lines,margin_v2,adj_ebitda_margin_pct,2026Q2,2025-11-06,2,31.620240913600412,31.620240913600412,W2,full_sample,12,23,23.463830304635792,25.265352786249984,28.275617863868387,34.96486396333244,37.97512904095084,39.77665152256503,4.958745553597675,,,,,,,,2025-11-06,c_mix_rw,rev_leg=naive;scenario=backtest;mix_missing_zeroed,1.0
driver-lines,margin_v2,adj_ebitda_musd,2026Q2,2025-11-06,2,1074.1833031391632,1074.1833031391632,W1,full_sample,12,23,348.6151766902393,508.87283835133536,776.6563643648038,1371.7102419135226,1639.493767926991,1799.751429588087,441.1140994920457,,,,,,,,2025-11-06,c_mix_rw,rev_leg=naive;scenario=backtest;mix_missing_zeroed,1.0
driver-lines,margin_v2,adj_ebitda_musd,2026Q2,2025-11-06,2,1074.1833031391632,1074.1833031391632,W2,full_sample,12,23,348.6151766902393,508.87283835133536,776.6563643648038,1371.7102419135226,1639.493767926991,1799.751429588087,441.1140994920457,,,,,,,,2025-11-06,c_mix_rw,rev_leg=naive;scenario=backtest;mix_missing_zeroed,1.0
driver-lines,margin_v2,total_cash_costs_musd,2026Q2,2025-11-06,2,2322.954960526432,2322.954960526432,W1,full_sample,12,23,2151.654286899899,2189.4898041940714,2252.711294664856,2393.1986263880085,2456.4201168587924,2494.2556341529653,104.14341484233898,,,,,,,,2025-11-06,c_mix_rw,rev_leg=naive;scenario=backtest;mix_missing_zeroed,1.0
driver-lines,margin_v2,total_cash_costs_musd,2026Q2,2025-11-06,2,2322.954960526432,2322.954960526432,W2,full_sample,12,23,2151.654286899899,2189.4898041940714,2252.711294664856,2393.1986263880085,2456.4201168587924,2494.2556341529653,104.14341484233898,,,,,,,,2025-11-06,c_mix_rw,rev_leg=naive;scenario=backtest;mix_missing_zeroed,1.0
driver-lines,margin_v2,adj_ebitda_margin_pct,2026Q1,2026-02-12,0,18.413190017216042,18.413190017216042,W1,PIT,12,24,13.57111813918744,14.640596095124693,16.427646867400355,20.39873316703173,22.18578393930739,23.255261895244644,2.943770678855339,,,,,,,,2026-02-12,c_mix_rw,rev_leg=guide_cushion;scenario=backtest;mix_missing_zeroed,1.0
driver-lines,margin_v2,adj_ebitda_margin_pct,2026Q1,2026-02-12,0,18.413190017216042,18.413190017216042,W2,PIT,12,24,13.57111813918744,14.640596095124693,16.427646867400355,20.39873316703173,22.18578393930739,23.255261895244644,2.943770678855339,,,,,,,,2026-02-12,c_mix_rw,rev_leg=guide_cushion;scenario=backtest;mix_missing_zeroed,1.0
driver-lines,margin_v2,adj_ebitda_musd,2026Q1,2026-02-12,0,490.0007560947404,490.0007560947404,W1,PIT,12,24,395.19036998109675,416.1313267650188,451.12274737836225,528.8787648111186,563.870185424462,584.811142208384,57.64062197398236,,,,,,,,2026-02-12,c_mix_rw,rev_leg=guide_cushion;scenario=backtest;mix_missing_zeroed,1.0
driver-lines,margin_v2,adj_ebitda_musd,2026Q1,2026-02-12,0,490.0007560947404,490.0007560947404,W2,PIT,12,24,395.19036998109675,416.1313267650188,451.12274737836225,528.8787648111186,563.870185424462,584.811142208384,57.64062197398236,,,,,,,,2026-02-12,c_mix_rw,rev_leg=guide_cushion;scenario=backtest;mix_missing_zeroed,1.0
driver-lines,margin_v2,total_cash_costs_musd,2026Q1,2026-02-12,0,2171.139196496839,2171.139196496839,W1,PIT,12,24,2012.2086937883012,2047.3119870591167,2105.968050983365,2236.3103420103125,2294.966405934561,2330.0696992053763,96.62288492082745,,,,,,,,2026-02-12,c_mix_rw,rev_leg=guide_cushion;scenario=backtest;mix_missing_zeroed,1.0
driver-lines,margin_v2,total_cash_costs_musd,2026Q1,2026-02-12,0,2171.139196496839,2171.139196496839,W2,PIT,12,24,2012.2086937883012,2047.3119870591167,2105.968050983365,2236.3103420103125,2294.966405934561,2330.0696992053763,96.62288492082745,,,,,,,,2026-02-12,c_mix_rw,rev_leg=guide_cushion;scenario=backtest;mix_missing_zeroed,1.0
driver-lines,margin_v2,adj_ebitda_margin_pct,2026Q2,2026-02-12,1,32.483105554219534,32.483105554219534,W1,PIT,12,24,25.646906044898017,27.1568308997486,29.679849128370474,35.28636198006859,37.80938020869047,39.31930506354105,4.156114196003901,,,,,,,,2026-02-12,c_mix_rw,rev_leg=naive;scenario=backtest;mix_missing_zeroed,1.0
driver-lines,margin_v2,adj_ebitda_margin_pct,2026Q2,2026-02-12,1,32.483105554219534,32.483105554219534,W2,PIT,12,24,25.646906044898017,27.1568308997486,29.679849128370474,35.28636198006859,37.80938020869047,39.31930506354105,4.156114196003901,,,,,,,,2026-02-12,c_mix_rw,rev_leg=naive;scenario=backtest;mix_missing_zeroed,1.0
driver-lines,margin_v2,adj_ebitda_musd,2026Q2,2026-02-12,1,1126.5203876730213,1126.5203876730213,W1,PIT,12,24,715.8756129706603,806.5755334443315,958.1311237470505,1294.909651598992,1446.4652419017111,1537.1651623753824,249.65429626916958,,,,,,,,2026-02-12,c_mix_rw,rev_leg=naive;scenario=backtest;mix_missing_zeroed,1.0
driver-lines,margin_v2,adj_ebitda_musd,2026Q2,2026-02-12,1,1126.5203876730213,1126.5203876730213,W2,PIT,12,24,715.8756129706603,806.5755334443315,958.1311237470505,1294.909651598992,1446.4652419017111,1537.1651623753824,249.65429626916958,,,,,,,,2026-02-12,c_mix_rw,rev_leg=naive;scenario=backtest;mix_missing_zeroed,1.0
driver-lines,margin_v2,total_cash_costs_musd,2026Q2,2026-02-12,1,2341.4989671656886,2341.4989671656886,W1,PIT,12,24,2139.694807267294,2184.26768967474,2258.747021844773,2424.250912486604,2498.7302446566373,2543.3031270640827,122.68821771844402,,,,,,,,2026-02-12,c_mix_rw,rev_leg=naive;scenario=backtest;mix_missing_zeroed,1.0
driver-lines,margin_v2,total_cash_costs_musd,2026Q2,2026-02-12,1,2341.4989671656886,2341.4989671656886,W2,PIT,12,24,2139.694807267294,2184.26768967474,2258.747021844773,2424.250912486604,2498.7302446566373,2543.3031270640827,122.68821771844402,,,,,,,,2026-02-12,c_mix_rw,rev_leg=naive;scenario=backtest;mix_missing_zeroed,1.0
driver-lines,margin_v2,adj_ebitda_margin_pct,2026Q1,2026-02-12,0,18.537174135546987,18.537174135546987,W1,full_sample,12,24,14.02870773392032,15.024501590988498,16.68842946479075,20.385918806303224,22.049846680105475,23.045640537173654,2.7409529503136025,,,,,,,,2026-02-12,c_mix_rw,rev_leg=guide_cushion;scenario=backtest;mix_missing_zeroed,1.0
driver-lines,margin_v2,adj_ebitda_margin_pct,2026Q1,2026-02-12,0,18.537174135546987,18.537174135546987,W2,full_sample,12,24,14.02870773392032,15.024501590988498,16.68842946479075,20.385918806303224,22.049846680105475,23.045640537173654,2.7409529503136025,,,,,,,,2026-02-12,c_mix_rw,rev_leg=guide_cushion;scenario=backtest;mix_missing_zeroed,1.0
driver-lines,margin_v2,adj_ebitda_musd,2026Q1,2026-02-12,0,493.30014700251354,493.30014700251354,W1,full_sample,12,24,396.3354670150975,417.75224693148164,453.53874713633274,533.0615468686943,568.8480470735454,590.2648269899296,58.95033965248798,,,,,,,,2026-02-12,c_mix_rw,rev_leg=guide_cushion;scenario=backtest;mix_missing_zeroed,1.0
driver-lines,margin_v2,adj_ebitda_musd,2026Q1,2026-02-12,0,493.30014700251354,493.30014700251354,W2,full_sample,12,24,396.3354670150975,417.75224693148164,453.53874713633274,533.0615468686943,568.8480470735454,590.2648269899296,58.95033965248798,,,,,,,,2026-02-12,c_mix_rw,rev_leg=guide_cushion;scenario=backtest;mix_missing_zeroed,1.0
driver-lines,margin_v2,total_cash_costs_musd,2026Q1,2026-02-12,0,2167.8398055890657,2167.8398055890657,W1,full_sample,12,24,2023.2716581688628,2055.2027097292835,2108.558096844875,2227.1215143332565,2280.476901448848,2312.4079530092686,87.89119290094013,,,,,,,,2026-02-12,c_mix_rw,rev_leg=guide_cushion;scenario=backtest;mix_missing_zeroed,1.0
driver-lines,margin_v2,total_cash_costs_musd,2026Q1,2026-02-12,0,2167.8398055890657,2167.8398055890657,W2,full_sample,12,24,2023.2716581688628,2055.2027097292835,2108.558096844875,2227.1215143332565,2280.476901448848,2312.4079530092686,87.89119290094013,,,,,,,,2026-02-12,c_mix_rw,rev_leg=guide_cushion;scenario=backtest;mix_missing_zeroed,1.0
driver-lines,margin_v2,adj_ebitda_margin_pct,2026Q2,2026-02-12,1,32.59535343075424,32.59535343075424,W1,full_sample,12,24,26.12831073633,27.556699198131952,29.94347368899635,35.247233172512125,37.63400766337652,39.06239612517847,3.9316827883403094,,,,,,,,2026-02-12,c_mix_rw,rev_leg=naive;scenario=backtest;mix_missing_zeroed,1.0
driver-lines,margin_v2,adj_ebitda_margin_pct,2026Q2,2026-02-12,1,32.59535343075424,32.59535343075424,W2,full_sample,12,24,26.12831073633,27.556699198131952,29.94347368899635,35.247233172512125,37.63400766337652,39.06239612517847,3.9316827883403094,,,,,,,,2026-02-12,c_mix_rw,rev_leg=naive;scenario=backtest;mix_missing_zeroed,1.0
driver-lines,margin_v2,adj_ebitda_musd,2026Q2,2026-02-12,1,1130.4131657566402,1130.4131657566402,W1,full_sample,12,24,711.9135545527831,804.3483882407666,958.8029424559777,1302.0233890573027,1456.4779432725138,1548.912776960497,254.42969778380404,,,,,,,,2026-02-12,c_mix_rw,rev_leg=naive;scenario=backtest;mix_missing_zeroed,1.0
driver-lines,margin_v2,adj_ebitda_musd,2026Q2,2026-02-12,1,1130.4131657566402,1130.4131657566402,W2,full_sample,12,24,711.9135545527831,804.3483882407666,958.8029424559777,1302.0233890573027,1456.4779432725138,1548.912776960497,254.42969778380404,,,,,,,,2026-02-12,c_mix_rw,rev_leg=naive;scenario=backtest;mix_missing_zeroed,1.0
driver-lines,margin_v2,total_cash_costs_musd,2026Q2,2026-02-12,1,2337.6061890820692,2337.6061890820692,W1,full_sample,12,24,2178.0555411828577,2213.295807143797,2272.180746427568,2403.0316317365705,2461.9165710203415,2497.156836981281,96.99990642627465,,,,,,,,2026-02-12,c_mix_rw,rev_leg=naive;scenario=backtest;mix_missing_zeroed,1.0
driver-lines,margin_v2,total_cash_costs_musd,2026Q2,2026-02-12,1,2337.6061890820692,2337.6061890820692,W2,full_sample,12,24,2178.0555411828577,2213.295807143797,2272.180746427568,2403.0316317365705,2461.9165710203415,2497.156836981281,96.99990642627465,,,,,,,,2026-02-12,c_mix_rw,rev_leg=naive;scenario=backtest;mix_missing_zeroed,1.0
driver-lines,margin_v2,adj_ebitda_margin_pct,2026Q2,2026-05-07,0,34.87195891752427,34.87195891752427,W1,PIT,12,25,30.263599568157424,31.281456977410045,32.982252079518844,36.76166575552969,38.46246085763849,39.48031826689111,2.8016835503520476,,,,,,,,2026-05-07,c_mix_rw,rev_leg=guide_cushion;scenario=backtest;mix_missing_zeroed,1.0
driver-lines,margin_v2,adj_ebitda_margin_pct,2026Q2,2026-05-07,0,34.87195891752427,34.87195891752427,W2,PIT,12,25,30.263599568157424,31.281456977410045,32.982252079518844,36.76166575552969,38.46246085763849,39.48031826689111,2.8016835503520476,,,,,,,,2026-05-07,c_mix_rw,rev_leg=guide_cushion;scenario=backtest;mix_missing_zeroed,1.0
driver-lines,margin_v2,adj_ebitda_musd,2026Q2,2026-05-07,0,1269.3218860880652,1269.3218860880652,W1,PIT,12,25,1068.4388910717587,1112.808313976745,1186.9476742390088,1351.6960979371217,1425.8354581993854,1470.2048811043717,122.12818923506141,,,,,,,,2026-05-07,c_mix_rw,rev_leg=guide_cushion;scenario=backtest;mix_missing_zeroed,1.0
driver-lines,margin_v2,adj_ebitda_musd,2026Q2,2026-05-07,0,1269.3218860880652,1269.3218860880652,W2,PIT,12,25,1068.4388910717587,1112.808313976745,1186.9476742390088,1351.6960979371217,1425.8354581993854,1470.2048811043717,122.12818923506141,,,,,,,,2026-05-07,c_mix_rw,rev_leg=guide_cushion;scenario=backtest;mix_missing_zeroed,1.0
driver-lines,margin_v2,total_cash_costs_musd,2026Q2,2026-05-07,0,2370.6281640084626,2370.6281640084626,W1,PIT,12,25,2199.1761778420355,2237.0451158350224,2300.322450828169,2440.933877188756,2504.2112121819027,2542.0801501748897,104.23540633472159,,,,,,,,2026-05-07,c_mix_rw,rev_leg=guide_cushion;scenario=backtest;mix_missing_zeroed,1.0
driver-lines,margin_v2,total_cash_costs_musd,2026Q2,2026-05-07,0,2370.6281640084626,2370.6281640084626,W2,PIT,12,25,2199.1761778420355,2237.0451158350224,2300.322450828169,2440.933877188756,2504.2112121819027,2542.0801501748897,104.23540633472159,,,,,,,,2026-05-07,c_mix_rw,rev_leg=guide_cushion;scenario=backtest;mix_missing_zeroed,1.0
driver-lines,margin_v2,adj_ebitda_margin_pct,2026Q2,2026-05-07,0,34.93194834808323,34.93194834808323,W1,full_sample,12,25,30.423481946456565,31.419275803524744,33.083203677327,36.780693018839465,38.44462089264172,39.4404147497099,2.7409529503136025,,,,,,,,2026-05-07,c_mix_rw,rev_leg=guide_cushion;scenario=backtest;mix_missing_zeroed,1.0
driver-lines,margin_v2,adj_ebitda_margin_pct,2026Q2,2026-05-07,0,34.93194834808323,34.93194834808323,W2,full_sample,12,25,30.423481946456565,31.419275803524744,33.083203677327,36.780693018839465,38.44462089264172,39.4404147497099,2.7409529503136025,,,,,,,,2026-05-07,c_mix_rw,rev_leg=guide_cushion;scenario=backtest;mix_missing_zeroed,1.0
driver-lines,margin_v2,adj_ebitda_musd,2026Q2,2026-05-07,0,1271.5054713957488,1271.5054713957488,W1,full_sample,12,25,1021.5742238879122,1076.7770309594907,1169.0185011659478,1373.9924416255499,1466.233911832007,1521.4367189035854,151.94740943062058,,,,,,,,2026-05-07,c_mix_rw,rev_leg=guide_cushion;scenario=backtest;mix_missing_zeroed,1.0
driver-lines,margin_v2,adj_ebitda_musd,2026Q2,2026-05-07,0,1271.5054713957488,1271.5054713957488,W2,full_sample,12,25,1021.5742238879122,1076.7770309594907,1169.0185011659478,1373.9924416255499,1466.233911832007,1521.4367189035854,151.94740943062058,,,,,,,,2026-05-07,c_mix_rw,rev_leg=guide_cushion;scenario=backtest;mix_missing_zeroed,1.0
driver-lines,margin_v2,total_cash_costs_musd,2026Q2,2026-05-07,0,2368.444578700779,2368.444578700779,W1,full_sample,12,25,2210.498569900948,2245.384416062419,2303.6771354010907,2433.212022000467,2491.504741339139,2526.39058750061,96.02435512305365,,,,,,,,2026-05-07,c_mix_rw,rev_leg=guide_cushion;scenario=backtest;mix_missing_zeroed,1.0
driver-lines,margin_v2,total_cash_costs_musd,2026Q2,2026-05-07,0,2368.444578700779,2368.444578700779,W2,full_sample,12,25,2210.498569900948,2245.384416062419,2303.6771354010907,2433.212022000467,2491.504741339139,2526.39058750061,96.02435512305365,,,,,,,,2026-05-07,c_mix_rw,rev_leg=guide_cushion;scenario=backtest;mix_missing_zeroed,1.0
driver-lines,margin_v2,adj_ebitda_margin_pct,2026Q3,2026-08-06,0,51.609400826552736,51.609400826552736,LIVE,PIT,12,26,47.05816159331333,48.06340276997427,49.74311670059092,53.475684952514555,55.155398883131205,56.160640059792144,2.7669569855127776,,,,,,,,2026-08-06,c_mix_rw,rev_leg=ws06_base;scenario=base;mix_missing_zeroed,1.0
driver-lines,margin_v2,adj_ebitda_musd,2026Q3,2026-08-06,0,2479.3339370448866,2479.3339370448866,LIVE,PIT,12,26,2089.558930747031,2175.649304353913,2319.5025439514066,2639.1653301383667,2783.01856973586,2869.1089433427424,236.96637798723427,,,,,,,,2026-08-06,c_mix_rw,rev_leg=ws06_base;scenario=base;mix_missing_zeroed,1.0
driver-lines,margin_v2,total_cash_costs_musd,2026Q3,2026-08-06,0,2324.7015629551133,2324.7015629551133,LIVE,PIT,12,26,2160.189691364499,2196.525752577158,2257.2417176805543,2392.1614082296724,2452.877373333069,2489.2134345457275,100.01611626410562,,,,,,,,2026-08-06,c_mix_rw,rev_leg=ws06_base;scenario=base;mix_missing_zeroed,1.0
driver-lines,margin_v2,adj_ebitda_margin_pct,2026Q4,2026-08-06,1,28.543615700825473,28.543615700825473,LIVE,PIT,12,26,22.76167082209622,24.038740379511143,26.17266761584024,30.914563785810707,33.04849102213981,34.325560579554725,3.5151728907607134,,,,,,,,2026-08-06,c_mix_rw,rev_leg=ws06_base;scenario=base;mix_missing_zeroed,1.0
driver-lines,margin_v2,adj_ebitda_musd,2026Q4,2026-08-06,1,907.1468769899592,907.1468769899592,LIVE,PIT,12,26,690.5034131092206,738.3538818248296,818.3099170074742,995.9838369724442,1075.9398721550888,1123.7903408706977,131.70987395532566,,,,,,,,2026-08-06,c_mix_rw,rev_leg=ws06_base;scenario=base;mix_missing_zeroed,1.0
driver-lines,margin_v2,total_cash_costs_musd,2026Q4,2026-08-06,1,2270.960923010041,2270.960923010041,LIVE,PIT,12,26,2078.770297527108,2121.219819646857,2192.151109876537,2349.770736143545,2420.7020263732247,2463.1515484929737,116.84360379174507,,,,,,,,2026-08-06,c_mix_rw,rev_leg=ws06_base;scenario=base;mix_missing_zeroed,1.0
driver-lines,margin_v2,adj_ebitda_margin_pct,2027Q1,2026-08-06,2,19.474256749178604,19.474256749178604,LIVE,PIT,12,26,13.760198673375404,15.022273938872042,17.131146370842117,21.81736712751509,23.92623955948517,25.188314824981802,3.473900645125173,,,,,,,,2026-08-06,c_mix_rw,rev_leg=ws06_base;scenario=base;mix_missing_zeroed,1.0
driver-lines,margin_v2,adj_ebitda_musd,2027Q1,2026-08-06,2,594.5742387663995,594.5742387663995,LIVE,PIT,12,26,446.0826633808761,478.8802902062484,533.6836865939057,655.4647909388934,710.2681873265506,743.065814151923,90.27646773697045,,,,,,,,2026-08-06,c_mix_rw,rev_leg=ws06_base;scenario=base;mix_missing_zeroed,1.0
driver-lines,margin_v2,total_cash_costs_musd,2027Q1,2026-08-06,2,2458.5550612336006,2458.5550612336006,LIVE,PIT,12,26,2249.9373184114916,2296.015130303964,2373.009133658669,2544.1009888085323,2621.0949921632373,2667.17280405571,126.83058200671364,,,,,,,,2026-08-06,c_mix_rw,rev_leg=ws06_base;scenario=base;mix_missing_zeroed,1.0
driver-lines,margin_v2,adj_ebitda_margin_pct,2027Q2,2026-08-06,3,34.41116592966507,34.41116592966507,LIVE,PIT,12,26,28.697107853861866,29.959183119358507,32.068055551328584,36.75427630800155,38.86314873997163,40.12522400546827,3.473900645125173,,,,,,,,2026-08-06,c_mix_rw,rev_leg=ws06_base;scenario=base;mix_missing_zeroed,1.0
driver-lines,margin_v2,adj_ebitda_musd,2027Q2,2026-08-06,3,1386.4192339511812,1386.4192339511812,LIVE,PIT,12,26,1040.1688201738602,1116.6458312751006,1244.435563631047,1528.4029042713157,1656.192636627262,1732.6696477285022,210.5053046081992,,,,,,,,2026-08-06,c_mix_rw,rev_leg=ws06_base;scenario=base;mix_missing_zeroed,1.0
driver-lines,margin_v2,total_cash_costs_musd,2027Q2,2026-08-06,3,2642.561466048819,2642.561466048819,LIVE,PIT,12,26,2418.330080301788,2467.856508270335,2550.612997880898,2734.5099342167396,2817.2664238273032,2866.7928517958508,136.32300289395107,,,,,,,,2026-08-06,c_mix_rw,rev_leg=ws06_base;scenario=base;mix_missing_zeroed,1.0
driver-lines,margin_v2,adj_ebitda_margin_pct,2027Q3,2026-08-06,4,50.633228100298965,50.633228100298965,LIVE,PIT,12,26,44.91917002449576,46.181245289992404,48.29011772196248,52.97633847863545,55.085210910605525,56.347286176102166,3.473900645125173,,,,,,,,2026-08-06,c_mix_rw,rev_leg=ws06_base;scenario=base;mix_missing_zeroed,1.0
driver-lines,margin_v2,adj_ebitda_musd,2027Q3,2026-08-06,4,2673.80533209162,2673.80533209162,LIVE,PIT,12,26,2006.0374737662141,2153.52867632416,2399.980008931626,2947.630655251615,3194.08198785908,3341.5731904170266,405.97403160002096,,,,,,,,2026-08-06,c_mix_rw,rev_leg=ws06_base;scenario=base;mix_missing_zeroed,1.0
driver-lines,margin_v2,total_cash_costs_musd,2027Q3,2026-08-06,4,2606.92716790838,2606.92716790838,LIVE,PIT,12,26,2385.719487817702,2434.578063960384,2516.218602452411,2697.635733364349,2779.276271856376,2828.134847999058,134.4847203824807,,,,,,,,2026-08-06,c_mix_rw,rev_leg=ws06_base;scenario=base;mix_missing_zeroed,1.0
driver-lines,margin_v2,adj_ebitda_margin_pct,2027Q4,2026-08-06,5,26.43202573404104,26.43202573404104,LIVE,PIT,12,26,20.71796765823784,21.98004292373448,24.088915355704557,28.775136112377524,30.8840085443476,32.14608380984424,3.473900645125173,,,,,,,,2026-08-06,c_mix_rw,rev_leg=ws06_base;scenario=base;mix_missing_zeroed,1.0
driver-lines,margin_v2,adj_ebitda_musd,2027Q4,2026-08-06,5,916.0716587931557,916.0716587931557,LIVE,PIT,12,26,687.2879091600518,737.8198267095471,822.2564453233995,1009.8868722629121,1094.3234908767643,1144.8554084262598,139.0906436198373,,,,,,,,2026-08-06,c_mix_rw,rev_leg=ws06_base;scenario=base;mix_missing_zeroed,1.0
driver-lines,margin_v2,total_cash_costs_musd,2027Q4,2026-08-06,5,2549.6924412068443,2549.6924412068443,LIVE,PIT,12,26,2333.341345247141,2381.127238083984,2460.975369804591,2638.409512609097,2718.2576443297044,2766.0435371665476,131.53212688030035,,,,,,,,2026-08-06,c_mix_rw,rev_leg=ws06_base;scenario=base;mix_missing_zeroed,1.0
driver-lines,margin_v2,adj_ebitda_margin_pct,2028Q1,2026-08-06,6,16.487615171674832,16.487615171674832,LIVE,PIT,12,26,10.773557095871633,12.03563236136827,14.144504793338347,18.830725550011316,20.939597981981393,22.201673247478034,3.473900645125173,,,,,,,,2026-08-06,c_mix_rw,rev_leg=ws06_base;scenario=base;mix_missing_zeroed,1.0
driver-lines,margin_v2,adj_ebitda_musd,2028Q1,2026-08-06,6,545.7315875482387,545.7315875482387,LIVE,PIT,12,26,409.43818987125184,439.54158115231485,489.8430280762911,601.6201470201864,651.9215939441625,682.0249852252257,82.86050226219184,,,,,,,,2026-08-06,c_mix_rw,rev_leg=ws06_base;scenario=base;mix_missing_zeroed,1.0
driver-lines,margin_v2,total_cash_costs_musd,2028Q1,2026-08-06,6,2764.2170124517615,2764.2170124517615,LIVE,PIT,12,26,2529.662691134746,2581.4691662217087,2668.0355145966987,2860.398510306824,2946.9648586818143,2998.771333768777,142.59890209910776,,,,,,,,2026-08-06,c_mix_rw,rev_leg=ws06_base;scenario=base;mix_missing_zeroed,1.0
driver-lines,margin_v2,adj_ebitda_margin_pct,2028Q2,2026-08-06,7,31.74096786097554,31.74096786097554,LIVE,PIT,12,26,26.026909785172343,27.288985050668977,29.397857482639054,34.08407823931203,36.192950671282105,37.45502593677874,3.473900645125173,,,,,,,,2026-08-06,c_mix_rw,rev_leg=ws06_base;scenario=base;mix_missing_zeroed,1.0
driver-lines,margin_v2,adj_ebitda_musd,2028Q2,2026-08-06,7,1384.4605230012576,1384.4605230012576,LIVE,PIT,12,26,1038.699286278231,1115.0682518796734,1242.6774449427971,1526.2436010597182,1653.8527941228415,1730.2217597242843,210.2079060760265,,,,,,,,2026-08-06,c_mix_rw,rev_leg=ws06_base;scenario=base;mix_missing_zeroed,1.0
driver-lines,margin_v2,total_cash_costs_musd,2028Q2,2026-08-06,7,2977.2858769987424,2977.2858769987424,LIVE,PIT,12,26,2724.651852571414,2780.451627306428,2873.690604303972,3080.8811496935123,3174.120126691057,3229.9199014260707,153.590581123959,,,,,,,,2026-08-06,c_mix_rw,rev_leg=ws06_base;scenario=base;mix_missing_zeroed,1.0
driver-lines,margin_v2,adj_ebitda_margin_pct,2028Q3,2026-08-06,8,48.88266448816708,48.88266448816708,LIVE,PIT,12,26,43.16860641236388,44.43068167786052,46.5395541098306,51.22577486650356,53.33464729847364,54.59672256397028,3.473900645125173,,,,,,,,2026-08-06,c_mix_rw,rev_leg=ws06_base;scenario=base;mix_missing_zeroed,1.0
driver-lines,margin_v2,adj_ebitda_musd,2028Q3,2026-08-06,8,2794.6528715151326,2794.6528715151326,LIVE,PIT,12,26,2096.704019227235,2250.8613573866837,2508.4515103023427,3080.854232727923,3338.4443856435814,3492.60172380303,424.32277307340536,,,,,,,,2026-08-06,c_mix_rw,rev_leg=ws06_base;scenario=base;mix_missing_zeroed,1.0
driver-lines,margin_v2,total_cash_costs_musd,2028Q3,2026-08-06,8,2922.410428484867,2922.410428484867,LIVE,PIT,12,26,2674.4327944658025,2729.20410307695,2820.724558275415,3024.0962986943196,3115.6167538927843,3170.3880625039324,150.75969676320685,,,,,,,,2026-08-06,c_mix_rw,rev_leg=ws06_base;scenario=base;mix_missing_zeroed,1.0
driver-lines,margin_v2,adj_ebitda_margin_pct,2028Q4,2026-08-06,9,23.44284013509794,23.44284013509794,LIVE,PIT,12,26,17.728782059294737,18.990857324791378,21.099729756761455,25.785950513434422,27.8948229454045,29.15689821090114,3.473900645125173,,,,,,,,2026-08-06,c_mix_rw,rev_leg=ws06_base;scenario=base;mix_missing_zeroed,1.0
driver-lines,margin_v2,adj_ebitda_musd,2028Q4,2026-08-06,9,878.797692533073,878.797692533073,LIVE,PIT,12,26,659.3229065414313,707.7987349501726,788.7997187606577,968.7956663054885,1049.7966501159733,1098.2724785247149,133.43119557599204,,,,,,,,2026-08-06,c_mix_rw,rev_leg=ws06_base;scenario=base;mix_missing_zeroed,1.0
driver-lines,margin_v2,total_cash_costs_musd,2028Q4,2026-08-06,9,2869.8850074669267,2869.8850074669267,LIVE,PIT,12,26,2626.3643550897723,2680.1512413841697,2770.0267700541094,2969.743244879744,3059.6187735496837,3113.4056598440816,148.05004432430218,,,,,,,,2026-08-06,c_mix_rw,rev_leg=ws06_base;scenario=base;mix_missing_zeroed,1.0
driver-lines,margin_v2,adj_ebitda_margin_pct,2026Q3,2026-08-06,0,51.609400826552736,51.609400826552736,LIVE,full_sample,12,26,47.100934424926066,48.096728281994245,49.760656155796504,53.45814549730897,55.12207337111123,56.117867228179406,2.7409529503136025,,,,,,,,2026-08-06,c_mix_rw,rev_leg=ws06_base;scenario=base;mix_missing_zeroed,1.0
driver-lines,margin_v2,adj_ebitda_musd,2026Q3,2026-08-06,0,2479.3339370448866,2479.3339370448866,LIVE,full_sample,12,26,1991.988001211884,2099.629058267239,2279.492545000599,2679.1753290891743,2859.038815822534,2966.6798728778895,296.28529119410865,,,,,,,,2026-08-06,c_mix_rw,rev_leg=ws06_base;scenario=base;mix_missing_zeroed,1.0
driver-lines,margin_v2,total_cash_costs_musd,2026Q3,2026-08-06,0,2324.7015629551133,2324.7015629551133,LIVE,full_sample,12,26,2169.672673184382,2203.9142095183543,2261.130315385544,2388.272810524683,2445.4889163918724,2479.7304527258443,94.25087267981267,,,,,,,,2026-08-06,c_mix_rw,rev_leg=ws06_base;scenario=base;mix_missing_zeroed,1.0
driver-lines,margin_v2,adj_ebitda_margin_pct,2026Q4,2026-08-06,1,28.543615700825473,28.543615700825473,LIVE,full_sample,12,26,22.076573006401237,23.50496146820319,25.891735959067585,31.19549544258336,33.582269933447755,35.010658395249706,3.9316827883403094,,,,,,,,2026-08-06,c_mix_rw,rev_leg=ws06_base;scenario=base;mix_missing_zeroed,1.0
driver-lines,margin_v2,adj_ebitda_musd,2026Q4,2026-08-06,1,907.1468769899592,907.1468769899592,LIVE,full_sample,12,26,571.3045258696242,645.4826876650188,769.431143625739,1044.8626103541794,1168.8110663148996,1242.989228110294,204.17765180891888,,,,,,,,2026-08-06,c_mix_rw,rev_leg=ws06_base;scenario=base;mix_missing_zeroed,1.0
driver-lines,margin_v2,total_cash_costs_musd,2026Q4,2026-08-06,1,2270.960923010041,2270.960923010041,LIVE,full_sample,12,26,2115.9590718375284,2150.1946361030386,2207.4007629056778,2334.521083114404,2391.727209917043,2425.9627741825534,94.2344343793002,,,,,,,,2026-08-06,c_mix_rw,rev_leg=ws06_base;scenario=base;mix_missing_zeroed,1.0
driver-lines,margin_v2,adj_ebitda_margin_pct,2027Q1,2026-08-06,2,19.474256749178604,19.474256749178604,LIVE,full_sample,12,26,11.317846140213982,13.119368621828178,16.12963369944658,22.81887979891063,25.82914487652903,27.630667358143228,4.958745553597675,,,,,,,,2026-08-06,c_mix_rw,rev_leg=ws06_base;scenario=base;mix_missing_zeroed,1.0
driver-lines,margin_v2,adj_ebitda_musd,2027Q1,2026-08-06,2,594.5742387663995,594.5742387663995,LIVE,full_sample,12,26,192.96297261116482,281.6676442534916,429.88926124227595,759.259216290523,907.4808332793075,996.1855049216342,244.1623130318108,,,,,,,,2026-08-06,c_mix_rw,rev_leg=ws06_base;scenario=base;mix_missing_zeroed,1.0
driver-lines,margin_v2,total_cash_costs_musd,2027Q1,2026-08-06,2,2458.5550612336006,2458.5550612336006,LIVE,full_sample,12,26,2277.254887405953,2317.2990140113607,2384.2109938030194,2532.8991286641817,2599.8111084558404,2639.855235061248,110.22267930530957,,,,,,,,2026-08-06,c_mix_rw,rev_leg=ws06_base;scenario=base;mix_missing_zeroed,1.0
driver-lines,margin_v2,adj_ebitda_margin_pct,2027Q2,2026-08-06,3,34.41116592966507,34.41116592966507,LIVE,full_sample,12,26,26.254755320700447,28.05627780231464,31.066542879933042,37.755788979397096,40.766054057015495,42.56757653862969,4.958745553597675,,,,,,,,2026-08-06,c_mix_rw,rev_leg=ws06_base;scenario=base;mix_missing_zeroed,1.0
driver-lines,margin_v2,adj_ebitda_musd,2027Q2,2026-08-06,3,1386.4192339511812,1386.4192339511812,LIVE,full_sample,12,26,449.9481464645528,656.7883606679194,1002.4092895311577,1770.4291783712047,2116.050107234443,2322.8903214378097,569.3339955253399,,,,,,,,2026-08-06,c_mix_rw,rev_leg=ws06_base;scenario=base;mix_missing_zeroed,1.0
driver-lines,margin_v2,total_cash_costs_musd,2027Q2,2026-08-06,3,2642.561466048819,2642.561466048819,LIVE,full_sample,12,26,2447.692186650007,2490.7333483378543,2562.653242344928,2722.4696897527106,2794.389583759784,2837.430745447631,118.47210974023109,,,,,,,,2026-08-06,c_mix_rw,rev_leg=ws06_base;scenario=base;mix_missing_zeroed,1.0
driver-lines,margin_v2,adj_ebitda_margin_pct,2027Q3,2026-08-06,4,50.633228100298965,50.633228100298965,LIVE,full_sample,12,26,42.476817491334344,44.27833997294854,47.288605050566936,53.97785115003099,56.98811622764939,58.789638709263585,4.958745553597675,,,,,,,,2026-08-06,c_mix_rw,rev_leg=ws06_base;scenario=base;mix_missing_zeroed,1.0
driver-lines,margin_v2,adj_ebitda_musd,2027Q3,2026-08-06,4,2673.80533209162,2673.80533209162,LIVE,full_sample,12,26,867.756104156894,1266.6617555533956,1933.2156087074015,3414.395055475839,4080.948908629845,4479.854560026346,1097.9999668918927,,,,,,,,2026-08-06,c_mix_rw,rev_leg=ws06_base;scenario=base;mix_missing_zeroed,1.0
driver-lines,margin_v2,total_cash_costs_musd,2027Q3,2026-08-06,4,2606.92716790838,2606.92716790838,LIVE,full_sample,12,26,2414.685653308883,2457.146415408073,2528.096487150574,2685.7578486661864,2756.7079204086867,2799.168682507877,116.87454217783018,,,,,,,,2026-08-06,c_mix_rw,rev_leg=ws06_base;scenario=base;mix_missing_zeroed,1.0
driver-lines,margin_v2,adj_ebitda_margin_pct,2027Q4,2026-08-06,5,26.43202573404104,26.43202573404104,LIVE,full_sample,12,26,18.27561512507642,20.077137606690613,23.087402684309016,29.776648783773066,32.78691386139147,34.58843634300566,4.958745553597675,,,,,,,,2026-08-06,c_mix_rw,rev_leg=ws06_base;scenario=base;mix_missing_zeroed,1.0
driver-lines,margin_v2,adj_ebitda_musd,2027Q4,2026-08-06,5,916.0716587931557,916.0716587931557,LIVE,full_sample,12,26,297.30166374567375,433.9706117019178,662.3384313801369,1169.8048862061746,1398.1727058843937,1534.8416538406377,376.18544587112825,,,,,,,,2026-08-06,c_mix_rw,rev_leg=ws06_base;scenario=base;mix_missing_zeroed,1.0
driver-lines,margin_v2,total_cash_costs_musd,2027Q4,2026-08-06,5,2549.6924412068443,2549.6924412068443,LIVE,full_sample,12,26,2361.6715625668935,2403.2001044858644,2472.5924771811397,2626.7924052325493,2696.184777927824,2737.713319846795,114.30857771121171,,,,,,,,2026-08-06,c_mix_rw,rev_leg=ws06_base;scenario=base;mix_missing_zeroed,1.0
driver-lines,margin_v2,adj_ebitda_margin_pct,2028Q1,2026-08-06,6,16.487615171674832,16.487615171674832,LIVE,full_sample,12,26,8.33120456271021,10.132727044324406,13.142992121942806,19.832238221406858,22.84250329902526,24.644025780639453,4.958745553597675,,,,,,,,2026-08-06,c_mix_rw,rev_leg=ws06_base;scenario=base;mix_missing_zeroed,1.0
driver-lines,margin_v2,adj_ebitda_musd,2028Q1,2026-08-06,6,545.7315875482387,545.7315875482387,LIVE,full_sample,12,26,177.11159097575978,258.52941590330676,394.5750315291741,696.8881435673034,832.9337591931708,914.3515841207177,224.1050452955315,,,,,,,,2026-08-06,c_mix_rw,rev_leg=ws06_base;scenario=base;mix_missing_zeroed,1.0
driver-lines,margin_v2,total_cash_costs_musd,2028Q1,2026-08-06,6,2764.2170124517615,2764.2170124517615,LIVE,full_sample,12,26,2560.3765401528062,2605.399186892269,2680.630055540835,2847.8039693626883,2923.034838011254,2968.0574847507173,123.92620775427173,,,,,,,,2026-08-06,c_mix_rw,rev_leg=ws06_base;scenario=base;mix_missing_zeroed,1.0
driver-lines,margin_v2,adj_ebitda_margin_pct,2028Q2,2026-08-06,7,31.74096786097554,31.74096786097554,LIVE,full_sample,12,26,23.584557252010917,25.386079733625117,28.396344811243516,35.085590910707566,38.095855988325965,39.897378469940165,4.958745553597675,,,,,,,,2026-08-06,c_mix_rw,rev_leg=ws06_base;scenario=base;mix_missing_zeroed,1.0
driver-lines,margin_v2,adj_ebitda_musd,2028Q2,2026-08-06,7,1384.4605230012576,1384.4605230012576,LIVE,full_sample,12,26,449.31246690977173,655.8604605621509,1000.9931016973275,1767.9279443051876,2113.0605854403643,2319.6085790927436,568.5296495498292,,,,,,,,2026-08-06,c_mix_rw,rev_leg=ws06_base;scenario=base;mix_missing_zeroed,1.0
driver-lines,margin_v2,total_cash_costs_musd,2028Q2,2026-08-06,7,2977.2858769987424,2977.2858769987424,LIVE,full_sample,12,26,2757.733158596889,2806.2262000906226,2887.255946211408,3067.315807786077,3148.3455539068623,3196.8385954005958,133.47857511720747,,,,,,,,2026-08-06,c_mix_rw,rev_leg=ws06_base;scenario=base;mix_missing_zeroed,1.0
driver-lines,margin_v2,adj_ebitda_margin_pct,2028Q3,2026-08-06,8,48.88266448816708,48.88266448816708,LIVE,full_sample,12,26,40.72625387920246,42.52777636081665,45.53804143843505,52.22728753789911,55.23755261551751,57.0390750971317,4.958745553597675,,,,,,,,2026-08-06,c_mix_rw,rev_leg=ws06_base;scenario=base;mix_missing_zeroed,1.0
driver-lines,margin_v2,adj_ebitda_musd,2028Q3,2026-08-06,8,2794.6528715151326,2794.6528715151326,LIVE,full_sample,12,26,906.9759339434779,1323.9108583969264,2020.5908363215456,3568.71490670872,4265.394884633339,4682.3298090867875,1147.6260906389737,,,,,,,,2026-08-06,c_mix_rw,rev_leg=ws06_base;scenario=base;mix_missing_zeroed,1.0
driver-lines,margin_v2,total_cash_costs_musd,2028Q3,2026-08-06,8,2922.410428484867,2922.410428484867,LIVE,full_sample,12,26,2706.9043668007384,2754.503615252181,2834.039872388353,3010.7809845813817,3090.3172417175533,3137.9164901689965,131.0183825192654,,,,,,,,2026-08-06,c_mix_rw,rev_leg=ws06_base;scenario=base;mix_missing_zeroed,1.0
driver-lines,margin_v2,adj_ebitda_margin_pct,2028Q4,2026-08-06,9,23.44284013509794,23.44284013509794,LIVE,full_sample,12,26,15.286429526133317,17.08795200774751,20.098217085365913,26.787463184829964,29.797728262448366,31.59925074406256,4.958745553597675,,,,,,,,2026-08-06,c_mix_rw,rev_leg=ws06_base;scenario=base;mix_missing_zeroed,1.0
driver-lines,margin_v2,adj_ebitda_musd,2028Q4,2026-08-06,9,878.797692533073,878.797692533073,LIVE,full_sample,12,26,285.2047801916931,416.3128162847394,635.388596062075,1122.206789004071,1341.2825687814068,1472.390604874453,360.87886643234583,,,,,,,,2026-08-06,c_mix_rw,rev_leg=ws06_base;scenario=base;mix_missing_zeroed,1.0
driver-lines,margin_v2,total_cash_costs_musd,2028Q4,2026-08-06,9,2869.8850074669267,2869.8850074669267,LIVE,full_sample,12,26,2658.2523054285016,2704.996037303395,2783.102763750945,2956.667251182909,3034.7739776304584,3081.5177095053523,128.66354706020846,,,,,,,,2026-08-06,c_mix_rw,rev_leg=ws06_base;scenario=base;mix_missing_zeroed,1.0
driver-lines,margin_v2,adj_ebitda_margin_pct,2026Q3,2026-09-11,0,51.609400826552736,51.609400826552736,LIVE,PIT,12,26,47.05816159331333,48.06340276997427,49.74311670059092,53.475684952514555,55.155398883131205,56.160640059792144,2.7669569855127776,,,,,,,,2026-08-06,c_mix_rw,rev_leg=ws06_base;scenario=base;mix_missing_zeroed,1.0
driver-lines,margin_v2,adj_ebitda_musd,2026Q3,2026-09-11,0,2479.3339370448866,2479.3339370448866,LIVE,PIT,12,26,2089.558930747031,2175.649304353913,2319.5025439514066,2639.1653301383667,2783.01856973586,2869.1089433427424,236.96637798723427,,,,,,,,2026-08-06,c_mix_rw,rev_leg=ws06_base;scenario=base;mix_missing_zeroed,1.0
driver-lines,margin_v2,total_cash_costs_musd,2026Q3,2026-09-11,0,2324.7015629551133,2324.7015629551133,LIVE,PIT,12,26,2160.189691364499,2196.525752577158,2257.2417176805543,2392.1614082296724,2452.877373333069,2489.2134345457275,100.01611626410562,,,,,,,,2026-08-06,c_mix_rw,rev_leg=ws06_base;scenario=base;mix_missing_zeroed,1.0
driver-lines,margin_v2,adj_ebitda_margin_pct,2026Q4,2026-09-11,1,28.543615700825473,28.543615700825473,LIVE,PIT,12,26,22.76167082209622,24.038740379511143,26.17266761584024,30.914563785810707,33.04849102213981,34.325560579554725,3.5151728907607134,,,,,,,,2026-08-06,c_mix_rw,rev_leg=ws06_base;scenario=base;mix_missing_zeroed,1.0
driver-lines,margin_v2,adj_ebitda_musd,2026Q4,2026-09-11,1,907.1468769899592,907.1468769899592,LIVE,PIT,12,26,690.5034131092206,738.3538818248296,818.3099170074742,995.9838369724442,1075.9398721550888,1123.7903408706977,131.70987395532566,,,,,,,,2026-08-06,c_mix_rw,rev_leg=ws06_base;scenario=base;mix_missing_zeroed,1.0
driver-lines,margin_v2,total_cash_costs_musd,2026Q4,2026-09-11,1,2270.960923010041,2270.960923010041,LIVE,PIT,12,26,2078.770297527108,2121.219819646857,2192.151109876537,2349.770736143545,2420.7020263732247,2463.1515484929737,116.84360379174507,,,,,,,,2026-08-06,c_mix_rw,rev_leg=ws06_base;scenario=base;mix_missing_zeroed,1.0
driver-lines,margin_v2,adj_ebitda_margin_pct,2027Q1,2026-09-11,2,19.474256749178604,19.474256749178604,LIVE,PIT,12,26,13.760198673375404,15.022273938872042,17.131146370842117,21.81736712751509,23.92623955948517,25.188314824981802,3.473900645125173,,,,,,,,2026-08-06,c_mix_rw,rev_leg=ws06_base;scenario=base;mix_missing_zeroed,1.0
driver-lines,margin_v2,adj_ebitda_musd,2027Q1,2026-09-11,2,594.5742387663995,594.5742387663995,LIVE,PIT,12,26,446.0826633808761,478.8802902062484,533.6836865939057,655.4647909388934,710.2681873265506,743.065814151923,90.27646773697045,,,,,,,,2026-08-06,c_mix_rw,rev_leg=ws06_base;scenario=base;mix_missing_zeroed,1.0
driver-lines,margin_v2,total_cash_costs_musd,2027Q1,2026-09-11,2,2458.5550612336006,2458.5550612336006,LIVE,PIT,12,26,2249.9373184114916,2296.015130303964,2373.009133658669,2544.1009888085323,2621.0949921632373,2667.17280405571,126.83058200671364,,,,,,,,2026-08-06,c_mix_rw,rev_leg=ws06_base;scenario=base;mix_missing_zeroed,1.0
driver-lines,margin_v2,adj_ebitda_margin_pct,2027Q2,2026-09-11,3,34.41116592966507,34.41116592966507,LIVE,PIT,12,26,28.697107853861866,29.959183119358507,32.068055551328584,36.75427630800155,38.86314873997163,40.12522400546827,3.473900645125173,,,,,,,,2026-08-06,c_mix_rw,rev_leg=ws06_base;scenario=base;mix_missing_zeroed,1.0
driver-lines,margin_v2,adj_ebitda_musd,2027Q2,2026-09-11,3,1386.4192339511812,1386.4192339511812,LIVE,PIT,12,26,1040.1688201738602,1116.6458312751006,1244.435563631047,1528.4029042713157,1656.192636627262,1732.6696477285022,210.5053046081992,,,,,,,,2026-08-06,c_mix_rw,rev_leg=ws06_base;scenario=base;mix_missing_zeroed,1.0
driver-lines,margin_v2,total_cash_costs_musd,2027Q2,2026-09-11,3,2642.561466048819,2642.561466048819,LIVE,PIT,12,26,2418.330080301788,2467.856508270335,2550.612997880898,2734.5099342167396,2817.2664238273032,2866.7928517958508,136.32300289395107,,,,,,,,2026-08-06,c_mix_rw,rev_leg=ws06_base;scenario=base;mix_missing_zeroed,1.0
driver-lines,margin_v2,adj_ebitda_margin_pct,2027Q3,2026-09-11,4,50.633228100298965,50.633228100298965,LIVE,PIT,12,26,44.91917002449576,46.181245289992404,48.29011772196248,52.97633847863545,55.085210910605525,56.347286176102166,3.473900645125173,,,,,,,,2026-08-06,c_mix_rw,rev_leg=ws06_base;scenario=base;mix_missing_zeroed,1.0
driver-lines,margin_v2,adj_ebitda_musd,2027Q3,2026-09-11,4,2673.80533209162,2673.80533209162,LIVE,PIT,12,26,2006.0374737662141,2153.52867632416,2399.980008931626,2947.630655251615,3194.08198785908,3341.5731904170266,405.97403160002096,,,,,,,,2026-08-06,c_mix_rw,rev_leg=ws06_base;scenario=base;mix_missing_zeroed,1.0
driver-lines,margin_v2,total_cash_costs_musd,2027Q3,2026-09-11,4,2606.92716790838,2606.92716790838,LIVE,PIT,12,26,2385.719487817702,2434.578063960384,2516.218602452411,2697.635733364349,2779.276271856376,2828.134847999058,134.4847203824807,,,,,,,,2026-08-06,c_mix_rw,rev_leg=ws06_base;scenario=base;mix_missing_zeroed,1.0
driver-lines,margin_v2,adj_ebitda_margin_pct,2027Q4,2026-09-11,5,26.43202573404104,26.43202573404104,LIVE,PIT,12,26,20.71796765823784,21.98004292373448,24.088915355704557,28.775136112377524,30.8840085443476,32.14608380984424,3.473900645125173,,,,,,,,2026-08-06,c_mix_rw,rev_leg=ws06_base;scenario=base;mix_missing_zeroed,1.0
driver-lines,margin_v2,adj_ebitda_musd,2027Q4,2026-09-11,5,916.0716587931557,916.0716587931557,LIVE,PIT,12,26,687.2879091600518,737.8198267095471,822.2564453233995,1009.8868722629121,1094.3234908767643,1144.8554084262598,139.0906436198373,,,,,,,,2026-08-06,c_mix_rw,rev_leg=ws06_base;scenario=base;mix_missing_zeroed,1.0
driver-lines,margin_v2,total_cash_costs_musd,2027Q4,2026-09-11,5,2549.6924412068443,2549.6924412068443,LIVE,PIT,12,26,2333.341345247141,2381.127238083984,2460.975369804591,2638.409512609097,2718.2576443297044,2766.0435371665476,131.53212688030035,,,,,,,,2026-08-06,c_mix_rw,rev_leg=ws06_base;scenario=base;mix_missing_zeroed,1.0
driver-lines,margin_v2,adj_ebitda_margin_pct,2028Q1,2026-09-11,6,16.487615171674832,16.487615171674832,LIVE,PIT,12,26,10.773557095871633,12.03563236136827,14.144504793338347,18.830725550011316,20.939597981981393,22.201673247478034,3.473900645125173,,,,,,,,2026-08-06,c_mix_rw,rev_leg=ws06_base;scenario=base;mix_missing_zeroed,1.0
driver-lines,margin_v2,adj_ebitda_musd,2028Q1,2026-09-11,6,545.7315875482387,545.7315875482387,LIVE,PIT,12,26,409.43818987125184,439.54158115231485,489.8430280762911,601.6201470201864,651.9215939441625,682.0249852252257,82.86050226219184,,,,,,,,2026-08-06,c_mix_rw,rev_leg=ws06_base;scenario=base;mix_missing_zeroed,1.0
driver-lines,margin_v2,total_cash_costs_musd,2028Q1,2026-09-11,6,2764.2170124517615,2764.2170124517615,LIVE,PIT,12,26,2529.662691134746,2581.4691662217087,2668.0355145966987,2860.398510306824,2946.9648586818143,2998.771333768777,142.59890209910776,,,,,,,,2026-08-06,c_mix_rw,rev_leg=ws06_base;scenario=base;mix_missing_zeroed,1.0
driver-lines,margin_v2,adj_ebitda_margin_pct,2028Q2,2026-09-11,7,31.74096786097554,31.74096786097554,LIVE,PIT,12,26,26.026909785172343,27.288985050668977,29.397857482639054,34.08407823931203,36.192950671282105,37.45502593677874,3.473900645125173,,,,,,,,2026-08-06,c_mix_rw,rev_leg=ws06_base;scenario=base;mix_missing_zeroed,1.0
driver-lines,margin_v2,adj_ebitda_musd,2028Q2,2026-09-11,7,1384.4605230012576,1384.4605230012576,LIVE,PIT,12,26,1038.699286278231,1115.0682518796734,1242.6774449427971,1526.2436010597182,1653.8527941228415,1730.2217597242843,210.2079060760265,,,,,,,,2026-08-06,c_mix_rw,rev_leg=ws06_base;scenario=base;mix_missing_zeroed,1.0
driver-lines,margin_v2,total_cash_costs_musd,2028Q2,2026-09-11,7,2977.2858769987424,2977.2858769987424,LIVE,PIT,12,26,2724.651852571414,2780.451627306428,2873.690604303972,3080.8811496935123,3174.120126691057,3229.9199014260707,153.590581123959,,,,,,,,2026-08-06,c_mix_rw,rev_leg=ws06_base;scenario=base;mix_missing_zeroed,1.0
driver-lines,margin_v2,adj_ebitda_margin_pct,2028Q3,2026-09-11,8,48.88266448816708,48.88266448816708,LIVE,PIT,12,26,43.16860641236388,44.43068167786052,46.5395541098306,51.22577486650356,53.33464729847364,54.59672256397028,3.473900645125173,,,,,,,,2026-08-06,c_mix_rw,rev_leg=ws06_base;scenario=base;mix_missing_zeroed,1.0
driver-lines,margin_v2,adj_ebitda_musd,2028Q3,2026-09-11,8,2794.6528715151326,2794.6528715151326,LIVE,PIT,12,26,2096.704019227235,2250.8613573866837,2508.4515103023427,3080.854232727923,3338.4443856435814,3492.60172380303,424.32277307340536,,,,,,,,2026-08-06,c_mix_rw,rev_leg=ws06_base;scenario=base;mix_missing_zeroed,1.0
driver-lines,margin_v2,total_cash_costs_musd,2028Q3,2026-09-11,8,2922.410428484867,2922.410428484867,LIVE,PIT,12,26,2674.4327944658025,2729.20410307695,2820.724558275415,3024.0962986943196,3115.6167538927843,3170.3880625039324,150.75969676320685,,,,,,,,2026-08-06,c_mix_rw,rev_leg=ws06_base;scenario=base;mix_missing_zeroed,1.0
driver-lines,margin_v2,adj_ebitda_margin_pct,2028Q4,2026-09-11,9,23.44284013509794,23.44284013509794,LIVE,PIT,12,26,17.728782059294737,18.990857324791378,21.099729756761455,25.785950513434422,27.8948229454045,29.15689821090114,3.473900645125173,,,,,,,,2026-08-06,c_mix_rw,rev_leg=ws06_base;scenario=base;mix_missing_zeroed,1.0
driver-lines,margin_v2,adj_ebitda_musd,2028Q4,2026-09-11,9,878.797692533073,878.797692533073,LIVE,PIT,12,26,659.3229065414313,707.7987349501726,788.7997187606577,968.7956663054885,1049.7966501159733,1098.2724785247149,133.43119557599204,,,,,,,,2026-08-06,c_mix_rw,rev_leg=ws06_base;scenario=base;mix_missing_zeroed,1.0
driver-lines,margin_v2,total_cash_costs_musd,2028Q4,2026-09-11,9,2869.8850074669267,2869.8850074669267,LIVE,PIT,12,26,2626.3643550897723,2680.1512413841697,2770.0267700541094,2969.743244879744,3059.6187735496837,3113.4056598440816,148.05004432430218,,,,,,,,2026-08-06,c_mix_rw,rev_leg=ws06_base;scenario=base;mix_missing_zeroed,1.0
driver-lines,margin_v2,adj_ebitda_margin_pct,2026Q3,2026-09-11,0,51.609400826552736,51.609400826552736,LIVE,full_sample,12,26,47.100934424926066,48.096728281994245,49.760656155796504,53.45814549730897,55.12207337111123,56.117867228179406,2.7409529503136025,,,,,,,,2026-08-06,c_mix_rw,rev_leg=ws06_base;scenario=base;mix_missing_zeroed,1.0
driver-lines,margin_v2,adj_ebitda_musd,2026Q3,2026-09-11,0,2479.3339370448866,2479.3339370448866,LIVE,full_sample,12,26,1991.988001211884,2099.629058267239,2279.492545000599,2679.1753290891743,2859.038815822534,2966.6798728778895,296.28529119410865,,,,,,,,2026-08-06,c_mix_rw,rev_leg=ws06_base;scenario=base;mix_missing_zeroed,1.0
driver-lines,margin_v2,total_cash_costs_musd,2026Q3,2026-09-11,0,2324.7015629551133,2324.7015629551133,LIVE,full_sample,12,26,2169.672673184382,2203.9142095183543,2261.130315385544,2388.272810524683,2445.4889163918724,2479.7304527258443,94.25087267981267,,,,,,,,2026-08-06,c_mix_rw,rev_leg=ws06_base;scenario=base;mix_missing_zeroed,1.0
driver-lines,margin_v2,adj_ebitda_margin_pct,2026Q4,2026-09-11,1,28.543615700825473,28.543615700825473,LIVE,full_sample,12,26,22.076573006401237,23.50496146820319,25.891735959067585,31.19549544258336,33.582269933447755,35.010658395249706,3.9316827883403094,,,,,,,,2026-08-06,c_mix_rw,rev_leg=ws06_base;scenario=base;mix_missing_zeroed,1.0
driver-lines,margin_v2,adj_ebitda_musd,2026Q4,2026-09-11,1,907.1468769899592,907.1468769899592,LIVE,full_sample,12,26,571.3045258696242,645.4826876650188,769.431143625739,1044.8626103541794,1168.8110663148996,1242.989228110294,204.17765180891888,,,,,,,,2026-08-06,c_mix_rw,rev_leg=ws06_base;scenario=base;mix_missing_zeroed,1.0
driver-lines,margin_v2,total_cash_costs_musd,2026Q4,2026-09-11,1,2270.960923010041,2270.960923010041,LIVE,full_sample,12,26,2115.9590718375284,2150.1946361030386,2207.4007629056778,2334.521083114404,2391.727209917043,2425.9627741825534,94.2344343793002,,,,,,,,2026-08-06,c_mix_rw,rev_leg=ws06_base;scenario=base;mix_missing_zeroed,1.0
driver-lines,margin_v2,adj_ebitda_margin_pct,2027Q1,2026-09-11,2,19.474256749178604,19.474256749178604,LIVE,full_sample,12,26,11.317846140213982,13.119368621828178,16.12963369944658,22.81887979891063,25.82914487652903,27.630667358143228,4.958745553597675,,,,,,,,2026-08-06,c_mix_rw,rev_leg=ws06_base;scenario=base;mix_missing_zeroed,1.0
driver-lines,margin_v2,adj_ebitda_musd,2027Q1,2026-09-11,2,594.5742387663995,594.5742387663995,LIVE,full_sample,12,26,192.96297261116482,281.6676442534916,429.88926124227595,759.259216290523,907.4808332793075,996.1855049216342,244.1623130318108,,,,,,,,2026-08-06,c_mix_rw,rev_leg=ws06_base;scenario=base;mix_missing_zeroed,1.0
driver-lines,margin_v2,total_cash_costs_musd,2027Q1,2026-09-11,2,2458.5550612336006,2458.5550612336006,LIVE,full_sample,12,26,2277.254887405953,2317.2990140113607,2384.2109938030194,2532.8991286641817,2599.8111084558404,2639.855235061248,110.22267930530957,,,,,,,,2026-08-06,c_mix_rw,rev_leg=ws06_base;scenario=base;mix_missing_zeroed,1.0
driver-lines,margin_v2,adj_ebitda_margin_pct,2027Q2,2026-09-11,3,34.41116592966507,34.41116592966507,LIVE,full_sample,12,26,26.254755320700447,28.05627780231464,31.066542879933042,37.755788979397096,40.766054057015495,42.56757653862969,4.958745553597675,,,,,,,,2026-08-06,c_mix_rw,rev_leg=ws06_base;scenario=base;mix_missing_zeroed,1.0
driver-lines,margin_v2,adj_ebitda_musd,2027Q2,2026-09-11,3,1386.4192339511812,1386.4192339511812,LIVE,full_sample,12,26,449.9481464645528,656.7883606679194,1002.4092895311577,1770.4291783712047,2116.050107234443,2322.8903214378097,569.3339955253399,,,,,,,,2026-08-06,c_mix_rw,rev_leg=ws06_base;scenario=base;mix_missing_zeroed,1.0
driver-lines,margin_v2,total_cash_costs_musd,2027Q2,2026-09-11,3,2642.561466048819,2642.561466048819,LIVE,full_sample,12,26,2447.692186650007,2490.7333483378543,2562.653242344928,2722.4696897527106,2794.389583759784,2837.430745447631,118.47210974023109,,,,,,,,2026-08-06,c_mix_rw,rev_leg=ws06_base;scenario=base;mix_missing_zeroed,1.0
driver-lines,margin_v2,adj_ebitda_margin_pct,2027Q3,2026-09-11,4,50.633228100298965,50.633228100298965,LIVE,full_sample,12,26,42.476817491334344,44.27833997294854,47.288605050566936,53.97785115003099,56.98811622764939,58.789638709263585,4.958745553597675,,,,,,,,2026-08-06,c_mix_rw,rev_leg=ws06_base;scenario=base;mix_missing_zeroed,1.0
driver-lines,margin_v2,adj_ebitda_musd,2027Q3,2026-09-11,4,2673.80533209162,2673.80533209162,LIVE,full_sample,12,26,867.756104156894,1266.6617555533956,1933.2156087074015,3414.395055475839,4080.948908629845,4479.854560026346,1097.9999668918927,,,,,,,,2026-08-06,c_mix_rw,rev_leg=ws06_base;scenario=base;mix_missing_zeroed,1.0
driver-lines,margin_v2,total_cash_costs_musd,2027Q3,2026-09-11,4,2606.92716790838,2606.92716790838,LIVE,full_sample,12,26,2414.685653308883,2457.146415408073,2528.096487150574,2685.7578486661864,2756.7079204086867,2799.168682507877,116.87454217783018,,,,,,,,2026-08-06,c_mix_rw,rev_leg=ws06_base;scenario=base;mix_missing_zeroed,1.0
driver-lines,margin_v2,adj_ebitda_margin_pct,2027Q4,2026-09-11,5,26.43202573404104,26.43202573404104,LIVE,full_sample,12,26,18.27561512507642,20.077137606690613,23.087402684309016,29.776648783773066,32.78691386139147,34.58843634300566,4.958745553597675,,,,,,,,2026-08-06,c_mix_rw,rev_leg=ws06_base;scenario=base;mix_missing_zeroed,1.0
driver-lines,margin_v2,adj_ebitda_musd,2027Q4,2026-09-11,5,916.0716587931557,916.0716587931557,LIVE,full_sample,12,26,297.30166374567375,433.9706117019178,662.3384313801369,1169.8048862061746,1398.1727058843937,1534.8416538406377,376.18544587112825,,,,,,,,2026-08-06,c_mix_rw,rev_leg=ws06_base;scenario=base;mix_missing_zeroed,1.0
driver-lines,margin_v2,total_cash_costs_musd,2027Q4,2026-09-11,5,2549.6924412068443,2549.6924412068443,LIVE,full_sample,12,26,2361.6715625668935,2403.2001044858644,2472.5924771811397,2626.7924052325493,2696.184777927824,2737.713319846795,114.30857771121171,,,,,,,,2026-08-06,c_mix_rw,rev_leg=ws06_base;scenario=base;mix_missing_zeroed,1.0
driver-lines,margin_v2,adj_ebitda_margin_pct,2028Q1,2026-09-11,6,16.487615171674832,16.487615171674832,LIVE,full_sample,12,26,8.33120456271021,10.132727044324406,13.142992121942806,19.832238221406858,22.84250329902526,24.644025780639453,4.958745553597675,,,,,,,,2026-08-06,c_mix_rw,rev_leg=ws06_base;scenario=base;mix_missing_zeroed,1.0
driver-lines,margin_v2,adj_ebitda_musd,2028Q1,2026-09-11,6,545.7315875482387,545.7315875482387,LIVE,full_sample,12,26,177.11159097575978,258.52941590330676,394.5750315291741,696.8881435673034,832.9337591931708,914.3515841207177,224.1050452955315,,,,,,,,2026-08-06,c_mix_rw,rev_leg=ws06_base;scenario=base;mix_missing_zeroed,1.0
driver-lines,margin_v2,total_cash_costs_musd,2028Q1,2026-09-11,6,2764.2170124517615,2764.2170124517615,LIVE,full_sample,12,26,2560.3765401528062,2605.399186892269,2680.630055540835,2847.8039693626883,2923.034838011254,2968.0574847507173,123.92620775427173,,,,,,,,2026-08-06,c_mix_rw,rev_leg=ws06_base;scenario=base;mix_missing_zeroed,1.0
driver-lines,margin_v2,adj_ebitda_margin_pct,2028Q2,2026-09-11,7,31.74096786097554,31.74096786097554,LIVE,full_sample,12,26,23.584557252010917,25.386079733625117,28.396344811243516,35.085590910707566,38.095855988325965,39.897378469940165,4.958745553597675,,,,,,,,2026-08-06,c_mix_rw,rev_leg=ws06_base;scenario=base;mix_missing_zeroed,1.0
driver-lines,margin_v2,adj_ebitda_musd,2028Q2,2026-09-11,7,1384.4605230012576,1384.4605230012576,LIVE,full_sample,12,26,449.31246690977173,655.8604605621509,1000.9931016973275,1767.9279443051876,2113.0605854403643,2319.6085790927436,568.5296495498292,,,,,,,,2026-08-06,c_mix_rw,rev_leg=ws06_base;scenario=base;mix_missing_zeroed,1.0
driver-lines,margin_v2,total_cash_costs_musd,2028Q2,2026-09-11,7,2977.2858769987424,2977.2858769987424,LIVE,full_sample,12,26,2757.733158596889,2806.2262000906226,2887.255946211408,3067.315807786077,3148.3455539068623,3196.8385954005958,133.47857511720747,,,,,,,,2026-08-06,c_mix_rw,rev_leg=ws06_base;scenario=base;mix_missing_zeroed,1.0
driver-lines,margin_v2,adj_ebitda_margin_pct,2028Q3,2026-09-11,8,48.88266448816708,48.88266448816708,LIVE,full_sample,12,26,40.72625387920246,42.52777636081665,45.53804143843505,52.22728753789911,55.23755261551751,57.0390750971317,4.958745553597675,,,,,,,,2026-08-06,c_mix_rw,rev_leg=ws06_base;scenario=base;mix_missing_zeroed,1.0
driver-lines,margin_v2,adj_ebitda_musd,2028Q3,2026-09-11,8,2794.6528715151326,2794.6528715151326,LIVE,full_sample,12,26,906.9759339434779,1323.9108583969264,2020.5908363215456,3568.71490670872,4265.394884633339,4682.3298090867875,1147.6260906389737,,,,,,,,2026-08-06,c_mix_rw,rev_leg=ws06_base;scenario=base;mix_missing_zeroed,1.0
driver-lines,margin_v2,total_cash_costs_musd,2028Q3,2026-09-11,8,2922.410428484867,2922.410428484867,LIVE,full_sample,12,26,2706.9043668007384,2754.503615252181,2834.039872388353,3010.7809845813817,3090.3172417175533,3137.9164901689965,131.0183825192654,,,,,,,,2026-08-06,c_mix_rw,rev_leg=ws06_base;scenario=base;mix_missing_zeroed,1.0
driver-lines,margin_v2,adj_ebitda_margin_pct,2028Q4,2026-09-11,9,23.44284013509794,23.44284013509794,LIVE,full_sample,12,26,15.286429526133317,17.08795200774751,20.098217085365913,26.787463184829964,29.797728262448366,31.59925074406256,4.958745553597675,,,,,,,,2026-08-06,c_mix_rw,rev_leg=ws06_base;scenario=base;mix_missing_zeroed,1.0
driver-lines,margin_v2,adj_ebitda_musd,2028Q4,2026-09-11,9,878.797692533073,878.797692533073,LIVE,full_sample,12,26,285.2047801916931,416.3128162847394,635.388596062075,1122.206789004071,1341.2825687814068,1472.390604874453,360.87886643234583,,,,,,,,2026-08-06,c_mix_rw,rev_leg=ws06_base;scenario=base;mix_missing_zeroed,1.0
driver-lines,margin_v2,total_cash_costs_musd,2028Q4,2026-09-11,9,2869.8850074669267,2869.8850074669267,LIVE,full_sample,12,26,2658.2523054285016,2704.996037303395,2783.102763750945,2956.667251182909,3034.7739776304584,3081.5177095053523,128.66354706020846,,,,,,,,2026-08-06,c_mix_rw,rev_leg=ws06_base;scenario=base;mix_missing_zeroed,1.0
driver-lines,margin_v2,adj_ebitda_margin_pct,2023Q1,2023-02-14,0,18.18456128932209,18.18456128932209,W1,PIT,14,12,10.01914416444371,11.822655932973134,14.836245021805045,21.532877556839136,24.546466645671046,26.34997841420047,4.964221126479167,,,,,,,,2023-02-14,d_steps_rw,rev_leg=guide_cushion;scenario=backtest;event_E05_ops_cash_unidentified;event_E09_cor_cash_unidentified;event_E10_pd_cash_unidentified,1.0
driver-lines,margin_v2,adj_ebitda_musd,2023Q1,2023-02-14,0,335.531839655102,335.531839655102,W1,PIT,14,12,129.88497823098518,175.306605695615,251.20415364231306,419.85952566789086,495.75707361458893,541.1787010792189,125.02441436400466,,,,,,,,2023-02-14,d_steps_rw,rev_leg=guide_cushion;scenario=backtest;event_E05_ops_cash_unidentified;event_E09_cor_cash_unidentified;event_E10_pd_cash_unidentified,1.0
driver-lines,margin_v2,total_cash_costs_musd,2023Q1,2023-02-14,0,1509.614899475333,1509.614899475333,W1,PIT,14,12,1359.0877838080003,1392.335004426,1447.889652328347,1571.340146622319,1626.8947945246657,1660.1420151426657,91.51398835792793,,,,,,,,2023-02-14,d_steps_rw,rev_leg=guide_cushion;scenario=backtest;event_E05_ops_cash_unidentified;event_E09_cor_cash_unidentified;event_E10_pd_cash_unidentified,1.0
driver-lines,margin_v2,adj_ebitda_margin_pct,2023Q2,2023-02-14,1,41.801655422369485,41.801655422369485,W1,PIT,14,12,37.14368333485976,38.17249880733698,39.89160435262926,43.71170649210971,45.43081203740199,46.45962750987921,2.8318459534558635,,,,,,,,2023-02-14,d_steps_rw,rev_leg=naive;scenario=backtest;event_E05_ops_cash_unidentified;event_E09_cor_cash_unidentified;event_E10_pd_cash_unidentified,1.0
driver-lines,margin_v2,adj_ebitda_musd,2023Q2,2023-02-14,1,1091.9203595462243,1091.9203595462243,W1,PIT,14,12,632.8014104265579,734.2079173114726,903.6537440687442,1280.1869750237045,1449.632801780976,1551.0393086658908,279.12450177745313,,,,,,,,2023-02-14,d_steps_rw,rev_leg=naive;scenario=backtest;event_E05_ops_cash_unidentified;event_E09_cor_cash_unidentified;event_E10_pd_cash_unidentified,1.0
driver-lines,margin_v2,total_cash_costs_musd,2023Q2,2023-02-14,1,1520.2258545529924,1520.2258545529924,W1,PIT,14,12,1434.1750800957873,1453.181284194265,1484.9398179009713,1555.5118912050136,1587.27042491172,1606.2766290101972,52.31515622255649,,,,,,,,2023-02-14,d_steps_rw,rev_leg=naive;scenario=backtest;event_E05_ops_cash_unidentified;event_E09_cor_cash_unidentified;event_E10_pd_cash_unidentified,1.0
driver-lines,margin_v2,adj_ebitda_margin_pct,2023Q3,2023-02-14,2,56.442128962660306,56.442128962660306,W1,PIT,14,12,51.507568081805886,52.5974742660265,54.41865971207206,58.46559821324855,60.28678365929411,61.376689843514725,3.0,,,,,,,,2023-02-14,d_steps_rw,rev_leg=naive;scenario=backtest;event_E05_ops_cash_unidentified;event_E09_cor_cash_unidentified;event_E10_pd_cash_unidentified,1.0
driver-lines,margin_v2,adj_ebitda_musd,2023Q3,2023-02-14,2,2020.92590119876,2020.92590119876,W1,PIT,14,12,1688.5131713600647,1761.9338259456695,1884.6165205723257,2157.235281825194,2279.9179764518503,2353.3386310374553,202.092590119876,,,,,,,,2023-02-14,d_steps_rw,rev_leg=naive;scenario=backtest;event_E05_ops_cash_unidentified;event_E09_cor_cash_unidentified;event_E10_pd_cash_unidentified,1.0
driver-lines,margin_v2,total_cash_costs_musd,2023Q3,2023-02-14,2,1559.601513944843,1559.601513944843,W1,PIT,14,12,1303.0698932637247,1359.7305377626687,1454.4079903902343,1664.7950374994516,1759.4724901270172,1816.1331346259612,155.9601513944843,,,,,,,,2023-02-14,d_steps_rw,rev_leg=naive;scenario=backtest;event_E05_ops_cash_unidentified;event_E09_cor_cash_unidentified;event_E10_pd_cash_unidentified,1.0
driver-lines,margin_v2,adj_ebitda_margin_pct,2023Q1,2023-02-14,0,17.29707457623868,17.29707457623868,W1,full_sample,14,12,13.033341861136545,13.975080906668179,15.548685560468254,19.045463592009103,20.619068245809178,21.56080729134081,2.592165433592058,,,,,,,,2023-02-14,d_steps_rw,rev_leg=guide_cushion;scenario=backtest;,1.0
driver-lines,margin_v2,adj_ebitda_musd,2023Q1,2023-02-14,0,319.1564075084275,319.1564075084275,W1,full_sample,14,12,261.1232428716519,273.9411422865565,295.3592901980605,342.9535248187945,364.37167273029854,377.1895721452031,35.28165891838821,,,,,,,,2023-02-14,d_steps_rw,rev_leg=guide_cushion;scenario=backtest;,1.0
driver-lines,margin_v2,total_cash_costs_musd,2023Q1,2023-02-14,0,1525.9903316220075,1525.9903316220075,W1,full_sample,14,12,1429.4620324237358,1450.7824280554294,1486.4078743466066,1565.5727888974086,1601.1982351885856,1622.5186308202792,58.685038970412684,,,,,,,,2023-02-14,d_steps_rw,rev_leg=guide_cushion;scenario=backtest;,1.0
driver-lines,margin_v2,adj_ebitda_margin_pct,2023Q2,2023-02-14,1,38.41739411707251,38.41739411707251,W1,full_sample,14,12,32.23358131382986,33.59941223152436,35.88165580906954,40.95313242507548,43.23537600262066,44.601206920315164,3.7594912409948393,,,,,,,,2023-02-14,d_steps_rw,rev_leg=naive;scenario=backtest;,1.0
driver-lines,margin_v2,adj_ebitda_musd,2023Q2,2023-02-14,1,1003.5185059846848,1003.5185059846848,W1,full_sample,14,12,644.4403109027714,723.7506193350771,856.2746673031015,1150.762344666268,1283.2863926342925,1362.5967010665981,218.30404189059624,,,,,,,,2023-02-14,d_steps_rw,rev_leg=naive;scenario=backtest;,1.0
driver-lines,margin_v2,total_cash_costs_musd,2023Q2,2023-02-14,1,1608.6277081145317,1608.6277081145317,W1,full_sample,14,12,1505.2444836407308,1528.0789401241523,1566.2343157133873,1651.0211005156764,1689.1764761049112,1712.0109325883327,62.85253762391533,,,,,,,,2023-02-14,d_steps_rw,rev_leg=naive;scenario=backtest;,1.0
driver-lines,margin_v2,adj_ebitda_margin_pct,2023Q3,2023-02-14,2,53.921168441754276,53.921168441754276,W1,full_sample,14,12,45.965301059942746,47.722529163849345,50.65878027843989,57.18355660506866,60.11980771965921,61.877035823565805,4.836823928556318,,,,,,,,2023-02-14,d_steps_rw,rev_leg=naive;scenario=backtest;,1.0
driver-lines,margin_v2,adj_ebitda_musd,2023Q3,2023-02-14,2,1930.6622186227726,1930.6622186227726,W1,full_sample,14,12,658.6549571309332,939.6057071870225,1409.062092025888,2452.262345219657,2921.7187300585224,3202.669480114612,773.3255048653439,,,,,,,,2023-02-14,d_steps_rw,rev_leg=naive;scenario=backtest;,1.0
driver-lines,margin_v2,total_cash_costs_musd,2023Q3,2023-02-14,2,1649.8651965208303,1649.8651965208303,W1,full_sample,14,12,1532.2338542169944,1558.2153205583165,1601.6292116370003,1698.1011814046603,1741.5150724833443,1767.4965388246662,71.51477820056886,,,,,,,,2023-02-14,d_steps_rw,rev_leg=naive;scenario=backtest;,1.0
driver-lines,margin_v2,adj_ebitda_margin_pct,2023Q2,2023-05-09,0,37.894545691774184,37.894545691774184,W1,PIT,14,13,31.37780433243155,32.81716983627431,35.22228648309192,40.56680490045645,42.97192154727406,44.411287051116815,3.9618974312143442,,,,,,,,2023-05-09,d_steps_rw,rev_leg=guide_cushion;scenario=backtest;event_E05_ops_cash_unidentified;event_E09_cor_cash_unidentified;event_E10_pd_cash_unidentified,1.0
driver-lines,margin_v2,adj_ebitda_musd,2023Q2,2023-05-09,0,933.4685874161005,933.4685874161005,W1,PIT,14,13,489.95899839978193,587.9178351638612,751.6027563150034,1115.3344185171977,1279.0193396683399,1376.978176432419,269.63468466085175,,,,,,,,2023-05-09,d_steps_rw,rev_leg=guide_cushion;scenario=backtest;event_E05_ops_cash_unidentified;event_E09_cor_cash_unidentified;event_E10_pd_cash_unidentified,1.0
driver-lines,margin_v2,total_cash_costs_musd,2023Q2,2023-05-09,0,1529.8637216943625,1529.8637216943625,W1,PIT,14,13,1408.6720524116286,1435.4398951876206,1480.1677868093498,1579.5596565793753,1624.2875482011048,1651.0553909770965,73.6793033112299,,,,,,,,2023-05-09,d_steps_rw,rev_leg=guide_cushion;scenario=backtest;event_E05_ops_cash_unidentified;event_E09_cor_cash_unidentified;event_E10_pd_cash_unidentified,1.0
driver-lines,margin_v2,adj_ebitda_margin_pct,2023Q3,2023-05-09,1,54.19065139181273,54.19065139181273,W1,PIT,14,13,48.248244436142365,49.56075556864648,51.75390412298611,56.62739866063935,58.82054721497898,60.13305834748309,3.612726906699817,,,,,,,,2023-05-09,d_steps_rw,rev_leg=naive;scenario=backtest;event_E05_ops_cash_unidentified;event_E09_cor_cash_unidentified;event_E10_pd_cash_unidentified,1.0
driver-lines,margin_v2,adj_ebitda_musd,2023Q3,2023-05-09,1,1882.8870417510273,1882.8870417510273,W1,PIT,14,13,1210.4066770022941,1358.9387401389172,1607.129305136008,2158.644778366046,2406.8353433631373,2555.367406499761,408.8390320755108,,,,,,,,2023-05-09,d_steps_rw,rev_leg=naive;scenario=backtest;event_E05_ops_cash_unidentified;event_E09_cor_cash_unidentified;event_E10_pd_cash_unidentified,1.0
driver-lines,margin_v2,total_cash_costs_musd,2023Q3,2023-05-09,1,1591.6735944318755,1591.6735944318755,W1,PIT,14,13,1518.106097840822,1534.3550957614507,1561.5064588368282,1621.840730026923,1648.9920931023003,1665.241091022929,44.72586215917669,,,,,,,,2023-05-09,d_steps_rw,rev_leg=naive;scenario=backtest;event_E05_ops_cash_unidentified;event_E09_cor_cash_unidentified;event_E10_pd_cash_unidentified,1.0
driver-lines,margin_v2,adj_ebitda_margin_pct,2023Q4,2023-05-09,2,31.48319138023422,31.48319138023422,W1,PIT,14,13,27.188239747542617,28.136874176912244,29.722000714772122,33.24438204569632,34.8295085835562,35.778143012925824,2.6111451878254672,,,,,,,,2023-05-09,d_steps_rw,rev_leg=naive;scenario=backtest;event_E05_ops_cash_unidentified;event_E09_cor_cash_unidentified;event_E10_pd_cash_unidentified,1.0
driver-lines,margin_v2,adj_ebitda_musd,2023Q4,2023-05-09,2,721.4295066233504,721.4295066233504,W1,PIT,14,13,-118.99044576423006,66.63476498218549,376.8063532572389,1066.052659989462,1376.2242482645154,1561.849459010931,510.9390517289933,,,,,,,,2023-05-09,d_steps_rw,rev_leg=naive;scenario=backtest;event_E05_ops_cash_unidentified;event_E09_cor_cash_unidentified;event_E10_pd_cash_unidentified,1.0
driver-lines,margin_v2,total_cash_costs_musd,2023Q4,2023-05-09,2,1570.0456424820177,1570.0456424820177,W1,PIT,14,13,1405.5614771383325,1441.8914188176432,1502.5971584491303,1637.494126514905,1698.1998661463924,1734.5298078257028,99.99927206199851,,,,,,,,2023-05-09,d_steps_rw,rev_leg=naive;scenario=backtest;event_E05_ops_cash_unidentified;event_E09_cor_cash_unidentified;event_E10_pd_cash_unidentified,1.0
driver-lines,margin_v2,adj_ebitda_margin_pct,2023Q2,2023-05-09,0,36.17250120722727,36.17250120722727,W1,full_sample,14,13,31.908768492125137,32.85050753765677,34.42411219145684,37.9208902229977,39.49449487679777,40.4362339223294,2.592165433592058,,,,,,,,2023-05-09,d_steps_rw,rev_leg=guide_cushion;scenario=backtest;,1.0
driver-lines,margin_v2,adj_ebitda_musd,2023Q2,2023-05-09,0,891.0489092510015,891.0489092510015,W1,full_sample,14,13,729.0268196627884,764.8129578190095,824.6100256069037,957.4877928950992,1017.2848606829937,1053.0709988392146,98.50243628577489,,,,,,,,2023-05-09,d_steps_rw,rev_leg=guide_cushion;scenario=backtest;,1.0
driver-lines,margin_v2,total_cash_costs_musd,2023Q2,2023-05-09,0,1572.2833998594615,1572.2833998594615,W1,full_sample,14,13,1472.8267786076146,1494.7939585008955,1531.5001529344247,1613.0666467844985,1649.7728412180275,1671.7400211113084,60.465332368921516,,,,,,,,2023-05-09,d_steps_rw,rev_leg=guide_cushion;scenario=backtest;,1.0
driver-lines,margin_v2,adj_ebitda_margin_pct,2023Q3,2023-05-09,1,52.88254270972315,52.88254270972315,W1,full_sample,14,13,46.698729906480494,48.064560824175,50.34680440172018,55.418281017726116,57.7005245952713,59.0663555129658,3.7594912409948393,,,,,,,,2023-05-09,d_steps_rw,rev_leg=naive;scenario=backtest;,1.0
driver-lines,margin_v2,adj_ebitda_musd,2023Q3,2023-05-09,1,1837.4360124046518,1837.4360124046518,W1,full_sample,14,13,1179.9661172527233,1325.1827883946733,1567.833478734614,2107.0385460746897,2349.68923641463,2494.90590755658,399.7133145339294,,,,,,,,2023-05-09,d_steps_rw,rev_leg=naive;scenario=backtest;,1.0
driver-lines,margin_v2,total_cash_costs_musd,2023Q3,2023-05-09,1,1637.124623778251,1637.124623778251,W1,full_sample,14,13,1531.9099606104548,1555.1489305666662,1593.9802304327236,1680.2690171237782,1719.1003169898356,1742.3392869460467,63.96597329015709,,,,,,,,2023-05-09,d_steps_rw,rev_leg=naive;scenario=backtest;,1.0
driver-lines,margin_v2,adj_ebitda_margin_pct,2023Q4,2023-05-09,2,29.962629212009045,29.962629212009045,W1,full_sample,14,13,22.00676183019752,23.76398993410411,26.700241048694664,33.225017375323425,36.16126848991398,37.91849659382057,4.836823928556318,,,,,,,,2023-05-09,d_steps_rw,rev_leg=naive;scenario=backtest;,1.0
driver-lines,margin_v2,adj_ebitda_musd,2023Q4,2023-05-09,2,686.5862024117729,686.5862024117729,W1,full_sample,14,13,234.23227603159276,334.1445790150486,501.0936565675183,872.0787482560276,1039.0278258084973,1138.940128791953,275.01165998494395,,,,,,,,2023-05-09,d_steps_rw,rev_leg=naive;scenario=backtest;,1.0
driver-lines,margin_v2,total_cash_costs_musd,2023Q4,2023-05-09,2,1604.8889466935952,1604.8889466935952,W1,full_sample,14,13,1490.4643007005411,1515.7374977096113,1557.967901788724,1651.8099915984665,1694.0403956775795,1719.3135926866494,69.56524527056291,,,,,,,,2023-05-09,d_steps_rw,rev_leg=naive;scenario=backtest;,1.0
driver-lines,margin_v2,adj_ebitda_margin_pct,2023Q3,2023-08-03,0,51.67646390803644,51.67646390803644,W1,PIT,14,14,46.1684627899774,47.3850258492272,49.417849380076994,53.935078435995884,55.96790196684568,57.18446502609548,3.3486269099016552,,,,,,,,2023-08-03,d_steps_rw,rev_leg=guide_cushion;scenario=backtest;event_E05_ops_cash_unidentified;event_E09_cor_cash_unidentified,1.0
driver-lines,margin_v2,adj_ebitda_musd,2023Q3,2023-08-03,0,1789.4941580588902,1789.4941580588902,W1,PIT,14,14,1040.2890312698116,1205.767443767545,1482.2746155211405,2096.7137005966397,2373.2208723502354,2538.6992848479686,455.4843753347436,,,,,,,,2023-08-03,d_steps_rw,rev_leg=guide_cushion;scenario=backtest;event_E05_ops_cash_unidentified;event_E09_cor_cash_unidentified,1.0
driver-lines,margin_v2,total_cash_costs_musd,2023Q3,2023-08-03,0,1673.3862767237188,1673.3862767237188,W1,PIT,14,14,1551.5700650702713,1578.4758517502062,1623.4342415871656,1723.338311860272,1768.2967016972314,1795.2024883771662,74.0589981123234,,,,,,,,2023-08-03,d_steps_rw,rev_leg=guide_cushion;scenario=backtest;event_E05_ops_cash_unidentified;event_E09_cor_cash_unidentified,1.0
driver-lines,margin_v2,adj_ebitda_margin_pct,2023Q4,2023-08-03,1,27.167768309846135,27.167768309846135,W1,PIT,14,14,22.276070731332535,23.35650961351243,25.161875612949185,29.173661006743085,30.97902700617984,32.05946588835974,2.973940962503601,,,,,,,,2023-08-03,d_steps_rw,rev_leg=naive;scenario=backtest;event_E05_ops_cash_unidentified;event_E09_cor_cash_unidentified,1.0
driver-lines,margin_v2,adj_ebitda_musd,2023Q4,2023-08-03,1,610.0568858750624,610.0568858750624,W1,PIT,14,14,374.20747623217113,426.30000002935645,513.3443232570999,706.769448493025,793.8137717207685,845.9062955179538,143.38625989475324,,,,,,,,2023-08-03,d_steps_rw,rev_leg=naive;scenario=backtest;event_E05_ops_cash_unidentified;event_E09_cor_cash_unidentified,1.0
driver-lines,margin_v2,total_cash_costs_musd,2023Q4,2023-08-03,1,1635.4602243910972,1635.4602243910972,W1,PIT,14,14,1516.1468398525387,1542.4998221763378,1586.534500172333,1684.3859486098613,1728.4206266058566,1754.773608929656,72.53738726873274,,,,,,,,2023-08-03,d_steps_rw,rev_leg=naive;scenario=backtest;event_E05_ops_cash_unidentified;event_E09_cor_cash_unidentified,1.0
driver-lines,margin_v2,adj_ebitda_margin_pct,2024Q1,2023-08-03,2,14.994407972589041,14.994407972589041,W1,PIT,14,14,6.902032052061523,8.689411065874353,11.676043028928053,18.31277291625003,21.29940487930373,23.08678389311656,4.919815227282997,,,,,,,,2023-08-03,d_steps_rw,rev_leg=naive;scenario=backtest;event_E05_ops_cash_unidentified;event_E09_cor_cash_unidentified,1.0
driver-lines,margin_v2,adj_ebitda_musd,2024Q1,2023-08-03,2,321.8318768836051,321.8318768836051,W1,PIT,14,14,-87.59387143442677,2.83680027991444,153.94248771121497,489.7212660559953,640.8269534872958,731.257625201637,248.913180850536,,,,,,,,2023-08-03,d_steps_rw,rev_leg=naive;scenario=backtest;event_E05_ops_cash_unidentified;event_E09_cor_cash_unidentified,1.0
driver-lines,margin_v2,total_cash_costs_musd,2024Q1,2023-08-03,2,1824.5141307209574,1824.5141307209574,W1,PIT,14,14,1652.2175854536827,1690.273062879292,1753.862097085383,1895.1661643565315,1958.7551985626226,1996.810675988232,104.74886181003498,,,,,,,,2023-08-03,d_steps_rw,rev_leg=naive;scenario=backtest;event_E05_ops_cash_unidentified;event_E09_cor_cash_unidentified,1.0
driver-lines,margin_v2,adj_ebitda_margin_pct,2023Q3,2023-08-03,0,53.332814622836224,53.332814622836224,W1,full_sample,14,14,49.069081907734095,50.01082095326572,51.584425607065796,55.08120363860665,56.65480829240673,57.596547337938354,2.592165433592058,,,,,,,,2023-08-03,d_steps_rw,rev_leg=guide_cushion;scenario=backtest;,1.0
driver-lines,margin_v2,adj_ebitda_musd,2023Q3,2023-08-03,0,1846.851602893074,1846.851602893074,W1,full_sample,14,14,1511.0330493283723,1585.2059549107664,1709.145627970025,1984.5575778161226,2108.4972508753817,2182.6701564577756,204.1631839223889,,,,,,,,2023-08-03,d_steps_rw,rev_leg=guide_cushion;scenario=backtest;,1.0
driver-lines,margin_v2,total_cash_costs_musd,2023Q3,2023-08-03,0,1616.028831889535,1616.028831889535,W1,full_sample,14,14,1513.8050422854037,1536.3834121047498,1574.110878106635,1657.9467856724352,1695.6742516743202,1718.2526214936663,62.14765127374293,,,,,,,,2023-08-03,d_steps_rw,rev_leg=guide_cushion;scenario=backtest;,1.0
driver-lines,margin_v2,adj_ebitda_margin_pct,2023Q4,2023-08-03,1,29.90858019342751,29.90858019342751,W1,full_sample,14,14,23.72476739018486,25.09059830787936,27.372841885424545,32.44431850143048,34.72656207897566,36.09239299667016,3.7594912409948393,,,,,,,,2023-08-03,d_steps_rw,rev_leg=naive;scenario=backtest;,1.0
driver-lines,margin_v2,adj_ebitda_musd,2023Q4,2023-08-03,1,671.6022856810904,671.6022856810904,W1,full_sample,14,14,431.2900890279537,484.3683173850316,573.05970971337,770.1448616488108,858.8362539771491,911.914482334227,146.09944174699902,,,,,,,,2023-08-03,d_steps_rw,rev_leg=naive;scenario=backtest;,1.0
driver-lines,margin_v2,total_cash_costs_musd,2023Q4,2023-08-03,1,1573.9148245850693,1573.9148245850693,W1,full_sample,14,14,1472.7625263920704,1495.1042337923018,1532.4362472684943,1615.3934019016442,1652.7254153778367,1675.0671227780679,61.49623075001011,,,,,,,,2023-08-03,d_steps_rw,rev_leg=naive;scenario=backtest;,1.0
driver-lines,margin_v2,adj_ebitda_margin_pct,2024Q1,2023-08-03,2,16.703862150488963,16.703862150488963,W1,full_sample,14,14,8.747994768677435,10.505222872584028,13.44147398717458,19.966250313803343,22.902501428393897,24.65972953230049,4.836823928556318,,,,,,,,2023-08-03,d_steps_rw,rev_leg=naive;scenario=backtest;,1.0
driver-lines,margin_v2,adj_ebitda_musd,2024Q1,2023-08-03,2,358.5226783827894,358.5226783827894,W1,full_sample,14,14,122.31178353359745,174.48414928052543,261.6618849055563,455.38347186002255,542.5612074850534,594.7335732319814,143.6060272955588,,,,,,,,2023-08-03,d_steps_rw,rev_leg=naive;scenario=backtest;,1.0
driver-lines,margin_v2,total_cash_costs_musd,2024Q1,2023-08-03,2,1787.8233292217733,1787.8233292217733,W1,full_sample,14,14,1660.355910391465,1688.509890335013,1735.553956387463,1840.0927020560837,1887.1367681085337,1915.2907480520817,77.49468812404484,,,,,,,,2023-08-03,d_steps_rw,rev_leg=naive;scenario=backtest;,1.0
driver-lines,margin_v2,adj_ebitda_margin_pct,2023Q4,2023-11-01,0,27.60498552751541,27.60498552751541,W1,PIT,14,15,20.590223690177357,22.13958795823472,24.728507717073292,30.48146333795753,33.0703830967961,34.61974736485347,4.2646723832436235,,,,,,,,2023-11-01,d_steps_rw,rev_leg=guide_cushion;scenario=backtest;event_E05_ops_cash_unidentified;event_E09_cor_cash_unidentified,1.0
driver-lines,margin_v2,adj_ebitda_musd,2023Q4,2023-11-01,0,609.1689308178301,609.1689308178301,W1,PIT,14,15,354.8865206367589,411.0503775809832,504.89771998665,713.4401416490101,807.287484054677,863.4513409989012,154.592728504573,,,,,,,,2023-11-01,d_steps_rw,rev_leg=guide_cushion;scenario=backtest;event_E05_ops_cash_unidentified;event_E09_cor_cash_unidentified,1.0
driver-lines,margin_v2,total_cash_costs_musd,2023Q4,2023-11-01,0,1597.5662627602928,1597.5662627602928,W1,PIT,14,15,1426.4412980677864,1464.238006183505,1527.3946482187107,1667.737877301875,1730.8945193370807,1768.6912274527992,104.03659139546959,,,,,,,,2023-11-01,d_steps_rw,rev_leg=guide_cushion;scenario=backtest;event_E05_ops_cash_unidentified;event_E09_cor_cash_unidentified,1.0
driver-lines,margin_v2,adj_ebitda_margin_pct,2024Q1,2023-11-01,1,15.950100865298362,15.950100865298362,W1,PIT,14,15,7.33385416262556,9.23694154826291,12.416917127311535,19.48328460328519,22.663260182333815,24.566347567971164,5.238306048327184,,,,,,,,2023-11-01,d_steps_rw,rev_leg=naive;scenario=backtest;event_E05_ops_cash_unidentified;event_E09_cor_cash_unidentified,1.0
driver-lines,margin_v2,adj_ebitda_musd,2024Q1,2023-11-01,1,341.5526061666537,341.5526061666537,W1,PIT,14,15,166.51181541774275,205.1734197498129,269.7752654404927,413.3299468928147,477.9317925834945,516.5933969155645,106.41724459903878,,,,,,,,2023-11-01,d_steps_rw,rev_leg=naive;scenario=backtest;event_E05_ops_cash_unidentified;event_E09_cor_cash_unidentified,1.0
driver-lines,margin_v2,total_cash_costs_musd,2024Q1,2023-11-01,1,1799.8295020164255,1799.8295020164255,W1,PIT,14,15,1665.3661334428125,1695.0653225901435,1744.691365471212,1854.9676385616392,1904.5936814427073,1934.2928705900385,81.7479235661984,,,,,,,,2023-11-01,d_steps_rw,rev_leg=naive;scenario=backtest;event_E05_ops_cash_unidentified;event_E09_cor_cash_unidentified,1.0
driver-lines,margin_v2,adj_ebitda_margin_pct,2024Q2,2023-11-01,2,35.39093682528559,35.39093682528559,W1,PIT,14,15,22.559641831582926,25.39371523808512,30.129327638190382,40.6525460123808,45.388158412486064,48.22223181898826,7.800873453696817,,,,,,,,2023-11-01,d_steps_rw,rev_leg=naive;scenario=backtest;event_E05_ops_cash_unidentified;event_E09_cor_cash_unidentified,1.0
driver-lines,margin_v2,adj_ebitda_musd,2024Q2,2023-11-01,2,1035.485307872434,1035.485307872434,W1,PIT,14,15,-345.517860709351,-40.492969901856405,469.1902485831211,1601.780367161747,2111.4635856467244,2416.4884764542194,839.5903112310968,,,,,,,,2023-11-01,d_steps_rw,rev_leg=naive;scenario=backtest;event_E05_ops_cash_unidentified;event_E09_cor_cash_unidentified,1.0
driver-lines,margin_v2,total_cash_costs_musd,2024Q2,2023-11-01,2,1890.3635132093968,1890.3635132093968,W1,PIT,14,15,1749.809333583876,1780.853812168845,1832.7277747149408,1947.999251703853,1999.873214249949,2030.9176928349177,85.45087375708943,,,,,,,,2023-11-01,d_steps_rw,rev_leg=naive;scenario=backtest;event_E05_ops_cash_unidentified;event_E09_cor_cash_unidentified,1.0
driver-lines,margin_v2,adj_ebitda_margin_pct,2023Q4,2023-11-01,0,28.33089976001788,28.33089976001788,W1,full_sample,14,15,24.067167044915745,25.00890609044738,26.582510744247454,30.079288775788303,31.652893429588378,32.59463247512001,2.592165433592058,,,,,,,,2023-11-01,d_steps_rw,rev_leg=guide_cushion;scenario=backtest;,1.0
driver-lines,margin_v2,adj_ebitda_musd,2023Q4,2023-11-01,0,625.1879356616545,625.1879356616545,W1,full_sample,14,15,511.5081424768016,536.6168223785558,578.5723255847246,671.8035457385843,713.7590489447532,738.8677288465074,69.11240691704829,,,,,,,,2023-11-01,d_steps_rw,rev_leg=guide_cushion;scenario=backtest;,1.0
driver-lines,margin_v2,total_cash_costs_musd,2023Q4,2023-11-01,0,1581.5472579164684,1581.5472579164684,W1,full_sample,14,15,1481.5046405126627,1503.6012505306032,1540.5237170274736,1622.5707988054635,1659.4932653023336,1681.5898753202741,60.82159273297898,,,,,,,,2023-11-01,d_steps_rw,rev_leg=guide_cushion;scenario=backtest;,1.0
driver-lines,margin_v2,adj_ebitda_margin_pct,2024Q1,2023-11-01,1,15.50235980246791,15.50235980246791,W1,full_sample,14,15,9.318546999225257,10.684377916919761,12.966621494464942,18.038098110470877,20.320341688016057,21.68617260571056,3.7594912409948393,,,,,,,,2023-11-01,d_steps_rw,rev_leg=naive;scenario=backtest;,1.0
driver-lines,margin_v2,adj_ebitda_musd,2024Q1,2023-11-01,1,331.9647591562136,331.9647591562136,W1,full_sample,14,15,213.18139259372944,239.41730880286926,283.25637445412406,380.6731438583031,424.51220950955786,450.74812571869774,72.21515921914222,,,,,,,,2023-11-01,d_steps_rw,rev_leg=naive;scenario=backtest;,1.0
driver-lines,margin_v2,total_cash_costs_musd,2024Q1,2023-11-01,1,1809.4173490268656,1809.4173490268656,W1,full_sample,14,15,1693.1297835338585,1718.8144472433564,1761.732394137805,1857.1023039159263,1900.0202508103748,1925.7049145198725,70.6978199078609,,,,,,,,2023-11-01,d_steps_rw,rev_leg=naive;scenario=backtest;,1.0
driver-lines,margin_v2,adj_ebitda_margin_pct,2024Q2,2023-11-01,2,35.18776995122809,35.18776995122809,W1,full_sample,14,15,27.23190256941656,28.989130673323157,31.92538178791371,38.450158114542475,41.38640922913302,43.14363733303962,4.836823928556318,,,,,,,,2023-11-01,d_steps_rw,rev_leg=naive;scenario=backtest;,1.0
driver-lines,margin_v2,adj_ebitda_musd,2024Q2,2023-11-01,2,1029.5409522829939,1029.5409522829939,W1,full_sample,14,15,351.2329838174506,501.05220126901634,751.3935446900908,1307.6883598758968,1558.0297032969713,1707.8489207485372,412.3819635688199,,,,,,,,2023-11-01,d_steps_rw,rev_leg=naive;scenario=backtest;,1.0
driver-lines,margin_v2,total_cash_costs_musd,2024Q2,2023-11-01,2,1896.307868798837,1896.307868798837,W1,full_sample,14,15,1761.1057683493432,1790.968122661609,1840.8668073791785,1951.7489302184956,2001.6476149360653,2031.509969248331,82.19704065709108,,,,,,,,2023-11-01,d_steps_rw,rev_leg=naive;scenario=backtest;,1.0
driver-lines,margin_v2,adj_ebitda_margin_pct,2024Q1,2024-02-13,0,16.674963804378155,16.674963804378155,W1,PIT,14,16,8.020049288096233,9.931677309911848,13.125923917543494,20.224003691212815,23.418250298844463,25.32987832066008,5.26181440978594,,,,,,,,2024-02-13,d_steps_rw,rev_leg=guide_cushion;scenario=backtest;event_E05_ops_cash_unidentified;event_E09_cor_cash_unidentified,1.0
driver-lines,margin_v2,adj_ebitda_margin_pct,2024Q1,2024-02-13,0,16.674963804378155,16.674963804378155,W2,PIT,14,16,8.020049288096233,9.931677309911848,13.125923917543494,20.224003691212815,23.418250298844463,25.32987832066008,5.26181440978594,,,,,,,,2024-02-13,d_steps_rw,rev_leg=guide_cushion;scenario=backtest;event_E05_ops_cash_unidentified;event_E09_cor_cash_unidentified,1.0
driver-lines,margin_v2,adj_ebitda_musd,2024Q1,2024-02-13,0,350.50388867511316,350.50388867511316,W1,PIT,14,16,193.68341408197534,228.32066128559646,286.19798266571655,414.80979468450977,472.6871160646299,507.324363268251,95.34007891254417,,,,,,,,2024-02-13,d_steps_rw,rev_leg=guide_cushion;scenario=backtest;event_E05_ops_cash_unidentified;event_E09_cor_cash_unidentified,1.0
driver-lines,margin_v2,adj_ebitda_musd,2024Q1,2024-02-13,0,350.50388867511316,350.50388867511316,W2,PIT,14,16,193.68341408197534,228.32066128559646,286.19798266571655,414.80979468450977,472.6871160646299,507.324363268251,95.34007891254417,,,,,,,,2024-02-13,d_steps_rw,rev_leg=guide_cushion;scenario=backtest;event_E05_ops_cash_unidentified;event_E09_cor_cash_unidentified,1.0
driver-lines,margin_v2,total_cash_costs_musd,2024Q1,2024-02-13,0,1751.4730198629754,1751.4730198629754,W1,PIT,14,16,1543.1700921187576,1589.1783701847023,1666.0561855640442,1836.8898541619067,1913.7676695412483,1959.7759476071935,126.63918802932083,,,,,,,,2024-02-13,d_steps_rw,rev_leg=guide_cushion;scenario=backtest;event_E05_ops_cash_unidentified;event_E09_cor_cash_unidentified,1.0
driver-lines,margin_v2,total_cash_costs_musd,2024Q1,2024-02-13,0,1751.4730198629754,1751.4730198629754,W2,PIT,14,16,1543.1700921187576,1589.1783701847023,1666.0561855640442,1836.8898541619067,1913.7676695412483,1959.7759476071935,126.63918802932083,,,,,,,,2024-02-13,d_steps_rw,rev_leg=guide_cushion;scenario=backtest;event_E05_ops_cash_unidentified;event_E09_cor_cash_unidentified,1.0
driver-lines,margin_v2,adj_ebitda_margin_pct,2024Q2,2024-02-13,1,36.29055672964022,36.29055672964022,W1,PIT,14,16,24.09527070014609,26.788867553607847,31.28974979288661,41.291363666393835,45.7922459056726,48.48584275913436,7.41420745874911,,,,,,,,2024-02-13,d_steps_rw,rev_leg=naive;scenario=backtest;event_E05_ops_cash_unidentified;event_E09_cor_cash_unidentified,1.0
driver-lines,margin_v2,adj_ebitda_margin_pct,2024Q2,2024-02-13,1,36.29055672964022,36.29055672964022,W2,PIT,14,16,24.09527070014609,26.788867553607847,31.28974979288661,41.291363666393835,45.7922459056726,48.48584275913436,7.41420745874911,,,,,,,,2024-02-13,d_steps_rw,rev_leg=naive;scenario=backtest;event_E05_ops_cash_unidentified;event_E09_cor_cash_unidentified,1.0
driver-lines,margin_v2,adj_ebitda_musd,2024Q2,2024-02-13,1,1051.2263816437096,1051.2263816437096,W1,PIT,14,16,410.8445159045043,552.2869203218645,788.6309764506855,1313.821786836734,1550.1658429655545,1691.6082473829151,389.32453030855515,,,,,,,,2024-02-13,d_steps_rw,rev_leg=naive;scenario=backtest;event_E05_ops_cash_unidentified;event_E09_cor_cash_unidentified,1.0
driver-lines,margin_v2,adj_ebitda_musd,2024Q2,2024-02-13,1,1051.2263816437096,1051.2263816437096,W2,PIT,14,16,410.8445159045043,552.2869203218645,788.6309764506855,1313.821786836734,1550.1658429655545,1691.6082473829151,389.32453030855515,,,,,,,,2024-02-13,d_steps_rw,rev_leg=naive;scenario=backtest;event_E05_ops_cash_unidentified;event_E09_cor_cash_unidentified,1.0
driver-lines,margin_v2,total_cash_costs_musd,2024Q2,2024-02-13,1,1845.4676246654387,1845.4676246654387,W1,PIT,14,16,1641.191508875368,1686.3103770510534,1761.7020275006428,1929.233221830235,2004.624872279824,2049.7437404555094,124.19106019097313,,,,,,,,2024-02-13,d_steps_rw,rev_leg=naive;scenario=backtest;event_E05_ops_cash_unidentified;event_E09_cor_cash_unidentified,1.0
driver-lines,margin_v2,total_cash_costs_musd,2024Q2,2024-02-13,1,1845.4676246654387,1845.4676246654387,W2,PIT,14,16,1641.191508875368,1686.3103770510534,1761.7020275006428,1929.233221830235,2004.624872279824,2049.7437404555094,124.19106019097313,,,,,,,,2024-02-13,d_steps_rw,rev_leg=naive;scenario=backtest;event_E05_ops_cash_unidentified;event_E09_cor_cash_unidentified,1.0
driver-lines,margin_v2,adj_ebitda_margin_pct,2024Q3,2024-02-13,2,55.96384119113848,55.96384119113848,W1,PIT,14,16,41.26538634687995,44.51186302840201,49.93658321892208,61.991099163354875,67.41581935387494,70.662296035397,8.93602604111361,,,,,,,,2024-02-13,d_steps_rw,rev_leg=naive;scenario=backtest;event_E05_ops_cash_unidentified;event_E09_cor_cash_unidentified,1.0
driver-lines,margin_v2,adj_ebitda_margin_pct,2024Q3,2024-02-13,2,55.96384119113848,55.96384119113848,W2,PIT,14,16,41.26538634687995,44.51186302840201,49.93658321892208,61.991099163354875,67.41581935387494,70.662296035397,8.93602604111361,,,,,,,,2024-02-13,d_steps_rw,rev_leg=naive;scenario=backtest;event_E05_ops_cash_unidentified;event_E09_cor_cash_unidentified,1.0
driver-lines,margin_v2,adj_ebitda_musd,2024Q3,2024-02-13,2,2216.9407770311655,2216.9407770311655,W1,PIT,14,16,-647.6616833498749,-14.951293856760259,1042.2800253055088,3391.601528756822,4448.83284791909,5081.543237412206,1741.5546364999166,,,,,,,,2024-02-13,d_steps_rw,rev_leg=naive;scenario=backtest;event_E05_ops_cash_unidentified;event_E09_cor_cash_unidentified,1.0
driver-lines,margin_v2,adj_ebitda_musd,2024Q3,2024-02-13,2,2216.9407770311655,2216.9407770311655,W2,PIT,14,16,-647.6616833498749,-14.951293856760259,1042.2800253055088,3391.601528756822,4448.83284791909,5081.543237412206,1741.5546364999166,,,,,,,,2024-02-13,d_steps_rw,rev_leg=naive;scenario=backtest;event_E05_ops_cash_unidentified;event_E09_cor_cash_unidentified,1.0
driver-lines,margin_v2,total_cash_costs_musd,2024Q3,2024-02-13,2,1744.4398749141556,1744.4398749141556,W1,PIT,14,16,1597.6687685355591,1630.0863919815658,1684.2548193838481,1804.624930444463,1858.793357846745,1891.210981292752,89.23049685011671,,,,,,,,2024-02-13,d_steps_rw,rev_leg=naive;scenario=backtest;event_E05_ops_cash_unidentified;event_E09_cor_cash_unidentified,1.0
driver-lines,margin_v2,total_cash_costs_musd,2024Q3,2024-02-13,2,1744.4398749141556,1744.4398749141556,W2,PIT,14,16,1597.6687685355591,1630.0863919815658,1684.2548193838481,1804.624930444463,1858.793357846745,1891.210981292752,89.23049685011671,,,,,,,,2024-02-13,d_steps_rw,rev_leg=naive;scenario=backtest;event_E05_ops_cash_unidentified;event_E09_cor_cash_unidentified,1.0
driver-lines,margin_v2,adj_ebitda_margin_pct,2024Q1,2024-02-13,0,14.882312825930908,14.882312825930908,W1,full_sample,14,16,10.618580110828777,11.560319156360409,13.133923810160484,16.630701841701335,18.204306495501406,19.14604554103304,2.592165433592058,,,,,,,,2024-02-13,d_steps_rw,rev_leg=guide_cushion;scenario=backtest;,1.0
driver-lines,margin_v2,adj_ebitda_margin_pct,2024Q1,2024-02-13,0,14.882312825930908,14.882312825930908,W2,full_sample,14,16,10.618580110828777,11.560319156360409,13.133923810160484,16.630701841701335,18.204306495501406,19.14604554103304,2.592165433592058,,,,,,,,2024-02-13,d_steps_rw,rev_leg=guide_cushion;scenario=backtest;,1.0
driver-lines,margin_v2,adj_ebitda_musd,2024Q1,2024-02-13,0,312.82277905747,312.82277905747,W1,full_sample,14,16,255.941277034997,268.5048064591828,289.49791326924645,336.14764484569343,357.1407516557572,369.704281079943,34.58149776396557,,,,,,,,2024-02-13,d_steps_rw,rev_leg=guide_cushion;scenario=backtest;,1.0
driver-lines,margin_v2,adj_ebitda_musd,2024Q1,2024-02-13,0,312.82277905747,312.82277905747,W2,full_sample,14,16,255.941277034997,268.5048064591828,289.49791326924645,336.14764484569343,357.1407516557572,369.704281079943,34.58149776396557,,,,,,,,2024-02-13,d_steps_rw,rev_leg=guide_cushion;scenario=backtest;,1.0
driver-lines,margin_v2,total_cash_costs_musd,2024Q1,2024-02-13,0,1789.1541294806186,1789.1541294806186,W1,full_sample,14,16,1675.9790971468567,1700.9762895249103,1742.745501967233,1835.5627569940045,1877.331969436327,1902.3291618143805,68.80553410914588,,,,,,,,2024-02-13,d_steps_rw,rev_leg=guide_cushion;scenario=backtest;,1.0
driver-lines,margin_v2,total_cash_costs_musd,2024Q1,2024-02-13,0,1789.1541294806186,1789.1541294806186,W2,full_sample,14,16,1675.9790971468567,1700.9762895249103,1742.745501967233,1835.5627569940045,1877.331969436327,1902.3291618143805,68.80553410914588,,,,,,,,2024-02-13,d_steps_rw,rev_leg=guide_cushion;scenario=backtest;,1.0
driver-lines,margin_v2,adj_ebitda_margin_pct,2024Q2,2024-02-13,1,35.01658133651761,35.01658133651761,W1,full_sample,14,16,28.832768533274958,30.19859945096946,32.48084302851464,37.55231964452058,39.83456322206576,41.20039413976026,3.7594912409948393,,,,,,,,2024-02-13,d_steps_rw,rev_leg=naive;scenario=backtest;,1.0
driver-lines,margin_v2,adj_ebitda_margin_pct,2024Q2,2024-02-13,1,35.01658133651761,35.01658133651761,W2,full_sample,14,16,28.832768533274958,30.19859945096946,32.48084302851464,37.55231964452058,39.83456322206576,41.20039413976026,3.7594912409948393,,,,,,,,2024-02-13,d_steps_rw,rev_leg=naive;scenario=backtest;,1.0
driver-lines,margin_v2,adj_ebitda_musd,2024Q2,2024-02-13,1,1014.3232127892735,1014.3232127892735,W1,full_sample,14,16,651.3788860967885,731.5431146352827,865.4940256599548,1163.1523999185922,1297.1033109432642,1377.2675394817584,220.6544830163133,,,,,,,,2024-02-13,d_steps_rw,rev_leg=naive;scenario=backtest;,1.0
driver-lines,margin_v2,adj_ebitda_musd,2024Q2,2024-02-13,1,1014.3232127892735,1014.3232127892735,W2,full_sample,14,16,651.3788860967885,731.5431146352827,865.4940256599548,1163.1523999185922,1297.1033109432642,1377.2675394817584,220.6544830163133,,,,,,,,2024-02-13,d_steps_rw,rev_leg=naive;scenario=backtest;,1.0
driver-lines,margin_v2,total_cash_costs_musd,2024Q2,2024-02-13,1,1882.370793519875,1882.370793519875,W1,full_sample,14,16,1761.3946588258575,1788.1148960525763,1832.7632408887723,1931.9783461509778,1976.6266909871736,2003.3469282138922,73.5482675855063,,,,,,,,2024-02-13,d_steps_rw,rev_leg=naive;scenario=backtest;,1.0
driver-lines,margin_v2,total_cash_costs_musd,2024Q2,2024-02-13,1,1882.370793519875,1882.370793519875,W2,full_sample,14,16,1761.3946588258575,1788.1148960525763,1832.7632408887723,1931.9783461509778,1976.6266909871736,2003.3469282138922,73.5482675855063,,,,,,,,2024-02-13,d_steps_rw,rev_leg=naive;scenario=backtest;,1.0
driver-lines,margin_v2,adj_ebitda_margin_pct,2024Q3,2024-02-13,2,55.239693991586,55.239693991586,W1,full_sample,14,16,47.28382660977447,49.04105471368107,51.97730582827162,58.502082154900386,61.43833326949093,63.19556137339753,4.836823928556318,,,,,,,,2024-02-13,d_steps_rw,rev_leg=naive;scenario=backtest;,1.0
driver-lines,margin_v2,adj_ebitda_margin_pct,2024Q3,2024-02-13,2,55.239693991586,55.239693991586,W2,full_sample,14,16,47.28382660977447,49.04105471368107,51.97730582827162,58.502082154900386,61.43833326949093,63.19556137339753,4.836823928556318,,,,,,,,2024-02-13,d_steps_rw,rev_leg=naive;scenario=backtest;,1.0
driver-lines,margin_v2,adj_ebitda_musd,2024Q3,2024-02-13,2,2188.2545499764897,2188.2545499764897,W1,full_sample,14,16,746.5338539822266,1064.9695446998412,1597.061621827643,2779.4474781253366,3311.539555253138,3629.975245970753,876.503946838303,,,,,,,,2024-02-13,d_steps_rw,rev_leg=naive;scenario=backtest;,1.0
driver-lines,margin_v2,adj_ebitda_musd,2024Q3,2024-02-13,2,2188.2545499764897,2188.2545499764897,W2,full_sample,14,16,746.5338539822266,1064.9695446998412,1597.061621827643,2779.4474781253366,3311.539555253138,3629.975245970753,876.503946838303,,,,,,,,2024-02-13,d_steps_rw,rev_leg=naive;scenario=backtest;,1.0
driver-lines,margin_v2,total_cash_costs_musd,2024Q3,2024-02-13,2,1773.1261019688313,1773.1261019688313,W1,full_sample,14,16,1646.7065593974767,1674.6290928471,1721.286421956154,1824.9657819815086,1871.6231110905626,1899.545644540186,76.85762459341582,,,,,,,,2024-02-13,d_steps_rw,rev_leg=naive;scenario=backtest;,1.0
driver-lines,margin_v2,total_cash_costs_musd,2024Q3,2024-02-13,2,1773.1261019688313,1773.1261019688313,W2,full_sample,14,16,1646.7065593974767,1674.6290928471,1721.286421956154,1824.9657819815086,1871.6231110905626,1899.545644540186,76.85762459341582,,,,,,,,2024-02-13,d_steps_rw,rev_leg=naive;scenario=backtest;,1.0
driver-lines,margin_v2,adj_ebitda_margin_pct,2024Q2,2024-05-08,0,35.68278243104688,35.68278243104688,W1,PIT,14,17,26.645970220633806,28.64194873859753,31.97714132687935,39.38842353521441,42.72361612349623,44.719594641459956,5.493991722024326,,,,,,,,2024-05-08,d_steps_rw,rev_leg=guide_cushion;scenario=backtest;event_E05_ops_cash_unidentified;event_E09_cor_cash_unidentified,1.0
driver-lines,margin_v2,adj_ebitda_margin_pct,2024Q2,2024-05-08,0,35.68278243104688,35.68278243104688,W2,PIT,14,17,26.645970220633806,28.64194873859753,31.97714132687935,39.38842353521441,42.72361612349623,44.719594641459956,5.493991722024326,,,,,,,,2024-05-08,d_steps_rw,rev_leg=guide_cushion;scenario=backtest;event_E05_ops_cash_unidentified;event_E09_cor_cash_unidentified,1.0
driver-lines,margin_v2,adj_ebitda_musd,2024Q2,2024-05-08,0,991.5213782616448,991.5213782616448,W1,PIT,14,17,502.8010718737744,610.7456888614777,791.1164109319698,1191.9263455913197,1372.297067661812,1480.2416846495153,297.1208491625189,,,,,,,,2024-05-08,d_steps_rw,rev_leg=guide_cushion;scenario=backtest;event_E05_ops_cash_unidentified;event_E09_cor_cash_unidentified,1.0
driver-lines,margin_v2,adj_ebitda_musd,2024Q2,2024-05-08,0,991.5213782616448,991.5213782616448,W2,PIT,14,17,502.8010718737744,610.7456888614777,791.1164109319698,1191.9263455913197,1372.297067661812,1480.2416846495153,297.1208491625189,,,,,,,,2024-05-08,d_steps_rw,rev_leg=guide_cushion;scenario=backtest;event_E05_ops_cash_unidentified;event_E09_cor_cash_unidentified,1.0
driver-lines,margin_v2,total_cash_costs_musd,2024Q2,2024-05-08,0,1787.1895593667555,1787.1895593667555,W1,PIT,14,17,1594.1990544113737,1636.8252474861888,1708.0517471355085,1866.3273715980024,1937.5538712473224,1980.1800643221372,117.3298959817265,,,,,,,,2024-05-08,d_steps_rw,rev_leg=guide_cushion;scenario=backtest;event_E05_ops_cash_unidentified;event_E09_cor_cash_unidentified,1.0
driver-lines,margin_v2,total_cash_costs_musd,2024Q2,2024-05-08,0,1787.1895593667555,1787.1895593667555,W2,PIT,14,17,1594.1990544113737,1636.8252474861888,1708.0517471355085,1866.3273715980024,1937.5538712473224,1980.1800643221372,117.3298959817265,,,,,,,,2024-05-08,d_steps_rw,rev_leg=guide_cushion;scenario=backtest;event_E05_ops_cash_unidentified;event_E09_cor_cash_unidentified,1.0
driver-lines,margin_v2,adj_ebitda_margin_pct,2024Q3,2024-05-08,1,56.773662551674846,56.773662551674846,W1,PIT,14,17,44.40390001257987,47.13603383648473,51.70130966369038,61.84601543965931,66.41129126686496,69.14342509076982,7.520281644769065,,,,,,,,2024-05-08,d_steps_rw,rev_leg=naive;scenario=backtest;event_E05_ops_cash_unidentified;event_E09_cor_cash_unidentified,1.0
driver-lines,margin_v2,adj_ebitda_margin_pct,2024Q3,2024-05-08,1,56.773662551674846,56.773662551674846,W2,PIT,14,17,44.40390001257987,47.13603383648473,51.70130966369038,61.84601543965931,66.41129126686496,69.14342509076982,7.520281644769065,,,,,,,,2024-05-08,d_steps_rw,rev_leg=naive;scenario=backtest;event_E05_ops_cash_unidentified;event_E09_cor_cash_unidentified,1.0
driver-lines,margin_v2,adj_ebitda_musd,2024Q3,2024-05-08,1,2272.312442661059,2272.312442661059,W1,PIT,14,17,829.89892123178,1148.4876376682867,1680.8354140628248,2863.789471259293,3396.137247653831,3714.725964090338,876.9251547948431,,,,,,,,2024-05-08,d_steps_rw,rev_leg=naive;scenario=backtest;event_E05_ops_cash_unidentified;event_E09_cor_cash_unidentified,1.0
driver-lines,margin_v2,adj_ebitda_musd,2024Q3,2024-05-08,1,2272.312442661059,2272.312442661059,W2,PIT,14,17,829.89892123178,1148.4876376682867,1680.8354140628248,2863.789471259293,3396.137247653831,3714.725964090338,876.9251547948431,,,,,,,,2024-05-08,d_steps_rw,rev_leg=naive;scenario=backtest;event_E05_ops_cash_unidentified;event_E09_cor_cash_unidentified,1.0
driver-lines,margin_v2,total_cash_costs_musd,2024Q3,2024-05-08,1,1730.0934979330004,1730.0934979330004,W1,PIT,14,17,1549.7827096553244,1589.608308724943,1656.1551385858095,1804.0318572801914,1870.5786871410576,1910.4042862106767,109.6211756008097,,,,,,,,2024-05-08,d_steps_rw,rev_leg=naive;scenario=backtest;event_E05_ops_cash_unidentified;event_E09_cor_cash_unidentified,1.0
driver-lines,margin_v2,total_cash_costs_musd,2024Q3,2024-05-08,1,1730.0934979330004,1730.0934979330004,W2,PIT,14,17,1549.7827096553244,1589.608308724943,1656.1551385858095,1804.0318572801914,1870.5786871410576,1910.4042862106767,109.6211756008097,,,,,,,,2024-05-08,d_steps_rw,rev_leg=naive;scenario=backtest;event_E05_ops_cash_unidentified;event_E09_cor_cash_unidentified,1.0
driver-lines,margin_v2,adj_ebitda_margin_pct,2024Q4,2024-05-08,2,36.94348131645772,36.94348131645772,W1,PIT,14,17,21.238942456326665,24.70763489670164,30.503667877041593,43.38329475587385,49.1793277362138,52.64802017658877,9.547681692040543,,,,,,,,2024-05-08,d_steps_rw,rev_leg=naive;scenario=backtest;event_E05_ops_cash_unidentified;event_E09_cor_cash_unidentified,1.0
driver-lines,margin_v2,adj_ebitda_margin_pct,2024Q4,2024-05-08,2,36.94348131645772,36.94348131645772,W2,PIT,14,17,21.238942456326665,24.70763489670164,30.503667877041593,43.38329475587385,49.1793277362138,52.64802017658877,9.547681692040543,,,,,,,,2024-05-08,d_steps_rw,rev_leg=naive;scenario=backtest;event_E05_ops_cash_unidentified;event_E09_cor_cash_unidentified,1.0
driver-lines,margin_v2,adj_ebitda_musd,2024Q4,2024-05-08,2,965.439242141434,965.439242141434,W1,PIT,14,17,-270.41221861985355,2.5527284918299586,458.66518675435475,1472.2132975285133,1928.3257557910379,2201.2907029027215,751.3443387979645,,,,,,,,2024-05-08,d_steps_rw,rev_leg=naive;scenario=backtest;event_E05_ops_cash_unidentified;event_E09_cor_cash_unidentified,1.0
driver-lines,margin_v2,adj_ebitda_musd,2024Q4,2024-05-08,2,965.439242141434,965.439242141434,W2,PIT,14,17,-270.41221861985355,2.5527284918299586,458.66518675435475,1472.2132975285133,1928.3257557910379,2201.2907029027215,751.3443387979645,,,,,,,,2024-05-08,d_steps_rw,rev_leg=naive;scenario=backtest;event_E05_ops_cash_unidentified;event_E09_cor_cash_unidentified,1.0
driver-lines,margin_v2,total_cash_costs_musd,2024Q4,2024-05-08,2,1647.847886571437,1647.847886571437,W1,PIT,14,17,1509.6979728596868,1540.2114164952045,1591.1980429244086,1704.4977302184652,1755.4843566476693,1785.9978002831867,83.98918386907977,,,,,,,,2024-05-08,d_steps_rw,rev_leg=naive;scenario=backtest;event_E05_ops_cash_unidentified;event_E09_cor_cash_unidentified,1.0
driver-lines,margin_v2,total_cash_costs_musd,2024Q4,2024-05-08,2,1647.847886571437,1647.847886571437,W2,PIT,14,17,1509.6979728596868,1540.2114164952045,1591.1980429244086,1704.4977302184652,1755.4843566476693,1785.9978002831867,83.98918386907977,,,,,,,,2024-05-08,d_steps_rw,rev_leg=naive;scenario=backtest;event_E05_ops_cash_unidentified;event_E09_cor_cash_unidentified,1.0
driver-lines,margin_v2,adj_ebitda_margin_pct,2024Q2,2024-05-08,0,34.12660203015744,34.12660203015744,W1,full_sample,14,17,29.86286931505531,30.804608360586943,32.378213014387015,35.87499104592787,37.448595699727946,38.39033474525957,2.592165433592058,,,,,,,,2024-05-08,d_steps_rw,rev_leg=guide_cushion;scenario=backtest;,1.0
driver-lines,margin_v2,adj_ebitda_margin_pct,2024Q2,2024-05-08,0,34.12660203015744,34.12660203015744,W2,full_sample,14,17,29.86286931505531,30.804608360586943,32.378213014387015,35.87499104592787,37.448595699727946,38.39033474525957,2.592165433592058,,,,,,,,2024-05-08,d_steps_rw,rev_leg=guide_cushion;scenario=backtest;,1.0
driver-lines,margin_v2,adj_ebitda_musd,2024Q2,2024-05-08,0,948.2796232529005,948.2796232529005,W1,full_sample,14,17,775.8511016776852,813.9357289704595,877.5734713264848,1018.9857751793161,1082.6235175353415,1120.7081448281158,104.82909770809806,,,,,,,,2024-05-08,d_steps_rw,rev_leg=guide_cushion;scenario=backtest;,1.0
driver-lines,margin_v2,adj_ebitda_musd,2024Q2,2024-05-08,0,948.2796232529005,948.2796232529005,W2,full_sample,14,17,775.8511016776852,813.9357289704595,877.5734713264848,1018.9857751793161,1082.6235175353415,1120.7081448281158,104.82909770809806,,,,,,,,2024-05-08,d_steps_rw,rev_leg=guide_cushion;scenario=backtest;,1.0
driver-lines,margin_v2,total_cash_costs_musd,2024Q2,2024-05-08,0,1830.4313143754998,1830.4313143754998,W1,full_sample,14,17,1714.6452455423387,1740.2191426964873,1782.952003533594,1877.9106252174058,1920.6434860545123,1946.217383208661,70.39293158732667,,,,,,,,2024-05-08,d_steps_rw,rev_leg=guide_cushion;scenario=backtest;,1.0
driver-lines,margin_v2,total_cash_costs_musd,2024Q2,2024-05-08,0,1830.4313143754998,1830.4313143754998,W2,full_sample,14,17,1714.6452455423387,1740.2191426964873,1782.952003533594,1877.9106252174058,1920.6434860545123,1946.217383208661,70.39293158732667,,,,,,,,2024-05-08,d_steps_rw,rev_leg=guide_cushion;scenario=backtest;,1.0
driver-lines,margin_v2,adj_ebitda_margin_pct,2024Q3,2024-05-08,1,55.934245792397526,55.934245792397526,W1,full_sample,14,17,49.750432989154874,51.116263906849376,53.39850748439456,58.469984100400495,60.752227677945676,62.11805859564018,3.7594912409948393,,,,,,,,2024-05-08,d_steps_rw,rev_leg=naive;scenario=backtest;,1.0
driver-lines,margin_v2,adj_ebitda_margin_pct,2024Q3,2024-05-08,1,55.934245792397526,55.934245792397526,W2,full_sample,14,17,49.750432989154874,51.116263906849376,53.39850748439456,58.469984100400495,60.752227677945676,62.11805859564018,3.7594912409948393,,,,,,,,2024-05-08,d_steps_rw,rev_leg=naive;scenario=backtest;,1.0
driver-lines,margin_v2,adj_ebitda_musd,2024Q3,2024-05-08,1,2238.7155764214012,2238.7155764214012,W1,full_sample,14,17,1437.6601462633146,1614.5908374257735,1910.2342646940306,2567.196888148772,2862.840315417029,3039.7710065794877,487.0071215046297,,,,,,,,2024-05-08,d_steps_rw,rev_leg=naive;scenario=backtest;,1.0
driver-lines,margin_v2,adj_ebitda_musd,2024Q3,2024-05-08,1,2238.7155764214012,2238.7155764214012,W2,full_sample,14,17,1437.6601462633146,1614.5908374257735,1910.2342646940306,2567.196888148772,2862.840315417029,3039.7710065794877,487.0071215046297,,,,,,,,2024-05-08,d_steps_rw,rev_leg=naive;scenario=backtest;,1.0
driver-lines,margin_v2,total_cash_costs_musd,2024Q3,2024-05-08,1,1763.690364172658,1763.690364172658,W1,full_sample,14,17,1650.3415788062432,1675.377148358961,1717.2104873774704,1810.170240967846,1852.0035799863551,1877.0391495390727,68.91116845241261,,,,,,,,2024-05-08,d_steps_rw,rev_leg=naive;scenario=backtest;,1.0
driver-lines,margin_v2,total_cash_costs_musd,2024Q3,2024-05-08,1,1763.690364172658,1763.690364172658,W2,full_sample,14,17,1650.3415788062432,1675.377148358961,1717.2104873774704,1810.170240967846,1852.0035799863551,1877.0391495390727,68.91116845241261,,,,,,,,2024-05-08,d_steps_rw,rev_leg=naive;scenario=backtest;,1.0
driver-lines,margin_v2,adj_ebitda_margin_pct,2024Q4,2024-05-08,2,35.55590485247341,35.55590485247341,W1,full_sample,14,17,27.60003747066188,29.357265574568476,32.29351668915903,38.818293015787795,41.75454413037834,43.51177223428494,4.836823928556318,,,,,,,,2024-05-08,d_steps_rw,rev_leg=naive;scenario=backtest;,1.0
driver-lines,margin_v2,adj_ebitda_margin_pct,2024Q4,2024-05-08,2,35.55590485247341,35.55590485247341,W2,full_sample,14,17,27.60003747066188,29.357265574568476,32.29351668915903,38.818293015787795,41.75454413037834,43.51177223428494,4.836823928556318,,,,,,,,2024-05-08,d_steps_rw,rev_leg=naive;scenario=backtest;,1.0
driver-lines,margin_v2,adj_ebitda_musd,2024Q4,2024-05-08,2,929.1778850070829,929.1778850070829,W1,full_sample,14,17,316.99362742640903,452.20797057261274,678.1452093915374,1180.2105606226285,1406.147799441553,1541.3621425877568,372.1816017850049,,,,,,,,2024-05-08,d_steps_rw,rev_leg=naive;scenario=backtest;,1.0
driver-lines,margin_v2,adj_ebitda_musd,2024Q4,2024-05-08,2,929.1778850070829,929.1778850070829,W2,full_sample,14,17,316.99362742640903,452.20797057261274,678.1452093915374,1180.2105606226285,1406.147799441553,1541.3621425877568,372.1816017850049,,,,,,,,2024-05-08,d_steps_rw,rev_leg=naive;scenario=backtest;,1.0
driver-lines,margin_v2,total_cash_costs_musd,2024Q4,2024-05-08,2,1684.1092437057882,1684.1092437057882,W1,full_sample,14,17,1564.0363848193995,1590.557113738781,1634.872088941014,1733.3463984705625,1777.6613736727954,1804.182102592177,72.99911488715776,,,,,,,,2024-05-08,d_steps_rw,rev_leg=naive;scenario=backtest;,1.0
driver-lines,margin_v2,total_cash_costs_musd,2024Q4,2024-05-08,2,1684.1092437057882,1684.1092437057882,W2,full_sample,14,17,1564.0363848193995,1590.557113738781,1634.872088941014,1733.3463984705625,1777.6613736727954,1804.182102592177,72.99911488715776,,,,,,,,2024-05-08,d_steps_rw,rev_leg=naive;scenario=backtest;,1.0
driver-lines,margin_v2,adj_ebitda_margin_pct,2024Q3,2024-08-06,0,54.55175528038145,54.55175528038145,W1,PIT,14,18,46.81928098626844,48.52716781874814,51.38097183219091,57.72253872857199,60.57634274201476,62.28422957449446,4.70101057468814,,,,,,,,2024-08-06,d_steps_rw,rev_leg=guide_cushion;scenario=backtest;event_E05_ops_cash_unidentified;event_E09_cor_cash_unidentified,1.0
driver-lines,margin_v2,adj_ebitda_margin_pct,2024Q3,2024-08-06,0,54.55175528038145,54.55175528038145,W2,PIT,14,18,46.81928098626844,48.52716781874814,51.38097183219091,57.72253872857199,60.57634274201476,62.28422957449446,4.70101057468814,,,,,,,,2024-08-06,d_steps_rw,rev_leg=guide_cushion;scenario=backtest;event_E05_ops_cash_unidentified;event_E09_cor_cash_unidentified,1.0
driver-lines,margin_v2,adj_ebitda_musd,2024Q3,2024-08-06,0,2069.591027816856,2069.591027816856,W1,PIT,14,18,1169.7903898492134,1368.5311296162706,1700.6181918242125,2438.5638638094993,2770.650926017441,2969.391665784498,547.0399452109966,,,,,,,,2024-08-06,d_steps_rw,rev_leg=guide_cushion;scenario=backtest;event_E05_ops_cash_unidentified;event_E09_cor_cash_unidentified,1.0
driver-lines,margin_v2,adj_ebitda_musd,2024Q3,2024-08-06,0,2069.591027816856,2069.591027816856,W2,PIT,14,18,1169.7903898492134,1368.5311296162706,1700.6181918242125,2438.5638638094993,2770.650926017441,2969.391665784498,547.0399452109966,,,,,,,,2024-08-06,d_steps_rw,rev_leg=guide_cushion;scenario=backtest;event_E05_ops_cash_unidentified;event_E09_cor_cash_unidentified,1.0
driver-lines,margin_v2,total_cash_costs_musd,2024Q3,2024-08-06,0,1724.2209534470117,1724.2209534470117,W1,PIT,14,18,1555.3264184993775,1592.6304872027752,1654.963950380152,1793.4779565138713,1855.8114196912481,1893.115488394646,102.68058639397523,,,,,,,,2024-08-06,d_steps_rw,rev_leg=guide_cushion;scenario=backtest;event_E05_ops_cash_unidentified;event_E09_cor_cash_unidentified,1.0
driver-lines,margin_v2,total_cash_costs_musd,2024Q3,2024-08-06,0,1724.2209534470117,1724.2209534470117,W2,PIT,14,18,1555.3264184993775,1592.6304872027752,1654.963950380152,1793.4779565138713,1855.8114196912481,1893.115488394646,102.68058639397523,,,,,,,,2024-08-06,d_steps_rw,rev_leg=guide_cushion;scenario=backtest;event_E05_ops_cash_unidentified;event_E09_cor_cash_unidentified,1.0
driver-lines,margin_v2,adj_ebitda_margin_pct,2024Q4,2024-08-06,1,33.3151238330111,33.3151238330111,W1,PIT,14,18,22.382646098668776,24.7973239958945,28.83214488872214,37.79810277730006,41.8329236701277,44.24760156735343,6.646474528316715,,,,,,,,2024-08-06,d_steps_rw,rev_leg=naive;scenario=backtest;event_E05_ops_cash_unidentified;event_E09_cor_cash_unidentified,1.0
driver-lines,margin_v2,adj_ebitda_margin_pct,2024Q4,2024-08-06,1,33.3151238330111,33.3151238330111,W2,PIT,14,18,22.382646098668776,24.7973239958945,28.83214488872214,37.79810277730006,41.8329236701277,44.24760156735343,6.646474528316715,,,,,,,,2024-08-06,d_steps_rw,rev_leg=naive;scenario=backtest;event_E05_ops_cash_unidentified;event_E09_cor_cash_unidentified,1.0
driver-lines,margin_v2,adj_ebitda_musd,2024Q4,2024-08-06,1,817.4630109908531,817.4630109908531,W1,PIT,14,18,332.2558667139599,439.4245246642989,618.4986532058847,1016.4273687758217,1195.5014973174075,1302.6701552677462,294.98499825553665,,,,,,,,2024-08-06,d_steps_rw,rev_leg=naive;scenario=backtest;event_E05_ops_cash_unidentified;event_E09_cor_cash_unidentified,1.0
driver-lines,margin_v2,adj_ebitda_musd,2024Q4,2024-08-06,1,817.4630109908531,817.4630109908531,W2,PIT,14,18,332.2558667139599,439.4245246642989,618.4986532058847,1016.4273687758217,1195.5014973174075,1302.6701552677462,294.98499825553665,,,,,,,,2024-08-06,d_steps_rw,rev_leg=naive;scenario=backtest;event_E05_ops_cash_unidentified;event_E09_cor_cash_unidentified,1.0
driver-lines,margin_v2,total_cash_costs_musd,2024Q4,2024-08-06,1,1636.2664576081806,1636.2664576081806,W1,PIT,14,18,1505.2010578948339,1534.1497309650483,1582.5216943882172,1690.011220828144,1738.3831842513132,1767.3318573215272,79.68210518297597,,,,,,,,2024-08-06,d_steps_rw,rev_leg=naive;scenario=backtest;event_E05_ops_cash_unidentified;event_E09_cor_cash_unidentified,1.0
driver-lines,margin_v2,total_cash_costs_musd,2024Q4,2024-08-06,1,1636.2664576081806,1636.2664576081806,W2,PIT,14,18,1505.2010578948339,1534.1497309650483,1582.5216943882172,1690.011220828144,1738.3831842513132,1767.3318573215272,79.68210518297597,,,,,,,,2024-08-06,d_steps_rw,rev_leg=naive;scenario=backtest;event_E05_ops_cash_unidentified;event_E09_cor_cash_unidentified,1.0
driver-lines,margin_v2,adj_ebitda_margin_pct,2025Q1,2024-08-06,2,19.434286588700292,19.434286588700292,W1,PIT,14,18,5.134146466523601,8.292646590587943,13.570361810996966,25.29821136640362,30.575926586812642,33.73442671087698,8.69386788457292,,,,,,,,2024-08-06,d_steps_rw,rev_leg=naive;scenario=backtest;event_E05_ops_cash_unidentified;event_E09_cor_cash_unidentified,1.0
driver-lines,margin_v2,adj_ebitda_margin_pct,2025Q1,2024-08-06,2,19.434286588700292,19.434286588700292,W2,PIT,14,18,5.134146466523601,8.292646590587943,13.570361810996966,25.29821136640362,30.575926586812642,33.73442671087698,8.69386788457292,,,,,,,,2024-08-06,d_steps_rw,rev_leg=naive;scenario=backtest;event_E05_ops_cash_unidentified;event_E09_cor_cash_unidentified,1.0
driver-lines,margin_v2,adj_ebitda_musd,2025Q1,2024-08-06,2,460.52499463362756,460.52499463362756,W1,PIT,14,18,-78.77095230488493,40.34440605940858,239.38094718031076,681.6690420869444,880.7055832078465,999.8209415721401,327.8686553635956,,,,,,,,2024-08-06,d_steps_rw,rev_leg=naive;scenario=backtest;event_E05_ops_cash_unidentified;event_E09_cor_cash_unidentified,1.0
driver-lines,margin_v2,adj_ebitda_musd,2025Q1,2024-08-06,2,460.52499463362756,460.52499463362756,W2,PIT,14,18,-78.77095230488493,40.34440605940858,239.38094718031076,681.6690420869444,880.7055832078465,999.8209415721401,327.8686553635956,,,,,,,,2024-08-06,d_steps_rw,rev_leg=naive;scenario=backtest;event_E05_ops_cash_unidentified;event_E09_cor_cash_unidentified,1.0
driver-lines,margin_v2,total_cash_costs_musd,2025Q1,2024-08-06,2,1909.127179279416,1909.127179279416,W1,PIT,14,18,1764.3166691731667,1796.3012518575767,1849.7460871342405,1968.5082714245914,2021.9531067012551,2053.937689385665,88.0385389517224,,,,,,,,2024-08-06,d_steps_rw,rev_leg=naive;scenario=backtest;event_E05_ops_cash_unidentified;event_E09_cor_cash_unidentified,1.0
driver-lines,margin_v2,total_cash_costs_musd,2025Q1,2024-08-06,2,1909.127179279416,1909.127179279416,W2,PIT,14,18,1764.3166691731667,1796.3012518575767,1849.7460871342405,1968.5082714245914,2021.9531067012551,2053.937689385665,88.0385389517224,,,,,,,,2024-08-06,d_steps_rw,rev_leg=naive;scenario=backtest;event_E05_ops_cash_unidentified;event_E09_cor_cash_unidentified,1.0
driver-lines,margin_v2,adj_ebitda_margin_pct,2024Q3,2024-08-06,0,53.96272026757762,53.96272026757762,W1,full_sample,14,18,49.698987552475494,50.64072659800712,52.214331251807195,55.71110928334805,57.284713937148126,58.22645298267975,2.592165433592058,,,,,,,,2024-08-06,d_steps_rw,rev_leg=guide_cushion;scenario=backtest;,1.0
driver-lines,margin_v2,adj_ebitda_margin_pct,2024Q3,2024-08-06,0,53.96272026757762,53.96272026757762,W2,full_sample,14,18,49.698987552475494,50.64072659800712,52.214331251807195,55.71110928334805,57.284713937148126,58.22645298267975,2.592165433592058,,,,,,,,2024-08-06,d_steps_rw,rev_leg=guide_cushion;scenario=backtest;,1.0
driver-lines,margin_v2,adj_ebitda_musd,2024Q3,2024-08-06,0,2047.244146927265,2047.244146927265,W1,full_sample,14,18,1674.987617416204,1757.2086505388836,1894.5963918415273,2199.891902013003,2337.279643315647,2419.500676438326,226.31590034001474,,,,,,,,2024-08-06,d_steps_rw,rev_leg=guide_cushion;scenario=backtest;,1.0
driver-lines,margin_v2,adj_ebitda_musd,2024Q3,2024-08-06,0,2047.244146927265,2047.244146927265,W2,full_sample,14,18,1674.987617416204,1757.2086505388836,1894.5963918415273,2199.891902013003,2337.279643315647,2419.500676438326,226.31590034001474,,,,,,,,2024-08-06,d_steps_rw,rev_leg=guide_cushion;scenario=backtest;,1.0
driver-lines,margin_v2,total_cash_costs_musd,2024Q3,2024-08-06,0,1746.5678343366023,1746.5678343366023,W1,full_sample,14,18,1636.0866477987297,1660.488845148215,1701.263846985821,1791.871821687384,1832.6468235249897,1857.049020874475,67.16779215341825,,,,,,,,2024-08-06,d_steps_rw,rev_leg=guide_cushion;scenario=backtest;,1.0
driver-lines,margin_v2,total_cash_costs_musd,2024Q3,2024-08-06,0,1746.5678343366023,1746.5678343366023,W2,full_sample,14,18,1636.0866477987297,1660.488845148215,1701.263846985821,1791.871821687384,1832.6468235249897,1857.049020874475,67.16779215341825,,,,,,,,2024-08-06,d_steps_rw,rev_leg=guide_cushion;scenario=backtest;,1.0
driver-lines,margin_v2,adj_ebitda_margin_pct,2024Q4,2024-08-06,1,32.268726696212845,32.268726696212845,W1,full_sample,14,18,26.084913892970192,27.450744810664695,29.73298838820988,34.804465004215814,37.086708581760995,38.4525394994555,3.7594912409948393,,,,,,,,2024-08-06,d_steps_rw,rev_leg=naive;scenario=backtest;,1.0
driver-lines,margin_v2,adj_ebitda_margin_pct,2024Q4,2024-08-06,1,32.268726696212845,32.268726696212845,W2,full_sample,14,18,26.084913892970192,27.450744810664695,29.73298838820988,34.804465004215814,37.086708581760995,38.4525394994555,3.7594912409948393,,,,,,,,2024-08-06,d_steps_rw,rev_leg=naive;scenario=backtest;,1.0
driver-lines,margin_v2,adj_ebitda_musd,2024Q4,2024-08-06,1,791.787256086658,791.787256086658,W1,full_sample,14,18,508.4705687421827,571.0472836891418,675.6102306406154,907.9642815327005,1012.5272284841742,1075.1039434311333,172.24431566568438,,,,,,,,2024-08-06,d_steps_rw,rev_leg=naive;scenario=backtest;,1.0
driver-lines,margin_v2,adj_ebitda_musd,2024Q4,2024-08-06,1,791.787256086658,791.787256086658,W2,full_sample,14,18,508.4705687421827,571.0472836891418,675.6102306406154,907.9642815327005,1012.5272284841742,1075.1039434311333,172.24431566568438,,,,,,,,2024-08-06,d_steps_rw,rev_leg=naive;scenario=backtest;,1.0
driver-lines,margin_v2,total_cash_costs_musd,2024Q4,2024-08-06,1,1661.9422125123756,1661.9422125123756,W1,full_sample,14,18,1555.1325734940108,1578.723828908886,1618.1437823301405,1705.7406426946109,1745.1605961158652,1768.7518515307402,64.93564975524465,,,,,,,,2024-08-06,d_steps_rw,rev_leg=naive;scenario=backtest;,1.0
driver-lines,margin_v2,total_cash_costs_musd,2024Q4,2024-08-06,1,1661.9422125123756,1661.9422125123756,W2,full_sample,14,18,1555.1325734940108,1578.723828908886,1618.1437823301405,1705.7406426946109,1745.1605961158652,1768.7518515307402,64.93564975524465,,,,,,,,2024-08-06,d_steps_rw,rev_leg=naive;scenario=backtest;,1.0
driver-lines,margin_v2,adj_ebitda_margin_pct,2025Q1,2024-08-06,2,18.030066408765848,18.030066408765848,W1,full_sample,14,18,10.07419902695432,11.831427130860913,14.767678245451465,21.292454572080228,24.228705686670782,25.985933790577377,4.836823928556318,,,,,,,,2024-08-06,d_steps_rw,rev_leg=naive;scenario=backtest;,1.0
driver-lines,margin_v2,adj_ebitda_margin_pct,2025Q1,2024-08-06,2,18.030066408765848,18.030066408765848,W2,full_sample,14,18,10.07419902695432,11.831427130860913,14.767678245451465,21.292454572080228,24.228705686670782,25.985933790577377,4.836823928556318,,,,,,,,2024-08-06,d_steps_rw,rev_leg=naive;scenario=backtest;,1.0
driver-lines,margin_v2,adj_ebitda_musd,2025Q1,2024-08-06,2,427.24986061328536,427.24986061328536,W1,full_sample,14,18,145.7584013982431,207.93197461204394,311.82128940347405,542.6784318230966,646.5677466145268,708.7413198283276,171.13465575459804,,,,,,,,2024-08-06,d_steps_rw,rev_leg=naive;scenario=backtest;,1.0
driver-lines,margin_v2,adj_ebitda_musd,2025Q1,2024-08-06,2,427.24986061328536,427.24986061328536,W2,full_sample,14,18,145.7584013982431,207.93197461204394,311.82128940347405,542.6784318230966,646.5677466145268,708.7413198283276,171.13465575459804,,,,,,,,2024-08-06,d_steps_rw,rev_leg=naive;scenario=backtest;,1.0
driver-lines,margin_v2,total_cash_costs_musd,2025Q1,2024-08-06,2,1942.4023132997581,1942.4023132997581,W1,full_sample,14,18,1803.9137920015628,1834.5020245618502,1885.613620005166,1999.1910065943503,2050.302602037666,2080.8908345979535,84.19504266459641,,,,,,,,2024-08-06,d_steps_rw,rev_leg=naive;scenario=backtest;,1.0
driver-lines,margin_v2,total_cash_costs_musd,2025Q1,2024-08-06,2,1942.4023132997581,1942.4023132997581,W2,full_sample,14,18,1803.9137920015628,1834.5020245618502,1885.613620005166,1999.1910065943503,2050.302602037666,2080.8908345979535,84.19504266459641,,,,,,,,2024-08-06,d_steps_rw,rev_leg=naive;scenario=backtest;,1.0
driver-lines,margin_v2,adj_ebitda_margin_pct,2024Q4,2024-11-07,0,33.00344169735981,33.00344169735981,W1,PIT,14,19,25.287632428052117,26.99183842366831,29.839491920101302,36.16739147461832,39.01504497105132,40.7192509666675,4.690878959003768,,,,,,,,2024-11-07,d_steps_rw,rev_leg=guide_cushion;scenario=backtest;event_E05_ops_cash_unidentified;event_E09_cor_cash_unidentified,1.0
driver-lines,margin_v2,adj_ebitda_margin_pct,2024Q4,2024-11-07,0,33.00344169735981,33.00344169735981,W2,PIT,14,19,25.287632428052117,26.99183842366831,29.839491920101302,36.16739147461832,39.01504497105132,40.7192509666675,4.690878959003768,,,,,,,,2024-11-07,d_steps_rw,rev_leg=guide_cushion;scenario=backtest;event_E05_ops_cash_unidentified;event_E09_cor_cash_unidentified,1.0
driver-lines,margin_v2,adj_ebitda_musd,2024Q4,2024-11-07,0,817.0048946462359,817.0048946462359,W1,PIT,14,19,459.64159167261187,538.5731285061422,670.4642657401492,963.5455235523226,1095.4366607863296,1174.36819761986,217.2614615173702,,,,,,,,2024-11-07,d_steps_rw,rev_leg=guide_cushion;scenario=backtest;event_E05_ops_cash_unidentified;event_E09_cor_cash_unidentified,1.0
driver-lines,margin_v2,adj_ebitda_musd,2024Q4,2024-11-07,0,817.0048946462359,817.0048946462359,W2,PIT,14,19,459.64159167261187,538.5731285061422,670.4642657401492,963.5455235523226,1095.4366607863296,1174.36819761986,217.2614615173702,,,,,,,,2024-11-07,d_steps_rw,rev_leg=guide_cushion;scenario=backtest;event_E05_ops_cash_unidentified;event_E09_cor_cash_unidentified,1.0
driver-lines,margin_v2,total_cash_costs_musd,2024Q4,2024-11-07,0,1658.5093324399475,1658.5093324399475,W1,PIT,14,19,1496.833251190309,1532.542965803056,1592.2123332006545,1724.8063316792404,1784.475699076839,1820.1854136895856,98.29207815243987,,,,,,,,2024-11-07,d_steps_rw,rev_leg=guide_cushion;scenario=backtest;event_E05_ops_cash_unidentified;event_E09_cor_cash_unidentified,1.0
driver-lines,margin_v2,total_cash_costs_musd,2024Q4,2024-11-07,0,1658.5093324399475,1658.5093324399475,W2,PIT,14,19,1496.833251190309,1532.542965803056,1592.2123332006545,1724.8063316792404,1784.475699076839,1820.1854136895856,98.29207815243987,,,,,,,,2024-11-07,d_steps_rw,rev_leg=guide_cushion;scenario=backtest;event_E05_ops_cash_unidentified;event_E09_cor_cash_unidentified,1.0
driver-lines,margin_v2,adj_ebitda_margin_pct,2025Q1,2024-11-07,1,18.26873245817891,18.26873245817891,W1,PIT,14,19,8.166704646000712,10.39795943269923,14.1262883501653,22.41117656619252,26.13950548365859,28.37076027035711,6.141596824576438,,,,,,,,2024-11-07,d_steps_rw,rev_leg=naive;scenario=backtest;event_E05_ops_cash_unidentified;event_E09_cor_cash_unidentified,1.0
driver-lines,margin_v2,adj_ebitda_margin_pct,2025Q1,2024-11-07,1,18.26873245817891,18.26873245817891,W2,PIT,14,19,8.166704646000712,10.39795943269923,14.1262883501653,22.41117656619252,26.13950548365859,28.37076027035711,6.141596824576438,,,,,,,,2024-11-07,d_steps_rw,rev_leg=naive;scenario=backtest;event_E05_ops_cash_unidentified;event_E09_cor_cash_unidentified,1.0
driver-lines,margin_v2,adj_ebitda_musd,2025Q1,2024-11-07,1,429.9064592925068,429.9064592925068,W1,PIT,14,19,192.21108084863485,244.71132741196809,332.4369375050218,527.3759810799918,615.1015911730456,667.6018377363787,144.50852923880538,,,,,,,,2024-11-07,d_steps_rw,rev_leg=naive;scenario=backtest;event_E05_ops_cash_unidentified;event_E09_cor_cash_unidentified,1.0
driver-lines,margin_v2,adj_ebitda_musd,2025Q1,2024-11-07,1,429.9064592925068,429.9064592925068,W2,PIT,14,19,192.21108084863485,244.71132741196809,332.4369375050218,527.3759810799918,615.1015911730456,667.6018377363787,144.50852923880538,,,,,,,,2024-11-07,d_steps_rw,rev_leg=naive;scenario=backtest;event_E05_ops_cash_unidentified;event_E09_cor_cash_unidentified,1.0
driver-lines,margin_v2,total_cash_costs_musd,2025Q1,2024-11-07,1,1923.3299257531219,1923.3299257531219,W1,PIT,14,19,1769.9442162585087,1803.8228201273698,1860.432481758415,1986.2273697478286,2042.8370313788741,2076.715635247735,93.25189000488406,,,,,,,,2024-11-07,d_steps_rw,rev_leg=naive;scenario=backtest;event_E05_ops_cash_unidentified;event_E09_cor_cash_unidentified,1.0
driver-lines,margin_v2,total_cash_costs_musd,2025Q1,2024-11-07,1,1923.3299257531219,1923.3299257531219,W2,PIT,14,19,1769.9442162585087,1803.8228201273698,1860.432481758415,1986.2273697478286,2042.8370313788741,2076.715635247735,93.25189000488406,,,,,,,,2024-11-07,d_steps_rw,rev_leg=naive;scenario=backtest;event_E05_ops_cash_unidentified;event_E09_cor_cash_unidentified,1.0
driver-lines,margin_v2,adj_ebitda_margin_pct,2025Q2,2024-11-07,2,31.57948733251323,31.57948733251323,W1,PIT,14,19,18.725592394761,21.564657495433643,26.308610797632987,36.850363867393476,41.59431716959282,44.43338227026546,7.814613244082572,,,,,,,,2024-11-07,d_steps_rw,rev_leg=naive;scenario=backtest;event_E05_ops_cash_unidentified;event_E09_cor_cash_unidentified,1.0
driver-lines,margin_v2,adj_ebitda_margin_pct,2025Q2,2024-11-07,2,31.57948733251323,31.57948733251323,W2,PIT,14,19,18.725592394761,21.564657495433643,26.308610797632987,36.850363867393476,41.59431716959282,44.43338227026546,7.814613244082572,,,,,,,,2024-11-07,d_steps_rw,rev_leg=naive;scenario=backtest;event_E05_ops_cash_unidentified;event_E09_cor_cash_unidentified,1.0
driver-lines,margin_v2,adj_ebitda_musd,2025Q2,2024-11-07,2,953.3840718284764,953.3840718284764,W1,PIT,14,19,-114.60941873177772,121.28040777441268,515.4419650927507,1391.326178564202,1785.4877358825402,2021.3775623887307,649.293939023404,,,,,,,,2024-11-07,d_steps_rw,rev_leg=naive;scenario=backtest;event_E05_ops_cash_unidentified;event_E09_cor_cash_unidentified,1.0
driver-lines,margin_v2,adj_ebitda_musd,2025Q2,2024-11-07,2,953.3840718284764,953.3840718284764,W2,PIT,14,19,-114.60941873177772,121.28040777441268,515.4419650927507,1391.326178564202,1785.4877358825402,2021.3775623887307,649.293939023404,,,,,,,,2024-11-07,d_steps_rw,rev_leg=naive;scenario=backtest;event_E05_ops_cash_unidentified;event_E09_cor_cash_unidentified,1.0
driver-lines,margin_v2,total_cash_costs_musd,2025Q2,2024-11-07,2,2065.613867529781,2065.613867529781,W1,PIT,14,19,1920.0342422898586,1952.1887009492152,2005.91739153167,2125.310343527892,2179.039034110347,2211.1934927697034,88.50612775176585,,,,,,,,2024-11-07,d_steps_rw,rev_leg=naive;scenario=backtest;event_E05_ops_cash_unidentified;event_E09_cor_cash_unidentified,1.0
driver-lines,margin_v2,total_cash_costs_musd,2025Q2,2024-11-07,2,2065.613867529781,2065.613867529781,W2,PIT,14,19,1920.0342422898586,1952.1887009492152,2005.91739153167,2125.310343527892,2179.039034110347,2211.1934927697034,88.50612775176585,,,,,,,,2024-11-07,d_steps_rw,rev_leg=naive;scenario=backtest;event_E05_ops_cash_unidentified;event_E09_cor_cash_unidentified,1.0
driver-lines,margin_v2,adj_ebitda_margin_pct,2024Q4,2024-11-07,0,32.62157628220267,32.62157628220267,W1,full_sample,14,19,28.357843567100534,29.299582612632168,30.873187266432243,34.369965297973096,35.94356995177317,36.8853089973048,2.592165433592058,,,,,,,,2024-11-07,d_steps_rw,rev_leg=guide_cushion;scenario=backtest;,1.0
driver-lines,margin_v2,adj_ebitda_margin_pct,2024Q4,2024-11-07,0,32.62157628220267,32.62157628220267,W2,full_sample,14,19,28.357843567100534,29.299582612632168,30.873187266432243,34.369965297973096,35.94356995177317,36.8853089973048,2.592165433592058,,,,,,,,2024-11-07,d_steps_rw,rev_leg=guide_cushion;scenario=backtest;,1.0
driver-lines,margin_v2,adj_ebitda_musd,2024Q4,2024-11-07,0,807.5517619656991,807.5517619656991,W1,full_sample,14,19,660.7122085293918,693.144950011895,747.3386389903006,867.7648849410975,921.9585739195034,954.3913154020065,89.27210970647639,,,,,,,,2024-11-07,d_steps_rw,rev_leg=guide_cushion;scenario=backtest;,1.0
driver-lines,margin_v2,adj_ebitda_musd,2024Q4,2024-11-07,0,807.5517619656991,807.5517619656991,W2,full_sample,14,19,660.7122085293918,693.144950011895,747.3386389903006,867.7648849410975,921.9585739195034,954.3913154020065,89.27210970647639,,,,,,,,2024-11-07,d_steps_rw,rev_leg=guide_cushion;scenario=backtest;,1.0
driver-lines,margin_v2,total_cash_costs_musd,2024Q4,2024-11-07,0,1667.9624651204842,1667.9624651204842,W1,full_sample,14,19,1562.4535529417938,1585.7575142567941,1624.6974118337916,1711.227518407177,1750.1674159841743,1773.4713772991747,64.14486398661371,,,,,,,,2024-11-07,d_steps_rw,rev_leg=guide_cushion;scenario=backtest;,1.0
driver-lines,margin_v2,total_cash_costs_musd,2024Q4,2024-11-07,0,1667.9624651204842,1667.9624651204842,W2,full_sample,14,19,1562.4535529417938,1585.7575142567941,1624.6974118337916,1711.227518407177,1750.1674159841743,1773.4713772991747,64.14486398661371,,,,,,,,2024-11-07,d_steps_rw,rev_leg=guide_cushion;scenario=backtest;,1.0
driver-lines,margin_v2,adj_ebitda_margin_pct,2025Q1,2024-11-07,1,17.734267784504496,17.734267784504496,W1,full_sample,14,19,11.550454981261844,12.916285898956346,15.19852947650153,20.27000609250746,22.552249670052646,23.91808058774715,3.7594912409948393,,,,,,,,2024-11-07,d_steps_rw,rev_leg=naive;scenario=backtest;,1.0
driver-lines,margin_v2,adj_ebitda_margin_pct,2025Q1,2024-11-07,1,17.734267784504496,17.734267784504496,W2,full_sample,14,19,11.550454981261844,12.916285898956346,15.19852947650153,20.27000609250746,22.552249670052646,23.91808058774715,3.7594912409948393,,,,,,,,2024-11-07,d_steps_rw,rev_leg=naive;scenario=backtest;,1.0
driver-lines,margin_v2,adj_ebitda_musd,2025Q1,2024-11-07,1,417.32924212638505,417.32924212638505,W1,full_sample,14,19,268.00082404145525,300.9832859626598,356.0955336912138,478.5629505615563,533.6751982901103,566.6576602113149,90.78523197331005,,,,,,,,2024-11-07,d_steps_rw,rev_leg=naive;scenario=backtest;,1.0
driver-lines,margin_v2,adj_ebitda_musd,2025Q1,2024-11-07,1,417.32924212638505,417.32924212638505,W2,full_sample,14,19,268.00082404145525,300.9832859626598,356.0955336912138,478.5629505615563,533.6751982901103,566.6576602113149,90.78523197331005,,,,,,,,2024-11-07,d_steps_rw,rev_leg=naive;scenario=backtest;,1.0
driver-lines,margin_v2,total_cash_costs_musd,2025Q1,2024-11-07,1,1935.9071429192436,1935.9071429192436,W1,full_sample,14,19,1811.4903361545266,1838.970521400588,1884.8887060565917,1986.9255797818957,2032.8437644378992,2060.32394968396,75.64004767725598,,,,,,,,2024-11-07,d_steps_rw,rev_leg=naive;scenario=backtest;,1.0
driver-lines,margin_v2,total_cash_costs_musd,2025Q1,2024-11-07,1,1935.9071429192436,1935.9071429192436,W2,full_sample,14,19,1811.4903361545266,1838.970521400588,1884.8887060565917,1986.9255797818957,2032.8437644378992,2060.32394968396,75.64004767725598,,,,,,,,2024-11-07,d_steps_rw,rev_leg=naive;scenario=backtest;,1.0
driver-lines,margin_v2,adj_ebitda_margin_pct,2025Q2,2024-11-07,2,31.167563144068744,31.167563144068744,W1,full_sample,14,19,23.211695762257214,24.96892386616381,27.905174980754364,34.42995130738313,37.366202421973675,39.12343052588027,4.836823928556318,,,,,,,,2024-11-07,d_steps_rw,rev_leg=naive;scenario=backtest;,1.0
driver-lines,margin_v2,adj_ebitda_margin_pct,2025Q2,2024-11-07,2,31.167563144068744,31.167563144068744,W2,full_sample,14,19,23.211695762257214,24.96892386616381,27.905174980754364,34.42995130738313,37.366202421973675,39.12343052588027,4.836823928556318,,,,,,,,2024-11-07,d_steps_rw,rev_leg=naive;scenario=backtest;,1.0
driver-lines,margin_v2,adj_ebitda_musd,2025Q2,2024-11-07,2,940.9480890676191,940.9480890676191,W1,full_sample,14,19,321.0090907094918,457.9362387302218,686.7354993952137,1195.1606787400244,1423.9599394050163,1560.8870874257464,376.8961494203625,,,,,,,,2024-11-07,d_steps_rw,rev_leg=naive;scenario=backtest;,1.0
driver-lines,margin_v2,adj_ebitda_musd,2025Q2,2024-11-07,2,940.9480890676191,940.9480890676191,W2,full_sample,14,19,321.0090907094918,457.9362387302218,686.7354993952137,1195.1606787400244,1423.9599394050163,1560.8870874257464,376.8961494203625,,,,,,,,2024-11-07,d_steps_rw,rev_leg=naive;scenario=backtest;,1.0
driver-lines,margin_v2,total_cash_costs_musd,2025Q2,2024-11-07,2,2078.0498502906385,2078.0498502906385,W1,full_sample,14,19,1929.8899922734827,1962.6143520301277,2017.2953223583932,2138.8043782228838,2193.4853485511494,2226.2097083077942,90.07479789660745,,,,,,,,2024-11-07,d_steps_rw,rev_leg=naive;scenario=backtest;,1.0
driver-lines,margin_v2,total_cash_costs_musd,2025Q2,2024-11-07,2,2078.0498502906385,2078.0498502906385,W2,full_sample,14,19,1929.8899922734827,1962.6143520301277,2017.2953223583932,2138.8043782228838,2193.4853485511494,2226.2097083077942,90.07479789660745,,,,,,,,2024-11-07,d_steps_rw,rev_leg=naive;scenario=backtest;,1.0
driver-lines,margin_v2,adj_ebitda_margin_pct,2025Q1,2025-02-13,0,16.00214227420328,16.00214227420328,W1,PIT,14,20,8.286701420647416,9.990826043550618,12.838343569748059,19.1659409786585,22.01345850485594,23.71758312775914,4.690654978130459,,,,,,,,2025-02-13,d_steps_rw,rev_leg=guide_cushion;scenario=backtest;event_E05_ops_cash_unidentified;event_E09_cor_cash_unidentified,1.0
driver-lines,margin_v2,adj_ebitda_margin_pct,2025Q1,2025-02-13,0,16.00214227420328,16.00214227420328,W2,PIT,14,20,8.286701420647416,9.990826043550618,12.838343569748059,19.1659409786585,22.01345850485594,23.71758312775914,4.690654978130459,,,,,,,,2025-02-13,d_steps_rw,rev_leg=guide_cushion;scenario=backtest;event_E05_ops_cash_unidentified;event_E09_cor_cash_unidentified,1.0
driver-lines,margin_v2,adj_ebitda_musd,2025Q1,2025-02-13,0,368.22174698591874,368.22174698591874,W1,PIT,14,20,207.2991199366869,242.84241763567422,302.23370966706017,434.2097843047773,493.60107633616326,529.1443740351506,97.83401052377015,,,,,,,,2025-02-13,d_steps_rw,rev_leg=guide_cushion;scenario=backtest;event_E05_ops_cash_unidentified;event_E09_cor_cash_unidentified,1.0
driver-lines,margin_v2,adj_ebitda_musd,2025Q1,2025-02-13,0,368.22174698591874,368.22174698591874,W2,PIT,14,20,207.2991199366869,242.84241763567422,302.23370966706017,434.2097843047773,493.60107633616326,529.1443740351506,97.83401052377015,,,,,,,,2025-02-13,d_steps_rw,rev_leg=guide_cushion;scenario=backtest;event_E05_ops_cash_unidentified;event_E09_cor_cash_unidentified,1.0
driver-lines,margin_v2,total_cash_costs_musd,2025Q1,2025-02-13,0,1932.856075447402,1932.856075447402,W1,PIT,14,20,1744.1826192181395,1785.855297235022,1855.4885150301484,2010.2236358646558,2079.856853659782,2121.5295316766646,114.7053167149863,,,,,,,,2025-02-13,d_steps_rw,rev_leg=guide_cushion;scenario=backtest;event_E05_ops_cash_unidentified;event_E09_cor_cash_unidentified,1.0
driver-lines,margin_v2,total_cash_costs_musd,2025Q1,2025-02-13,0,1932.856075447402,1932.856075447402,W2,PIT,14,20,1744.1826192181395,1785.855297235022,1855.4885150301484,2010.2236358646558,2079.856853659782,2121.5295316766646,114.7053167149863,,,,,,,,2025-02-13,d_steps_rw,rev_leg=guide_cushion;scenario=backtest;event_E05_ops_cash_unidentified;event_E09_cor_cash_unidentified,1.0
driver-lines,margin_v2,adj_ebitda_margin_pct,2025Q2,2025-02-13,1,31.498848724334216,31.498848724334216,W1,PIT,14,20,21.275209114180804,23.533324538307394,27.306536403190165,35.69116104547827,39.464372910361035,41.72248833448763,6.215531547996542,,,,,,,,2025-02-13,d_steps_rw,rev_leg=naive;scenario=backtest;event_E05_ops_cash_unidentified;event_E09_cor_cash_unidentified,1.0
driver-lines,margin_v2,adj_ebitda_margin_pct,2025Q2,2025-02-13,1,31.498848724334216,31.498848724334216,W2,PIT,14,20,21.275209114180804,23.533324538307394,27.306536403190165,35.69116104547827,39.464372910361035,41.72248833448763,6.215531547996542,,,,,,,,2025-02-13,d_steps_rw,rev_leg=naive;scenario=backtest;event_E05_ops_cash_unidentified;event_E09_cor_cash_unidentified,1.0
driver-lines,margin_v2,adj_ebitda_musd,2025Q2,2025-02-13,1,967.8355004972348,967.8355004972348,W1,PIT,14,20,421.05175125930856,541.8209552705403,743.6209999533231,1192.0500010411463,1393.8500457239293,1514.619249735161,332.4209159275288,,,,,,,,2025-02-13,d_steps_rw,rev_leg=naive;scenario=backtest;event_E05_ops_cash_unidentified;event_E09_cor_cash_unidentified,1.0
driver-lines,margin_v2,adj_ebitda_musd,2025Q2,2025-02-13,1,967.8355004972348,967.8355004972348,W2,PIT,14,20,421.05175125930856,541.8209552705403,743.6209999533231,1192.0500010411463,1393.8500457239293,1514.619249735161,332.4209159275288,,,,,,,,2025-02-13,d_steps_rw,rev_leg=naive;scenario=backtest;event_E05_ops_cash_unidentified;event_E09_cor_cash_unidentified,1.0
driver-lines,margin_v2,total_cash_costs_musd,2025Q2,2025-02-13,1,2104.7704508102497,2104.7704508102497,W1,PIT,14,20,1928.8768378351251,1967.7268066925976,2032.643401246235,2176.8975003742644,2241.814094927902,2280.6640637853743,106.93572369787164,,,,,,,,2025-02-13,d_steps_rw,rev_leg=naive;scenario=backtest;event_E05_ops_cash_unidentified;event_E09_cor_cash_unidentified,1.0
driver-lines,margin_v2,total_cash_costs_musd,2025Q2,2025-02-13,1,2104.7704508102497,2104.7704508102497,W2,PIT,14,20,1928.8768378351251,1967.7268066925976,2032.643401246235,2176.8975003742644,2241.814094927902,2280.6640637853743,106.93572369787164,,,,,,,,2025-02-13,d_steps_rw,rev_leg=naive;scenario=backtest;event_E05_ops_cash_unidentified;event_E09_cor_cash_unidentified,1.0
driver-lines,margin_v2,adj_ebitda_margin_pct,2025Q3,2025-02-13,2,51.999819042272875,51.999819042272875,W1,PIT,14,20,39.455407809272,42.22611663430668,46.85584959704922,57.14378848749653,61.77352145023907,64.54423027527375,7.626460511413619,,,,,,,,2025-02-13,d_steps_rw,rev_leg=naive;scenario=backtest;event_E05_ops_cash_unidentified;event_E09_cor_cash_unidentified,1.0
driver-lines,margin_v2,adj_ebitda_margin_pct,2025Q3,2025-02-13,2,51.999819042272875,51.999819042272875,W2,PIT,14,20,39.455407809272,42.22611663430668,46.85584959704922,57.14378848749653,61.77352145023907,64.54423027527375,7.626460511413619,,,,,,,,2025-02-13,d_steps_rw,rev_leg=naive;scenario=backtest;event_E05_ops_cash_unidentified;event_E09_cor_cash_unidentified,1.0
driver-lines,margin_v2,adj_ebitda_musd,2025Q3,2025-02-13,2,2169.8694552348543,2169.8694552348543,W1,PIT,14,20,-217.7281637597844,309.6252265832471,1190.809619625564,3148.9292908441444,4030.113683886462,4557.467074229492,1451.5562843240639,,,,,,,,2025-02-13,d_steps_rw,rev_leg=naive;scenario=backtest;event_E05_ops_cash_unidentified;event_E09_cor_cash_unidentified,1.0
driver-lines,margin_v2,adj_ebitda_musd,2025Q3,2025-02-13,2,2169.8694552348543,2169.8694552348543,W2,PIT,14,20,-217.7281637597844,309.6252265832471,1190.809619625564,3148.9292908441444,4030.113683886462,4557.467074229492,1451.5562843240639,,,,,,,,2025-02-13,d_steps_rw,rev_leg=naive;scenario=backtest;event_E05_ops_cash_unidentified;event_E09_cor_cash_unidentified,1.0
driver-lines,margin_v2,total_cash_costs_musd,2025Q3,2025-02-13,2,2002.9709415189782,2002.9709415189782,W1,PIT,14,20,1850.2975326397789,1884.018809268282,1940.3655839788246,2065.5762990591315,2121.9230737696744,2155.6443503981773,92.81884197936822,,,,,,,,2025-02-13,d_steps_rw,rev_leg=naive;scenario=backtest;event_E05_ops_cash_unidentified;event_E09_cor_cash_unidentified,1.0
driver-lines,margin_v2,total_cash_costs_musd,2025Q3,2025-02-13,2,2002.9709415189782,2002.9709415189782,W2,PIT,14,20,1850.2975326397789,1884.018809268282,1940.3655839788246,2065.5762990591315,2121.9230737696744,2155.6443503981773,92.81884197936822,,,,,,,,2025-02-13,d_steps_rw,rev_leg=naive;scenario=backtest;event_E05_ops_cash_unidentified;event_E09_cor_cash_unidentified,1.0
driver-lines,margin_v2,adj_ebitda_margin_pct,2025Q1,2025-02-13,0,16.212382725887647,16.212382725887647,W1,full_sample,14,20,11.948650010785514,12.890389056317147,14.463993710117222,17.96077174165807,19.534376395458146,20.47611544098978,2.592165433592058,,,,,,,,2025-02-13,d_steps_rw,rev_leg=guide_cushion;scenario=backtest;,1.0
driver-lines,margin_v2,adj_ebitda_margin_pct,2025Q1,2025-02-13,0,16.212382725887647,16.212382725887647,W2,full_sample,14,20,11.948650010785514,12.890389056317147,14.463993710117222,17.96077174165807,19.534376395458146,20.47611544098978,2.592165433592058,,,,,,,,2025-02-13,d_steps_rw,rev_leg=guide_cushion;scenario=backtest;,1.0
driver-lines,margin_v2,adj_ebitda_musd,2025Q1,2025-02-13,0,373.0595433934113,373.0595433934113,W1,full_sample,14,20,305.2250102562425,320.20775724326865,345.24327052835673,400.8758162584658,425.91132954355396,440.89407653058004,41.240467860287055,,,,,,,,2025-02-13,d_steps_rw,rev_leg=guide_cushion;scenario=backtest;,1.0
driver-lines,margin_v2,adj_ebitda_musd,2025Q1,2025-02-13,0,373.0595433934113,373.0595433934113,W2,full_sample,14,20,305.2250102562425,320.20775724326865,345.24327052835673,400.8758162584658,425.91132954355396,440.89407653058004,41.240467860287055,,,,,,,,2025-02-13,d_steps_rw,rev_leg=guide_cushion;scenario=backtest;,1.0
driver-lines,margin_v2,total_cash_costs_musd,2025Q1,2025-02-13,0,1928.0182790399094,1928.0182790399094,W1,full_sample,14,20,1806.0592328766988,1832.996567696229,1878.0076730911996,1978.0288849886194,2023.0399903835898,2049.97732520312,74.14583532836672,,,,,,,,2025-02-13,d_steps_rw,rev_leg=guide_cushion;scenario=backtest;,1.0
driver-lines,margin_v2,total_cash_costs_musd,2025Q1,2025-02-13,0,1928.0182790399094,1928.0182790399094,W2,full_sample,14,20,1806.0592328766988,1832.996567696229,1878.0076730911996,1978.0288849886194,2023.0399903835898,2049.97732520312,74.14583532836672,,,,,,,,2025-02-13,d_steps_rw,rev_leg=guide_cushion;scenario=backtest;,1.0
driver-lines,margin_v2,adj_ebitda_margin_pct,2025Q2,2025-02-13,1,31.418662586453557,31.418662586453557,W1,full_sample,14,20,25.234849783210905,26.600680700905407,28.88292427845059,33.954400894456526,36.23664447200171,37.60247538969621,3.7594912409948393,,,,,,,,2025-02-13,d_steps_rw,rev_leg=naive;scenario=backtest;,1.0
driver-lines,margin_v2,adj_ebitda_margin_pct,2025Q2,2025-02-13,1,31.418662586453557,31.418662586453557,W2,full_sample,14,20,25.234849783210905,26.600680700905407,28.88292427845059,33.954400894456526,36.23664447200171,37.60247538969621,3.7594912409948393,,,,,,,,2025-02-13,d_steps_rw,rev_leg=naive;scenario=backtest;,1.0
driver-lines,margin_v2,adj_ebitda_musd,2025Q2,2025-02-13,1,965.37169645259,965.37169645259,W1,full_sample,14,20,619.9431624713231,696.2386433626757,823.7250466972332,1107.0183462079467,1234.5047495425042,1310.8002304338568,210.00563717117782,,,,,,,,2025-02-13,d_steps_rw,rev_leg=naive;scenario=backtest;,1.0
driver-lines,margin_v2,adj_ebitda_musd,2025Q2,2025-02-13,1,965.37169645259,965.37169645259,W2,full_sample,14,20,619.9431624713231,696.2386433626757,823.7250466972332,1107.0183462079467,1234.5047495425042,1310.8002304338568,210.00563717117782,,,,,,,,2025-02-13,d_steps_rw,rev_leg=naive;scenario=backtest;,1.0
driver-lines,margin_v2,total_cash_costs_musd,2025Q2,2025-02-13,1,2107.234254854894,2107.234254854894,W1,full_sample,14,20,1971.8066037647043,2001.7187758913785,2051.700703992524,2162.7678057172648,2212.74973381841,2242.6619059450836,82.33416571004416,,,,,,,,2025-02-13,d_steps_rw,rev_leg=naive;scenario=backtest;,1.0
driver-lines,margin_v2,total_cash_costs_musd,2025Q2,2025-02-13,1,2107.234254854894,2107.234254854894,W2,full_sample,14,20,1971.8066037647043,2001.7187758913785,2051.700703992524,2162.7678057172648,2212.74973381841,2242.6619059450836,82.33416571004416,,,,,,,,2025-02-13,d_steps_rw,rev_leg=naive;scenario=backtest;,1.0
driver-lines,margin_v2,adj_ebitda_margin_pct,2025Q3,2025-02-13,2,51.963170743591505,51.963170743591505,W1,full_sample,14,20,44.007303361779975,45.764531465686574,48.70078258027712,55.22555890690589,58.161810021496436,59.919038125403034,4.836823928556318,,,,,,,,2025-02-13,d_steps_rw,rev_leg=naive;scenario=backtest;,1.0
driver-lines,margin_v2,adj_ebitda_margin_pct,2025Q3,2025-02-13,2,51.963170743591505,51.963170743591505,W2,full_sample,14,20,44.007303361779975,45.764531465686574,48.70078258027712,55.22555890690589,58.161810021496436,59.919038125403034,4.836823928556318,,,,,,,,2025-02-13,d_steps_rw,rev_leg=naive;scenario=backtest;,1.0
driver-lines,margin_v2,adj_ebitda_musd,2025Q3,2025-02-13,2,2168.340180222755,2168.340180222755,W1,full_sample,14,20,739.7399683248004,1055.277711869037,1582.5274463328785,2754.152914112631,3281.402648576473,3596.9403921207095,868.5272588939624,,,,,,,,2025-02-13,d_steps_rw,rev_leg=naive;scenario=backtest;,1.0
driver-lines,margin_v2,adj_ebitda_musd,2025Q3,2025-02-13,2,2168.340180222755,2168.340180222755,W2,full_sample,14,20,739.7399683248004,1055.277711869037,1582.5274463328785,2754.152914112631,3281.402648576473,3596.9403921207095,868.5272588939624,,,,,,,,2025-02-13,d_steps_rw,rev_leg=naive;scenario=backtest;,1.0
driver-lines,margin_v2,total_cash_costs_musd,2025Q3,2025-02-13,2,2004.5002165310775,2004.5002165310775,W1,full_sample,14,20,1861.5842670243487,1893.150394376328,1945.8960091400004,2063.1044239221546,2115.8500386858273,2147.4161660378063,86.88672789177316,,,,,,,,2025-02-13,d_steps_rw,rev_leg=naive;scenario=backtest;,1.0
driver-lines,margin_v2,total_cash_costs_musd,2025Q3,2025-02-13,2,2004.5002165310775,2004.5002165310775,W2,full_sample,14,20,1861.5842670243487,1893.150394376328,1945.8960091400004,2063.1044239221546,2115.8500386858273,2147.4161660378063,86.88672789177316,,,,,,,,2025-02-13,d_steps_rw,rev_leg=naive;scenario=backtest;,1.0
driver-lines,margin_v2,adj_ebitda_margin_pct,2025Q2,2025-05-01,0,32.12959054038027,32.12959054038027,W1,PIT,14,21,25.762306933745798,27.168661409274293,29.51861807517307,34.740563005587475,37.09051967148625,38.49687414701474,3.871033569373238,,,,,,,,2025-05-01,d_steps_rw,rev_leg=guide_cushion;scenario=backtest;event_E05_ops_cash_unidentified;event_E09_cor_cash_unidentified,1.0
driver-lines,margin_v2,adj_ebitda_margin_pct,2025Q2,2025-05-01,0,32.12959054038027,32.12959054038027,W2,PIT,14,21,25.762306933745798,27.168661409274293,29.51861807517307,34.740563005587475,37.09051967148625,38.49687414701474,3.871033569373238,,,,,,,,2025-05-01,d_steps_rw,rev_leg=guide_cushion;scenario=backtest;event_E05_ops_cash_unidentified;event_E09_cor_cash_unidentified,1.0
driver-lines,margin_v2,adj_ebitda_musd,2025Q2,2025-05-01,0,990.1783630322249,990.1783630322249,W1,PIT,14,21,742.9403001274072,797.5482582093892,888.795761835849,1091.5609642286008,1182.8084678550606,1237.4164259370423,150.31006945161562,,,,,,,,2025-05-01,d_steps_rw,rev_leg=guide_cushion;scenario=backtest;event_E05_ops_cash_unidentified;event_E09_cor_cash_unidentified,1.0
driver-lines,margin_v2,adj_ebitda_musd,2025Q2,2025-05-01,0,990.1783630322249,990.1783630322249,W2,PIT,14,21,742.9403001274072,797.5482582093892,888.795761835849,1091.5609642286008,1182.8084678550606,1237.4164259370423,150.31006945161562,,,,,,,,2025-05-01,d_steps_rw,rev_leg=guide_cushion;scenario=backtest;event_E05_ops_cash_unidentified;event_E09_cor_cash_unidentified,1.0
driver-lines,margin_v2,total_cash_costs_musd,2025Q2,2025-05-01,0,2091.6485335408106,2091.6485335408106,W1,PIT,14,21,1895.3400558948968,1938.6990961352046,2011.1501512658072,2172.146915815814,2244.597970946417,2287.9570111867247,119.34708014703216,,,,,,,,2025-05-01,d_steps_rw,rev_leg=guide_cushion;scenario=backtest;event_E05_ops_cash_unidentified;event_E09_cor_cash_unidentified,1.0
driver-lines,margin_v2,total_cash_costs_musd,2025Q2,2025-05-01,0,2091.6485335408106,2091.6485335408106,W2,PIT,14,21,1895.3400558948968,1938.6990961352046,2011.1501512658072,2172.146915815814,2244.597970946417,2287.9570111867247,119.34708014703216,,,,,,,,2025-05-01,d_steps_rw,rev_leg=guide_cushion;scenario=backtest;event_E05_ops_cash_unidentified;event_E09_cor_cash_unidentified,1.0
driver-lines,margin_v2,adj_ebitda_margin_pct,2025Q3,2025-05-01,1,50.80873891164173,50.80873891164173,W1,PIT,14,21,40.38419994639075,42.68668840690571,46.53404567002304,55.083432153260425,58.930789416377756,61.233277876892714,6.33766968345478,,,,,,,,2025-05-01,d_steps_rw,rev_leg=naive;scenario=backtest;event_E05_ops_cash_unidentified;event_E09_cor_cash_unidentified,1.0
driver-lines,margin_v2,adj_ebitda_margin_pct,2025Q3,2025-05-01,1,50.80873891164173,50.80873891164173,W2,PIT,14,21,40.38419994639075,42.68668840690571,46.53404567002304,55.083432153260425,58.930789416377756,61.233277876892714,6.33766968345478,,,,,,,,2025-05-01,d_steps_rw,rev_leg=naive;scenario=backtest;event_E05_ops_cash_unidentified;event_E09_cor_cash_unidentified,1.0
driver-lines,margin_v2,adj_ebitda_musd,2025Q3,2025-05-01,1,2011.2632182103503,2011.2632182103503,W1,PIT,14,21,868.2706413574952,1120.725663822327,1542.5669372736131,2479.959499147087,2901.8007725983734,3154.255795063206,694.8901459221312,,,,,,,,2025-05-01,d_steps_rw,rev_leg=naive;scenario=backtest;event_E05_ops_cash_unidentified;event_E09_cor_cash_unidentified,1.0
driver-lines,margin_v2,adj_ebitda_musd,2025Q3,2025-05-01,1,2011.2632182103503,2011.2632182103503,W2,PIT,14,21,868.2706413574952,1120.725663822327,1542.5669372736131,2479.959499147087,2901.8007725983734,3154.255795063206,694.8901459221312,,,,,,,,2025-05-01,d_steps_rw,rev_leg=naive;scenario=backtest;event_E05_ops_cash_unidentified;event_E09_cor_cash_unidentified,1.0
driver-lines,margin_v2,total_cash_costs_musd,2025Q3,2025-05-01,1,1947.2353812294255,1947.2353812294255,W1,PIT,14,21,1784.9120722500113,1820.7647413266536,1880.6729793654713,2013.7977830933794,2073.7060211321973,2109.5586902088394,98.68556467255979,,,,,,,,2025-05-01,d_steps_rw,rev_leg=naive;scenario=backtest;event_E05_ops_cash_unidentified;event_E09_cor_cash_unidentified,1.0
driver-lines,margin_v2,total_cash_costs_musd,2025Q3,2025-05-01,1,1947.2353812294255,1947.2353812294255,W2,PIT,14,21,1784.9120722500113,1820.7647413266536,1880.6729793654713,2013.7977830933794,2073.7060211321973,2109.5586902088394,98.68556467255979,,,,,,,,2025-05-01,d_steps_rw,rev_leg=naive;scenario=backtest;event_E05_ops_cash_unidentified;event_E09_cor_cash_unidentified,1.0
driver-lines,margin_v2,adj_ebitda_margin_pct,2025Q4,2025-05-01,2,28.04576271749472,28.04576271749472,W1,PIT,14,21,14.940660947540493,17.83521059618937,22.671876145293705,33.41964928969574,38.25631483880007,41.15086448744895,7.967336153942691,,,,,,,,2025-05-01,d_steps_rw,rev_leg=naive;scenario=backtest;event_E05_ops_cash_unidentified;event_E09_cor_cash_unidentified,1.0
driver-lines,margin_v2,adj_ebitda_margin_pct,2025Q4,2025-05-01,2,28.04576271749472,28.04576271749472,W2,PIT,14,21,14.940660947540493,17.83521059618937,22.671876145293705,33.41964928969574,38.25631483880007,41.15086448744895,7.967336153942691,,,,,,,,2025-05-01,d_steps_rw,rev_leg=naive;scenario=backtest;event_E05_ops_cash_unidentified;event_E09_cor_cash_unidentified,1.0
driver-lines,margin_v2,adj_ebitda_musd,2025Q4,2025-05-01,2,737.7475853290713,737.7475853290713,W1,PIT,14,21,-87.7698373943604,94.56382226297941,399.2353729888131,1076.2597976693294,1380.9313483951632,1563.2650080525027,501.87895700690626,,,,,,,,2025-05-01,d_steps_rw,rev_leg=naive;scenario=backtest;event_E05_ops_cash_unidentified;event_E09_cor_cash_unidentified,1.0
driver-lines,margin_v2,adj_ebitda_musd,2025Q4,2025-05-01,2,737.7475853290713,737.7475853290713,W2,PIT,14,21,-87.7698373943604,94.56382226297941,399.2353729888131,1076.2597976693294,1380.9313483951632,1563.2650080525027,501.87895700690626,,,,,,,,2025-05-01,d_steps_rw,rev_leg=naive;scenario=backtest;event_E05_ops_cash_unidentified;event_E09_cor_cash_unidentified,1.0
driver-lines,margin_v2,total_cash_costs_musd,2025Q4,2025-05-01,2,1892.765953419762,1892.765953419762,W1,PIT,14,21,1752.934777738354,1783.8195650176665,1835.4266903938003,1950.1052164457235,2001.7123418218573,2032.59712910117,85.01131856976676,,,,,,,,2025-05-01,d_steps_rw,rev_leg=naive;scenario=backtest;event_E05_ops_cash_unidentified;event_E09_cor_cash_unidentified,1.0
driver-lines,margin_v2,total_cash_costs_musd,2025Q4,2025-05-01,2,1892.765953419762,1892.765953419762,W2,PIT,14,21,1752.934777738354,1783.8195650176665,1835.4266903938003,1950.1052164457235,2001.7123418218573,2032.59712910117,85.01131856976676,,,,,,,,2025-05-01,d_steps_rw,rev_leg=naive;scenario=backtest;event_E05_ops_cash_unidentified;event_E09_cor_cash_unidentified,1.0
driver-lines,margin_v2,adj_ebitda_margin_pct,2025Q2,2025-05-01,0,31.65461840908673,31.65461840908673,W1,full_sample,14,21,27.390885693984597,28.33262473951623,29.906229393316305,33.40300742485716,34.976612078657226,35.91835112418886,2.592165433592058,,,,,,,,2025-05-01,d_steps_rw,rev_leg=guide_cushion;scenario=backtest;,1.0
driver-lines,margin_v2,adj_ebitda_margin_pct,2025Q2,2025-05-01,0,31.65461840908673,31.65461840908673,W2,full_sample,14,21,27.390885693984597,28.33262473951623,29.906229393316305,33.40300742485716,34.976612078657226,35.91835112418886,2.592165433592058,,,,,,,,2025-05-01,d_steps_rw,rev_leg=guide_cushion;scenario=backtest;,1.0
driver-lines,margin_v2,adj_ebitda_musd,2025Q2,2025-05-01,0,975.5405441387944,975.5405441387944,W1,full_sample,14,21,798.1550877419605,837.3345629953351,902.8017482890599,1048.2793399885288,1113.746525282254,1152.9260005356282,107.8427000982424,,,,,,,,2025-05-01,d_steps_rw,rev_leg=guide_cushion;scenario=backtest;,1.0
driver-lines,margin_v2,adj_ebitda_musd,2025Q2,2025-05-01,0,975.5405441387944,975.5405441387944,W2,full_sample,14,21,798.1550877419605,837.3345629953351,902.8017482890599,1048.2793399885288,1113.746525282254,1152.9260005356282,107.8427000982424,,,,,,,,2025-05-01,d_steps_rw,rev_leg=guide_cushion;scenario=backtest;,1.0
driver-lines,margin_v2,total_cash_costs_musd,2025Q2,2025-05-01,0,2106.286352434241,2106.286352434241,W1,full_sample,14,21,1973.0507512565457,2002.4787610000951,2051.651674987517,2160.9210298809658,2210.0939438683868,2239.5219536119366,81.00149398985168,,,,,,,,2025-05-01,d_steps_rw,rev_leg=guide_cushion;scenario=backtest;,1.0
driver-lines,margin_v2,total_cash_costs_musd,2025Q2,2025-05-01,0,2106.286352434241,2106.286352434241,W2,full_sample,14,21,1973.0507512565457,2002.4787610000951,2051.651674987517,2160.9210298809658,2210.0939438683868,2239.5219536119366,81.00149398985168,,,,,,,,2025-05-01,d_steps_rw,rev_leg=guide_cushion;scenario=backtest;,1.0
driver-lines,margin_v2,adj_ebitda_margin_pct,2025Q3,2025-05-01,1,50.64418681491011,50.64418681491011,W1,full_sample,14,21,44.460374011667454,45.82620492936196,48.10844850690714,53.179925122913076,55.46216870045826,56.82799961815276,3.7594912409948393,,,,,,,,2025-05-01,d_steps_rw,rev_leg=naive;scenario=backtest;,1.0
driver-lines,margin_v2,adj_ebitda_margin_pct,2025Q3,2025-05-01,1,50.64418681491011,50.64418681491011,W2,full_sample,14,21,44.460374011667454,45.82620492936196,48.10844850690714,53.179925122913076,55.46216870045826,56.82799961815276,3.7594912409948393,,,,,,,,2025-05-01,d_steps_rw,rev_leg=naive;scenario=backtest;,1.0
driver-lines,margin_v2,adj_ebitda_musd,2025Q3,2025-05-01,1,2004.74942576588,2004.74942576588,W1,full_sample,14,21,1287.4115778811888,1445.8514016998502,1710.5974003831284,2298.9014511486316,2563.64744983191,2722.087273650571,436.1104454103834,,,,,,,,2025-05-01,d_steps_rw,rev_leg=naive;scenario=backtest;,1.0
driver-lines,margin_v2,adj_ebitda_musd,2025Q3,2025-05-01,1,2004.74942576588,2004.74942576588,W2,full_sample,14,21,1287.4115778811888,1445.8514016998502,1710.5974003831284,2298.9014511486316,2563.64744983191,2722.087273650571,436.1104454103834,,,,,,,,2025-05-01,d_steps_rw,rev_leg=naive;scenario=backtest;,1.0
driver-lines,margin_v2,total_cash_costs_musd,2025Q3,2025-05-01,1,1953.7491736738957,1953.7491736738957,W1,full_sample,14,21,1828.185695954009,1855.9191486732013,1902.260532172097,2005.2378151756945,2051.57919867459,2079.3126513937823,76.33717411840638,,,,,,,,2025-05-01,d_steps_rw,rev_leg=naive;scenario=backtest;,1.0
driver-lines,margin_v2,total_cash_costs_musd,2025Q3,2025-05-01,1,1953.7491736738957,1953.7491736738957,W2,full_sample,14,21,1828.185695954009,1855.9191486732013,1902.260532172097,2005.2378151756945,2051.57919867459,2079.3126513937823,76.33717411840638,,,,,,,,2025-05-01,d_steps_rw,rev_leg=naive;scenario=backtest;,1.0
driver-lines,margin_v2,adj_ebitda_margin_pct,2025Q4,2025-05-01,2,27.701574888335507,27.701574888335507,W1,full_sample,14,21,19.745707506523978,21.502935610430573,24.439186725021127,30.963963051649888,33.90021416624044,35.65744227014704,4.836823928556318,,,,,,,,2025-05-01,d_steps_rw,rev_leg=naive;scenario=backtest;,1.0
driver-lines,margin_v2,adj_ebitda_margin_pct,2025Q4,2025-05-01,2,27.701574888335507,27.701574888335507,W2,full_sample,14,21,19.745707506523978,21.502935610430573,24.439186725021127,30.963963051649888,33.90021416624044,35.65744227014704,4.836823928556318,,,,,,,,2025-05-01,d_steps_rw,rev_leg=naive;scenario=backtest;,1.0
driver-lines,margin_v2,adj_ebitda_musd,2025Q4,2025-05-01,2,728.6936778843125,728.6936778843125,W1,full_sample,14,21,248.59744938234155,354.6372492955386,531.8251055527217,925.5622502159033,1102.7501064730864,1208.7899063862835,291.87778209284704,,,,,,,,2025-05-01,d_steps_rw,rev_leg=naive;scenario=backtest;,1.0
driver-lines,margin_v2,adj_ebitda_musd,2025Q4,2025-05-01,2,728.6936778843125,728.6936778843125,W2,full_sample,14,21,248.59744938234155,354.6372492955386,531.8251055527217,925.5622502159033,1102.7501064730864,1208.7899063862835,291.87778209284704,,,,,,,,2025-05-01,d_steps_rw,rev_leg=naive;scenario=backtest;,1.0
driver-lines,margin_v2,total_cash_costs_musd,2025Q4,2025-05-01,2,1901.8198608645207,1901.8198608645207,W1,full_sample,14,21,1766.2247688986158,1796.1739240214145,1846.2176490875354,1957.422072641506,2007.4657977076272,2037.4149528304256,82.43596253437651,,,,,,,,2025-05-01,d_steps_rw,rev_leg=naive;scenario=backtest;,1.0
driver-lines,margin_v2,total_cash_costs_musd,2025Q4,2025-05-01,2,1901.8198608645207,1901.8198608645207,W2,full_sample,14,21,1766.2247688986158,1796.1739240214145,1846.2176490875354,1957.422072641506,2007.4657977076272,2037.4149528304256,82.43596253437651,,,,,,,,2025-05-01,d_steps_rw,rev_leg=naive;scenario=backtest;,1.0
driver-lines,margin_v2,adj_ebitda_margin_pct,2025Q3,2025-08-06,0,52.82105802516749,52.82105802516749,W1,PIT,14,22,46.69565164319034,48.04858221954293,50.30926989233131,55.33284615800367,57.59353383079205,58.94646440714464,3.723982658158961,,,,,,,,2025-08-06,d_steps_rw,rev_leg=guide_cushion;scenario=backtest;event_E05_ops_cash_unidentified;event_E09_cor_cash_unidentified,1.0
driver-lines,margin_v2,adj_ebitda_margin_pct,2025Q3,2025-08-06,0,52.82105802516749,52.82105802516749,W2,PIT,14,22,46.69565164319034,48.04858221954293,50.30926989233131,55.33284615800367,57.59353383079205,58.94646440714464,3.723982658158961,,,,,,,,2025-08-06,d_steps_rw,rev_leg=guide_cushion;scenario=backtest;event_E05_ops_cash_unidentified;event_E09_cor_cash_unidentified,1.0
driver-lines,margin_v2,adj_ebitda_musd,2025Q3,2025-08-06,0,2186.5629231728713,2186.5629231728713,W1,PIT,14,22,1682.333521098447,1793.7036626076995,1979.798285958905,2393.327560386838,2579.422183738043,2690.7923252472956,306.5497098419326,,,,,,,,2025-08-06,d_steps_rw,rev_leg=guide_cushion;scenario=backtest;event_E05_ops_cash_unidentified;event_E09_cor_cash_unidentified,1.0
driver-lines,margin_v2,adj_ebitda_musd,2025Q3,2025-08-06,0,2186.5629231728713,2186.5629231728713,W2,PIT,14,22,1682.333521098447,1793.7036626076995,1979.798285958905,2393.327560386838,2579.422183738043,2690.7923252472956,306.5497098419326,,,,,,,,2025-08-06,d_steps_rw,rev_leg=guide_cushion;scenario=backtest;event_E05_ops_cash_unidentified;event_E09_cor_cash_unidentified,1.0
driver-lines,margin_v2,total_cash_costs_musd,2025Q3,2025-08-06,0,1953.0037665572859,1953.0037665572859,W1,PIT,14,22,1767.9264752019608,1808.8048611976853,1877.1108518518101,2028.8966812627618,2097.2026719168866,2138.081057912611,112.51900371119494,,,,,,,,2025-08-06,d_steps_rw,rev_leg=guide_cushion;scenario=backtest;event_E05_ops_cash_unidentified;event_E09_cor_cash_unidentified,1.0
driver-lines,margin_v2,total_cash_costs_musd,2025Q3,2025-08-06,0,1953.0037665572859,1953.0037665572859,W2,PIT,14,22,1767.9264752019608,1808.8048611976853,1877.1108518518101,2028.8966812627618,2097.2026719168866,2138.081057912611,112.51900371119494,,,,,,,,2025-08-06,d_steps_rw,rev_leg=guide_cushion;scenario=backtest;event_E05_ops_cash_unidentified;event_E09_cor_cash_unidentified,1.0
driver-lines,margin_v2,adj_ebitda_margin_pct,2025Q4,2025-08-06,1,31.513058231437732,31.513058231437732,W1,PIT,14,22,20.942036609450824,23.276878982970885,27.178298216137183,35.847818246738285,39.74923747990458,42.08407985342464,6.426724815373971,,,,,,,,2025-08-06,d_steps_rw,rev_leg=naive;scenario=backtest;event_E05_ops_cash_unidentified;event_E09_cor_cash_unidentified,1.0
driver-lines,margin_v2,adj_ebitda_margin_pct,2025Q4,2025-08-06,1,31.513058231437732,31.513058231437732,W2,PIT,14,22,20.942036609450824,23.276878982970885,27.178298216137183,35.847818246738285,39.74923747990458,42.08407985342464,6.426724815373971,,,,,,,,2025-08-06,d_steps_rw,rev_leg=naive;scenario=backtest;event_E05_ops_cash_unidentified;event_E09_cor_cash_unidentified,1.0
driver-lines,margin_v2,adj_ebitda_musd,2025Q4,2025-08-06,1,880.4941126114899,880.4941126114899,W1,PIT,14,22,370.0952147780703,482.8280249712457,671.1996079460147,1089.788617276965,1278.160200251734,1390.8930104449096,310.3004969380645,,,,,,,,2025-08-06,d_steps_rw,rev_leg=naive;scenario=backtest;event_E05_ops_cash_unidentified;event_E09_cor_cash_unidentified,1.0
driver-lines,margin_v2,adj_ebitda_musd,2025Q4,2025-08-06,1,880.4941126114899,880.4941126114899,W2,PIT,14,22,370.0952147780703,482.8280249712457,671.1996079460147,1089.788617276965,1278.160200251734,1390.8930104449096,310.3004969380645,,,,,,,,2025-08-06,d_steps_rw,rev_leg=naive;scenario=backtest;event_E05_ops_cash_unidentified;event_E09_cor_cash_unidentified,1.0
driver-lines,margin_v2,total_cash_costs_musd,2025Q4,2025-08-06,1,1913.5670227596888,1913.5670227596888,W1,PIT,14,22,1753.926198639447,1789.1863819999976,1848.104602385225,1979.0294431341526,2037.94766351938,2073.2078468799305,97.0547296759262,,,,,,,,2025-08-06,d_steps_rw,rev_leg=naive;scenario=backtest;event_E05_ops_cash_unidentified;event_E09_cor_cash_unidentified,1.0
driver-lines,margin_v2,total_cash_costs_musd,2025Q4,2025-08-06,1,1913.5670227596888,1913.5670227596888,W2,PIT,14,22,1753.926198639447,1789.1863819999976,1848.104602385225,1979.0294431341526,2037.94766351938,2073.2078468799305,97.0547296759262,,,,,,,,2025-08-06,d_steps_rw,rev_leg=naive;scenario=backtest;event_E05_ops_cash_unidentified;event_E09_cor_cash_unidentified,1.0
driver-lines,margin_v2,adj_ebitda_margin_pct,2026Q1,2025-08-06,2,18.49231613677498,18.49231613677498,W1,PIT,14,22,5.005696264168266,7.984512567847462,12.961984002770215,24.022648270779747,29.000119705702502,31.978936009381698,8.199282690948285,,,,,,,,2025-08-06,d_steps_rw,rev_leg=naive;scenario=backtest;event_E05_ops_cash_unidentified;event_E09_cor_cash_unidentified,1.0
driver-lines,margin_v2,adj_ebitda_margin_pct,2026Q1,2025-08-06,2,18.49231613677498,18.49231613677498,W2,PIT,14,22,5.005696264168266,7.984512567847462,12.961984002770215,24.022648270779747,29.000119705702502,31.978936009381698,8.199282690948285,,,,,,,,2025-08-06,d_steps_rw,rev_leg=naive;scenario=backtest;event_E05_ops_cash_unidentified;event_E09_cor_cash_unidentified,1.0
driver-lines,margin_v2,adj_ebitda_musd,2026Q1,2025-08-06,2,473.3516115192232,473.3516115192232,W1,PIT,14,22,-64.55606358925832,54.25266444065206,252.77683971724642,693.9263833212,892.4505585977943,1011.2592866277047,327.02464601997764,,,,,,,,2025-08-06,d_steps_rw,rev_leg=naive;scenario=backtest;event_E05_ops_cash_unidentified;event_E09_cor_cash_unidentified,1.0
driver-lines,margin_v2,adj_ebitda_musd,2026Q1,2025-08-06,2,473.3516115192232,473.3516115192232,W2,PIT,14,22,-64.55606358925832,54.25266444065206,252.77683971724642,693.9263833212,892.4505585977943,1011.2592866277047,327.02464601997764,,,,,,,,2025-08-06,d_steps_rw,rev_leg=naive;scenario=backtest;event_E05_ops_cash_unidentified;event_E09_cor_cash_unidentified,1.0
driver-lines,margin_v2,total_cash_costs_musd,2026Q1,2025-08-06,2,2086.368912498244,2086.368912498244,W1,PIT,14,22,1934.2766686753355,1967.869582232798,2024.00186787981,2148.7359571166776,2204.86824276369,2238.4611563211524,92.46551871292769,,,,,,,,2025-08-06,d_steps_rw,rev_leg=naive;scenario=backtest;event_E05_ops_cash_unidentified;event_E09_cor_cash_unidentified,1.0
driver-lines,margin_v2,total_cash_costs_musd,2026Q1,2025-08-06,2,2086.368912498244,2086.368912498244,W2,PIT,14,22,1934.2766686753355,1967.869582232798,2024.00186787981,2148.7359571166776,2204.86824276369,2238.4611563211524,92.46551871292769,,,,,,,,2025-08-06,d_steps_rw,rev_leg=naive;scenario=backtest;event_E05_ops_cash_unidentified;event_E09_cor_cash_unidentified,1.0
driver-lines,margin_v2,adj_ebitda_margin_pct,2025Q3,2025-08-06,0,52.48766168461759,52.48766168461759,W1,full_sample,14,22,48.22392896951546,49.16566801504709,50.739272668847164,54.23605070038802,55.809655354188095,56.75139439971972,2.592165433592058,,,,,,,,2025-08-06,d_steps_rw,rev_leg=guide_cushion;scenario=backtest;,1.0
driver-lines,margin_v2,adj_ebitda_margin_pct,2025Q3,2025-08-06,0,52.48766168461759,52.48766168461759,W2,full_sample,14,22,48.22392896951546,49.16566801504709,50.739272668847164,54.23605070038802,55.809655354188095,56.75139439971972,2.592165433592058,,,,,,,,2025-08-06,d_steps_rw,rev_leg=guide_cushion;scenario=backtest;,1.0
driver-lines,margin_v2,adj_ebitda_musd,2025Q3,2025-08-06,0,2172.7617593146883,2172.7617593146883,W1,full_sample,14,22,1777.6819867380718,1864.9440345248183,2010.7550903038968,2334.7684283254794,2480.5794841045586,2567.841531891305,240.1914468881021,,,,,,,,2025-08-06,d_steps_rw,rev_leg=guide_cushion;scenario=backtest;,1.0
driver-lines,margin_v2,adj_ebitda_musd,2025Q3,2025-08-06,0,2172.7617593146883,2172.7617593146883,W2,full_sample,14,22,1777.6819867380718,1864.9440345248183,2010.7550903038968,2334.7684283254794,2480.5794841045586,2567.841531891305,240.1914468881021,,,,,,,,2025-08-06,d_steps_rw,rev_leg=guide_cushion;scenario=backtest;,1.0
driver-lines,margin_v2,total_cash_costs_musd,2025Q3,2025-08-06,0,1966.8049304154688,1966.8049304154688,W1,full_sample,14,22,1842.3923893569795,1869.8716324281017,1915.7882427510924,2017.8216180798454,2063.738228402836,2091.217471473958,75.63745431201197,,,,,,,,2025-08-06,d_steps_rw,rev_leg=guide_cushion;scenario=backtest;,1.0
driver-lines,margin_v2,total_cash_costs_musd,2025Q3,2025-08-06,0,1966.8049304154688,1966.8049304154688,W2,full_sample,14,22,1842.3923893569795,1869.8716324281017,1915.7882427510924,2017.8216180798454,2063.738228402836,2091.217471473958,75.63745431201197,,,,,,,,2025-08-06,d_steps_rw,rev_leg=guide_cushion;scenario=backtest;,1.0
driver-lines,margin_v2,adj_ebitda_margin_pct,2025Q4,2025-08-06,1,30.965793189195022,30.965793189195022,W1,full_sample,14,22,24.78198038595237,26.147811303646872,28.430054881192056,33.50153149719799,35.78377507474317,37.14960599243767,3.7594912409948393,,,,,,,,2025-08-06,d_steps_rw,rev_leg=naive;scenario=backtest;,1.0
driver-lines,margin_v2,adj_ebitda_margin_pct,2025Q4,2025-08-06,1,30.965793189195022,30.965793189195022,W2,full_sample,14,22,24.78198038595237,26.147811303646872,28.430054881192056,33.50153149719799,35.78377507474317,37.14960599243767,3.7594912409948393,,,,,,,,2025-08-06,d_steps_rw,rev_leg=naive;scenario=backtest;,1.0
driver-lines,margin_v2,adj_ebitda_musd,2025Q4,2025-08-06,1,865.2031927587135,865.2031927587135,W1,full_sample,14,22,555.6168732418026,623.9958136052168,738.254024824486,992.152360692941,1106.4105719122101,1174.7895122756242,188.2151180167258,,,,,,,,2025-08-06,d_steps_rw,rev_leg=naive;scenario=backtest;,1.0
driver-lines,margin_v2,adj_ebitda_musd,2025Q4,2025-08-06,1,865.2031927587135,865.2031927587135,W2,full_sample,14,22,555.6168732418026,623.9958136052168,738.254024824486,992.152360692941,1106.4105719122101,1174.7895122756242,188.2151180167258,,,,,,,,2025-08-06,d_steps_rw,rev_leg=naive;scenario=backtest;,1.0
driver-lines,margin_v2,total_cash_costs_musd,2025Q4,2025-08-06,1,1928.8579426124652,1928.8579426124652,W1,full_sample,14,22,1804.8941735854426,1832.2742954937682,1878.0252786997705,1979.69060652516,2025.4415897311621,2052.8217116394876,75.36462028951092,,,,,,,,2025-08-06,d_steps_rw,rev_leg=naive;scenario=backtest;,1.0
driver-lines,margin_v2,total_cash_costs_musd,2025Q4,2025-08-06,1,1928.8579426124652,1928.8579426124652,W2,full_sample,14,22,1804.8941735854426,1832.2742954937682,1878.0252786997705,1979.69060652516,2025.4415897311621,2052.8217116394876,75.36462028951092,,,,,,,,2025-08-06,d_steps_rw,rev_leg=naive;scenario=backtest;,1.0
driver-lines,margin_v2,adj_ebitda_margin_pct,2026Q1,2025-08-06,2,17.862644055168488,17.862644055168488,W1,full_sample,14,22,9.90677667335696,11.664004777263553,14.600255891854106,21.12503221848287,24.061283333073423,25.818511436980017,4.836823928556318,,,,,,,,2025-08-06,d_steps_rw,rev_leg=naive;scenario=backtest;,1.0
driver-lines,margin_v2,adj_ebitda_margin_pct,2026Q1,2025-08-06,2,17.862644055168488,17.862644055168488,W2,full_sample,14,22,9.90677667335696,11.664004777263553,14.600255891854106,21.12503221848287,24.061283333073423,25.818511436980017,4.836823928556318,,,,,,,,2025-08-06,d_steps_rw,rev_leg=naive;scenario=backtest;,1.0
driver-lines,margin_v2,adj_ebitda_musd,2026Q1,2025-08-06,2,457.23376601233383,457.23376601233383,W1,full_sample,14,22,155.9875589042703,222.52440220758618,333.7045500076142,580.7629820170534,691.9431298170815,758.4799731203974,183.14468969885496,,,,,,,,2025-08-06,d_steps_rw,rev_leg=naive;scenario=backtest;,1.0
driver-lines,margin_v2,adj_ebitda_musd,2026Q1,2025-08-06,2,457.23376601233383,457.23376601233383,W2,full_sample,14,22,155.9875589042703,222.52440220758618,333.7045500076142,580.7629820170534,691.9431298170815,758.4799731203974,183.14468969885496,,,,,,,,2025-08-06,d_steps_rw,rev_leg=naive;scenario=backtest;,1.0
driver-lines,margin_v2,total_cash_costs_musd,2026Q1,2025-08-06,2,2102.486758005133,2102.486758005133,W1,full_sample,14,22,1952.5846083981721,1985.6937915310596,2041.0177848481449,2163.9557311621215,2219.2797244792073,2252.3889076120945,91.1340359718121,,,,,,,,2025-08-06,d_steps_rw,rev_leg=naive;scenario=backtest;,1.0
driver-lines,margin_v2,total_cash_costs_musd,2026Q1,2025-08-06,2,2102.486758005133,2102.486758005133,W2,full_sample,14,22,1952.5846083981721,1985.6937915310596,2041.0177848481449,2163.9557311621215,2219.2797244792073,2252.3889076120945,91.1340359718121,,,,,,,,2025-08-06,d_steps_rw,rev_leg=naive;scenario=backtest;,1.0
driver-lines,margin_v2,adj_ebitda_margin_pct,2025Q4,2025-11-06,0,29.846224379207726,29.846224379207726,W1,PIT,14,23,24.421459011068233,25.61963762623557,27.621741557103878,32.07070720131158,34.07281113217988,35.270989747347215,3.2980231670787683,,,,,,,,2025-11-06,d_steps_rw,rev_leg=guide_cushion;scenario=backtest;event_E09_cor_cash_unidentified,1.0
driver-lines,margin_v2,adj_ebitda_margin_pct,2025Q4,2025-11-06,0,29.846224379207726,29.846224379207726,W2,PIT,14,23,24.421459011068233,25.61963762623557,27.621741557103878,32.07070720131158,34.07281113217988,35.270989747347215,3.2980231670787683,,,,,,,,2025-11-06,d_steps_rw,rev_leg=guide_cushion;scenario=backtest;event_E09_cor_cash_unidentified,1.0
driver-lines,margin_v2,adj_ebitda_musd,2025Q4,2025-11-06,0,818.5946227908639,818.5946227908639,W1,PIT,14,23,637.7174075658445,677.6681144713427,744.4239940405128,892.765251541215,959.521131110385,999.4718380158833,109.96553873322601,,,,,,,,2025-11-06,d_steps_rw,rev_leg=guide_cushion;scenario=backtest;event_E09_cor_cash_unidentified,1.0
driver-lines,margin_v2,adj_ebitda_musd,2025Q4,2025-11-06,0,818.5946227908639,818.5946227908639,W2,PIT,14,23,637.7174075658445,677.6681144713427,744.4239940405128,892.765251541215,959.521131110385,999.4718380158833,109.96553873322601,,,,,,,,2025-11-06,d_steps_rw,rev_leg=guide_cushion;scenario=backtest;event_E09_cor_cash_unidentified,1.0
driver-lines,margin_v2,total_cash_costs_musd,2025Q4,2025-11-06,0,1924.1128379261277,1924.1128379261277,W1,PIT,14,23,1768.917095479129,1803.1954848924554,1860.4731706393925,1987.7525052128628,2045.0301909598002,2079.3085803731265,94.35231190427216,,,,,,,,2025-11-06,d_steps_rw,rev_leg=guide_cushion;scenario=backtest;event_E09_cor_cash_unidentified,1.0
driver-lines,margin_v2,total_cash_costs_musd,2025Q4,2025-11-06,0,1924.1128379261277,1924.1128379261277,W2,PIT,14,23,1768.917095479129,1803.1954848924554,1860.4731706393925,1987.7525052128628,2045.0301909598002,2079.3085803731265,94.35231190427216,,,,,,,,2025-11-06,d_steps_rw,rev_leg=guide_cushion;scenario=backtest;event_E09_cor_cash_unidentified,1.0
driver-lines,margin_v2,adj_ebitda_margin_pct,2026Q1,2025-11-06,1,16.027024519142657,16.027024519142657,W1,PIT,14,23,6.787564182546484,8.82830199141381,12.238285392289507,19.81576364599581,23.225747046871504,25.26648485573883,5.617193034811457,,,,,,,,2025-11-06,d_steps_rw,rev_leg=naive;scenario=backtest;event_E09_cor_cash_unidentified,1.0
driver-lines,margin_v2,adj_ebitda_margin_pct,2026Q1,2025-11-06,1,16.027024519142657,16.027024519142657,W2,PIT,14,23,6.787564182546484,8.82830199141381,12.238285392289507,19.81576364599581,23.225747046871504,25.26648485573883,5.617193034811457,,,,,,,,2025-11-06,d_steps_rw,rev_leg=naive;scenario=backtest;event_E09_cor_cash_unidentified,1.0
driver-lines,margin_v2,adj_ebitda_musd,2026Q1,2025-11-06,1,399.5521752469995,399.5521752469995,W1,PIT,14,23,185.55935176099723,232.82436831011728,311.8021385921658,487.3022119018333,566.2799821838818,613.5449987330018,130.0983990184044,,,,,,,,2025-11-06,d_steps_rw,rev_leg=naive;scenario=backtest;event_E09_cor_cash_unidentified,1.0
driver-lines,margin_v2,adj_ebitda_musd,2026Q1,2025-11-06,1,399.5521752469995,399.5521752469995,W2,PIT,14,23,185.55935176099723,232.82436831011728,311.8021385921658,487.3022119018333,566.2799821838818,613.5449987330018,130.0983990184044,,,,,,,,2025-11-06,d_steps_rw,rev_leg=naive;scenario=backtest;event_E09_cor_cash_unidentified,1.0
driver-lines,margin_v2,total_cash_costs_musd,2026Q1,2025-11-06,1,2093.43817845075,2093.43817845075,W1,PIT,14,23,1916.943728661771,1955.926405530136,2021.0647493512893,2165.8116075502107,2230.949951371364,2269.932628239729,107.3010065437186,,,,,,,,2025-11-06,d_steps_rw,rev_leg=naive;scenario=backtest;event_E09_cor_cash_unidentified,1.0
driver-lines,margin_v2,total_cash_costs_musd,2026Q1,2025-11-06,1,2093.43817845075,2093.43817845075,W2,PIT,14,23,1916.943728661771,1955.926405530136,2021.0647493512893,2165.8116075502107,2230.949951371364,2269.932628239729,107.3010065437186,,,,,,,,2025-11-06,d_steps_rw,rev_leg=naive;scenario=backtest;event_E09_cor_cash_unidentified,1.0
driver-lines,margin_v2,adj_ebitda_margin_pct,2026Q2,2025-11-06,2,31.486818827754004,31.486818827754004,W1,PIT,14,23,19.015413275782812,21.76999719220683,26.372786139670172,36.60085151583783,41.20364046330118,43.958224379725195,7.582076208863255,,,,,,,,2025-11-06,d_steps_rw,rev_leg=naive;scenario=backtest;event_E09_cor_cash_unidentified,1.0
driver-lines,margin_v2,adj_ebitda_margin_pct,2026Q2,2025-11-06,2,31.486818827754004,31.486818827754004,W2,PIT,14,23,19.015413275782812,21.76999719220683,26.372786139670172,36.60085151583783,41.20364046330118,43.958224379725195,7.582076208863255,,,,,,,,2025-11-06,d_steps_rw,rev_leg=naive;scenario=backtest;event_E09_cor_cash_unidentified,1.0
driver-lines,margin_v2,adj_ebitda_musd,2026Q2,2025-11-06,2,1069.6507704086941,1069.6507704086941,W1,PIT,14,23,-136.63178465183069,129.8022199987038,575.0017597629165,1564.2997810544719,2009.4993208186845,2275.933325469219,733.3677205650309,,,,,,,,2025-11-06,d_steps_rw,rev_leg=naive;scenario=backtest;event_E09_cor_cash_unidentified,1.0
driver-lines,margin_v2,adj_ebitda_musd,2026Q2,2025-11-06,2,1069.6507704086941,1069.6507704086941,W2,PIT,14,23,-136.63178465183069,129.8022199987038,575.0017597629165,1564.2997810544719,2009.4993208186845,2275.933325469219,733.3677205650309,,,,,,,,2025-11-06,d_steps_rw,rev_leg=naive;scenario=backtest;event_E09_cor_cash_unidentified,1.0
driver-lines,margin_v2,total_cash_costs_musd,2026Q2,2025-11-06,2,2327.487493256901,2327.487493256901,W1,PIT,14,23,2177.060796092757,2210.2858370781046,2265.8034237867737,2389.1715627270282,2444.6891494356973,2477.914190421045,91.45293824286415,,,,,,,,2025-11-06,d_steps_rw,rev_leg=naive;scenario=backtest;event_E09_cor_cash_unidentified,1.0
driver-lines,margin_v2,total_cash_costs_musd,2026Q2,2025-11-06,2,2327.487493256901,2327.487493256901,W2,PIT,14,23,2177.060796092757,2210.2858370781046,2265.8034237867737,2389.1715627270282,2444.6891494356973,2477.914190421045,91.45293824286415,,,,,,,,2025-11-06,d_steps_rw,rev_leg=naive;scenario=backtest;event_E09_cor_cash_unidentified,1.0
driver-lines,margin_v2,adj_ebitda_margin_pct,2025Q4,2025-11-06,0,29.252720978149725,29.252720978149725,W1,full_sample,14,23,24.98898826304759,25.930727308579225,27.5043319623793,31.00110999392015,32.57471464772023,33.516453693251854,2.592165433592058,,,,,,,,2025-11-06,d_steps_rw,rev_leg=guide_cushion;scenario=backtest;,1.0
driver-lines,margin_v2,adj_ebitda_margin_pct,2025Q4,2025-11-06,0,29.252720978149725,29.252720978149725,W2,full_sample,14,23,24.98898826304759,25.930727308579225,27.5043319623793,31.00110999392015,32.57471464772023,33.516453693251854,2.592165433592058,,,,,,,,2025-11-06,d_steps_rw,rev_leg=guide_cushion;scenario=backtest;,1.0
driver-lines,margin_v2,adj_ebitda_musd,2025Q4,2025-11-06,0,802.316560730437,802.316560730437,W1,full_sample,14,23,656.428939600814,688.6514259191669,742.4937877370787,862.1393337237953,915.9816955417073,948.20418186006,88.69337595711005,,,,,,,,2025-11-06,d_steps_rw,rev_leg=guide_cushion;scenario=backtest;,1.0
driver-lines,margin_v2,adj_ebitda_musd,2025Q4,2025-11-06,0,802.316560730437,802.316560730437,W2,full_sample,14,23,656.428939600814,688.6514259191669,742.4937877370787,862.1393337237953,915.9816955417073,948.20418186006,88.69337595711005,,,,,,,,2025-11-06,d_steps_rw,rev_leg=guide_cushion;scenario=backtest;,1.0
driver-lines,margin_v2,total_cash_costs_musd,2025Q4,2025-11-06,0,1940.3908999865546,1940.3908999865546,W1,full_sample,14,23,1817.6492092469953,1844.7594083161325,1890.0593622928286,1990.7224376802808,2036.0223916569767,2063.132590726114,74.62164944551661,,,,,,,,2025-11-06,d_steps_rw,rev_leg=guide_cushion;scenario=backtest;,1.0
driver-lines,margin_v2,total_cash_costs_musd,2025Q4,2025-11-06,0,1940.3908999865546,1940.3908999865546,W2,full_sample,14,23,1817.6492092469953,1844.7594083161325,1890.0593622928286,1990.7224376802808,2036.0223916569767,2063.132590726114,74.62164944551661,,,,,,,,2025-11-06,d_steps_rw,rev_leg=guide_cushion;scenario=backtest;,1.0
driver-lines,margin_v2,adj_ebitda_margin_pct,2026Q1,2025-11-06,1,15.38469206331102,15.38469206331102,W1,full_sample,14,23,9.200879260068367,10.566710177762872,12.848953755308052,17.920430371313987,20.202673948859168,21.568504866553674,3.7594912409948393,,,,,,,,2025-11-06,d_steps_rw,rev_leg=naive;scenario=backtest;,1.0
driver-lines,margin_v2,adj_ebitda_margin_pct,2026Q1,2025-11-06,1,15.38469206331102,15.38469206331102,W2,full_sample,14,23,9.200879260068367,10.566710177762872,12.848953755308052,17.920430371313987,20.202673948859168,21.568504866553674,3.7594912409948393,,,,,,,,2025-11-06,d_steps_rw,rev_leg=naive;scenario=backtest;,1.0
driver-lines,margin_v2,adj_ebitda_musd,2026Q1,2025-11-06,1,383.538889084447,383.538889084447,W1,full_sample,14,23,246.30130829760378,276.6132431624458,327.2631572711606,439.81462089773345,490.4645350064482,520.7764698712903,83.43452483440468,,,,,,,,2025-11-06,d_steps_rw,rev_leg=naive;scenario=backtest;,1.0
driver-lines,margin_v2,adj_ebitda_musd,2026Q1,2025-11-06,1,383.538889084447,383.538889084447,W2,full_sample,14,23,246.30130829760378,276.6132431624458,327.2631572711606,439.81462089773345,490.4645350064482,520.7764698712903,83.43452483440468,,,,,,,,2025-11-06,d_steps_rw,rev_leg=naive;scenario=backtest;,1.0
driver-lines,margin_v2,total_cash_costs_musd,2026Q1,2025-11-06,1,2109.4514646133025,2109.4514646133025,W1,full_sample,14,23,1973.8813179705353,2003.8249633706635,2053.85948193178,2165.0434472948255,2215.0779658559413,2245.0216112560693,82.42079685475062,,,,,,,,2025-11-06,d_steps_rw,rev_leg=naive;scenario=backtest;,1.0
driver-lines,margin_v2,total_cash_costs_musd,2026Q1,2025-11-06,1,2109.4514646133025,2109.4514646133025,W2,full_sample,14,23,1973.8813179705353,2003.8249633706635,2053.85948193178,2165.0434472948255,2215.0779658559413,2245.0216112560693,82.42079685475062,,,,,,,,2025-11-06,d_steps_rw,rev_leg=naive;scenario=backtest;,1.0
driver-lines,margin_v2,adj_ebitda_margin_pct,2026Q2,2025-11-06,2,31.57369418579604,31.57369418579604,W1,full_sample,14,23,23.617826803984514,25.375054907891105,28.31130602248166,34.83608234911042,37.772333463700974,39.529561567607566,4.836823928556318,,,,,,,,2025-11-06,d_steps_rw,rev_leg=naive;scenario=backtest;,1.0
driver-lines,margin_v2,adj_ebitda_margin_pct,2026Q2,2025-11-06,2,31.57369418579604,31.57369418579604,W2,full_sample,14,23,23.617826803984514,25.375054907891105,28.31130602248166,34.83608234911042,37.772333463700974,39.529561567607566,4.836823928556318,,,,,,,,2025-11-06,d_steps_rw,rev_leg=naive;scenario=backtest;,1.0
driver-lines,margin_v2,adj_ebitda_musd,2026Q2,2025-11-06,2,1072.6020464384367,1072.6020464384367,W1,full_sample,14,23,365.9234888946134,522.0089742539013,782.8209765993736,1362.3831162774998,1623.1951186229721,1779.28060398226,429.6300570243216,,,,,,,,2025-11-06,d_steps_rw,rev_leg=naive;scenario=backtest;,1.0
driver-lines,margin_v2,adj_ebitda_musd,2026Q2,2025-11-06,2,1072.6020464384367,1072.6020464384367,W2,full_sample,14,23,365.9234888946134,522.0089742539013,782.8209765993736,1362.3831162774998,1623.1951186229721,1779.28060398226,429.6300570243216,,,,,,,,2025-11-06,d_steps_rw,rev_leg=naive;scenario=backtest;,1.0
driver-lines,margin_v2,total_cash_costs_musd,2026Q2,2025-11-06,2,2324.536217227159,2324.536217227159,W1,full_sample,14,23,2158.802485742352,2195.4084215572475,2256.575335288118,2392.4970991662,2453.6640128970707,2490.2699487119658,100.75895433441902,,,,,,,,2025-11-06,d_steps_rw,rev_leg=naive;scenario=backtest;,1.0
driver-lines,margin_v2,total_cash_costs_musd,2026Q2,2025-11-06,2,2324.536217227159,2324.536217227159,W2,full_sample,14,23,2158.802485742352,2195.4084215572475,2256.575335288118,2392.4970991662,2453.6640128970707,2490.2699487119658,100.75895433441902,,,,,,,,2025-11-06,d_steps_rw,rev_leg=naive;scenario=backtest;,1.0
driver-lines,margin_v2,adj_ebitda_margin_pct,2026Q1,2026-02-12,0,18.945727700191185,18.945727700191185,W1,PIT,14,24,13.51142256849798,14.711708250037429,16.71733299642757,21.1741224039548,23.17974715034494,24.38003283188439,3.30382293150607,,,,,,,,2026-02-12,d_steps_rw,rev_leg=guide_cushion;scenario=backtest;,1.0
driver-lines,margin_v2,adj_ebitda_margin_pct,2026Q1,2026-02-12,0,18.945727700191185,18.945727700191185,W2,PIT,14,24,13.51142256849798,14.711708250037429,16.71733299642757,21.1741224039548,23.17974715034494,24.38003283188439,3.30382293150607,,,,,,,,2026-02-12,d_steps_rw,rev_leg=guide_cushion;scenario=backtest;,1.0
driver-lines,margin_v2,adj_ebitda_musd,2026Q1,2026-02-12,0,504.1723291389974,504.1723291389974,W1,PIT,14,24,393.0799929649977,417.6171761387501,458.61773337014796,549.7269249078468,590.7274821392447,615.2646653129971,67.53934475002207,,,,,,,,2026-02-12,d_steps_rw,rev_leg=guide_cushion;scenario=backtest;,1.0
driver-lines,margin_v2,adj_ebitda_musd,2026Q1,2026-02-12,0,504.1723291389974,504.1723291389974,W2,PIT,14,24,393.0799929649977,417.6171761387501,458.61773337014796,549.7269249078468,590.7274821392447,615.2646653129971,67.53934475002207,,,,,,,,2026-02-12,d_steps_rw,rev_leg=guide_cushion;scenario=backtest;,1.0
driver-lines,margin_v2,total_cash_costs_musd,2026Q1,2026-02-12,0,2156.9676234525814,2156.9676234525814,W1,PIT,14,24,1980.1538203916855,2019.2070334464343,2084.46324014232,2229.4720067628427,2294.7282134587285,2333.781426513477,107.49515954717378,,,,,,,,2026-02-12,d_steps_rw,rev_leg=guide_cushion;scenario=backtest;,1.0
driver-lines,margin_v2,total_cash_costs_musd,2026Q1,2026-02-12,0,2156.9676234525814,2156.9676234525814,W2,PIT,14,24,1980.1538203916855,2019.2070334464343,2084.46324014232,2229.4720067628427,2294.7282134587285,2333.781426513477,107.49515954717378,,,,,,,,2026-02-12,d_steps_rw,rev_leg=guide_cushion;scenario=backtest;,1.0
driver-lines,margin_v2,adj_ebitda_margin_pct,2026Q2,2026-02-12,1,32.567987612497674,32.567987612497674,W1,PIT,14,24,25.5260827033447,27.081442115153276,29.68037949633836,35.45559572865699,38.05453310984207,39.60989252165065,4.281174199192577,,,,,,,,2026-02-12,d_steps_rw,rev_leg=naive;scenario=backtest;,1.0
driver-lines,margin_v2,adj_ebitda_margin_pct,2026Q2,2026-02-12,1,32.567987612497674,32.567987612497674,W2,PIT,14,24,25.5260827033447,27.081442115153276,29.68037949633836,35.45559572865699,38.05453310984207,39.60989252165065,4.281174199192577,,,,,,,,2026-02-12,d_steps_rw,rev_leg=naive;scenario=backtest;,1.0
driver-lines,margin_v2,adj_ebitda_musd,2026Q2,2026-02-12,1,1129.4641138828927,1129.4641138828927,W1,PIT,14,24,737.0585786578843,823.729962371785,968.5540443832652,1290.3741833825202,1435.1982653940004,1521.869649107901,238.56562602003828,,,,,,,,2026-02-12,d_steps_rw,rev_leg=naive;scenario=backtest;,1.0
driver-lines,margin_v2,adj_ebitda_musd,2026Q2,2026-02-12,1,1129.4641138828927,1129.4641138828927,W2,PIT,14,24,737.0585786578843,823.729962371785,968.5540443832652,1290.3741833825202,1435.1982653940004,1521.869649107901,238.56562602003828,,,,,,,,2026-02-12,d_steps_rw,rev_leg=naive;scenario=backtest;,1.0
driver-lines,margin_v2,total_cash_costs_musd,2026Q2,2026-02-12,1,2338.5552409558168,2338.5552409558168,W1,PIT,14,24,2138.2891747906133,2182.522335404734,2256.4340073534877,2420.676474558146,2494.5881465068996,2538.8213071210203,121.75312312522985,,,,,,,,2026-02-12,d_steps_rw,rev_leg=naive;scenario=backtest;,1.0
driver-lines,margin_v2,total_cash_costs_musd,2026Q2,2026-02-12,1,2338.5552409558168,2338.5552409558168,W2,PIT,14,24,2138.2891747906133,2182.522335404734,2256.4340073534877,2420.676474558146,2494.5881465068996,2538.8213071210203,121.75312312522985,,,,,,,,2026-02-12,d_steps_rw,rev_leg=naive;scenario=backtest;,1.0
driver-lines,margin_v2,adj_ebitda_margin_pct,2026Q1,2026-02-12,0,18.718438860773595,18.718438860773595,W1,full_sample,14,24,14.454706145671462,15.396445191203096,16.97004984500317,20.46682787654402,22.040432530344095,22.98217157587573,2.592165433592058,,,,,,,,2026-02-12,d_steps_rw,rev_leg=guide_cushion;scenario=backtest;,1.0
driver-lines,margin_v2,adj_ebitda_margin_pct,2026Q1,2026-02-12,0,18.718438860773595,18.718438860773595,W2,full_sample,14,24,14.454706145671462,15.396445191203096,16.97004984500317,20.46682787654402,22.040432530344095,22.98217157587573,2.592165433592058,,,,,,,,2026-02-12,d_steps_rw,rev_leg=guide_cushion;scenario=backtest;,1.0
driver-lines,margin_v2,adj_ebitda_musd,2026Q1,2026-02-12,0,498.1238550254741,498.1238550254741,W1,full_sample,14,24,407.54850385557677,427.55406012726917,460.98246749804224,535.2652425529059,568.6936499236791,588.6992061953714,55.06590354654674,,,,,,,,2026-02-12,d_steps_rw,rev_leg=guide_cushion;scenario=backtest;,1.0
driver-lines,margin_v2,adj_ebitda_musd,2026Q1,2026-02-12,0,498.1238550254741,498.1238550254741,W2,full_sample,14,24,407.54850385557677,427.55406012726917,460.98246749804224,535.2652425529059,568.6936499236791,588.6992061953714,55.06590354654674,,,,,,,,2026-02-12,d_steps_rw,rev_leg=guide_cushion;scenario=backtest;,1.0
driver-lines,margin_v2,total_cash_costs_musd,2026Q1,2026-02-12,0,2163.0160975661047,2163.0160975661047,W1,full_sample,14,24,2026.1919901586812,2056.4126003435526,2106.909914916238,2219.1222802159714,2269.6195947886567,2299.840204973528,83.18315086857275,,,,,,,,2026-02-12,d_steps_rw,rev_leg=guide_cushion;scenario=backtest;,1.0
driver-lines,margin_v2,total_cash_costs_musd,2026Q1,2026-02-12,0,2163.0160975661047,2163.0160975661047,W2,full_sample,14,24,2026.1919901586812,2056.4126003435526,2106.909914916238,2219.1222802159714,2269.6195947886567,2299.840204973528,83.18315086857275,,,,,,,,2026-02-12,d_steps_rw,rev_leg=guide_cushion;scenario=backtest;,1.0
driver-lines,margin_v2,adj_ebitda_margin_pct,2026Q2,2026-02-12,1,32.60850189486675,32.60850189486675,W1,full_sample,14,24,26.424689091624096,27.7905200093186,30.072763586863783,35.14424020286972,37.4264837804149,38.7923146981094,3.7594912409948393,,,,,,,,2026-02-12,d_steps_rw,rev_leg=naive;scenario=backtest;,1.0
driver-lines,margin_v2,adj_ebitda_margin_pct,2026Q2,2026-02-12,1,32.60850189486675,32.60850189486675,W2,full_sample,14,24,26.424689091624096,27.7905200093186,30.072763586863783,35.14424020286972,37.4264837804149,38.7923146981094,3.7594912409948393,,,,,,,,2026-02-12,d_steps_rw,rev_leg=naive;scenario=backtest;,1.0
driver-lines,margin_v2,adj_ebitda_musd,2026Q2,2026-02-12,1,1130.8691570369263,1130.8691570369263,W1,full_sample,14,24,726.2224531037737,815.5975678687713,964.9394659194368,1296.7988481544157,1446.140746205081,1535.5158609700788,246.007728166739,,,,,,,,2026-02-12,d_steps_rw,rev_leg=naive;scenario=backtest;,1.0
driver-lines,margin_v2,adj_ebitda_musd,2026Q2,2026-02-12,1,1130.8691570369263,1130.8691570369263,W2,full_sample,14,24,726.2224531037737,815.5975678687713,964.9394659194368,1296.7988481544157,1446.140746205081,1535.5158609700788,246.007728166739,,,,,,,,2026-02-12,d_steps_rw,rev_leg=naive;scenario=backtest;,1.0
driver-lines,margin_v2,total_cash_costs_musd,2026Q2,2026-02-12,1,2337.150197801783,2337.150197801783,W1,full_sample,14,24,2186.946317619006,2220.1221445786678,2275.5574968082424,2398.7428987953244,2454.1782510248986,2487.35407798456,91.31747513677601,,,,,,,,2026-02-12,d_steps_rw,rev_leg=naive;scenario=backtest;,1.0
driver-lines,margin_v2,total_cash_costs_musd,2026Q2,2026-02-12,1,2337.150197801783,2337.150197801783,W2,full_sample,14,24,2186.946317619006,2220.1221445786678,2275.5574968082424,2398.7428987953244,2454.1782510248986,2487.35407798456,91.31747513677601,,,,,,,,2026-02-12,d_steps_rw,rev_leg=naive;scenario=backtest;,1.0
driver-lines,margin_v2,adj_ebitda_margin_pct,2026Q2,2026-05-07,0,34.96491591021084,34.96491591021084,W1,PIT,14,25,29.803582464493957,30.94357635192118,32.848456153890545,37.08137566653114,38.9862554685005,40.126249355927726,3.137867930098292,,,,,,,,2026-05-07,d_steps_rw,rev_leg=guide_cushion;scenario=backtest;,1.0
driver-lines,margin_v2,adj_ebitda_margin_pct,2026Q2,2026-05-07,0,34.96491591021084,34.96491591021084,W2,PIT,14,25,29.803582464493957,30.94357635192118,32.848456153890545,37.08137566653114,38.9862554685005,40.126249355927726,3.137867930098292,,,,,,,,2026-05-07,d_steps_rw,rev_leg=guide_cushion;scenario=backtest;,1.0
driver-lines,margin_v2,adj_ebitda_musd,2026Q2,2026-05-07,0,1272.7054741899283,1272.7054741899283,W1,PIT,14,25,1051.3977615459287,1100.2784320757548,1181.9558893199542,1363.4550590599024,1445.1325163041015,1494.0131868339279,134.54553585668617,,,,,,,,2026-05-07,d_steps_rw,rev_leg=guide_cushion;scenario=backtest;,1.0
driver-lines,margin_v2,adj_ebitda_musd,2026Q2,2026-05-07,0,1272.7054741899283,1272.7054741899283,W2,PIT,14,25,1051.3977615459287,1100.2784320757548,1181.9558893199542,1363.4550590599024,1445.1325163041015,1494.0131868339279,134.54553585668617,,,,,,,,2026-05-07,d_steps_rw,rev_leg=guide_cushion;scenario=backtest;,1.0
driver-lines,margin_v2,total_cash_costs_musd,2026Q2,2026-05-07,0,2367.2445759065995,2367.2445759065995,W1,PIT,14,25,2175.6472548552515,2217.9657326562206,2288.6780535749594,2445.8110982382395,2516.523419156979,2558.841896957948,116.48290030915966,,,,,,,,2026-05-07,d_steps_rw,rev_leg=guide_cushion;scenario=backtest;,1.0
driver-lines,margin_v2,total_cash_costs_musd,2026Q2,2026-05-07,0,2367.2445759065995,2367.2445759065995,W2,PIT,14,25,2175.6472548552515,2217.9657326562206,2288.6780535749594,2445.8110982382395,2516.523419156979,2558.841896957948,116.48290030915966,,,,,,,,2026-05-07,d_steps_rw,rev_leg=guide_cushion;scenario=backtest;,1.0
driver-lines,margin_v2,adj_ebitda_margin_pct,2026Q2,2026-05-07,0,35.013335659748094,35.013335659748094,W1,full_sample,14,25,30.74960294464596,31.691341990177595,33.264946643977666,36.76172467551852,38.3353293293186,39.277068374850224,2.592165433592058,,,,,,,,2026-05-07,d_steps_rw,rev_leg=guide_cushion;scenario=backtest;,1.0
driver-lines,margin_v2,adj_ebitda_margin_pct,2026Q2,2026-05-07,0,35.013335659748094,35.013335659748094,W2,full_sample,14,25,30.74960294464596,31.691341990177595,33.264946643977666,36.76172467551852,38.3353293293186,39.277068374850224,2.592165433592058,,,,,,,,2026-05-07,d_steps_rw,rev_leg=guide_cushion;scenario=backtest;,1.0
driver-lines,margin_v2,adj_ebitda_musd,2026Q2,2026-05-07,0,1274.4679288874663,1274.4679288874663,W1,full_sample,14,25,1042.7276115965979,1093.9125520699297,1179.440343357213,1369.4955144177197,1455.0233057050032,1506.2082461783348,140.88810912638468,,,,,,,,2026-05-07,d_steps_rw,rev_leg=guide_cushion;scenario=backtest;,1.0
driver-lines,margin_v2,adj_ebitda_musd,2026Q2,2026-05-07,0,1274.4679288874663,1274.4679288874663,W2,full_sample,14,25,1042.7276115965979,1093.9125520699297,1179.440343357213,1369.4955144177197,1455.0233057050032,1506.2082461783348,140.88810912638468,,,,,,,,2026-05-07,d_steps_rw,rev_leg=guide_cushion;scenario=backtest;,1.0
driver-lines,margin_v2,total_cash_costs_musd,2026Q2,2026-05-07,0,2365.4821212090615,2365.4821212090615,W1,full_sample,14,25,2215.850789206107,2248.900156321211,2304.1241996952604,2426.840042722863,2482.064086096912,2515.113453212016,90.9693905592542,,,,,,,,2026-05-07,d_steps_rw,rev_leg=guide_cushion;scenario=backtest;,1.0
driver-lines,margin_v2,total_cash_costs_musd,2026Q2,2026-05-07,0,2365.4821212090615,2365.4821212090615,W2,full_sample,14,25,2215.850789206107,2248.900156321211,2304.1241996952604,2426.840042722863,2482.064086096912,2515.113453212016,90.9693905592542,,,,,,,,2026-05-07,d_steps_rw,rev_leg=guide_cushion;scenario=backtest;,1.0
driver-lines,margin_v2,adj_ebitda_margin_pct,2026Q3,2026-08-06,0,51.55742104588914,51.55742104588914,LIVE,PIT,14,26,47.038954146469905,48.03695683318931,49.7045755644909,53.410266527287384,55.07788525858898,56.07588794530838,2.7470328212691126,,,,,,,,2026-08-06,d_steps_rw,rev_leg=ws06_base;scenario=base;,1.0
driver-lines,margin_v2,adj_ebitda_musd,2026Q3,2026-08-06,0,2476.8368099289855,2476.8368099289855,LIVE,PIT,14,26,2088.050766004536,2173.9227055434712,2317.4109513908375,2636.262668467133,2779.7509143145,2865.622853853435,236.36513155581832,,,,,,,,2026-08-06,d_steps_rw,rev_leg=ws06_base;scenario=base;,1.0
driver-lines,margin_v2,total_cash_costs_musd,2026Q3,2026-08-06,0,2327.1986900710144,2327.1986900710144,LIVE,PIT,14,26,2164.553660418523,2200.4773885741074,2260.5043632181973,2393.8930169238315,2453.9199915679214,2489.8437197235057,98.88115695372444,,,,,,,,2026-08-06,d_steps_rw,rev_leg=ws06_base;scenario=base;,1.0
driver-lines,margin_v2,adj_ebitda_margin_pct,2026Q4,2026-08-06,1,28.431847719456268,28.431847719456268,LIVE,PIT,14,26,22.940879527300616,24.153680490646497,26.18021772419289,30.683477714719647,32.710014948266036,33.92281591161192,3.3382716262312444,,,,,,,,2026-08-06,d_steps_rw,rev_leg=ws06_base;scenario=base;,1.0
driver-lines,margin_v2,adj_ebitda_musd,2026Q4,2026-08-06,1,903.5947700561618,903.5947700561618,LIVE,PIT,14,26,697.697558232646,743.1744810832515,819.1644251954455,988.025114916878,1064.015059029072,1109.4919818796775,125.17661659969109,,,,,,,,2026-08-06,d_steps_rw,rev_leg=ws06_base;scenario=base;,1.0
driver-lines,margin_v2,total_cash_costs_musd,2026Q4,2026-08-06,1,2274.5130299438383,2274.5130299438383,LIVE,PIT,14,26,2103.496763119868,2141.2694629231974,2204.385988121065,2344.6400717666115,2407.756596964479,2445.529296767809,103.97050778367888,,,,,,,,2026-08-06,d_steps_rw,rev_leg=ws06_base;scenario=base;,1.0
driver-lines,margin_v2,adj_ebitda_margin_pct,2027Q1,2026-08-06,2,19.420145692093968,19.420145692093968,LIVE,PIT,14,26,14.213858423435733,15.363781350307628,17.28525214184256,21.555039242345376,23.47651003388031,24.626432960752204,3.165197913876038,,,,,,,,2026-08-06,d_steps_rw,rev_leg=ws06_base;scenario=base;,1.0
driver-lines,margin_v2,adj_ebitda_musd,2027Q1,2026-08-06,2,592.9221582280088,592.9221582280088,LIVE,PIT,14,26,450.67658381886577,482.09464410221455,534.592845286322,651.2514711696956,703.749672353803,735.1677326371519,86.47916877125242,,,,,,,,2026-08-06,d_steps_rw,rev_leg=ws06_base;scenario=base;,1.0
driver-lines,margin_v2,total_cash_costs_musd,2027Q1,2026-08-06,2,2460.2071417719912,2460.2071417719912,LIVE,PIT,14,26,2312.1991823084095,2344.889991932244,2399.5149014596145,2520.899382084368,2575.524291611739,2608.215101235573,89.98245013320475,,,,,,,,2026-08-06,d_steps_rw,rev_leg=ws06_base;scenario=base;,1.0
driver-lines,margin_v2,adj_ebitda_margin_pct,2027Q2,2026-08-06,3,34.343727065691006,34.343727065691006,LIVE,PIT,14,26,29.13743979703277,30.287362723904664,32.2088335154396,36.47862061594241,38.40009140747735,39.55001433434924,3.165197913876038,,,,,,,,2026-08-06,d_steps_rw,rev_leg=ws06_base;scenario=base;,1.0
driver-lines,margin_v2,adj_ebitda_musd,2027Q2,2026-08-06,3,1383.7021351373671,1383.7021351373671,LIVE,PIT,14,26,1051.7437114346676,1125.0640225289048,1247.5790475811243,1519.82522269361,1642.3402477458294,1715.6605588400666,201.816391600718,,,,,,,,2026-08-06,d_steps_rw,rev_leg=ws06_base;scenario=base;,1.0
driver-lines,margin_v2,total_cash_costs_musd,2027Q2,2026-08-06,3,2645.278564862633,2645.278564862633,LIVE,PIT,14,26,2486.1365658210107,2521.286572703622,2580.0206930249856,2710.536436700281,2769.270557021645,2804.4205639042557,96.75146556145049,,,,,,,,2026-08-06,d_steps_rw,rev_leg=ws06_base;scenario=base;,1.0
driver-lines,margin_v2,adj_ebitda_margin_pct,2027Q3,2026-08-06,4,50.526076281181766,50.526076281181766,LIVE,PIT,14,26,45.31978901252353,46.469711939395424,48.39118273093036,52.66096983143317,54.58244062296811,55.73236354984,3.165197913876038,,,,,,,,2026-08-06,d_steps_rw,rev_leg=ws06_base;scenario=base;,1.0
driver-lines,margin_v2,adj_ebitda_musd,2027Q3,2026-08-06,4,2668.146931155157,2668.146931155157,LIVE,PIT,14,26,2028.0425134615816,2169.4236373824533,2405.665296488533,2930.6285658217807,3166.8702249278604,3308.251348848732,389.15585387371385,,,,,,,,2026-08-06,d_steps_rw,rev_leg=ws06_base;scenario=base;,1.0
driver-lines,margin_v2,total_cash_costs_musd,2027Q3,2026-08-06,4,2612.5855688448432,2612.5855688448432,LIVE,PIT,14,26,2455.410405663172,2490.125993634178,2548.1342190016867,2677.036918688,2735.0451440555084,2769.7607320265147,95.55571426314437,,,,,,,,2026-08-06,d_steps_rw,rev_leg=ws06_base;scenario=base;,1.0
driver-lines,margin_v2,adj_ebitda_margin_pct,2027Q4,2026-08-06,5,26.233867761315192,26.233867761315192,LIVE,PIT,14,26,21.02758049265696,22.177503419528854,24.098974211063783,28.3687613115666,30.29023210310153,31.440155029973425,3.165197913876038,,,,,,,,2026-08-06,d_steps_rw,rev_leg=ws06_base;scenario=base;,1.0
driver-lines,margin_v2,adj_ebitda_musd,2027Q4,2026-08-06,5,909.2039709131355,909.2039709131355,LIVE,PIT,14,26,691.0804966882464,739.2578582046027,819.7601169244259,998.6478249018452,1079.1500836216685,1127.3274451380248,132.60965635535206,,,,,,,,2026-08-06,d_steps_rw,rev_leg=ws06_base;scenario=base;,1.0
driver-lines,margin_v2,total_cash_costs_musd,2027Q4,2026-08-06,5,2556.5601290868644,2556.5601290868644,LIVE,PIT,14,26,2402.755499579303,2436.726631136814,2493.490902478644,2619.629355695085,2676.3936270369154,2710.364758594426,93.50657528878055,,,,,,,,2026-08-06,d_steps_rw,rev_leg=ws06_base;scenario=base;,1.0
driver-lines,margin_v2,adj_ebitda_margin_pct,2028Q1,2026-08-06,6,16.342654492199355,16.342654492199355,LIVE,PIT,14,26,11.13636722354112,12.286290150413015,14.207760941947946,18.477548042450763,20.399018833985693,21.548941760857588,3.165197913876038,,,,,,,,2026-08-06,d_steps_rw,rev_leg=ws06_base;scenario=base;,1.0
driver-lines,margin_v2,adj_ebitda_musd,2028Q1,2026-08-06,6,540.9334635673896,540.9334635673896,LIVE,PIT,14,26,411.16028816064227,439.8235451022144,487.7185906887151,594.1483364460641,642.0433820325648,670.7066389741369,78.89648858741641,,,,,,,,2026-08-06,d_steps_rw,rev_leg=ws06_base;scenario=base;,1.0
driver-lines,margin_v2,total_cash_costs_musd,2028Q1,2026-08-06,6,2769.0151364326107,2769.0151364326107,LIVE,PIT,14,26,2602.4290497944044,2639.2232469714095,2700.704737183899,2837.3255356813224,2898.8070258938124,2935.601223070817,101.27714947314328,,,,,,,,2026-08-06,d_steps_rw,rev_leg=ws06_base;scenario=base;,1.0
driver-lines,margin_v2,adj_ebitda_margin_pct,2028Q2,2026-08-06,7,31.605172084098186,31.605172084098186,LIVE,PIT,14,26,26.39888481543995,27.548807742311844,29.470278533846777,33.74006563434959,35.66153642588453,36.81145935275642,3.165197913876038,,,,,,,,2026-08-06,d_steps_rw,rev_leg=ws06_base;scenario=base;,1.0
driver-lines,margin_v2,adj_ebitda_musd,2028Q2,2026-08-06,7,1378.5374555919575,1378.5374555919575,LIVE,PIT,14,26,1047.8180694229056,1120.8647118558354,1242.9224485742259,1514.152462609689,1636.2101993280796,1709.2568417610094,201.06311026714172,,,,,,,,2026-08-06,d_steps_rw,rev_leg=ws06_base;scenario=base;,1.0
driver-lines,margin_v2,total_cash_costs_musd,2028Q2,2026-08-06,7,2983.2089444080425,2983.2089444080425,LIVE,PIT,14,26,2803.7367930519913,2843.3771607323815,2909.6144770634614,3056.8034117526236,3123.0407280837035,3162.6810957640937,109.11132055481426,,,,,,,,2026-08-06,d_steps_rw,rev_leg=ws06_base;scenario=base;,1.0
driver-lines,margin_v2,adj_ebitda_margin_pct,2028Q3,2026-08-06,8,48.71637392264835,48.71637392264835,LIVE,PIT,14,26,43.510086653990115,44.66000958086201,46.581480372396946,50.85126747289976,52.77273826443469,53.92266119130659,3.165197913876038,,,,,,,,2026-08-06,d_steps_rw,rev_leg=ws06_base;scenario=base;,1.0
driver-lines,margin_v2,adj_ebitda_musd,2028Q3,2026-08-06,8,2785.145934622499,2785.145934622499,LIVE,PIT,14,26,2116.972755755877,2264.5534822603568,2511.154405457232,3059.1374637877666,3305.7383869846417,3453.3191134891213,406.2204489921674,,,,,,,,2026-08-06,d_steps_rw,rev_leg=ws06_base;scenario=base;,1.0
driver-lines,margin_v2,total_cash_costs_musd,2028Q3,2026-08-06,8,2931.9173653775006,2931.9173653775006,LIVE,PIT,14,26,2755.530954982476,2794.4897689770305,2859.5882389823328,3004.2464917726684,3069.3449617779706,3108.303775772525,107.23532325604825,,,,,,,,2026-08-06,d_steps_rw,rev_leg=ws06_base;scenario=base;,1.0
driver-lines,margin_v2,adj_ebitda_margin_pct,2028Q4,2026-08-06,9,23.157574089337697,23.157574089337697,LIVE,PIT,14,26,17.951286820679464,19.10120974755136,21.022680539086288,25.292467639589105,27.213938431124035,28.36386135799593,3.165197913876038,,,,,,,,2026-08-06,d_steps_rw,rev_leg=ws06_base;scenario=base;,1.0
driver-lines,margin_v2,adj_ebitda_musd,2028Q4,2026-08-06,9,868.1039736266847,868.1039736266847,LIVE,PIT,14,26,659.8406347350701,705.8401687331392,782.7033731584514,953.504574094918,1030.36777852023,1076.3673125182993,126.61511971591314,,,,,,,,2026-08-06,d_steps_rw,rev_leg=ws06_base;scenario=base;,1.0
driver-lines,margin_v2,total_cash_costs_musd,2028Q4,2026-08-06,9,2880.578726373315,2880.578726373315,LIVE,PIT,14,26,2707.2808881036335,2745.557523087512,2809.516101876645,2951.641350869985,3015.5999296591185,3053.8765646429965,105.35760473159367,,,,,,,,2026-08-06,d_steps_rw,rev_leg=ws06_base;scenario=base;,1.0
driver-lines,margin_v2,adj_ebitda_margin_pct,2026Q3,2026-08-06,0,51.55742104588914,51.55742104588914,LIVE,full_sample,14,26,47.29368833078701,48.23542737631864,49.809032030118715,53.30581006165957,54.879414715459646,55.82115376099127,2.592165433592058,,,,,,,,2026-08-06,d_steps_rw,rev_leg=ws06_base;scenario=base;,1.0
driver-lines,margin_v2,adj_ebitda_musd,2026Q3,2026-08-06,0,2476.8368099289855,2476.8368099289855,LIVE,full_sample,14,26,2026.466160969856,2125.940413561713,2292.1575281164814,2661.5160917414896,2827.7332062962587,2927.207458888115,273.80591292723994,,,,,,,,2026-08-06,d_steps_rw,rev_leg=ws06_base;scenario=base;,1.0
driver-lines,margin_v2,total_cash_costs_musd,2026Q3,2026-08-06,0,2327.1986900710144,2327.1986900710144,LIVE,full_sample,14,26,2179.989021179976,2212.503510792197,2266.83379731105,2387.563582830979,2441.8938693498317,2474.4083589620527,89.49712392577601,,,,,,,,2026-08-06,d_steps_rw,rev_leg=ws06_base;scenario=base;,1.0
driver-lines,margin_v2,adj_ebitda_margin_pct,2026Q4,2026-08-06,1,28.431847719456268,28.431847719456268,LIVE,full_sample,14,26,22.248034916213616,23.613865833908118,25.896109411453303,30.967586027459234,33.249829605004415,34.61566052269892,3.7594912409948393,,,,,,,,2026-08-06,d_steps_rw,rev_leg=ws06_base;scenario=base;,1.0
driver-lines,margin_v2,adj_ebitda_musd,2026Q4,2026-08-06,1,903.5947700561618,903.5947700561618,LIVE,full_sample,14,26,580.2712068311355,651.6843192785768,771.0124990146128,1036.1770410977108,1155.5052208337468,1226.918333281188,196.56676918071153,,,,,,,,2026-08-06,d_steps_rw,rev_leg=ws06_base;scenario=base;,1.0
driver-lines,margin_v2,total_cash_costs_musd,2026Q4,2026-08-06,1,2274.5130299438383,2274.5130299438383,LIVE,full_sample,14,26,2128.3347128869455,2160.621405787507,2214.571053989101,2334.4550058985756,2388.40465410017,2420.691347000731,88.87010653210277,,,,,,,,2026-08-06,d_steps_rw,rev_leg=ws06_base;scenario=base;,1.0
driver-lines,margin_v2,adj_ebitda_margin_pct,2027Q1,2026-08-06,2,19.420145692093968,19.420145692093968,LIVE,full_sample,14,26,11.46427831028244,13.221506414189033,16.157757528779587,22.682533855408348,25.618784969998902,27.376013073905497,4.836823928556318,,,,,,,,2026-08-06,d_steps_rw,rev_leg=ws06_base;scenario=base;,1.0
driver-lines,margin_v2,adj_ebitda_musd,2027Q1,2026-08-06,2,592.9221582280088,592.9221582280088,LIVE,full_sample,14,26,202.2783244747146,288.5605977135128,432.73449318194895,753.1098232740686,897.2837187425049,983.565991981303,237.49458757452055,,,,,,,,2026-08-06,d_steps_rw,rev_leg=ws06_base;scenario=base;,1.0
driver-lines,margin_v2,total_cash_costs_musd,2027Q1,2026-08-06,2,2460.2071417719912,2460.2071417719912,LIVE,full_sample,14,26,2284.800406092984,2323.542837402779,2388.2797414293136,2532.134542114669,2596.871446141204,2635.6138774509986,106.63972331939428,,,,,,,,2026-08-06,d_steps_rw,rev_leg=ws06_base;scenario=base;,1.0
driver-lines,margin_v2,adj_ebitda_margin_pct,2027Q2,2026-08-06,3,34.343727065691006,34.343727065691006,LIVE,full_sample,14,26,26.387859683879476,28.14508778778607,31.081338902376626,37.60611522900539,40.54236634359594,42.299594447502535,4.836823928556318,,,,,,,,2026-08-06,d_steps_rw,rev_leg=ws06_base;scenario=base;,1.0
driver-lines,margin_v2,adj_ebitda_musd,2027Q2,2026-08-06,3,1383.7021351373671,1383.7021351373671,LIVE,full_sample,14,26,472.05682159720976,673.413718195295,1009.872263760447,1757.532006514287,2093.990552079439,2295.3474486775244,554.2409966470855,,,,,,,,2026-08-06,d_steps_rw,rev_leg=ws06_base;scenario=base;,1.0
driver-lines,margin_v2,total_cash_costs_musd,2027Q2,2026-08-06,3,2645.278564862633,2645.278564862633,LIVE,full_sample,14,26,2456.676690595248,2498.3335581631745,2567.940357391316,2722.6167723339504,2792.223571562092,2833.880439130018,114.6617979722211,,,,,,,,2026-08-06,d_steps_rw,rev_leg=ws06_base;scenario=base;,1.0
driver-lines,margin_v2,adj_ebitda_margin_pct,2027Q3,2026-08-06,4,50.526076281181766,50.526076281181766,LIVE,full_sample,14,26,42.570208899370236,44.327437003276835,47.26368811786738,53.78846444449615,56.7247155590867,58.481943662993295,4.836823928556318,,,,,,,,2026-08-06,d_steps_rw,rev_leg=ws06_base;scenario=base;,1.0
driver-lines,margin_v2,adj_ebitda_musd,2027Q3,2026-08-06,4,2668.146931155157,2668.146931155157,LIVE,full_sample,14,26,910.2515114283711,1298.5213363295027,1947.303189745857,3388.990672564457,4037.7725259808108,4426.042350881942,1068.7245302093063,,,,,,,,2026-08-06,d_steps_rw,rev_leg=ws06_base;scenario=base;,1.0
driver-lines,margin_v2,total_cash_costs_musd,2027Q3,2026-08-06,4,2612.5855688448432,2612.5855688448432,LIVE,full_sample,14,26,2426.3146250156638,2467.456655385118,2536.2031842280517,2688.967953461635,2757.7144823045683,2798.8565126740227,113.24469288760287,,,,,,,,2026-08-06,d_steps_rw,rev_leg=ws06_base;scenario=base;,1.0
driver-lines,margin_v2,adj_ebitda_margin_pct,2027Q4,2026-08-06,5,26.233867761315192,26.233867761315192,LIVE,full_sample,14,26,18.278000379503666,20.035228483410258,22.971479598000812,29.496255924629573,32.43250703922013,34.18973514312672,4.836823928556318,,,,,,,,2026-08-06,d_steps_rw,rev_leg=ws06_base;scenario=base;,1.0
driver-lines,margin_v2,adj_ebitda_musd,2027Q4,2026-08-06,5,909.2039709131355,909.2039709131355,LIVE,full_sample,14,26,310.1794279230539,442.4871589793119,663.5675764386123,1154.840365387659,1375.9207828469591,1508.2285139032172,364.1810633936454,,,,,,,,2026-08-06,d_steps_rw,rev_leg=ws06_base;scenario=base;,1.0
driver-lines,margin_v2,total_cash_costs_musd,2027Q4,2026-08-06,5,2556.5601290868644,2556.5601290868644,LIVE,full_sample,14,26,2374.2836617129683,2414.5434241975076,2481.815722088472,2631.304536085257,2698.5768339762217,2738.8365964607606,110.8162236367027,,,,,,,,2026-08-06,d_steps_rw,rev_leg=ws06_base;scenario=base;,1.0
driver-lines,margin_v2,adj_ebitda_margin_pct,2028Q1,2026-08-06,6,16.342654492199355,16.342654492199355,LIVE,full_sample,14,26,8.386787110387827,10.14401521429442,13.080266328884973,19.605042655513735,22.54129377010429,24.29852187401088,4.836823928556318,,,,,,,,2026-08-06,d_steps_rw,rev_leg=ws06_base;scenario=base;,1.0
driver-lines,margin_v2,adj_ebitda_musd,2028Q1,2026-08-06,6,540.9334635673896,540.9334635673896,LIVE,full_sample,14,26,184.5421243654018,263.2589816456501,394.7913987589155,687.0755283758638,818.6079454891291,897.3248027693774,216.6705495020332,,,,,,,,2026-08-06,d_steps_rw,rev_leg=ws06_base;scenario=base;,1.0
driver-lines,margin_v2,total_cash_costs_musd,2028Q1,2026-08-06,6,2769.0151364326107,2769.0151364326107,LIVE,full_sample,14,26,2571.591148069756,2615.196573359983,2688.0593271060557,2849.9709457591657,2922.833699505238,2966.4391247954654,120.02526250846694,,,,,,,,2026-08-06,d_steps_rw,rev_leg=ws06_base;scenario=base;,1.0
driver-lines,margin_v2,adj_ebitda_margin_pct,2028Q2,2026-08-06,7,31.605172084098186,31.605172084098186,LIVE,full_sample,14,26,23.649304702286656,25.40653280619325,28.342783920783805,34.86756024741257,37.80381136200312,39.561039465909715,4.836823928556318,,,,,,,,2026-08-06,d_steps_rw,rev_leg=ws06_base;scenario=base;,1.0
driver-lines,margin_v2,adj_ebitda_musd,2028Q2,2026-08-06,7,1378.5374555919575,1378.5374555919575,LIVE,full_sample,14,26,470.2948656466741,670.9001959800415,1006.1029072698593,1750.9720039140557,2086.1747152038733,2286.7800455372408,552.1722875904745,,,,,,,,2026-08-06,d_steps_rw,rev_leg=ws06_base;scenario=base;,1.0
driver-lines,margin_v2,total_cash_costs_musd,2028Q2,2026-08-06,7,2983.2089444080425,2983.2089444080425,LIVE,full_sample,14,26,2770.5134628356504,2817.491932920185,2895.9908966237635,3070.4269921923214,3148.9259558959006,3195.9044259804346,129.30967113869943,,,,,,,,2026-08-06,d_steps_rw,rev_leg=ws06_base;scenario=base;,1.0
driver-lines,margin_v2,adj_ebitda_margin_pct,2028Q3,2026-08-06,8,48.71637392264835,48.71637392264835,LIVE,full_sample,14,26,40.76050654083682,42.51773464474342,45.45398575933397,51.978762085962735,54.91501320055328,56.67224130445988,4.836823928556318,,,,,,,,2026-08-06,d_steps_rw,rev_leg=ws06_base;scenario=base;,1.0
driver-lines,margin_v2,adj_ebitda_musd,2028Q3,2026-08-06,8,2785.145934622499,2785.145934622499,LIVE,full_sample,14,26,950.1662996651845,1355.4618670617658,2032.6929896810516,3537.598879563947,4214.830002183233,4620.125569579814,1115.5884054912635,,,,,,,,2026-08-06,d_steps_rw,rev_leg=ws06_base;scenario=base;,1.0
driver-lines,margin_v2,total_cash_costs_musd,2028Q3,2026-08-06,8,2931.9173653775006,2931.9173653775006,LIVE,full_sample,14,26,2722.8788476000714,2769.04959688597,2846.1988945501766,3017.6358362048245,3094.7851338690316,3140.95588315493,127.0863950154978,,,,,,,,2026-08-06,d_steps_rw,rev_leg=ws06_base;scenario=base;,1.0
driver-lines,margin_v2,adj_ebitda_margin_pct,2028Q4,2026-08-06,9,23.157574089337697,23.157574089337697,LIVE,full_sample,14,26,15.201706707526169,16.958934811432762,19.895185926023316,26.419962252652077,29.35621336724263,31.113441471149223,4.836823928556318,,,,,,,,2026-08-06,d_steps_rw,rev_leg=ws06_base;scenario=base;,1.0
driver-lines,margin_v2,adj_ebitda_musd,2028Q4,2026-08-06,9,868.1039736266847,868.1039736266847,LIVE,full_sample,14,26,296.15796073440214,422.4848034956747,633.5714188507685,1102.636528402601,1313.7231437576947,1440.0499865189672,347.71848602255994,,,,,,,,2026-08-06,d_steps_rw,rev_leg=ws06_base;scenario=base;,1.0
driver-lines,margin_v2,total_cash_costs_musd,2028Q4,2026-08-06,9,2880.578726373315,2880.578726373315,LIVE,full_sample,14,26,2675.2005276515574,2720.5628150557764,2796.3612083633393,2964.7962443832907,3040.5946376908537,3085.9569250950726,124.86107903862546,,,,,,,,2026-08-06,d_steps_rw,rev_leg=ws06_base;scenario=base;,1.0
driver-lines,margin_v2,adj_ebitda_margin_pct,2026Q3,2026-09-11,0,51.55742104588914,51.55742104588914,LIVE,PIT,14,26,47.038954146469905,48.03695683318931,49.7045755644909,53.410266527287384,55.07788525858898,56.07588794530838,2.7470328212691126,,,,,,,,2026-08-06,d_steps_rw,rev_leg=ws06_base;scenario=base;,1.0
driver-lines,margin_v2,adj_ebitda_musd,2026Q3,2026-09-11,0,2476.8368099289855,2476.8368099289855,LIVE,PIT,14,26,2088.050766004536,2173.9227055434712,2317.4109513908375,2636.262668467133,2779.7509143145,2865.622853853435,236.36513155581832,,,,,,,,2026-08-06,d_steps_rw,rev_leg=ws06_base;scenario=base;,1.0
driver-lines,margin_v2,total_cash_costs_musd,2026Q3,2026-09-11,0,2327.1986900710144,2327.1986900710144,LIVE,PIT,14,26,2164.553660418523,2200.4773885741074,2260.5043632181973,2393.8930169238315,2453.9199915679214,2489.8437197235057,98.88115695372444,,,,,,,,2026-08-06,d_steps_rw,rev_leg=ws06_base;scenario=base;,1.0
driver-lines,margin_v2,adj_ebitda_margin_pct,2026Q4,2026-09-11,1,28.431847719456268,28.431847719456268,LIVE,PIT,14,26,22.940879527300616,24.153680490646497,26.18021772419289,30.683477714719647,32.710014948266036,33.92281591161192,3.3382716262312444,,,,,,,,2026-08-06,d_steps_rw,rev_leg=ws06_base;scenario=base;,1.0
driver-lines,margin_v2,adj_ebitda_musd,2026Q4,2026-09-11,1,903.5947700561618,903.5947700561618,LIVE,PIT,14,26,697.697558232646,743.1744810832515,819.1644251954455,988.025114916878,1064.015059029072,1109.4919818796775,125.17661659969109,,,,,,,,2026-08-06,d_steps_rw,rev_leg=ws06_base;scenario=base;,1.0
driver-lines,margin_v2,total_cash_costs_musd,2026Q4,2026-09-11,1,2274.5130299438383,2274.5130299438383,LIVE,PIT,14,26,2103.496763119868,2141.2694629231974,2204.385988121065,2344.6400717666115,2407.756596964479,2445.529296767809,103.97050778367888,,,,,,,,2026-08-06,d_steps_rw,rev_leg=ws06_base;scenario=base;,1.0
driver-lines,margin_v2,adj_ebitda_margin_pct,2027Q1,2026-09-11,2,19.420145692093968,19.420145692093968,LIVE,PIT,14,26,14.213858423435733,15.363781350307628,17.28525214184256,21.555039242345376,23.47651003388031,24.626432960752204,3.165197913876038,,,,,,,,2026-08-06,d_steps_rw,rev_leg=ws06_base;scenario=base;,1.0
driver-lines,margin_v2,adj_ebitda_musd,2027Q1,2026-09-11,2,592.9221582280088,592.9221582280088,LIVE,PIT,14,26,450.67658381886577,482.09464410221455,534.592845286322,651.2514711696956,703.749672353803,735.1677326371519,86.47916877125242,,,,,,,,2026-08-06,d_steps_rw,rev_leg=ws06_base;scenario=base;,1.0
driver-lines,margin_v2,total_cash_costs_musd,2027Q1,2026-09-11,2,2460.2071417719912,2460.2071417719912,LIVE,PIT,14,26,2312.1991823084095,2344.889991932244,2399.5149014596145,2520.899382084368,2575.524291611739,2608.215101235573,89.98245013320475,,,,,,,,2026-08-06,d_steps_rw,rev_leg=ws06_base;scenario=base;,1.0
driver-lines,margin_v2,adj_ebitda_margin_pct,2027Q2,2026-09-11,3,34.343727065691006,34.343727065691006,LIVE,PIT,14,26,29.13743979703277,30.287362723904664,32.2088335154396,36.47862061594241,38.40009140747735,39.55001433434924,3.165197913876038,,,,,,,,2026-08-06,d_steps_rw,rev_leg=ws06_base;scenario=base;,1.0
driver-lines,margin_v2,adj_ebitda_musd,2027Q2,2026-09-11,3,1383.7021351373671,1383.7021351373671,LIVE,PIT,14,26,1051.7437114346676,1125.0640225289048,1247.5790475811243,1519.82522269361,1642.3402477458294,1715.6605588400666,201.816391600718,,,,,,,,2026-08-06,d_steps_rw,rev_leg=ws06_base;scenario=base;,1.0
driver-lines,margin_v2,total_cash_costs_musd,2027Q2,2026-09-11,3,2645.278564862633,2645.278564862633,LIVE,PIT,14,26,2486.1365658210107,2521.286572703622,2580.0206930249856,2710.536436700281,2769.270557021645,2804.4205639042557,96.75146556145049,,,,,,,,2026-08-06,d_steps_rw,rev_leg=ws06_base;scenario=base;,1.0
driver-lines,margin_v2,adj_ebitda_margin_pct,2027Q3,2026-09-11,4,50.526076281181766,50.526076281181766,LIVE,PIT,14,26,45.31978901252353,46.469711939395424,48.39118273093036,52.66096983143317,54.58244062296811,55.73236354984,3.165197913876038,,,,,,,,2026-08-06,d_steps_rw,rev_leg=ws06_base;scenario=base;,1.0
driver-lines,margin_v2,adj_ebitda_musd,2027Q3,2026-09-11,4,2668.146931155157,2668.146931155157,LIVE,PIT,14,26,2028.0425134615816,2169.4236373824533,2405.665296488533,2930.6285658217807,3166.8702249278604,3308.251348848732,389.15585387371385,,,,,,,,2026-08-06,d_steps_rw,rev_leg=ws06_base;scenario=base;,1.0
driver-lines,margin_v2,total_cash_costs_musd,2027Q3,2026-09-11,4,2612.5855688448432,2612.5855688448432,LIVE,PIT,14,26,2455.410405663172,2490.125993634178,2548.1342190016867,2677.036918688,2735.0451440555084,2769.7607320265147,95.55571426314437,,,,,,,,2026-08-06,d_steps_rw,rev_leg=ws06_base;scenario=base;,1.0
driver-lines,margin_v2,adj_ebitda_margin_pct,2027Q4,2026-09-11,5,26.233867761315192,26.233867761315192,LIVE,PIT,14,26,21.02758049265696,22.177503419528854,24.098974211063783,28.3687613115666,30.29023210310153,31.440155029973425,3.165197913876038,,,,,,,,2026-08-06,d_steps_rw,rev_leg=ws06_base;scenario=base;,1.0
driver-lines,margin_v2,adj_ebitda_musd,2027Q4,2026-09-11,5,909.2039709131355,909.2039709131355,LIVE,PIT,14,26,691.0804966882464,739.2578582046027,819.7601169244259,998.6478249018452,1079.1500836216685,1127.3274451380248,132.60965635535206,,,,,,,,2026-08-06,d_steps_rw,rev_leg=ws06_base;scenario=base;,1.0
driver-lines,margin_v2,total_cash_costs_musd,2027Q4,2026-09-11,5,2556.5601290868644,2556.5601290868644,LIVE,PIT,14,26,2402.755499579303,2436.726631136814,2493.490902478644,2619.629355695085,2676.3936270369154,2710.364758594426,93.50657528878055,,,,,,,,2026-08-06,d_steps_rw,rev_leg=ws06_base;scenario=base;,1.0
driver-lines,margin_v2,adj_ebitda_margin_pct,2028Q1,2026-09-11,6,16.342654492199355,16.342654492199355,LIVE,PIT,14,26,11.13636722354112,12.286290150413015,14.207760941947946,18.477548042450763,20.399018833985693,21.548941760857588,3.165197913876038,,,,,,,,2026-08-06,d_steps_rw,rev_leg=ws06_base;scenario=base;,1.0
driver-lines,margin_v2,adj_ebitda_musd,2028Q1,2026-09-11,6,540.9334635673896,540.9334635673896,LIVE,PIT,14,26,411.16028816064227,439.8235451022144,487.7185906887151,594.1483364460641,642.0433820325648,670.7066389741369,78.89648858741641,,,,,,,,2026-08-06,d_steps_rw,rev_leg=ws06_base;scenario=base;,1.0
driver-lines,margin_v2,total_cash_costs_musd,2028Q1,2026-09-11,6,2769.0151364326107,2769.0151364326107,LIVE,PIT,14,26,2602.4290497944044,2639.2232469714095,2700.704737183899,2837.3255356813224,2898.8070258938124,2935.601223070817,101.27714947314328,,,,,,,,2026-08-06,d_steps_rw,rev_leg=ws06_base;scenario=base;,1.0
driver-lines,margin_v2,adj_ebitda_margin_pct,2028Q2,2026-09-11,7,31.605172084098186,31.605172084098186,LIVE,PIT,14,26,26.39888481543995,27.548807742311844,29.470278533846777,33.74006563434959,35.66153642588453,36.81145935275642,3.165197913876038,,,,,,,,2026-08-06,d_steps_rw,rev_leg=ws06_base;scenario=base;,1.0
driver-lines,margin_v2,adj_ebitda_musd,2028Q2,2026-09-11,7,1378.5374555919575,1378.5374555919575,LIVE,PIT,14,26,1047.8180694229056,1120.8647118558354,1242.9224485742259,1514.152462609689,1636.2101993280796,1709.2568417610094,201.06311026714172,,,,,,,,2026-08-06,d_steps_rw,rev_leg=ws06_base;scenario=base;,1.0
driver-lines,margin_v2,total_cash_costs_musd,2028Q2,2026-09-11,7,2983.2089444080425,2983.2089444080425,LIVE,PIT,14,26,2803.7367930519913,2843.3771607323815,2909.6144770634614,3056.8034117526236,3123.0407280837035,3162.6810957640937,109.11132055481426,,,,,,,,2026-08-06,d_steps_rw,rev_leg=ws06_base;scenario=base;,1.0
driver-lines,margin_v2,adj_ebitda_margin_pct,2028Q3,2026-09-11,8,48.71637392264835,48.71637392264835,LIVE,PIT,14,26,43.510086653990115,44.66000958086201,46.581480372396946,50.85126747289976,52.77273826443469,53.92266119130659,3.165197913876038,,,,,,,,2026-08-06,d_steps_rw,rev_leg=ws06_base;scenario=base;,1.0
driver-lines,margin_v2,adj_ebitda_musd,2028Q3,2026-09-11,8,2785.145934622499,2785.145934622499,LIVE,PIT,14,26,2116.972755755877,2264.5534822603568,2511.154405457232,3059.1374637877666,3305.7383869846417,3453.3191134891213,406.2204489921674,,,,,,,,2026-08-06,d_steps_rw,rev_leg=ws06_base;scenario=base;,1.0
driver-lines,margin_v2,total_cash_costs_musd,2028Q3,2026-09-11,8,2931.9173653775006,2931.9173653775006,LIVE,PIT,14,26,2755.530954982476,2794.4897689770305,2859.5882389823328,3004.2464917726684,3069.3449617779706,3108.303775772525,107.23532325604825,,,,,,,,2026-08-06,d_steps_rw,rev_leg=ws06_base;scenario=base;,1.0
driver-lines,margin_v2,adj_ebitda_margin_pct,2028Q4,2026-09-11,9,23.157574089337697,23.157574089337697,LIVE,PIT,14,26,17.951286820679464,19.10120974755136,21.022680539086288,25.292467639589105,27.213938431124035,28.36386135799593,3.165197913876038,,,,,,,,2026-08-06,d_steps_rw,rev_leg=ws06_base;scenario=base;,1.0
driver-lines,margin_v2,adj_ebitda_musd,2028Q4,2026-09-11,9,868.1039736266847,868.1039736266847,LIVE,PIT,14,26,659.8406347350701,705.8401687331392,782.7033731584514,953.504574094918,1030.36777852023,1076.3673125182993,126.61511971591314,,,,,,,,2026-08-06,d_steps_rw,rev_leg=ws06_base;scenario=base;,1.0
driver-lines,margin_v2,total_cash_costs_musd,2028Q4,2026-09-11,9,2880.578726373315,2880.578726373315,LIVE,PIT,14,26,2707.2808881036335,2745.557523087512,2809.516101876645,2951.641350869985,3015.5999296591185,3053.8765646429965,105.35760473159367,,,,,,,,2026-08-06,d_steps_rw,rev_leg=ws06_base;scenario=base;,1.0
driver-lines,margin_v2,adj_ebitda_margin_pct,2026Q3,2026-09-11,0,51.55742104588914,51.55742104588914,LIVE,full_sample,14,26,47.29368833078701,48.23542737631864,49.809032030118715,53.30581006165957,54.879414715459646,55.82115376099127,2.592165433592058,,,,,,,,2026-08-06,d_steps_rw,rev_leg=ws06_base;scenario=base;,1.0
driver-lines,margin_v2,adj_ebitda_musd,2026Q3,2026-09-11,0,2476.8368099289855,2476.8368099289855,LIVE,full_sample,14,26,2026.466160969856,2125.940413561713,2292.1575281164814,2661.5160917414896,2827.7332062962587,2927.207458888115,273.80591292723994,,,,,,,,2026-08-06,d_steps_rw,rev_leg=ws06_base;scenario=base;,1.0
driver-lines,margin_v2,total_cash_costs_musd,2026Q3,2026-09-11,0,2327.1986900710144,2327.1986900710144,LIVE,full_sample,14,26,2179.989021179976,2212.503510792197,2266.83379731105,2387.563582830979,2441.8938693498317,2474.4083589620527,89.49712392577601,,,,,,,,2026-08-06,d_steps_rw,rev_leg=ws06_base;scenario=base;,1.0
driver-lines,margin_v2,adj_ebitda_margin_pct,2026Q4,2026-09-11,1,28.431847719456268,28.431847719456268,LIVE,full_sample,14,26,22.248034916213616,23.613865833908118,25.896109411453303,30.967586027459234,33.249829605004415,34.61566052269892,3.7594912409948393,,,,,,,,2026-08-06,d_steps_rw,rev_leg=ws06_base;scenario=base;,1.0
driver-lines,margin_v2,adj_ebitda_musd,2026Q4,2026-09-11,1,903.5947700561618,903.5947700561618,LIVE,full_sample,14,26,580.2712068311355,651.6843192785768,771.0124990146128,1036.1770410977108,1155.5052208337468,1226.918333281188,196.56676918071153,,,,,,,,2026-08-06,d_steps_rw,rev_leg=ws06_base;scenario=base;,1.0
driver-lines,margin_v2,total_cash_costs_musd,2026Q4,2026-09-11,1,2274.5130299438383,2274.5130299438383,LIVE,full_sample,14,26,2128.3347128869455,2160.621405787507,2214.571053989101,2334.4550058985756,2388.40465410017,2420.691347000731,88.87010653210277,,,,,,,,2026-08-06,d_steps_rw,rev_leg=ws06_base;scenario=base;,1.0
driver-lines,margin_v2,adj_ebitda_margin_pct,2027Q1,2026-09-11,2,19.420145692093968,19.420145692093968,LIVE,full_sample,14,26,11.46427831028244,13.221506414189033,16.157757528779587,22.682533855408348,25.618784969998902,27.376013073905497,4.836823928556318,,,,,,,,2026-08-06,d_steps_rw,rev_leg=ws06_base;scenario=base;,1.0
driver-lines,margin_v2,adj_ebitda_musd,2027Q1,2026-09-11,2,592.9221582280088,592.9221582280088,LIVE,full_sample,14,26,202.2783244747146,288.5605977135128,432.73449318194895,753.1098232740686,897.2837187425049,983.565991981303,237.49458757452055,,,,,,,,2026-08-06,d_steps_rw,rev_leg=ws06_base;scenario=base;,1.0
driver-lines,margin_v2,total_cash_costs_musd,2027Q1,2026-09-11,2,2460.2071417719912,2460.2071417719912,LIVE,full_sample,14,26,2284.800406092984,2323.542837402779,2388.2797414293136,2532.134542114669,2596.871446141204,2635.6138774509986,106.63972331939428,,,,,,,,2026-08-06,d_steps_rw,rev_leg=ws06_base;scenario=base;,1.0
driver-lines,margin_v2,adj_ebitda_margin_pct,2027Q2,2026-09-11,3,34.343727065691006,34.343727065691006,LIVE,full_sample,14,26,26.387859683879476,28.14508778778607,31.081338902376626,37.60611522900539,40.54236634359594,42.299594447502535,4.836823928556318,,,,,,,,2026-08-06,d_steps_rw,rev_leg=ws06_base;scenario=base;,1.0
driver-lines,margin_v2,adj_ebitda_musd,2027Q2,2026-09-11,3,1383.7021351373671,1383.7021351373671,LIVE,full_sample,14,26,472.05682159720976,673.413718195295,1009.872263760447,1757.532006514287,2093.990552079439,2295.3474486775244,554.2409966470855,,,,,,,,2026-08-06,d_steps_rw,rev_leg=ws06_base;scenario=base;,1.0
driver-lines,margin_v2,total_cash_costs_musd,2027Q2,2026-09-11,3,2645.278564862633,2645.278564862633,LIVE,full_sample,14,26,2456.676690595248,2498.3335581631745,2567.940357391316,2722.6167723339504,2792.223571562092,2833.880439130018,114.6617979722211,,,,,,,,2026-08-06,d_steps_rw,rev_leg=ws06_base;scenario=base;,1.0
driver-lines,margin_v2,adj_ebitda_margin_pct,2027Q3,2026-09-11,4,50.526076281181766,50.526076281181766,LIVE,full_sample,14,26,42.570208899370236,44.327437003276835,47.26368811786738,53.78846444449615,56.7247155590867,58.481943662993295,4.836823928556318,,,,,,,,2026-08-06,d_steps_rw,rev_leg=ws06_base;scenario=base;,1.0
driver-lines,margin_v2,adj_ebitda_musd,2027Q3,2026-09-11,4,2668.146931155157,2668.146931155157,LIVE,full_sample,14,26,910.2515114283711,1298.5213363295027,1947.303189745857,3388.990672564457,4037.7725259808108,4426.042350881942,1068.7245302093063,,,,,,,,2026-08-06,d_steps_rw,rev_leg=ws06_base;scenario=base;,1.0
driver-lines,margin_v2,total_cash_costs_musd,2027Q3,2026-09-11,4,2612.5855688448432,2612.5855688448432,LIVE,full_sample,14,26,2426.3146250156638,2467.456655385118,2536.2031842280517,2688.967953461635,2757.7144823045683,2798.8565126740227,113.24469288760287,,,,,,,,2026-08-06,d_steps_rw,rev_leg=ws06_base;scenario=base;,1.0
driver-lines,margin_v2,adj_ebitda_margin_pct,2027Q4,2026-09-11,5,26.233867761315192,26.233867761315192,LIVE,full_sample,14,26,18.278000379503666,20.035228483410258,22.971479598000812,29.496255924629573,32.43250703922013,34.18973514312672,4.836823928556318,,,,,,,,2026-08-06,d_steps_rw,rev_leg=ws06_base;scenario=base;,1.0
driver-lines,margin_v2,adj_ebitda_musd,2027Q4,2026-09-11,5,909.2039709131355,909.2039709131355,LIVE,full_sample,14,26,310.1794279230539,442.4871589793119,663.5675764386123,1154.840365387659,1375.9207828469591,1508.2285139032172,364.1810633936454,,,,,,,,2026-08-06,d_steps_rw,rev_leg=ws06_base;scenario=base;,1.0
driver-lines,margin_v2,total_cash_costs_musd,2027Q4,2026-09-11,5,2556.5601290868644,2556.5601290868644,LIVE,full_sample,14,26,2374.2836617129683,2414.5434241975076,2481.815722088472,2631.304536085257,2698.5768339762217,2738.8365964607606,110.8162236367027,,,,,,,,2026-08-06,d_steps_rw,rev_leg=ws06_base;scenario=base;,1.0
driver-lines,margin_v2,adj_ebitda_margin_pct,2028Q1,2026-09-11,6,16.342654492199355,16.342654492199355,LIVE,full_sample,14,26,8.386787110387827,10.14401521429442,13.080266328884973,19.605042655513735,22.54129377010429,24.29852187401088,4.836823928556318,,,,,,,,2026-08-06,d_steps_rw,rev_leg=ws06_base;scenario=base;,1.0
driver-lines,margin_v2,adj_ebitda_musd,2028Q1,2026-09-11,6,540.9334635673896,540.9334635673896,LIVE,full_sample,14,26,184.5421243654018,263.2589816456501,394.7913987589155,687.0755283758638,818.6079454891291,897.3248027693774,216.6705495020332,,,,,,,,2026-08-06,d_steps_rw,rev_leg=ws06_base;scenario=base;,1.0
driver-lines,margin_v2,total_cash_costs_musd,2028Q1,2026-09-11,6,2769.0151364326107,2769.0151364326107,LIVE,full_sample,14,26,2571.591148069756,2615.196573359983,2688.0593271060557,2849.9709457591657,2922.833699505238,2966.4391247954654,120.02526250846694,,,,,,,,2026-08-06,d_steps_rw,rev_leg=ws06_base;scenario=base;,1.0
driver-lines,margin_v2,adj_ebitda_margin_pct,2028Q2,2026-09-11,7,31.605172084098186,31.605172084098186,LIVE,full_sample,14,26,23.649304702286656,25.40653280619325,28.342783920783805,34.86756024741257,37.80381136200312,39.561039465909715,4.836823928556318,,,,,,,,2026-08-06,d_steps_rw,rev_leg=ws06_base;scenario=base;,1.0
driver-lines,margin_v2,adj_ebitda_musd,2028Q2,2026-09-11,7,1378.5374555919575,1378.5374555919575,LIVE,full_sample,14,26,470.2948656466741,670.9001959800415,1006.1029072698593,1750.9720039140557,2086.1747152038733,2286.7800455372408,552.1722875904745,,,,,,,,2026-08-06,d_steps_rw,rev_leg=ws06_base;scenario=base;,1.0
driver-lines,margin_v2,total_cash_costs_musd,2028Q2,2026-09-11,7,2983.2089444080425,2983.2089444080425,LIVE,full_sample,14,26,2770.5134628356504,2817.491932920185,2895.9908966237635,3070.4269921923214,3148.9259558959006,3195.9044259804346,129.30967113869943,,,,,,,,2026-08-06,d_steps_rw,rev_leg=ws06_base;scenario=base;,1.0
driver-lines,margin_v2,adj_ebitda_margin_pct,2028Q3,2026-09-11,8,48.71637392264835,48.71637392264835,LIVE,full_sample,14,26,40.76050654083682,42.51773464474342,45.45398575933397,51.978762085962735,54.91501320055328,56.67224130445988,4.836823928556318,,,,,,,,2026-08-06,d_steps_rw,rev_leg=ws06_base;scenario=base;,1.0
driver-lines,margin_v2,adj_ebitda_musd,2028Q3,2026-09-11,8,2785.145934622499,2785.145934622499,LIVE,full_sample,14,26,950.1662996651845,1355.4618670617658,2032.6929896810516,3537.598879563947,4214.830002183233,4620.125569579814,1115.5884054912635,,,,,,,,2026-08-06,d_steps_rw,rev_leg=ws06_base;scenario=base;,1.0
driver-lines,margin_v2,total_cash_costs_musd,2028Q3,2026-09-11,8,2931.9173653775006,2931.9173653775006,LIVE,full_sample,14,26,2722.8788476000714,2769.04959688597,2846.1988945501766,3017.6358362048245,3094.7851338690316,3140.95588315493,127.0863950154978,,,,,,,,2026-08-06,d_steps_rw,rev_leg=ws06_base;scenario=base;,1.0
driver-lines,margin_v2,adj_ebitda_margin_pct,2028Q4,2026-09-11,9,23.157574089337697,23.157574089337697,LIVE,full_sample,14,26,15.201706707526169,16.958934811432762,19.895185926023316,26.419962252652077,29.35621336724263,31.113441471149223,4.836823928556318,,,,,,,,2026-08-06,d_steps_rw,rev_leg=ws06_base;scenario=base;,1.0
driver-lines,margin_v2,adj_ebitda_musd,2028Q4,2026-09-11,9,868.1039736266847,868.1039736266847,LIVE,full_sample,14,26,296.15796073440214,422.4848034956747,633.5714188507685,1102.636528402601,1313.7231437576947,1440.0499865189672,347.71848602255994,,,,,,,,2026-08-06,d_steps_rw,rev_leg=ws06_base;scenario=base;,1.0
driver-lines,margin_v2,total_cash_costs_musd,2028Q4,2026-09-11,9,2880.578726373315,2880.578726373315,LIVE,full_sample,14,26,2675.2005276515574,2720.5628150557764,2796.3612083633393,2964.7962443832907,3040.5946376908537,3085.9569250950726,124.86107903862546,,,,,,,,2026-08-06,d_steps_rw,rev_leg=ws06_base;scenario=base;,1.0
