method,object,target,quarter,vintage_date,horizon_q,point,q50,window,prior_basis,n_params,n_train,q05,q10,q25,q75,q90,q95,sd,base_naive,base_ar1,base_trailing4,base_guide_cushion,base_street,street_vendor,street_as_of,knowable_from,spec_id,notes,format_version
margin-ts,ensemble_simple,adj_ebitda_margin_pct,2023Q1,2023-02-14,0,23.824302268067395,23.824302268067395,W1,PIT,1,12,13.780255213226134,15.99870367581332,19.705633787192628,27.942970748942162,31.64990086032147,33.86834932290866,6.106347027034029,,,,,,,,2023-02-14,eq4,"mean of yoy_ma 25.13, increm 22.03, pct_re 26.96, per_ni 21.18; sigma additive n=5 (PIT)",1.0
margin-ts,ensemble_simple,adj_ebitda_margin_pct,2023Q1,2023-02-14,0,22.341569457417233,22.341569457417233,W1,PIT,5,12,8.264237824953636,11.37352579889995,16.569009674206868,28.114129240627598,33.30961311593452,36.41890108988083,8.558409941043902,,,,,,,,2023-02-14,invmae4,"w yoy_ma 0.07, increm 0.61, pct_re 0.06, per_ni 0.25; sigma additive n=5 (PIT)",1.0
margin-ts,ensemble_simple,adj_ebitda_margin_pct,2023Q1,2023-02-14,0,14.749010288617557,14.749010288617557,W1,full_sample,1,12,2.3508107774024456,5.089225531368276,9.66499651731353,19.833024059921584,24.40879504586684,27.147209799832666,7.537570096248384,,,,,,,,2023-02-14,eq4,"mean of yoy_ma 14.83, increm 17.70, pct_re 14.76, per_ni 11.71; sigma additive n=19 (full_sample)",1.0
margin-ts,ensemble_simple,adj_ebitda_margin_pct,2023Q1,2023-02-14,0,14.972637928599678,14.972637928599678,W1,full_sample,5,12,2.9243688175809144,5.585493754594532,10.032116845244968,19.913159011954388,24.359782102604825,27.020907039618443,7.324827518755394,,,,,,,,2023-02-14,invmae4,"w yoy_ma 0.14, increm 0.41, pct_re 0.12, per_ni 0.33; sigma additive n=19 (full_sample)",1.0
margin-ts,ensemble_simple,adj_ebitda_margin_pct,2023Q2,2023-02-14,1,41.486469503880315,41.486469503880315,W1,PIT,1,12,33.1587148739937,34.99808244710462,38.071585013266485,44.901353994494144,47.97485656065601,49.81422413376693,5.062915321724432,,,,,,,,2023-02-14,eq4,"mean of yoy_ma 43.74, increm 37.49, pct_re 45.57, per_ni 39.15; sigma additive n=4 (PIT)",1.0
margin-ts,ensemble_simple,adj_ebitda_margin_pct,2023Q2,2023-02-14,1,39.02766160592593,39.02766160592593,W1,PIT,5,12,30.699906976039316,32.539274549150235,35.6127771153121,42.44254609653976,45.51604866270162,47.35541623581254,5.062915321724432,,,,,,,,2023-02-14,invmae4,"w yoy_ma 0.09, increm 0.61, pct_re 0.08, per_ni 0.23; sigma additive n=4 (PIT)",1.0
margin-ts,ensemble_simple,adj_ebitda_margin_pct,2023Q2,2023-02-14,1,33.13324201206741,33.13324201206741,W1,full_sample,1,12,17.69778537277417,21.107045092865402,26.803768603485203,39.46271542064962,45.15943893126942,48.568698651360656,9.384091317536202,,,,,,,,2023-02-14,eq4,"mean of yoy_ma 33.44, increm 32.97, pct_re 33.37, per_ni 32.75; sigma additive n=18 (full_sample)",1.0
margin-ts,ensemble_simple,adj_ebitda_margin_pct,2023Q2,2023-02-14,1,33.03277331978103,33.03277331978103,W1,full_sample,5,12,17.700121389565865,21.086674431008966,26.745456077199783,39.320090562362275,44.97887220855309,48.36542524999619,9.321590492299482,,,,,,,,2023-02-14,invmae4,"w yoy_ma 0.15, increm 0.43, pct_re 0.13, per_ni 0.28; sigma additive n=18 (full_sample)",1.0
margin-ts,ensemble_simple,adj_ebitda_margin_pct,2023Q3,2023-02-14,2,57.05324308918989,57.05324308918989,W1,PIT,1,12,53.03017985383583,53.91876175718926,55.40354315712593,58.70294302125385,60.187724421190524,61.07630632454395,2.4458487791465653,,,,,,,,2023-02-14,eq4,"mean of yoy_ma 60.46, increm 50.96, pct_re 62.29, per_ni 54.50; sigma additive n=3 (PIT)",1.0
margin-ts,ensemble_simple,adj_ebitda_margin_pct,2023Q3,2023-02-14,2,53.217315164182516,53.217315164182516,W1,PIT,5,12,49.19425192882846,50.08283383218188,51.567615232118555,54.867015096246476,56.35179649618315,57.240378399536574,2.4458487791465653,,,,,,,,2023-02-14,invmae4,"w yoy_ma 0.07, increm 0.62, pct_re 0.06, per_ni 0.25; sigma additive n=3 (PIT)",1.0
margin-ts,ensemble_simple,adj_ebitda_margin_pct,2023Q3,2023-02-14,2,49.11225717638211,49.11225717638211,W1,full_sample,1,12,31.43616514134907,35.34031841597631,41.863987357231736,56.36052699553248,62.884195936787904,66.78834921141515,10.746300914199542,,,,,,,,2023-02-14,eq4,"mean of yoy_ma 50.16, increm 46.44, pct_re 50.09, per_ni 49.75; sigma additive n=17 (full_sample)",1.0
margin-ts,ensemble_simple,adj_ebitda_margin_pct,2023Q3,2023-02-14,2,48.41254125479535,48.41254125479535,W1,full_sample,5,12,30.42609040362071,34.3987932414629,41.0370054972414,55.7880770123493,62.4262892681278,66.39899210597,10.93498567681688,,,,,,,,2023-02-14,invmae4,"w yoy_ma 0.14, increm 0.44, pct_re 0.13, per_ni 0.29; sigma additive n=17 (full_sample)",1.0
margin-ts,ensemble_simple,adj_ebitda_margin_pct,2023Q2,2023-05-09,0,36.80899683452562,36.80899683452562,W1,PIT,1,13,27.156509718705166,29.28847356607813,32.850891677419924,40.76710199163132,44.32952010297311,46.46148395034608,5.868295487003375,,,,,,,,2023-05-09,eq4,"mean of yoy_ma 38.45, increm 34.76, pct_re 40.02, per_ni 34.01; sigma additive n=6 (PIT)",1.0
margin-ts,ensemble_simple,adj_ebitda_margin_pct,2023Q2,2023-05-09,0,35.286682833942066,35.286682833942066,W1,PIT,5,13,22.330344262174947,25.192036290135093,29.973798195736578,40.599567472147555,45.38132937774904,48.243021405709186,7.876894551267793,,,,,,,,2023-05-09,invmae4,"w yoy_ma 0.09, increm 0.54, pct_re 0.08, per_ni 0.29; sigma additive n=6 (PIT)",1.0
margin-ts,ensemble_simple,adj_ebitda_margin_pct,2023Q2,2023-05-09,0,32.37978120202697,32.37978120202697,W1,full_sample,1,13,19.981581690811858,22.71999644477769,27.29576743072294,37.463794973331,42.039565959276246,44.77798071324208,7.537570096248384,,,,,,,,2023-05-09,eq4,"mean of yoy_ma 33.44, increm 33.18, pct_re 33.37, per_ni 29.53; sigma additive n=19 (full_sample)",1.0
margin-ts,ensemble_simple,adj_ebitda_margin_pct,2023Q2,2023-05-09,0,32.020364182870274,32.020364182870274,W1,full_sample,5,13,19.972095071851513,22.63322000886513,27.079843099515564,36.960885266224984,41.40750835687542,44.068633293889036,7.324827518755394,,,,,,,,2023-05-09,invmae4,"w yoy_ma 0.14, increm 0.41, pct_re 0.12, per_ni 0.33; sigma additive n=19 (full_sample)",1.0
margin-ts,ensemble_simple,adj_ebitda_margin_pct,2023Q3,2023-05-09,1,53.187476769131266,53.187476769131266,W1,PIT,1,13,44.50408936346997,46.42200624846237,49.62676127072231,56.74819226754022,59.952947289800164,61.87086417479256,5.279124697408396,,,,,,,,2023-05-09,eq4,"mean of yoy_ma 55.17, increm 48.80, pct_re 56.74, per_ni 52.04; sigma additive n=5 (PIT)",1.0
margin-ts,ensemble_simple,adj_ebitda_margin_pct,2023Q3,2023-05-09,1,51.04842537703809,51.04842537703809,W1,PIT,5,13,40.86332935397582,43.11293158007993,46.87191826433495,55.224932489741235,58.983919173996256,61.233521400100365,6.192098710898099,,,,,,,,2023-05-09,invmae4,"w yoy_ma 0.11, increm 0.54, pct_re 0.09, per_ni 0.26; sigma additive n=5 (PIT)",1.0
margin-ts,ensemble_simple,adj_ebitda_margin_pct,2023Q3,2023-05-09,1,49.025295731095454,49.025295731095454,W1,full_sample,1,13,33.58983909180221,36.99909881189345,42.695822322513244,55.354769139677664,61.05149265029746,64.46075237038869,9.384091317536202,,,,,,,,2023-05-09,eq4,"mean of yoy_ma 50.16, increm 46.95, pct_re 50.09, per_ni 48.89; sigma additive n=18 (full_sample)",1.0
margin-ts,ensemble_simple,adj_ebitda_margin_pct,2023Q3,2023-05-09,1,48.41080815711098,48.41080815711098,W1,full_sample,5,13,33.078156226895814,36.464709268338915,42.12349091452973,54.69812539969222,60.35690704588304,63.74346008732614,9.321590492299482,,,,,,,,2023-05-09,invmae4,"w yoy_ma 0.15, increm 0.43, pct_re 0.13, per_ni 0.28; sigma additive n=18 (full_sample)",1.0
margin-ts,ensemble_simple,adj_ebitda_margin_pct,2023Q4,2023-05-09,2,30.520532193530055,30.520532193530055,W1,PIT,1,13,25.24422802846195,26.40961572519678,28.356927469107774,32.68413691795234,34.63144866186333,35.79683635859816,3.2077651643976774,,,,,,,,2023-05-09,eq4,"mean of yoy_ma 31.26, increm 28.95, pct_re 32.83, per_ni 29.04; sigma additive n=4 (PIT)",1.0
margin-ts,ensemble_simple,adj_ebitda_margin_pct,2023Q4,2023-05-09,2,29.60202088645021,29.60202088645021,W1,PIT,5,13,24.325716721382104,25.491104418116933,27.438416162027927,31.76562561087249,33.712937354783485,34.87832505151832,3.2077651643976774,,,,,,,,2023-05-09,invmae4,"w yoy_ma 0.11, increm 0.52, pct_re 0.10, per_ni 0.27; sigma additive n=4 (PIT)",1.0
margin-ts,ensemble_simple,adj_ebitda_margin_pct,2023Q4,2023-05-09,2,25.91987384158525,25.91987384158525,W1,full_sample,1,13,8.24378180655221,12.147935081179456,18.671604022434877,33.16814366073562,39.691812601991046,43.595965876618294,10.746300914199542,,,,,,,,2023-05-09,eq4,"mean of yoy_ma 26.25, increm 27.11, pct_re 26.18, per_ni 24.14; sigma additive n=17 (full_sample)",1.0
margin-ts,ensemble_simple,adj_ebitda_margin_pct,2023Q4,2023-05-09,2,25.99254499512062,25.99254499512062,W1,full_sample,5,13,8.00609414394598,11.978796981788168,18.617009237566673,33.36808075267457,40.00629300845307,43.97899584629526,10.93498567681688,,,,,,,,2023-05-09,invmae4,"w yoy_ma 0.14, increm 0.44, pct_re 0.13, per_ni 0.29; sigma additive n=17 (full_sample)",1.0
margin-ts,ensemble_simple,adj_ebitda_margin_pct,2023Q3,2023-08-03,0,51.26425455369357,51.26425455369357,W1,PIT,1,14,40.49604077353739,42.87443736755605,46.84863379350672,55.679875313880416,59.65407173983109,62.03246833384975,6.546609135132409,,,,,,,,2023-08-03,eq4,"mean of yoy_ma 51.39, increm 47.56, pct_re 52.46, per_ni 53.65; sigma additive n=7 (PIT)",1.0
margin-ts,ensemble_simple,adj_ebitda_margin_pct,2023Q3,2023-08-03,0,50.1223634160917,50.1223634160917,W1,PIT,5,14,36.92854134178852,39.84268681886279,44.71209613807156,55.532630694111845,60.402040013320615,63.316185490394886,8.02127426910093,,,,,,,,2023-08-03,invmae4,"w yoy_ma 0.09, increm 0.53, pct_re 0.08, per_ni 0.30; sigma additive n=7 (PIT)",1.0
margin-ts,ensemble_simple,adj_ebitda_margin_pct,2023Q3,2023-08-03,0,49.75654740933305,49.75654740933305,W1,full_sample,1,14,37.35834789811794,40.09676265208377,44.67253363802902,54.84056118063708,59.416332166582336,62.15474692054816,7.537570096248384,,,,,,,,2023-08-03,eq4,"mean of yoy_ma 50.16, increm 47.16, pct_re 50.09, per_ni 51.61; sigma additive n=19 (full_sample)",1.0
margin-ts,ensemble_simple,adj_ebitda_margin_pct,2023Q3,2023-08-03,0,49.3915490692158,49.3915490692158,W1,full_sample,5,14,37.34327995819704,40.004404895210655,44.45102798586109,54.33207015257051,58.77869324322094,61.43981818023456,7.324827518755394,,,,,,,,2023-08-03,invmae4,"w yoy_ma 0.14, increm 0.41, pct_re 0.12, per_ni 0.33; sigma additive n=19 (full_sample)",1.0
margin-ts,ensemble_simple,adj_ebitda_margin_pct,2023Q4,2023-08-03,1,28.423320425520963,28.423320425520963,W1,PIT,1,14,17.82647058615177,20.167017688933875,24.07796927456874,32.76867157647318,36.67962316210805,39.020170264890154,6.442427256587634,,,,,,,,2023-08-03,eq4,"mean of yoy_ma 27.48, increm 27.56, pct_re 28.55, per_ni 30.11; sigma additive n=6 (PIT)",1.0
margin-ts,ensemble_simple,adj_ebitda_margin_pct,2023Q4,2023-08-03,1,28.31157418968485,28.31157418968485,W1,PIT,5,14,15.899604323136725,18.641060562616413,23.221913737499015,33.40123464187069,37.98208781675329,40.72354405623298,7.545941877850943,,,,,,,,2023-08-03,invmae4,"w yoy_ma 0.11, increm 0.53, pct_re 0.10, per_ni 0.26; sigma additive n=6 (PIT)",1.0
margin-ts,ensemble_simple,adj_ebitda_margin_pct,2023Q4,2023-08-03,1,26.761892448823733,26.761892448823733,W1,full_sample,1,14,11.326435809530492,14.735695529621722,20.43241904024152,33.09136585740595,38.788089368025744,42.19734908811697,9.384091317536202,,,,,,,,2023-08-03,eq4,"mean of yoy_ma 26.25, increm 27.06, pct_re 26.18, per_ni 27.55; sigma additive n=18 (full_sample)",1.0
margin-ts,ensemble_simple,adj_ebitda_margin_pct,2023Q4,2023-08-03,1,26.9588934828266,26.9588934828266,W1,full_sample,5,14,11.626241552611438,15.012794594054537,20.67157624024535,33.24621072540785,38.90499237159867,42.29154541304176,9.321590492299482,,,,,,,,2023-08-03,invmae4,"w yoy_ma 0.15, increm 0.43, pct_re 0.13, per_ni 0.28; sigma additive n=18 (full_sample)",1.0
margin-ts,ensemble_simple,adj_ebitda_margin_pct,2024Q1,2023-08-03,2,16.832572602447367,16.832572602447367,W1,PIT,1,14,6.587190038579315,8.850107871732561,12.631344351533507,21.033800853361228,24.815037333162174,27.07795516631542,6.2287503252533,,,,,,,,2023-08-03,eq4,"mean of yoy_ma 15.29, increm 17.23, pct_re 16.35, per_ni 18.45; sigma additive n=5 (PIT)",1.0
margin-ts,ensemble_simple,adj_ebitda_margin_pct,2024Q1,2023-08-03,2,17.258592830004282,17.258592830004282,W1,PIT,5,14,7.01321026613623,9.276128099289476,13.057364579090422,21.459821080918143,25.24105756071909,27.503975393872334,6.2287503252533,,,,,,,,2023-08-03,invmae4,"w yoy_ma 0.12, increm 0.51, pct_re 0.10, per_ni 0.28; sigma additive n=5 (PIT)",1.0
margin-ts,ensemble_simple,adj_ebitda_margin_pct,2024Q1,2023-08-03,2,15.009566321083403,15.009566321083403,W1,full_sample,1,14,-2.666525713949637,1.237627560677609,7.761296501933029,22.257836140233778,28.781505081489197,32.68565835611644,10.746300914199542,,,,,,,,2023-08-03,eq4,"mean of yoy_ma 14.06, increm 16.73, pct_re 13.99, per_ni 15.26; sigma additive n=17 (full_sample)",1.0
margin-ts,ensemble_simple,adj_ebitda_margin_pct,2024Q1,2023-08-03,2,15.565568236673204,15.565568236673204,W1,full_sample,5,14,-2.420882614501437,1.5518202233407514,8.190032479119257,22.941103994227152,29.579316250005657,33.552019087847846,10.93498567681688,,,,,,,,2023-08-03,invmae4,"w yoy_ma 0.14, increm 0.44, pct_re 0.13, per_ni 0.29; sigma additive n=17 (full_sample)",1.0
margin-ts,ensemble_simple,adj_ebitda_margin_pct,2023Q4,2023-11-01,0,28.533787947579192,28.533787947579192,W1,PIT,1,15,15.249816850703711,18.183873720012333,23.08655410261418,33.981021792544205,38.883702175146055,41.817759044454675,8.076080983263926,,,,,,,,2023-11-01,eq4,"mean of yoy_ma 28.24, increm 28.77, pct_re 28.99, per_ni 28.14; sigma additive n=8 (PIT)",1.0
margin-ts,ensemble_simple,adj_ebitda_margin_pct,2023Q4,2023-11-01,0,28.518417654161638,28.518417654161638,W1,PIT,5,15,13.759660520670396,17.019456287627676,22.466432085924303,34.57040322239897,40.0173790206956,43.27717478765288,8.972687229832559,,,,,,,,2023-11-01,invmae4,"w yoy_ma 0.11, increm 0.47, pct_re 0.09, per_ni 0.34; sigma additive n=8 (PIT)",1.0
margin-ts,ensemble_simple,adj_ebitda_margin_pct,2023Q4,2023-11-01,0,25.986377511731735,25.986377511731735,W1,full_sample,1,15,13.588178000516624,16.326592754482455,20.902363740427706,31.070391283035764,35.646162268981016,38.38457702294684,7.537570096248384,,,,,,,,2023-11-01,eq4,"mean of yoy_ma 26.25, increm 27.01, pct_re 26.18, per_ni 24.50; sigma additive n=19 (full_sample)",1.0
margin-ts,ensemble_simple,adj_ebitda_margin_pct,2023Q4,2023-11-01,0,25.974178544692784,25.974178544692784,W1,full_sample,5,15,13.92590943367402,16.58703437068764,21.033657461338073,30.914699628047494,35.36132271869793,38.022447655711545,7.324827518755394,,,,,,,,2023-11-01,invmae4,"w yoy_ma 0.14, increm 0.41, pct_re 0.12, per_ni 0.33; sigma additive n=19 (full_sample)",1.0
margin-ts,ensemble_simple,adj_ebitda_margin_pct,2024Q1,2023-11-01,1,17.230919498399512,17.230919498399512,W1,PIT,1,15,2.3146224708943333,5.6092143846401665,11.114333018556252,23.347505978242772,28.852624612158856,32.14721652590469,9.068464684696988,,,,,,,,2023-11-01,eq4,"mean of yoy_ma 16.05, increm 18.62, pct_re 16.80, per_ni 17.46; sigma additive n=7 (PIT)",1.0
margin-ts,ensemble_simple,adj_ebitda_margin_pct,2024Q1,2023-11-01,1,17.791254509767924,17.791254509767924,W1,PIT,5,15,1.2162972163201822,4.877240691029794,10.9945167203463,24.587992299189548,30.705268328506055,34.36621180321566,10.07685852519736,,,,,,,,2023-11-01,invmae4,"w yoy_ma 0.12, increm 0.50, pct_re 0.10, per_ni 0.28; sigma additive n=7 (PIT)",1.0
margin-ts,ensemble_simple,adj_ebitda_margin_pct,2024Q1,2023-11-01,1,14.465662673342052,14.465662673342052,W1,full_sample,1,15,-0.9697939659511885,2.4394657541400413,8.13618926475984,20.795136081924262,26.491859592544063,29.901119312635295,9.384091317536202,,,,,,,,2023-11-01,eq4,"mean of yoy_ma 14.06, increm 16.70, pct_re 13.99, per_ni 13.11; sigma additive n=18 (full_sample)",1.0
margin-ts,ensemble_simple,adj_ebitda_margin_pct,2024Q1,2023-11-01,1,14.918415479044349,14.918415479044349,W1,full_sample,5,15,-0.4142364511708134,2.9723165902722855,8.631098236463101,21.205732721625594,26.864514367816412,30.251067409259512,9.321590492299482,,,,,,,,2023-11-01,invmae4,"w yoy_ma 0.15, increm 0.43, pct_re 0.13, per_ni 0.28; sigma additive n=18 (full_sample)",1.0
margin-ts,ensemble_simple,adj_ebitda_margin_pct,2024Q2,2023-11-01,2,34.90325800808874,34.90325800808874,W1,PIT,1,15,19.035765680798754,22.54044997452907,28.3966237637349,41.40989225244258,47.266066041648415,50.77075033537873,9.646750365683527,,,,,,,,2023-11-01,eq4,"mean of yoy_ma 34.61, increm 34.38, pct_re 35.36, per_ni 35.27; sigma additive n=6 (PIT)",1.0
margin-ts,ensemble_simple,adj_ebitda_margin_pct,2024Q2,2023-11-01,2,34.75878582943941,34.75878582943941,W1,PIT,5,15,16.726950121993475,20.70967720246118,27.364639528146174,42.15293213073265,48.80789445641764,52.79062153688535,10.962577710252345,,,,,,,,2023-11-01,invmae4,"w yoy_ma 0.12, increm 0.50, pct_re 0.10, per_ni 0.29; sigma additive n=6 (PIT)",1.0
margin-ts,ensemble_simple,adj_ebitda_margin_pct,2024Q2,2023-11-01,2,32.42781112627592,32.42781112627592,W1,full_sample,1,15,14.75171909124288,18.655872365870124,25.179541307125547,39.67608094542629,46.199749886681715,50.10390316130896,10.746300914199542,,,,,,,,2023-11-01,eq4,"mean of yoy_ma 32.62, increm 32.46, pct_re 32.55, per_ni 32.08; sigma additive n=17 (full_sample)",1.0
margin-ts,ensemble_simple,adj_ebitda_margin_pct,2024Q2,2023-11-01,2,32.38194897003479,32.38194897003479,W1,full_sample,5,15,14.39549811886015,18.36820095670234,25.006413212480844,39.75748472758874,46.395696983367245,50.36839982120944,10.93498567681688,,,,,,,,2023-11-01,invmae4,"w yoy_ma 0.14, increm 0.44, pct_re 0.13, per_ni 0.29; sigma additive n=17 (full_sample)",1.0
margin-ts,ensemble_simple,adj_ebitda_margin_pct,2024Q1,2024-02-13,0,17.970368130458578,17.970368130458578,W1,PIT,1,16,3.0010139364414865,6.307324691092276,11.832024994338822,24.108711266578332,29.63341156982488,32.93972232447567,9.100721151559785,,,,,,,,2024-02-13,eq4,"mean of yoy_ma 17.13, increm 19.42, pct_re 17.53, per_ni 17.80; sigma additive n=9 (PIT)",1.0
margin-ts,ensemble_simple,adj_ebitda_margin_pct,2024Q1,2024-02-13,0,17.970368130458578,17.970368130458578,W2,PIT,1,16,3.0010139364414865,6.307324691092276,11.832024994338822,24.108711266578332,29.63341156982488,32.93972232447567,9.100721151559785,,,,,,,,2024-02-13,eq4,"mean of yoy_ma 17.13, increm 19.42, pct_re 17.53, per_ni 17.80; sigma additive n=9 (PIT)",1.0
margin-ts,ensemble_simple,adj_ebitda_margin_pct,2024Q1,2024-02-13,0,18.31297093056854,18.31297093056854,W1,PIT,5,16,2.6866632917552877,6.138076648140398,11.905237036748195,24.720704824388882,30.48786521299668,33.93927856938179,9.500120486571582,,,,,,,,2024-02-13,invmae4,"w yoy_ma 0.12, increm 0.38, pct_re 0.09, per_ni 0.41; sigma additive n=9 (PIT)",1.0
margin-ts,ensemble_simple,adj_ebitda_margin_pct,2024Q1,2024-02-13,0,18.31297093056854,18.31297093056854,W2,PIT,5,16,2.6866632917552877,6.138076648140398,11.905237036748195,24.720704824388882,30.48786521299668,33.93927856938179,9.500120486571582,,,,,,,,2024-02-13,invmae4,"w yoy_ma 0.12, increm 0.38, pct_re 0.09, per_ni 0.41; sigma additive n=9 (PIT)",1.0
margin-ts,ensemble_simple,adj_ebitda_margin_pct,2024Q1,2024-02-13,0,14.290278522658323,14.290278522658323,W1,full_sample,1,16,1.8920790114432116,4.630493765409042,9.206264751354293,19.374292293962352,23.950063279907603,26.688478033873434,7.537570096248384,,,,,,,,2024-02-13,eq4,"mean of yoy_ma 14.06, increm 16.46, pct_re 13.99, per_ni 12.65; sigma additive n=19 (full_sample)",1.0
margin-ts,ensemble_simple,adj_ebitda_margin_pct,2024Q1,2024-02-13,0,14.290278522658323,14.290278522658323,W2,full_sample,1,16,1.8920790114432116,4.630493765409042,9.206264751354293,19.374292293962352,23.950063279907603,26.688478033873434,7.537570096248384,,,,,,,,2024-02-13,eq4,"mean of yoy_ma 14.06, increm 16.46, pct_re 13.99, per_ni 12.65; sigma additive n=19 (full_sample)",1.0
margin-ts,ensemble_simple,adj_ebitda_margin_pct,2024Q1,2024-02-13,0,14.576732118623731,14.576732118623731,W1,full_sample,5,16,2.5284630076049677,5.1895879446185855,9.636211035269021,19.51725320197844,23.963876292628875,26.625001229642493,7.324827518755394,,,,,,,,2024-02-13,invmae4,"w yoy_ma 0.14, increm 0.41, pct_re 0.12, per_ni 0.33; sigma additive n=19 (full_sample)",1.0
margin-ts,ensemble_simple,adj_ebitda_margin_pct,2024Q1,2024-02-13,0,14.576732118623731,14.576732118623731,W2,full_sample,5,16,2.5284630076049677,5.1895879446185855,9.636211035269021,19.51725320197844,23.963876292628875,26.625001229642493,7.324827518755394,,,,,,,,2024-02-13,invmae4,"w yoy_ma 0.14, increm 0.41, pct_re 0.12, per_ni 0.33; sigma additive n=19 (full_sample)",1.0
margin-ts,ensemble_simple,adj_ebitda_margin_pct,2024Q2,2024-02-13,1,35.87610662485385,35.87610662485385,W1,PIT,1,16,17.931818146591358,21.895208498056764,28.51785999741289,43.2343532522948,49.85700475165093,53.82039510311634,10.909352774155323,,,,,,,,2024-02-13,eq4,"mean of yoy_ma 35.69, increm 35.61, pct_re 36.09, per_ni 36.12; sigma additive n=8 (PIT)",1.0
margin-ts,ensemble_simple,adj_ebitda_margin_pct,2024Q2,2024-02-13,1,35.87610662485385,35.87610662485385,W2,PIT,1,16,17.931818146591358,21.895208498056764,28.51785999741289,43.2343532522948,49.85700475165093,53.82039510311634,10.909352774155323,,,,,,,,2024-02-13,eq4,"mean of yoy_ma 35.69, increm 35.61, pct_re 36.09, per_ni 36.12; sigma additive n=8 (PIT)",1.0
margin-ts,ensemble_simple,adj_ebitda_margin_pct,2024Q2,2024-02-13,1,35.818019414890436,35.818019414890436,W1,PIT,5,16,17.009840636387313,21.164040140572595,28.105525367947443,43.53051346183343,50.47199868920828,54.62619819339356,11.434560784208927,,,,,,,,2024-02-13,invmae4,"w yoy_ma 0.13, increm 0.47, pct_re 0.11, per_ni 0.29; sigma additive n=8 (PIT)",1.0
margin-ts,ensemble_simple,adj_ebitda_margin_pct,2024Q2,2024-02-13,1,35.818019414890436,35.818019414890436,W2,PIT,5,16,17.009840636387313,21.164040140572595,28.105525367947443,43.53051346183343,50.47199868920828,54.62619819339356,11.434560784208927,,,,,,,,2024-02-13,invmae4,"w yoy_ma 0.13, increm 0.47, pct_re 0.11, per_ni 0.29; sigma additive n=8 (PIT)",1.0
margin-ts,ensemble_simple,adj_ebitda_margin_pct,2024Q2,2024-02-13,1,32.4941751131316,32.4941751131316,W1,full_sample,1,16,17.058718473838354,20.467978193929586,26.164701704549387,38.82364852171381,44.52037203233361,47.92963175242484,9.384091317536202,,,,,,,,2024-02-13,eq4,"mean of yoy_ma 32.62, increm 32.48, pct_re 32.55, per_ni 32.32; sigma additive n=18 (full_sample)",1.0
margin-ts,ensemble_simple,adj_ebitda_margin_pct,2024Q2,2024-02-13,1,32.4941751131316,32.4941751131316,W2,full_sample,1,16,17.058718473838354,20.467978193929586,26.164701704549387,38.82364852171381,44.52037203233361,47.92963175242484,9.384091317536202,,,,,,,,2024-02-13,eq4,"mean of yoy_ma 32.62, increm 32.48, pct_re 32.55, per_ni 32.32; sigma additive n=18 (full_sample)",1.0
margin-ts,ensemble_simple,adj_ebitda_margin_pct,2024Q2,2024-02-13,1,32.467639596407246,32.467639596407246,W1,full_sample,5,16,17.13498766619208,20.521540707635182,26.180322353826,38.75495683898849,44.41373848517931,47.80029152662241,9.321590492299482,,,,,,,,2024-02-13,invmae4,"w yoy_ma 0.15, increm 0.43, pct_re 0.13, per_ni 0.28; sigma additive n=18 (full_sample)",1.0
margin-ts,ensemble_simple,adj_ebitda_margin_pct,2024Q2,2024-02-13,1,32.467639596407246,32.467639596407246,W2,full_sample,5,16,17.13498766619208,20.521540707635182,26.180322353826,38.75495683898849,44.41373848517931,47.80029152662241,9.321590492299482,,,,,,,,2024-02-13,invmae4,"w yoy_ma 0.15, increm 0.43, pct_re 0.13, per_ni 0.28; sigma additive n=18 (full_sample)",1.0
margin-ts,ensemble_simple,adj_ebitda_margin_pct,2024Q3,2024-02-13,2,55.90336217246513,55.90336217246513,W1,PIT,1,16,36.027163533104336,40.41725868825535,47.75291520536507,64.05380913956519,71.3894656566749,75.77956081182592,12.083870755234805,,,,,,,,2024-02-13,eq4,"mean of yoy_ma 56.71, increm 53.63, pct_re 57.11, per_ni 56.17; sigma additive n=7 (PIT)",1.0
margin-ts,ensemble_simple,adj_ebitda_margin_pct,2024Q3,2024-02-13,2,55.90336217246513,55.90336217246513,W2,PIT,1,16,36.027163533104336,40.41725868825535,47.75291520536507,64.05380913956519,71.3894656566749,75.77956081182592,12.083870755234805,,,,,,,,2024-02-13,eq4,"mean of yoy_ma 56.71, increm 53.63, pct_re 57.11, per_ni 56.17; sigma additive n=7 (PIT)",1.0
margin-ts,ensemble_simple,adj_ebitda_margin_pct,2024Q3,2024-02-13,2,55.118447887660004,55.118447887660004,W1,PIT,5,16,33.64847550897885,38.390590610113975,46.31445702237393,63.92243875294608,71.84630516520603,76.58842026634116,13.052816388576188,,,,,,,,2024-02-13,invmae4,"w yoy_ma 0.12, increm 0.48, pct_re 0.11, per_ni 0.29; sigma additive n=7 (PIT)",1.0
margin-ts,ensemble_simple,adj_ebitda_margin_pct,2024Q3,2024-02-13,2,55.118447887660004,55.118447887660004,W2,PIT,5,16,33.64847550897885,38.390590610113975,46.31445702237393,63.92243875294608,71.84630516520603,76.58842026634116,13.052816388576188,,,,,,,,2024-02-13,invmae4,"w yoy_ma 0.12, increm 0.48, pct_re 0.11, per_ni 0.29; sigma additive n=7 (PIT)",1.0
margin-ts,ensemble_simple,adj_ebitda_margin_pct,2024Q3,2024-02-13,2,52.85859390217382,52.85859390217382,W1,full_sample,1,16,35.182501867140786,39.08665514176803,45.61032408302345,60.106863721324196,66.63053266257961,70.53468593720686,10.746300914199542,,,,,,,,2024-02-13,eq4,"mean of yoy_ma 53.64, increm 50.51, pct_re 53.57, per_ni 53.72; sigma additive n=17 (full_sample)",1.0
margin-ts,ensemble_simple,adj_ebitda_margin_pct,2024Q3,2024-02-13,2,52.85859390217382,52.85859390217382,W2,full_sample,1,16,35.182501867140786,39.08665514176803,45.61032408302345,60.106863721324196,66.63053266257961,70.53468593720686,10.746300914199542,,,,,,,,2024-02-13,eq4,"mean of yoy_ma 53.64, increm 50.51, pct_re 53.57, per_ni 53.72; sigma additive n=17 (full_sample)",1.0
margin-ts,ensemble_simple,adj_ebitda_margin_pct,2024Q3,2024-02-13,2,52.290513384559034,52.290513384559034,W1,full_sample,5,16,34.304062533384396,38.27676537122658,44.914977627005086,59.66604914211298,66.30426139789148,70.27696423573367,10.93498567681688,,,,,,,,2024-02-13,invmae4,"w yoy_ma 0.14, increm 0.44, pct_re 0.13, per_ni 0.29; sigma additive n=17 (full_sample)",1.0
margin-ts,ensemble_simple,adj_ebitda_margin_pct,2024Q3,2024-02-13,2,52.290513384559034,52.290513384559034,W2,full_sample,5,16,34.304062533384396,38.27676537122658,44.914977627005086,59.66604914211298,66.30426139789148,70.27696423573367,10.93498567681688,,,,,,,,2024-02-13,invmae4,"w yoy_ma 0.14, increm 0.44, pct_re 0.13, per_ni 0.29; sigma additive n=17 (full_sample)",1.0
margin-ts,ensemble_simple,adj_ebitda_margin_pct,2024Q2,2024-05-08,0,36.207583263015714,36.207583263015714,W1,PIT,1,17,21.052285869073675,24.399666264652044,29.992992137158122,42.42217438887331,48.01550026137939,51.362880656957756,9.213766590301693,,,,,,,,2024-05-08,eq4,"mean of yoy_ma 37.10, increm 35.57, pct_re 37.31, per_ni 34.85; sigma additive n=10 (PIT)",1.0
margin-ts,ensemble_simple,adj_ebitda_margin_pct,2024Q2,2024-05-08,0,36.207583263015714,36.207583263015714,W2,PIT,1,17,21.052285869073675,24.399666264652044,29.992992137158122,42.42217438887331,48.01550026137939,51.362880656957756,9.213766590301693,,,,,,,,2024-05-08,eq4,"mean of yoy_ma 37.10, increm 35.57, pct_re 37.31, per_ni 34.85; sigma additive n=10 (PIT)",1.0
margin-ts,ensemble_simple,adj_ebitda_margin_pct,2024Q2,2024-05-08,0,35.6139445534882,35.6139445534882,W1,PIT,5,17,20.21796824080786,23.618507863372805,29.30066047336566,41.927228633610746,47.6093812436036,51.00992086616854,9.360088983245783,,,,,,,,2024-05-08,invmae4,"w yoy_ma 0.12, increm 0.38, pct_re 0.09, per_ni 0.41; sigma additive n=10 (PIT)",1.0
margin-ts,ensemble_simple,adj_ebitda_margin_pct,2024Q2,2024-05-08,0,35.6139445534882,35.6139445534882,W2,PIT,5,17,20.21796824080786,23.618507863372805,29.30066047336566,41.927228633610746,47.6093812436036,51.00992086616854,9.360088983245783,,,,,,,,2024-05-08,invmae4,"w yoy_ma 0.12, increm 0.38, pct_re 0.09, per_ni 0.41; sigma additive n=10 (PIT)",1.0
margin-ts,ensemble_simple,adj_ebitda_margin_pct,2024Q2,2024-05-08,0,32.200870541505836,32.200870541505836,W1,full_sample,1,17,19.802671030290725,22.541085784256556,27.116856770201807,37.284884312809865,41.86065529875512,44.59907005272095,7.537570096248384,,,,,,,,2024-05-08,eq4,"mean of yoy_ma 32.62, increm 32.61, pct_re 32.55, per_ni 31.02; sigma additive n=19 (full_sample)",1.0
margin-ts,ensemble_simple,adj_ebitda_margin_pct,2024Q2,2024-05-08,0,32.200870541505836,32.200870541505836,W2,full_sample,1,17,19.802671030290725,22.541085784256556,27.116856770201807,37.284884312809865,41.86065529875512,44.59907005272095,7.537570096248384,,,,,,,,2024-05-08,eq4,"mean of yoy_ma 32.62, increm 32.61, pct_re 32.55, per_ni 31.02; sigma additive n=19 (full_sample)",1.0
margin-ts,ensemble_simple,adj_ebitda_margin_pct,2024Q2,2024-05-08,0,32.07530842388181,32.07530842388181,W1,full_sample,5,17,20.027039312863046,22.688164249876664,27.134787340527097,37.01582950723652,41.46245259788695,44.12357753490057,7.324827518755394,,,,,,,,2024-05-08,invmae4,"w yoy_ma 0.14, increm 0.41, pct_re 0.12, per_ni 0.33; sigma additive n=19 (full_sample)",1.0
margin-ts,ensemble_simple,adj_ebitda_margin_pct,2024Q2,2024-05-08,0,32.07530842388181,32.07530842388181,W2,full_sample,5,17,20.027039312863046,22.688164249876664,27.134787340527097,37.01582950723652,41.46245259788695,44.12357753490057,7.324827518755394,,,,,,,,2024-05-08,invmae4,"w yoy_ma 0.14, increm 0.41, pct_re 0.12, per_ni 0.33; sigma additive n=19 (full_sample)",1.0
margin-ts,ensemble_simple,adj_ebitda_margin_pct,2024Q3,2024-05-08,1,57.129459178959124,57.129459178959124,W1,PIT,1,17,38.44872896240655,42.57477865160447,49.469226772386044,64.78969158553221,71.68413970631377,75.8101893955117,11.357077560253758,,,,,,,,2024-05-08,eq4,"mean of yoy_ma 58.11, increm 54.52, pct_re 58.33, per_ni 57.56; sigma additive n=9 (PIT)",1.0
margin-ts,ensemble_simple,adj_ebitda_margin_pct,2024Q3,2024-05-08,1,57.129459178959124,57.129459178959124,W2,PIT,1,17,38.44872896240655,42.57477865160447,49.469226772386044,64.78969158553221,71.68413970631377,75.8101893955117,11.357077560253758,,,,,,,,2024-05-08,eq4,"mean of yoy_ma 58.11, increm 54.52, pct_re 58.33, per_ni 57.56; sigma additive n=9 (PIT)",1.0
margin-ts,ensemble_simple,adj_ebitda_margin_pct,2024Q3,2024-05-08,1,56.365823458511734,56.365823458511734,W1,PIT,5,17,37.29902039831738,41.510342757162036,48.54727777007657,64.18436914694689,71.22130415986143,75.43262651870609,11.591793183161382,,,,,,,,2024-05-08,invmae4,"w yoy_ma 0.14, increm 0.45, pct_re 0.11, per_ni 0.30; sigma additive n=9 (PIT)",1.0
margin-ts,ensemble_simple,adj_ebitda_margin_pct,2024Q3,2024-05-08,1,56.365823458511734,56.365823458511734,W2,PIT,5,17,37.29902039831738,41.510342757162036,48.54727777007657,64.18436914694689,71.22130415986143,75.43262651870609,11.591793183161382,,,,,,,,2024-05-08,invmae4,"w yoy_ma 0.14, increm 0.45, pct_re 0.11, per_ni 0.30; sigma additive n=9 (PIT)",1.0
margin-ts,ensemble_simple,adj_ebitda_margin_pct,2024Q3,2024-05-08,1,53.181323072925665,53.181323072925665,W1,full_sample,1,17,37.74586643363242,41.15512615372366,46.851849664343455,59.510796481507874,65.20751999212767,68.6167797122189,9.384091317536202,,,,,,,,2024-05-08,eq4,"mean of yoy_ma 53.64, increm 50.29, pct_re 53.57, per_ni 55.22; sigma additive n=18 (full_sample)",1.0
margin-ts,ensemble_simple,adj_ebitda_margin_pct,2024Q3,2024-05-08,1,53.181323072925665,53.181323072925665,W2,full_sample,1,17,37.74586643363242,41.15512615372366,46.851849664343455,59.510796481507874,65.20751999212767,68.6167797122189,9.384091317536202,,,,,,,,2024-05-08,eq4,"mean of yoy_ma 53.64, increm 50.29, pct_re 53.57, per_ni 55.22; sigma additive n=18 (full_sample)",1.0
margin-ts,ensemble_simple,adj_ebitda_margin_pct,2024Q3,2024-05-08,1,52.63849856514874,52.63849856514874,W1,full_sample,5,17,37.30584663493357,40.692399676376674,46.35118132256749,58.92581580772998,64.5845974539208,67.9711504953639,9.321590492299482,,,,,,,,2024-05-08,invmae4,"w yoy_ma 0.15, increm 0.43, pct_re 0.13, per_ni 0.28; sigma additive n=18 (full_sample)",1.0
margin-ts,ensemble_simple,adj_ebitda_margin_pct,2024Q3,2024-05-08,1,52.63849856514874,52.63849856514874,W2,full_sample,5,17,37.30584663493357,40.692399676376674,46.35118132256749,58.92581580772998,64.5845974539208,67.9711504953639,9.321590492299482,,,,,,,,2024-05-08,invmae4,"w yoy_ma 0.15, increm 0.43, pct_re 0.13, per_ni 0.28; sigma additive n=18 (full_sample)",1.0
margin-ts,ensemble_simple,adj_ebitda_margin_pct,2024Q4,2024-05-08,2,37.59733438361192,37.59733438361192,W1,PIT,1,17,16.140729769352557,20.879892306021606,28.798825112516237,46.395843654707605,54.31477646120224,59.053938997871285,13.044689364868571,,,,,,,,2024-05-08,eq4,"mean of yoy_ma 37.40, increm 36.94, pct_re 37.61, per_ni 38.44; sigma additive n=8 (PIT)",1.0
margin-ts,ensemble_simple,adj_ebitda_margin_pct,2024Q4,2024-05-08,2,37.59733438361192,37.59733438361192,W2,PIT,1,17,16.140729769352557,20.879892306021606,28.798825112516237,46.395843654707605,54.31477646120224,59.053938997871285,13.044689364868571,,,,,,,,2024-05-08,eq4,"mean of yoy_ma 37.40, increm 36.94, pct_re 37.61, per_ni 38.44; sigma additive n=8 (PIT)",1.0
margin-ts,ensemble_simple,adj_ebitda_margin_pct,2024Q4,2024-05-08,2,37.51364212634529,37.51364212634529,W1,PIT,5,17,15.08381617018108,20.037936022155137,28.316053077553214,46.711231175137364,54.98934823053544,59.9434680825095,13.636365928641961,,,,,,,,2024-05-08,invmae4,"w yoy_ma 0.13, increm 0.47, pct_re 0.11, per_ni 0.30; sigma additive n=8 (PIT)",1.0
margin-ts,ensemble_simple,adj_ebitda_margin_pct,2024Q4,2024-05-08,2,37.51364212634529,37.51364212634529,W2,PIT,5,17,15.08381617018108,20.037936022155137,28.316053077553214,46.711231175137364,54.98934823053544,59.9434680825095,13.636365928641961,,,,,,,,2024-05-08,invmae4,"w yoy_ma 0.13, increm 0.47, pct_re 0.11, per_ni 0.30; sigma additive n=8 (PIT)",1.0
margin-ts,ensemble_simple,adj_ebitda_margin_pct,2024Q4,2024-05-08,2,33.342402359638655,33.342402359638655,W1,full_sample,1,17,15.666310324605615,19.57046359923286,26.094132540488282,40.59067217878903,47.11434112004445,51.01849439467169,10.746300914199542,,,,,,,,2024-05-08,eq4,"mean of yoy_ma 32.92, increm 32.71, pct_re 32.85, per_ni 34.88; sigma additive n=17 (full_sample)",1.0
margin-ts,ensemble_simple,adj_ebitda_margin_pct,2024Q4,2024-05-08,2,33.342402359638655,33.342402359638655,W2,full_sample,1,17,15.666310324605615,19.57046359923286,26.094132540488282,40.59067217878903,47.11434112004445,51.01849439467169,10.746300914199542,,,,,,,,2024-05-08,eq4,"mean of yoy_ma 32.92, increm 32.71, pct_re 32.85, per_ni 34.88; sigma additive n=17 (full_sample)",1.0
margin-ts,ensemble_simple,adj_ebitda_margin_pct,2024Q4,2024-05-08,2,33.398642218988876,33.398642218988876,W1,full_sample,5,17,15.412191367814234,19.384894205656423,26.023106461434928,40.77417797654282,47.41239023232133,51.38509307016352,10.93498567681688,,,,,,,,2024-05-08,invmae4,"w yoy_ma 0.14, increm 0.44, pct_re 0.13, per_ni 0.29; sigma additive n=17 (full_sample)",1.0
margin-ts,ensemble_simple,adj_ebitda_margin_pct,2024Q4,2024-05-08,2,33.398642218988876,33.398642218988876,W2,full_sample,5,17,15.412191367814234,19.384894205656423,26.023106461434928,40.77417797654282,47.41239023232133,51.38509307016352,10.93498567681688,,,,,,,,2024-05-08,invmae4,"w yoy_ma 0.14, increm 0.44, pct_re 0.13, per_ni 0.29; sigma additive n=17 (full_sample)",1.0
margin-ts,ensemble_simple,adj_ebitda_margin_pct,2024Q3,2024-08-06,0,56.02672710535772,56.02672710535772,W1,PIT,1,18,41.50907339354616,44.71561617271581,50.07360856333812,61.979845647377324,67.33783803799963,70.54438081716928,8.826106757425094,,,,,,,,2024-08-06,eq4,"mean of yoy_ma 57.45, increm 53.87, pct_re 57.31, per_ni 55.48; sigma additive n=11 (PIT)",1.0
margin-ts,ensemble_simple,adj_ebitda_margin_pct,2024Q3,2024-08-06,0,56.02672710535772,56.02672710535772,W2,PIT,1,18,41.50907339354616,44.71561617271581,50.07360856333812,61.979845647377324,67.33783803799963,70.54438081716928,8.826106757425094,,,,,,,,2024-08-06,eq4,"mean of yoy_ma 57.45, increm 53.87, pct_re 57.31, per_ni 55.48; sigma additive n=11 (PIT)",1.0
margin-ts,ensemble_simple,adj_ebitda_margin_pct,2024Q3,2024-08-06,0,55.45762020628763,55.45762020628763,W1,PIT,5,18,40.767216208766676,44.01191468390739,49.43366356953106,61.481576843044195,66.90332572866787,70.14802420380857,8.931131473836826,,,,,,,,2024-08-06,invmae4,"w yoy_ma 0.15, increm 0.35, pct_re 0.13, per_ni 0.37; sigma additive n=11 (PIT)",1.0
margin-ts,ensemble_simple,adj_ebitda_margin_pct,2024Q3,2024-08-06,0,55.45762020628763,55.45762020628763,W2,PIT,5,18,40.767216208766676,44.01191468390739,49.43366356953106,61.481576843044195,66.90332572866787,70.14802420380857,8.931131473836826,,,,,,,,2024-08-06,invmae4,"w yoy_ma 0.15, increm 0.35, pct_re 0.13, per_ni 0.37; sigma additive n=11 (PIT)",1.0
margin-ts,ensemble_simple,adj_ebitda_margin_pct,2024Q3,2024-08-06,0,52.9368714391116,52.9368714391116,W1,full_sample,1,18,40.53867192789649,43.277086681862315,47.85285766780757,58.02088521041563,62.59665619636088,65.33507095032671,7.537570096248384,,,,,,,,2024-08-06,eq4,"mean of yoy_ma 53.64, increm 51.44, pct_re 53.57, per_ni 53.10; sigma additive n=19 (full_sample)",1.0
margin-ts,ensemble_simple,adj_ebitda_margin_pct,2024Q3,2024-08-06,0,52.9368714391116,52.9368714391116,W2,full_sample,1,18,40.53867192789649,43.277086681862315,47.85285766780757,58.02088521041563,62.59665619636088,65.33507095032671,7.537570096248384,,,,,,,,2024-08-06,eq4,"mean of yoy_ma 53.64, increm 51.44, pct_re 53.57, per_ni 53.10; sigma additive n=19 (full_sample)",1.0
margin-ts,ensemble_simple,adj_ebitda_margin_pct,2024Q3,2024-08-06,0,52.53904392725797,52.53904392725797,W1,full_sample,5,18,40.49077481623921,43.15189975325283,47.59852284390326,57.47956501061268,61.926188101263115,64.58731303827673,7.324827518755394,,,,,,,,2024-08-06,invmae4,"w yoy_ma 0.14, increm 0.41, pct_re 0.12, per_ni 0.33; sigma additive n=19 (full_sample)",1.0
margin-ts,ensemble_simple,adj_ebitda_margin_pct,2024Q3,2024-08-06,0,52.53904392725797,52.53904392725797,W2,full_sample,5,18,40.49077481623921,43.15189975325283,47.59852284390326,57.47956501061268,61.926188101263115,64.58731303827673,7.324827518755394,,,,,,,,2024-08-06,invmae4,"w yoy_ma 0.14, increm 0.41, pct_re 0.12, per_ni 0.33; sigma additive n=19 (full_sample)",1.0
margin-ts,ensemble_simple,adj_ebitda_margin_pct,2024Q4,2024-08-06,1,35.831729233844236,35.831729233844236,W1,PIT,1,18,17.805317088544232,21.786846256154824,28.43980692197902,43.22365154570945,49.87661221153365,53.85814137914424,10.959280418592428,,,,,,,,2024-08-06,eq4,"mean of yoy_ma 36.73, increm 35.15, pct_re 36.59, per_ni 34.85; sigma additive n=10 (PIT)",1.0
margin-ts,ensemble_simple,adj_ebitda_margin_pct,2024Q4,2024-08-06,1,35.831729233844236,35.831729233844236,W2,PIT,1,18,17.805317088544232,21.786846256154824,28.43980692197902,43.22365154570945,49.87661221153365,53.85814137914424,10.959280418592428,,,,,,,,2024-08-06,eq4,"mean of yoy_ma 36.73, increm 35.15, pct_re 36.59, per_ni 34.85; sigma additive n=10 (PIT)",1.0
margin-ts,ensemble_simple,adj_ebitda_margin_pct,2024Q4,2024-08-06,1,35.52193135212272,35.52193135212272,W1,PIT,5,18,17.218130261573883,21.26092687205546,28.01626274859823,43.02759995564721,49.78293583218998,53.82573244267156,11.127920922953257,,,,,,,,2024-08-06,invmae4,"w yoy_ma 0.17, increm 0.40, pct_re 0.14, per_ni 0.29; sigma additive n=10 (PIT)",1.0
margin-ts,ensemble_simple,adj_ebitda_margin_pct,2024Q4,2024-08-06,1,35.52193135212272,35.52193135212272,W2,PIT,5,18,17.218130261573883,21.26092687205546,28.01626274859823,43.02759995564721,49.78293583218998,53.82573244267156,11.127920922953257,,,,,,,,2024-08-06,invmae4,"w yoy_ma 0.17, increm 0.40, pct_re 0.14, per_ni 0.29; sigma additive n=10 (PIT)",1.0
margin-ts,ensemble_simple,adj_ebitda_margin_pct,2024Q4,2024-08-06,1,32.46301871477729,32.46301871477729,W1,full_sample,1,18,17.02756207548405,20.43682179557528,26.13354530619508,38.7924921233595,44.4892156339793,47.898475354070534,9.384091317536202,,,,,,,,2024-08-06,eq4,"mean of yoy_ma 32.92, increm 32.92, pct_re 32.85, per_ni 31.16; sigma additive n=18 (full_sample)",1.0
margin-ts,ensemble_simple,adj_ebitda_margin_pct,2024Q4,2024-08-06,1,32.46301871477729,32.46301871477729,W2,full_sample,1,18,17.02756207548405,20.43682179557528,26.13354530619508,38.7924921233595,44.4892156339793,47.898475354070534,9.384091317536202,,,,,,,,2024-08-06,eq4,"mean of yoy_ma 32.92, increm 32.92, pct_re 32.85, per_ni 31.16; sigma additive n=18 (full_sample)",1.0
margin-ts,ensemble_simple,adj_ebitda_margin_pct,2024Q4,2024-08-06,1,32.41054794209069,32.41054794209069,W1,full_sample,5,18,17.077896011875524,20.464449053318624,26.123230699509442,38.69786518467193,44.35664683086275,47.74319987230585,9.321590492299482,,,,,,,,2024-08-06,invmae4,"w yoy_ma 0.15, increm 0.43, pct_re 0.13, per_ni 0.28; sigma additive n=18 (full_sample)",1.0
margin-ts,ensemble_simple,adj_ebitda_margin_pct,2024Q4,2024-08-06,1,32.41054794209069,32.41054794209069,W2,full_sample,5,18,17.077896011875524,20.464449053318624,26.123230699509442,38.69786518467193,44.35664683086275,47.74319987230585,9.321590492299482,,,,,,,,2024-08-06,invmae4,"w yoy_ma 0.15, increm 0.43, pct_re 0.13, per_ni 0.28; sigma additive n=18 (full_sample)",1.0
margin-ts,ensemble_simple,adj_ebitda_margin_pct,2025Q1,2024-08-06,2,22.72511859089537,22.72511859089537,W1,PIT,1,18,1.724620514745645,6.363041901684856,14.113640664055247,31.336596517735494,39.08719528010589,43.725616667045095,12.76739627894519,,,,,,,,2024-08-06,eq4,"mean of yoy_ma 23.25, increm 22.97, pct_re 23.11, per_ni 21.56; sigma additive n=9 (PIT)",1.0
margin-ts,ensemble_simple,adj_ebitda_margin_pct,2025Q1,2024-08-06,2,22.72511859089537,22.72511859089537,W2,PIT,1,18,1.724620514745645,6.363041901684856,14.113640664055247,31.336596517735494,39.08719528010589,43.725616667045095,12.76739627894519,,,,,,,,2024-08-06,eq4,"mean of yoy_ma 23.25, increm 22.97, pct_re 23.11, per_ni 21.56; sigma additive n=9 (PIT)",1.0
margin-ts,ensemble_simple,adj_ebitda_margin_pct,2025Q1,2024-08-06,2,22.599778363176046,22.599778363176046,W1,PIT,5,18,0.7880089198981821,5.6056174121266835,13.655629970837028,31.543926755515066,39.59393931422541,44.41154780645391,13.260614249125142,,,,,,,,2024-08-06,invmae4,"w yoy_ma 0.15, increm 0.43, pct_re 0.12, per_ni 0.31; sigma additive n=9 (PIT)",1.0
margin-ts,ensemble_simple,adj_ebitda_margin_pct,2025Q1,2024-08-06,2,22.599778363176046,22.599778363176046,W2,PIT,5,18,0.7880089198981821,5.6056174121266835,13.655629970837028,31.543926755515066,39.59393931422541,44.41154780645391,13.260614249125142,,,,,,,,2024-08-06,invmae4,"w yoy_ma 0.15, increm 0.43, pct_re 0.12, per_ni 0.31; sigma additive n=9 (PIT)",1.0
margin-ts,ensemble_simple,adj_ebitda_margin_pct,2025Q1,2024-08-06,2,19.109353188973454,19.109353188973454,W1,full_sample,1,18,1.433261153940414,5.33741442856766,11.861083369823081,26.357623008123827,32.881291949379246,36.785445224006494,10.746300914199542,,,,,,,,2024-08-06,eq4,"mean of yoy_ma 19.45, increm 20.73, pct_re 19.37, per_ni 16.89; sigma additive n=17 (full_sample)",1.0
margin-ts,ensemble_simple,adj_ebitda_margin_pct,2025Q1,2024-08-06,2,19.109353188973454,19.109353188973454,W2,full_sample,1,18,1.433261153940414,5.33741442856766,11.861083369823081,26.357623008123827,32.881291949379246,36.785445224006494,10.746300914199542,,,,,,,,2024-08-06,eq4,"mean of yoy_ma 19.45, increm 20.73, pct_re 19.37, per_ni 16.89; sigma additive n=17 (full_sample)",1.0
margin-ts,ensemble_simple,adj_ebitda_margin_pct,2025Q1,2024-08-06,2,19.243188389934723,19.243188389934723,W1,full_sample,5,18,1.2567375387600812,5.22944037660227,11.867652632380775,26.61872414748867,33.256936403267176,37.22963924110937,10.93498567681688,,,,,,,,2024-08-06,invmae4,"w yoy_ma 0.14, increm 0.44, pct_re 0.13, per_ni 0.29; sigma additive n=17 (full_sample)",1.0
margin-ts,ensemble_simple,adj_ebitda_margin_pct,2025Q1,2024-08-06,2,19.243188389934723,19.243188389934723,W2,full_sample,5,18,1.2567375387600812,5.22944037660227,11.867652632380775,26.61872414748867,33.256936403267176,37.22963924110937,10.93498567681688,,,,,,,,2024-08-06,invmae4,"w yoy_ma 0.14, increm 0.44, pct_re 0.13, per_ni 0.29; sigma additive n=17 (full_sample)",1.0
margin-ts,ensemble_simple,adj_ebitda_margin_pct,2024Q4,2024-11-07,0,34.853823515118705,34.853823515118705,W1,PIT,1,19,20.89461035828638,23.97780927179355,29.129699471001878,40.57794755923553,45.729837758443864,48.81303667195103,8.486599006808868,,,,,,,,2024-11-07,eq4,"mean of yoy_ma 35.14, increm 35.31, pct_re 35.00, per_ni 33.96; sigma additive n=12 (PIT)",1.0
margin-ts,ensemble_simple,adj_ebitda_margin_pct,2024Q4,2024-11-07,0,34.853823515118705,34.853823515118705,W2,PIT,1,19,20.89461035828638,23.97780927179355,29.129699471001878,40.57794755923553,45.729837758443864,48.81303667195103,8.486599006808868,,,,,,,,2024-11-07,eq4,"mean of yoy_ma 35.14, increm 35.31, pct_re 35.00, per_ni 33.96; sigma additive n=12 (PIT)",1.0
margin-ts,ensemble_simple,adj_ebitda_margin_pct,2024Q4,2024-11-07,0,34.7397318536555,34.7397318536555,W1,PIT,5,19,20.662032582515263,23.77140175754044,28.96702131628981,40.51244239102119,45.70806194977056,48.81743112479573,8.55863344948904,,,,,,,,2024-11-07,invmae4,"w yoy_ma 0.18, increm 0.30, pct_re 0.16, per_ni 0.37; sigma additive n=12 (PIT)",1.0
margin-ts,ensemble_simple,adj_ebitda_margin_pct,2024Q4,2024-11-07,0,34.7397318536555,34.7397318536555,W2,PIT,5,19,20.662032582515263,23.77140175754044,28.96702131628981,40.51244239102119,45.70806194977056,48.81743112479573,8.55863344948904,,,,,,,,2024-11-07,invmae4,"w yoy_ma 0.18, increm 0.30, pct_re 0.16, per_ni 0.37; sigma additive n=12 (PIT)",1.0
margin-ts,ensemble_simple,adj_ebitda_margin_pct,2024Q4,2024-11-07,0,32.64136075171583,32.64136075171583,W1,full_sample,1,19,20.24316124050072,22.98157599446655,27.5573469804118,37.72537452301986,42.30114550896511,45.03956026293094,7.537570096248384,,,,,,,,2024-11-07,eq4,"mean of yoy_ma 32.92, increm 32.89, pct_re 32.85, per_ni 31.90; sigma additive n=19 (full_sample)",1.0
margin-ts,ensemble_simple,adj_ebitda_margin_pct,2024Q4,2024-11-07,0,32.64136075171583,32.64136075171583,W2,full_sample,1,19,20.24316124050072,22.98157599446655,27.5573469804118,37.72537452301986,42.30114550896511,45.03956026293094,7.537570096248384,,,,,,,,2024-11-07,eq4,"mean of yoy_ma 32.92, increm 32.89, pct_re 32.85, per_ni 31.90; sigma additive n=19 (full_sample)",1.0
margin-ts,ensemble_simple,adj_ebitda_margin_pct,2024Q4,2024-11-07,0,32.55974612926455,32.55974612926455,W1,full_sample,5,19,20.51147701824579,23.17260195525941,27.619225045909843,37.50026721261926,41.9468903032697,44.608015240283315,7.324827518755394,,,,,,,,2024-11-07,invmae4,"w yoy_ma 0.14, increm 0.41, pct_re 0.12, per_ni 0.33; sigma additive n=19 (full_sample)",1.0
margin-ts,ensemble_simple,adj_ebitda_margin_pct,2024Q4,2024-11-07,0,32.55974612926455,32.55974612926455,W2,full_sample,5,19,20.51147701824579,23.17260195525941,27.619225045909843,37.50026721261926,41.9468903032697,44.608015240283315,7.324827518755394,,,,,,,,2024-11-07,invmae4,"w yoy_ma 0.14, increm 0.41, pct_re 0.12, per_ni 0.33; sigma additive n=19 (full_sample)",1.0
margin-ts,ensemble_simple,adj_ebitda_margin_pct,2025Q1,2024-11-07,1,21.2975953037899,21.2975953037899,W1,PIT,1,19,3.9934749896277673,7.815470137377838,14.201856450908679,28.393334156671123,34.779720470201966,38.60171561795204,10.520158165218097,,,,,,,,2024-11-07,eq4,"mean of yoy_ma 21.67, increm 22.76, pct_re 21.52, per_ni 19.24; sigma additive n=11 (PIT)",1.0
margin-ts,ensemble_simple,adj_ebitda_margin_pct,2025Q1,2024-11-07,1,21.2975953037899,21.2975953037899,W2,PIT,1,19,3.9934749896277673,7.815470137377838,14.201856450908679,28.393334156671123,34.779720470201966,38.60171561795204,10.520158165218097,,,,,,,,2024-11-07,eq4,"mean of yoy_ma 21.67, increm 22.76, pct_re 21.52, per_ni 19.24; sigma additive n=11 (PIT)",1.0
margin-ts,ensemble_simple,adj_ebitda_margin_pct,2025Q1,2024-11-07,1,21.34688689119366,21.34688689119366,W1,PIT,5,19,3.7809573050734926,7.660778782558488,14.143790357635842,28.549983424751474,35.03299499982883,38.912816477313825,10.679326900762831,,,,,,,,2024-11-07,invmae4,"w yoy_ma 0.22, increm 0.33, pct_re 0.18, per_ni 0.27; sigma additive n=11 (PIT)",1.0
margin-ts,ensemble_simple,adj_ebitda_margin_pct,2025Q1,2024-11-07,1,21.34688689119366,21.34688689119366,W2,PIT,5,19,3.7809573050734926,7.660778782558488,14.143790357635842,28.549983424751474,35.03299499982883,38.912816477313825,10.679326900762831,,,,,,,,2024-11-07,invmae4,"w yoy_ma 0.22, increm 0.33, pct_re 0.18, per_ni 0.27; sigma additive n=11 (PIT)",1.0
margin-ts,ensemble_simple,adj_ebitda_margin_pct,2025Q1,2024-11-07,1,18.988964435101636,18.988964435101636,W1,full_sample,1,19,3.553507795808395,6.962767515899625,12.659491026519424,25.318437843683846,31.015161354303647,34.42442107439488,9.384091317536202,,,,,,,,2024-11-07,eq4,"mean of yoy_ma 19.45, increm 20.67, pct_re 19.37, per_ni 16.47; sigma additive n=18 (full_sample)",1.0
margin-ts,ensemble_simple,adj_ebitda_margin_pct,2025Q1,2024-11-07,1,18.988964435101636,18.988964435101636,W2,full_sample,1,19,3.553507795808395,6.962767515899625,12.659491026519424,25.318437843683846,31.015161354303647,34.42442107439488,9.384091317536202,,,,,,,,2024-11-07,eq4,"mean of yoy_ma 19.45, increm 20.67, pct_re 19.37, per_ni 16.47; sigma additive n=18 (full_sample)",1.0
margin-ts,ensemble_simple,adj_ebitda_margin_pct,2025Q1,2024-11-07,1,19.118396796841633,19.118396796841633,W1,full_sample,5,19,3.7857448666264713,7.17229790806957,12.831079554260386,25.405714039422882,31.064495685613696,34.45104872705679,9.321590492299482,,,,,,,,2024-11-07,invmae4,"w yoy_ma 0.15, increm 0.43, pct_re 0.13, per_ni 0.28; sigma additive n=18 (full_sample)",1.0
margin-ts,ensemble_simple,adj_ebitda_margin_pct,2025Q1,2024-11-07,1,19.118396796841633,19.118396796841633,W2,full_sample,5,19,3.7857448666264713,7.17229790806957,12.831079554260386,25.405714039422882,31.064495685613696,34.45104872705679,9.321590492299482,,,,,,,,2024-11-07,invmae4,"w yoy_ma 0.15, increm 0.43, pct_re 0.13, per_ni 0.28; sigma additive n=18 (full_sample)",1.0
margin-ts,ensemble_simple,adj_ebitda_margin_pct,2025Q2,2024-11-07,2,33.77329363446758,33.77329363446758,W1,PIT,1,19,13.43387752415656,17.926284434784442,25.432899409357248,42.11368785957791,49.62030283415071,54.1127097447786,12.365486981359885,,,,,,,,2024-11-07,eq4,"mean of yoy_ma 34.40, increm 34.36, pct_re 34.26, per_ni 32.07; sigma additive n=10 (PIT)",1.0
margin-ts,ensemble_simple,adj_ebitda_margin_pct,2025Q2,2024-11-07,2,33.77329363446758,33.77329363446758,W2,PIT,1,19,13.43387752415656,17.926284434784442,25.432899409357248,42.11368785957791,49.62030283415071,54.1127097447786,12.365486981359885,,,,,,,,2024-11-07,eq4,"mean of yoy_ma 34.40, increm 34.36, pct_re 34.26, per_ni 32.07; sigma additive n=10 (PIT)",1.0
margin-ts,ensemble_simple,adj_ebitda_margin_pct,2025Q2,2024-11-07,2,33.671108747792054,33.671108747792054,W1,PIT,5,19,12.55282437203778,17.21726145104263,25.011331294176387,42.33088620140772,50.12495604454148,54.78939312354633,12.839005264495382,,,,,,,,2024-11-07,invmae4,"w yoy_ma 0.18, increm 0.37, pct_re 0.15, per_ni 0.30; sigma additive n=10 (PIT)",1.0
margin-ts,ensemble_simple,adj_ebitda_margin_pct,2025Q2,2024-11-07,2,33.671108747792054,33.671108747792054,W2,PIT,5,19,12.55282437203778,17.21726145104263,25.011331294176387,42.33088620140772,50.12495604454148,54.78939312354633,12.839005264495382,,,,,,,,2024-11-07,invmae4,"w yoy_ma 0.18, increm 0.37, pct_re 0.15, per_ni 0.30; sigma additive n=10 (PIT)",1.0
margin-ts,ensemble_simple,adj_ebitda_margin_pct,2025Q2,2024-11-07,2,31.577935907521187,31.577935907521187,W1,full_sample,1,19,13.901843872488147,17.80599714711539,24.329666088370814,38.82620572667156,45.34987466792698,49.25402794255423,10.746300914199542,,,,,,,,2024-11-07,eq4,"mean of yoy_ma 32.18, increm 32.27, pct_re 32.11, per_ni 29.75; sigma additive n=17 (full_sample)",1.0
margin-ts,ensemble_simple,adj_ebitda_margin_pct,2025Q2,2024-11-07,2,31.577935907521187,31.577935907521187,W2,full_sample,1,19,13.901843872488147,17.80599714711539,24.329666088370814,38.82620572667156,45.34987466792698,49.25402794255423,10.746300914199542,,,,,,,,2024-11-07,eq4,"mean of yoy_ma 32.18, increm 32.27, pct_re 32.11, per_ni 29.75; sigma additive n=17 (full_sample)",1.0
margin-ts,ensemble_simple,adj_ebitda_margin_pct,2025Q2,2024-11-07,2,31.494048732574083,31.494048732574083,W1,full_sample,5,19,13.507597881399441,17.48030071924163,24.118512975020135,38.869584490128034,45.50779674590653,49.480499583748724,10.93498567681688,,,,,,,,2024-11-07,invmae4,"w yoy_ma 0.14, increm 0.44, pct_re 0.13, per_ni 0.29; sigma additive n=17 (full_sample)",1.0
margin-ts,ensemble_simple,adj_ebitda_margin_pct,2025Q2,2024-11-07,2,31.494048732574083,31.494048732574083,W2,full_sample,5,19,13.507597881399441,17.48030071924163,24.118512975020135,38.869584490128034,45.50779674590653,49.480499583748724,10.93498567681688,,,,,,,,2024-11-07,invmae4,"w yoy_ma 0.14, increm 0.44, pct_re 0.13, per_ni 0.29; sigma additive n=17 (full_sample)",1.0
margin-ts,ensemble_simple,adj_ebitda_margin_pct,2025Q1,2025-02-13,0,18.252358581315068,18.252358581315068,W1,PIT,1,20,6.786313928355369,9.318841802172313,13.550584838659685,22.954132323970452,27.18587536045782,29.718403234274767,6.970860181772259,,,,,,,,2025-02-13,eq4,"mean of yoy_ma 19.53, increm 20.82, pct_re 19.47, per_ni 13.19; sigma additive n=12 (PIT)",1.0
margin-ts,ensemble_simple,adj_ebitda_margin_pct,2025Q1,2025-02-13,0,18.252358581315068,18.252358581315068,W2,PIT,1,20,6.786313928355369,9.318841802172313,13.550584838659685,22.954132323970452,27.18587536045782,29.718403234274767,6.970860181772259,,,,,,,,2025-02-13,eq4,"mean of yoy_ma 19.53, increm 20.82, pct_re 19.47, per_ni 13.19; sigma additive n=12 (PIT)",1.0
margin-ts,ensemble_simple,adj_ebitda_margin_pct,2025Q1,2025-02-13,0,17.725673884427763,17.725673884427763,W1,PIT,5,20,6.647426734452061,9.09430100971529,13.182920638568266,22.26842713028726,26.35704675914024,28.803921034403466,6.735096040434813,,,,,,,,2025-02-13,invmae4,"w yoy_ma 0.20, increm 0.27, pct_re 0.19, per_ni 0.34; sigma additive n=12 (PIT)",1.0
margin-ts,ensemble_simple,adj_ebitda_margin_pct,2025Q1,2025-02-13,0,17.725673884427763,17.725673884427763,W2,PIT,5,20,6.647426734452061,9.09430100971529,13.182920638568266,22.26842713028726,26.35704675914024,28.803921034403466,6.735096040434813,,,,,,,,2025-02-13,invmae4,"w yoy_ma 0.20, increm 0.27, pct_re 0.19, per_ni 0.34; sigma additive n=12 (PIT)",1.0
margin-ts,ensemble_simple,adj_ebitda_margin_pct,2025Q1,2025-02-13,0,17.76242790205027,17.76242790205027,W1,full_sample,1,20,5.364228390835159,8.10264314480099,12.67841413074624,22.8464416733543,27.42221265929955,30.16062741326538,7.537570096248384,,,,,,,,2025-02-13,eq4,"mean of yoy_ma 19.45, increm 20.49, pct_re 19.37, per_ni 11.74; sigma additive n=19 (full_sample)",1.0
margin-ts,ensemble_simple,adj_ebitda_margin_pct,2025Q1,2025-02-13,0,17.76242790205027,17.76242790205027,W2,full_sample,1,20,5.364228390835159,8.10264314480099,12.67841413074624,22.8464416733543,27.42221265929955,30.16062741326538,7.537570096248384,,,,,,,,2025-02-13,eq4,"mean of yoy_ma 19.45, increm 20.49, pct_re 19.37, per_ni 11.74; sigma additive n=19 (full_sample)",1.0
margin-ts,ensemble_simple,adj_ebitda_margin_pct,2025Q1,2025-02-13,0,17.303150635886553,17.303150635886553,W1,full_sample,5,20,5.254881524867789,7.916006461881407,12.362629552531843,22.243671719241263,26.690294809891697,29.351419746905314,7.324827518755394,,,,,,,,2025-02-13,invmae4,"w yoy_ma 0.14, increm 0.41, pct_re 0.12, per_ni 0.33; sigma additive n=19 (full_sample)",1.0
margin-ts,ensemble_simple,adj_ebitda_margin_pct,2025Q1,2025-02-13,0,17.303150635886553,17.303150635886553,W2,full_sample,5,20,5.254881524867789,7.916006461881407,12.362629552531843,22.243671719241263,26.690294809891697,29.351419746905314,7.324827518755394,,,,,,,,2025-02-13,invmae4,"w yoy_ma 0.14, increm 0.41, pct_re 0.12, per_ni 0.33; sigma additive n=19 (full_sample)",1.0
margin-ts,ensemble_simple,adj_ebitda_margin_pct,2025Q2,2025-02-13,1,31.77816693656314,31.77816693656314,W1,PIT,1,20,15.140271759742966,18.815116448758296,24.955620797670065,38.60071307545621,44.74121742436798,48.41606211338331,10.115122041379697,,,,,,,,2025-02-13,eq4,"mean of yoy_ma 32.27, increm 32.75, pct_re 32.21, per_ni 29.88; sigma additive n=12 (PIT)",1.0
margin-ts,ensemble_simple,adj_ebitda_margin_pct,2025Q2,2025-02-13,1,31.77816693656314,31.77816693656314,W2,PIT,1,20,15.140271759742966,18.815116448758296,24.955620797670065,38.60071307545621,44.74121742436798,48.41606211338331,10.115122041379697,,,,,,,,2025-02-13,eq4,"mean of yoy_ma 32.27, increm 32.75, pct_re 32.21, per_ni 29.88; sigma additive n=12 (PIT)",1.0
margin-ts,ensemble_simple,adj_ebitda_margin_pct,2025Q2,2025-02-13,1,31.698598929398454,31.698598929398454,W1,PIT,5,20,14.838052373497572,18.562074511296004,24.78475222090072,38.61244563789619,44.835123347500904,48.55914548529934,10.250484468426391,,,,,,,,2025-02-13,invmae4,"w yoy_ma 0.21, increm 0.31, pct_re 0.19, per_ni 0.30; sigma additive n=12 (PIT)",1.0
margin-ts,ensemble_simple,adj_ebitda_margin_pct,2025Q2,2025-02-13,1,31.698598929398454,31.698598929398454,W2,PIT,5,20,14.838052373497572,18.562074511296004,24.78475222090072,38.61244563789619,44.835123347500904,48.55914548529934,10.250484468426391,,,,,,,,2025-02-13,invmae4,"w yoy_ma 0.21, increm 0.31, pct_re 0.19, per_ni 0.30; sigma additive n=12 (PIT)",1.0
margin-ts,ensemble_simple,adj_ebitda_margin_pct,2025Q2,2025-02-13,1,31.257319572432877,31.257319572432877,W1,full_sample,1,20,15.821862933139636,19.231122653230866,24.927846163850667,37.58679298101509,43.283516491634884,46.69277621172612,9.384091317536202,,,,,,,,2025-02-13,eq4,"mean of yoy_ma 32.18, increm 32.22, pct_re 32.11, per_ni 28.51; sigma additive n=18 (full_sample)",1.0
margin-ts,ensemble_simple,adj_ebitda_margin_pct,2025Q2,2025-02-13,1,31.257319572432877,31.257319572432877,W2,full_sample,1,20,15.821862933139636,19.231122653230866,24.927846163850667,37.58679298101509,43.283516491634884,46.69277621172612,9.384091317536202,,,,,,,,2025-02-13,eq4,"mean of yoy_ma 32.18, increm 32.22, pct_re 32.11, per_ni 28.51; sigma additive n=18 (full_sample)",1.0
margin-ts,ensemble_simple,adj_ebitda_margin_pct,2025Q2,2025-02-13,1,31.148400620694673,31.148400620694673,W1,full_sample,5,20,15.815748690479511,19.20230173192261,24.861083378113428,37.43571786327592,43.094499509466736,46.48105255090984,9.321590492299482,,,,,,,,2025-02-13,invmae4,"w yoy_ma 0.15, increm 0.43, pct_re 0.13, per_ni 0.28; sigma additive n=18 (full_sample)",1.0
margin-ts,ensemble_simple,adj_ebitda_margin_pct,2025Q2,2025-02-13,1,31.148400620694673,31.148400620694673,W2,full_sample,5,20,15.815748690479511,19.20230173192261,24.861083378113428,37.43571786327592,43.094499509466736,46.48105255090984,9.321590492299482,,,,,,,,2025-02-13,invmae4,"w yoy_ma 0.15, increm 0.43, pct_re 0.13, per_ni 0.28; sigma additive n=18 (full_sample)",1.0
margin-ts,ensemble_simple,adj_ebitda_margin_pct,2025Q3,2025-02-13,2,51.40486535522528,51.40486535522528,W1,PIT,1,20,31.96636190517117,36.25978246147797,43.43389996269222,59.37583074775834,66.5499482489726,70.8433688052794,11.817770974600894,,,,,,,,2025-02-13,eq4,"mean of yoy_ma 52.21, increm 50.57, pct_re 52.14, per_ni 50.70; sigma additive n=11 (PIT)",1.0
margin-ts,ensemble_simple,adj_ebitda_margin_pct,2025Q3,2025-02-13,2,51.40486535522528,51.40486535522528,W2,PIT,1,20,31.96636190517117,36.25978246147797,43.43389996269222,59.37583074775834,66.5499482489726,70.8433688052794,11.817770974600894,,,,,,,,2025-02-13,eq4,"mean of yoy_ma 52.21, increm 50.57, pct_re 52.14, per_ni 50.70; sigma additive n=11 (PIT)",1.0
margin-ts,ensemble_simple,adj_ebitda_margin_pct,2025Q3,2025-02-13,2,51.25806647432223,51.25806647432223,W1,PIT,5,20,31.110284124797523,35.56036450910838,42.996253714045004,59.51987923459945,66.95576843953607,71.40584882384692,12.248981927264898,,,,,,,,2025-02-13,invmae4,"w yoy_ma 0.22, increm 0.33, pct_re 0.19, per_ni 0.26; sigma additive n=11 (PIT)",1.0
margin-ts,ensemble_simple,adj_ebitda_margin_pct,2025Q3,2025-02-13,2,51.25806647432223,51.25806647432223,W2,PIT,5,20,31.110284124797523,35.56036450910838,42.996253714045004,59.51987923459945,66.95576843953607,71.40584882384692,12.248981927264898,,,,,,,,2025-02-13,invmae4,"w yoy_ma 0.22, increm 0.33, pct_re 0.19, per_ni 0.26; sigma additive n=11 (PIT)",1.0
margin-ts,ensemble_simple,adj_ebitda_margin_pct,2025Q3,2025-02-13,2,51.00420518718083,51.00420518718083,W1,full_sample,1,20,33.32811315214779,37.232266426775034,43.75593536803046,58.2524750063312,64.77614394758662,68.68029722221387,10.746300914199542,,,,,,,,2025-02-13,eq4,"mean of yoy_ma 52.12, increm 50.05, pct_re 52.04, per_ni 49.81; sigma additive n=17 (full_sample)",1.0
margin-ts,ensemble_simple,adj_ebitda_margin_pct,2025Q3,2025-02-13,2,51.00420518718083,51.00420518718083,W2,full_sample,1,20,33.32811315214779,37.232266426775034,43.75593536803046,58.2524750063312,64.77614394758662,68.68029722221387,10.746300914199542,,,,,,,,2025-02-13,eq4,"mean of yoy_ma 52.12, increm 50.05, pct_re 52.04, per_ni 49.81; sigma additive n=17 (full_sample)",1.0
margin-ts,ensemble_simple,adj_ebitda_margin_pct,2025Q3,2025-02-13,2,50.52696695077917,50.52696695077917,W1,full_sample,5,20,32.54051609960453,36.513218937446716,43.15143119322522,57.90250270833312,64.54071496411163,68.5134178019538,10.93498567681688,,,,,,,,2025-02-13,invmae4,"w yoy_ma 0.14, increm 0.44, pct_re 0.13, per_ni 0.29; sigma additive n=17 (full_sample)",1.0
margin-ts,ensemble_simple,adj_ebitda_margin_pct,2025Q3,2025-02-13,2,50.52696695077917,50.52696695077917,W2,full_sample,5,20,32.54051609960453,36.513218937446716,43.15143119322522,57.90250270833312,64.54071496411163,68.5134178019538,10.93498567681688,,,,,,,,2025-02-13,invmae4,"w yoy_ma 0.14, increm 0.44, pct_re 0.13, per_ni 0.29; sigma additive n=17 (full_sample)",1.0
margin-ts,ensemble_simple,adj_ebitda_margin_pct,2025Q2,2025-05-01,0,31.96266571546785,31.96266571546785,W1,PIT,1,21,22.551853687427933,24.630438281995236,28.10366200235375,35.82166942858195,39.29489314894046,41.37347774350776,5.7213674662843195,,,,,,,,2025-05-01,eq4,"mean of yoy_ma 31.00, increm 32.75, pct_re 30.84, per_ni 33.26; sigma additive n=12 (PIT)",1.0
margin-ts,ensemble_simple,adj_ebitda_margin_pct,2025Q2,2025-05-01,0,31.96266571546785,31.96266571546785,W2,PIT,1,21,22.551853687427933,24.630438281995236,28.10366200235375,35.82166942858195,39.29489314894046,41.37347774350776,5.7213674662843195,,,,,,,,2025-05-01,eq4,"mean of yoy_ma 31.00, increm 32.75, pct_re 30.84, per_ni 33.26; sigma additive n=12 (PIT)",1.0
margin-ts,ensemble_simple,adj_ebitda_margin_pct,2025Q2,2025-05-01,0,32.10879250494188,32.10879250494188,W1,PIT,5,21,23.8531291560385,25.67657378587865,28.723469811988927,35.494115197894835,38.54101122400512,40.364455853845264,5.019086934929408,,,,,,,,2025-05-01,invmae4,"w yoy_ma 0.21, increm 0.27, pct_re 0.22, per_ni 0.30; sigma additive n=12 (PIT)",1.0
margin-ts,ensemble_simple,adj_ebitda_margin_pct,2025Q2,2025-05-01,0,32.10879250494188,32.10879250494188,W2,PIT,5,21,23.8531291560385,25.67657378587865,28.723469811988927,35.494115197894835,38.54101122400512,40.364455853845264,5.019086934929408,,,,,,,,2025-05-01,invmae4,"w yoy_ma 0.21, increm 0.27, pct_re 0.22, per_ni 0.30; sigma additive n=12 (PIT)",1.0
margin-ts,ensemble_simple,adj_ebitda_margin_pct,2025Q2,2025-05-01,0,32.08663169190361,32.08663169190361,W1,full_sample,1,21,19.6884321806885,22.426846934654332,27.002617920599583,37.17064546320764,41.74641644915289,44.48483120311872,7.537570096248384,,,,,,,,2025-05-01,eq4,"mean of yoy_ma 32.18, increm 32.20, pct_re 32.11, per_ni 31.85; sigma additive n=19 (full_sample)",1.0
margin-ts,ensemble_simple,adj_ebitda_margin_pct,2025Q2,2025-05-01,0,32.08663169190361,32.08663169190361,W2,full_sample,1,21,19.6884321806885,22.426846934654332,27.002617920599583,37.17064546320764,41.74641644915289,44.48483120311872,7.537570096248384,,,,,,,,2025-05-01,eq4,"mean of yoy_ma 32.18, increm 32.20, pct_re 32.11, per_ni 31.85; sigma additive n=19 (full_sample)",1.0
margin-ts,ensemble_simple,adj_ebitda_margin_pct,2025Q2,2025-05-01,0,32.07110216269001,32.07110216269001,W1,full_sample,5,21,20.02283305167125,22.683957988684867,27.1305810793353,37.01162324604472,41.458246336695154,44.11937127370877,7.324827518755394,,,,,,,,2025-05-01,invmae4,"w yoy_ma 0.14, increm 0.41, pct_re 0.12, per_ni 0.33; sigma additive n=19 (full_sample)",1.0
margin-ts,ensemble_simple,adj_ebitda_margin_pct,2025Q2,2025-05-01,0,32.07110216269001,32.07110216269001,W2,full_sample,5,21,20.02283305167125,22.683957988684867,27.1305810793353,37.01162324604472,41.458246336695154,44.11937127370877,7.324827518755394,,,,,,,,2025-05-01,invmae4,"w yoy_ma 0.14, increm 0.41, pct_re 0.12, per_ni 0.33; sigma additive n=19 (full_sample)",1.0
margin-ts,ensemble_simple,adj_ebitda_margin_pct,2025Q3,2025-05-01,1,50.864906091626324,50.864906091626324,W1,PIT,1,21,36.15532740154433,39.40426102881051,44.8330866679423,56.89672551531035,62.32555115444214,65.57448478170832,8.942788859179124,,,,,,,,2025-05-01,eq4,"mean of yoy_ma 50.93, increm 51.44, pct_re 50.77, per_ni 50.31; sigma additive n=12 (PIT)",1.0
margin-ts,ensemble_simple,adj_ebitda_margin_pct,2025Q3,2025-05-01,1,50.864906091626324,50.864906091626324,W2,PIT,1,21,36.15532740154433,39.40426102881051,44.8330866679423,56.89672551531035,62.32555115444214,65.57448478170832,8.942788859179124,,,,,,,,2025-05-01,eq4,"mean of yoy_ma 50.93, increm 51.44, pct_re 50.77, per_ni 50.31; sigma additive n=12 (PIT)",1.0
margin-ts,ensemble_simple,adj_ebitda_margin_pct,2025Q3,2025-05-01,1,50.84926428070041,50.84926428070041,W1,PIT,5,21,36.147058476568226,39.39436363998803,44.82046818743377,56.87806037396705,62.30416492141279,65.55147008483259,8.938306462795026,,,,,,,,2025-05-01,invmae4,"w yoy_ma 0.21, increm 0.28, pct_re 0.20, per_ni 0.31; sigma additive n=12 (PIT)",1.0
margin-ts,ensemble_simple,adj_ebitda_margin_pct,2025Q3,2025-05-01,1,50.84926428070041,50.84926428070041,W2,PIT,5,21,36.147058476568226,39.39436363998803,44.82046818743377,56.87806037396705,62.30416492141279,65.55147008483259,8.938306462795026,,,,,,,,2025-05-01,invmae4,"w yoy_ma 0.21, increm 0.28, pct_re 0.20, per_ni 0.31; sigma additive n=12 (PIT)",1.0
margin-ts,ensemble_simple,adj_ebitda_margin_pct,2025Q3,2025-05-01,1,51.123623758774876,51.123623758774876,W1,full_sample,1,21,35.68816711948163,39.09742683957286,44.794150350192666,57.453097167357086,63.14982067797689,66.55908039806812,9.384091317536202,,,,,,,,2025-05-01,eq4,"mean of yoy_ma 52.12, increm 51.15, pct_re 52.04, per_ni 49.18; sigma additive n=18 (full_sample)",1.0
margin-ts,ensemble_simple,adj_ebitda_margin_pct,2025Q3,2025-05-01,1,51.123623758774876,51.123623758774876,W2,full_sample,1,21,35.68816711948163,39.09742683957286,44.794150350192666,57.453097167357086,63.14982067797689,66.55908039806812,9.384091317536202,,,,,,,,2025-05-01,eq4,"mean of yoy_ma 52.12, increm 51.15, pct_re 52.04, per_ni 49.18; sigma additive n=18 (full_sample)",1.0
margin-ts,ensemble_simple,adj_ebitda_margin_pct,2025Q3,2025-05-01,1,50.859320356569675,50.859320356569675,W1,full_sample,5,21,35.52666842635451,38.91322146779761,44.57200311398843,57.14663759915092,62.80541924534174,66.19197228678483,9.321590492299482,,,,,,,,2025-05-01,invmae4,"w yoy_ma 0.15, increm 0.43, pct_re 0.13, per_ni 0.28; sigma additive n=18 (full_sample)",1.0
margin-ts,ensemble_simple,adj_ebitda_margin_pct,2025Q3,2025-05-01,1,50.859320356569675,50.859320356569675,W2,full_sample,5,21,35.52666842635451,38.91322146779761,44.57200311398843,57.14663759915092,62.80541924534174,66.19197228678483,9.321590492299482,,,,,,,,2025-05-01,invmae4,"w yoy_ma 0.15, increm 0.43, pct_re 0.13, per_ni 0.28; sigma additive n=18 (full_sample)",1.0
margin-ts,ensemble_simple,adj_ebitda_margin_pct,2025Q4,2025-05-01,2,29.245498210038075,29.245498210038075,W1,PIT,1,21,10.441276896641945,14.59460230771173,21.53462696381588,36.95636945626027,43.89639411236442,48.049719523434206,11.432154816260077,,,,,,,,2025-05-01,eq4,"mean of yoy_ma 29.31, increm 31.06, pct_re 29.15, per_ni 27.45; sigma additive n=12 (PIT)",1.0
margin-ts,ensemble_simple,adj_ebitda_margin_pct,2025Q4,2025-05-01,2,29.245498210038075,29.245498210038075,W2,PIT,1,21,10.441276896641945,14.59460230771173,21.53462696381588,36.95636945626027,43.89639411236442,48.049719523434206,11.432154816260077,,,,,,,,2025-05-01,eq4,"mean of yoy_ma 29.31, increm 31.06, pct_re 29.15, per_ni 27.45; sigma additive n=12 (PIT)",1.0
margin-ts,ensemble_simple,adj_ebitda_margin_pct,2025Q4,2025-05-01,2,29.291840111977628,29.291840111977628,W1,PIT,5,21,9.847913707921606,14.142532042763545,21.31865097939248,37.265029244562776,44.44114818119171,48.73576651603365,11.821067896535498,,,,,,,,2025-05-01,invmae4,"w yoy_ma 0.20, increm 0.32, pct_re 0.18, per_ni 0.30; sigma additive n=12 (PIT)",1.0
margin-ts,ensemble_simple,adj_ebitda_margin_pct,2025Q4,2025-05-01,2,29.291840111977628,29.291840111977628,W2,PIT,5,21,9.847913707921606,14.142532042763545,21.31865097939248,37.265029244562776,44.44114818119171,48.73576651603365,11.821067896535498,,,,,,,,2025-05-01,invmae4,"w yoy_ma 0.20, increm 0.32, pct_re 0.18, per_ni 0.30; sigma additive n=12 (PIT)",1.0
margin-ts,ensemble_simple,adj_ebitda_margin_pct,2025Q4,2025-05-01,2,29.359957661723662,29.359957661723662,W1,full_sample,1,21,11.683865626690622,15.588018901317868,22.11168784257329,36.608227480874035,43.13189642212946,47.036049696756706,10.746300914199542,,,,,,,,2025-05-01,eq4,"mean of yoy_ma 30.50, increm 30.77, pct_re 30.43, per_ni 25.74; sigma additive n=17 (full_sample)",1.0
margin-ts,ensemble_simple,adj_ebitda_margin_pct,2025Q4,2025-05-01,2,29.359957661723662,29.359957661723662,W2,full_sample,1,21,11.683865626690622,15.588018901317868,22.11168784257329,36.608227480874035,43.13189642212946,47.036049696756706,10.746300914199542,,,,,,,,2025-05-01,eq4,"mean of yoy_ma 30.50, increm 30.77, pct_re 30.43, per_ni 25.74; sigma additive n=17 (full_sample)",1.0
margin-ts,ensemble_simple,adj_ebitda_margin_pct,2025Q4,2025-05-01,2,29.208916691435096,29.208916691435096,W1,full_sample,5,21,11.222465840260455,15.195168678102643,21.83338093388115,36.58445244898905,43.22266470476755,47.19536754260974,10.93498567681688,,,,,,,,2025-05-01,invmae4,"w yoy_ma 0.14, increm 0.44, pct_re 0.13, per_ni 0.29; sigma additive n=17 (full_sample)",1.0
margin-ts,ensemble_simple,adj_ebitda_margin_pct,2025Q4,2025-05-01,2,29.208916691435096,29.208916691435096,W2,full_sample,5,21,11.222465840260455,15.195168678102643,21.83338093388115,36.58445244898905,43.22266470476755,47.19536754260974,10.93498567681688,,,,,,,,2025-05-01,invmae4,"w yoy_ma 0.14, increm 0.44, pct_re 0.13, per_ni 0.29; sigma additive n=17 (full_sample)",1.0
margin-ts,ensemble_simple,adj_ebitda_margin_pct,2025Q3,2025-08-06,0,51.62658445614062,51.62658445614062,W1,PIT,1,22,43.31464280909615,45.15051773753072,48.21818424757614,55.0349846647051,58.10265117475052,59.93852610318509,5.05330171077265,,,,,,,,2025-08-06,eq4,"mean of yoy_ma 51.61, increm 50.50, pct_re 51.63, per_ni 52.76; sigma additive n=12 (PIT)",1.0
margin-ts,ensemble_simple,adj_ebitda_margin_pct,2025Q3,2025-08-06,0,51.62658445614062,51.62658445614062,W2,PIT,1,22,43.31464280909615,45.15051773753072,48.21818424757614,55.0349846647051,58.10265117475052,59.93852610318509,5.05330171077265,,,,,,,,2025-08-06,eq4,"mean of yoy_ma 51.61, increm 50.50, pct_re 51.63, per_ni 52.76; sigma additive n=12 (PIT)",1.0
margin-ts,ensemble_simple,adj_ebitda_margin_pct,2025Q3,2025-08-06,0,51.65569285713291,51.65569285713291,W1,PIT,5,22,45.48238251644284,46.84589373454057,49.12426119576857,54.18712451849726,56.46549197972526,57.829003197822985,3.7531061971341004,,,,,,,,2025-08-06,invmae4,"w yoy_ma 0.22, increm 0.26, pct_re 0.24, per_ni 0.28; sigma additive n=12 (PIT)",1.0
margin-ts,ensemble_simple,adj_ebitda_margin_pct,2025Q3,2025-08-06,0,51.65569285713291,51.65569285713291,W2,PIT,5,22,45.48238251644284,46.84589373454057,49.12426119576857,54.18712451849726,56.46549197972526,57.829003197822985,3.7531061971341004,,,,,,,,2025-08-06,invmae4,"w yoy_ma 0.22, increm 0.26, pct_re 0.24, per_ni 0.28; sigma additive n=12 (PIT)",1.0
margin-ts,ensemble_simple,adj_ebitda_margin_pct,2025Q3,2025-08-06,0,51.53539712505226,51.53539712505226,W1,full_sample,1,22,39.13719761383715,41.87561236780299,46.451383353748234,56.61941089635629,61.19518188230154,63.933596636267374,7.537570096248384,,,,,,,,2025-08-06,eq4,"mean of yoy_ma 52.12, increm 50.10, pct_re 52.04, per_ni 51.88; sigma additive n=19 (full_sample)",1.0
margin-ts,ensemble_simple,adj_ebitda_margin_pct,2025Q3,2025-08-06,0,51.53539712505226,51.53539712505226,W2,full_sample,1,22,39.13719761383715,41.87561236780299,46.451383353748234,56.61941089635629,61.19518188230154,63.933596636267374,7.537570096248384,,,,,,,,2025-08-06,eq4,"mean of yoy_ma 52.12, increm 50.10, pct_re 52.04, per_ni 51.88; sigma additive n=19 (full_sample)",1.0
margin-ts,ensemble_simple,adj_ebitda_margin_pct,2025Q3,2025-08-06,0,51.19320477269228,51.19320477269228,W1,full_sample,5,22,39.14493566167352,41.80606059868714,46.25268368933757,56.13372585604699,60.58034894669743,63.241473883711045,7.324827518755394,,,,,,,,2025-08-06,invmae4,"w yoy_ma 0.14, increm 0.41, pct_re 0.12, per_ni 0.33; sigma additive n=19 (full_sample)",1.0
margin-ts,ensemble_simple,adj_ebitda_margin_pct,2025Q3,2025-08-06,0,51.19320477269228,51.19320477269228,W2,full_sample,5,22,39.14493566167352,41.80606059868714,46.25268368933757,56.13372585604699,60.58034894669743,63.241473883711045,7.324827518755394,,,,,,,,2025-08-06,invmae4,"w yoy_ma 0.14, increm 0.41, pct_re 0.12, per_ni 0.33; sigma additive n=19 (full_sample)",1.0
margin-ts,ensemble_simple,adj_ebitda_margin_pct,2025Q4,2025-08-06,1,30.761582074162234,30.761582074162234,W1,PIT,1,22,16.679268344266674,19.78965672388891,24.986979328832156,36.53618481949231,41.73350742443556,44.843895804057794,8.561438841214914,,,,,,,,2025-08-06,eq4,"mean of yoy_ma 29.99, increm 31.03, pct_re 30.02, per_ni 32.01; sigma additive n=12 (PIT)",1.0
margin-ts,ensemble_simple,adj_ebitda_margin_pct,2025Q4,2025-08-06,1,30.761582074162234,30.761582074162234,W2,PIT,1,22,16.679268344266674,19.78965672388891,24.986979328832156,36.53618481949231,41.73350742443556,44.843895804057794,8.561438841214914,,,,,,,,2025-08-06,eq4,"mean of yoy_ma 29.99, increm 31.03, pct_re 30.02, per_ni 32.01; sigma additive n=12 (PIT)",1.0
margin-ts,ensemble_simple,adj_ebitda_margin_pct,2025Q4,2025-08-06,1,30.831505766337244,30.831505766337244,W1,PIT,5,22,16.999442217475206,20.054557346549657,25.159520773326353,36.50349075934813,41.60845418612483,44.66356931519928,8.409297533968427,,,,,,,,2025-08-06,invmae4,"w yoy_ma 0.23, increm 0.26, pct_re 0.23, per_ni 0.28; sigma additive n=12 (PIT)",1.0
margin-ts,ensemble_simple,adj_ebitda_margin_pct,2025Q4,2025-08-06,1,30.831505766337244,30.831505766337244,W2,PIT,5,22,16.999442217475206,20.054557346549657,25.159520773326353,36.50349075934813,41.60845418612483,44.66356931519928,8.409297533968427,,,,,,,,2025-08-06,invmae4,"w yoy_ma 0.23, increm 0.26, pct_re 0.23, per_ni 0.28; sigma additive n=12 (PIT)",1.0
margin-ts,ensemble_simple,adj_ebitda_margin_pct,2025Q4,2025-08-06,1,30.50729359237715,30.50729359237715,W1,full_sample,1,22,15.071836953083908,18.481096673175138,24.177820183794935,36.83676700095936,42.53349051157916,45.94275023167039,9.384091317536202,,,,,,,,2025-08-06,eq4,"mean of yoy_ma 30.50, increm 30.70, pct_re 30.43, per_ni 30.40; sigma additive n=18 (full_sample)",1.0
margin-ts,ensemble_simple,adj_ebitda_margin_pct,2025Q4,2025-08-06,1,30.50729359237715,30.50729359237715,W2,full_sample,1,22,15.071836953083908,18.481096673175138,24.177820183794935,36.83676700095936,42.53349051157916,45.94275023167039,9.384091317536202,,,,,,,,2025-08-06,eq4,"mean of yoy_ma 30.50, increm 30.70, pct_re 30.43, per_ni 30.40; sigma additive n=18 (full_sample)",1.0
margin-ts,ensemble_simple,adj_ebitda_margin_pct,2025Q4,2025-08-06,1,30.549453638301802,30.549453638301802,W1,full_sample,5,22,15.21680170808664,18.60335474952974,24.262136395720553,36.83677088088305,42.49555252707387,45.88210556851696,9.321590492299482,,,,,,,,2025-08-06,invmae4,"w yoy_ma 0.15, increm 0.43, pct_re 0.13, per_ni 0.28; sigma additive n=18 (full_sample)",1.0
margin-ts,ensemble_simple,adj_ebitda_margin_pct,2025Q4,2025-08-06,1,30.549453638301802,30.549453638301802,W2,full_sample,5,22,15.21680170808664,18.60335474952974,24.262136395720553,36.83677088088305,42.49555252707387,45.88210556851696,9.321590492299482,,,,,,,,2025-08-06,invmae4,"w yoy_ma 0.15, increm 0.43, pct_re 0.13, per_ni 0.28; sigma additive n=18 (full_sample)",1.0
margin-ts,ensemble_simple,adj_ebitda_margin_pct,2026Q1,2025-08-06,2,18.694466616354603,18.694466616354603,W1,PIT,1,22,0.7542690894043993,4.716755864393139,11.33789752707478,26.051035705634426,32.67217736831607,36.6346641433048,10.906865652356002,,,,,,,,2025-08-06,eq4,"mean of yoy_ma 17.50, increm 19.94, pct_re 17.52, per_ni 19.81; sigma additive n=12 (PIT)",1.0
margin-ts,ensemble_simple,adj_ebitda_margin_pct,2026Q1,2025-08-06,2,18.694466616354603,18.694466616354603,W2,PIT,1,22,0.7542690894043993,4.716755864393139,11.33789752707478,26.051035705634426,32.67217736831607,36.6346641433048,10.906865652356002,,,,,,,,2025-08-06,eq4,"mean of yoy_ma 17.50, increm 19.94, pct_re 17.52, per_ni 19.81; sigma additive n=12 (PIT)",1.0
margin-ts,ensemble_simple,adj_ebitda_margin_pct,2026Q1,2025-08-06,2,18.84200473653865,18.84200473653865,W1,PIT,5,22,0.3675819063139869,4.448064076610356,11.26637087125086,26.417638601826443,33.235945396466946,37.316427566763316,11.231651575261846,,,,,,,,2025-08-06,invmae4,"w yoy_ma 0.22, increm 0.28, pct_re 0.22, per_ni 0.28; sigma additive n=12 (PIT)",1.0
margin-ts,ensemble_simple,adj_ebitda_margin_pct,2026Q1,2025-08-06,2,18.84200473653865,18.84200473653865,W2,PIT,5,22,0.3675819063139869,4.448064076610356,11.26637087125086,26.417638601826443,33.235945396466946,37.316427566763316,11.231651575261846,,,,,,,,2025-08-06,invmae4,"w yoy_ma 0.22, increm 0.28, pct_re 0.22, per_ni 0.28; sigma additive n=12 (PIT)",1.0
margin-ts,ensemble_simple,adj_ebitda_margin_pct,2026Q1,2025-08-06,2,18.352207969606265,18.352207969606265,W1,full_sample,1,22,0.6761159345732253,4.5802692092004715,11.103938150455892,25.60047778875664,32.12414673001206,36.028300004639306,10.746300914199542,,,,,,,,2025-08-06,eq4,"mean of yoy_ma 18.01, increm 19.61, pct_re 17.93, per_ni 17.86; sigma additive n=17 (full_sample)",1.0
margin-ts,ensemble_simple,adj_ebitda_margin_pct,2026Q1,2025-08-06,2,18.352207969606265,18.352207969606265,W2,full_sample,1,22,0.6761159345732253,4.5802692092004715,11.103938150455892,25.60047778875664,32.12414673001206,36.028300004639306,10.746300914199542,,,,,,,,2025-08-06,eq4,"mean of yoy_ma 18.01, increm 19.61, pct_re 17.93, per_ni 17.86; sigma additive n=17 (full_sample)",1.0
margin-ts,ensemble_simple,adj_ebitda_margin_pct,2026Q1,2025-08-06,2,18.65265326979216,18.65265326979216,W1,full_sample,5,22,0.6662024186175195,4.638905256459708,11.277117512238213,26.02818902734611,32.666401283124614,36.639104120966806,10.93498567681688,,,,,,,,2025-08-06,invmae4,"w yoy_ma 0.14, increm 0.44, pct_re 0.13, per_ni 0.29; sigma additive n=17 (full_sample)",1.0
margin-ts,ensemble_simple,adj_ebitda_margin_pct,2026Q1,2025-08-06,2,18.65265326979216,18.65265326979216,W2,full_sample,5,22,0.6662024186175195,4.638905256459708,11.277117512238213,26.02818902734611,32.666401283124614,36.639104120966806,10.93498567681688,,,,,,,,2025-08-06,invmae4,"w yoy_ma 0.14, increm 0.44, pct_re 0.13, per_ni 0.29; sigma additive n=17 (full_sample)",1.0
margin-ts,ensemble_simple,adj_ebitda_margin_pct,2025Q4,2025-11-06,0,29.864248503717278,29.864248503717278,W1,PIT,1,23,22.998371324168286,24.514851144515326,27.048822433074214,32.67967457436034,35.21364586291923,36.730125683266266,4.174156938373918,,,,,,,,2025-11-06,eq4,"mean of yoy_ma 29.62, increm 31.00, pct_re 29.57, per_ni 29.27; sigma additive n=12 (PIT)",1.0
margin-ts,ensemble_simple,adj_ebitda_margin_pct,2025Q4,2025-11-06,0,29.864248503717278,29.864248503717278,W2,PIT,1,23,22.998371324168286,24.514851144515326,27.048822433074214,32.67967457436034,35.21364586291923,36.730125683266266,4.174156938373918,,,,,,,,2025-11-06,eq4,"mean of yoy_ma 29.62, increm 31.00, pct_re 29.57, per_ni 29.27; sigma additive n=12 (PIT)",1.0
margin-ts,ensemble_simple,adj_ebitda_margin_pct,2025Q4,2025-11-06,0,29.973631596287472,29.973631596287472,W1,PIT,5,23,24.048867034546024,25.357481456742605,27.544118779012646,32.403144413562295,34.58978173583234,35.898396158028916,3.6020010927794517,,,,,,,,2025-11-06,invmae4,"w yoy_ma 0.21, increm 0.33, pct_re 0.22, per_ni 0.24; sigma additive n=12 (PIT)",1.0
margin-ts,ensemble_simple,adj_ebitda_margin_pct,2025Q4,2025-11-06,0,29.973631596287472,29.973631596287472,W2,PIT,5,23,24.048867034546024,25.357481456742605,27.544118779012646,32.403144413562295,34.58978173583234,35.898396158028916,3.6020010927794517,,,,,,,,2025-11-06,invmae4,"w yoy_ma 0.21, increm 0.33, pct_re 0.22, per_ni 0.24; sigma additive n=12 (PIT)",1.0
margin-ts,ensemble_simple,adj_ebitda_margin_pct,2025Q4,2025-11-06,0,30.058339948621413,30.058339948621413,W1,full_sample,1,23,17.6601404374063,20.398555191372132,24.974326177317383,35.14235371992544,39.71812470587069,42.45653945983652,7.537570096248384,,,,,,,,2025-11-06,eq4,"mean of yoy_ma 30.50, increm 30.72, pct_re 30.43, per_ni 28.59; sigma additive n=19 (full_sample)",1.0
margin-ts,ensemble_simple,adj_ebitda_margin_pct,2025Q4,2025-11-06,0,30.058339948621413,30.058339948621413,W2,full_sample,1,23,17.6601404374063,20.398555191372132,24.974326177317383,35.14235371992544,39.71812470587069,42.45653945983652,7.537570096248384,,,,,,,,2025-11-06,eq4,"mean of yoy_ma 30.50, increm 30.72, pct_re 30.43, per_ni 28.59; sigma additive n=19 (full_sample)",1.0
margin-ts,ensemble_simple,adj_ebitda_margin_pct,2025Q4,2025-11-06,0,29.945571671010804,29.945571671010804,W1,full_sample,5,23,17.897302559992042,20.55842749700566,25.005050587656093,34.886092754365514,39.33271584501595,41.993840782029565,7.324827518755394,,,,,,,,2025-11-06,invmae4,"w yoy_ma 0.14, increm 0.41, pct_re 0.12, per_ni 0.33; sigma additive n=19 (full_sample)",1.0
margin-ts,ensemble_simple,adj_ebitda_margin_pct,2025Q4,2025-11-06,0,29.945571671010804,29.945571671010804,W2,full_sample,5,23,17.897302559992042,20.55842749700566,25.005050587656093,34.886092754365514,39.33271584501595,41.993840782029565,7.324827518755394,,,,,,,,2025-11-06,invmae4,"w yoy_ma 0.14, increm 0.41, pct_re 0.12, per_ni 0.33; sigma additive n=19 (full_sample)",1.0
margin-ts,ensemble_simple,adj_ebitda_margin_pct,2026Q1,2025-11-06,1,17.418124624064095,17.418124624064095,W1,PIT,1,23,7.261666744313169,9.504943607278946,13.25336088707029,21.5828883610579,25.331305640849244,27.574582503815023,6.174687956018697,,,,,,,,2025-11-06,eq4,"mean of yoy_ma 17.12, increm 19.61, pct_re 17.08, per_ni 15.87; sigma additive n=12 (PIT)",1.0
margin-ts,ensemble_simple,adj_ebitda_margin_pct,2026Q1,2025-11-06,1,17.418124624064095,17.418124624064095,W2,PIT,1,23,7.261666744313169,9.504943607278946,13.25336088707029,21.5828883610579,25.331305640849244,27.574582503815023,6.174687956018697,,,,,,,,2025-11-06,eq4,"mean of yoy_ma 17.12, increm 19.61, pct_re 17.08, per_ni 15.87; sigma additive n=12 (PIT)",1.0
margin-ts,ensemble_simple,adj_ebitda_margin_pct,2026Q1,2025-11-06,1,17.45574511336364,17.45574511336364,W1,PIT,5,23,8.082907704640364,10.153104770218572,13.612313297394056,21.299176929333225,24.75838545650871,26.82858252208692,5.698280537031518,,,,,,,,2025-11-06,invmae4,"w yoy_ma 0.22, increm 0.28, pct_re 0.23, per_ni 0.28; sigma additive n=12 (PIT)",1.0
margin-ts,ensemble_simple,adj_ebitda_margin_pct,2026Q1,2025-11-06,1,17.45574511336364,17.45574511336364,W2,PIT,5,23,8.082907704640364,10.153104770218572,13.612313297394056,21.299176929333225,24.75838545650871,26.82858252208692,5.698280537031518,,,,,,,,2025-11-06,invmae4,"w yoy_ma 0.22, increm 0.28, pct_re 0.23, per_ni 0.28; sigma additive n=12 (PIT)",1.0
margin-ts,ensemble_simple,adj_ebitda_margin_pct,2026Q1,2025-11-06,1,17.468914428010514,17.468914428010514,W1,full_sample,1,23,2.033457788717273,5.442717508808503,11.139441019428302,23.798387836592724,29.495111347212525,32.90437106730376,9.384091317536202,,,,,,,,2025-11-06,eq4,"mean of yoy_ma 18.01, increm 19.35, pct_re 17.93, per_ni 14.59; sigma additive n=18 (full_sample)",1.0
margin-ts,ensemble_simple,adj_ebitda_margin_pct,2026Q1,2025-11-06,1,17.468914428010514,17.468914428010514,W2,full_sample,1,23,2.033457788717273,5.442717508808503,11.139441019428302,23.798387836592724,29.495111347212525,32.90437106730376,9.384091317536202,,,,,,,,2025-11-06,eq4,"mean of yoy_ma 18.01, increm 19.35, pct_re 17.93, per_ni 14.59; sigma additive n=18 (full_sample)",1.0
margin-ts,ensemble_simple,adj_ebitda_margin_pct,2026Q1,2025-11-06,1,17.604816497474275,17.604816497474275,W1,full_sample,5,23,2.2721645672591126,5.6587176087022115,11.317499254893027,23.89213374005552,29.550915386246338,32.93746842768944,9.321590492299482,,,,,,,,2025-11-06,invmae4,"w yoy_ma 0.15, increm 0.43, pct_re 0.13, per_ni 0.28; sigma additive n=18 (full_sample)",1.0
margin-ts,ensemble_simple,adj_ebitda_margin_pct,2026Q1,2025-11-06,1,17.604816497474275,17.604816497474275,W2,full_sample,5,23,2.2721645672591126,5.6587176087022115,11.317499254893027,23.89213374005552,29.550915386246338,32.93746842768944,9.321590492299482,,,,,,,,2025-11-06,invmae4,"w yoy_ma 0.15, increm 0.43, pct_re 0.13, per_ni 0.28; sigma additive n=18 (full_sample)",1.0
margin-ts,ensemble_simple,adj_ebitda_margin_pct,2026Q2,2025-11-06,2,32.50149893440062,32.50149893440062,W1,PIT,1,23,17.77995580548448,21.031532041929253,26.464773365131204,38.53822450367004,43.97146582687199,47.22304206331677,8.950062721508331,,,,,,,,2025-11-06,eq4,"mean of yoy_ma 32.46, increm 33.58, pct_re 32.41, per_ni 31.56; sigma additive n=12 (PIT)",1.0
margin-ts,ensemble_simple,adj_ebitda_margin_pct,2026Q2,2025-11-06,2,32.50149893440062,32.50149893440062,W2,PIT,1,23,17.77995580548448,21.031532041929253,26.464773365131204,38.53822450367004,43.97146582687199,47.22304206331677,8.950062721508331,,,,,,,,2025-11-06,eq4,"mean of yoy_ma 32.46, increm 33.58, pct_re 32.41, per_ni 31.56; sigma additive n=12 (PIT)",1.0
margin-ts,ensemble_simple,adj_ebitda_margin_pct,2026Q2,2025-11-06,2,32.54309833898027,32.54309833898027,W1,PIT,5,23,17.37043016995225,20.72164728284915,26.32138414177063,38.764812536189915,44.364549395111396,47.715766508008294,9.224327271690818,,,,,,,,2025-11-06,invmae4,"w yoy_ma 0.23, increm 0.28, pct_re 0.24, per_ni 0.25; sigma additive n=12 (PIT)",1.0
margin-ts,ensemble_simple,adj_ebitda_margin_pct,2026Q2,2025-11-06,2,32.54309833898027,32.54309833898027,W2,PIT,5,23,17.37043016995225,20.72164728284915,26.32138414177063,38.764812536189915,44.364549395111396,47.715766508008294,9.224327271690818,,,,,,,,2025-11-06,invmae4,"w yoy_ma 0.23, increm 0.28, pct_re 0.24, per_ni 0.25; sigma additive n=12 (PIT)",1.0
margin-ts,ensemble_simple,adj_ebitda_margin_pct,2026Q2,2025-11-06,2,32.56029662719841,32.56029662719841,W1,full_sample,1,23,14.884204592165371,18.788357866792616,25.31202680804804,39.808566446348784,46.33223538760421,50.23638866223145,10.746300914199542,,,,,,,,2025-11-06,eq4,"mean of yoy_ma 33.34, increm 33.32, pct_re 33.27, per_ni 30.31; sigma additive n=17 (full_sample)",1.0
margin-ts,ensemble_simple,adj_ebitda_margin_pct,2026Q2,2025-11-06,2,32.56029662719841,32.56029662719841,W2,full_sample,1,23,14.884204592165371,18.788357866792616,25.31202680804804,39.808566446348784,46.33223538760421,50.23638866223145,10.746300914199542,,,,,,,,2025-11-06,eq4,"mean of yoy_ma 33.34, increm 33.32, pct_re 33.27, per_ni 30.31; sigma additive n=17 (full_sample)",1.0
margin-ts,ensemble_simple,adj_ebitda_margin_pct,2026Q2,2025-11-06,2,32.431643347754175,32.431643347754175,W1,full_sample,5,23,14.445192496579534,18.417895334421722,25.056107590200227,39.80717910530812,46.44539136108663,50.41809419892881,10.93498567681688,,,,,,,,2025-11-06,invmae4,"w yoy_ma 0.14, increm 0.44, pct_re 0.13, per_ni 0.29; sigma additive n=17 (full_sample)",1.0
margin-ts,ensemble_simple,adj_ebitda_margin_pct,2026Q2,2025-11-06,2,32.431643347754175,32.431643347754175,W2,full_sample,5,23,14.445192496579534,18.417895334421722,25.056107590200227,39.80717910530812,46.44539136108663,50.41809419892881,10.93498567681688,,,,,,,,2025-11-06,invmae4,"w yoy_ma 0.14, increm 0.44, pct_re 0.13, per_ni 0.29; sigma additive n=17 (full_sample)",1.0
margin-ts,ensemble_simple,adj_ebitda_margin_pct,2026Q1,2026-02-12,0,18.000780250888134,18.000780250888134,W1,PIT,1,24,11.650378967553905,13.053004611072176,15.396730562175406,20.60482993960086,22.948555890704093,24.351181534222363,3.8607698455843105,,,,,,,,2026-02-12,eq4,"mean of yoy_ma 16.89, increm 18.67, pct_re 16.67, per_ni 19.78; sigma additive n=12 (PIT)",1.0
margin-ts,ensemble_simple,adj_ebitda_margin_pct,2026Q1,2026-02-12,0,18.000780250888134,18.000780250888134,W2,PIT,1,24,11.650378967553905,13.053004611072176,15.396730562175406,20.60482993960086,22.948555890704093,24.351181534222363,3.8607698455843105,,,,,,,,2026-02-12,eq4,"mean of yoy_ma 16.89, increm 18.67, pct_re 16.67, per_ni 19.78; sigma additive n=12 (PIT)",1.0
margin-ts,ensemble_simple,adj_ebitda_margin_pct,2026Q1,2026-02-12,0,18.13142645621344,18.13142645621344,W1,PIT,5,24,12.27551615365079,13.568922599960384,15.73014806132884,20.53270485109804,22.693930312466495,23.987336758776088,3.5601406755054783,,,,,,,,2026-02-12,invmae4,"w yoy_ma 0.21, increm 0.31, pct_re 0.22, per_ni 0.25; sigma additive n=12 (PIT)",1.0
margin-ts,ensemble_simple,adj_ebitda_margin_pct,2026Q1,2026-02-12,0,18.13142645621344,18.13142645621344,W2,PIT,5,24,12.27551615365079,13.568922599960384,15.73014806132884,20.53270485109804,22.693930312466495,23.987336758776088,3.5601406755054783,,,,,,,,2026-02-12,invmae4,"w yoy_ma 0.21, increm 0.31, pct_re 0.22, per_ni 0.25; sigma additive n=12 (PIT)",1.0
margin-ts,ensemble_simple,adj_ebitda_margin_pct,2026Q1,2026-02-12,0,18.913692366905707,18.913692366905707,W1,full_sample,1,24,6.515492855690596,9.253907609656427,13.829678595601678,23.997706138209736,28.573477124154987,31.311891878120818,7.537570096248384,,,,,,,,2026-02-12,eq4,"mean of yoy_ma 18.01, increm 20.04, pct_re 17.93, per_ni 19.67; sigma additive n=19 (full_sample)",1.0
margin-ts,ensemble_simple,adj_ebitda_margin_pct,2026Q1,2026-02-12,0,18.913692366905707,18.913692366905707,W2,full_sample,1,24,6.515492855690596,9.253907609656427,13.829678595601678,23.997706138209736,28.573477124154987,31.311891878120818,7.537570096248384,,,,,,,,2026-02-12,eq4,"mean of yoy_ma 18.01, increm 20.04, pct_re 17.93, per_ni 19.67; sigma additive n=19 (full_sample)",1.0
margin-ts,ensemble_simple,adj_ebitda_margin_pct,2026Q1,2026-02-12,0,19.397947301170298,19.397947301170298,W1,full_sample,5,24,7.3496781901515345,10.010803127165152,14.457426217815588,24.338468384525008,28.78509147517544,31.44621641218906,7.324827518755394,,,,,,,,2026-02-12,invmae4,"w yoy_ma 0.14, increm 0.41, pct_re 0.12, per_ni 0.33; sigma additive n=19 (full_sample)",1.0
margin-ts,ensemble_simple,adj_ebitda_margin_pct,2026Q1,2026-02-12,0,19.397947301170298,19.397947301170298,W2,full_sample,5,24,7.3496781901515345,10.010803127165152,14.457426217815588,24.338468384525008,28.78509147517544,31.44621641218906,7.324827518755394,,,,,,,,2026-02-12,invmae4,"w yoy_ma 0.14, increm 0.41, pct_re 0.12, per_ni 0.33; sigma additive n=19 (full_sample)",1.0
margin-ts,ensemble_simple,adj_ebitda_margin_pct,2026Q2,2026-02-12,1,32.05722888218265,32.05722888218265,W1,PIT,1,24,23.571194788896975,25.4455218589437,28.577440211658864,35.53701755270643,38.6689359054216,40.54326297546832,5.159142402849221,,,,,,,,2026-02-12,eq4,"mean of yoy_ma 32.23, increm 32.27, pct_re 32.00, per_ni 31.73; sigma additive n=12 (PIT)",1.0
margin-ts,ensemble_simple,adj_ebitda_margin_pct,2026Q2,2026-02-12,1,32.05722888218265,32.05722888218265,W2,PIT,1,24,23.571194788896975,25.4455218589437,28.577440211658864,35.53701755270643,38.6689359054216,40.54326297546832,5.159142402849221,,,,,,,,2026-02-12,eq4,"mean of yoy_ma 32.23, increm 32.27, pct_re 32.00, per_ni 31.73; sigma additive n=12 (PIT)",1.0
margin-ts,ensemble_simple,adj_ebitda_margin_pct,2026Q2,2026-02-12,1,32.0643772422,32.0643772422,W1,PIT,5,24,24.8147174238999,26.415964071827133,29.09157701260482,35.03717747179519,37.71279041257287,39.314037060500105,4.407480215571781,,,,,,,,2026-02-12,invmae4,"w yoy_ma 0.23, increm 0.29, pct_re 0.23, per_ni 0.25; sigma additive n=12 (PIT)",1.0
margin-ts,ensemble_simple,adj_ebitda_margin_pct,2026Q2,2026-02-12,1,32.0643772422,32.0643772422,W2,PIT,5,24,24.8147174238999,26.415964071827133,29.09157701260482,35.03717747179519,37.71279041257287,39.314037060500105,4.407480215571781,,,,,,,,2026-02-12,invmae4,"w yoy_ma 0.23, increm 0.29, pct_re 0.23, per_ni 0.25; sigma additive n=12 (PIT)",1.0
margin-ts,ensemble_simple,adj_ebitda_margin_pct,2026Q2,2026-02-12,1,32.73635688379187,32.73635688379187,W1,full_sample,1,24,17.300900244498628,20.71015996458986,26.40688347520966,39.06583029237408,44.76255380299388,48.17181352308511,9.384091317536202,,,,,,,,2026-02-12,eq4,"mean of yoy_ma 33.34, increm 33.25, pct_re 33.27, per_ni 31.09; sigma additive n=18 (full_sample)",1.0
margin-ts,ensemble_simple,adj_ebitda_margin_pct,2026Q2,2026-02-12,1,32.73635688379187,32.73635688379187,W2,full_sample,1,24,17.300900244498628,20.71015996458986,26.40688347520966,39.06583029237408,44.76255380299388,48.17181352308511,9.384091317536202,,,,,,,,2026-02-12,eq4,"mean of yoy_ma 33.34, increm 33.25, pct_re 33.27, per_ni 31.09; sigma additive n=18 (full_sample)",1.0
margin-ts,ensemble_simple,adj_ebitda_margin_pct,2026Q2,2026-02-12,1,32.652066869111096,32.652066869111096,W1,full_sample,5,24,17.31941493889593,20.705967980339032,26.36474962652985,38.93938411169234,44.59816575788316,47.98471879932626,9.321590492299482,,,,,,,,2026-02-12,invmae4,"w yoy_ma 0.15, increm 0.43, pct_re 0.13, per_ni 0.28; sigma additive n=18 (full_sample)",1.0
margin-ts,ensemble_simple,adj_ebitda_margin_pct,2026Q2,2026-02-12,1,32.652066869111096,32.652066869111096,W2,full_sample,5,24,17.31941493889593,20.705967980339032,26.36474962652985,38.93938411169234,44.59816575788316,47.98471879932626,9.321590492299482,,,,,,,,2026-02-12,invmae4,"w yoy_ma 0.15, increm 0.43, pct_re 0.13, per_ni 0.28; sigma additive n=18 (full_sample)",1.0
margin-ts,ensemble_simple,adj_ebitda_margin_pct,2026Q2,2026-05-07,0,33.07652311269537,33.07652311269537,W1,PIT,1,25,28.186608533383605,29.266653601016785,31.07136155361308,35.08168467177766,36.886392624373954,37.96643769200713,2.972856975957551,,,,,,,,2026-05-07,eq4,"mean of yoy_ma 33.02, increm 31.84, pct_re 32.96, per_ni 34.49; sigma additive n=12 (PIT)",1.0
margin-ts,ensemble_simple,adj_ebitda_margin_pct,2026Q2,2026-05-07,0,33.07652311269537,33.07652311269537,W2,PIT,1,25,28.186608533383605,29.266653601016785,31.07136155361308,35.08168467177766,36.886392624373954,37.96643769200713,2.972856975957551,,,,,,,,2026-05-07,eq4,"mean of yoy_ma 33.02, increm 31.84, pct_re 32.96, per_ni 34.49; sigma additive n=12 (PIT)",1.0
margin-ts,ensemble_simple,adj_ebitda_margin_pct,2026Q2,2026-05-07,0,33.04611749129847,33.04611749129847,W1,PIT,5,25,28.390284987402072,29.41862788583104,31.136943780609055,34.955291201987876,36.67360709676589,37.701949995194866,2.8305451789806924,,,,,,,,2026-05-07,invmae4,"w yoy_ma 0.21, increm 0.30, pct_re 0.21, per_ni 0.27; sigma additive n=12 (PIT)",1.0
margin-ts,ensemble_simple,adj_ebitda_margin_pct,2026Q2,2026-05-07,0,33.04611749129847,33.04611749129847,W2,PIT,5,25,28.390284987402072,29.41862788583104,31.136943780609055,34.955291201987876,36.67360709676589,37.701949995194866,2.8305451789806924,,,,,,,,2026-05-07,invmae4,"w yoy_ma 0.21, increm 0.30, pct_re 0.21, per_ni 0.27; sigma additive n=12 (PIT)",1.0
margin-ts,ensemble_simple,adj_ebitda_margin_pct,2026Q2,2026-05-07,0,33.68985934625067,33.68985934625067,W1,full_sample,1,25,21.29165983503556,24.03007458900139,28.605845574946642,38.7738731175547,43.349644103499955,46.08805885746578,7.537570096248384,,,,,,,,2026-05-07,eq4,"mean of yoy_ma 33.34, increm 33.05, pct_re 33.27, per_ni 35.10; sigma additive n=19 (full_sample)",1.0
margin-ts,ensemble_simple,adj_ebitda_margin_pct,2026Q2,2026-05-07,0,33.68985934625067,33.68985934625067,W2,full_sample,1,25,21.29165983503556,24.03007458900139,28.605845574946642,38.7738731175547,43.349644103499955,46.08805885746578,7.537570096248384,,,,,,,,2026-05-07,eq4,"mean of yoy_ma 33.34, increm 33.05, pct_re 33.27, per_ni 35.10; sigma additive n=19 (full_sample)",1.0
margin-ts,ensemble_simple,adj_ebitda_margin_pct,2026Q2,2026-05-07,0,33.798583544920824,33.798583544920824,W1,full_sample,5,25,21.750314433902062,24.41143937091568,28.858062461566114,38.739104628275534,43.18572771892597,45.846852655939585,7.324827518755394,,,,,,,,2026-05-07,invmae4,"w yoy_ma 0.14, increm 0.41, pct_re 0.12, per_ni 0.33; sigma additive n=19 (full_sample)",1.0
margin-ts,ensemble_simple,adj_ebitda_margin_pct,2026Q2,2026-05-07,0,33.798583544920824,33.798583544920824,W2,full_sample,5,25,21.750314433902062,24.41143937091568,28.858062461566114,38.739104628275534,43.18572771892597,45.846852655939585,7.324827518755394,,,,,,,,2026-05-07,invmae4,"w yoy_ma 0.14, increm 0.41, pct_re 0.12, per_ni 0.33; sigma additive n=19 (full_sample)",1.0
margin-ts,ensemble_simple,adj_ebitda_margin_pct,2026Q3,2026-08-06,0,49.24839899543067,49.24839899543067,LIVE,PIT,1,26,44.577518008439846,45.609184694979604,47.33305449395667,51.163743496904665,52.887613295881735,53.91927998242149,2.839694007087857,,,,,,,,2026-08-06,eq4,"mean of yoy_ma 49.74, increm 47.02, pct_re 49.66, per_ni 50.58; sigma additive n=12 (PIT)",1.0
margin-ts,ensemble_simple,adj_ebitda_margin_pct,2026Q3,2026-08-06,0,49.195501098074,49.195501098074,LIVE,PIT,5,26,44.588353591538244,45.60594333867709,47.30629118912963,51.08471100701836,52.7850588574709,53.80264860460975,2.800946802223683,,,,,,,,2026-08-06,invmae4,"w yoy_ma 0.22, increm 0.28, pct_re 0.22, per_ni 0.28; sigma additive n=12 (PIT)",1.0
margin-ts,ensemble_simple,adj_ebitda_margin_pct,2026Q3,2026-08-06,0,49.304998710096,49.304998710096,LIVE,full_sample,1,26,36.90679919888089,39.64521395284672,44.22098493879197,54.38901248140003,58.964783467345285,61.70319822131111,7.537570096248384,,,,,,,,2026-08-06,eq4,"mean of yoy_ma 49.74, increm 46.89, pct_re 49.66, per_ni 50.93; sigma additive n=19 (full_sample)",1.0
margin-ts,ensemble_simple,adj_ebitda_margin_pct,2026Q3,2026-08-06,0,48.94528647989375,48.94528647989375,LIVE,full_sample,5,26,36.89701736887499,39.55814230588861,44.00476539653904,53.88580756324846,58.332430653898896,60.993555590912514,7.324827518755394,,,,,,,,2026-08-06,invmae4,"w yoy_ma 0.14, increm 0.41, pct_re 0.12, per_ni 0.33; sigma additive n=19 (full_sample)",1.0
margin-ts,ensemble_simple,adj_ebitda_margin_pct,2026Q4,2026-08-06,1,28.090461961467607,28.090461961467607,LIVE,PIT,1,26,22.6967982946804,23.888107415790998,25.878732723288827,30.302191199646387,32.29281650714422,33.484125628254816,3.2791146752575666,,,,,,,,2026-08-06,eq4,"mean of yoy_ma 27.95, increm 28.47, pct_re 27.87, per_ni 28.07; sigma additive n=12 (PIT)",1.0
margin-ts,ensemble_simple,adj_ebitda_margin_pct,2026Q4,2026-08-06,1,28.115434760748094,28.115434760748094,LIVE,PIT,5,26,22.752380733205236,23.936929042986378,25.91625733118573,30.31461219031046,32.29394047850981,33.47848878829095,3.260505335956609,,,,,,,,2026-08-06,invmae4,"w yoy_ma 0.24, increm 0.30, pct_re 0.23, per_ni 0.23; sigma additive n=12 (PIT)",1.0
margin-ts,ensemble_simple,adj_ebitda_margin_pct,2026Q4,2026-08-06,1,28.090461961467607,28.090461961467607,LIVE,full_sample,1,26,12.655005322174366,16.064265042265596,21.760988552885394,34.41993537004982,40.11665888066962,43.525918600760846,9.384091317536202,,,,,,,,2026-08-06,eq4,"mean of yoy_ma 27.95, increm 28.47, pct_re 27.87, per_ni 28.07; sigma additive n=18 (full_sample)",1.0
margin-ts,ensemble_simple,adj_ebitda_margin_pct,2026Q4,2026-08-06,1,28.19865174984621,28.19865174984621,LIVE,full_sample,5,26,12.865999819631048,16.252552861074147,21.91133450726496,34.48596899242746,40.14475063861828,43.53130368006137,9.321590492299482,,,,,,,,2026-08-06,invmae4,"w yoy_ma 0.15, increm 0.43, pct_re 0.13, per_ni 0.28; sigma additive n=18 (full_sample)",1.0
margin-ts,ensemble_simple,adj_ebitda_margin_pct,2027Q1,2026-08-06,2,19.412226720473793,19.412226720473793,LIVE,PIT,1,26,14.408664912134036,15.513811467159481,17.36046290459396,21.463990536353627,23.310641973788105,24.41578852881355,3.041949585272962,,,,,,,,2026-08-06,eq4,"mean of yoy_ma 19.03, increm 20.82, pct_re 18.96, per_ni 18.83; sigma additive n=12 (PIT)",1.0
margin-ts,ensemble_simple,adj_ebitda_margin_pct,2027Q1,2026-08-06,2,19.50822919565217,19.50822919565217,LIVE,PIT,5,26,14.596976317288242,15.681734417075493,17.494317639754676,21.522140751549664,23.334723974228847,24.4194820740161,2.9858297406476915,,,,,,,,2026-08-06,invmae4,"w yoy_ma 0.22, increm 0.30, pct_re 0.22, per_ni 0.25; sigma additive n=12 (PIT)",1.0
margin-ts,ensemble_simple,adj_ebitda_margin_pct,2027Q1,2026-08-06,2,19.412226720473793,19.412226720473793,LIVE,full_sample,1,26,1.736134685440753,5.640287960067999,12.16395690132342,26.660496539624166,33.184165480879585,37.08831875550683,10.746300914199542,,,,,,,,2026-08-06,eq4,"mean of yoy_ma 19.03, increm 20.82, pct_re 18.96, per_ni 18.83; sigma additive n=17 (full_sample)",1.0
margin-ts,ensemble_simple,adj_ebitda_margin_pct,2027Q1,2026-08-06,2,19.744737454982065,19.744737454982065,LIVE,full_sample,5,26,1.7582866038074236,5.730989441649612,12.369201697428117,27.120273212536013,33.75848546831452,37.73118830615671,10.93498567681688,,,,,,,,2026-08-06,invmae4,"w yoy_ma 0.14, increm 0.44, pct_re 0.13, per_ni 0.29; sigma additive n=17 (full_sample)",1.0
margin-ts,ensemble_simple,adj_ebitda_margin_pct,2027Q2,2026-08-06,3,34.39640087318269,34.39640087318269,LIVE,PIT,1,26,29.392839064842935,30.49798561986838,32.344637057302855,36.44816468906253,38.294816126497004,39.39996268152245,3.041949585272962,,,,,,,,2026-08-06,eq4,"mean of yoy_ma 34.60, increm 34.19, pct_re 34.53, per_ni 34.27; sigma additive_borrowed_h2 n=12 (PIT)",1.0
margin-ts,ensemble_simple,adj_ebitda_margin_pct,2027Q2,2026-08-06,3,34.39640087318269,34.39640087318269,LIVE,PIT,5,26,29.485147994818764,30.569906094606015,32.3824893172852,36.410312429080186,38.22289565175937,39.307653751546624,2.9858297406476915,,,,,,,,2026-08-06,invmae4,equal (fewer than 3 past errors for a member); sigma additive_borrowed_h2 n=12 (PIT),1.0
margin-ts,ensemble_simple,adj_ebitda_margin_pct,2027Q2,2026-08-06,3,34.39640087318269,34.39640087318269,LIVE,full_sample,1,26,16.720308838149652,20.624462112776897,27.14813105403232,41.644670692333065,48.16833963358849,52.072492908215736,10.746300914199542,,,,,,,,2026-08-06,eq4,"mean of yoy_ma 34.60, increm 34.19, pct_re 34.53, per_ni 34.27; sigma additive_borrowed_h2 n=17 (full_sample)",1.0
margin-ts,ensemble_simple,adj_ebitda_margin_pct,2027Q2,2026-08-06,3,34.39640087318269,34.39640087318269,LIVE,full_sample,5,26,16.40995002200805,20.38265285985024,27.020865115628744,41.77193663073664,48.410148886515145,52.38285172435734,10.93498567681688,,,,,,,,2026-08-06,invmae4,equal (fewer than 3 past errors for a member); sigma additive_borrowed_h2 n=17 (full_sample),1.0
margin-ts,ensemble_simple,adj_ebitda_margin_pct,2027Q3,2026-08-06,4,48.377695040597985,48.377695040597985,LIVE,PIT,1,26,43.374133232258224,44.47927978728367,46.32593122471815,50.42945885647782,52.276110293912296,53.381256848937745,3.041949585272962,,,,,,,,2026-08-06,eq4,"mean of yoy_ma 49.39, increm 44.54, pct_re 49.24, per_ni 50.34; sigma additive_borrowed_h2 n=12 (PIT)",1.0
margin-ts,ensemble_simple,adj_ebitda_margin_pct,2027Q3,2026-08-06,4,48.377695040597985,48.377695040597985,LIVE,PIT,5,26,43.46644216223406,44.55120026202131,46.36378348470049,50.39160659649548,52.20418981917466,53.28894791896191,2.9858297406476915,,,,,,,,2026-08-06,invmae4,equal (fewer than 3 past errors for a member); sigma additive_borrowed_h2 n=12 (PIT),1.0
margin-ts,ensemble_simple,adj_ebitda_margin_pct,2027Q3,2026-08-06,4,48.439098505639,48.439098505639,LIVE,full_sample,1,26,30.763006470605962,34.66715974523321,41.19082868648863,55.687368324789375,62.2110372660448,66.11519054067205,10.746300914199542,,,,,,,,2026-08-06,eq4,"mean of yoy_ma 49.39, increm 44.43, pct_re 49.24, per_ni 50.69; sigma additive_borrowed_h2 n=17 (full_sample)",1.0
margin-ts,ensemble_simple,adj_ebitda_margin_pct,2027Q3,2026-08-06,4,48.439098505639,48.439098505639,LIVE,full_sample,5,26,30.45264765446436,34.42535049230655,41.063562748085054,55.81463426319295,62.452846518971455,66.42554935681365,10.93498567681688,,,,,,,,2026-08-06,invmae4,equal (fewer than 3 past errors for a member); sigma additive_borrowed_h2 n=17 (full_sample),1.0
margin-ts,ensemble_simple,adj_ebitda_margin_pct,2027Q4,2026-08-06,5,27.77229433400848,27.77229433400848,LIVE,PIT,1,26,22.76873252566872,23.873879080694167,25.720530518128644,29.824058149888312,31.67070958732279,32.77585614234824,3.041949585272962,,,,,,,,2026-08-06,eq4,"mean of yoy_ma 27.60, increm 28.63, pct_re 27.45, per_ni 27.41; sigma additive_borrowed_h2 n=12 (PIT)",1.0
margin-ts,ensemble_simple,adj_ebitda_margin_pct,2027Q4,2026-08-06,5,27.77229433400848,27.77229433400848,LIVE,PIT,5,26,22.86104145564455,23.9457995554318,25.758382778110985,29.786205889905972,31.598789112585155,32.6835472123724,2.9858297406476915,,,,,,,,2026-08-06,invmae4,equal (fewer than 3 past errors for a member); sigma additive_borrowed_h2 n=12 (PIT),1.0
margin-ts,ensemble_simple,adj_ebitda_margin_pct,2027Q4,2026-08-06,5,27.77229433400848,27.77229433400848,LIVE,full_sample,1,26,10.096202298975438,14.000355573602684,20.524024514858105,35.02056415315885,41.544233094414274,45.448386369041515,10.746300914199542,,,,,,,,2026-08-06,eq4,"mean of yoy_ma 27.60, increm 28.63, pct_re 27.45, per_ni 27.41; sigma additive_borrowed_h2 n=17 (full_sample)",1.0
margin-ts,ensemble_simple,adj_ebitda_margin_pct,2027Q4,2026-08-06,5,27.77229433400848,27.77229433400848,LIVE,full_sample,5,26,9.785843482833837,13.758546320676025,20.39675857645453,35.147830091562426,41.78604234734093,45.758745185183116,10.93498567681688,,,,,,,,2026-08-06,invmae4,equal (fewer than 3 past errors for a member); sigma additive_borrowed_h2 n=17 (full_sample),1.0
margin-ts,ensemble_simple,adj_ebitda_margin_pct,2026Q3,2026-09-11,0,49.28143494343954,49.28143494343954,LIVE,PIT,1,26,44.61055395644872,45.64222064298848,47.36609044196555,51.19677944491354,52.92064924389061,53.952315930430366,2.839694007087857,,,,,,,,2026-09-11,eq4,"mean of yoy_ma 49.74, increm 47.06, pct_re 49.66, per_ni 50.67; sigma additive n=12 (PIT)",1.0
margin-ts,ensemble_simple,adj_ebitda_margin_pct,2026Q3,2026-09-11,0,49.232338462899406,49.232338462899406,LIVE,PIT,5,26,44.62519095636365,45.6427807035025,47.34312855395504,51.12154837184377,52.82189622229631,53.83948596943516,2.800946802223683,,,,,,,,2026-09-11,invmae4,"w yoy_ma 0.22, increm 0.28, pct_re 0.22, per_ni 0.28; sigma additive n=12 (PIT)",1.0
margin-ts,ensemble_simple,adj_ebitda_margin_pct,2026Q3,2026-09-11,0,49.28143494343954,49.28143494343954,LIVE,full_sample,1,26,36.88323543222443,39.621650186190266,44.19742117213551,54.36544871474357,58.94121970068882,61.67963445465465,7.537570096248384,,,,,,,,2026-09-11,eq4,"mean of yoy_ma 49.74, increm 47.06, pct_re 49.66, per_ni 50.67; sigma additive n=19 (full_sample)",1.0
margin-ts,ensemble_simple,adj_ebitda_margin_pct,2026Q3,2026-09-11,0,48.9271154430143,48.9271154430143,LIVE,full_sample,5,26,36.87884633199554,39.53997126900916,43.98659435965959,53.86763652636901,58.314259617019445,60.97538455403306,7.324827518755394,,,,,,,,2026-09-11,invmae4,"w yoy_ma 0.14, increm 0.41, pct_re 0.12, per_ni 0.33; sigma additive n=19 (full_sample)",1.0
margin-ts,ensemble_simple,adj_ebitda_margin_pct,2026Q4,2026-09-11,1,28.11876447606784,28.11876447606784,LIVE,PIT,1,26,22.725100809280633,23.916409930391232,25.907035237889062,30.33049371424662,32.32111902174445,33.51242814285505,3.2791146752575666,,,,,,,,2026-09-11,eq4,"mean of yoy_ma 27.95, increm 28.45, pct_re 27.87, per_ni 28.20; sigma additive n=12 (PIT)",1.0
margin-ts,ensemble_simple,adj_ebitda_margin_pct,2026Q4,2026-09-11,1,28.13997451192702,28.13997451192702,LIVE,PIT,5,26,22.776920484384164,23.961468794165302,25.940797082364654,30.339151941489384,32.31848022968873,33.503028539469874,3.260505335956609,,,,,,,,2026-09-11,invmae4,"w yoy_ma 0.24, increm 0.30, pct_re 0.23, per_ni 0.23; sigma additive n=12 (PIT)",1.0
margin-ts,ensemble_simple,adj_ebitda_margin_pct,2026Q4,2026-09-11,1,28.11876447606784,28.11876447606784,LIVE,full_sample,1,26,12.6833078367746,16.09256755686583,21.789291067485628,34.448237884650055,40.14496139526985,43.55422111536108,9.384091317536202,,,,,,,,2026-09-11,eq4,"mean of yoy_ma 27.95, increm 28.45, pct_re 27.87, per_ni 28.20; sigma additive n=18 (full_sample)",1.0
margin-ts,ensemble_simple,adj_ebitda_margin_pct,2026Q4,2026-09-11,1,28.227792506764423,28.227792506764423,LIVE,full_sample,5,26,12.895140576549261,16.28169361799236,21.940475264183178,34.51510974934567,40.17389139553649,43.56044443697959,9.321590492299482,,,,,,,,2026-09-11,invmae4,"w yoy_ma 0.15, increm 0.43, pct_re 0.13, per_ni 0.28; sigma additive n=18 (full_sample)",1.0
margin-ts,ensemble_simple,adj_ebitda_margin_pct,2027Q1,2026-09-11,2,19.315104448456065,19.315104448456065,LIVE,PIT,1,26,14.311542640116308,15.416689195141753,17.26334063257623,21.3668682643359,23.213519701770377,24.318666256795822,3.041949585272962,,,,,,,,2026-09-11,eq4,"mean of yoy_ma 19.03, increm 20.63, pct_re 18.96, per_ni 18.64; sigma additive n=12 (PIT)",1.0
margin-ts,ensemble_simple,adj_ebitda_margin_pct,2027Q1,2026-09-11,2,19.400823915324608,19.400823915324608,LIVE,PIT,5,26,14.48957103696068,15.57432913674793,17.386912359427114,21.4147354712221,23.227318693901285,24.312076793688536,2.9858297406476915,,,,,,,,2026-09-11,invmae4,"w yoy_ma 0.22, increm 0.30, pct_re 0.22, per_ni 0.25; sigma additive n=12 (PIT)",1.0
margin-ts,ensemble_simple,adj_ebitda_margin_pct,2027Q1,2026-09-11,2,19.315104448456065,19.315104448456065,LIVE,full_sample,1,26,1.6390124134230248,5.543165688050271,12.066834629305692,26.563374267606438,33.08704320886186,36.991196483489105,10.746300914199542,,,,,,,,2026-09-11,eq4,"mean of yoy_ma 19.03, increm 20.63, pct_re 18.96, per_ni 18.64; sigma additive n=17 (full_sample)",1.0
margin-ts,ensemble_simple,adj_ebitda_margin_pct,2027Q1,2026-09-11,2,19.60305895820535,19.60305895820535,LIVE,full_sample,5,26,1.6166081070307072,5.589310944872896,12.227523200651401,26.978594715759296,33.6168069715378,37.58950980937999,10.93498567681688,,,,,,,,2026-09-11,invmae4,"w yoy_ma 0.14, increm 0.44, pct_re 0.13, per_ni 0.29; sigma additive n=17 (full_sample)",1.0
margin-ts,ensemble_simple,adj_ebitda_margin_pct,2027Q2,2026-09-11,3,34.415387493158775,34.415387493158775,LIVE,PIT,1,26,29.411825684819018,30.516972239844463,32.36362367727894,36.46715130903861,38.31380274647309,39.418949301498536,3.041949585272962,,,,,,,,2026-09-11,eq4,"mean of yoy_ma 34.60, increm 34.39, pct_re 34.53, per_ni 34.14; sigma additive_borrowed_h2 n=12 (PIT)",1.0
margin-ts,ensemble_simple,adj_ebitda_margin_pct,2027Q2,2026-09-11,3,34.415387493158775,34.415387493158775,LIVE,PIT,5,26,29.504134614794847,30.588892714582098,32.40147593726128,36.42929904905627,38.24188227173545,39.3266403715227,2.9858297406476915,,,,,,,,2026-09-11,invmae4,equal (fewer than 3 past errors for a member); sigma additive_borrowed_h2 n=12 (PIT),1.0
margin-ts,ensemble_simple,adj_ebitda_margin_pct,2027Q2,2026-09-11,3,34.415387493158775,34.415387493158775,LIVE,full_sample,1,26,16.739295458125735,20.64344873275298,27.167117674008402,41.66365731230915,48.18732625356457,52.09147952819181,10.746300914199542,,,,,,,,2026-09-11,eq4,"mean of yoy_ma 34.60, increm 34.39, pct_re 34.53, per_ni 34.14; sigma additive_borrowed_h2 n=17 (full_sample)",1.0
margin-ts,ensemble_simple,adj_ebitda_margin_pct,2027Q2,2026-09-11,3,34.415387493158775,34.415387493158775,LIVE,full_sample,5,26,16.428936641984134,20.401639479826322,27.039851735604827,41.79092325071272,48.42913550649123,52.40183834433341,10.93498567681688,,,,,,,,2026-09-11,invmae4,equal (fewer than 3 past errors for a member); sigma additive_borrowed_h2 n=17 (full_sample),1.0
margin-ts,ensemble_simple,adj_ebitda_margin_pct,2027Q3,2026-09-11,4,48.37939269865755,48.37939269865755,LIVE,PIT,1,26,43.375830890317786,44.480977445343235,46.32762888277771,50.431156514537385,52.27780795197186,53.38295450699731,3.041949585272962,,,,,,,,2026-09-11,eq4,"mean of yoy_ma 49.39, increm 45.48, pct_re 49.24, per_ni 49.41; sigma additive_borrowed_h2 n=12 (PIT)",1.0
margin-ts,ensemble_simple,adj_ebitda_margin_pct,2027Q3,2026-09-11,4,48.37939269865755,48.37939269865755,LIVE,PIT,5,26,43.468139820293615,44.552897920080866,46.36548114276005,50.39330425455504,52.20588747723423,53.29064557702148,2.9858297406476915,,,,,,,,2026-09-11,invmae4,equal (fewer than 3 past errors for a member); sigma additive_borrowed_h2 n=12 (PIT),1.0
margin-ts,ensemble_simple,adj_ebitda_margin_pct,2027Q3,2026-09-11,4,48.37939269865755,48.37939269865755,LIVE,full_sample,1,26,30.703300663624507,34.60745393825175,41.131122879507174,55.62766251780792,62.15133145906334,66.05548473369059,10.746300914199542,,,,,,,,2026-09-11,eq4,"mean of yoy_ma 49.39, increm 45.48, pct_re 49.24, per_ni 49.41; sigma additive_borrowed_h2 n=17 (full_sample)",1.0
margin-ts,ensemble_simple,adj_ebitda_margin_pct,2027Q3,2026-09-11,4,48.37939269865755,48.37939269865755,LIVE,full_sample,5,26,30.392941847482906,34.365644685325094,41.0038569411036,55.754928456211495,62.39314071199,66.36584354983219,10.93498567681688,,,,,,,,2026-09-11,invmae4,equal (fewer than 3 past errors for a member); sigma additive_borrowed_h2 n=17 (full_sample),1.0
margin-ts,ensemble_simple,adj_ebitda_margin_pct,2027Q4,2026-09-11,5,27.295730321512327,27.295730321512327,LIVE,PIT,1,26,22.29216851317257,23.397315068198015,25.243966505632493,29.34749413739216,31.19414557482664,32.299292129852084,3.041949585272962,,,,,,,,2026-09-11,eq4,"mean of yoy_ma 27.60, increm 28.54, pct_re 27.45, per_ni 25.59; sigma additive_borrowed_h2 n=12 (PIT)",1.0
margin-ts,ensemble_simple,adj_ebitda_margin_pct,2027Q4,2026-09-11,5,27.295730321512327,27.295730321512327,LIVE,PIT,5,26,22.3844774431484,23.46923554293565,25.281818765614833,29.30964187740982,31.122225100089004,32.206983199876255,2.9858297406476915,,,,,,,,2026-09-11,invmae4,equal (fewer than 3 past errors for a member); sigma additive_borrowed_h2 n=12 (PIT),1.0
margin-ts,ensemble_simple,adj_ebitda_margin_pct,2027Q4,2026-09-11,5,27.295730321512327,27.295730321512327,LIVE,full_sample,1,26,9.619638286479287,13.523791561106533,20.047460502361954,34.5440001406627,41.06766908191812,44.97182235654537,10.746300914199542,,,,,,,,2026-09-11,eq4,"mean of yoy_ma 27.60, increm 28.54, pct_re 27.45, per_ni 25.59; sigma additive_borrowed_h2 n=17 (full_sample)",1.0
margin-ts,ensemble_simple,adj_ebitda_margin_pct,2027Q4,2026-09-11,5,27.295730321512327,27.295730321512327,LIVE,full_sample,5,26,9.309279470337685,13.281982308179874,19.92019456395838,34.67126607906628,41.30947833484478,45.28218117268697,10.93498567681688,,,,,,,,2026-09-11,invmae4,equal (fewer than 3 past errors for a member); sigma additive_borrowed_h2 n=17 (full_sample),1.0
margin-ts,ensemble_simple,adj_ebitda_musd,2023Q1,2023-02-14,0,439.59333641982386,439.59333641982386,W1,PIT,1,12,321.42437376768197,347.52458537459677,391.1368945856078,488.0497782540399,531.662087465051,557.7622990719658,71.84162816429635,,,,,,,,2023-02-14,eq4,"mean of yoy_ma 463.63, increm 406.50, pct_re 497.38, per_ni 390.86; sigma relative n=5 (PIT)",1.0
margin-ts,ensemble_simple,adj_ebitda_musd,2023Q1,2023-02-14,0,419.191646535027,419.191646535027,W1,PIT,5,12,282.70240398337313,312.8490519077731,363.22277878614403,475.16051428391,525.5342411622809,555.6808890866808,82.97956749174054,,,,,,,,2023-02-14,invmae4,"w yoy_ma 0.12, increm 0.51, pct_re 0.11, per_ni 0.26; sigma relative n=5 (PIT)",1.0
margin-ts,ensemble_simple,adj_ebitda_musd,2023Q1,2023-02-14,0,269.8951672139223,269.8951672139223,W1,full_sample,1,12,178.06926430890675,198.35103240627168,232.2409776270206,307.549356800824,341.4393020215729,361.72107011893786,55.82618501757099,,,,,,,,2023-02-14,eq4,"mean of yoy_ma 271.33, increm 323.88, pct_re 270.01, per_ni 214.36; sigma relative n=19 (full_sample)",1.0
margin-ts,ensemble_simple,adj_ebitda_musd,2023Q1,2023-02-14,0,274.3458990997849,274.3458990997849,W1,full_sample,5,12,182.90203040339588,203.09941785238718,236.84836670943903,311.8434314901308,345.59238034718265,365.7897677961739,55.59392471041247,,,,,,,,2023-02-14,invmae4,"w yoy_ma 0.18, increm 0.37, pct_re 0.16, per_ni 0.29; sigma relative n=19 (full_sample)",1.0
margin-ts,ensemble_simple,adj_ebitda_musd,2023Q2,2023-02-14,1,1083.6872425090357,1083.6872425090357,W1,PIT,1,12,946.281316717493,976.6304342752098,1027.342479033414,1140.0320059846574,1190.7440507428616,1221.0931683005786,83.53687133012997,,,,,,,,2023-02-14,eq4,"mean of yoy_ma 1142.60, increm 979.22, pct_re 1190.38, per_ni 1022.55; sigma relative n=4 (PIT)",1.0
margin-ts,ensemble_simple,adj_ebitda_musd,2023Q2,2023-02-14,1,1057.0090722963928,1057.0090722963928,W1,PIT,5,12,922.9858002195929,952.5877843865596,1002.0514020074673,1111.9667425853183,1161.4303602062257,1191.0323443731927,81.48036389426036,,,,,,,,2023-02-14,invmae4,"w yoy_ma 0.18, increm 0.38, pct_re 0.17, per_ni 0.26; sigma relative n=4 (PIT)",1.0
margin-ts,ensemble_simple,adj_ebitda_musd,2023Q2,2023-02-14,1,865.4887268265501,865.4887268265501,W1,full_sample,1,12,494.1728712243971,576.1861358474251,713.2267050969233,1017.7507485561769,1154.7913178056751,1236.804582428703,225.7440112104929,,,,,,,,2023-02-14,eq4,"mean of yoy_ma 873.56, increm 861.17, pct_re 871.67, per_ni 855.55; sigma relative n=18 (full_sample)",1.0
margin-ts,ensemble_simple,adj_ebitda_musd,2023Q2,2023-02-14,1,864.3734960848185,864.3734960848185,W1,full_sample,5,12,497.80083969503374,578.7664645625957,714.0564737152927,1014.6905184543443,1149.9805276070413,1230.9461524746032,222.8603508442151,,,,,,,,2023-02-14,invmae4,"w yoy_ma 0.21, increm 0.33, pct_re 0.20, per_ni 0.26; sigma relative n=18 (full_sample)",1.0
margin-ts,ensemble_simple,adj_ebitda_musd,2023Q3,2023-02-14,2,2042.807010036967,2042.807010036967,W1,PIT,1,12,1747.599447031337,1812.802523113929,1921.7540043681922,2163.860015705742,2272.811496960005,2338.014573042597,179.47345476129686,,,,,,,,2023-02-14,eq4,"mean of yoy_ma 2164.92, increm 1824.51, pct_re 2230.41, per_ni 1951.38; sigma relative n=3 (PIT)",1.0
margin-ts,ensemble_simple,adj_ebitda_musd,2023Q3,2023-02-14,2,1988.406961458215,1988.406961458215,W1,PIT,5,12,1701.0607900032387,1764.5275050448959,1870.5776031318612,2106.2363197845684,2212.286417871534,2275.7531329131907,174.69406805974333,,,,,,,,2023-02-14,invmae4,"w yoy_ma 0.18, increm 0.38, pct_re 0.17, per_ni 0.28; sigma relative n=3 (PIT)",1.0
margin-ts,ensemble_simple,adj_ebitda_musd,2023Q3,2023-02-14,2,1758.4778323961928,1758.4778323961928,W1,full_sample,1,12,981.3949602168111,1153.0307852658634,1439.8267234161544,2077.128941376231,2363.924879526522,2535.560704575574,472.4328411030752,,,,,,,,2023-02-14,eq4,"mean of yoy_ma 1796.14, increm 1662.76, pct_re 1793.55, per_ni 1781.45; sigma relative n=17 (full_sample)",1.0
margin-ts,ensemble_simple,adj_ebitda_musd,2023Q3,2023-02-14,2,1747.9145088642133,1747.9145088642133,W1,full_sample,5,12,975.9985683272481,1146.493163004138,1431.382155240682,2064.4468624877445,2349.3358547242888,2519.830449401178,469.291569711047,,,,,,,,2023-02-14,invmae4,"w yoy_ma 0.21, increm 0.33, pct_re 0.20, per_ni 0.27; sigma relative n=17 (full_sample)",1.0
margin-ts,ensemble_simple,adj_ebitda_musd,2023Q2,2023-05-09,0,906.7279116843172,906.7279116843172,W1,PIT,1,13,687.0339795920454,735.5582112318122,816.640074719063,996.8157486495713,1077.897612136822,1126.421843776589,133.5644269450569,,,,,,,,2023-05-09,eq4,"mean of yoy_ma 947.14, increm 856.26, pct_re 985.76, per_ni 837.75; sigma relative n=6 (PIT)",1.0
margin-ts,ensemble_simple,adj_ebitda_musd,2023Q2,2023-05-09,0,881.2058301528491,881.2058301528491,W1,PIT,5,13,623.254141654527,680.2284393301879,775.4299926636792,986.981667642019,1082.1832209755103,1139.1575186511711,156.82349132573142,,,,,,,,2023-05-09,invmae4,"w yoy_ma 0.15, increm 0.44, pct_re 0.13, per_ni 0.28; sigma relative n=6 (PIT)",1.0
margin-ts,ensemble_simple,adj_ebitda_musd,2023Q2,2023-05-09,0,796.6712789521232,796.6712789521232,W1,full_sample,1,13,525.6213736743135,585.4887002972135,685.5243781544298,907.8181797498165,1007.8538576070329,1067.7211842299328,164.7866417026823,,,,,,,,2023-05-09,eq4,"mean of yoy_ma 822.82, increm 816.31, pct_re 821.03, per_ni 726.52; sigma relative n=19 (full_sample)",1.0
margin-ts,ensemble_simple,adj_ebitda_musd,2023Q2,2023-05-09,0,792.5218727048829,792.5218727048829,W1,full_sample,5,13,528.3616782042811,586.7072608331604,684.2001711984205,900.8435742113452,998.3364845766054,1056.6820672054846,160.5979949657826,,,,,,,,2023-05-09,invmae4,"w yoy_ma 0.18, increm 0.37, pct_re 0.16, per_ni 0.29; sigma relative n=19 (full_sample)",1.0
margin-ts,ensemble_simple,adj_ebitda_musd,2023Q3,2023-05-09,1,1848.0311311991609,1848.0311311991609,W1,PIT,1,13,1643.1307205518717,1688.3874779627065,1764.0095352783694,1932.0527271199521,2007.6747844356153,2052.9315418464503,124.57060451454655,,,,,,,,2023-05-09,eq4,"mean of yoy_ma 1916.97, increm 1695.63, pct_re 1971.45, per_ni 1808.08; sigma relative n=5 (PIT)",1.0
margin-ts,ensemble_simple,adj_ebitda_musd,2023Q3,2023-05-09,1,1818.5453733548163,1818.5453733548163,W1,PIT,5,13,1618.7315783218262,1662.864844919874,1736.6095983477014,1900.481148361931,1974.2259017897584,2018.3591683878064,121.47816180052428,,,,,,,,2023-05-09,invmae4,"w yoy_ma 0.19, increm 0.36, pct_re 0.18, per_ni 0.27; sigma relative n=5 (PIT)",1.0
margin-ts,ensemble_simple,adj_ebitda_musd,2023Q3,2023-05-09,1,1703.4136272448998,1703.4136272448998,W1,full_sample,1,13,972.6074724796222,1134.0220677753334,1403.7387791655858,2003.0884753242137,2272.8051867144663,2434.2197820101774,444.29859459272035,,,,,,,,2023-05-09,eq4,"mean of yoy_ma 1742.99, increm 1631.44, pct_re 1740.47, per_ni 1698.75; sigma relative n=18 (full_sample)",1.0
margin-ts,ensemble_simple,adj_ebitda_musd,2023Q3,2023-05-09,1,1693.9230506090864,1693.9230506090864,W1,full_sample,5,13,975.5462433674992,1134.2155441863588,1399.3449888753705,1988.5011123428023,2253.630557031814,2412.2998578506736,436.7420878494871,,,,,,,,2023-05-09,invmae4,"w yoy_ma 0.21, increm 0.33, pct_re 0.20, per_ni 0.26; sigma relative n=18 (full_sample)",1.0
margin-ts,ensemble_simple,adj_ebitda_musd,2023Q4,2023-05-09,2,699.3704105894446,699.3704105894446,W1,PIT,1,13,579.369711304908,605.874502190854,650.1628456380315,748.5779755408578,792.8663189880353,819.3711098739813,72.95524496422372,,,,,,,,2023-05-09,eq4,"mean of yoy_ma 716.36, increm 663.49, pct_re 752.29, per_ni 665.34; sigma relative n=4 (PIT)",1.0
margin-ts,ensemble_simple,adj_ebitda_musd,2023Q4,2023-05-09,2,691.6113212445227,691.6113212445227,W1,PIT,5,13,572.941956733525,599.1526930849371,642.9496842979594,740.2729581910861,784.0699494041083,810.2806857555205,72.14585089308912,,,,,,,,2023-05-09,invmae4,"w yoy_ma 0.20, increm 0.34, pct_re 0.19, per_ni 0.27; sigma relative n=4 (PIT)",1.0
margin-ts,ensemble_simple,adj_ebitda_musd,2023Q4,2023-05-09,2,593.9474677593889,593.9474677593889,W1,full_sample,1,13,331.47819139597317,389.45029760431004,486.3191452462091,701.5757902725687,798.4446379144678,856.4167441228047,159.56998973207686,,,,,,,,2023-05-09,eq4,"mean of yoy_ma 601.62, increm 621.12, pct_re 599.97, per_ni 553.08; sigma relative n=17 (full_sample)",1.0
margin-ts,ensemble_simple,adj_ebitda_musd,2023Q4,2023-05-09,2,594.7790332825113,594.7790332825113,W1,full_sample,5,13,332.11205811890886,390.1278304507649,487.06964227048934,702.4884242945333,799.4302361142576,857.4460084461136,159.69018206831106,,,,,,,,2023-05-09,invmae4,"w yoy_ma 0.21, increm 0.33, pct_re 0.20, per_ni 0.27; sigma relative n=17 (full_sample)",1.0
margin-ts,ensemble_simple,adj_ebitda_musd,2023Q3,2023-08-03,0,1775.2198409770072,1775.2198409770072,W1,PIT,1,14,1282.254073671702,1391.1363939769856,1573.0739771768206,1977.3657047771937,2159.303287977029,2268.1856082823124,299.7019061318878,,,,,,,,2023-08-03,eq4,"mean of yoy_ma 1779.60, increm 1647.01, pct_re 1816.50, per_ni 1857.77; sigma relative n=7 (PIT)",1.0
margin-ts,ensemble_simple,adj_ebitda_musd,2023Q3,2023-08-03,0,1749.0743299279602,1749.0743299279602,W1,PIT,5,14,1198.4625878091047,1320.0772881501648,1523.2901201286447,1974.8585397272757,2178.0713717057556,2299.6860720468158,334.7481703519994,,,,,,,,2023-08-03,invmae4,"w yoy_ma 0.14, increm 0.44, pct_re 0.13, per_ni 0.29; sigma relative n=7 (PIT)",1.0
margin-ts,ensemble_simple,adj_ebitda_musd,2023Q3,2023-08-03,0,1708.791414273638,1708.791414273638,W1,full_sample,1,14,1127.4126659552385,1255.8229355752069,1470.390865861705,1947.191962685571,2161.7598929720693,2290.1701625920377,353.4531819684841,,,,,,,,2023-08-03,eq4,"mean of yoy_ma 1722.79, increm 1619.54, pct_re 1720.31, per_ni 1772.52; sigma relative n=19 (full_sample)",1.0
margin-ts,ensemble_simple,adj_ebitda_musd,2023Q3,2023-08-03,0,1698.2125403400964,1698.2125403400964,W1,full_sample,5,14,1132.1711850037127,1257.1938544167856,1466.1012532895359,1930.3238273906572,2139.2312262634073,2264.25389567648,344.12870912135185,,,,,,,,2023-08-03,invmae4,"w yoy_ma 0.18, increm 0.37, pct_re 0.16, per_ni 0.29; sigma relative n=19 (full_sample)",1.0
margin-ts,ensemble_simple,adj_ebitda_musd,2023Q4,2023-08-03,1,638.2505234608495,638.2505234608495,W1,PIT,1,14,508.26073525772057,536.9718358944174,584.9468261977272,691.5542207239719,739.5292110272817,768.2403116639784,79.02817981685615,,,,,,,,2023-08-03,eq4,"mean of yoy_ma 617.10, increm 618.84, pct_re 641.03, per_ni 676.04; sigma relative n=6 (PIT)",1.0
margin-ts,ensemble_simple,adj_ebitda_musd,2023Q4,2023-08-03,1,637.8091533155093,637.8091533155093,W1,PIT,5,14,502.96308065092705,532.7467984048649,582.51408488135,693.1042217496687,742.8715082261539,772.6552259800916,81.98059113290368,,,,,,,,2023-08-03,invmae4,"w yoy_ma 0.19, increm 0.36, pct_re 0.18, per_ni 0.27; sigma relative n=6 (PIT)",1.0
margin-ts,ensemble_simple,adj_ebitda_musd,2023Q4,2023-08-03,1,600.9428739693644,600.9428739693644,W1,full_sample,1,14,343.1236667404873,400.0687030171407,495.22136183587924,706.6643861028496,801.8170449215883,858.7620811982415,156.74294843287205,,,,,,,,2023-08-03,eq4,"mean of yoy_ma 589.56, increm 607.54, pct_re 587.93, per_ni 618.74; sigma relative n=18 (full_sample)",1.0
margin-ts,ensemble_simple,adj_ebitda_musd,2023Q4,2023-08-03,1,602.8144128696542,602.8144128696542,W1,full_sample,5,14,347.1664995120772,403.6319578333198,497.98326291603655,707.6455628232719,801.9968679059886,858.4623262272312,155.42289548972698,,,,,,,,2023-08-03,invmae4,"w yoy_ma 0.21, increm 0.33, pct_re 0.20, per_ni 0.26; sigma relative n=18 (full_sample)",1.0
margin-ts,ensemble_simple,adj_ebitda_musd,2024Q1,2023-08-03,2,361.28525002976846,361.28525002976846,W1,PIT,1,14,277.5596692562674,296.05230324454254,326.9526838149835,395.6178162445534,426.5181968149944,445.0108308032695,50.901538837030664,,,,,,,,2023-08-03,eq4,"mean of yoy_ma 328.16, increm 369.85, pct_re 351.03, per_ni 396.10; sigma relative n=5 (PIT)",1.0
margin-ts,ensemble_simple,adj_ebitda_musd,2024Q1,2023-08-03,2,365.05570288991555,365.05570288991555,W1,PIT,5,14,280.4563434180898,299.14197062905254,330.3648344126661,399.746571367165,430.96943515077857,449.65506236174133,51.43275856625613,,,,,,,,2023-08-03,invmae4,"w yoy_ma 0.20, increm 0.34, pct_re 0.19, per_ni 0.27; sigma relative n=5 (PIT)",1.0
margin-ts,ensemble_simple,adj_ebitda_musd,2024Q1,2023-08-03,2,322.15722749133266,322.15722749133266,W1,full_sample,1,14,179.79383853056248,211.23792074605677,263.77960343782746,380.53485154483786,433.07653423660855,464.52061645210284,86.55079493281278,,,,,,,,2023-08-03,eq4,"mean of yoy_ma 301.84, increm 359.05, pct_re 300.28, per_ni 327.46; sigma relative n=17 (full_sample)",1.0
margin-ts,ensemble_simple,adj_ebitda_musd,2024Q1,2023-08-03,2,327.13329345793386,327.13329345793386,W1,full_sample,5,14,182.66432622874026,214.57347166495984,267.89225460750276,386.374332308365,439.69311525090785,471.60226068712745,87.83089562622574,,,,,,,,2023-08-03,invmae4,"w yoy_ma 0.21, increm 0.33, pct_re 0.20, per_ni 0.27; sigma relative n=17 (full_sample)",1.0
margin-ts,ensemble_simple,adj_ebitda_musd,2023Q4,2023-11-01,0,629.6651407001829,629.6651407001829,W1,PIT,1,15,420.58450225821736,466.76455481828134,543.9293978457099,715.4008835546558,792.5657265820844,838.7457791421483,127.11200256126742,,,,,,,,2023-11-01,eq4,"mean of yoy_ma 623.19, increm 634.81, pct_re 639.72, per_ni 620.94; sigma relative n=8 (PIT)",1.0
margin-ts,ensemble_simple,adj_ebitda_musd,2023Q4,2023-11-01,0,629.5211590426562,629.5211590426562,W1,PIT,5,15,406.03079014565884,455.39354826252855,537.8765527271709,721.1657653581416,803.648769822784,853.0115279396535,135.8724966374111,,,,,,,,2023-11-01,invmae4,"w yoy_ma 0.15, increm 0.41, pct_re 0.14, per_ni 0.30; sigma relative n=8 (PIT)",1.0
margin-ts,ensemble_simple,adj_ebitda_musd,2023Q4,2023-11-01,0,572.767295593017,572.767295593017,W1,full_sample,1,15,377.89580302343956,420.93745353867416,492.85816435487936,652.6764268311547,724.5971376473599,767.6387881625944,118.4734552525182,,,,,,,,2023-11-01,eq4,"mean of yoy_ma 578.69, increm 595.30, pct_re 577.09, per_ni 539.99; sigma relative n=19 (full_sample)",1.0
margin-ts,ensemble_simple,adj_ebitda_musd,2023Q4,2023-11-01,0,573.521315817203,573.521315817203,W1,full_sample,5,15,382.3575037454457,424.5802315639583,495.1325584602456,651.9100731741605,722.4624000704476,764.6851278889603,116.21934556332238,,,,,,,,2023-11-01,invmae4,"w yoy_ma 0.18, increm 0.37, pct_re 0.16, per_ni 0.29; sigma relative n=19 (full_sample)",1.0
margin-ts,ensemble_simple,adj_ebitda_musd,2024Q1,2023-11-01,1,368.9798272141567,368.9798272141567,W1,PIT,1,15,243.61657418567333,271.30580288277673,317.5732899797985,420.38636444851494,466.6538515455368,494.34308024264016,76.21544614935026,,,,,,,,2023-11-01,eq4,"mean of yoy_ma 343.65, increm 398.69, pct_re 359.69, per_ni 373.88; sigma relative n=7 (PIT)",1.0
margin-ts,ensemble_simple,adj_ebitda_musd,2024Q1,2023-11-01,1,374.0070762838309,374.0070762838309,W1,PIT,5,15,243.81651698396857,272.57196232837606,320.6210506939423,427.3931018737195,475.4421902392857,504.19763558369317,79.15023997676562,,,,,,,,2023-11-01,invmae4,"w yoy_ma 0.20, increm 0.35, pct_re 0.18, per_ni 0.27; sigma relative n=7 (PIT)",1.0
margin-ts,ensemble_simple,adj_ebitda_musd,2024Q1,2023-11-01,1,309.7651123170648,309.7651123170648,W1,full_sample,1,15,176.86829442614976,206.2214764376501,255.26935656569788,364.2608680684317,413.30874819647954,442.6619302079798,80.79552837611604,,,,,,,,2023-11-01,eq4,"mean of yoy_ma 301.14, increm 357.59, pct_re 299.59, per_ni 280.75; sigma relative n=18 (full_sample)",1.0
margin-ts,ensemble_simple,adj_ebitda_musd,2024Q1,2023-11-01,1,314.24661900979095,314.24661900979095,W1,full_sample,5,15,180.97758841861696,210.4129817825867,259.59823347598996,368.89500454359194,418.0802562369952,447.51564960096493,81.0218176301628,,,,,,,,2023-11-01,invmae4,"w yoy_ma 0.21, increm 0.33, pct_re 0.20, per_ni 0.26; sigma relative n=18 (full_sample)",1.0
margin-ts,ensemble_simple,adj_ebitda_musd,2024Q2,2023-11-01,2,1021.2165629488143,1021.2165629488143,W1,PIT,1,15,660.7600428157838,740.374784617816,873.4075273985346,1169.025598499094,1302.0583412798126,1381.6730830818447,219.14200402201806,,,,,,,,2023-11-01,eq4,"mean of yoy_ma 1012.57, increm 1005.77, pct_re 1034.49, per_ni 1032.04; sigma relative n=6 (PIT)",1.0
margin-ts,ensemble_simple,adj_ebitda_musd,2024Q2,2023-11-01,2,1019.5239347646493,1019.5239347646493,W1,PIT,5,15,645.923519586469,728.441379384276,866.3251050464609,1172.7227644828376,1310.6064901450225,1393.1243499428297,227.13292481264818,,,,,,,,2023-11-01,invmae4,"w yoy_ma 0.20, increm 0.35, pct_re 0.18, per_ni 0.27; sigma relative n=6 (PIT)",1.0
margin-ts,ensemble_simple,adj_ebitda_musd,2024Q2,2023-11-01,2,948.7887295407869,948.7887295407869,W1,full_sample,1,15,529.5127753831418,622.1190814689413,776.8601585425621,1120.7173005390118,1275.4583776126324,1368.064683698432,254.9016807864661,,,,,,,,2023-11-01,eq4,"mean of yoy_ma 954.48, increm 949.60, pct_re 952.36, per_ni 938.71; sigma relative n=17 (full_sample)",1.0
margin-ts,ensemble_simple,adj_ebitda_musd,2024Q2,2023-11-01,2,948.2593109255754,948.2593109255754,W1,full_sample,5,15,529.4879842079517,621.9828322368164,776.5376677842645,1119.9809540668864,1274.5357896143344,1367.0306376431988,254.59488908673487,,,,,,,,2023-11-01,invmae4,"w yoy_ma 0.21, increm 0.33, pct_re 0.20, per_ni 0.27; sigma relative n=17 (full_sample)",1.0
margin-ts,ensemble_simple,adj_ebitda_musd,2024Q1,2024-02-13,0,377.7329884815271,377.7329884815271,W1,PIT,1,16,227.23360750660902,260.47470230845005,316.019114240587,439.44686272246724,494.9912746546042,528.2323694564452,91.49712686219358,,,,,,,,2024-02-13,eq4,"mean of yoy_ma 360.17, increm 408.13, pct_re 368.45, per_ni 374.19; sigma relative n=9 (PIT)",1.0
margin-ts,ensemble_simple,adj_ebitda_musd,2024Q1,2024-02-13,0,377.7329884815271,377.7329884815271,W2,PIT,1,16,227.23360750660902,260.47470230845005,316.019114240587,439.44686272246724,494.9912746546042,528.2323694564452,91.49712686219358,,,,,,,,2024-02-13,eq4,"mean of yoy_ma 360.17, increm 408.13, pct_re 368.45, per_ni 374.19; sigma relative n=9 (PIT)",1.0
margin-ts,ensemble_simple,adj_ebitda_musd,2024Q1,2024-02-13,0,382.84377734317445,382.84377734317445,W1,PIT,5,16,227.07312317177858,261.4784944704094,318.9683613800708,446.71919330627816,504.20906021593953,538.6144315145704,94.70183341486566,,,,,,,,2024-02-13,invmae4,"w yoy_ma 0.17, increm 0.35, pct_re 0.15, per_ni 0.34; sigma relative n=9 (PIT)",1.0
margin-ts,ensemble_simple,adj_ebitda_musd,2024Q1,2024-02-13,0,382.84377734317445,382.84377734317445,W2,PIT,5,16,227.07312317177858,261.4784944704094,318.9683613800708,446.71919330627816,504.20906021593953,538.6144315145704,94.70183341486566,,,,,,,,2024-02-13,invmae4,"w yoy_ma 0.17, increm 0.35, pct_re 0.15, per_ni 0.34; sigma relative n=9 (PIT)",1.0
margin-ts,ensemble_simple,adj_ebitda_musd,2024Q1,2024-02-13,0,300.3229792304895,300.3229792304895,W1,full_sample,1,16,198.14468157647588,220.7130034991677,258.4236799063012,342.2222785546778,379.93295496181133,402.50127688450317,62.1199941318719,,,,,,,,2024-02-13,eq4,"mean of yoy_ma 295.54, increm 345.83, pct_re 294.02, per_ni 265.91; sigma relative n=19 (full_sample)",1.0
margin-ts,ensemble_simple,adj_ebitda_musd,2024Q1,2024-02-13,0,300.3229792304895,300.3229792304895,W2,full_sample,1,16,198.14468157647588,220.7130034991677,258.4236799063012,342.2222785546778,379.93295496181133,402.50127688450317,62.1199941318719,,,,,,,,2024-02-13,eq4,"mean of yoy_ma 295.54, increm 345.83, pct_re 294.02, per_ni 265.91; sigma relative n=19 (full_sample)",1.0
margin-ts,ensemble_simple,adj_ebitda_musd,2024Q1,2024-02-13,0,305.5100275131487,305.5100275131487,W1,full_sample,5,16,203.6786572137832,226.17035260810988,263.75298944609517,347.2670655802023,384.8497024181875,407.34139781251423,61.90907727643649,,,,,,,,2024-02-13,invmae4,"w yoy_ma 0.18, increm 0.37, pct_re 0.16, per_ni 0.29; sigma relative n=19 (full_sample)",1.0
margin-ts,ensemble_simple,adj_ebitda_musd,2024Q1,2024-02-13,0,305.5100275131487,305.5100275131487,W2,full_sample,5,16,203.6786572137832,226.17035260810988,263.75298944609517,347.2670655802023,384.8497024181875,407.34139781251423,61.90907727643649,,,,,,,,2024-02-13,invmae4,"w yoy_ma 0.18, increm 0.37, pct_re 0.16, per_ni 0.29; sigma relative n=19 (full_sample)",1.0
margin-ts,ensemble_simple,adj_ebitda_musd,2024Q2,2024-02-13,1,1039.2210302992205,1039.2210302992205,W1,PIT,1,16,570.4508103604303,673.9890124468702,846.9968084200508,1231.44525217839,1404.4530481515708,1507.9912502380107,284.99205780857017,,,,,,,,2024-02-13,eq4,"mean of yoy_ma 1033.95, increm 1031.37, pct_re 1045.37, per_ni 1046.20; sigma relative n=8 (PIT)",1.0
margin-ts,ensemble_simple,adj_ebitda_musd,2024Q2,2024-02-13,1,1039.2210302992205,1039.2210302992205,W2,PIT,1,16,570.4508103604303,673.9890124468702,846.9968084200508,1231.44525217839,1404.4530481515708,1507.9912502380107,284.99205780857017,,,,,,,,2024-02-13,eq4,"mean of yoy_ma 1033.95, increm 1031.37, pct_re 1045.37, per_ni 1046.20; sigma relative n=8 (PIT)",1.0
margin-ts,ensemble_simple,adj_ebitda_musd,2024Q2,2024-02-13,1,1038.6270105728017,1038.6270105728017,W1,PIT,5,16,567.8883328877474,671.8613121150177,845.5956016273823,1231.658419518221,1405.3927090305858,1509.3656882578562,286.188795143741,,,,,,,,2024-02-13,invmae4,"w yoy_ma 0.20, increm 0.34, pct_re 0.19, per_ni 0.28; sigma relative n=8 (PIT)",1.0
margin-ts,ensemble_simple,adj_ebitda_musd,2024Q2,2024-02-13,1,1038.6270105728017,1038.6270105728017,W2,PIT,5,16,567.8883328877474,671.8613121150177,845.5956016273823,1231.658419518221,1405.3927090305858,1509.3656882578562,286.188795143741,,,,,,,,2024-02-13,invmae4,"w yoy_ma 0.20, increm 0.34, pct_re 0.19, per_ni 0.28; sigma relative n=8 (PIT)",1.0
margin-ts,ensemble_simple,adj_ebitda_musd,2024Q2,2024-02-13,1,941.256822901682,941.256822901682,W1,full_sample,1,16,537.4345988750192,626.6276091386142,775.6652185519499,1106.848427251414,1255.8860366647498,1345.0790469283447,245.50647997481462,,,,,,,,2024-02-13,eq4,"mean of yoy_ma 944.97, increm 940.99, pct_re 942.87, per_ni 936.20; sigma relative n=18 (full_sample)",1.0
margin-ts,ensemble_simple,adj_ebitda_musd,2024Q2,2024-02-13,1,941.256822901682,941.256822901682,W2,full_sample,1,16,537.4345988750192,626.6276091386142,775.6652185519499,1106.848427251414,1255.8860366647498,1345.0790469283447,245.50647997481462,,,,,,,,2024-02-13,eq4,"mean of yoy_ma 944.97, increm 940.99, pct_re 942.87, per_ni 936.20; sigma relative n=18 (full_sample)",1.0
margin-ts,ensemble_simple,adj_ebitda_musd,2024Q2,2024-02-13,1,940.9413355154677,940.9413355154677,W1,full_sample,5,16,541.8969797720446,630.0346928541824,777.3089469476315,1104.573724083304,1251.847978176753,1339.985691258891,242.60174231004456,,,,,,,,2024-02-13,invmae4,"w yoy_ma 0.21, increm 0.33, pct_re 0.20, per_ni 0.26; sigma relative n=18 (full_sample)",1.0
margin-ts,ensemble_simple,adj_ebitda_musd,2024Q2,2024-02-13,1,940.9413355154677,940.9413355154677,W2,full_sample,5,16,541.8969797720446,630.0346928541824,777.3089469476315,1104.573724083304,1251.847978176753,1339.985691258891,242.60174231004456,,,,,,,,2024-02-13,invmae4,"w yoy_ma 0.21, increm 0.33, pct_re 0.20, per_ni 0.26; sigma relative n=18 (full_sample)",1.0
margin-ts,ensemble_simple,adj_ebitda_musd,2024Q3,2024-02-13,2,2214.5449728869535,2214.5449728869535,W1,PIT,1,16,1211.5240736858862,1433.06327592438,1803.2455693057152,2625.844376468192,2996.026669849527,3217.565872088021,609.7934082195749,,,,,,,,2024-02-13,eq4,"mean of yoy_ma 2246.58, increm 2124.42, pct_re 2262.19, per_ni 2224.99; sigma relative n=7 (PIT)",1.0
margin-ts,ensemble_simple,adj_ebitda_musd,2024Q3,2024-02-13,2,2214.5449728869535,2214.5449728869535,W2,PIT,1,16,1211.5240736858862,1433.06327592438,1803.2455693057152,2625.844376468192,2996.026669849527,3217.565872088021,609.7934082195749,,,,,,,,2024-02-13,eq4,"mean of yoy_ma 2246.58, increm 2124.42, pct_re 2262.19, per_ni 2224.99; sigma relative n=7 (PIT)",1.0
margin-ts,ensemble_simple,adj_ebitda_musd,2024Q3,2024-02-13,2,2202.244868853393,2202.244868853393,W1,PIT,5,16,1178.002012227991,1404.2285500159942,1782.2431755806758,2622.2465621261103,3000.261187690792,3226.4877254787953,622.6954422222399,,,,,,,,2024-02-13,invmae4,"w yoy_ma 0.20, increm 0.34, pct_re 0.19, per_ni 0.27; sigma relative n=7 (PIT)",1.0
margin-ts,ensemble_simple,adj_ebitda_musd,2024Q3,2024-02-13,2,2202.244868853393,2202.244868853393,W2,PIT,5,16,1178.002012227991,1404.2285500159942,1782.2431755806758,2622.2465621261103,3000.261187690792,3226.4877254787953,622.6954422222399,,,,,,,,2024-02-13,invmae4,"w yoy_ma 0.20, increm 0.34, pct_re 0.19, per_ni 0.27; sigma relative n=7 (PIT)",1.0
margin-ts,ensemble_simple,adj_ebitda_musd,2024Q3,2024-02-13,2,2093.930111731063,2093.930111731063,W1,full_sample,1,16,1168.6086800985586,1372.9862478454818,1714.4922024566579,2473.3680210054677,2814.873975616644,3019.251543363567,562.55548607536,,,,,,,,2024-02-13,eq4,"mean of yoy_ma 2124.89, increm 2000.82, pct_re 2122.02, per_ni 2127.98; sigma relative n=17 (full_sample)",1.0
margin-ts,ensemble_simple,adj_ebitda_musd,2024Q3,2024-02-13,2,2093.930111731063,2093.930111731063,W2,full_sample,1,16,1168.6086800985586,1372.9862478454818,1714.4922024566579,2473.3680210054677,2814.873975616644,3019.251543363567,562.55548607536,,,,,,,,2024-02-13,eq4,"mean of yoy_ma 2124.89, increm 2000.82, pct_re 2122.02, per_ni 2127.98; sigma relative n=17 (full_sample)",1.0
margin-ts,ensemble_simple,adj_ebitda_musd,2024Q3,2024-02-13,2,2084.3969661568885,2084.3969661568885,W1,full_sample,5,16,1163.8832703074852,1367.1989439794093,1706.930520150837,2461.86341216294,2801.594988334368,3004.9106620062917,559.6325902599971,,,,,,,,2024-02-13,invmae4,"w yoy_ma 0.21, increm 0.33, pct_re 0.20, per_ni 0.27; sigma relative n=17 (full_sample)",1.0
margin-ts,ensemble_simple,adj_ebitda_musd,2024Q3,2024-02-13,2,2084.3969661568885,2084.3969661568885,W2,full_sample,5,16,1163.8832703074852,1367.1989439794093,1706.930520150837,2461.86341216294,2801.594988334368,3004.9106620062917,559.6325902599971,,,,,,,,2024-02-13,invmae4,"w yoy_ma 0.21, increm 0.33, pct_re 0.20, per_ni 0.27; sigma relative n=17 (full_sample)",1.0
margin-ts,ensemble_simple,adj_ebitda_musd,2024Q2,2024-05-08,0,1006.1040763803277,1006.1040763803277,W1,PIT,1,17,584.9784507367993,677.9932974080566,833.4170278871962,1178.791124873459,1334.214855352599,1427.229702023856,256.02620120310115,,,,,,,,2024-05-08,eq4,"mean of yoy_ma 1030.78, increm 988.41, pct_re 1036.81, per_ni 968.42; sigma relative n=10 (PIT)",1.0
margin-ts,ensemble_simple,adj_ebitda_musd,2024Q2,2024-05-08,0,1006.1040763803277,1006.1040763803277,W2,PIT,1,17,584.9784507367993,677.9932974080566,833.4170278871962,1178.791124873459,1334.214855352599,1427.229702023856,256.02620120310115,,,,,,,,2024-05-08,eq4,"mean of yoy_ma 1030.78, increm 988.41, pct_re 1036.81, per_ni 968.42; sigma relative n=10 (PIT)",1.0
margin-ts,ensemble_simple,adj_ebitda_musd,2024Q2,2024-05-08,0,995.3218217930897,995.3218217930897,W1,PIT,5,17,579.8712541772242,671.6326396004584,824.9618912931385,1165.681752293041,1319.011003985721,1410.7723894089554,252.57601090368792,,,,,,,,2024-05-08,invmae4,"w yoy_ma 0.16, increm 0.37, pct_re 0.14, per_ni 0.33; sigma relative n=10 (PIT)",1.0
margin-ts,ensemble_simple,adj_ebitda_musd,2024Q2,2024-05-08,0,995.3218217930897,995.3218217930897,W2,PIT,5,17,579.8712541772242,671.6326396004584,824.9618912931385,1165.681752293041,1319.011003985721,1410.7723894089554,252.57601090368792,,,,,,,,2024-05-08,invmae4,"w yoy_ma 0.16, increm 0.37, pct_re 0.14, per_ni 0.33; sigma relative n=10 (PIT)",1.0
margin-ts,ensemble_simple,adj_ebitda_musd,2024Q2,2024-05-08,0,894.6041588825185,894.6041588825185,W1,full_sample,1,17,590.234742119832,657.4614148931618,769.7942374914717,1019.4140802735652,1131.7469028718751,1198.9735756452048,185.0434663458758,,,,,,,,2024-05-08,eq4,"mean of yoy_ma 906.31, increm 905.96, pct_re 904.30, per_ni 861.84; sigma relative n=19 (full_sample)",1.0
margin-ts,ensemble_simple,adj_ebitda_musd,2024Q2,2024-05-08,0,894.6041588825185,894.6041588825185,W2,full_sample,1,17,590.234742119832,657.4614148931618,769.7942374914717,1019.4140802735652,1131.7469028718751,1198.9735756452048,185.0434663458758,,,,,,,,2024-05-08,eq4,"mean of yoy_ma 906.31, increm 905.96, pct_re 904.30, per_ni 861.84; sigma relative n=19 (full_sample)",1.0
margin-ts,ensemble_simple,adj_ebitda_musd,2024Q2,2024-05-08,0,893.1123546687402,893.1123546687402,W1,full_sample,5,17,595.4237463846912,661.1748158262815,771.041969956234,1015.1827393812465,1125.049893511199,1190.8009629527892,180.98182318859406,,,,,,,,2024-05-08,invmae4,"w yoy_ma 0.18, increm 0.37, pct_re 0.16, per_ni 0.29; sigma relative n=19 (full_sample)",1.0
margin-ts,ensemble_simple,adj_ebitda_musd,2024Q2,2024-05-08,0,893.1123546687402,893.1123546687402,W2,full_sample,5,17,595.4237463846912,661.1748158262815,771.041969956234,1015.1827393812465,1125.049893511199,1190.8009629527892,180.98182318859406,,,,,,,,2024-05-08,invmae4,"w yoy_ma 0.18, increm 0.37, pct_re 0.16, per_ni 0.29; sigma relative n=19 (full_sample)",1.0
margin-ts,ensemble_simple,adj_ebitda_musd,2024Q3,2024-05-08,1,2286.552868007918,2286.552868007918,W1,PIT,1,17,1149.9430509068484,1400.9883006494802,1820.4739056945543,2752.631830321281,3172.1174353663555,3423.1626851089873,691.0097035245817,,,,,,,,2024-05-08,eq4,"mean of yoy_ma 2325.93, increm 2182.01, pct_re 2334.62, per_ni 2303.65; sigma relative n=9 (PIT)",1.0
margin-ts,ensemble_simple,adj_ebitda_musd,2024Q3,2024-05-08,1,2286.552868007918,2286.552868007918,W2,PIT,1,17,1149.9430509068484,1400.9883006494802,1820.4739056945543,2752.631830321281,3172.1174353663555,3423.1626851089873,691.0097035245817,,,,,,,,2024-05-08,eq4,"mean of yoy_ma 2325.93, increm 2182.01, pct_re 2334.62, per_ni 2303.65; sigma relative n=9 (PIT)",1.0
margin-ts,ensemble_simple,adj_ebitda_musd,2024Q3,2024-05-08,1,2274.102978685407,2274.102978685407,W1,PIT,5,17,1154.7653090517574,1401.9956255522945,1815.1066444185533,2733.0993129522603,3146.210331818519,3393.4406483190564,680.508983469976,,,,,,,,2024-05-08,invmae4,"w yoy_ma 0.20, increm 0.33, pct_re 0.19, per_ni 0.29; sigma relative n=9 (PIT)",1.0
margin-ts,ensemble_simple,adj_ebitda_musd,2024Q3,2024-05-08,1,2274.102978685407,2274.102978685407,W2,PIT,5,17,1154.7653090517574,1401.9956255522945,1815.1066444185533,2733.0993129522603,3146.210331818519,3393.4406483190564,680.508983469976,,,,,,,,2024-05-08,invmae4,"w yoy_ma 0.20, increm 0.33, pct_re 0.19, per_ni 0.29; sigma relative n=9 (PIT)",1.0
margin-ts,ensemble_simple,adj_ebitda_musd,2024Q3,2024-05-08,1,2128.5324339572962,2128.5324339572962,W1,full_sample,1,17,1215.3399019300364,1417.0385357238215,1754.068109159254,2502.9967587553383,2840.0263321907714,3041.724965984556,555.1816386967797,,,,,,,,2024-05-08,eq4,"mean of yoy_ma 2146.90, increm 2012.95, pct_re 2144.00, per_ni 2210.29; sigma relative n=18 (full_sample)",1.0
margin-ts,ensemble_simple,adj_ebitda_musd,2024Q3,2024-05-08,1,2128.5324339572962,2128.5324339572962,W2,full_sample,1,17,1215.3399019300364,1417.0385357238215,1754.068109159254,2502.9967587553383,2840.0263321907714,3041.724965984556,555.1816386967797,,,,,,,,2024-05-08,eq4,"mean of yoy_ma 2146.90, increm 2012.95, pct_re 2144.00, per_ni 2210.29; sigma relative n=18 (full_sample)",1.0
margin-ts,ensemble_simple,adj_ebitda_musd,2024Q3,2024-05-08,1,2118.3933281556488,2118.3933281556488,W1,full_sample,5,17,1220.0026751592582,1418.43198876765,1749.9986715191847,2486.787984792113,2818.3546675436473,3016.7839811520394,546.1827352148312,,,,,,,,2024-05-08,invmae4,"w yoy_ma 0.21, increm 0.33, pct_re 0.20, per_ni 0.26; sigma relative n=18 (full_sample)",1.0
margin-ts,ensemble_simple,adj_ebitda_musd,2024Q3,2024-05-08,1,2118.3933281556488,2118.3933281556488,W2,full_sample,5,17,1220.0026751592582,1418.43198876765,1749.9986715191847,2486.787984792113,2818.3546675436473,3016.7839811520394,546.1827352148312,,,,,,,,2024-05-08,invmae4,"w yoy_ma 0.21, increm 0.33, pct_re 0.20, per_ni 0.26; sigma relative n=18 (full_sample)",1.0
margin-ts,ensemble_simple,adj_ebitda_musd,2024Q4,2024-05-08,2,982.526300186069,982.526300186069,W1,PIT,1,17,461.84645318880507,576.8500368801467,769.0159828065155,1196.0366175656225,1388.202563491991,1503.206147183333,316.5508702207613,,,,,,,,2024-05-08,eq4,"mean of yoy_ma 977.31, increm 965.22, pct_re 982.99, per_ni 1004.58; sigma relative n=8 (PIT)",1.0
margin-ts,ensemble_simple,adj_ebitda_musd,2024Q4,2024-05-08,2,982.526300186069,982.526300186069,W2,PIT,1,17,461.84645318880507,576.8500368801467,769.0159828065155,1196.0366175656225,1388.202563491991,1503.206147183333,316.5508702207613,,,,,,,,2024-05-08,eq4,"mean of yoy_ma 977.31, increm 965.22, pct_re 982.99, per_ni 1004.58; sigma relative n=8 (PIT)",1.0
margin-ts,ensemble_simple,adj_ebitda_musd,2024Q4,2024-05-08,2,981.9157467194996,981.9157467194996,W1,PIT,5,17,458.6525467614315,574.2267207111546,767.3460979413032,1196.485395497696,1389.6047727278446,1505.1789466775674,318.1214373025216,,,,,,,,2024-05-08,invmae4,"w yoy_ma 0.20, increm 0.34, pct_re 0.19, per_ni 0.28; sigma relative n=8 (PIT)",1.0
margin-ts,ensemble_simple,adj_ebitda_musd,2024Q4,2024-05-08,2,981.9157467194996,981.9157467194996,W2,PIT,5,17,458.6525467614315,574.2267207111546,767.3460979413032,1196.485395497696,1389.6047727278446,1505.1789466775674,318.1214373025216,,,,,,,,2024-05-08,invmae4,"w yoy_ma 0.20, increm 0.34, pct_re 0.19, per_ni 0.28; sigma relative n=8 (PIT)",1.0
margin-ts,ensemble_simple,adj_ebitda_musd,2024Q4,2024-05-08,2,871.3327092680936,871.3327092680936,W1,full_sample,1,17,486.285077806488,571.3313068190358,713.4398265807312,1029.225591955456,1171.3341117171515,1256.3803407296991,234.09233815852824,,,,,,,,2024-05-08,eq4,"mean of yoy_ma 860.41, increm 854.84, pct_re 858.52, per_ni 911.56; sigma relative n=17 (full_sample)",1.0
margin-ts,ensemble_simple,adj_ebitda_musd,2024Q4,2024-05-08,2,871.3327092680936,871.3327092680936,W2,full_sample,1,17,486.285077806488,571.3313068190358,713.4398265807312,1029.225591955456,1171.3341117171515,1256.3803407296991,234.09233815852824,,,,,,,,2024-05-08,eq4,"mean of yoy_ma 860.41, increm 854.84, pct_re 858.52, per_ni 911.56; sigma relative n=17 (full_sample)",1.0
margin-ts,ensemble_simple,adj_ebitda_musd,2024Q4,2024-05-08,2,871.8132363933818,871.8132363933818,W1,full_sample,5,17,486.8021097448231,571.8402758673885,713.9353228934472,1029.6911498933166,1171.786196919375,1256.8243630419404,234.07014480803866,,,,,,,,2024-05-08,invmae4,"w yoy_ma 0.21, increm 0.33, pct_re 0.20, per_ni 0.27; sigma relative n=17 (full_sample)",1.0
margin-ts,ensemble_simple,adj_ebitda_musd,2024Q4,2024-05-08,2,871.8132363933818,871.8132363933818,W2,full_sample,5,17,486.8021097448231,571.8402758673885,713.9353228934472,1029.6911498933166,1171.786196919375,1256.8243630419404,234.07014480803866,,,,,,,,2024-05-08,invmae4,"w yoy_ma 0.21, increm 0.33, pct_re 0.20, per_ni 0.27; sigma relative n=17 (full_sample)",1.0
margin-ts,ensemble_simple,adj_ebitda_musd,2024Q3,2024-08-06,0,2125.5486856330717,2125.5486856330717,W1,PIT,1,18,1276.7047480771105,1464.1905810252754,1777.4711874190193,2473.626183847124,2786.906790240868,2974.3926231890327,516.0604710640337,,,,,,,,2024-08-06,eq4,"mean of yoy_ma 2179.47, increm 2043.73, pct_re 2174.20, per_ni 2104.78; sigma relative n=11 (PIT)",1.0
margin-ts,ensemble_simple,adj_ebitda_musd,2024Q3,2024-08-06,0,2125.5486856330717,2125.5486856330717,W2,PIT,1,18,1276.7047480771105,1464.1905810252754,1777.4711874190193,2473.626183847124,2786.906790240868,2974.3926231890327,516.0604710640337,,,,,,,,2024-08-06,eq4,"mean of yoy_ma 2179.47, increm 2043.73, pct_re 2174.20, per_ni 2104.78; sigma relative n=11 (PIT)",1.0
margin-ts,ensemble_simple,adj_ebitda_musd,2024Q3,2024-08-06,0,2109.7260723572363,2109.7260723572363,W1,PIT,5,18,1270.5942609441174,1455.9349574555051,1765.631134918576,2453.8210097958968,2763.517187258967,2948.8578837703553,510.15591762310396,,,,,,,,2024-08-06,invmae4,"w yoy_ma 0.18, increm 0.33, pct_re 0.17, per_ni 0.32; sigma relative n=11 (PIT)",1.0
margin-ts,ensemble_simple,adj_ebitda_musd,2024Q3,2024-08-06,0,2109.7260723572363,2109.7260723572363,W2,PIT,5,18,1270.5942609441174,1455.9349574555051,1765.631134918576,2453.8210097958968,2763.517187258967,2948.8578837703553,510.15591762310396,,,,,,,,2024-08-06,invmae4,"w yoy_ma 0.18, increm 0.33, pct_re 0.17, per_ni 0.32; sigma relative n=11 (PIT)",1.0
margin-ts,ensemble_simple,adj_ebitda_musd,2024Q3,2024-08-06,0,2007.9551314877854,2007.9551314877854,W1,full_sample,1,18,1324.7924989554235,1475.6839756244747,1727.8170171839251,2288.093245791645,2540.2262873510963,2691.117764020147,415.33338975487885,,,,,,,,2024-08-06,eq4,"mean of yoy_ma 2034.63, increm 1951.09, pct_re 2031.88, per_ni 2014.22; sigma relative n=19 (full_sample)",1.0
margin-ts,ensemble_simple,adj_ebitda_musd,2024Q3,2024-08-06,0,2007.9551314877854,2007.9551314877854,W2,full_sample,1,18,1324.7924989554235,1475.6839756244747,1727.8170171839251,2288.093245791645,2540.2262873510963,2691.117764020147,415.33338975487885,,,,,,,,2024-08-06,eq4,"mean of yoy_ma 2034.63, increm 1951.09, pct_re 2031.88, per_ni 2014.22; sigma relative n=19 (full_sample)",1.0
margin-ts,ensemble_simple,adj_ebitda_musd,2024Q3,2024-08-06,0,1997.2486034276835,1997.2486034276835,W1,full_sample,5,18,1331.5337535058368,1478.5715040526875,1724.2651382315698,2270.232068623797,2515.9257028026796,2662.9634533495305,404.7258911151049,,,,,,,,2024-08-06,invmae4,"w yoy_ma 0.18, increm 0.37, pct_re 0.16, per_ni 0.29; sigma relative n=19 (full_sample)",1.0
margin-ts,ensemble_simple,adj_ebitda_musd,2024Q3,2024-08-06,0,1997.2486034276835,1997.2486034276835,W2,full_sample,5,18,1331.5337535058368,1478.5715040526875,1724.2651382315698,2270.232068623797,2515.9257028026796,2662.9634533495305,404.7258911151049,,,,,,,,2024-08-06,invmae4,"w yoy_ma 0.18, increm 0.37, pct_re 0.16, per_ni 0.29; sigma relative n=19 (full_sample)",1.0
margin-ts,ensemble_simple,adj_ebitda_musd,2024Q4,2024-08-06,1,879.2136993194507,879.2136993194507,W1,PIT,1,18,462.41711770653217,554.47579989332,708.3018214426893,1050.1255771962121,1203.9515987455816,1296.0102809323691,253.3943293090451,,,,,,,,2024-08-06,eq4,"mean of yoy_ma 901.32, increm 862.59, pct_re 897.91, per_ni 855.04; sigma relative n=10 (PIT)",1.0
margin-ts,ensemble_simple,adj_ebitda_musd,2024Q4,2024-08-06,1,879.2136993194507,879.2136993194507,W2,PIT,1,18,462.41711770653217,554.47579989332,708.3018214426893,1050.1255771962121,1203.9515987455816,1296.0102809323691,253.3943293090451,,,,,,,,2024-08-06,eq4,"mean of yoy_ma 901.32, increm 862.59, pct_re 897.91, per_ni 855.04; sigma relative n=10 (PIT)",1.0
margin-ts,ensemble_simple,adj_ebitda_musd,2024Q4,2024-08-06,1,875.8729522364176,875.8729522364176,W1,PIT,5,18,464.95777211152034,555.7174175636414,707.3728056866621,1044.3730987861732,1196.0284869091938,1286.7881323613149,249.81869109318654,,,,,,,,2024-08-06,invmae4,"w yoy_ma 0.21, increm 0.31, pct_re 0.20, per_ni 0.28; sigma relative n=10 (PIT)",1.0
margin-ts,ensemble_simple,adj_ebitda_musd,2024Q4,2024-08-06,1,875.8729522364176,875.8729522364176,W2,PIT,5,18,464.95777211152034,555.7174175636414,707.3728056866621,1044.3730987861732,1196.0284869091938,1286.7881323613149,249.81869109318654,,,,,,,,2024-08-06,invmae4,"w yoy_ma 0.21, increm 0.31, pct_re 0.20, per_ni 0.28; sigma relative n=10 (PIT)",1.0
margin-ts,ensemble_simple,adj_ebitda_musd,2024Q4,2024-08-06,1,796.5546566013097,796.5546566013097,W1,full_sample,1,18,454.8132050005548,530.2943127419392,656.4199342497263,936.6893789528931,1062.8150004606805,1138.2961082020647,207.7640502481242,,,,,,,,2024-08-06,eq4,"mean of yoy_ma 807.88, increm 807.68, pct_re 806.10, per_ni 764.56; sigma relative n=18 (full_sample)",1.0
margin-ts,ensemble_simple,adj_ebitda_musd,2024Q4,2024-08-06,1,796.5546566013097,796.5546566013097,W2,full_sample,1,18,454.8132050005548,530.2943127419392,656.4199342497263,936.6893789528931,1062.8150004606805,1138.2961082020647,207.7640502481242,,,,,,,,2024-08-06,eq4,"mean of yoy_ma 807.88, increm 807.68, pct_re 806.10, per_ni 764.56; sigma relative n=18 (full_sample)",1.0
margin-ts,ensemble_simple,adj_ebitda_musd,2024Q4,2024-08-06,1,796.1580820591436,796.1580820591436,W1,full_sample,5,18,458.5149400973057,533.0908461139252,657.7039152289061,934.612248889381,1059.225318004362,1133.8012240209814,205.27245490385468,,,,,,,,2024-08-06,invmae4,"w yoy_ma 0.21, increm 0.33, pct_re 0.20, per_ni 0.26; sigma relative n=18 (full_sample)",1.0
margin-ts,ensemble_simple,adj_ebitda_musd,2024Q4,2024-08-06,1,796.1580820591436,796.1580820591436,W2,full_sample,5,18,458.5149400973057,533.0908461139252,657.7039152289061,934.612248889381,1059.225318004362,1133.8012240209814,205.27245490385468,,,,,,,,2024-08-06,invmae4,"w yoy_ma 0.21, increm 0.33, pct_re 0.20, per_ni 0.26; sigma relative n=18 (full_sample)",1.0
margin-ts,ensemble_simple,adj_ebitda_musd,2025Q1,2024-08-06,2,538.5062667134694,538.5062667134694,W1,PIT,1,18,265.76741465674513,326.00778228240205,426.666795298951,650.3457381279877,751.0047511445367,811.2451187701936,165.81344843565876,,,,,,,,2024-08-06,eq4,"mean of yoy_ma 551.04, increm 544.32, pct_re 547.74, per_ni 510.92; sigma relative n=9 (PIT)",1.0
margin-ts,ensemble_simple,adj_ebitda_musd,2025Q1,2024-08-06,2,538.5062667134694,538.5062667134694,W2,PIT,1,18,265.76741465674513,326.00778228240205,426.666795298951,650.3457381279877,751.0047511445367,811.2451187701936,165.81344843565876,,,,,,,,2024-08-06,eq4,"mean of yoy_ma 551.04, increm 544.32, pct_re 547.74, per_ni 510.92; sigma relative n=9 (PIT)",1.0
margin-ts,ensemble_simple,adj_ebitda_musd,2025Q1,2024-08-06,2,537.1966296112912,537.1966296112912,W1,PIT,5,18,263.7594950123799,324.15409367894165,425.07082000246254,649.3224392201198,750.2391655436408,810.6337642102026,166.23797407778613,,,,,,,,2024-08-06,invmae4,"w yoy_ma 0.21, increm 0.31, pct_re 0.20, per_ni 0.28; sigma relative n=9 (PIT)",1.0
margin-ts,ensemble_simple,adj_ebitda_musd,2025Q1,2024-08-06,2,537.1966296112912,537.1966296112912,W2,PIT,5,18,263.7594950123799,324.15409367894165,425.07082000246254,649.3224392201198,750.2391655436408,810.6337642102026,166.23797407778613,,,,,,,,2024-08-06,invmae4,"w yoy_ma 0.21, increm 0.31, pct_re 0.20, per_ni 0.28; sigma relative n=9 (PIT)",1.0
margin-ts,ensemble_simple,adj_ebitda_musd,2025Q1,2024-08-06,2,452.825203263231,452.825203263231,W1,full_sample,1,18,252.7187799325995,296.91667991930717,370.7694329056835,534.8809736207785,608.7337266071548,652.9316265938626,121.65606717328609,,,,,,,,2024-08-06,eq4,"mean of yoy_ma 460.80, increm 491.29, pct_re 459.08, per_ni 400.12; sigma relative n=17 (full_sample)",1.0
margin-ts,ensemble_simple,adj_ebitda_musd,2025Q1,2024-08-06,2,452.825203263231,452.825203263231,W2,full_sample,1,18,252.7187799325995,296.91667991930717,370.7694329056835,534.8809736207785,608.7337266071548,652.9316265938626,121.65606717328609,,,,,,,,2024-08-06,eq4,"mean of yoy_ma 460.80, increm 491.29, pct_re 459.08, per_ni 400.12; sigma relative n=17 (full_sample)",1.0
margin-ts,ensemble_simple,adj_ebitda_musd,2025Q1,2024-08-06,2,454.32636221962815,454.32636221962815,W1,full_sample,5,18,253.68625114726993,298.00202779700703,372.0517475189113,536.600976920345,610.6506966422493,654.9664732919863,121.98052628197637,,,,,,,,2024-08-06,invmae4,"w yoy_ma 0.21, increm 0.33, pct_re 0.20, per_ni 0.27; sigma relative n=17 (full_sample)",1.0
margin-ts,ensemble_simple,adj_ebitda_musd,2025Q1,2024-08-06,2,454.32636221962815,454.32636221962815,W2,full_sample,5,18,253.68625114726993,298.00202779700703,372.0517475189113,536.600976920345,610.6506966422493,654.9664732919863,121.98052628197637,,,,,,,,2024-08-06,invmae4,"w yoy_ma 0.21, increm 0.33, pct_re 0.20, per_ni 0.27; sigma relative n=17 (full_sample)",1.0
margin-ts,ensemble_simple,adj_ebitda_musd,2024Q4,2024-11-07,0,862.8113598002731,862.8113598002731,W1,PIT,1,19,531.1816246155735,604.4293376292318,726.823054471923,998.7996651286231,1121.1933819713145,1194.4410949849726,201.61656317062892,,,,,,,,2024-11-07,eq4,"mean of yoy_ma 870.00, increm 874.11, pct_re 866.40, per_ni 840.73; sigma relative n=12 (PIT)",1.0
margin-ts,ensemble_simple,adj_ebitda_musd,2024Q4,2024-11-07,0,862.8113598002731,862.8113598002731,W2,PIT,1,19,531.1816246155735,604.4293376292318,726.823054471923,998.7996651286231,1121.1933819713145,1194.4410949849726,201.61656317062892,,,,,,,,2024-11-07,eq4,"mean of yoy_ma 870.00, increm 874.11, pct_re 866.40, per_ni 840.73; sigma relative n=12 (PIT)",1.0
margin-ts,ensemble_simple,adj_ebitda_musd,2024Q4,2024-11-07,0,861.3423504650161,861.3423504650161,W1,PIT,5,19,532.2212961784111,604.9149118993037,726.3827564606113,996.301944469421,1117.7697890307286,1190.4634047516213,200.0913934795458,,,,,,,,2024-11-07,invmae4,"w yoy_ma 0.19, increm 0.31, pct_re 0.18, per_ni 0.32; sigma relative n=12 (PIT)",1.0
margin-ts,ensemble_simple,adj_ebitda_musd,2024Q4,2024-11-07,0,861.3423504650161,861.3423504650161,W2,PIT,5,19,532.2212961784111,604.9149118993037,726.3827564606113,996.301944469421,1117.7697890307286,1190.4634047516213,200.0913934795458,,,,,,,,2024-11-07,invmae4,"w yoy_ma 0.19, increm 0.31, pct_re 0.18, per_ni 0.32; sigma relative n=12 (PIT)",1.0
margin-ts,ensemble_simple,adj_ebitda_musd,2024Q4,2024-11-07,0,808.1265951088046,808.1265951088046,W1,full_sample,1,19,533.1792701031495,593.9074275003467,695.3815158376163,920.8716743799928,1022.3457627172626,1083.0739201144597,167.15610465305363,,,,,,,,2024-11-07,eq4,"mean of yoy_ma 815.14, increm 814.19, pct_re 813.35, per_ni 789.83; sigma relative n=19 (full_sample)",1.0
margin-ts,ensemble_simple,adj_ebitda_musd,2024Q4,2024-11-07,0,808.1265951088046,808.1265951088046,W2,full_sample,1,19,533.1792701031495,593.9074275003467,695.3815158376163,920.8716743799928,1022.3457627172626,1083.0739201144597,167.15610465305363,,,,,,,,2024-11-07,eq4,"mean of yoy_ma 815.14, increm 814.19, pct_re 813.35, per_ni 789.83; sigma relative n=19 (full_sample)",1.0
margin-ts,ensemble_simple,adj_ebitda_musd,2024Q4,2024-11-07,0,807.2421571676482,807.2421571676482,W1,full_sample,5,19,538.1754568143856,597.604749058132,696.9084906737418,917.5758236615548,1016.8795652771644,1076.3088575209108,163.58093871972287,,,,,,,,2024-11-07,invmae4,"w yoy_ma 0.18, increm 0.37, pct_re 0.16, per_ni 0.29; sigma relative n=19 (full_sample)",1.0
margin-ts,ensemble_simple,adj_ebitda_musd,2024Q4,2024-11-07,0,807.2421571676482,807.2421571676482,W2,full_sample,5,19,538.1754568143856,597.604749058132,696.9084906737418,917.5758236615548,1016.8795652771644,1076.3088575209108,163.58093871972287,,,,,,,,2024-11-07,invmae4,"w yoy_ma 0.18, increm 0.37, pct_re 0.16, per_ni 0.29; sigma relative n=19 (full_sample)",1.0
margin-ts,ensemble_simple,adj_ebitda_musd,2025Q1,2024-11-07,1,501.182761828553,501.182761828553,W1,PIT,1,19,273.8373611334889,324.05158771908947,407.9573586616815,594.4081649954245,678.3139359380166,728.5281625236171,138.21618955628287,,,,,,,,2024-11-07,eq4,"mean of yoy_ma 509.84, increm 535.65, pct_re 506.42, per_ni 452.82; sigma relative n=11 (PIT)",1.0
margin-ts,ensemble_simple,adj_ebitda_musd,2025Q1,2024-11-07,1,501.182761828553,501.182761828553,W2,PIT,1,19,273.8373611334889,324.05158771908947,407.9573586616815,594.4081649954245,678.3139359380166,728.5281625236171,138.21618955628287,,,,,,,,2024-11-07,eq4,"mean of yoy_ma 509.84, increm 535.65, pct_re 506.42, per_ni 452.82; sigma relative n=11 (PIT)",1.0
margin-ts,ensemble_simple,adj_ebitda_musd,2025Q1,2024-11-07,1,501.1639641856606,501.1639641856606,W1,PIT,5,19,276.14061844769395,325.841968179822,408.89074438774753,593.4371839835736,676.4859601914992,726.1873099236273,136.80448038104092,,,,,,,,2024-11-07,invmae4,"w yoy_ma 0.22, increm 0.29, pct_re 0.21, per_ni 0.27; sigma relative n=11 (PIT)",1.0
margin-ts,ensemble_simple,adj_ebitda_musd,2025Q1,2024-11-07,1,501.1639641856606,501.1639641856606,W2,PIT,5,19,276.14061844769395,325.841968179822,408.89074438774753,593.4371839835736,676.4859601914992,726.1873099236273,136.80448038104092,,,,,,,,2024-11-07,invmae4,"w yoy_ma 0.22, increm 0.29, pct_re 0.21, per_ni 0.27; sigma relative n=11 (PIT)",1.0
margin-ts,ensemble_simple,adj_ebitda_musd,2025Q1,2024-11-07,1,446.85522023018586,446.85522023018586,W1,full_sample,1,19,255.14338934540027,297.4871591588969,368.2417419216218,525.4686985387499,596.2232813014749,638.5670511149715,116.55251734471913,,,,,,,,2024-11-07,eq4,"mean of yoy_ma 457.61, increm 486.44, pct_re 455.90, per_ni 387.47; sigma relative n=18 (full_sample)",1.0
margin-ts,ensemble_simple,adj_ebitda_musd,2025Q1,2024-11-07,1,446.85522023018586,446.85522023018586,W2,full_sample,1,19,255.14338934540027,297.4871591588969,368.2417419216218,525.4686985387499,596.2232813014749,638.5670511149715,116.55251734471913,,,,,,,,2024-11-07,eq4,"mean of yoy_ma 457.61, increm 486.44, pct_re 455.90, per_ni 387.47; sigma relative n=18 (full_sample)",1.0
margin-ts,ensemble_simple,adj_ebitda_musd,2025Q1,2024-11-07,1,448.54236965882865,448.54236965882865,W1,full_sample,5,19,258.3197764234257,300.3346153830881,370.53956911128597,526.5451702063713,596.7501239345692,638.7649628942316,115.64712514143673,,,,,,,,2024-11-07,invmae4,"w yoy_ma 0.21, increm 0.33, pct_re 0.20, per_ni 0.26; sigma relative n=18 (full_sample)",1.0
margin-ts,ensemble_simple,adj_ebitda_musd,2025Q1,2024-11-07,1,448.54236965882865,448.54236965882865,W2,full_sample,5,19,258.3197764234257,300.3346153830881,370.53956911128597,526.5451702063713,596.7501239345692,638.7649628942316,115.64712514143673,,,,,,,,2024-11-07,invmae4,"w yoy_ma 0.21, increm 0.33, pct_re 0.20, per_ni 0.26; sigma relative n=18 (full_sample)",1.0
margin-ts,ensemble_simple,adj_ebitda_musd,2025Q2,2024-11-07,2,1019.6150388779897,1019.6150388779897,W1,PIT,1,19,523.7666034427099,633.2856243375242,816.2871063058309,1222.9429714501487,1405.9444534184552,1515.4634743132697,301.4544439156401,,,,,,,,2024-11-07,eq4,"mean of yoy_ma 1038.65, increm 1037.23, pct_re 1034.26, per_ni 968.31; sigma relative n=10 (PIT)",1.0
margin-ts,ensemble_simple,adj_ebitda_musd,2025Q2,2024-11-07,2,1019.6150388779897,1019.6150388779897,W2,PIT,1,19,523.7666034427099,633.2856243375242,816.2871063058309,1222.9429714501487,1405.9444534184552,1515.4634743132697,301.4544439156401,,,,,,,,2024-11-07,eq4,"mean of yoy_ma 1038.65, increm 1037.23, pct_re 1034.26, per_ni 968.31; sigma relative n=10 (PIT)",1.0
margin-ts,ensemble_simple,adj_ebitda_musd,2025Q2,2024-11-07,2,1018.0904278391033,1018.0904278391033,W1,PIT,5,19,520.3856766975474,630.3147056998685,814.0012932386937,1222.179562439513,1405.8661499783382,1515.795178980659,302.5830037314558,,,,,,,,2024-11-07,invmae4,"w yoy_ma 0.22, increm 0.30, pct_re 0.21, per_ni 0.27; sigma relative n=10 (PIT)",1.0
margin-ts,ensemble_simple,adj_ebitda_musd,2025Q2,2024-11-07,2,1018.0904278391033,1018.0904278391033,W2,PIT,5,19,520.3856766975474,630.3147056998685,814.0012932386937,1222.179562439513,1405.8661499783382,1515.795178980659,302.5830037314558,,,,,,,,2024-11-07,invmae4,"w yoy_ma 0.22, increm 0.30, pct_re 0.21, per_ni 0.27; sigma relative n=10 (PIT)",1.0
margin-ts,ensemble_simple,adj_ebitda_musd,2025Q2,2024-11-07,2,953.337234339936,953.337234339936,W1,full_sample,1,19,532.0512661188051,625.1015279710971,780.5844356649397,1126.0900330149323,1281.572940708775,1374.623202561067,256.12368256860105,,,,,,,,2024-11-07,eq4,"mean of yoy_ma 971.64, increm 974.10, pct_re 969.45, per_ni 898.16; sigma relative n=17 (full_sample)",1.0
margin-ts,ensemble_simple,adj_ebitda_musd,2025Q2,2024-11-07,2,953.337234339936,953.337234339936,W2,full_sample,1,19,532.0512661188051,625.1015279710971,780.5844356649397,1126.0900330149323,1281.572940708775,1374.623202561067,256.12368256860105,,,,,,,,2024-11-07,eq4,"mean of yoy_ma 971.64, increm 974.10, pct_re 969.45, per_ni 898.16; sigma relative n=17 (full_sample)",1.0
margin-ts,ensemble_simple,adj_ebitda_musd,2025Q2,2024-11-07,2,952.4590709430356,952.4590709430356,W1,full_sample,5,19,531.833041556908,624.7375414184486,779.9768872167939,1124.9412546692774,1280.1806004676228,1373.0851003291632,255.72246824521687,,,,,,,,2024-11-07,invmae4,"w yoy_ma 0.21, increm 0.33, pct_re 0.20, per_ni 0.27; sigma relative n=17 (full_sample)",1.0
margin-ts,ensemble_simple,adj_ebitda_musd,2025Q2,2024-11-07,2,952.4590709430356,952.4590709430356,W2,full_sample,5,19,531.833041556908,624.7375414184486,779.9768872167939,1124.9412546692774,1280.1806004676228,1373.0851003291632,255.72246824521687,,,,,,,,2024-11-07,invmae4,"w yoy_ma 0.21, increm 0.33, pct_re 0.20, per_ni 0.27; sigma relative n=17 (full_sample)",1.0
margin-ts,ensemble_simple,adj_ebitda_musd,2025Q1,2025-02-13,0,420.00097538564603,420.00097538564603,W1,PIT,1,20,271.5670160715992,304.3519171217447,359.13404929696947,480.86790147432254,535.6500336495474,568.4349346996929,90.24143965268834,,,,,,,,2025-02-13,eq4,"mean of yoy_ma 449.51, increm 478.98, pct_re 448.06, per_ni 303.45; sigma relative n=12 (PIT)",1.0
margin-ts,ensemble_simple,adj_ebitda_musd,2025Q1,2025-02-13,0,420.00097538564603,420.00097538564603,W2,PIT,1,20,271.5670160715992,304.3519171217447,359.13404929696947,480.86790147432254,535.6500336495474,568.4349346996929,90.24143965268834,,,,,,,,2025-02-13,eq4,"mean of yoy_ma 449.51, increm 478.98, pct_re 448.06, per_ni 303.45; sigma relative n=12 (PIT)",1.0
margin-ts,ensemble_simple,adj_ebitda_musd,2025Q1,2025-02-13,0,413.9336264460161,413.9336264460161,W1,PIT,5,20,270.53668727768024,302.20905176390283,355.1321841208462,472.73506877118604,525.6582011281293,557.3305656143518,87.17914884262613,,,,,,,,2025-02-13,invmae4,"w yoy_ma 0.21, increm 0.28, pct_re 0.21, per_ni 0.30; sigma relative n=12 (PIT)",1.0
margin-ts,ensemble_simple,adj_ebitda_musd,2025Q1,2025-02-13,0,413.9336264460161,413.9336264460161,W2,PIT,5,20,270.53668727768024,302.20905176390283,355.1321841208462,472.73506877118604,525.6582011281293,557.3305656143518,87.17914884262613,,,,,,,,2025-02-13,invmae4,"w yoy_ma 0.21, increm 0.28, pct_re 0.21, per_ni 0.30; sigma relative n=12 (PIT)",1.0
margin-ts,ensemble_simple,adj_ebitda_musd,2025Q1,2025-02-13,0,409.7121614757689,409.7121614757689,W1,full_sample,1,20,270.3165970903637,301.1051700444519,352.55152550172807,466.87279744980964,518.3191529070858,549.1077258611741,84.746485706304,,,,,,,,2025-02-13,eq4,"mean of yoy_ma 448.54, increm 472.66, pct_re 446.87, per_ni 270.77; sigma relative n=19 (full_sample)",1.0
margin-ts,ensemble_simple,adj_ebitda_musd,2025Q1,2025-02-13,0,409.7121614757689,409.7121614757689,W2,full_sample,1,20,270.3165970903637,301.1051700444519,352.55152550172807,466.87279744980964,518.3191529070858,549.1077258611741,84.746485706304,,,,,,,,2025-02-13,eq4,"mean of yoy_ma 448.54, increm 472.66, pct_re 446.87, per_ni 270.77; sigma relative n=19 (full_sample)",1.0
margin-ts,ensemble_simple,adj_ebitda_musd,2025Q1,2025-02-13,0,406.3222657784138,406.3222657784138,W1,full_sample,5,20,270.8885667795222,300.8020747197073,350.7862349066597,461.858296650168,511.84245683712027,541.7559647773054,82.33784257745828,,,,,,,,2025-02-13,invmae4,"w yoy_ma 0.18, increm 0.37, pct_re 0.16, per_ni 0.29; sigma relative n=19 (full_sample)",1.0
margin-ts,ensemble_simple,adj_ebitda_musd,2025Q1,2025-02-13,0,406.3222657784138,406.3222657784138,W2,full_sample,5,20,270.8885667795222,300.8020747197073,350.7862349066597,461.858296650168,511.84245683712027,541.7559647773054,82.33784257745828,,,,,,,,2025-02-13,invmae4,"w yoy_ma 0.18, increm 0.37, pct_re 0.16, per_ni 0.29; sigma relative n=19 (full_sample)",1.0
margin-ts,ensemble_simple,adj_ebitda_musd,2025Q2,2025-02-13,1,976.4178485092662,976.4178485092662,W1,PIT,1,20,550.3121946539402,644.4269899683868,801.6886864021895,1151.1470106163429,1308.4087070501455,1402.523502364592,259.0538433775768,,,,,,,,2025-02-13,eq4,"mean of yoy_ma 991.62, increm 1006.19, pct_re 989.69, per_ni 918.18; sigma relative n=12 (PIT)",1.0
margin-ts,ensemble_simple,adj_ebitda_musd,2025Q2,2025-02-13,1,976.4178485092662,976.4178485092662,W2,PIT,1,20,550.3121946539402,644.4269899683868,801.6886864021895,1151.1470106163429,1308.4087070501455,1402.523502364592,259.0538433775768,,,,,,,,2025-02-13,eq4,"mean of yoy_ma 991.62, increm 1006.19, pct_re 989.69, per_ni 918.18; sigma relative n=12 (PIT)",1.0
margin-ts,ensemble_simple,adj_ebitda_musd,2025Q2,2025-02-13,1,974.3427462069653,974.3427462069653,W1,PIT,5,20,553.4787947667414,646.4358449411433,801.7630000081704,1146.9224924057603,1302.2496474727875,1395.2066976471892,255.8671145834672,,,,,,,,2025-02-13,invmae4,"w yoy_ma 0.21, increm 0.29, pct_re 0.21, per_ni 0.29; sigma relative n=12 (PIT)",1.0
margin-ts,ensemble_simple,adj_ebitda_musd,2025Q2,2025-02-13,1,974.3427462069653,974.3427462069653,W2,PIT,5,20,553.4787947667414,646.4358449411433,801.7630000081704,1146.9224924057603,1302.2496474727875,1395.2066976471892,255.8671145834672,,,,,,,,2025-02-13,invmae4,"w yoy_ma 0.21, increm 0.29, pct_re 0.21, per_ni 0.29; sigma relative n=12 (PIT)",1.0
margin-ts,ensemble_simple,adj_ebitda_musd,2025Q2,2025-02-13,1,960.4142614017717,960.4142614017717,W1,full_sample,1,20,548.3730271820021,639.3813864206995,791.452364376039,1129.3761584275044,1281.447136382844,1372.4554956215413,250.50328337326638,,,,,,,,2025-02-13,eq4,"mean of yoy_ma 988.89, increm 989.95, pct_re 986.67, per_ni 876.15; sigma relative n=18 (full_sample)",1.0
margin-ts,ensemble_simple,adj_ebitda_musd,2025Q2,2025-02-13,1,960.4142614017717,960.4142614017717,W2,full_sample,1,20,548.3730271820021,639.3813864206995,791.452364376039,1129.3761584275044,1281.447136382844,1372.4554956215413,250.50328337326638,,,,,,,,2025-02-13,eq4,"mean of yoy_ma 988.89, increm 989.95, pct_re 986.67, per_ni 876.15; sigma relative n=18 (full_sample)",1.0
margin-ts,ensemble_simple,adj_ebitda_musd,2025Q2,2025-02-13,1,959.3907371450696,959.3907371450696,W1,full_sample,5,20,552.5221639831365,642.3880273823992,792.5499448836649,1126.2315294064742,1276.3934469077399,1366.2593103070026,247.35852874399075,,,,,,,,2025-02-13,invmae4,"w yoy_ma 0.21, increm 0.33, pct_re 0.20, per_ni 0.26; sigma relative n=18 (full_sample)",1.0
margin-ts,ensemble_simple,adj_ebitda_musd,2025Q2,2025-02-13,1,959.3907371450696,959.3907371450696,W2,full_sample,5,20,552.5221639831365,642.3880273823992,792.5499448836649,1126.2315294064742,1276.3934469077399,1366.2593103070026,247.35852874399075,,,,,,,,2025-02-13,invmae4,"w yoy_ma 0.21, increm 0.33, pct_re 0.20, per_ni 0.26; sigma relative n=18 (full_sample)",1.0
margin-ts,ensemble_simple,adj_ebitda_musd,2025Q3,2025-02-13,2,2145.0429874397564,2145.0429874397564,W1,PIT,1,20,1153.764644117291,1372.7102449027557,1738.5587439745589,2551.5272309049537,2917.375729976757,3136.321330762222,602.654441149073,,,,,,,,2025-02-13,eq4,"mean of yoy_ma 2178.44, increm 2110.36, pct_re 2175.82, per_ni 2115.54; sigma relative n=11 (PIT)",1.0
margin-ts,ensemble_simple,adj_ebitda_musd,2025Q3,2025-02-13,2,2145.0429874397564,2145.0429874397564,W2,PIT,1,20,1153.764644117291,1372.7102449027557,1738.5587439745589,2551.5272309049537,2917.375729976757,3136.321330762222,602.654441149073,,,,,,,,2025-02-13,eq4,"mean of yoy_ma 2178.44, increm 2110.36, pct_re 2175.82, per_ni 2115.54; sigma relative n=11 (PIT)",1.0
margin-ts,ensemble_simple,adj_ebitda_musd,2025Q3,2025-02-13,2,2141.26926910718,2141.26926910718,W1,PIT,5,20,1146.7140387446104,1366.3834120270074,1733.4413032068153,2549.097235007545,2916.155126187353,3135.82449946975,604.6466470125077,,,,,,,,2025-02-13,invmae4,"w yoy_ma 0.22, increm 0.29, pct_re 0.22, per_ni 0.26; sigma relative n=11 (PIT)",1.0
margin-ts,ensemble_simple,adj_ebitda_musd,2025Q3,2025-02-13,2,2141.26926910718,2141.26926910718,W2,PIT,5,20,1146.7140387446104,1366.3834120270074,1733.4413032068153,2549.097235007545,2916.155126187353,3135.82449946975,604.6466470125077,,,,,,,,2025-02-13,invmae4,"w yoy_ma 0.22, increm 0.29, pct_re 0.22, per_ni 0.26; sigma relative n=11 (PIT)",1.0
margin-ts,ensemble_simple,adj_ebitda_musd,2025Q3,2025-02-13,2,2128.3240780938954,2128.3240780938954,W1,full_sample,1,20,1187.803727444908,1395.5383103811268,1742.653690182666,2513.9944660051247,2861.109845806664,3068.844428742883,571.7957727291048,,,,,,,,2025-02-13,eq4,"mean of yoy_ma 2174.74, increm 2088.31, pct_re 2171.72, per_ni 2078.54; sigma relative n=17 (full_sample)",1.0
margin-ts,ensemble_simple,adj_ebitda_musd,2025Q3,2025-02-13,2,2128.3240780938954,2128.3240780938954,W2,full_sample,1,20,1187.803727444908,1395.5383103811268,1742.653690182666,2513.9944660051247,2861.109845806664,3068.844428742883,571.7957727291048,,,,,,,,2025-02-13,eq4,"mean of yoy_ma 2174.74, increm 2088.31, pct_re 2171.72, per_ni 2078.54; sigma relative n=17 (full_sample)",1.0
margin-ts,ensemble_simple,adj_ebitda_musd,2025Q3,2025-02-13,2,2120.1527781555487,2120.1527781555487,W1,full_sample,5,20,1183.8485610257064,1390.6519182445882,1736.211260702776,2504.0942956083218,2849.6536380665093,3056.456995285391,569.2325455518882,,,,,,,,2025-02-13,invmae4,"w yoy_ma 0.21, increm 0.33, pct_re 0.20, per_ni 0.27; sigma relative n=17 (full_sample)",1.0
margin-ts,ensemble_simple,adj_ebitda_musd,2025Q3,2025-02-13,2,2120.1527781555487,2120.1527781555487,W2,full_sample,5,20,1183.8485610257064,1390.6519182445882,1736.211260702776,2504.0942956083218,2849.6536380665093,3056.456995285391,569.2325455518882,,,,,,,,2025-02-13,invmae4,"w yoy_ma 0.21, increm 0.33, pct_re 0.20, per_ni 0.27; sigma relative n=17 (full_sample)",1.0
margin-ts,ensemble_simple,adj_ebitda_musd,2025Q2,2025-05-01,0,985.0340288810165,985.0340288810165,W1,PIT,1,21,707.829389254392,769.0561241794644,871.3633137052929,1098.70474405674,1201.0119335825686,1262.238668507641,168.5284544986463,,,,,,,,2025-05-01,eq4,"mean of yoy_ma 955.34, increm 1009.38, pct_re 950.46, per_ni 1024.96; sigma relative n=12 (PIT)",1.0
margin-ts,ensemble_simple,adj_ebitda_musd,2025Q2,2025-05-01,0,985.0340288810165,985.0340288810165,W2,PIT,1,21,707.829389254392,769.0561241794644,871.3633137052929,1098.70474405674,1201.0119335825686,1262.238668507641,168.5284544986463,,,,,,,,2025-05-01,eq4,"mean of yoy_ma 955.34, increm 1009.38, pct_re 950.46, per_ni 1024.96; sigma relative n=12 (PIT)",1.0
margin-ts,ensemble_simple,adj_ebitda_musd,2025Q2,2025-05-01,0,986.0250235644702,986.0250235644702,W1,PIT,5,21,725.3616290236005,782.9348665556989,879.1372221283118,1092.9128250006286,1189.1151805732416,1246.68841810534,158.4720915404347,,,,,,,,2025-05-01,invmae4,"w yoy_ma 0.23, increm 0.30, pct_re 0.24, per_ni 0.23; sigma relative n=12 (PIT)",1.0
margin-ts,ensemble_simple,adj_ebitda_musd,2025Q2,2025-05-01,0,986.0250235644702,986.0250235644702,W2,PIT,5,21,725.3616290236005,782.9348665556989,879.1372221283118,1092.9128250006286,1189.1151805732416,1246.68841810534,158.4720915404347,,,,,,,,2025-05-01,invmae4,"w yoy_ma 0.23, increm 0.30, pct_re 0.24, per_ni 0.23; sigma relative n=12 (PIT)",1.0
margin-ts,ensemble_simple,adj_ebitda_musd,2025Q2,2025-05-01,0,993.4021171813359,993.4021171813359,W1,full_sample,1,21,655.4188650187358,730.0698918455099,854.8084845405288,1131.995749822143,1256.734342517162,1331.3853693439362,205.47922722401105,,,,,,,,2025-05-01,eq4,"mean of yoy_ma 996.42, increm 996.86, pct_re 994.18, per_ni 986.15; sigma relative n=19 (full_sample)",1.0
margin-ts,ensemble_simple,adj_ebitda_musd,2025Q2,2025-05-01,0,993.4021171813359,993.4021171813359,W2,full_sample,1,21,655.4188650187358,730.0698918455099,854.8084845405288,1131.995749822143,1256.734342517162,1331.3853693439362,205.47922722401105,,,,,,,,2025-05-01,eq4,"mean of yoy_ma 996.42, increm 996.86, pct_re 994.18, per_ni 986.15; sigma relative n=19 (full_sample)",1.0
margin-ts,ensemble_simple,adj_ebitda_musd,2025Q2,2025-05-01,0,993.2730243629317,993.2730243629317,W1,full_sample,5,21,662.1992655877988,735.3241789964469,857.5127030834107,1129.0333456424528,1251.2218697294163,1324.3467831380647,201.27855351405108,,,,,,,,2025-05-01,invmae4,"w yoy_ma 0.18, increm 0.37, pct_re 0.16, per_ni 0.29; sigma relative n=19 (full_sample)",1.0
margin-ts,ensemble_simple,adj_ebitda_musd,2025Q2,2025-05-01,0,993.2730243629317,993.2730243629317,W2,full_sample,5,21,662.1992655877988,735.3241789964469,857.5127030834107,1129.0333456424528,1251.2218697294163,1324.3467831380647,201.27855351405108,,,,,,,,2025-05-01,invmae4,"w yoy_ma 0.18, increm 0.37, pct_re 0.16, per_ni 0.29; sigma relative n=19 (full_sample)",1.0
margin-ts,ensemble_simple,adj_ebitda_musd,2025Q3,2025-05-01,1,2013.4865952433852,2013.4865952433852,W1,PIT,1,21,1223.1185449007216,1397.688693426218,1689.3877574479445,2337.585433038826,2629.2844970605524,2803.8546455860487,480.5096559306074,,,,,,,,2025-05-01,eq4,"mean of yoy_ma 2016.13, increm 2036.28, pct_re 2009.85, per_ni 1991.68; sigma relative n=12 (PIT)",1.0
margin-ts,ensemble_simple,adj_ebitda_musd,2025Q3,2025-05-01,1,2013.4865952433852,2013.4865952433852,W2,PIT,1,21,1223.1185449007216,1397.688693426218,1689.3877574479445,2337.585433038826,2629.2844970605524,2803.8546455860487,480.5096559306074,,,,,,,,2025-05-01,eq4,"mean of yoy_ma 2016.13, increm 2036.28, pct_re 2009.85, per_ni 1991.68; sigma relative n=12 (PIT)",1.0
margin-ts,ensemble_simple,adj_ebitda_musd,2025Q3,2025-05-01,1,2012.554266654131,2012.554266654131,W1,PIT,5,21,1235.131096802622,1406.8420840689987,1693.7636149888929,2331.3449183193693,2618.2664492392632,2789.97743650564,472.63972739772856,,,,,,,,2025-05-01,invmae4,"w yoy_ma 0.21, increm 0.27, pct_re 0.21, per_ni 0.31; sigma relative n=12 (PIT)",1.0
margin-ts,ensemble_simple,adj_ebitda_musd,2025Q3,2025-05-01,1,2012.554266654131,2012.554266654131,W2,PIT,5,21,1235.131096802622,1406.8420840689987,1693.7636149888929,2331.3449183193693,2618.2664492392632,2789.97743650564,472.63972739772856,,,,,,,,2025-05-01,invmae4,"w yoy_ma 0.21, increm 0.27, pct_re 0.21, per_ni 0.31; sigma relative n=12 (PIT)",1.0
margin-ts,ensemble_simple,adj_ebitda_musd,2025Q3,2025-05-01,1,2023.727930473964,2023.727930473964,W1,full_sample,1,21,1155.499096615902,1347.266509803984,1667.7014490494034,2379.7544118985247,2700.1893511439444,2891.956764332026,527.8456512067972,,,,,,,,2025-05-01,eq4,"mean of yoy_ma 2063.03, increm 2024.95, pct_re 2060.16, per_ni 1946.77; sigma relative n=18 (full_sample)",1.0
margin-ts,ensemble_simple,adj_ebitda_musd,2025Q3,2025-05-01,1,2023.727930473964,2023.727930473964,W2,full_sample,1,21,1155.499096615902,1347.266509803984,1667.7014490494034,2379.7544118985247,2700.1893511439444,2891.956764332026,527.8456512067972,,,,,,,,2025-05-01,eq4,"mean of yoy_ma 2063.03, increm 2024.95, pct_re 2060.16, per_ni 1946.77; sigma relative n=18 (full_sample)",1.0
margin-ts,ensemble_simple,adj_ebitda_musd,2025Q3,2025-05-01,1,2019.4921925260414,2019.4921925260414,W1,full_sample,5,21,1163.0445793983258,1352.2098511513934,1668.2967261518252,2370.6876589002577,2686.774533900689,2875.939805653757,520.6831775755226,,,,,,,,2025-05-01,invmae4,"w yoy_ma 0.21, increm 0.33, pct_re 0.20, per_ni 0.26; sigma relative n=18 (full_sample)",1.0
margin-ts,ensemble_simple,adj_ebitda_musd,2025Q3,2025-05-01,1,2019.4921925260414,2019.4921925260414,W2,full_sample,5,21,1163.0445793983258,1352.2098511513934,1668.2967261518252,2370.6876589002577,2686.774533900689,2875.939805653757,520.6831775755226,,,,,,,,2025-05-01,invmae4,"w yoy_ma 0.21, increm 0.33, pct_re 0.20, per_ni 0.26; sigma relative n=18 (full_sample)",1.0
margin-ts,ensemble_simple,adj_ebitda_musd,2025Q4,2025-05-01,2,769.3067898895991,769.3067898895991,W1,PIT,1,21,429.9427352627189,504.89874265034604,630.1469444904395,908.4666352887588,1033.7148371288522,1108.6708445164795,206.31869551569068,,,,,,,,2025-05-01,eq4,"mean of yoy_ma 771.09, increm 817.02, pct_re 766.92, per_ni 722.20; sigma relative n=12 (PIT)",1.0
margin-ts,ensemble_simple,adj_ebitda_musd,2025Q4,2025-05-01,2,769.3067898895991,769.3067898895991,W2,PIT,1,21,429.9427352627189,504.89874265034604,630.1469444904395,908.4666352887588,1033.7148371288522,1108.6708445164795,206.31869551569068,,,,,,,,2025-05-01,eq4,"mean of yoy_ma 771.09, increm 817.02, pct_re 766.92, per_ni 722.20; sigma relative n=12 (PIT)",1.0
margin-ts,ensemble_simple,adj_ebitda_musd,2025Q4,2025-05-01,2,770.1965407123546,770.1965407123546,W1,PIT,5,21,428.73642798542886,504.1553958554343,630.1771843627182,910.215897061991,1036.2376855692748,1111.6566534392803,207.59300835769733,,,,,,,,2025-05-01,invmae4,"w yoy_ma 0.21, increm 0.30, pct_re 0.21, per_ni 0.28; sigma relative n=12 (PIT)",1.0
margin-ts,ensemble_simple,adj_ebitda_musd,2025Q4,2025-05-01,2,770.1965407123546,770.1965407123546,W2,PIT,5,21,428.73642798542886,504.1553958554343,630.1771843627182,910.215897061991,1036.2376855692748,1111.6566534392803,207.59300835769733,,,,,,,,2025-05-01,invmae4,"w yoy_ma 0.21, increm 0.30, pct_re 0.21, per_ni 0.28; sigma relative n=12 (PIT)",1.0
margin-ts,ensemble_simple,adj_ebitda_musd,2025Q4,2025-05-01,2,772.3176612625664,772.3176612625664,W1,full_sample,1,21,431.0254280639392,506.40731605175966,632.3671457017089,912.2681768234239,1038.2280064733732,1113.6098944611936,207.49094485153012,,,,,,,,2025-05-01,eq4,"mean of yoy_ma 802.26, increm 809.49, pct_re 800.35, per_ni 677.17; sigma relative n=17 (full_sample)",1.0
margin-ts,ensemble_simple,adj_ebitda_musd,2025Q4,2025-05-01,2,772.3176612625664,772.3176612625664,W2,full_sample,1,21,431.0254280639392,506.40731605175966,632.3671457017089,912.2681768234239,1038.2280064733732,1113.6098944611936,207.49094485153012,,,,,,,,2025-05-01,eq4,"mean of yoy_ma 802.26, increm 809.49, pct_re 800.35, per_ni 677.17; sigma relative n=17 (full_sample)",1.0
margin-ts,ensemble_simple,adj_ebitda_musd,2025Q4,2025-05-01,2,770.9693418629538,770.9693418629538,W1,full_sample,5,21,430.4930075621329,505.6946863528456,631.3533943358408,910.5852893900669,1036.243997373062,1111.4456761637746,206.9949135424595,,,,,,,,2025-05-01,invmae4,"w yoy_ma 0.21, increm 0.33, pct_re 0.20, per_ni 0.27; sigma relative n=17 (full_sample)",1.0
margin-ts,ensemble_simple,adj_ebitda_musd,2025Q4,2025-05-01,2,770.9693418629538,770.9693418629538,W2,full_sample,5,21,430.4930075621329,505.6946863528456,631.3533943358408,910.5852893900669,1036.243997373062,1111.4456761637746,206.9949135424595,,,,,,,,2025-05-01,invmae4,"w yoy_ma 0.21, increm 0.33, pct_re 0.20, per_ni 0.27; sigma relative n=17 (full_sample)",1.0
margin-ts,ensemble_simple,adj_ebitda_musd,2025Q3,2025-08-06,0,2137.1168931918046,2137.1168931918046,W1,PIT,1,22,1576.7632464884073,1700.5296604893344,1907.3379116498875,2366.895874733722,2573.704125894275,2697.470539895202,340.67082780000413,,,,,,,,2025-08-06,eq4,"mean of yoy_ma 2136.56, increm 2090.36, pct_re 2137.46, per_ni 2184.08; sigma relative n=12 (PIT)",1.0
margin-ts,ensemble_simple,adj_ebitda_musd,2025Q3,2025-08-06,0,2137.1168931918046,2137.1168931918046,W2,PIT,1,22,1576.7632464884073,1700.5296604893344,1907.3379116498875,2366.895874733722,2573.704125894275,2697.470539895202,340.67082780000413,,,,,,,,2025-08-06,eq4,"mean of yoy_ma 2136.56, increm 2090.36, pct_re 2137.46, per_ni 2184.08; sigma relative n=12 (PIT)",1.0
margin-ts,ensemble_simple,adj_ebitda_musd,2025Q3,2025-08-06,0,2133.9990455089455,2133.9990455089455,W1,PIT,5,22,1630.6981151920966,1741.8631833149043,1927.6151380289627,2340.3829529889285,2526.1349077029868,2637.2999758257943,305.9852390936775,,,,,,,,2025-08-06,invmae4,"w yoy_ma 0.23, increm 0.29, pct_re 0.26, per_ni 0.22; sigma relative n=12 (PIT)",1.0
margin-ts,ensemble_simple,adj_ebitda_musd,2025Q3,2025-08-06,0,2133.9990455089455,2133.9990455089455,W2,PIT,5,22,1630.6981151920966,1741.8631833149043,1927.6151380289627,2340.3829529889285,2526.1349077029868,2637.2999758257943,305.9852390936775,,,,,,,,2025-08-06,invmae4,"w yoy_ma 0.23, increm 0.29, pct_re 0.26, per_ni 0.22; sigma relative n=12 (PIT)",1.0
margin-ts,ensemble_simple,adj_ebitda_musd,2025Q3,2025-08-06,0,2144.9919647900565,2144.9919647900565,W1,full_sample,1,22,1415.2055594827962,1576.3949207065232,1845.7352758380537,2444.248653742059,2713.5890088735896,2874.778370097317,443.6786309428804,,,,,,,,2025-08-06,eq4,"mean of yoy_ma 2169.18, increm 2085.15, pct_re 2166.16, per_ni 2159.47; sigma relative n=19 (full_sample)",1.0
margin-ts,ensemble_simple,adj_ebitda_musd,2025Q3,2025-08-06,0,2144.9919647900565,2144.9919647900565,W2,full_sample,1,22,1415.2055594827962,1576.3949207065232,1845.7352758380537,2444.248653742059,2713.5890088735896,2874.778370097317,443.6786309428804,,,,,,,,2025-08-06,eq4,"mean of yoy_ma 2169.18, increm 2085.15, pct_re 2166.16, per_ni 2159.47; sigma relative n=19 (full_sample)",1.0
margin-ts,ensemble_simple,adj_ebitda_musd,2025Q3,2025-08-06,0,2134.63956210317,2134.63956210317,W1,full_sample,5,22,1423.1301119105806,1580.2826060474124,1842.877533276328,2426.4015909300124,2688.996518158928,2846.14901229576,432.5670312143716,,,,,,,,2025-08-06,invmae4,"w yoy_ma 0.18, increm 0.37, pct_re 0.16, per_ni 0.29; sigma relative n=19 (full_sample)",1.0
margin-ts,ensemble_simple,adj_ebitda_musd,2025Q3,2025-08-06,0,2134.63956210317,2134.63956210317,W2,full_sample,5,22,1423.1301119105806,1580.2826060474124,1842.877533276328,2426.4015909300124,2688.996518158928,2846.14901229576,432.5670312143716,,,,,,,,2025-08-06,invmae4,"w yoy_ma 0.18, increm 0.37, pct_re 0.16, per_ni 0.29; sigma relative n=19 (full_sample)",1.0
margin-ts,ensemble_simple,adj_ebitda_musd,2025Q4,2025-08-06,1,859.4974093594742,859.4974093594742,W1,PIT,1,22,520.936002285604,595.7147273267575,720.6666981389761,998.3281205799724,1123.280091392191,1198.0588164333444,205.830720452221,,,,,,,,2025-08-06,eq4,"mean of yoy_ma 838.07, increm 866.99, pct_re 838.68, per_ni 894.24; sigma relative n=12 (PIT)",1.0
margin-ts,ensemble_simple,adj_ebitda_musd,2025Q4,2025-08-06,1,859.4974093594742,859.4974093594742,W2,PIT,1,22,520.936002285604,595.7147273267575,720.6666981389761,998.3281205799724,1123.280091392191,1198.0588164333444,205.830720452221,,,,,,,,2025-08-06,eq4,"mean of yoy_ma 838.07, increm 866.99, pct_re 838.68, per_ni 894.24; sigma relative n=12 (PIT)",1.0
margin-ts,ensemble_simple,adj_ebitda_musd,2025Q4,2025-08-06,1,862.1683227181773,862.1683227181773,W1,PIT,5,22,528.8902000071821,602.5019956215582,725.504078526563,998.8325669097915,1121.8346498147962,1195.4464454291724,202.61871162887846,,,,,,,,2025-08-06,invmae4,"w yoy_ma 0.22, increm 0.26, pct_re 0.23, per_ni 0.29; sigma relative n=12 (PIT)",1.0
margin-ts,ensemble_simple,adj_ebitda_musd,2025Q4,2025-08-06,1,862.1683227181773,862.1683227181773,W2,PIT,5,22,528.8902000071821,602.5019956215582,725.504078526563,998.8325669097915,1121.8346498147962,1195.4464454291724,202.61871162887846,,,,,,,,2025-08-06,invmae4,"w yoy_ma 0.22, increm 0.26, pct_re 0.23, per_ni 0.29; sigma relative n=12 (PIT)",1.0
margin-ts,ensemble_simple,adj_ebitda_musd,2025Q4,2025-08-06,1,852.392433718192,852.392433718192,W1,full_sample,1,22,486.69520852683246,567.4674751807537,702.4343912363989,1002.3504761999851,1137.3173922556305,1218.0896589095516,222.3281264662638,,,,,,,,2025-08-06,eq4,"mean of yoy_ma 852.14, increm 857.83, pct_re 850.11, per_ni 849.49; sigma relative n=18 (full_sample)",1.0
margin-ts,ensemble_simple,adj_ebitda_musd,2025Q4,2025-08-06,1,852.392433718192,852.392433718192,W2,full_sample,1,22,486.69520852683246,567.4674751807537,702.4343912363989,1002.3504761999851,1137.3173922556305,1218.0896589095516,222.3281264662638,,,,,,,,2025-08-06,eq4,"mean of yoy_ma 852.14, increm 857.83, pct_re 850.11, per_ni 849.49; sigma relative n=18 (full_sample)",1.0
margin-ts,ensemble_simple,adj_ebitda_musd,2025Q4,2025-08-06,1,852.9325275336103,852.9325275336103,W1,full_sample,5,22,491.2118781205374,571.105830647341,704.6051223069408,1001.2599327602798,1134.7592244198795,1214.653176946683,219.91054005423953,,,,,,,,2025-08-06,invmae4,"w yoy_ma 0.21, increm 0.33, pct_re 0.20, per_ni 0.26; sigma relative n=18 (full_sample)",1.0
margin-ts,ensemble_simple,adj_ebitda_musd,2025Q4,2025-08-06,1,852.9325275336103,852.9325275336103,W2,full_sample,5,22,491.2118781205374,571.105830647341,704.6051223069408,1001.2599327602798,1134.7592244198795,1214.653176946683,219.91054005423953,,,,,,,,2025-08-06,invmae4,"w yoy_ma 0.21, increm 0.33, pct_re 0.20, per_ni 0.26; sigma relative n=18 (full_sample)",1.0
margin-ts,ensemble_simple,adj_ebitda_musd,2026Q1,2025-08-06,2,478.52609883442244,478.52609883442244,W1,PIT,1,22,263.23162330491465,310.78413830550267,390.2423058943602,566.8098917744846,646.2680593633422,693.8205743639302,130.88974727102547,,,,,,,,2025-08-06,eq4,"mean of yoy_ma 448.00, increm 510.44, pct_re 448.56, per_ni 507.11; sigma relative n=12 (PIT)",1.0
margin-ts,ensemble_simple,adj_ebitda_musd,2026Q1,2025-08-06,2,478.52609883442244,478.52609883442244,W2,PIT,1,22,263.23162330491465,310.78413830550267,390.2423058943602,566.8098917744846,646.2680593633422,693.8205743639302,130.88974727102547,,,,,,,,2025-08-06,eq4,"mean of yoy_ma 448.00, increm 510.44, pct_re 448.56, per_ni 507.11; sigma relative n=12 (PIT)",1.0
margin-ts,ensemble_simple,adj_ebitda_musd,2026Q1,2025-08-06,2,481.726478629716,481.726478629716,W1,PIT,5,22,264.18870727584584,312.2367034450815,392.5227983419909,570.9301589174412,651.2162538143505,699.2642499835861,132.2535742934457,,,,,,,,2025-08-06,invmae4,"w yoy_ma 0.22, increm 0.29, pct_re 0.23, per_ni 0.26; sigma relative n=12 (PIT)",1.0
margin-ts,ensemble_simple,adj_ebitda_musd,2026Q1,2025-08-06,2,481.726478629716,481.726478629716,W2,PIT,5,22,264.18870727584584,312.2367034450815,392.5227983419909,570.9301589174412,651.2162538143505,699.2642499835861,132.2535742934457,,,,,,,,2025-08-06,invmae4,"w yoy_ma 0.22, increm 0.29, pct_re 0.23, per_ni 0.26; sigma relative n=12 (PIT)",1.0
margin-ts,ensemble_simple,adj_ebitda_musd,2026Q1,2025-08-06,2,469.76523400838084,469.76523400838084,W1,full_sample,1,22,262.17290013413424,308.02422793194955,384.6397862948542,554.8906817219075,631.5062400848121,677.3575678826274,126.20717763135723,,,,,,,,2025-08-06,eq4,"mean of yoy_ma 460.88, increm 502.05, pct_re 459.03, per_ni 457.10; sigma relative n=17 (full_sample)",1.0
margin-ts,ensemble_simple,adj_ebitda_musd,2026Q1,2025-08-06,2,469.76523400838084,469.76523400838084,W2,full_sample,1,22,262.17290013413424,308.02422793194955,384.6397862948542,554.8906817219075,631.5062400848121,677.3575678826274,126.20717763135723,,,,,,,,2025-08-06,eq4,"mean of yoy_ma 460.88, increm 502.05, pct_re 459.03, per_ni 457.10; sigma relative n=17 (full_sample)",1.0
margin-ts,ensemble_simple,adj_ebitda_musd,2026Q1,2025-08-06,2,473.0248440861675,473.0248440861675,W1,full_sample,5,22,264.1270887506456,310.2667475586585,387.3640943975052,558.6855937748298,635.7829406136765,681.9225994216894,127.00081752726375,,,,,,,,2025-08-06,invmae4,"w yoy_ma 0.21, increm 0.33, pct_re 0.20, per_ni 0.27; sigma relative n=17 (full_sample)",1.0
margin-ts,ensemble_simple,adj_ebitda_musd,2026Q1,2025-08-06,2,473.0248440861675,473.0248440861675,W2,full_sample,5,22,264.1270887506456,310.2667475586585,387.3640943975052,558.6855937748298,635.7829406136765,681.9225994216894,127.00081752726375,,,,,,,,2025-08-06,invmae4,"w yoy_ma 0.21, increm 0.33, pct_re 0.20, per_ni 0.27; sigma relative n=17 (full_sample)",1.0
margin-ts,ensemble_simple,adj_ebitda_musd,2025Q4,2025-11-06,0,819.0889717985162,819.0889717985162,W1,PIT,1,23,612.3565435490419,658.017942297259,734.3161375458724,903.8618060511602,980.1600012997734,1025.8214000479904,125.68439213197752,,,,,,,,2025-11-06,eq4,"mean of yoy_ma 812.27, increm 850.31, pct_re 811.01, per_ni 802.76; sigma relative n=12 (PIT)",1.0
margin-ts,ensemble_simple,adj_ebitda_musd,2025Q4,2025-11-06,0,819.0889717985162,819.0889717985162,W2,PIT,1,23,612.3565435490419,658.017942297259,734.3161375458724,903.8618060511602,980.1600012997734,1025.8214000479904,125.68439213197752,,,,,,,,2025-11-06,eq4,"mean of yoy_ma 812.27, increm 850.31, pct_re 811.01, per_ni 802.76; sigma relative n=12 (PIT)",1.0
margin-ts,ensemble_simple,adj_ebitda_musd,2025Q4,2025-11-06,0,822.3325454488772,822.3325454488772,W1,PIT,5,23,632.0370687756518,674.068005643827,744.299858271324,900.3652326264305,970.5970852539274,1012.6280221221026,115.69143512539402,,,,,,,,2025-11-06,invmae4,"w yoy_ma 0.23, increm 0.32, pct_re 0.24, per_ni 0.21; sigma relative n=12 (PIT)",1.0
margin-ts,ensemble_simple,adj_ebitda_musd,2025Q4,2025-11-06,0,822.3325454488772,822.3325454488772,W2,PIT,5,23,632.0370687756518,674.068005643827,744.299858271324,900.3652326264305,970.5970852539274,1012.6280221221026,115.69143512539402,,,,,,,,2025-11-06,invmae4,"w yoy_ma 0.23, increm 0.32, pct_re 0.24, per_ni 0.21; sigma relative n=12 (PIT)",1.0
margin-ts,ensemble_simple,adj_ebitda_musd,2025Q4,2025-11-06,0,828.917447330155,828.917447330155,W1,full_sample,1,23,546.8964914881351,609.187015665193,713.2717503884196,944.5631442718903,1048.647878995117,1110.938403172175,171.45656684644342,,,,,,,,2025-11-06,eq4,"mean of yoy_ma 841.04, increm 847.08, pct_re 839.05, per_ni 788.49; sigma relative n=19 (full_sample)",1.0
margin-ts,ensemble_simple,adj_ebitda_musd,2025Q4,2025-11-06,0,828.917447330155,828.917447330155,W2,full_sample,1,23,546.8964914881351,609.187015665193,713.2717503884196,944.5631442718903,1048.647878995117,1110.938403172175,171.45656684644342,,,,,,,,2025-11-06,eq4,"mean of yoy_ma 841.04, increm 847.08, pct_re 839.05, per_ni 788.49; sigma relative n=19 (full_sample)",1.0
margin-ts,ensemble_simple,adj_ebitda_musd,2025Q4,2025-11-06,0,827.9101311519271,827.9101311519271,W1,full_sample,5,23,551.9544650607389,612.9053367402121,714.7515708780833,941.068691425771,1042.914925563642,1103.8657972431151,167.76913250490077,,,,,,,,2025-11-06,invmae4,"w yoy_ma 0.18, increm 0.37, pct_re 0.16, per_ni 0.29; sigma relative n=19 (full_sample)",1.0
margin-ts,ensemble_simple,adj_ebitda_musd,2025Q4,2025-11-06,0,827.9101311519271,827.9101311519271,W2,full_sample,5,23,551.9544650607389,612.9053367402121,714.7515708780833,941.068691425771,1042.914925563642,1103.8657972431151,167.76913250490077,,,,,,,,2025-11-06,invmae4,"w yoy_ma 0.18, increm 0.37, pct_re 0.16, per_ni 0.29; sigma relative n=19 (full_sample)",1.0
margin-ts,ensemble_simple,adj_ebitda_musd,2026Q1,2025-11-06,1,434.23216667297027,434.23216667297027,W1,PIT,1,23,276.6280271866338,311.43836399925493,369.604910526765,498.8594228191755,557.0259693466855,591.8363061593068,95.81651333829369,,,,,,,,2025-11-06,eq4,"mean of yoy_ma 426.87, increm 488.77, pct_re 425.73, per_ni 395.57; sigma relative n=12 (PIT)",1.0
margin-ts,ensemble_simple,adj_ebitda_musd,2026Q1,2025-11-06,1,434.23216667297027,434.23216667297027,W2,PIT,1,23,276.6280271866338,311.43836399925493,369.604910526765,498.8594228191755,557.0259693466855,591.8363061593068,95.81651333829369,,,,,,,,2025-11-06,eq4,"mean of yoy_ma 426.87, increm 488.77, pct_re 425.73, per_ni 395.57; sigma relative n=12 (PIT)",1.0
margin-ts,ensemble_simple,adj_ebitda_musd,2026Q1,2025-11-06,1,435.0819984012604,435.0819984012604,W1,PIT,5,23,281.3625662246655,315.3148800798231,372.0477078660978,498.116288936423,554.8491167226978,588.8014305778553,93.4547789893587,,,,,,,,2025-11-06,invmae4,"w yoy_ma 0.21, increm 0.28, pct_re 0.23, per_ni 0.28; sigma relative n=12 (PIT)",1.0
margin-ts,ensemble_simple,adj_ebitda_musd,2026Q1,2025-11-06,1,435.0819984012604,435.0819984012604,W2,PIT,5,23,281.3625662246655,315.3148800798231,372.0477078660978,498.116288936423,554.8491167226978,588.8014305778553,93.4547789893587,,,,,,,,2025-11-06,invmae4,"w yoy_ma 0.21, increm 0.28, pct_re 0.23, per_ni 0.28; sigma relative n=12 (PIT)",1.0
margin-ts,ensemble_simple,adj_ebitda_musd,2026Q1,2025-11-06,1,435.49835158601644,435.49835158601644,W1,full_sample,1,23,248.65889542647224,289.9264942344626,358.88284243254407,512.1138607394888,581.0702089375703,622.3378077455607,113.5903238428744,,,,,,,,2025-11-06,eq4,"mean of yoy_ma 448.87, increm 482.32, pct_re 447.06, per_ni 363.74; sigma relative n=18 (full_sample)",1.0
margin-ts,ensemble_simple,adj_ebitda_musd,2026Q1,2025-11-06,1,435.49835158601644,435.49835158601644,W2,full_sample,1,23,248.65889542647224,289.9264942344626,358.88284243254407,512.1138607394888,581.0702089375703,622.3378077455607,113.5903238428744,,,,,,,,2025-11-06,eq4,"mean of yoy_ma 448.87, increm 482.32, pct_re 447.06, per_ni 363.74; sigma relative n=18 (full_sample)",1.0
margin-ts,ensemble_simple,adj_ebitda_musd,2026Q1,2025-11-06,1,437.4068202303588,437.4068202303588,W1,full_sample,5,23,251.90670859908104,292.87848374222955,361.34052356697964,513.4731168937379,581.935156718488,622.9069318616365,112.77606018663116,,,,,,,,2025-11-06,invmae4,"w yoy_ma 0.21, increm 0.33, pct_re 0.20, per_ni 0.26; sigma relative n=18 (full_sample)",1.0
margin-ts,ensemble_simple,adj_ebitda_musd,2026Q1,2025-11-06,1,437.4068202303588,437.4068202303588,W2,full_sample,5,23,251.90670859908104,292.87848374222955,361.34052356697964,513.4731168937379,581.935156718488,622.9069318616365,112.77606018663116,,,,,,,,2025-11-06,invmae4,"w yoy_ma 0.21, increm 0.33, pct_re 0.20, per_ni 0.26; sigma relative n=18 (full_sample)",1.0
margin-ts,ensemble_simple,adj_ebitda_musd,2026Q2,2025-11-06,2,1104.1208565653892,1104.1208565653892,W1,PIT,1,23,633.6067100540358,737.5300966385813,911.1815190193814,1297.060194111397,1470.7116164921972,1574.6350030767426,286.05228988271233,,,,,,,,2025-11-06,eq4,"mean of yoy_ma 1102.62, increm 1140.79, pct_re 1101.07, per_ni 1072.00; sigma relative n=12 (PIT)",1.0
margin-ts,ensemble_simple,adj_ebitda_musd,2026Q2,2025-11-06,2,1104.1208565653892,1104.1208565653892,W2,PIT,1,23,633.6067100540358,737.5300966385813,911.1815190193814,1297.060194111397,1470.7116164921972,1574.6350030767426,286.05228988271233,,,,,,,,2025-11-06,eq4,"mean of yoy_ma 1102.62, increm 1140.79, pct_re 1101.07, per_ni 1072.00; sigma relative n=12 (PIT)",1.0
margin-ts,ensemble_simple,adj_ebitda_musd,2026Q2,2025-11-06,2,1104.624842691924,1104.624842691924,W1,PIT,5,23,632.7097607367525,736.9425746930092,911.1110366448538,1298.138648738994,1472.3071106908385,1576.5399246470954,286.90399815684884,,,,,,,,2025-11-06,invmae4,"w yoy_ma 0.23, increm 0.27, pct_re 0.24, per_ni 0.26; sigma relative n=12 (PIT)",1.0
margin-ts,ensemble_simple,adj_ebitda_musd,2026Q2,2025-11-06,2,1104.624842691924,1104.624842691924,W2,PIT,5,23,632.7097607367525,736.9425746930092,911.1110366448538,1298.138648738994,1472.3071106908385,1576.5399246470954,286.90399815684884,,,,,,,,2025-11-06,invmae4,"w yoy_ma 0.23, increm 0.27, pct_re 0.24, per_ni 0.26; sigma relative n=12 (PIT)",1.0
margin-ts,ensemble_simple,adj_ebitda_musd,2026Q2,2025-11-06,2,1106.1182954855756,1106.1182954855756,W1,full_sample,1,23,617.3173756270455,725.2797978708445,905.6802717435871,1306.556319227564,1486.9567931003066,1594.9192153441056,297.16985867275054,,,,,,,,2025-11-06,eq4,"mean of yoy_ma 1132.60, increm 1132.01, pct_re 1130.14, per_ni 1029.71; sigma relative n=17 (full_sample)",1.0
margin-ts,ensemble_simple,adj_ebitda_musd,2026Q2,2025-11-06,2,1106.1182954855756,1106.1182954855756,W2,full_sample,1,23,617.3173756270455,725.2797978708445,905.6802717435871,1306.556319227564,1486.9567931003066,1594.9192153441056,297.16985867275054,,,,,,,,2025-11-06,eq4,"mean of yoy_ma 1132.60, increm 1132.01, pct_re 1130.14, per_ni 1029.71; sigma relative n=17 (full_sample)",1.0
margin-ts,ensemble_simple,adj_ebitda_musd,2026Q2,2025-11-06,2,1104.5411587937683,1104.5411587937683,W1,full_sample,5,23,616.7524693995113,724.4913183062889,904.5182109356164,1304.5641066519204,1484.5909992812478,1592.3298481880254,296.5544662465265,,,,,,,,2025-11-06,invmae4,"w yoy_ma 0.21, increm 0.33, pct_re 0.20, per_ni 0.27; sigma relative n=17 (full_sample)",1.0
margin-ts,ensemble_simple,adj_ebitda_musd,2026Q2,2025-11-06,2,1104.5411587937683,1104.5411587937683,W2,full_sample,5,23,616.7524693995113,724.4913183062889,904.5182109356164,1304.5641066519204,1484.5909992812478,1592.3298481880254,296.5544662465265,,,,,,,,2025-11-06,invmae4,"w yoy_ma 0.21, increm 0.33, pct_re 0.20, per_ni 0.27; sigma relative n=17 (full_sample)",1.0
margin-ts,ensemble_simple,adj_ebitda_musd,2026Q1,2026-02-12,0,479.0259550345987,479.0259550345987,W1,PIT,1,24,363.80810208079936,389.25649627412906,431.7796471664824,526.2722629027149,568.7954137950683,594.243807988398,70.04748086146792,,,,,,,,2026-02-12,eq4,"mean of yoy_ma 449.53, increm 496.81, pct_re 443.52, per_ni 526.24; sigma relative n=12 (PIT)",1.0
margin-ts,ensemble_simple,adj_ebitda_musd,2026Q1,2026-02-12,0,479.0259550345987,479.0259550345987,W2,PIT,1,24,363.80810208079936,389.25649627412906,431.7796471664824,526.2722629027149,568.7954137950683,594.243807988398,70.04748086146792,,,,,,,,2026-02-12,eq4,"mean of yoy_ma 449.53, increm 496.81, pct_re 443.52, per_ni 526.24; sigma relative n=12 (PIT)",1.0
margin-ts,ensemble_simple,adj_ebitda_musd,2026Q1,2026-02-12,0,479.32456681445586,479.32456681445586,W1,PIT,5,24,370.5536329466388,394.57808341921225,434.72188678810545,523.9272468408063,564.0710502096995,588.0955006822729,66.12803235836263,,,,,,,,2026-02-12,invmae4,"w yoy_ma 0.23, increm 0.32, pct_re 0.24, per_ni 0.21; sigma relative n=12 (PIT)",1.0
margin-ts,ensemble_simple,adj_ebitda_musd,2026Q1,2026-02-12,0,479.32456681445586,479.32456681445586,W2,PIT,5,24,370.5536329466388,394.57808341921225,434.72188678810545,523.9272468408063,564.0710502096995,588.0955006822729,66.12803235836263,,,,,,,,2026-02-12,invmae4,"w yoy_ma 0.23, increm 0.32, pct_re 0.24, per_ni 0.21; sigma relative n=12 (PIT)",1.0
margin-ts,ensemble_simple,adj_ebitda_musd,2026Q1,2026-02-12,0,506.0702847427932,506.0702847427932,W1,full_sample,1,24,333.8909852406561,371.9205663631124,435.4663289820785,576.6742405035078,640.2200031224739,678.2495842449304,104.67758144610696,,,,,,,,2026-02-12,eq4,"mean of yoy_ma 481.76, increm 536.32, pct_re 479.82, per_ni 526.37; sigma relative n=19 (full_sample)",1.0
margin-ts,ensemble_simple,adj_ebitda_musd,2026Q1,2026-02-12,0,506.0702847427932,506.0702847427932,W2,full_sample,1,24,333.8909852406561,371.9205663631124,435.4663289820785,576.6742405035078,640.2200031224739,678.2495842449304,104.67758144610696,,,,,,,,2026-02-12,eq4,"mean of yoy_ma 481.76, increm 536.32, pct_re 479.82, per_ni 526.37; sigma relative n=19 (full_sample)",1.0
margin-ts,ensemble_simple,adj_ebitda_musd,2026Q1,2026-02-12,0,514.5191959026321,514.5191959026321,W1,full_sample,5,24,343.02173249502675,380.9007151358759,444.19483429518425,584.8435575100799,648.1376766693883,686.0166593102374,104.2630545341923,,,,,,,,2026-02-12,invmae4,"w yoy_ma 0.18, increm 0.37, pct_re 0.16, per_ni 0.29; sigma relative n=19 (full_sample)",1.0
margin-ts,ensemble_simple,adj_ebitda_musd,2026Q1,2026-02-12,0,514.5191959026321,514.5191959026321,W2,full_sample,5,24,343.02173249502675,380.9007151358759,444.19483429518425,584.8435575100799,648.1376766693883,686.0166593102374,104.2630545341923,,,,,,,,2026-02-12,invmae4,"w yoy_ma 0.18, increm 0.37, pct_re 0.16, per_ni 0.29; sigma relative n=19 (full_sample)",1.0
margin-ts,ensemble_simple,adj_ebitda_musd,2026Q2,2026-02-12,1,1111.750902259039,1111.750902259039,W1,PIT,1,24,768.2239463558909,844.0994219504882,970.8840148496279,1252.6177896684505,1379.40238256759,1455.2778581621874,208.84955978717198,,,,,,,,2026-02-12,eq4,"mean of yoy_ma 1117.64, increm 1119.30, pct_re 1109.81, per_ni 1100.25; sigma relative n=12 (PIT)",1.0
margin-ts,ensemble_simple,adj_ebitda_musd,2026Q2,2026-02-12,1,1111.750902259039,1111.750902259039,W2,PIT,1,24,768.2239463558909,844.0994219504882,970.8840148496279,1252.6177896684505,1379.40238256759,1455.2778581621874,208.84955978717198,,,,,,,,2026-02-12,eq4,"mean of yoy_ma 1117.64, increm 1119.30, pct_re 1109.81, per_ni 1100.25; sigma relative n=12 (PIT)",1.0
margin-ts,ensemble_simple,adj_ebitda_musd,2026Q2,2026-02-12,1,1111.9547786784678,1111.9547786784678,W1,PIT,5,24,782.8021354003038,855.502728244001,976.9822312715983,1246.9273260853374,1368.4068291129347,1441.107421956632,200.11059822277736,,,,,,,,2026-02-12,invmae4,"w yoy_ma 0.23, increm 0.29, pct_re 0.24, per_ni 0.25; sigma relative n=12 (PIT)",1.0
margin-ts,ensemble_simple,adj_ebitda_musd,2026Q2,2026-02-12,1,1111.9547786784678,1111.9547786784678,W2,PIT,5,24,782.8021354003038,855.502728244001,976.9822312715983,1246.9273260853374,1368.4068291129347,1441.107421956632,200.11059822277736,,,,,,,,2026-02-12,invmae4,"w yoy_ma 0.23, increm 0.29, pct_re 0.24, per_ni 0.25; sigma relative n=12 (PIT)",1.0
margin-ts,ensemble_simple,adj_ebitda_musd,2026Q2,2026-02-12,1,1135.3031927989764,1135.3031927989764,W1,full_sample,1,24,648.2303247932782,755.8110688195964,935.5737751259078,1335.032610472045,1514.7953167783567,1622.3760608046746,296.1192777429236,,,,,,,,2026-02-12,eq4,"mean of yoy_ma 1156.24, increm 1152.96, pct_re 1153.73, per_ni 1078.29; sigma relative n=18 (full_sample)",1.0
margin-ts,ensemble_simple,adj_ebitda_musd,2026Q2,2026-02-12,1,1135.3031927989764,1135.3031927989764,W2,full_sample,1,24,648.2303247932782,755.8110688195964,935.5737751259078,1335.032610472045,1514.7953167783567,1622.3760608046746,296.1192777429236,,,,,,,,2026-02-12,eq4,"mean of yoy_ma 1156.24, increm 1152.96, pct_re 1153.73, per_ni 1078.29; sigma relative n=18 (full_sample)",1.0
margin-ts,ensemble_simple,adj_ebitda_musd,2026Q2,2026-02-12,1,1134.316555118529,1134.316555118529,W1,full_sample,5,24,653.2635905376869,759.5147066336622,937.0556629669446,1331.5774472701135,1509.118403603396,1615.3695196993713,292.4594363283333,,,,,,,,2026-02-12,invmae4,"w yoy_ma 0.21, increm 0.33, pct_re 0.20, per_ni 0.26; sigma relative n=18 (full_sample)",1.0
margin-ts,ensemble_simple,adj_ebitda_musd,2026Q2,2026-02-12,1,1134.316555118529,1134.316555118529,W2,full_sample,5,24,653.2635905376869,759.5147066336622,937.0556629669446,1331.5774472701135,1509.118403603396,1615.3695196993713,292.4594363283333,,,,,,,,2026-02-12,invmae4,"w yoy_ma 0.21, increm 0.33, pct_re 0.20, per_ni 0.26; sigma relative n=18 (full_sample)",1.0
margin-ts,ensemble_simple,adj_ebitda_musd,2026Q2,2026-05-07,0,1203.9689196107445,1203.9689196107445,W1,PIT,1,25,1014.9160725767373,1056.67254738817,1126.4457859528536,1281.4920532686353,1351.265291833319,1393.0217666447516,114.93596994669532,,,,,,,,2026-05-07,eq4,"mean of yoy_ma 1201.74, increm 1158.88, pct_re 1199.90, per_ni 1255.36; sigma relative n=12 (PIT)",1.0
margin-ts,ensemble_simple,adj_ebitda_musd,2026Q2,2026-05-07,0,1203.9689196107445,1203.9689196107445,W2,PIT,1,25,1014.9160725767373,1056.67254738817,1126.4457859528536,1281.4920532686353,1351.265291833319,1393.0217666447516,114.93596994669532,,,,,,,,2026-05-07,eq4,"mean of yoy_ma 1201.74, increm 1158.88, pct_re 1199.90, per_ni 1255.36; sigma relative n=12 (PIT)",1.0
margin-ts,ensemble_simple,adj_ebitda_musd,2026Q2,2026-05-07,0,1200.9927467569914,1200.9927467569914,W1,PIT,5,25,1022.0755016748014,1061.5933061131632,1127.6258246406944,1274.3596688732885,1340.3921874008197,1379.9099918391814,108.77396149454974,,,,,,,,2026-05-07,invmae4,"w yoy_ma 0.23, increm 0.31, pct_re 0.23, per_ni 0.24; sigma relative n=12 (PIT)",1.0
margin-ts,ensemble_simple,adj_ebitda_musd,2026Q2,2026-05-07,0,1200.9927467569914,1200.9927467569914,W2,PIT,5,25,1022.0755016748014,1061.5933061131632,1127.6258246406944,1274.3596688732885,1340.3921874008197,1379.9099918391814,108.77396149454974,,,,,,,,2026-05-07,invmae4,"w yoy_ma 0.23, increm 0.31, pct_re 0.23, per_ni 0.24; sigma relative n=12 (PIT)",1.0
margin-ts,ensemble_simple,adj_ebitda_musd,2026Q2,2026-05-07,0,1232.9953052764627,1232.9953052764627,W1,full_sample,1,25,813.495733078061,906.1514301211125,1060.9750373187164,1405.015573234209,1559.8391804318128,1652.4948774748643,255.03763090208278,,,,,,,,2026-05-07,eq4,"mean of yoy_ma 1220.19, increm 1209.66, pct_re 1217.54, per_ni 1284.59; sigma relative n=19 (full_sample)",1.0
margin-ts,ensemble_simple,adj_ebitda_musd,2026Q2,2026-05-07,0,1232.9953052764627,1232.9953052764627,W2,full_sample,1,25,813.495733078061,906.1514301211125,1060.9750373187164,1405.015573234209,1559.8391804318128,1652.4948774748643,255.03763090208278,,,,,,,,2026-05-07,eq4,"mean of yoy_ma 1220.19, increm 1209.66, pct_re 1217.54, per_ni 1284.59; sigma relative n=19 (full_sample)",1.0
margin-ts,ensemble_simple,adj_ebitda_musd,2026Q2,2026-05-07,0,1234.2818488552175,1234.2818488552175,W1,full_sample,5,25,822.8760006489694,913.744020926972,1065.5804986322617,1402.9831990781734,1554.8196767834631,1645.6876970614658,250.11699610544485,,,,,,,,2026-05-07,invmae4,"w yoy_ma 0.18, increm 0.37, pct_re 0.16, per_ni 0.29; sigma relative n=19 (full_sample)",1.0
margin-ts,ensemble_simple,adj_ebitda_musd,2026Q2,2026-05-07,0,1234.2818488552175,1234.2818488552175,W2,full_sample,5,25,822.8760006489694,913.744020926972,1065.5804986322617,1402.9831990781734,1554.8196767834631,1645.6876970614658,250.11699610544485,,,,,,,,2026-05-07,invmae4,"w yoy_ma 0.18, increm 0.37, pct_re 0.16, per_ni 0.29; sigma relative n=19 (full_sample)",1.0
margin-ts,ensemble_simple,adj_ebitda_musd,2026Q3,2026-08-06,0,2371.1578527758816,2371.1578527758816,LIVE,PIT,1,26,2014.7863433477578,2093.4988207867827,2225.023919377401,2517.2917861743626,2648.8168847649804,2727.529362204005,216.65849385553724,,,,,,,,2026-08-06,eq4,"mean of yoy_ma 2394.67, increm 2263.73, pct_re 2391.19, per_ni 2435.04; sigma relative n=12 (PIT)",1.0
margin-ts,ensemble_simple,adj_ebitda_musd,2026Q3,2026-08-06,0,2366.4429992425175,2366.4429992425175,LIVE,PIT,5,26,2022.6932730958135,2098.617952393025,2225.4847625218576,2507.401235963178,2634.2680460920105,2710.1927253892213,208.98499447868832,,,,,,,,2026-08-06,invmae4,"w yoy_ma 0.24, increm 0.28, pct_re 0.23, per_ni 0.24; sigma relative n=12 (PIT)",1.0
margin-ts,ensemble_simple,adj_ebitda_musd,2026Q3,2026-08-06,0,2390.8157136110685,2390.8157136110685,LIVE,full_sample,1,26,1577.3931768235675,1757.055415193927,2057.263138079768,2724.368289142369,3024.5760120282102,3204.2382503985696,494.52578847096373,,,,,,,,2026-08-06,eq4,"mean of yoy_ma 2411.75, increm 2273.88, pct_re 2408.24, per_ni 2469.38; sigma relative n=19 (full_sample)",1.0
margin-ts,ensemble_simple,adj_ebitda_musd,2026Q3,2026-08-06,0,2376.38640661947,2376.38640661947,LIVE,full_sample,5,26,1584.2988731376731,1759.2488072919732,2051.5824764474332,2701.1903367915074,2993.524005946967,3168.473940101267,481.5550274524007,,,,,,,,2026-08-06,invmae4,"w yoy_ma 0.18, increm 0.37, pct_re 0.16, per_ni 0.29; sigma relative n=19 (full_sample)",1.0
margin-ts,ensemble_simple,adj_ebitda_musd,2026Q4,2026-08-06,1,909.4036641178193,909.4036641178193,LIVE,PIT,1,26,707.5873099638337,752.1628857405381,826.646718412509,992.1606098231297,1066.6444424951005,1111.220018271805,122.69563129944068,,,,,,,,2026-08-06,eq4,"mean of yoy_ma 904.70, increm 921.80, pct_re 902.35, per_ni 908.77; sigma relative n=12 (PIT)",1.0
margin-ts,ensemble_simple,adj_ebitda_musd,2026Q4,2026-08-06,1,910.2373306837392,910.2373306837392,LIVE,PIT,5,26,711.6058937241124,755.4780105649203,828.7863941987142,991.6882671687642,1064.9966508025582,1108.8687676433658,120.75933913205694,,,,,,,,2026-08-06,invmae4,"w yoy_ma 0.24, increm 0.31, pct_re 0.24, per_ni 0.22; sigma relative n=12 (PIT)",1.0
margin-ts,ensemble_simple,adj_ebitda_musd,2026Q4,2026-08-06,1,909.4036641178193,909.4036641178193,LIVE,full_sample,1,26,519.2472251451444,605.4218465384429,749.4158604931287,1069.39146774251,1213.3854816971957,1299.5601030904943,237.198272587805,,,,,,,,2026-08-06,eq4,"mean of yoy_ma 904.70, increm 921.80, pct_re 902.35, per_ni 908.77; sigma relative n=18 (full_sample)",1.0
margin-ts,ensemble_simple,adj_ebitda_musd,2026Q4,2026-08-06,1,910.9669300519265,910.9669300519265,LIVE,full_sample,5,26,524.6344372754314,609.9644561381353,752.5471762964542,1069.3866838073989,1211.9694039657177,1297.2994228284215,234.8734783729744,,,,,,,,2026-08-06,invmae4,"w yoy_ma 0.21, increm 0.33, pct_re 0.20, per_ni 0.26; sigma relative n=18 (full_sample)",1.0
margin-ts,ensemble_simple,adj_ebitda_musd,2027Q1,2026-08-06,2,605.8310171576329,605.8310171576329,LIVE,PIT,1,26,473.6652534309221,502.8569660687934,551.6350379532574,660.0269963620084,708.8050682464724,737.9967808843437,80.3510790024905,,,,,,,,2026-08-06,eq4,"mean of yoy_ma 593.95, increm 649.91, pct_re 591.69, per_ni 587.78; sigma relative n=12 (PIT)",1.0
margin-ts,ensemble_simple,adj_ebitda_musd,2027Q1,2026-08-06,2,609.3819501911177,609.3819501911177,LIVE,PIT,5,26,479.7647181346625,508.39353156120353,556.2310235442901,662.5328768379452,710.3703688210319,738.9991822475729,78.80168176221508,,,,,,,,2026-08-06,invmae4,"w yoy_ma 0.23, increm 0.31, pct_re 0.22, per_ni 0.24; sigma relative n=12 (PIT)",1.0
margin-ts,ensemble_simple,adj_ebitda_musd,2027Q1,2026-08-06,2,605.8310171576329,605.8310171576329,LIVE,full_sample,1,26,338.11032247779195,397.24231979644185,496.0492946273431,715.6127396879227,814.419714518824,873.5517118374738,162.76262537477416,,,,,,,,2026-08-06,eq4,"mean of yoy_ma 593.95, increm 649.91, pct_re 591.69, per_ni 587.78; sigma relative n=17 (full_sample)",1.0
margin-ts,ensemble_simple,adj_ebitda_musd,2027Q1,2026-08-06,2,610.2327059518283,610.2327059518283,LIVE,full_sample,5,26,340.74106275509786,400.2642129619374,499.7247871186001,720.7406247850565,820.2011989417192,879.7243491485586,163.8392856245811,,,,,,,,2026-08-06,invmae4,"w yoy_ma 0.21, increm 0.33, pct_re 0.20, per_ni 0.27; sigma relative n=17 (full_sample)",1.0
margin-ts,ensemble_simple,adj_ebitda_musd,2027Q2,2026-08-06,3,1446.2557796395313,1446.2557796395313,LIVE,PIT,1,26,1130.7461833216962,1200.433409502644,1316.8777089601992,1575.6338503188633,1692.0781497764185,1761.7653759573664,191.8162146151522,,,,,,,,2026-08-06,eq4,"mean of yoy_ma 1454.88, increm 1437.37, pct_re 1451.83, per_ni 1440.95; sigma relative_borrowed_h2 n=12 (PIT)",1.0
margin-ts,ensemble_simple,adj_ebitda_musd,2027Q2,2026-08-06,3,1446.2557796395313,1446.2557796395313,LIVE,PIT,5,26,1138.6331614380329,1206.5783752228708,1320.1118483464188,1572.3997109326435,1685.933184056192,1753.8783978410297,187.02127238618658,,,,,,,,2026-08-06,invmae4,equal (fewer than 3 past errors for a member); sigma relative_borrowed_h2 n=12 (PIT),1.0
margin-ts,ensemble_simple,adj_ebitda_musd,2027Q2,2026-08-06,3,1446.2557796395313,1446.2557796395313,LIVE,full_sample,1,26,807.1458776301968,948.3073409124157,1184.181956722499,1708.3296025565635,1944.2042183666467,2085.365681648866,388.55123126903635,,,,,,,,2026-08-06,eq4,"mean of yoy_ma 1454.88, increm 1437.37, pct_re 1451.83, per_ni 1440.95; sigma relative_borrowed_h2 n=17 (full_sample)",1.0
margin-ts,ensemble_simple,adj_ebitda_musd,2027Q2,2026-08-06,3,1446.2557796395313,1446.2557796395313,LIVE,full_sample,5,26,807.5587010719448,948.6289832272072,1184.3512393720537,1708.1603199070091,1943.8825760518555,2084.9528582071175,388.30025243725214,,,,,,,,2026-08-06,invmae4,equal (fewer than 3 past errors for a member); sigma relative_borrowed_h2 n=17 (full_sample),1.0
margin-ts,ensemble_simple,adj_ebitda_musd,2027Q3,2026-08-06,4,2714.4328312915545,2714.4328312915545,LIVE,PIT,1,26,2122.262608783517,2253.056412569976,2471.607123940764,2957.2585386423452,3175.809250013133,3306.603053799592,360.0139324284739,,,,,,,,2026-08-06,eq4,"mean of yoy_ma 2771.13, increm 2499.09, pct_re 2763.00, per_ni 2824.52; sigma relative_borrowed_h2 n=12 (PIT)",1.0
margin-ts,ensemble_simple,adj_ebitda_musd,2027Q3,2026-08-06,4,2714.4328312915545,2714.4328312915545,LIVE,PIT,5,26,2137.065434563061,2264.5897090538815,2477.6771803267206,2951.188482256388,3164.275953529228,3291.800228020048,351.01445336420034,,,,,,,,2026-08-06,invmae4,equal (fewer than 3 past errors for a member); sigma relative_borrowed_h2 n=12 (PIT),1.0
margin-ts,ensemble_simple,adj_ebitda_musd,2027Q3,2026-08-06,4,2737.2645855677956,2737.2645855677956,LIVE,full_sample,1,26,1527.6494361010227,1794.8195174442092,2241.2490090879865,3233.280162047605,3679.7096536913823,3946.8797350345685,735.3937941023005,,,,,,,,2026-08-06,eq4,"mean of yoy_ma 2790.89, increm 2510.92, pct_re 2782.71, per_ni 2864.54; sigma relative_borrowed_h2 n=17 (full_sample)",1.0
margin-ts,ensemble_simple,adj_ebitda_musd,2027Q3,2026-08-06,4,2737.2645855677956,2737.2645855677956,LIVE,full_sample,5,26,1528.4307688383558,1795.428275680403,2241.569402899441,3232.9597682361505,3679.100895455188,3946.098402297235,734.9187775266424,,,,,,,,2026-08-06,invmae4,equal (fewer than 3 past errors for a member); sigma relative_borrowed_h2 n=17 (full_sample),1.0
margin-ts,ensemble_simple,adj_ebitda_musd,2027Q4,2026-08-06,5,1047.7921838199056,1047.7921838199056,LIVE,PIT,1,26,819.2098724500606,869.6972979334604,954.0595722556558,1141.5247953841554,1225.887069706351,1276.3744951897506,138.96817785148053,,,,,,,,2026-08-06,eq4,"mean of yoy_ma 1041.15, increm 1080.05, pct_re 1035.69, per_ni 1034.27; sigma relative_borrowed_h2 n=12 (PIT)",1.0
margin-ts,ensemble_simple,adj_ebitda_musd,2027Q4,2026-08-06,5,1047.7921838199056,1047.7921838199056,LIVE,PIT,5,26,824.9238783268884,874.149240074082,956.4026612292464,1139.1817064105646,1221.4351275657293,1270.660489312923,135.49430894107908,,,,,,,,2026-08-06,invmae4,equal (fewer than 3 past errors for a member); sigma relative_borrowed_h2 n=12 (PIT),1.0
margin-ts,ensemble_simple,adj_ebitda_musd,2027Q4,2026-08-06,5,1047.7921838199056,1047.7921838199056,LIVE,full_sample,1,26,584.765954742921,687.035470250444,857.9233465768073,1237.661021063004,1408.5488973893673,1510.8184128968903,281.4999593216967,,,,,,,,2026-08-06,eq4,"mean of yoy_ma 1041.15, increm 1080.05, pct_re 1035.69, per_ni 1034.27; sigma relative_borrowed_h2 n=17 (full_sample)",1.0
margin-ts,ensemble_simple,adj_ebitda_musd,2027Q4,2026-08-06,5,1047.7921838199056,1047.7921838199056,LIVE,full_sample,5,26,585.065039580922,687.2684956309947,858.0459895003875,1237.538378139424,1408.3158720088165,1510.5193280588892,281.3181286511128,,,,,,,,2026-08-06,invmae4,equal (fewer than 3 past errors for a member); sigma relative_borrowed_h2 n=17 (full_sample),1.0
margin-ts,ensemble_simple,adj_ebitda_musd,2026Q3,2026-09-11,0,2367.4976295922406,2367.4976295922406,LIVE,PIT,1,26,2011.6762308449688,2090.2672042540416,2221.5892749380496,2513.4059842464317,2644.7280549304396,2723.319028339512,216.32405030880568,,,,,,,,2026-09-11,eq4,"mean of yoy_ma 2389.37, increm 2260.58, pct_re 2385.90, per_ni 2434.14; sigma relative n=12 (PIT)",1.0
margin-ts,ensemble_simple,adj_ebitda_musd,2026Q3,2026-09-11,0,2362.8245203026013,2362.8245203026013,LIVE,PIT,5,26,2019.600414737108,2095.408999180928,2222.0818199000123,2503.5672207051907,2630.240041424275,2706.0486258680944,208.66543985534784,,,,,,,,2026-09-11,invmae4,"w yoy_ma 0.24, increm 0.28, pct_re 0.23, per_ni 0.24; sigma relative n=12 (PIT)",1.0
margin-ts,ensemble_simple,adj_ebitda_musd,2026Q3,2026-09-11,0,2367.4976295922406,2367.4976295922406,LIVE,full_sample,1,26,1562.0085587543049,1739.9185168692352,2037.1982562783487,2697.797002906132,2995.076742315246,3172.9867004301764,489.70258364618616,,,,,,,,2026-09-11,eq4,"mean of yoy_ma 2389.37, increm 2260.58, pct_re 2385.90, per_ni 2434.14; sigma relative n=19 (full_sample)",1.0
margin-ts,ensemble_simple,adj_ebitda_musd,2026Q3,2026-09-11,0,2353.7051819199496,2353.7051819199496,LIVE,full_sample,5,26,1569.177662785376,1742.4578016754601,2032.0013161578918,2675.4090476820074,2964.9525621644393,3138.232701054523,476.95886508065524,,,,,,,,2026-09-11,invmae4,"w yoy_ma 0.18, increm 0.37, pct_re 0.16, per_ni 0.29; sigma relative n=19 (full_sample)",1.0
margin-ts,ensemble_simple,adj_ebitda_musd,2026Q4,2026-09-11,1,893.6446470775412,893.6446470775412,LIVE,PIT,1,26,695.3255598574916,739.1286873959026,812.3217929302812,974.9675012248013,1048.16060675918,1091.963734297591,120.56944397393518,,,,,,,,2026-09-11,eq4,"mean of yoy_ma 888.12, increm 904.27, pct_re 885.82, per_ni 896.36; sigma relative n=12 (PIT)",1.0
margin-ts,ensemble_simple,adj_ebitda_musd,2026Q4,2026-09-11,1,894.2823545562892,894.2823545562892,LIVE,PIT,5,26,699.1326027880085,742.2357129607093,814.2591201697936,974.3055889427848,1046.3289961518692,1089.4321063245698,118.64262483341207,,,,,,,,2026-09-11,invmae4,"w yoy_ma 0.24, increm 0.31, pct_re 0.24, per_ni 0.22; sigma relative n=12 (PIT)",1.0
margin-ts,ensemble_simple,adj_ebitda_musd,2026Q4,2026-09-11,1,893.6446470775412,893.6446470775412,LIVE,full_sample,1,26,510.24921228017826,594.9305173602048,736.4292652310319,1050.8600289240505,1192.3587767948777,1277.0400818749042,233.08787390884007,,,,,,,,2026-09-11,eq4,"mean of yoy_ma 888.12, increm 904.27, pct_re 885.82, per_ni 896.36; sigma relative n=18 (full_sample)",1.0
margin-ts,ensemble_simple,adj_ebitda_musd,2026Q4,2026-09-11,1,895.1725429048079,895.1725429048079,LIVE,full_sample,5,26,515.538300917807,599.3888639312061,739.4994782332329,1050.845607576383,1190.9562218784095,1274.8067848918088,230.80123104364304,,,,,,,,2026-09-11,invmae4,"w yoy_ma 0.21, increm 0.33, pct_re 0.20, per_ni 0.26; sigma relative n=18 (full_sample)",1.0
margin-ts,ensemble_simple,adj_ebitda_musd,2027Q1,2026-09-11,2,589.7151132414156,589.7151132414156,LIVE,PIT,1,26,461.0651331060209,489.4803076950003,536.9608185476827,642.4694079351484,689.9499187878308,718.3650933768103,78.21363434862657,,,,,,,,2026-09-11,eq4,"mean of yoy_ma 581.05, increm 629.88, pct_re 578.84, per_ni 569.08; sigma relative n=12 (PIT)",1.0
margin-ts,ensemble_simple,adj_ebitda_musd,2027Q1,2026-09-11,2,592.9086205892451,592.9086205892451,LIVE,PIT,5,26,466.795311458434,494.65020652467905,541.1945148607653,644.6227263177249,691.1670346538111,719.0219297200562,76.67144788107746,,,,,,,,2026-09-11,invmae4,"w yoy_ma 0.23, increm 0.31, pct_re 0.22, per_ni 0.24; sigma relative n=12 (PIT)",1.0
margin-ts,ensemble_simple,adj_ebitda_musd,2027Q1,2026-09-11,2,589.7151132414156,589.7151132414156,LIVE,full_sample,1,26,329.1161420614473,386.67515027889135,482.85372929061225,696.5764971922189,792.7550762039398,850.3140844213839,158.43292491803996,,,,,,,,2026-09-11,eq4,"mean of yoy_ma 581.05, increm 629.88, pct_re 578.84, per_ni 569.08; sigma relative n=17 (full_sample)",1.0
margin-ts,ensemble_simple,adj_ebitda_musd,2027Q1,2026-09-11,2,593.461793416734,593.461793416734,LIVE,full_sample,5,26,331.37653918098465,389.2638256653527,485.990943267487,700.9326435659812,797.6597611681153,855.5470476524835,159.3365208559568,,,,,,,,2026-09-11,invmae4,"w yoy_ma 0.21, increm 0.33, pct_re 0.20, per_ni 0.27; sigma relative n=17 (full_sample)",1.0
margin-ts,ensemble_simple,adj_ebitda_musd,2027Q2,2026-09-11,3,1386.5893199295808,1386.5893199295808,LIVE,PIT,1,26,1084.0963288912717,1150.9085518177744,1262.548846893913,1510.6297929652487,1622.2700880413872,1689.08231096789,183.9026805071656,,,,,,,,2026-09-11,eq4,"mean of yoy_ma 1394.08, increm 1385.44, pct_re 1391.17, per_ni 1375.67; sigma relative_borrowed_h2 n=12 (PIT)",1.0
margin-ts,ensemble_simple,adj_ebitda_musd,2027Q2,2026-09-11,3,1386.5893199295808,1386.5893199295808,LIVE,PIT,5,26,1091.6579233039533,1156.8000019740693,1265.6495592265637,1507.529080632598,1616.3786378850925,1681.5207165552083,179.30555752382983,,,,,,,,2026-09-11,invmae4,equal (fewer than 3 past errors for a member); sigma relative_borrowed_h2 n=12 (PIT),1.0
margin-ts,ensemble_simple,adj_ebitda_musd,2027Q2,2026-09-11,3,1386.5893199295808,1386.5893199295808,LIVE,full_sample,1,26,773.8464172818494,909.1841494647012,1135.3275659537765,1637.8510739053852,1863.9944903944604,1999.3322225773122,372.5212338701365,,,,,,,,2026-09-11,eq4,"mean of yoy_ma 1394.08, increm 1385.44, pct_re 1391.17, per_ni 1375.67; sigma relative_borrowed_h2 n=17 (full_sample)",1.0
margin-ts,ensemble_simple,adj_ebitda_musd,2027Q2,2026-09-11,3,1386.5893199295808,1386.5893199295808,LIVE,full_sample,5,26,774.2422093563932,909.4925221639194,1135.4898647097962,1637.6887751493657,1863.6861176952423,1998.9364305027684,372.28060937440097,,,,,,,,2026-09-11,invmae4,equal (fewer than 3 past errors for a member); sigma relative_borrowed_h2 n=17 (full_sample),1.0
margin-ts,ensemble_simple,adj_ebitda_musd,2027Q3,2026-09-11,4,2554.7863135406365,2554.7863135406365,LIVE,PIT,1,26,1997.4439610942104,2120.545264599508,2326.242145284152,2783.330481797121,2989.027362481765,3112.1286659870625,338.8400908835818,,,,,,,,2026-09-11,eq4,"mean of yoy_ma 2608.05, increm 2401.49, pct_re 2600.41, per_ni 2609.20; sigma relative_borrowed_h2 n=12 (PIT)",1.0
margin-ts,ensemble_simple,adj_ebitda_musd,2027Q3,2026-09-11,4,2554.7863135406365,2554.7863135406365,LIVE,PIT,5,26,2011.3761742134097,2131.4002423567094,2331.9551976752414,2777.6174294060315,2978.172384724564,3098.196452867863,330.3699067341137,,,,,,,,2026-09-11,invmae4,equal (fewer than 3 past errors for a member); sigma relative_borrowed_h2 n=12 (PIT),1.0
margin-ts,ensemble_simple,adj_ebitda_musd,2027Q3,2026-09-11,4,2554.7863135406365,2554.7863135406365,LIVE,full_sample,1,26,1425.8095077167688,1675.1688392194362,2091.83734880593,3017.735278275343,3434.403787861837,3683.763119364504,686.3691621705472,,,,,,,,2026-09-11,eq4,"mean of yoy_ma 2608.05, increm 2401.49, pct_re 2600.41, per_ni 2609.20; sigma relative_borrowed_h2 n=17 (full_sample)",1.0
margin-ts,ensemble_simple,adj_ebitda_musd,2027Q3,2026-09-11,4,2554.7863135406365,2554.7863135406365,LIVE,full_sample,5,26,1426.5387533272167,1675.7370149150863,2092.1363837361896,3017.4362433450833,3433.835612166187,3683.033873754056,685.9258123195336,,,,,,,,2026-09-11,invmae4,equal (fewer than 3 past errors for a member); sigma relative_borrowed_h2 n=17 (full_sample),1.0
margin-ts,ensemble_simple,adj_ebitda_musd,2027Q4,2026-09-11,5,946.005622315789,946.005622315789,LIVE,PIT,1,26,739.6286755729042,785.2115584203627,861.3785570413995,1030.6326875901784,1106.7996862112152,1152.3825690586739,125.46827472142816,,,,,,,,2026-09-11,eq4,"mean of yoy_ma 956.42, increm 989.29, pct_re 951.41, per_ni 886.90; sigma relative_borrowed_h2 n=12 (PIT)",1.0
margin-ts,ensemble_simple,adj_ebitda_musd,2027Q4,2026-09-11,5,946.005622315789,946.005622315789,LIVE,PIT,5,26,744.7876009484665,789.2310217836975,863.494029342903,1028.5172152886748,1102.7802228478806,1147.2236436831115,122.33187079403197,,,,,,,,2026-09-11,invmae4,equal (fewer than 3 past errors for a member); sigma relative_borrowed_h2 n=12 (PIT),1.0
margin-ts,ensemble_simple,adj_ebitda_musd,2027Q4,2026-09-11,5,946.005622315789,946.005622315789,LIVE,full_sample,1,26,527.9595414702445,620.2942030144056,774.5813739694155,1117.4298706621623,1271.7170416171723,1364.0517031613335,254.15397090398858,,,,,,,,2026-09-11,eq4,"mean of yoy_ma 956.42, increm 989.29, pct_re 951.41, per_ni 886.90; sigma relative_borrowed_h2 n=17 (full_sample)",1.0
margin-ts,ensemble_simple,adj_ebitda_musd,2027Q4,2026-09-11,5,946.005622315789,946.005622315789,LIVE,full_sample,5,26,528.2295720570988,620.5045914135055,774.6921028878362,1117.3191417437417,1271.5066532180724,1363.781672574479,253.98980396388532,,,,,,,,2026-09-11,invmae4,equal (fewer than 3 past errors for a member); sigma relative_borrowed_h2 n=17 (full_sample),1.0
