segment,year,report_year,sheet,visitors,visitor_days,party_1,party_2,party_3plus,avg_party_size,los_statewide,first_time_visitors,repeat_visitors,parties,share_visitors_1,share_visitors_2,share_visitors_3plus,share_parties_1,share_parties_2,share_parties_3plus,avg_party_size_3plus
hotel,2000,2000,TABLE 30,4476866.751936233,32269716.108680256,757030.7138246843,1905561.8334176855,1814274.2046938634,2.16456631863386,7.208102875682796,2120361.953938707,2356504.797997526,2068251.138067118,0.1690983350123768,0.4256463144884835,0.4052553504991398,0.3660245605048556,0.46066983799620354,0.1733056014989409,5.061591053893076
hotel,1999,2000,TABLE 30,4286278.380400069,31661424.412723273,725470.9933639488,1905022.542420988,1655784.844615132,2.1276214110640126,7.386693444248034,1995879.224772133,2290399.155627936,2014586.9740314952,0.16925428751462368,0.4444467608851804,0.38629895160019584,0.3601090460304977,0.4728072222686787,0.1670837317008236,4.919078070196741
condo,2000,2000,TABLE 31,969033.9733413447,10705820.920410175,131540.50241653298,390006.3328308979,447487.1380939138,2.245423630184959,11.04793146054026,254258.60158220894,714775.3717591359,431559.53304968285,0.13574395329295386,0.40246920496100824,0.4617868417460378,0.304802680378722,0.45185693162060075,0.24334038800067734,4.261138461578146
condo,1999,2000,TABLE 31,1115262.3990012442,11765003.498437133,141892.5451867891,445377.07284085784,527992.7809735973,2.252079735018138,10.549090069720899,292284.83298576355,822977.5660154807,495214.4374196689,0.12722794681669422,0.3993473403565908,0.473424712826715,0.28652748075384243,0.4496810262252346,0.2637914930209229,4.041791452801931
all_air,2000,2000,TABLE 2,6948595.0,61721149.884356655,1268219.0,2937986.0,2742390.0,2.062827133991528,8.882536899170386,2850357.2591039855,4098237.7408960145,3368481.4813127904,0.18251445076306794,0.4228172745713342,0.39466827466559784,0.37649576137961727,0.43609947335304716,0.1874047652673356,4.344246128130439
all_air,1999,2000,TABLE 2,6741037.0,60020236.80624105,1237647.2766079116,2951430.2386715366,2551959.484720552,2.1313582109870155,8.903709116760016,2769507.2355483216,3971529.7644516784,3162789.3261913387,0.18359894428823215,0.4378302980196573,0.37857075769211057,0.3913151174372712,0.4665866003515443,0.14209828221118448,5.678252265199779
first_time,2000,2000,TABLE 33,2850357.178704254,22461258.921735357,502945.94441171107,1251660.0,1095750.2342925428,2.1237381011572984,7.880155893987307,2850357.178704254,0.0,1342141.5649843996,0.17645014743041632,0.4391239137857779,0.38442558795058124,0.3747339010527977,0.46629209341808464,0.1589740055291176,5.135551975765688
first_time,1999,2000,TABLE 33,2769507.4568477855,22491224.641322404,497952.7622804972,1268241.1704491684,1003313.5241181199,2.074627371823828,8.121019709014108,2769507.4568477855,0.0,1334942.1175394405,0.17979831072462973,0.4579302241318616,0.36227146514350866,0.3730144968370026,0.47501728868469034,0.15196821447830705,4.945628269684844
repeat,2000,2000,TABLE 34,4098237.7316444805,39259891.25311571,765272.372766339,1686324.040764213,1646642.3181139287,2.0711279049638054,9.579700794312409,0.0,4098237.7316444805,1978746.8083561456,0.18673205969905063,0.41147540752535844,0.40179277678290964,0.386745979594071,0.42610909936606184,0.18714492103986718,4.446630062862902
repeat,1999,2000,TABLE 34,3971530.230801,37529022.6790894,739694.7239862303,1683190.3110034142,1548645.1958113553,2.084668991480227,9.44951202638091,0.0,3971530.23079441,1905113.1124567646,0.18624929964011497,0.4238140497961007,0.38993665056378435,0.38826813964465706,0.441756003881794,0.16997585647354896,4.782378279696923
hotel,2001,2001,TABLE 30,3888879.589209557,29055648.92975132,697667.0963522536,1590272.9809005575,1600939.511956746,2.13537877980319,7.471470448807877,1754653.7037958154,2134225.8854137417,1821166.167797163,0.17940053949936247,0.40892831583499656,0.411671144665641,0.38308810513218255,0.4366084240473542,0.18030347082046322,4.8755235968343325
hotel,2000,2001,TABLE 30,4476866.751936233,32269716.108680256,757030.7138246843,1905561.8334176855,1814274.2046938634,2.16456631863386,7.208102875682796,2120361.953938707,2356504.797997526,2068251.138067118,0.1690983350123768,0.4256463144884835,0.4052553504991398,0.3660245605048556,0.46066983799620354,0.1733056014989409,5.061591053893076
condo,2001,2001,TABLE 31,872161.8532437587,9941475.728913315,120913.72397410084,337168.0,414080.1292696578,2.258369828906797,11.39865919604121,213059.64843583008,659102.2048079285,386190.8895877978,0.13863679490727154,0.38658879512558275,0.4747744099671456,0.31309315479492156,0.43653023555252357,0.25037660965255487,4.282413618807012
condo,2000,2001,TABLE 31,969033.9733413447,10705820.920410175,131540.50241653298,390006.3328308979,447487.1380939138,2.245423630184959,11.04793146054026,254258.60158220894,714775.3717591359,431559.53304968285,0.13574395329295386,0.40246920496100824,0.4617868417460378,0.304802680378722,0.45185693162060075,0.24334038800067734,4.261138461578146
all_air,2001,2001,TABLE 2,6303791.000000022,57760242.44370861,1213846.1579418192,2582700.419784439,2507244.4222737644,2.041976656550245,9.162779737486057,2451968.4083562028,3851822.591643819,3087102.3817920475,0.19255812223816032,0.40970590868009893,0.39773596908174075,0.39319919063947195,0.41830495078773416,0.18849585857279388,4.308675906646825
all_air,2000,2001,TABLE 2,6948595.0,61721150.0,1268219.0,2937986.0,2742390.0,2.06,8.881731640183888,2850357.2591039855,4098237.7408960145,3373104.3689320385,0.18251445076306794,0.4228172745713342,0.39466827466559784,0.37597976857191995,0.4355017928084743,0.18851843861960577,4.312663799702077
first_time,2001,2001,TABLE 33,2451968.4083562028,20544583.940059632,467939.0,1059534.172026815,924495.2363293881,2.0637138740311114,8.378812659267785,2451968.4083562028,0.0,1188133.8974412682,0.19084218149193277,0.43211575174295397,0.37704206676511337,0.3938436576952651,0.44588163602965875,0.16027470627507617,4.854833069798799
first_time,2000,2001,TABLE 33,2850357.178704254,22461258.921735357,502945.94441171107,1251660.0,1095751.2342925428,2.1237381011572984,7.880155893987307,2850357.178704254,0.0,1342141.5649843996,0.17645014743041632,0.4391239137857779,0.38442593878380577,0.3747339010527977,0.46629209341808464,0.1589740055291176,5.135556662556359
repeat,2001,2001,TABLE 34,3851822.591643819,37903897.58748075,745904.2275831401,1523161.8509080252,1582756.5131526538,2.062913753473426,9.84050970304547,0.0,3851822.5916436813,1867175.7775419948,0.19364968397072907,0.39543925366977883,0.4109110623594921,0.3994825964189994,0.40787853752932685,0.19263886605167374,4.4003274072864995
repeat,2000,2001,TABLE 34,4098237.7316444805,39259891.25311571,765272.8486621073,1686324.040764213,1646640.8422181602,2.0711279049638054,9.579700794312409,0.0,4098237.7316444805,1978746.8083561456,0.186732175821101,0.41147540752535844,0.4017924166535406,0.3867462200976899,0.42610909936606184,0.1871446805362483,4.446631791774648
hotel,2002,2002,TABLE 30,3905217.8250183137,29958318.52353251,622532.090257152,1525818.325674677,1756867.409086485,2.245041686279552,7.671356596707129,1701190.9095482007,2204026.915470113,1739485.6625090023,0.15941033718246755,0.39071273205292245,0.44987693076461005,0.3578828521985189,0.43858318540949187,0.20353396239198923,4.962279765953207
hotel,2001,2002,TABLE 30,3888879.589209557,29055648.92975132,697667.0963522536,1590272.9809005575,1600939.511956746,2.13537877980319,7.471470448807877,1754653.7037958154,2134225.8854137417,1821166.167797163,0.17940053949936247,0.40892831583499656,0.411671144665641,0.38308810513218255,0.4366084240473542,0.18030347082046322,4.8755235968343325
condo,2002,2002,TABLE 31,821834.0026298069,9385671.27525537,105799.29960478026,316249.60539871856,399785.0976263081,2.2986794562622532,11.420397848253941,191332.74716551712,630501.2554642898,357524.4040185327,0.12873560751469332,0.38480958975504015,0.4864548027302666,0.29592189628346605,0.4422769492713082,0.2618011544452257,4.271194540015378
condo,2001,2002,TABLE 31,872161.8532437587,9941475.728913315,120913.72397410084,337168.0,414080.1292696578,2.258369828906797,11.39865919604121,213059.64843583008,659102.2048079285,386190.8895877978,0.13863679490727154,0.38658879512558275,0.4747744099671456,0.31309315479492156,0.43653023555252357,0.25037660965255487,4.282413618807012
all_air,2002,2002,TABLE 2,6389057.941713482,60068620.48877384,1133919.1503256522,2556168.1672634706,2698970.6241243593,2.0964040720651402,9.40179676810973,2411779.7524822447,3977278.1892312365,3047627.1377491197,0.17747830128795894,0.4000853006159984,0.42243639809604266,0.37206623352328094,0.4193702266923924,0.20856353978432668,4.246175463232266
all_air,2001,2002,TABLE 2,6303791.000000022,57760242.44370861,1213846.1579418192,2582700.419784439,2507244.4222737644,2.041976656550245,9.162779737486057,2451968.4083562028,3851822.591643819,3087102.3817920475,0.19255812223816032,0.40970590868009893,0.39773596908174075,0.39319919063947195,0.41830495078773416,0.18849585857279388,4.308675906646825
first_time,2002,2002,TABLE 33,2411779.7524822447,20610608.63313788,417636.0472320357,1025910.1563923538,968233.5488578549,2.1341590548167995,8.545808800295754,2411779.7524822447,,1130084.3519787595,0.17316508557723714,0.4253747280764214,0.40146018634634134,0.36956183536278664,0.4539086638072643,0.176529500829949,4.853465782270696
first_time,2001,2002,TABLE 33,2451968.4083562028,20544583.940059632,467939.0,1059534.172026815,924495.2363293881,2.0637138740311114,8.378812659267785,2451968.6309862137,,1188133.8974412682,0.19084218149193277,0.43211575174295397,0.37704206676511337,0.3938436576952651,0.44588163602965875,0.16027470627507617,4.854833069798799
repeat,2002,2002,TABLE 34,3977278.1892312365,39456703.895646796,716283.1030934035,1530256.4834038278,1730738.602734373,2.1272361515859766,9.920529069975197,,3977278.189231579,1869692.8341810792,0.18009379002776094,0.3847496731677221,0.4351565368046094,0.3831020208231871,0.4092267070366337,0.20767127214017925,4.457432687487364
repeat,2001,2002,TABLE 34,3851822.591643819,37903897.58748075,745904.2275831401,1523161.8509080252,1582756.5131526538,2.062913753473426,9.84050970304547,,3851822.5916436813,1867175.7775419948,0.19364968397072907,0.39543925366977883,0.4109110623594921,0.3994825964189994,0.40787853752932685,0.19263886605167374,4.4003274072864995
hotel,2004,2004,TABLE 30,4169795.463440716,30472299.78432258,673039.5236966826,1703807.0694923492,1792948.870251684,2.200335047166137,7.307864390829927,1812375.192097677,2357420.271343039,1895072.9657336017,0.16140828239602012,0.4086068691931592,0.4299848484108207,0.3551523006588521,0.44953600739926874,0.19531169194187914,4.844106987667135
hotel,2003,2004,TABLE 30,3794296.5101725915,29269741.38164875,640959.8044397634,1568265.9443172219,1585070.761415606,2.165402636716055,7.714141818694436,1638790.5220264178,2155505.988146174,1752236.0256875085,0.16892717865389176,0.41332192676894564,0.4177508945771625,0.36579535807014124,0.4475041950190175,0.1867004469108413,4.845188662241761
condo,2004,2004,TABLE 31,883050.2494658558,9922471.38258718,105323.6607643769,338787.1562466839,438939.432454795,2.3245132956711325,11.23658748592069,211476.50409026112,671573.7453755947,379886.0824372707,0.11927255649164432,0.38365558070065814,0.4970718628076976,0.2772506433735135,0.4459062491485545,0.27684310747793195,4.173664154136888
condo,2003,2004,TABLE 31,863569.8596271878,9809074.749679506,105068.21381195079,326930.4367917156,431571.2090235214,2.3281346551878026,11.358750702478416,208639.5876283157,654930.2719988722,370927.7973689742,0.12166730072921933,0.37858018450627134,0.49975251476450927,0.2832578592308517,0.4406928236582214,0.276049317110927,4.214794518665567
all_air,2004,2004,TABLE 2,6912094.418607716,62761989.18896615,1208751.2393151266,2823222.487763453,2880120.691529137,2.102116109835711,9.080024864823795,2600834.4359180005,4311259.982689716,3288160.1478939834,0.17487481595464113,0.4084467480888559,0.416678435956503,0.3676071678228061,0.4293012445837962,0.20309158759339768,4.312864275791339
all_air,2003,2004,TABLE 2,6380439.004671121,58782699.21561432,1152968.089762701,2620904.0,2606566.91490842,2.0783551702320655,9.212955279814944,2389703.316524148,3990735.688146973,3069946.4153466574,0.1807035674063513,0.4107717349983654,0.40852469759528326,0.3755661935983688,0.4268647796095243,0.19756902679210694,4.297533025295889
first_time,2004,2004,TABLE 33,2600834.4359180005,21322187.414550487,450102.36313048593,1149630.6000469811,1001101.4727405338,2.1165202394860514,8.198210205189215,2600834.4359180005,,1228825.6863301028,0.17306075193195297,0.4420237536731949,0.38491549439485223,0.3662865841246532,0.4677761104914569,0.16593730538388993,4.909573724207155
first_time,2003,2004,TABLE 33,2389703.316524148,20360581.980022337,430420.2822112795,1060922.0,898361.0343128687,2.087427736143241,8.520129607401243,2389703.316524148,,1144807.686104332,0.1801145268682687,0.44395552898303864,0.37592994414869274,0.3759760590671411,0.4633625424066697,0.1606613985261892,4.884350562495841
repeat,2004,2004,TABLE 34,4311259.982689716,41447855.91950978,758645.3537929497,1673392.1356812953,1879222.4932154706,2.1273163607087864,9.613861396883616,,4311259.982689716,2026619.106738443,0.17596836118420417,0.3881445661825517,0.435887072633244,0.3743403737142704,0.4128531429801783,0.21280648330555132,4.357337646065834
repeat,2003,2004,TABLE 34,3990735.688146973,39865002.132399045,722625.8193998323,1560088.4370933184,1708021.4316538223,2.1035893940449313,9.989386731575213,,3990735.688146959,1897107.72427565,0.18107584061408255,0.390927527905943,0.42799663147997447,0.3809092178335544,0.4111755007715728,0.20791528139487278,4.330269370428457
hotel,2005,2005,TABLE 32,4374061.037033954,31875016.916274447,680676.1289426493,1819689.7677923024,1873695.1402990022,2.211603625837155,7.287282149562518,1868190.8104552114,2505870.2265787423,1977778.01859872,0.15561651361962134,0.4160183756892044,0.4283651106911743,0.3441620457612916,0.46003387404456414,0.19580408019414422,4.838376355831771
hotel,2004,2005,TABLE 32,4169795.463440716,30472299.78432258,673039.5236966826,1703807.0694923492,1792948.870251684,2.200335047166137,7.307864390829927,1812375.192097677,2357420.271343039,1895072.9657336017,0.16140828239602012,0.4086068691931592,0.4299848484108207,0.3551523006588521,0.44953600739926874,0.19531169194187914,4.844106987667135
condo,2005,2005,TABLE 33,945666.7069691111,10654600.453635562,111338.8928761869,364244.5153383257,470083.2987545986,2.3299894699776305,11.266760662203984,216470.28148541044,729196.4254837007,405867.3737174401,0.11773587042419124,0.385172188736283,0.49709194083952585,0.27432333832701633,0.4487235719418879,0.27695308973109567,4.182004211945776
condo,2004,2005,TABLE 33,883050.2494658558,9922471.38258718,105323.6607643769,338787.1562466839,438939.432454795,2.3245132956711325,11.23658748592069,211476.50409026112,671573.7453755947,379886.0824372707,0.11927255649164432,0.38365558070065814,0.4970718628076976,0.2772506433735135,0.4459062491485545,0.27684310747793195,4.173664154136888
timeshare,2005,2005,TABLE 34,390677.2226874006,3309964.8138673464,38914.72701342585,186557.37924665143,165205.11642732332,2.251543337208813,8.472377250710124,99026.95137213498,291650.2713152656,173515.3022511724,0.09960838450150285,0.477523050776689,0.42286856472180817,0.22427259445449235,0.5375819216699399,0.23814548387556775,3.9980052693836585
timeshare,2004,2005,TABLE 34,344651.67518160044,3382819.111506534,35421.95298170293,163387.72206492626,145842.00013497125,2.247673296954114,9.815182559968967,91269.35852167323,253382.3166599272,153337.08668810886,0.10277609404636942,0.474066235072949,0.42315767088068157,0.23100708215326926,0.5327730087805197,0.2362199090662111,4.026418437800736
all_air,2005,2005,TABLE 2,7416574.032813873,67687478.90039678,1254215.2570808467,3079233.666184354,3083125.1095486726,2.1106515230106884,9.126515531782502,2747832.8217378515,4668741.211076022,3513878.98568622,0.16910978728611076,0.41518275858376114,0.4157074541301281,0.3569318300914432,0.4381530608662972,0.2049151090422597,4.28183932013379
all_air,2004,2005,TABLE 2,6912094.418607716,62761989.18896615,1208751.2393151266,2823222.487763453,2880120.691529137,2.102116109835711,9.080024864823795,2600834.4359180005,4311259.982689716,3288160.1478939834,0.17487481595464113,0.4084467480888559,0.416678435956503,0.3676071678228061,0.4293012445837962,0.20309158759339768,4.312864275791339
first_time,2005,2005,TABLE 35,2747832.8217378515,22850554.23892066,462204.156912288,1236105.845823987,1049522.8190015769,2.1159629077879494,8.315845876121733,2747832.8217378515,-0.22594370995648205,1298620.5058813936,0.1682067967366259,0.4498475438699428,0.3819456593934314,0.3559193427325275,0.4759303584941557,0.16815029877331683,4.806312293007704
first_time,2004,2005,TABLE 35,2600834.4359180005,21322187.414550487,450102.36313048593,1149630.6000469811,1001101.4727405338,2.1165202394860514,8.198210205189215,2600834.4359180005,0.0,1228825.6863301028,0.17306075193195297,0.4420237536731949,0.38491549439485223,0.3662865841246532,0.4677761104914569,0.16593730538388993,4.909573724207155
repeat,2005,2005,TABLE 36,4668741.211076022,44836485.874635026,791994.6675011754,1843100.4199248077,2033646.1236500388,2.1439366714663444,9.603549189718613,0.0,4210424.977136692,2177648.842529868,0.16963773139155028,0.3947745948206072,0.43558767378784247,0.3636925531947021,0.4231858653995837,0.21312158140571424,4.381876210343453
repeat,2004,2005,TABLE 36,4311259.982689716,41447855.91950978,758645.3537929497,1673392.1356812953,1879222.4932154706,2.1273163607087864,9.613861396883616,0.0,4311259.982689716,2026619.106738443,0.17596836118420417,0.3881445661825517,0.435887072633244,0.3743403737142704,0.4128531429801783,0.21280648330555132,4.357337646065834
all_air,2006,2006,TABLE 2,7461299.138575913,68477196.04292701,1194813.4169446968,3067907.6922571287,3198578.0293740877,2.154946901252113,9.177771385472548,2695005.2178321388,4766293.920743775,3462405.098817326,0.16013476939523197,0.41117607473953643,0.42868915586523154,0.34508192509097685,0.44303130406448565,0.21188677084453758,4.359886954480813
all_air,2005,2006,TABLE 2,7416574.032813873,67687478.90039678,1254215.2570808467,3079233.666184354,3083125.1095486726,2.1106515230106884,9.126515531782502,2747832.8217378515,4668741.211076022,3513878.98568622,0.16910978728611076,0.41518275858376114,0.4157074541301281,0.3569318300914432,0.4381530608662972,0.2049151090422597,4.28183932013379
first_time,2006,2006,TABLE 35,2695005.2178321388,22458177.214873042,416333.9750311338,1193060.3995142458,1085610.8432826544,2.2189956473449994,8.333259270250464,2695005.2178321388,0.9999999965075403,1214515.7747635418,0.15448355063521277,0.4426931686885353,0.40282328067472883,0.34279832644593794,0.49116710721461265,0.16603456633944946,5.383596477368438
first_time,2005,2006,TABLE 35,2747832.8217378515,22850554.23892066,462204.156912288,1236105.845823987,1049522.8190015769,2.1159629077879494,8.315845876121733,2747832.8217378515,-0.22594370995648205,1298620.5058813936,0.1682067967366259,0.4498475438699428,0.3819456593934314,0.3559193427325275,0.4759303584941557,0.16815029877331683,4.806312293007704
repeat,2006,2006,TABLE 36,4766293.920743775,46019018.82806909,778479.4419162512,1874847.2927333105,2112967.186130201,2.188080900156779,9.655094627669936,0.0,4766293.920779762,2178298.764182925,0.16333013759981685,0.39335536664527454,0.4433144957624592,0.3573795545021378,0.43034668236534607,0.21227376313251614,4.569608446310548
repeat,2005,2006,TABLE 36,4668741.211076022,44836485.874635026,791994.6675011754,1843100.4199248077,2033646.1236500388,2.1439366714663444,9.603549189718613,0.0,4210424.977136692,2177648.842529868,0.16963773139155028,0.3947745948206072,0.43558767378784247,0.3636925531947021,0.4231858653995837,0.21312158140571424,4.381876210343453
hotel,2007,2007,TABLE 34,3996218.8923293785,28891416.815086152,570634.4625854024,1666581.6603714311,1759002.7693725447,2.284093332555926,7.229688261206701,1636913.794797095,2359305.0975322835,1749586.5144256453,0.14279359513582152,0.41703963303171016,0.4401667718324683,0.3261538985814202,0.47627872260964954,0.19756737880893024,5.088805625788674
hotel,2006,2007,TABLE 34,4184423.814067402,30591392.47638695,608826.1052530741,1704406.0192789554,1871191.6895353722,2.3158804273420768,7.310777740424691,1768891.4476864794,2415532.366380922,1806839.3189323,0.14549819337283487,0.4073215560883196,0.44718025053884547,0.336956418245781,0.47165400968972865,0.1913895720644904,5.411036654431092
condo,2007,2007,TABLE 35,1014850.3812727468,11245928.646940257,117273.42967327854,397844.40938484826,499732.54221462004,2.327180898193327,11.081366134815344,227537.48115036765,787312.9001223792,436085.73018995265,0.11555735883569683,0.39202272248831654,0.49241991867598667,0.2689228781281055,0.4561538957162769,0.2749232261556176,4.168255424094339
condo,2006,2007,TABLE 35,982722.8013681078,10831976.334004395,112740.27772175093,383056.1006211199,486926.42302523705,2.3355563461218494,11.022412748462278,223173.40606838424,759549.3952997235,420766.04274604714,0.11472235870053933,0.38979059007061234,0.4954870512288484,0.26794053290511183,0.4551889431489995,0.27687052394588874,4.179707938664168
timeshare,2007,2007,TABLE 36,500570.8999295754,4832477.298310347,48148.40435818816,228265.8943345836,224156.60123680363,2.299829482499266,9.653931738721171,112689.55064070084,387881.3492888746,217655.65827323683,0.09618698243338175,0.4560111152420127,0.4478019023246056,0.22121365803293036,0.5243739035904756,0.254412438376594,4.048025418320634
timeshare,2006,2007,TABLE 36,473671.74938531755,4576804.400933655,45043.81568596164,217089.75277686567,211538.18092249025,2.3035869907196136,9.662396811447929,110693.3407776498,362978.4086076678,205623.55634650812,0.09509500143171906,0.45831264595911075,0.44659235260917024,0.21905960818057105,0.5278815244568458,0.2530588673625831,4.065316281335189
all_air,2007,2007,TABLE 2,7496820.244690873,69135310.223704,1187586.5239346386,3136631.2965401514,3172602.424216083,2.142798091494495,9.221951491740988,2646523.2682624552,4850296.9764284175,3498612.5265130387,0.15841203139099783,0.41839489198923546,0.42319307661976674,0.3394449985343962,0.44826788802278955,0.21228711344281426,4.271655034580314
all_air,2006,2007,TABLE 2,7528106.126647282,69145853.82841632,1209986.9785749728,3094983.9659443633,3223135.182127946,2.1537314355663217,9.1850266070511,2721126.352307894,4806979.774339385,3495378.3012726344,0.16072926685929342,0.41112384893048065,0.4281468842102259,0.34616767465038845,0.4427251786762979,0.2111071466733137,4.367987621898463
us_west,2007,2007,TABLE 13,3244707.22651761,30536960.87452424,553341.301890548,1310811.4764014075,1380554.4482256502,2.0886804189496937,9.411315375597908,678793.289749648,2565913.9367679576,1553472.3249568413,0.1705365887462281,0.40398451536357544,0.4254788958901952,0.3561964336287233,0.4218972733993908,0.2219062929718859,4.0047960182669415
us_west,2006,2007,TABLE 13,3219948.0,30354176.050265346,552347.7798997078,1293706.6078333585,1373893.6122669338,2.089708677173783,9.42691498442377,693441.9209300252,2526506.0144441864,1540859.7548414278,0.17153934780925276,0.4017787268096747,0.4266819253810725,0.35846726359372705,0.4198002458590061,0.22173249054726685,4.021246140614528
us_east,2007,2007,TABLE 15,1901501.871079464,19595531.242466692,391536.0725571642,920277.7826577798,589688.01586452,1.9015386916738095,10.305290887803004,870223.252857307,1031278.618222157,999980.6364211747,0.20590885473854043,0.483974166239104,0.3101169790223556,0.3915436542435767,0.46014780143711426,0.14830854431930912,3.9761662907726882
us_east,2006,2007,TABLE 15,1953316.0,20074198.39989363,407446.7376617369,953104.235887546,592765.0264507171,1.8921479194440438,10.276984573870092,911235.2916807063,1042080.7083192937,1032327.3249027638,0.20859233102157404,0.48794165198439265,0.3034660169940333,0.3946875451544546,0.46162889080617914,0.14368356403936627,3.9962997613276876
japan,2007,2007,TABLE 20,1296421.0,7372698.673001077,76039.90977007103,440136.73054962704,780244.3596803021,2.9196899752165053,5.6869633190152555,566925.1099889069,729495.8900110931,444026.9381353977,0.05865371647795818,0.33950138924749523,0.6018448942745467,0.17125066800988567,0.4956194013789943,0.33312993061112006,5.2748202517410645
japan,2006,2007,TABLE 20,1362878.0,7645125.756904296,88945.5347369289,427388.05104288494,846544.4142202057,3.004122917509495,5.609545210139349,607829.0618541781,755048.9381458416,453669.18645588093,0.06526302041483456,0.31359230323101916,0.6211446763541606,0.19605813529409452,0.4710349124454457,0.3329069522604598,5.60515466755598
canada,2007,2007,TABLE 22,333397.0,4206656.422034628,37724.391374058,165498.62247343583,130173.98615250616,2.185270006831387,12.617560158666098,129679.90000745005,203717.09999254992,152565.58638418384,0.11315156217379882,0.49640105481883706,0.3904473830073641,0.24726671504451944,0.5423851682275339,0.21034811672794662,4.056289966386184
canada,2006,2007,TABLE 22,280920.0,3554372.558037244,32431.52478025025,138666.57022797572,109821.90499177537,2.1837122303321728,12.652614829977374,110423.110776223,170496.88922377836,128643.32401402,0.1154475465621894,0.4936158700981622,0.3909365833396532,0.252104219389696,0.538957506309707,0.2089382743005971,4.08586220586313
europe,2007,2007,TABLE 23,108022.0,1327041.945967364,25236.052022563592,55057.42479574034,27728.523181696066,1.8075018591888115,12.284922941320879,75635.82255422493,32386.177445775076,59763.14737982022,0.23361955918760616,0.5096871451717274,0.2566932956406664,0.4222677875744687,0.4606302312512675,0.11710198117426375,3.962132873066867
europe,2006,2007,TABLE 23,106032.0,1320830.13786457,24479.01734700777,56498.96681034307,25054.015842649154,1.7883225566182277,12.456901104049438,73203.40689624757,32828.59310375243,59291.3172221625,0.23086443099260384,0.5328482609999158,0.23628730800748032,0.4128600694649057,0.47645228220047303,0.11068764833462123,3.8175706965508533
oceania,2007,2007,TABLE 24,164151.0,1467446.1314293933,15043.067868044169,85626.6554141607,63481.27671779512,2.232047569879317,8.939611281255633,84688.43504248105,79462.56495751895,73542.78744555401,0.09164164621625313,0.5216334680517372,0.38672488573200964,0.20454851373672794,0.5821553573663002,0.21329612889697183,4.0469011128979915
oceania,2006,2007,TABLE 24,135813.0,1186724.3366741212,12517.203303690734,71703.97311315266,51591.82358315657,2.2261560458434766,8.737928892478049,75235.85346356482,60577.14653643514,61007.85264069002,0.09216498644231946,0.5279610428541647,0.37987397070351564,0.20517364178365155,0.5876618337598127,0.20716452445653563,4.082063465058291
other_asia,2007,2007,TABLE 25,121109.0,1084779.7262876953,14428.23898877707,31840.01684167844,74840.74416954449,2.7526237255947668,8.957052954674676,88527.6288688484,32581.371131151587,43997.65898763793,0.11913432518456159,0.2629038043554025,0.6179618704600359,0.3279319700357464,0.36183762470890285,0.3102304052553507,5.483074764193753
other_asia,2006,2007,TABLE 25,117532.0,912265.1812659715,15158.071304745674,25826.35569241707,76547.57300283725,2.8557073671081428,7.761845125293295,85615.3774293156,31916.622570684416,41156.878100930844,0.12896973849458593,0.219738928057185,0.651291333448229,0.3682998323529997,0.31375503784667474,0.3179451298003256,5.849743508352644
latin_america,2007,2007,TABLE 26,19943.0,249618.9789296054,5042.345360856245,8070.333160411649,6830.321478732106,1.8505952965320775,12.516621317234387,13483.08641148051,6459.91358851949,10776.532306859408,0.2528378559322191,0.4046699674277516,0.3424921766400294,0.46790054697341965,0.374440169184793,0.15765928384178732,4.02015279877277
latin_america,2006,2007,TABLE 26,19020.0,218247.95691694,4643.141239348815,7753.440002616719,6623.418758034467,1.8746887089546405,11.47465598932387,12664.213176311521,6355.786823688478,10145.68440570909,0.24411888745261912,0.4076466878347381,0.3482344247126428,0.4576469219499937,0.38210532146327025,0.16024775658673612,4.0738863244226025
other_mma,2007,2007,TABLE 27,307568.0,3294576.2290632986,69195.14409758242,119312.25424627867,119060.60165613893,1.9632828937895401,10.711700271365352,138566.74278372133,169001.25721627867,156660.05188194272,0.22497510826088027,0.3879215466052342,0.3871033451338856,0.4416897815770361,0.38079986829121903,0.17751035013174485,4.281403169257529
other_mma,2006,2007,TABLE 27,332647.0,3879913.450594213,72017.96830122914,120335.76533319843,140293.2663655724,2.0281575807046823,11.663756025439017,151478.11610117508,181168.88389882492,164014.3759857269,0.21649967774015438,0.36175214366339825,0.4217481785964473,0.4390954626288149,0.36684517625354524,0.19405936111763988,4.407784095765654
first_time,2007,2007,TABLE 37,2646523.2682624552,22281679.419908576,410112.7934034423,1193000.084607462,1043410.390251551,2.1826289888805097,8.41922672175762,2646523.2682624552,,1212539.2275761357,0.15496285195055065,0.4507801230822779,0.39425702496717147,0.3382264128668705,0.49194288212525195,0.16983070500787759,5.06690949509525
first_time,2006,2007,TABLE 37,2721126.352307894,22715335.08074055,421959.31289408397,1204686.2477540507,1094480.7916597596,2.216178427985216,8.347769320404685,2721126.352307894,,1227846.2410545791,0.15506788669927207,0.4427160270350214,0.4022160862657067,0.34365810537618235,0.49056885441916703,0.16577304020465056,5.377126538008038
repeat,2007,2007,TABLE 38,4850296.9764284175,46853630.70031872,777473.7305263029,1943631.2119331106,2129192.033969004,2.1753810125960586,9.65995091187592,,4850296.9764165785,2229631.01559858,0.16029404679851303,0.4007241662477191,0.4389817869537679,0.3487006258376693,0.43586387127183734,0.21543550289049337,4.4326614295329065
repeat,2006,2007,TABLE 38,4806979.774339385,46019018.82806909,788027.6656806637,1890297.7181894006,2128654.390470542,2.1867975813447824,9.573374756791733,,4806979.774340606,2198182.3170772432,0.16393405062515806,0.3932402063100382,0.4428257430650578,0.3584905854071488,0.42996836602315736,0.21154104856969386,4.577694355017047
hotel,2008,2008,TABLE 34,3647579.0,26775790.067323335,556056.0,1559816.0,1531707.0,2.220970386110897,7.340701892220384,1518847.0,2128732.0,1642335.7208230107,0.15244522462707455,0.42763049134782277,0.4199242840251027,0.33857632940075616,0.4748773287407832,0.1865463418584606,4.999505162830806
hotel,2007,2008,TABLE 34,3996219.0,28891416.815086152,570634.0,1666582.0,1759003.0,2.28,7.229688261206701,1636914.0,2359305.0,1752727.6315789474,0.14279347553274732,0.4170397067828365,0.4401668176844162,0.3255691242146639,0.47542526573243354,0.19900561005290252,5.042975140518314
condo,2008,2008,TABLE 35,919443.0,10639558.173307888,107468.0,367525.0,444450.0,2.3124369319250895,11.571743080656319,203256.0,716187.0,397607.81680414063,0.11688380900175432,0.3997257034965735,0.4833904875016722,0.2702864366797349,0.4621702397026072,0.26754332361765787,4.178052364474568
condo,2007,2008,TABLE 35,1014850.0,11245928.646940257,117273.0,397844.0,499733.0,2.33,11.081366134815344,227537.0,787313.0,435557.9399141631,0.1155569788638715,0.392022466374341,0.4924205547617875,0.26924776075282064,0.4567061733261073,0.27404606592107206,4.186667992254302
timeshare,2008,2008,TABLE 36,508588.0,4985190.665299582,48460.0,237739.0,222389.0,2.290662540209364,9.80202180409208,108735.0,399853.0,222026.5932115499,0.09528341211353787,0.4674490943553525,0.43726749353110966,0.21826214283181236,0.5353840649472992,0.24635379222088846,4.065828491833642
timeshare,2007,2008,TABLE 36,500571.0,4832477.298310347,48148.0,228266.0,224157.0,2.3,9.653931738721171,112690.0,387881.0,217639.56521739133,0.09618615541052118,0.4560112351694365,0.4478026094200423,0.22122815744419871,0.5244129204448519,0.25435892211094935,4.049183701198587
all_air,2008,2008,TABLE 2,6713436.0,63130132.90346176,1123053.0,2834902.0,2755481.0,2.133807902540517,9.403550268962386,2338202.0,4375234.0,3146223.2340629008,0.16728438313852995,0.42227288679001335,0.4104427300714567,0.3569527387126108,0.45052461143056377,0.19252264985682543,4.549105996713087
all_air,2007,2008,TABLE 2,7496820.0,69135310.223704,1187587.0,3136631.0,3172602.0,2.14,9.221951491740988,2646523.0,4850297.0,3503186.9158878503,0.15841210006376036,0.4183948660898888,0.4231930338463509,0.3390018941364472,0.447682506716181,0.21331559914737178,4.245508045595497
us_west,2008,2008,TABLE 13,2769229.0,26649336.453176547,496155.0,1130469.0,1142605.0,2.0564933885929984,9.62337764524947,542868.0,2226361.0,1346578.1195117955,0.17916719780126525,0.4082251774771967,0.412607624721538,0.368456157731036,0.41975618926952923,0.21178765299943472,4.006488765070591
us_west,2007,2008,TABLE 13,3244707.0,30536960.87452424,553341.0,1310811.0,1380554.0,2.09,9.41,678793.0,2565914.0,1552491.3875598088,0.1705365076107026,0.4039843967421404,0.4254787874529195,0.35642130090636837,0.4221636945955366,0.22141500449809498,4.016216822307779
us_east,2008,2008,TABLE 15,1683114.0,17586975.28711268,371800.0,793820.0,517494.0,1.8723765769876553,10.44906957408273,738892.0,944222.0,898918.5298973632,0.22090006975166268,0.47163769061394534,0.30746223963439195,0.4136081164579525,0.44154168236505087,0.14485020117699668,3.9743479202776846
us_east,2007,2008,TABLE 15,1901502.0,19595531.242466692,391536.0,920278.0,589688.0,1.9,10.31,870223.0,1031279.0,1000790.5263157896,0.2059088026202444,0.4839742477262711,0.31011694965348446,0.39122672497846434,0.4597755353399575,0.14899773968157812,3.954571429075653
japan,2008,2008,TABLE 20,1175199.0,6744052.791609204,65239.0,440994.0,668966.0,2.8019181176975136,5.7386474900073985,496531.0,678668.0,419426.60371735774,0.055513151389679535,0.375250489491567,0.5692363591187535,0.155543304649228,0.525710572590641,0.31874612276013103,5.003837079038822
japan,2007,2008,TABLE 20,1296421.0,7372698.673001077,76040.0,440137.0,780244.0,2.92,5.69,566925.0,729496.0,443979.79452054796,0.05865378607720794,0.3395015970892172,0.6018446168335749,0.1712690553454472,0.49567233175025704,0.3330586129042958,5.276507536705027
canada,2008,2008,TABLE 22,359580.0,4632068.222863436,43307.0,170936.0,145337.0,2.189817147783525,12.88188504050124,139243.0,220337.0,164205.49102191356,0.12043773291061795,0.47537682852216473,0.40418543856721734,0.2637366127678434,0.5204941653783923,0.21576922185376426,4.102031775684674
canada,2007,2008,TABLE 22,333397.0,4206656.422034628,37724.0,165499.0,130174.0,2.19,12.62,129680.0,203717.0,152236.07305936073,0.11315038827583931,0.4964021871822482,0.3904474245419125,0.2477993503240881,0.5435603949645618,0.20864025471135011,4.098345551436252
europe,2008,2008,TABLE 23,115172.0,1474584.3562977137,26900.0,60075.0,28197.0,1.7849463411245792,12.803323345064024,81104.0,34068.0,64524.0685092178,0.23356371340256313,0.5216111554891814,0.2448251311082555,0.4168986956573749,0.46552396174008914,0.11757734260253595,3.7167001083217257
europe,2007,2008,TABLE 23,108022.0,1327041.945967364,25236.0,55057.0,27729.0,1.81,12.28,75636.0,32386.0,59680.66298342541,0.23361907759530465,0.5096832126788987,0.2566977097257966,0.4228505304475014,0.46126330747440336,0.11588616207809518,4.009304012420262
oceania,2008,2008,TABLE 24,155480.0,1343771.1960784635,19413.0,76048.0,60019.0,2.15433110367893,8.642727013625311,82235.0,73245.0,72170.89319951253,0.12485850270131206,0.4891175713918189,0.38602392590686907,0.26898655592821624,0.5268605987026475,0.20415284536913628,4.073532988686637
oceania,2007,2008,TABLE 24,164151.0,1467446.1314293933,15043.0,85627.0,63481.0,2.23,8.94,84688.0,79463.0,73610.31390134529,0.091641232767391,0.5216355672521032,0.38672319998050575,0.20435994907128194,0.5816236574860951,0.21401639344262294,4.029563913699595
other_asia,2008,2008,TABLE 25,112548.0,813484.8379517336,15150.0,29196.0,68202.0,2.7327064008245374,7.2278924365758055,83874.0,28674.0,41185.54410603385,0.134609233393752,0.25940931869069195,0.6059814479155561,0.36784751370519014,0.35444475280979315,0.2777077334850167,5.962993398558367
other_asia,2007,2008,TABLE 25,121109.0,1084779.7262876953,14428.0,31840.0,74841.0,2.75,8.96,88528.0,32581.0,44039.63636363636,0.11913235184833497,0.2629036652932482,0.6179639828584168,0.3276139675829212,0.3614925397782163,0.31089349263886246,5.466183735259748
latin_america,2008,2008,TABLE 26,18896.0,244862.8657914953,5012.0,7634.0,6250.0,1.82,12.958449713775154,13128.0,5768.0,10382.417582417582,0.2652413209144793,0.4040008467400508,0.33075783234546996,0.4827392040643523,0.36764077053344624,0.14962002540220148,4.0233869313318396
latin_america,2007,2008,TABLE 26,19943.0,249618.9789296054,5042.0,8070.0,6830.0,1.85,12.52,13483.0,6460.0,10780.0,0.2528205385348242,0.40465326179611893,0.34247605676177106,0.46771799628942484,0.37430426716141,0.1579777365491651,4.010569583088667
other_mma,2008,2008,TABLE 27,324218.0,3640996.892580487,80076.0,125729.0,118413.0,1.8947432900085746,11.230088682863032,160326.0,163892.0,171114.4732427224,0.24698196892214497,0.38779154766237534,0.3652264834154797,0.46796742836834043,0.36738271642766296,0.1646498552039966,4.202921575166442
other_mma,2007,2008,TABLE 27,307568.0,3294576.2290632986,69195.0,119312.0,119061.0,1.96,10.71,138567.0,169001.0,156922.44897959183,0.2249746397544608,0.38792071997086824,0.38710464027467095,0.4409502939187432,0.38016230557145086,0.17888740050980595,4.241355695124904
first_time,2008,2008,TABLE 37,2338202.0,20048014.6215297,380045.0,1069034.0,889123.0,2.131449579634266,8.574115761396875,2338202.0,,1097000.8497227556,0.16253728292080838,0.45720344093453,0.3802592761446616,0.3464400233564528,0.487253040993622,0.1663069356499252,4.873539826364624
first_time,2007,2008,TABLE 37,2646523.0,22281679.419908576,410113.0,1193000.0,1043410.0,2.18,8.41922672175762,2646523.0,,1214001.376146789,0.15496294572161284,0.4507801368059148,0.3942569174724724,0.337819221673116,0.4913503491184471,0.17083042920843686,5.031188436817101
repeat,2008,2008,TABLE 38,4375234.0,43082117.55317558,743008.0,1765868.0,1866358.0,2.1321443058816967,9.846814491105066,,4375234.0,2052034.6525938956,0.16982131698556008,0.4036053843063023,0.42657329870813765,0.3620835540280926,0.43027246098593813,0.20764398498596928,4.3801694036221885
repeat,2007,2008,TABLE 38,4850297.0,46853630.70031872,777474.0,1943631.0,2129192.0,2.18,9.65995091187592,,4850297.0,2224906.880733945,0.1602941015776972,0.40072412060539797,0.43898177781690484,0.3494411414393799,0.4367892914598838,0.2137695671007363,4.476690899551138
hotel,2009,2009,TABLE 34,3477292.563213102,25452453.39680945,522484.8487371785,1556155.894239772,1398651.820238397,2.1712028911905668,7.319618045969296,1446981.4509168924,2030311.1122978786,1601551.1849776271,0.1502562235529558,0.44751940365979637,0.40222437278789364,0.32623674699755373,0.48582771154501403,0.1879355414574322,4.646863037890009
hotel,2008,2009,TABLE 34,3647579.0,26775790.067323335,556056.0,1559816.0,1531707.0,2.220970386110897,7.340701892220384,1518847.0,2128732.0,1642335.7208230107,0.15244522462707455,0.42763049134782277,0.4199242840251027,0.33857632940075616,0.4748773287407832,0.1865463418584606,4.999505162830806
condo,2009,2009,TABLE 35,862732.183004762,9972513.491776427,100630.33632616255,352983.239712184,409118.6069662933,2.297457555505484,11.559222767190292,176596.216482902,686135.9665217181,375516.0485717634,0.11664145410187753,0.40914578900116866,0.4742127568968122,0.2679787900115046,0.46999754212199374,0.2620236678665016,4.157959050495954
condo,2008,2009,TABLE 35,919443.0,10639558.173307888,107468.0,367525.0,444450.0,2.3124369319250895,11.5717430806563,203256.0,716187.0,397607.81680414063,0.11688380900175432,0.3997257034965735,0.4833904875016722,0.2702864366797349,0.4621702397026072,0.26754332361765787,4.178052364474568
timeshare,2009,2009,TABLE 36,534690.9592617103,5227265.827390913,52794.814770262834,248913.93333186148,232982.21115978886,2.273747066874397,9.776237538425203,103097.44254312167,431593.5167186575,235158.50423799444,0.09873893294018057,0.4655285993156803,0.43573246774451857,0.22450735915904335,0.5292471436200873,0.24624549722086939,4.023405226319305
timeshare,2008,2009,TABLE 36,508588.0,4985190.665299582,48460.0,237739.0,222389.0,2.290662540209364,9.80202180409208,108735.0,399853.0,222026.5932115499,0.09528341211353787,0.4674490943553525,0.43726749353110966,0.21826214283181236,0.5353840649472992,0.24635379222088846,4.065828491833642
all_air,2009,2009,TABLE 2,6420447.946511422,60255060.50146967,1073226.3827846937,2776805.5691561117,2570415.9945706166,2.104635065991296,9.384868626527938,2185039.489649835,4235408.456861587,3050622.9085788573,0.16715755531790205,0.43249405528860346,0.40034838939349443,0.3518056524674365,0.4551210772965866,0.19307327023597695,4.364080319874749
all_air,2008,2009,TABLE 2,6713436.0,63130132.90346176,1123053.0,2834902.0,2755481.0,2.133807902540517,9.403550268962386,2338202.0,4375234.0,3146223.2340629008,0.16728438313852995,0.42227288679001335,0.4104427300714567,0.3569527387126108,0.45052461143056377,0.19252264985682543,4.549105996713087
us_west,2009,2009,TABLE 13,2718817.7039503898,26027983.58040638,486947.81503770594,1125760.758129099,1106109.1307808226,2.0461306716683945,9.573272802581881,520034.06532487035,2198783.638621061,1328760.5437894603,0.17910278218733833,0.4140626112936481,0.40683460651799763,0.36646769601465673,0.4236131044795208,0.20991919950582252,3.965510389960916
us_west,2008,2009,TABLE 13,2769229.0,26649336.453176547,496155.0,1130469.0,1142605.0,2.0564933885929984,9.62337764524947,542868.0,2226361.0,1346578.1195117955,0.17916719780126525,0.4082251774771967,0.412607624721538,0.368456157731036,0.41975618926952923,0.21178765299943472,4.006488765070591
us_east,2009,2009,TABLE 15,1561468.4067504636,16271465.490737282,346586.58817048016,731659.667161678,483222.1514191733,1.8695555607021446,10.420617811025366,671230.3086707556,890238.0980809842,835208.3455407053,0.2219619600832998,0.4685715471402449,0.30946649277701105,0.4149702167380806,0.43801027077142596,0.14701951249049347,3.9352926194722753
us_east,2008,2009,TABLE 15,1683114.0,17586975.28711268,371800.0,793820.0,517494.0,1.8723765769876553,10.44906957408273,738892.0,944222.0,898918.5298973632,0.22090006975166268,0.47163769061394534,0.30746223963439195,0.4136081164579525,0.44154168236505087,0.14485020117699668,3.9743479202776846
japan,2009,2009,TABLE 20,1168079.6768339924,6806138.439232396,64395.334544038655,490620.8444544127,613063.4978355501,2.6640346207511096,5.826775839196327,492023.10463653976,676056.5721974669,438462.6489969034,0.05512923118273765,0.4200234403394554,0.5248473284778148,0.14686618048620476,0.5594784932956486,0.29365532621814666,4.7614033488871375
japan,2008,2009,TABLE 20,1175199.0,6744052.791609204,65239.0,440994.0,668966.0,2.8019181176975136,5.7386474900073985,496531.0,678668.0,419426.60371735774,0.055513151389679535,0.375250489491567,0.5692363591187535,0.155543304649228,0.525710572590641,0.31874612276013103,5.003837079038822
canada,2009,2009,TABLE 22,346582.91105745034,4396325.258300598,44510.64576464388,161720.653790745,140351.24403613555,2.1592575614473284,12.684785568788252,130060.30578524311,216522.2378062595,160510.22223821198,0.1284271218936865,0.4666146212960218,0.4049571965562683,0.2773072340438603,0.5037705746576584,0.21892219129848134,3.9941446024284337
canada,2008,2009,TABLE 22,359580.0,4632068.222863436,43307.0,170936.0,145337.0,2.189817147783525,12.88188504050124,139243.0,220337.0,164205.49102191356,0.12043773291061795,0.47537682852216473,0.40418543856721734,0.2637366127678434,0.5204941653783923,0.21576922185376426,4.102031775684674
europe,2009,2009,TABLE 23,104403.11398898267,1366674.3549981005,26959.827934857356,53788.59512628159,23654.690927866955,1.7374303853470503,13.090360074339557,73520.9032896749,30882.21069931515,60090.53074556897,0.2582281974626,0.5152010612629593,0.22657074127466312,0.44865351662491937,0.44756298920065635,0.10378349417442427,3.793000933844195
europe,2008,2009,TABLE 23,115172.0,1474584.3562977137,26900.0,60075.0,28197.0,1.7849463411245792,12.803323345064024,81104.0,34068.0,64524.0685092178,0.23356371340256313,0.5216111554891814,0.2448251311082555,0.4168986956573749,0.46552396174008914,0.11757734260253595,3.7167001083217257
oceania,2009,2009,TABLE 24,136716.51481853658,1262591.1263293233,15328.768073139829,70837.01571361639,50550.73103177986,2.173520436732057,9.23510322074224,75831.77767370382,60884.73714483276,62900.95667289576,0.11212082237091588,0.5181306428681139,0.3697485347609665,0.24369689880639048,0.5630837705854823,0.19321933060812727,4.159293970356455
oceania,2008,2009,TABLE 24,155480.0,1343771.1960784635,19413.0,76048.0,60019.0,2.15433110367893,8.642727013625311,82235.0,73245.0,72170.89319951253,0.12485850270131206,0.4891175713918189,0.38602392590686907,0.26898655592821624,0.5268605987026475,0.20415284536913628,4.073532988686637
other_asia,2009,2009,TABLE 25,110379.72878794576,858880.6100618638,15184.721756570092,39101.96509460783,56093.04193676701,2.414076099653735,7.781144413861408,84069.45282707407,26310.275960871928,45723.38411526387,0.13756802923245062,0.35424951233326496,0.508182458434277,0.3320996914465254,0.42759264051886303,0.24030766803461157,5.1050852317903175
other_asia,2008,2009,TABLE 25,112548.0,813484.8379517336,15150.0,29196.0,68202.0,2.7327064008245374,7.2278924365758055,83874.0,28674.0,41185.54410603385,0.134609233393752,0.25940931869069195,0.6059814479155561,0.36784751370519014,0.35444475280979315,0.2777077334850167,5.962993398558367
latin_america,2009,2009,TABLE 26,17501.858330762934,206906.87504559607,4517.02475349933,7457.633479638475,5527.2000976245945,1.8167060799426502,11.821994621103567,12085.910012399925,5415.948318362664,9633.84144743735,0.25808829371906045,0.42610523629540686,0.3158064699855021,0.46887057236144164,0.38705398673663266,0.1440754409019257,3.982132766808138
latin_america,2008,2009,TABLE 26,18896.0,244862.8657914953,5012.0,7634.0,6250.0,1.82,12.958449713775154,13128.0,5768.0,10382.417582417582,0.2652413209144793,0.4040008467400508,0.33075783234546996,0.4827392040643523,0.36764077053344624,0.14962002540220148,4.0233869313318396
other_mma,2009,2009,TABLE 27,256498.03198449177,3058094.7663581334,68795.65674837113,95858.4362022229,91844.30649987102,1.8456313853636097,11.92246902307606,126183.66142988886,130314.73802058253,138975.76407650806,0.26821124597373364,0.37371996759810866,0.35807021905502984,0.495019093476602,0.34487465076807033,0.1601062557553277,4.127669036629726
other_mma,2008,2009,TABLE 27,324218.0,3640996.892580487,80076.0,125729.0,118413.0,1.8947432900085746,11.230088682863032,160326.0,163892.0,171114.4732427224,0.24698196892214497,0.38779154766237534,0.3652264834154797,0.46796742836834043,0.36738271642766296,0.1646498552039966,4.202921575166442
first_time,2009,2009,TABLE 37,2185039.489649835,18705864.361005887,354743.6494428025,1035254.5260991612,795041.3141080261,2.0989339227852,8.56088159944588,2185039.489649835,,1041023.4766944814,0.16235113878864138,0.47379213556688016,0.3638567256445493,0.3407643126062875,0.4972291928450845,0.16200649454862812,4.714077831365306
first_time,2008,2009,TABLE 37,2338202.0,20048014.6215297,380045.0,1069034.0,889123.0,2.131449579634266,8.574115761396875,2338202.0,,1097000.8497227556,0.16253728292080838,0.45720344093453,0.3802592761446616,0.3464400233564528,0.487253040993622,0.1663069356499252,4.873539826364624
repeat,2009,2009,TABLE 38,4235408.456861587,41549196.14048007,718482.7333410535,1741551.0430544408,1775374.6804572958,2.1069421778936066,9.809962029321673,,6543368.682289884,2010215.8005569438,0.16963717682932639,0.41118845107678703,0.4191743720918095,0.3574157228005038,0.4331751453182122,0.20940913188128393,4.217467292462601
repeat,2008,2009,TABLE 38,4375234.0,43082117.55317558,743008.0,1765868.0,1866358.0,2.1321443058816967,9.846814491105066,,4375234.0,2052034.6525938956,0.16982131698556008,0.4036053843063023,0.42657329870813765,0.3620835540280926,0.43027246098593813,0.20764398498596928,4.3801694036221885
hotel,2010,2010,TABLE 40,3831737.435338245,28302413.286967993,586984.8436917805,1652206.2015382187,1592546.3901058172,2.1957397054525436,7.386313327721426,1595735.4630039916,2236001.972334822,1745078.1738031744,0.1531902573172957,0.43118982691786945,0.4156199157642011,0.33636593048007823,0.47339031177538793,0.19024375774453384,4.7969676495023865
hotel,2009,2010,TABLE 40,3477292.563213102,25452453.39680945,522484.8487371785,1556155.894239772,1398651.820238397,2.1712028911905668,7.319618045969296,1446981.4509168924,2030311.1122978786,1601551.1849776271,0.1502562235529558,0.44751940365979637,0.40222437278789364,0.32623674699755373,0.48582771154501403,0.1879355414574322,4.646863037890009
condo,2010,2010,TABLE 41,967049.7767544339,11079483.081975028,111098.31988501543,387786.81955208076,468164.6373170311,2.3168771064983766,11.45699357809632,198169.18863198702,768880.5881222144,417393.64338404173,0.11488376560912747,0.40099985427177526,0.4841163801187803,0.26617156644811296,0.46453369103573067,0.26929474251615637,4.165094897501666
condo,2009,2010,TABLE 41,862732.183004762,9972513.491776427,100630.33632616255,352983.239712184,409118.6069662933,2.297457555505484,11.559222767190292,176596.216482902,686135.9665217181,375516.0485717634,0.11664145410187753,0.40914578900116866,0.4742127568968122,0.2679787900115046,0.46999754212199374,0.2620236678665016,4.157959050495954
timeshare,2010,2010,TABLE 42,554270.4096588602,5419407.972244768,53113.400041764384,258882.19487894018,242274.8147381919,2.3055527083544383,9.777552396456237,100404.70324491877,453865.7064139634,240406.73962924245,0.09582579029332339,0.4670684026561617,0.4371058070505804,0.2209314103409762,0.5384254103653474,0.24064317929367648,4.187820657293817
timeshare,2009,2010,TABLE 42,534690.9592617103,5227265.827390913,52794.814770262834,248913.93333186148,232982.21115978886,2.273747066874397,9.776237538425203,103097.44254312167,431593.5167186575,235158.50423799444,0.09873893294018057,0.4655285993156803,0.43573246774451857,0.22450735915904335,0.5292471436200873,0.24624549722086939,4.023405226319305
all_air,2010,2010,TABLE 2,6982425.022102886,65598077.69565369,1177364.575487046,2948367.954141312,2856692.492486597,2.1198123265152042,9.394741438405717,2365930.5480910316,4616494.474008469,3293888.3007541588,0.16861829117535745,0.42225558381339506,0.409126125012976,0.3574391321094526,0.44755129575375435,0.19500957213679304,4.447323243669003
all_air,2009,2010,TABLE 2,6420447.946511422,60255060.50146967,1073226.3827846937,2776805.5691561117,2570415.9945706166,2.104635065991296,9.384868626527938,2185039.489649835,4235408.456861587,3050622.9085788573,0.16715755531790205,0.43249405528860346,0.40034838939349443,0.3518056524674365,0.4551210772965866,0.19307327023597695,4.364080319874749
us_west,2010,2010,TABLE 13,2960782.554419885,28306800.88949698,535416.8718782936,1215853.4472161066,1209512.2353268745,2.0430604024486194,9.560580815784771,567398.6889828463,2393383.8654389144,1449189.9264805731,0.18083626947849246,0.41065273280574716,0.4085109977162298,0.3694594214980358,0.4194941687763676,0.2110464097255966,3.954640329982273
us_west,2009,2010,TABLE 13,2718817.7039503898,26027983.58040638,486947.81503770594,1125760.758129099,1106109.1307808226,2.0461306716683945,9.573272802581881,520034.06532487035,2198783.638621061,1328760.5437894603,0.17910278218733833,0.4140626112936481,0.40683460651799763,0.36646769601465673,0.4236131044795208,0.20991919950582252,3.965510389960916
us_east,2010,2010,TABLE 15,1631867.3073795997,17039909.38628046,367057.440427954,754310.7414347063,510499.1255139923,1.8678515332085526,10.44196995014417,690897.4482627651,940969.8591152122,873660.0732802438,0.224930935725015,0.46223779226630524,0.3128312720068738,0.42013759316000365,0.4316957844957773,0.14816662234421907,3.9436842239416756
us_east,2009,2010,TABLE 15,1561468.4067504636,16271465.490737282,346586.58817048016,731659.667161678,483222.1514191733,1.8695555607021446,10.420617811025366,671230.3086707556,890238.0980809842,835208.3455407053,0.2219619600832998,0.4685715471402449,0.30946649277701105,0.4149702167380806,0.43801027077142596,0.14701951249049347,3.9352926194722753
japan,2010,2010,TABLE 20,1239481.1112044107,7277498.101518223,79635.60976215452,477766.73617689434,682078.7652653023,2.7291744962633673,5.871407023255592,514874.88484598853,724606.2263584032,454159.7149253149,0.06424915155405003,0.3854570528409632,0.5502937956049387,0.17534714582787322,0.525989779009199,0.29866307516292784,5.028568702701769
japan,2009,2010,TABLE 20,1168079.6768339924,6806138.439232396,64395.334544038655,490620.8444544127,613063.4978355501,2.6640346207511096,5.826775839196327,492023.10463653976,676056.5721974669,438462.6489969034,0.05512923118273765,0.4200234403394554,0.5248473284778148,0.14686618048620476,0.5594784932956486,0.29365532621814666,4.7614033488871375
canada,2010,2010,TABLE 22,406451.6230853682,5159936.631217543,50684.253048704835,189003.40111342608,166763.9689231655,2.1786684600852135,12.695081869887838,149950.50520364422,256501.11788167863,186559.64894698607,0.12469934961499582,0.4650083561696816,0.41029229421514596,0.2716785399993306,0.5065495196314784,0.22177194036919104,4.030676195259201
canada,2009,2010,TABLE 22,346582.91105745034,4396325.258300598,44510.64576464388,161720.653790745,140351.24403613555,2.1592575614473284,12.684785568788252,130060.30578524311,216522.2378062595,160510.22223821198,0.1284271218936865,0.4666146212960218,0.4049571965562683,0.2773072340438603,0.5037705746576584,0.21892219129848134,3.9941446024284337
europe,2010,2010,TABLE 23,114567.99747869259,1460466.570143421,27182.604089285618,59302.48528764354,28082.8298463183,1.7840561011614848,12.747603654128923,81673.175113234,32894.74411002885,64217.71008439964,0.2372617544820145,0.5176182406319239,0.24511932183803034,0.4232882806559163,0.46172999013592864,0.1149817292081551,3.803270525233044
europe,2009,2010,TABLE 23,104403.11398898267,1366674.3549981005,26959.827934857356,53788.59512628159,23654.690927866955,1.7374303853470503,13.090360074339557,73520.9032896749,30882.21069931515,60090.53074556897,0.2582281974626,0.5152010612629593,0.22657074127466312,0.44865351662491937,0.44756298920065635,0.10378349417442427,3.793000933844195
oceania,2010,2010,TABLE 26,161792.7616004271,1591664.004170746,18251.68153374741,81478.91377732201,62062.01624761976,2.190281055720391,9.83768114355028,87818.29553912132,73974.31601956773,73868.49335060011,0.11280901168386528,0.5036004884974219,0.38358957244880804,0.24708344120571038,0.551513304803719,0.20140325399057066,4.17157596543025
oceania,2009,2010,TABLE 26,136716.51481853658,1262591.1263293233,15328.768073139829,70837.01571361639,50550.73103177986,2.173520436732057,9.23510322074224,75831.77767370382,60884.73714483276,62900.95667289576,0.11212082237091588,0.5181306428681139,0.3697485347609665,0.24369689880639048,0.5630837705854823,0.19321933060812727,4.159293970356455
other_asia,2010,2010,TABLE 29 ,168486.20999095993,1233244.8362312722,18513.356410822875,65295.53096514774,84678.01703624931,2.5286616818046084,7.31952821850341,134138.0518473619,34348.852564854074,66630.58613310335,0.1098805440030742,0.3875422859155722,0.5025812916130803,0.2778507211964189,0.4899816642368366,0.23216761456674448,5.473881688733604
other_asia,2009,2010,TABLE 29 ,110379.72878794576,858880.6100618638,15184.721756570092,39101.96509460783,56093.04193676701,2.414076099653735,7.781144413861408,84069.45282707407,26310.275960871928,45723.38411526387,0.13756802923245062,0.35424951233326496,0.508182458434277,0.3320996914465254,0.42759264051886303,0.24030766803461157,5.1050852317903175
latin_america,2010,2010,TABLE 32,20008.247705339585,238042.3634412492,5148.246039309828,7737.735878143538,7124.283734465095,1.8537173165096537,11.896557901764215,13657.442026450211,6352.823625467714,10793.580837348447,0.2573061926825266,0.38672731326084964,0.3560673497941473,0.47697294502076915,0.3584415586794452,0.16458549629978564,4.010366812363956
latin_america,2009,2010,TABLE 32,17501.858330762934,206906.87504559607,4517.02475349933,7457.633479638475,5527.2000976245945,1.8167060799426502,11.821994621103567,12085.910012399925,5415.948318362664,9633.84144743735,0.25808829371906045,0.42610523629540686,0.3158064699855021,0.46887057236144164,0.38705398673663266,0.1440754409019257,3.982132766808138
other_mma,2010,2010,TABLE 33,278986.6259048803,3290514.913153803,75474.51229121273,97618.96228317768,105891.25059313347,1.8686747698089443,11.794615568234088,125522.05626799216,153462.6688995418,149296.51237994948,0.27053093332490263,0.34990552671317154,0.379556726956642,0.5055343295571113,0.3269298147928066,0.16753585565008208,4.233530050167453
other_mma,2009,2010,TABLE 33,256498.03198449177,3058094.7663581334,68795.65674837113,95858.4362022229,91844.30649987102,1.8456313853636097,11.92246902307606,126183.66142988886,130314.73802058253,138975.76407650806,0.26821124597373364,0.37371996759810866,0.35807021905502984,0.495019093476602,0.34487465076807033,0.1601062557553277,4.127669036629726
first_time,2010,2010,TABLE 43,2365930.5480910316,20165884.827525947,377776.6260986858,1092888.9148903252,895265.0070997106,2.133250119005199,8.523447505167445,2365930.5480910316,,1109073.205721577,0.1596735907584006,0.46192772470524573,0.37839868453537734,0.3406237064873455,0.4927036868496331,0.16667260666302136,4.8431416234374955
first_time,2009,2010,TABLE 43,2185039.489649835,18705864.361005887,354743.6494428025,1035254.5260991612,795041.3141080261,2.0989339227852,8.56088159944588,2185039.489649835,,1041023.4766944814,0.16235113878864138,0.47379213556688016,0.3638567256445493,0.3407643126062875,0.4972291928450845,0.16200649454862812,4.714077831365306
repeat,2010,2010,TABLE 44,4616494.474008469,45432192.86816211,799587.9493847887,1855479.0392454553,1961427.485387146,2.1136771144888984,9.841275262854081,,4616494.474008469,2184105.8136851564,0.17320240582688542,0.4019238081388531,0.42487378603619397,0.3660939613707063,0.4247685775156603,0.20913746111363338,4.294046572569842
repeat,2009,2010,TABLE 44,4235408.456861587,41549196.14048007,718482.7333410535,1741551.0430544408,1775374.6804572958,2.1069421778936066,9.809962029321673,,4235408.456857033,2010215.8005569438,0.16963717682932639,0.41118845107678703,0.4191743720918095,0.3574157228005038,0.4331751453182122,0.20940913188128393,4.217467292462601
hotel,2011,2011,TABLE 42,3935127.83363689,29162322.488078713,590201.6047144642,1720787.4572404416,1624138.771683272,2.1954265309102814,7.410768778285548,1655226.2563121393,2279901.577325327,1792420.642746484,0.14998282893620588,0.43728883278743963,0.4127283382766817,0.32927628182752466,0.48001775258616736,0.19070596558630795,4.751370735180591
hotel,2010,2011,TABLE 42,3796593.848190233,28023766.27499626,579337.4983009822,1638910.3171645217,1578346.0327229025,2.197882316906145,7.381291598614025,1581515.1750865444,2215078.673103883,1727387.2304202886,0.1525940149160653,0.4316791267903888,0.41572685829306477,0.3353836870497325,0.4743899596750406,0.1902263532752269,4.8033234868528965
condo,2011,2011,TABLE 43,1031992.3466946317,11873840.409935195,113479.4115319892,408918.53343350475,509594.4017298976,2.346872051438273,11.50574463848101,210303.1409768904,821689.2057180908,439730.97982149414,0.10996148556280713,0.39624182751280074,0.49379668692512835,0.2580655372019852,0.4649644353003085,0.2769700274977064,4.184126542887372
condo,2010,2011,TABLE 43,961865.5926534187,11016822.513559194,110347.67033141459,386028.28507709864,465489.6372446009,2.3171568362219572,11.453598712443807,197039.75535296867,764825.8373002344,415105.95123190136,0.11472254665748843,0.40133287646998006,0.4839445768722149,0.26583013325619176,0.4649756091565183,0.2691942575872898,4.165673869504346
timeshare,2011,2011,TABLE 44,550853.343390396,5434820.870030816,52387.777957429746,255528.104690453,242937.4607426906,2.2971806062393805,9.866184775389657,96814.11601074388,454039.2273796973,239795.4004548973,0.09510294997030078,0.4638768335646778,0.44102021646534345,0.21846865226792903,0.5328044328742554,0.24872691485781567,4.073154241481342
timeshare,2010,2011,TABLE 44,549834.1140776953,5377246.529622476,52681.48328739372,257133.88283966272,240018.74795065055,2.288335757413914,9.779761553432158,99553.12212040862,450280.9919572669,240276.85285968348,0.09581341342517985,0.46765720106506153,0.4365293855097799,0.21925325998072137,0.5350783477046442,0.24566839231463436,4.066155163927643
us_west,2011,2011,TABLE 15,2994731.382764035,28768587.197839048,530763.6044175863,1230176.9130028812,1233790.8653398203,2.0556772700623283,9.606399880619492,556097.3997824781,2438633.9829771766,1456810.0870586727,0.1772324581337608,0.410780385874699,0.41198715599028896,0.36433273570284525,0.4222159511150255,0.21345131318212926,3.967708699005398
us_west,2010,2011,TABLE 15,2924430.2475831606,27966612.94963716,528149.8480644493,1203371.4877219659,1192908.911797504,2.043010283567631,9.563760706471221,559425.8566016022,2365004.390982698,1431431.976189733,0.18059922902963016,0.4114892084420441,0.40791156252858507,0.3689660821119202,0.42033834221210026,0.21069557567597952,3.9553156935466136
us_east,2011,2011,TABLE 17,1642279.054617633,17178727.103272796,357564.94181570434,768334.6946866785,516379.41811405495,1.8820761131286685,10.460297264948224,683540.1811684942,958738.8734477044,872589.0749910168,0.21772483842519388,0.4678466138421083,0.31442854773196993,0.4097747176348563,0.44026146826018214,0.14996381410496154,3.946141690940755
us_east,2010,2011,TABLE 17,1610420.859688447,16815125.25104956,361745.0777249445,745696.1749919772,502979.60697096476,1.8683132752482294,10.444910544659201,680904.5808453712,929516.2788434721,861965.1110033899,0.22462766521474883,0.463044284669934,0.312328050114969,0.4196748489087302,0.43255589203832895,0.14776925905294083,3.9489041631665254
europe,2011,2011,TABLE 25,119824.5953724086,1525705.0550745744,29841.585603498082,61539.928038368605,28443.081730514827,1.759689559493712,12.732820422491415,83721.50125726208,36103.09411512358,68094.16736375015,0.24904390881314467,0.513583441255159,0.23737264993147034,0.4382399661939947,0.4518737097527777,0.10988632405322764,3.8012207378184217
europe,2010,2011,TABLE 25,112765.10128032224,1437409.1301430964,26763.002599022504,58430.15546817291,27571.864957670987,1.7834956540987106,12.746940028298646,80297.28283575676,32467.740189126704,63227.012087847266,0.23733408913891257,0.5181581429428388,0.24450707394950336,0.42328431654872656,0.4620663980372058,0.11464928541406766,3.803576291037431
oceania,2011,2011,TABLE 28,209976.37734579996,2092356.4898041366,20097.941267565406,100272.38191467067,89606.05416356516,2.296772556294603,9.964723252456052,118843.77107805976,91132.60626773954,91422.3642956428,0.09571524912284336,0.4775412509833757,0.42674349989378696,0.21983615740424772,0.5484018198786053,0.23176202271714705,4.229048174684588
oceania,2010,2011,TABLE 28,161059.6643000146,1586379.297604991,18087.589465290213,81068.40057550864,61903.52421747807,2.192205007606379,9.849647335900642,87466.77057689123,73592.74368138498,73469.25298554635,0.11230365805058103,0.5033439062961047,0.38435150406228963,0.24619264155099815,0.5517165159652384,0.2020908424837635,4.16929971457806
other_asia,2011,2011,TABLE 31,211027.55429976134,1443835.935958985,19336.101795402905,89732.80751429738,101958.64499006263,2.5325793057268884,6.841930859455598,172248.23900264408,38779.31529712205,83325.1514859051,0.09162832720857048,0.42521844036932416,0.4831532324221129,0.23205600530679757,0.5384497112464066,0.2294942834467957,5.331827266237648
other_asia,2010,2011,TABLE 31,167668.97143465985,1228354.375030645,18344.450393374253,65115.70707183528,84209.50839071117,2.5298454604678455,7.3260371119743715,133531.2186349788,34138.44722093663,66276.36907262025,0.10940873696790725,0.3883587196526144,0.5022366850000471,0.2767871965537807,0.4912437719731356,0.23196903147308368,5.477374240687035
latin_america,2011,2011,TABLE 34,22116.25828335353,255203.23090514026,5314.331640631601,9088.94773127775,7712.978911444212,3.740349975437522,11.539168499276883,15244.159522041013,6872.09876131278,5912.884737681937,0.24029072063386026,0.41096227105101324,0.348747008315128,0.8987713910207236,0.7685713602157028,-0.6673427512364265,
latin_america,2010,2011,TABLE 34,19791.117820693773,235627.55322118427,5088.9142007305245,7644.273261939009,7059.948304602219,3.593377659156762,11.90512607805785,13499.807717792117,6293.328049479237,5507.664291912486,0.25713121647982456,0.3862476759117712,0.35672306984198093,0.9239695687704026,0.6939668847612901,-0.6179364535316927,
other_mma,2011,2011,TABLE 35,255072.83135526915,3036440.1431633383,64066.94858216889,96535.80643394499,94470.07633912931,1.8912608602002383,11.904208406006756,124734.98774935205,130337.84360590798,134869.19584866954,0.25117119781736186,0.37846369572574556,0.3703651064567908,0.47503025564158796,0.3578867873664174,0.16708295699199463,4.19227096788324
other_mma,2010,2011,TABLE 35,276411.2731858994,3261892.2939148378,74798.53688089353,96697.25398100019,104913.58158663996,1.8687525633565774,11.800956395125189,124308.38655053297,152100.98589801253,147912.18409858432,0.27060595618539784,0.34983107912522365,0.3795560882065787,0.5056955742810199,0.32687386292852966,0.16743056279045046,4.236361635249156
first_time,2011,2011,TABLE 45,2441553.5739587345,20773327.97290135,373380.0326218296,1131594.449545566,936579.0917929634,2.1560383210419416,8.508241717268355,2441553.5739587345,,1132425.8711592904,0.15292723313723208,0.4634731187613463,0.383599648102087,0.3297169749747874,0.49963290241114267,0.17065012261406995,4.846498370919502
first_time,2010,2011,TABLE 45,2343460.8119845726,19954417.01821413,373026.1883010629,1083541.479649098,886893.1440330842,2.1350148718816437,8.514935225784988,2343460.8119845726,,1097632.0787495123,0.1591774807555513,0.4623680814749767,0.37845443776890547,0.3398462886817562,0.49358136511622946,0.16657234620201436,4.850780284899704
repeat,2011,2011,TABLE 46,4732843.865223577,47052543.20953241,787590.3451006389,1920408.144183068,2024845.3759392463,2.131772363737132,10.07853383486276,,4732843.865223577,2220145.051944759,0.16640953463260583,0.40576198980363976,0.4278284755636226,0.35474724699214627,0.4324960980591936,0.21275665494866014,4.286742150775018
repeat,2010,2011,TABLE 46,4573433.40098488,44997015.668572836,789933.0222215655,1840635.6619944512,1942864.7167742637,2.114957462612922,9.952220949449096,,4573433.40098488,2162423.3497985513,0.17272210021719242,0.40246254850853935,0.4248153512754491,0.3652998948125281,0.42559558519517526,0.20910451999229662,4.296733506504979
hotel,2012,2012,TABLE 41,4386647.350223447,32071194.249763854,612813.9348913347,1901792.7263100995,1872040.6890183978,2.2400284950798657,7.3110947129429515,1893902.958521165,2492744.391701596,1958299.7983545947,0.1396998404396741,0.43354128437364037,0.4267588751858614,0.3129316233429805,0.4855724153952388,0.20149596126178065,4.744273954467019
hotel,2011,2012,TABLE 41,3935127.83363689,29162322.488078713,590201.6047144642,1720787.4572404416,1624138.771683272,2.1954265309102814,7.410768778285548,1655226.2563121393,2279901.577325327,1792420.642746484,0.14998282893620588,0.43728883278743963,0.4127283382766817,0.32927628182752466,0.48001775258616736,0.19070596558630795,4.751370735180591
condo,2012,2012,TABLE 42,1087395.443686206,12664364.936107488,122373.55836801897,435271.5264617825,529750.3588565309,2.3151019698266118,11.646512783956538,223847.10252919246,863548.3411570531,469696.5653602056,0.1125382298395328,0.4002881647050478,0.4871736054555357,0.26053747758230233,0.4633539593034677,0.27610856311423004,4.0848301150697495
condo,2011,2012,TABLE 42,1031992.3466946317,11873840.409935195,113479.4115319892,408918.53343350475,509594.4017298976,2.346872051438273,11.50574463848101,210303.1409768904,821689.2057180908,439730.97982149414,0.10996148556280713,0.39624182751280074,0.49379668692512835,0.2580655372019852,0.4649644353003085,0.2769700274977064,4.184126542887372
timeshare,2012,2012,TABLE 43,586143.306609693,5797428.644272197,54264.18078763537,269867.69705478987,262011.42876730632,2.3117060845281534,9.890804141064171,102594.14292959665,483549.163680125,253554.4248175182,0.09257835102051136,0.46041248618145886,0.4470091627980956,0.21401393734969926,0.5321691728492064,0.2538168898010944,4.071257047905634
timeshare,2011,2012,TABLE 43,550853.343390396,5434820.870030816,52387.777957429746,255528.104690453,242937.4607426906,2.2971806062393805,9.866184775389657,96814.11601074388,454039.2273796973,239795.4004548973,0.09510294997030078,0.4638768335646778,0.44102021646534345,0.21846865226792903,0.5328044328742554,0.24872691485781567,4.073154241481342
all_air,2012,2012,TABLE 2,7867142.679334235,73663903.18951096,1229838.6725792228,3327524.010119166,3309779.9966630004,2.1580424060480667,9.363488904683825,2753422.6584613686,5113720.0208963975,3645499.5774346283,0.15632596518299058,0.4229647466366736,0.42070928818378744,0.33735806203128726,0.45638792975265896,0.20625400821605377,4.4018949855649065
all_air,2011,2012,TABLE 2,7174397.439188827,67825871.18240348,1160970.3777224417,3052002.593727504,2961424.4677315857,2.139442484813953,9.453877033897944,2441553.5739587345,4732843.865223577,3353395.798257562,0.1618213080001471,0.42540194066424325,0.4127767513345928,0.3462073812836787,0.45506149248969313,0.19873112622662822,4.443753403488653
us_west,2012,2012,TABLE 13,3178824.1137437425,30471504.72331701,558744.5025227639,1279802.2625956393,1340277.3486268679,2.04611755061141,9.585778776334045,588851.9838967532,2589972.1298502088,1553588.2152977297,0.1757708141532635,0.4026024142268128,0.4216267716204046,0.35964774772424885,0.41188593283400327,0.2284663194417479,3.776039896506937
us_west,2011,2012,TABLE 13,2994731.382764035,28768587.197839048,530763.6044175863,1230176.9130028812,1233790.8653398203,2.0556772700623283,9.606399880619492,556097.3997824781,2438633.9829771766,1456810.0870586727,0.1772324581337608,0.410780385874699,0.41198715599028896,0.36433273570284525,0.4222159511150255,0.21345131318212926,3.967708699005398
us_east,2012,2012,TABLE 15,1699624.6423876768,17852101.60764219,360097.25519716815,785695.6339854749,553831.753205242,2.0675593740964877,10.50355541004047,710628.8244928822,988995.8178960008,822043.9343515363,0.21186869513217588,0.4622759722297915,0.3258553326381552,0.4380511066981212,0.47789150990163654,0.08405738340024231,8.015063285843429
us_east,2011,2012,TABLE 15,1642279.054617633,17178727.103272796,357564.94181570434,768334.6946866785,516379.41811405495,1.8820761131286685,10.460297264948224,683540.1811684942,958738.8734477044,872589.0749910168,0.21772483842519388,0.4678466138421083,0.31442854773196993,0.4097747176348563,0.44026146826018214,0.14996381410496154,3.946141690940755
japan,2012,2012,TABLE 20,1465653.8721704548,8819492.930416679,90217.31632813373,586726.7237452483,788709.8320970315,2.689560966372499,6.017445931731863,613405.2998477812,852248.5723227105,544941.6802576635,0.06155431240701659,0.40031738385569676,0.5381283037372585,0.16555407596181024,0.5383390048893192,0.2961069191488705,4.887859036837693
japan,2011,2012,TABLE 20,1241805.1044453192,7484699.570310547,75262.36059227285,478032.3448614076,688510.3989915615,2.7378740371325696,6.027273960718467,510869.28705767344,730935.8173875522,453565.4626923182,0.06060722437269294,0.38494957312559264,0.5544432025016522,0.1659349460726643,0.5269717209329129,0.3070933329944229,4.94310844977373
canada,2012,2012,TABLE 22,499143.6629539522,6497798.998339139,64093.52370585581,230799.0130683924,204251.1261797051,2.142114258632378,13.017893405447557,177673.27961001114,321470.3833439565,233014.4906801694,0.12840696669681784,0.462389949423608,0.4092030838795764,0.2750623942689864,0.4952460518543074,0.22969155387670626,3.816247249236256
canada,2011,2012,TABLE 22,477564.28070673987,6040316.456074905,58722.56200784634,218288.76954644776,200552.94915247234,2.1946671550716013,12.648174706733691,176254.04734249954,301310.2333642903,217602.14509209222,0.12296263430955041,0.4570877227740015,0.4199496429165037,0.2698620548202507,0.5015777060792874,0.22856023910046191,4.032414787979785
europe,2012,2012,TABLE 24,129251.74375047183,1669268.9461308033,32714.216526015753,65680.11694591357,30857.4102785897,1.8145371056364257,12.914865963846147,91565.46917571063,37686.27457479018,71231.24864682138,0.2531046435177888,0.508156524934108,0.23873883154846845,0.4592677672719077,0.4610344349821002,0.07969779774599207,5.435538755809164
europe,2011,2012,TABLE 24,119824.5953724086,1525705.0550745744,29841.585603498082,61539.928038368605,28443.081730514827,1.759689559493712,12.732820422491415,83721.50125726208,36103.09411512358,68094.16736375015,0.24904390881314467,0.513583441255159,0.23737264993147034,0.4382399661939947,0.4518737097527777,0.10988632405322764,3.8012207378184217
oceania,2012,2012,TABLE 27,273038.7237790356,2606362.3838026356,24196.393439118656,135685.85029860865,113156.48004130472,2.2651993972318367,9.545760937235743,153109.25906658397,119929.4647124518,120536.28661242791,0.08861890761949312,0.49694727700388863,0.41443381537660506,0.20073949612301964,0.5628423361626056,0.2364181677143747,3.9708252451975024
oceania,2011,2012,TABLE 27,209976.37734579996,2092356.4898041366,20097.941267565406,100272.38191467067,89606.05416356516,2.296772556294603,9.964723252456052,118843.77107805976,91132.60626773954,91422.3642956428,0.09571524912284336,0.4775412509833757,0.42674349989378696,0.21983615740424772,0.5484018198786053,0.23176202271714705,4.229048174684588
other_asia,2012,2012,TABLE 30,289977.045820232,1952920.0145788137,23917.514049392325,123634.72227525577,142424.80949558172,2.421539079285192,6.734740017282179,243380.01099278821,46597.0348274491,119749.06715353511,0.08248071491913783,0.42636037595852233,0.4911589091223323,0.1997302744640734,0.5162241561211441,0.28404556941478243,4.187217195569164
other_asia,2011,2012,TABLE 30,211027.55429976134,1443835.935958985,19336.101795402905,89732.80751429738,101958.64499006263,2.5325793057268884,6.841930859455598,172248.23900264408,38779.31529712205,83325.1514859051,0.09162832720857048,0.42521844036932416,0.4831532324221129,0.23205600530679757,0.5384497112464066,0.2294942834467957,5.331827266237648
latin_america,2012,2012,TABLE 33,25518.888139207887,309110.6535375846,6079.993807024663,10469.222422618965,8969.671909564804,3.401608590633687,12.11301416626615,18243.423107777282,7275.465031430059,7502.006024289221,0.23825465176451793,0.4102538623747395,0.3514914858607639,0.8104490702006217,0.6977615312972821,-0.5082106014979039,
latin_america,2011,2012,TABLE 33,22116.25828335353,255203.23090514026,5314.331640631601,9088.94773127775,7712.978911444212,3.740349975437522,11.539168499276883,15244.159522041013,6872.09876131278,5912.884737681937,0.24029072063386026,0.41096227105101324,0.348747008315128,0.8987713910207236,0.7685713602157028,-0.6673427512364265,
other_mma,2012,2012,TABLE 34,306109.98660527857,3485342.9318741215,69777.95699967751,109030.4647771332,127301.56482850143,1.972527403861909,11.38591710290281,156565.1082688119,149544.8783364955,155186.68384832662,0.22795060616449114,0.3561806852049076,0.41586870863071096,0.44963881738639216,0.3512880811464961,0.1990731014671117,4.120659286148021
other_mma,2011,2012,TABLE 34,255072.83135526915,3036440.1431633383,64066.94858216889,96535.80643394499,94470.07633912931,1.8912608602002383,11.904208406006756,124734.98774935205,130337.84360590798,134869.19584866954,0.25117119781736186,0.37846369572574556,0.3703651064567908,0.47503025564158796,0.3578867873664174,0.16708295699199463,4.19227096788324
family,2012,2012,TABLE 40,1569112.0200329765,13808279.801483726,12116.130108077274,119130.41512593589,1437865.4747989634,3.58641228835685,8.800059922550036,452740.89691563183,1116371.1231173563,437515.7940226333,0.0077216476283335335,0.07592218630982907,0.9163561660618375,0.027693011940616914,0.1361441309702446,0.8361628570891385,3.930371920509017
family,2011,2012,TABLE 40,1426523.025146801,13080368.894199528,1043.7207282258967,112178.35165614827,1313300.9527625223,3.5800156273444,9.169406075905048,399978.10919831047,1026544.915948642,398468.37936988944,0.0007316536149975492,0.0786376032343426,0.9206307431507267,0.002619331375494249,0.1407619242379275,0.8566187443865781,3.8475371559297984
first_time,2012,2012,TABLE 44,2753422.6584613686,23025557.920576695,398916.51325445704,1273935.2722541227,1080570.8729498633,2.2077108960582623,8.362522132160972,2753422.6584613686,,1247184.4313390139,0.1448802318919589,0.46267334524152076,0.39244642286545783,0.3198536665713254,0.5107244928027158,0.16942184062595883,5.113911173896245
first_time,2011,2012,TABLE 44,2441553.5739587345,20773327.97290135,373380.0326218296,1131594.449545566,936579.0917929634,2.1560383210419416,8.508241717268355,2441553.5739587345,,1132425.8711592904,0.15292723313723208,0.4634731187613463,0.383599648102087,0.3297169749747874,0.49963290241114267,0.17065012261406995,4.846498370919502
repeat,2012,2012,TABLE 45,5113720.0208963975,50638345.268955454,830922.1593218702,2053588.7378614398,2229209.1237127413,2.088216073172227,9.90244774098503,,5113720.0208963975,2448846.2121298118,0.16248878623124455,0.4015841167427584,0.43592709702592936,0.3393116951183309,0.41929720365645,0.24139110122521906,3.7710999540597436
repeat,2011,2012,TABLE 45,4732843.865223577,47052543.20953241,787590.3451006389,1920408.144183068,2024845.3759392463,2.131772363737132,9.941706202325706,,4732843.865223577,2220145.051944759,0.16640953463260583,0.40576198980363976,0.4278284755636226,0.35474724699214627,0.4324960980591936,0.21275665494866014,4.286742150775018
hotel,2013,2013,Table 42,4424747.486337414,32051435.8410372,569880.2587696735,1943138.7674245078,1911728.460136101,2.2187715227421876,7.24367569900984,1903213.2445403906,2521534.2417970225,1994233.043368455,0.12879384880817055,0.4391524654060974,0.4320536857841203,0.2857641240399316,0.4871894921925363,0.22704638376753206,4.222169930242652
hotel,2012,2013,Table 42,4386647.350223447,32071194.249763854,612813.9348913347,1901792.7263100995,1872040.6890183978,2.2400284950798657,7.3110947129429515,1893902.958521165,2492744.391701596,1958299.7983545947,0.1396998404396741,0.43354128437364037,0.4267588751858614,0.3129316233429805,0.4855724153952388,0.20149596126178065,4.744273954467019
condo,2013,2013,Table 43,1138756.95604869,13039621.95120302,122401.05858414693,451789.71680285694,564566.1806612376,2.3419417707864847,11.450750646958491,230061.25880094367,908695.6972477463,486244.77783931664,0.10748655183530963,0.3967393695407115,0.49577407862358497,0.2517272455409183,0.46457025082144365,0.2837025036376381,4.0925758804185595
condo,2012,2013,Table 43,1087395.443686206,12664364.936107488,122373.55836801897,435271.5264617825,529750.3588565309,2.3151019698266118,11.646512783956538,223847.10252919246,863548.3411570531,469696.5653602056,0.1125382298395328,0.4002881647050478,0.4871736054555357,0.26053747758230233,0.4633539593034677,0.27610856311423004,4.0848301150697495
timeshare,2013,2013,Table 44,586479.5946693262,5809295.054436623,52716.95580015285,266513.26853533444,267249.3703337576,2.323661584950185,9.905366030189112,99876.97529648029,486602.619372846,252394.5820974181,0.08988710993410805,0.4544288854339462,0.45568400463180714,0.20886722433608104,0.5279694720872947,0.2631633035766242,4.023567883699597
timeshare,2012,2013,Table 44,586143.306609693,5797428.644272197,54264.18078763537,269867.69705478987,262011.42876730632,2.3117060845281534,9.890804141064171,102594.14292959665,483549.163680125,253554.4248175182,0.09257835102051136,0.46041248618145886,0.4470091627980956,0.21401393734969926,0.5321691728492064,0.2538168898010944,4.071257047905634
all_air,2013,2013,Table 2,8003473.548994723,74049771.93609439,1179407.0441576038,3397423.923863519,3426642.580930479,2.160354392683273,9.252204243917994,2775393.6016779854,5228079.947316738,3704703.994909831,0.14736189692358556,0.42449367803436455,0.42814442503666206,0.3183539213330077,0.45852839100390924,0.22311768766308304,4.145541749820886
all_air,2012,2013,Table 2,7867142.679334235,73663903.18951096,1229838.6725792228,3327524.010119166,3309779.9966630004,2.1580424060480667,9.363488904683825,2753422.6584613686,5113720.0208963975,3645499.5774346283,0.15632596518299058,0.4229647466366736,0.42070928818378744,0.33735806203128726,0.45638792975265896,0.20625400821605377,4.4018949855649065
us_west,2013,2013,Table 13,3211429.1909509175,30712024.29752611,544853.1369131993,1282415.8122371314,1384160.2417913077,2.0941603254260315,9.563350916802294,599547.4652929393,2611881.7256579786,1533516.3941173374,0.16966064157617813,0.39932869012048894,0.43101066830044354,0.3552965843751585,0.41812914982733695,0.2265742657975046,3.9837067912947823
us_west,2012,2013,Table 13,3178824.1137437425,30471504.72331701,558744.5025227639,1279802.2625956393,1340277.3486268679,2.04611755061141,9.585778776334045,588851.9838967532,2589972.1298502088,1553588.2152977297,0.1757708141532635,0.4026024142268128,0.4216267716204046,0.35964774772424885,0.41188593283400327,0.2284663194417479,3.776039896506937
us_east,2013,2013,Table 15,1701851.7818182535,17819671.32946272,349169.47059134714,782707.6798503766,569974.6313761701,1.925940019029466,10.470753986827356,716887.33083525,984964.4509830035,883647.3436363108,0.2051703176044482,0.45991530414836357,0.33491437824697684,0.39514572539139253,0.442884644811721,0.1619696297968865,3.9823824060294513
us_east,2012,2013,Table 15,1699624.6423876768,17852101.60764219,360097.25519716815,785695.6339854749,553831.753205242,2.0675593740964877,10.50355541004047,710628.8244928822,988995.8178960008,822043.9343515363,0.21186869513217588,0.4622759722297915,0.3258553326381552,0.4380511066981212,0.47789150990163654,0.08405738340024231,8.015063285843429
japan,2013,2013,Table 20,1518516.75773145,9015780.4967814,79932.15246315539,618665.9905278631,819918.614740126,2.684421811597274,5.937228187228107,611414.1338125153,907102.6239189348,565677.4025494555,0.052638307780394876,0.4074146612989004,0.5399470309205034,0.14130342153126252,0.5468364015776421,0.31186017689109535,4.647741822503834
japan,2012,2013,Table 20,1465653.8721704548,8819492.930416679,90217.31632813373,586726.7237452483,788709.8320970315,2.689560966372499,6.017445931731863,613405.2998477812,852248.5723227105,544941.6802576635,0.06155431240701659,0.40031738385569676,0.5381283037372585,0.16555407596181024,0.5383390048893192,0.2961069191488705,4.887859036837693
canada,2013,2013,Table 22,517010.55481600284,6600895.759618279,64788.84814398108,236424.69446533022,215797.01220673398,2.1713013934878695,12.767429403771938,179541.14758984235,337469.40722616046,238110.91190131972,0.12531436261884163,0.4572918139929863,0.41739382338825415,0.272095250178335,0.4964591764767834,0.2314455733448816,3.9157706810217046
canada,2012,2013,Table 22,499143.6629539522,6497798.998339139,64093.52370585581,230799.0130683924,204251.1261797051,2.142114258632378,13.017893405447557,177673.27961001114,321470.3833439565,233014.4906801694,0.12840696669681784,0.462389949423608,0.4092030838795764,0.2750623942689864,0.4952460518543074,0.22969155387670626,3.816247249236256
europe,2013,2013,Table 24,136805.31863321803,1818056.4459580134,34607.49890273231,66454.4207793075,35743.39895118173,1.7705257383444515,13.2893696248193,97039.69154330101,39765.62708991702,77268.18970795604,0.2529689579943654,0.4857590438970809,0.26127199810857926,0.4478880511312004,0.43002444492668707,0.12208750394211253,3.7889938152823386
europe,2012,2013,Table 24,129251.74375047183,1669268.9461308033,32714.216526015753,65680.11694591357,30857.4102785897,1.8145371056364257,12.914865963846147,91565.46917571063,37686.27457479018,71231.24864682138,0.2531046435177888,0.508156524934108,0.23873883154846845,0.4592677672719077,0.4610344349821002,0.07969779774599207,5.435538755809164
oceania,2013,2013,Table 27,355567.85835296847,3379557.580438181,32341.057394258198,173232.05097874472,149994.7499799611,2.2823858250684594,9.504676817788546,191776.40256627643,163791.45578669207,155787.79645737738,0.09095607669395576,0.48719828552888794,0.4218456377771438,0.20759686015012427,0.5559872304443949,0.23641590940548085,4.072545314106495
oceania,2012,2013,Table 27,273038.7237790356,2606362.3838026356,24196.393439118656,135685.85029860865,113156.48004130472,2.2651993972318367,9.545760937235743,153109.25906658397,119929.4647124518,120536.28661242791,0.08861890761949312,0.49694727700388863,0.41443381537660506,0.20073949612301964,0.5628423361626056,0.2364181677143747,3.9708252451975024
other_asia,2013,2013,Table 30,335071.59938545094,2274521.6963890237,27087.074287878655,150960.22760333298,157024.29749424531,2.4345873437805916,6.78816617272453,271305.52320140204,63766.07618404889,137629.73024624746,0.08083966035187283,0.45053125326111354,0.46862908638703155,0.19681121396819126,0.5484288435835577,0.254759942448251,4.478405952211586
other_asia,2012,2013,Table 30,289977.045820232,1952920.0145788137,23917.514049392325,123634.72227525577,142424.80949558172,2.421539079285192,6.734740017282179,243380.01099278821,46597.0348274491,119749.06715353511,0.08248071491913783,0.42636037595852233,0.4911589091223323,0.1997302744640734,0.5162241561211441,0.28404556941478243,4.187217195569164
latin_america,2013,2013,Table 76,,,,,,,,,,,,,,,,,
latin_america,2012,2013,Table 76,,,,,,,,,,,,,,,,,
other_mma,2013,2013,Table 35,196955.49055495468,2095283.9198325803,40053.212909364775,74591.99965035495,82310.27799525617,2.019479659812006,10.638362575873215,85712.9682134206,111242.52234153406,97527.84069797926,0.2033617483651165,0.37872515988348254,0.41791309175150865,0.41068491440716026,0.3824138785218715,0.20690120707096826,4.079081994296123
other_mma,2012,2013,Table 35,306109.98660527857,3485342.9318741215,69777.95699967751,109030.4647771332,127301.56482850143,1.972527403861909,11.38591710290281,156565.1082688119,149544.8783364955,155186.68384832662,0.22795060616449114,0.3561806852049076,0.41586870863071096,0.44963881738639216,0.3512880811464961,0.1990731014671117,4.120659286148021
family,2013,2013,Table 41,1989775.4133195851,17558465.51732713,,118273.70246670993,1859737.8109277969,3.845206896930964,8.824345400888216,562225.4299107983,1427549.9834087868,,,,,,,,
family,2012,2013,Table 41,1569112.0200329765,13808279.801483726,,119130.41512593589,1437865.4747989634,3.58641228835685,8.800059922550036,452740.89691563183,1116371.1231173563,,,,,,,,
first_time,2013,2013,Table 45,2775393.6016779854,23029802.944677,386078.3221715409,1291979.2900455832,1097335.9894624671,2.1515308504342627,8.29785113389082,2775393.6016779854,,1289962.26157659,0.13910759250079713,0.4655120950284171,0.39538031247136435,0.29929427679510295,0.5007818168519628,0.19992390635293422,4.25498358577863
first_time,2012,2013,Table 45,2753422.6584613686,23025557.920576695,398916.51325445704,1273935.2722541227,1080570.8729498633,2.2077108960582623,8.362522132160972,2753422.6584613686,,1247184.4313390139,0.1448802318919589,0.46267334524152076,0.39244642286545783,0.3198536665713254,0.5107244928027158,0.16942184062595883,5.113911173896245
repeat,2013,2013,Table 46,5228079.9473044975,51019968.99129939,793328.7219845853,2105444.633832262,2329306.5914705256,2.1859755868624666,9.758834888818846,0.0,5228079.9473044975,2391646.081834046,0.15174380077978936,0.4027185228714398,0.44553767634549535,0.3317082439623412,0.4401664296871406,0.2281253263505182,4.269295738002444
repeat,2012,2013,Table 46,5113720.0208963975,50638345.268955454,830922.1593218702,2053588.7378614398,2229209.1237127413,2.088216073172227,9.90244774098503,0.0,5113720.0208963975,2448846.2121298118,0.16248878623124455,0.4015841167427584,0.43592709702592936,0.3393116951183309,0.41929720365645,0.24139110122521906,3.7710999540597436
hotel,2014,2014,TABLE 42,4559262.708658209,32645833.697124436,583618.5919647499,2015709.1909280238,1959934.9257640184,2.213789884616741,7.160331786788418,1956322.3448845008,2602940.3637737073,2059483.034202916,0.12800723039197467,0.44211297302524755,0.429879796582467,0.28338111179955816,0.4893726137705635,0.22724627442987833,4.187807028576936
hotel,2013,2014,TABLE 42,4424747.486337414,32051435.8410372,569880.2587696735,1943138.7674245078,1911728.460136101,2.2187715227421876,7.24367569900984,1903213.2445403906,2521534.2417970225,1994233.043368455,0.12879384880817055,0.4391524654060974,0.4320536857841203,0.2857641240399316,0.4871894921925363,0.22704638376753206,4.222169930242652
condo,2014,2014,TABLE 43,1121137.9554449713,12874747.797277411,119183.90312608784,443584.2867530752,558369.76556569,2.345391428102331,11.483642788783758,227516.3558137028,893621.5996312685,478017.4183343418,0.10630618876762997,0.3956554004783648,0.49803841075389976,0.24932962388982766,0.46398339238217584,0.2866869837279965,4.074461296632052
condo,2013,2014,TABLE 43,1138756.95604869,13039621.95120302,122401.05858414693,451789.71680285694,564566.1806612376,2.3419417707864847,11.450750646958491,230061.25880094367,908695.6972477463,486244.77783931664,0.10748655183530963,0.3967393695407115,0.49577407862358497,0.2517272455409183,0.46457025082144365,0.2837025036376381,4.0925758804185595
timeshare,2014,2014,TABLE 44,586065.9734820103,5817273.592101624,51719.2260985555,265686.2937182108,268660.4536651673,2.3417083148164353,9.925970548229055,98432.66053006542,487633.3129519449,250272.8327750553,0.08824812979889379,0.4533385416315528,0.45841332856942263,0.20665137931706964,0.5307933161826819,0.26255530450024844,4.088549287461376
timeshare,2013,2014,TABLE 44,586479.5946693262,5809295.054436623,52716.95580015285,266513.26853533444,267249.3703337576,2.323661584950185,9.905366030189112,99876.97529648029,486602.619372846,252394.5820974181,0.08988710993410805,0.4544288854339462,0.45568400463180714,0.20886722433608104,0.5279694720872947,0.2631633035766242,4.023567883699597
rental_house,2014,2014,TABLE 45,382022.2286841992,4308974.807915233,55591.88771063821,130476.23082176015,195954.11015183703,2.287085462420802,11.279382413836633,108176.18570969498,273846.04297450423,167034.5227413766,0.1455200340098365,0.3415409393091077,0.5129390266811504,0.3328167542748777,0.3905666585577028,0.27661658716741944,4.241016068644887
rental_house,2013,2014,TABLE 45,347943.50542987615,3992502.89292784,50763.71764434795,118841.55103695995,178338.23674853056,2.2808594840477263,11.474572252743142,97232.2727462154,250711.23268366075,152549.29462484832,0.14589643678398465,0.3415541580238262,0.5125494051920808,0.332769271527521,0.38951852032228995,0.27771220815018904,4.2095850940882835
bnb,2014,2014,TABLE 46,22973.098706590765,233451.79647848022,5482.436041045303,13449.456524193067,4041.2061413531424,1.7360320637333042,10.16196375857233,9975.341872523248,12997.756834067519,13233.10737544072,0.23864590976890912,0.5854437268549473,0.17591036337617608,0.4142969512376313,0.5081745406658555,0.07752850809651321,3.9390159653769086
bnb,2013,2014,TABLE 46,21762.797756165983,216004.7492785067,6166.146359307165,11779.508992426312,3817.142404431701,1.6781926367749311,9.925412701926469,9645.668841576902,12117.12891458908,12967.997403437943,0.28333426742249307,0.5412681367720225,0.1753975958054475,0.47548948133444713,0.4541761008258472,0.07033441783970563,4.185020120015249
all_air,2014,2014,TABLE 2,8183671.330361633,74982914.50157344,1189835.8261631296,3486157.410437703,3507678.0938001582,2.164237974446414,9.162503169376425,2857179.390585101,5326491.939776531,3781317.6864041104,0.14539144818155245,0.42598942084880276,0.4286191309744542,0.31466169331427385,0.46097124065670697,0.22436706602901926,4.134447253097102
all_air,2013,2014,TABLE 2,8003473.548994723,74049771.93609439,1179407.0441576038,3397423.923863519,3426642.580930479,2.160354392683273,9.252204243917994,2775393.6016779854,5228079.947316738,3704703.994909831,0.14736189692358556,0.42449367803436455,0.42814442503666206,0.3183539213330077,0.45852839100390924,0.22311768766308304,4.145541749820886
us_west,2014,2014,TABLE 13,3286676.9418832907,31073339.950901017,544140.4837270416,1291527.3813125694,1451009.0768352626,2.1209664413369844,9.454333510824389,617684.6472884449,2668992.2945948457,1549612.8924187422,0.16555946731267268,0.39295842096744515,0.4414821117173212,0.3511460742158061,0.41672581185636137,0.23212811392783253,4.033844619502385
us_west,2013,2014,TABLE 13,3211429.1909509175,30712024.29752611,544853.1369131993,1282415.8122371314,1384160.2417913077,2.0941603254260315,9.563350916802294,599547.4652929393,2611881.7256579786,1533516.3941173374,0.16966064157617813,0.39932869012048894,0.43101066830044354,0.3552965843751585,0.41812914982733695,0.2265742657975046,3.9837067912947823
us_east,2014,2014,TABLE 15,1734793.535677894,18078650.08447361,351926.4697556673,783398.3206546505,599468.7452635473,1.9427257649443384,10.4212113503231,715171.7667182116,1019621.7689596823,892968.8209120953,0.2028636045257958,0.4515801474603299,0.3455562480115519,0.3941083512817424,0.4386481937042732,0.16724345501398447,4.014034666967406
us_east,2013,2014,TABLE 15,1701851.7818182535,17819671.32946272,349169.47059134714,782707.6798503766,569974.6313761701,1.925940019029466,10.470753986827356,716887.33083525,984964.4509830035,883647.3436363108,0.2051703176044482,0.45991530414836357,0.33491437824697684,0.39514572539139253,0.442884644811721,0.1619696297968865,3.9823824060294513
japan,2014,2014,TABLE 20,1511698.9944624652,8766490.357181236,79115.46252274919,674210.272988109,758373.2589517907,2.576278214894487,5.799097829193472,628027.2945732961,883671.6998891692,586776.2983526908,0.05233546017597328,0.4459950528893796,0.5016694869347688,0.13483070591783797,0.5745036693548116,0.29066562472735047,4.4464844147968
japan,2013,2014,TABLE 20,1518516.75773145,9015780.4967814,79932.15246315539,618665.9905278631,819918.614740126,2.684421811597274,5.937228187228107,611414.1338125153,907102.6239189348,565677.4025494555,0.052638307780394876,0.4074146612989004,0.5399470309205034,0.14130342153126252,0.5468364015776421,0.31186017689109535,4.647741822503834
canada,2014,2014,TABLE 22,524564.6829502585,6776118.49146597,68581.72689482296,238913.53260128002,217069.42345415612,2.155552448821812,12.91760332273172,181130.62935251446,343434.05359774403,243355.1005622603,0.130740267356745,0.4554510442021787,0.4138086884410775,0.28181750346045004,0.4908743068242287,0.2273081897153212,3.9241275592842593
canada,2013,2014,TABLE 22,517010.55481600284,6600895.759618279,64788.84814398108,236424.69446533022,215797.01220673398,2.1713013934878695,12.767429403771938,179541.14758984235,337469.40722616046,238110.91190131972,0.12531436261884163,0.4572918139929863,0.41739382338825415,0.272095250178335,0.4964591764767834,0.2314455733448816,3.9157706810217046
europe,2014,2014,TABLE 24,143057.46577595256,1881071.1816041663,36382.46126750432,69595.1703921101,37079.83411633448,1.770319905721783,13.149059864867029,98737.22880950995,44320.23696644262,80808.82179180272,0.25432060515096916,0.4864840154592533,0.25919537938975196,0.45022882973397055,0.43061616819148985,0.1191550020745396,3.850939797875543
europe,2013,2014,TABLE 24,136805.31863321803,1818056.4459580134,34607.49890273231,66454.4207793075,35743.39895118173,1.7705257383444515,13.2893696248193,97039.69154330101,39765.62708991702,77268.18970795604,0.2529689579943654,0.4857590438970809,0.26127199810857926,0.4478880511312004,0.43002444492668707,0.12208750394211253,3.7889938152823386
oceania,2014,2014, TABLE 27,371072.3674882029,3453294.143468461,31418.4104944493,178125.21281490146,161528.74417883495,2.320864840518233,9.306255183709544,203743.0103097056,167329.35717849724,159885.38453852615,0.08466922694115227,0.4800282328232495,0.435302540235552,0.19650583188157944,0.5570403240077901,0.2464538441106304,4.099259901044446
oceania,2013,2014, TABLE 27,355567.85835296847,3379557.580438181,32341.057394258198,173232.05097874472,149994.7499799611,2.2823858250684594,9.504676817788546,191776.40256627643,163791.45578669207,155787.79645737738,0.09095607669395576,0.48719828552888794,0.4218456377771438,0.20759686015012427,0.5559872304443949,0.23641590940548085,4.072545314106495
other_asia,2014,2014,TABLE 30,368502.2979469694,2518654.7404306233,27454.77161139714,160199.37418503588,180848.15215050106,2.5112322668200306,6.834841341459095,301960.9185085231,66541.37943844628,146741.62275463404,0.07450366460224385,0.43473100460309727,0.490765330794563,0.18709600654549208,0.5458552630731925,0.2670487303813154,4.614984435118445
other_asia,2013,2014,TABLE 30,335071.59938545094,2274521.6963890237,27087.074287878655,150960.22760333298,157024.29749424531,2.4345873437805916,6.78816617272453,271305.52320140204,63766.07618404889,137629.73024624746,0.08083966035187283,0.45053125326111354,0.46862908638703155,0.19681121396819126,0.5484288435835577,0.254759942448251,4.478405952211586
latin_america,2014,2014,TABLE 78,,,,,,,,,,,,,,,,,
latin_america,2013,2014,TABLE 78,,,,,,,,,,,,,,,,,
other_mma,2014,2014,TABLE 35,213210.41763421282,2084925.6036931784,44317.98079500204,78273.8890517636,90618.54778743957,2.0152081987606865,9.778722948097732,89391.7611776415,123818.65645657132,105800.68985692547,0.2078602972910764,0.36712037770148515,0.42501932500740275,0.41888177529781095,0.3699119975380764,0.21120622716411264,4.0552896564035805
other_mma,2013,2014,TABLE 35,196955.49055495468,2095283.9198325803,40053.212909364775,74591.99965035495,82310.27799525617,2.019479659812006,10.638362575873215,85712.9682134206,111242.52234153406,97527.84069797926,0.2033617483651165,0.37872515988348254,0.41791309175150865,0.41068491440716026,0.3824138785218715,0.20690120707096826,4.079081994296123
family,2014,2014,TABLE 41,1953106.2284540283,17078143.346526843,12480.53395595552,117817.29295467128,1822808.4015432417,3.827179797187805,8.744093433179497,571482.0588910778,1381624.1695629505,510325.1824983927,0.006390094800851885,0.0603230337593716,0.9332868714396947,0.024456041723935163,0.11543354805447247,0.8601104102215923,4.152788545408241
family,2013,2014,TABLE 41,1989775.4133195851,17558465.51732713,11763.899924757627,118273.70246670993,1859737.8109277969,3.845206896930964,8.824345400888216,562225.4299107983,1427549.9834087868,517469.01185153815,0.005912174733897058,0.059440729679834256,0.9346470955861075,0.022733535062641953,0.11428095186175385,0.8629855130756043,4.164509604959428
first_time,2014,2014,TABLE 47,2857179.390585101,23531893.019168086,387703.644256392,1341733.0993035675,1127742.6470222366,2.1557206470287946,8.236057244676246,2857179.390585101,,1325394.0831912146,0.13569454040370807,0.4696005801122637,0.3947048794830115,0.29251952243735646,0.5061638332023531,0.20131664436029031,4.226543020763636
first_time,2013,2014,TABLE 47,2775393.6016779854,23029802.944677,386078.3221715409,1291979.2900455832,1097335.9894624671,2.1515308504342627,8.29785113389082,2775393.6016779854,,1289962.26157659,0.13910759250079713,0.4655120950284171,0.39538031247136435,0.29929427679510295,0.5007818168519628,0.19992390635293422,4.25498358577863
repeat,2014,2014,TABLE 48,5326491.939819903,51451021.48283462,802132.1819038404,2144424.3111320282,2379935.4467785335,2.183756036467466,9.65945730588931,,5326491.939819903,2439142.4000074,0.15059295892428623,0.4025959928899347,0.4468110481847463,0.32885828310040727,0.439585714865504,0.23155600203408871,4.213781180632723
repeat,2013,2014,TABLE 48,5228079.9473044975,51019968.99129939,793328.7219845853,2105444.633832262,2329306.5914705256,2.1859755868624666,9.758834888818846,,5228079.9473044975,2391646.081834046,0.15174380077978936,0.4027185228714398,0.44553767634549535,0.3317082439623412,0.4401664296871406,0.2281253263505182,4.269295738002444
hotel,2015,2015,TABLE 42,4656464.856897462,33486783.675309606,581099.0597830747,1991912.273843143,2083453.523268536,2.2462772873802903,7.191460626124297,1962413.1634835661,2694051.6934016785,2072969.7455686964,0.12479403960760328,0.42777350094086747,0.44743245945094756,0.2803220167709956,0.480448949653311,0.23922903357569347,4.201234926543146
hotel,2014,2015,TABLE 42,4575802.429279659,32840537.41179769,587601.5783733537,2023837.872475516,1964362.978435319,2.211988717007775,7.177000737981508,1978356.6546452874,2597445.7746343715,2068637.3280734844,0.12841498020399808,0.4422913584566886,0.4292936613403033,0.28405248730602056,0.4891717472681183,0.22677576542586114,4.187364259952875
condo,2015,2015,TABLE 43,1180113.8817726413,13274438.401360024,120257.90939281839,456190.175077124,603665.7973019072,2.3859315366623126,11.248438482412034,239655.9342492452,940457.9475234253,494613.47219690407,0.10190364781759856,0.38656453595129625,0.5115318162304343,0.24313512702893805,0.461158258640715,0.2957066143303469,4.12733375989653
condo,2014,2015,TABLE 43,1117196.5493929423,12838027.574138135,118896.76198064463,441816.8831990172,556482.9042131078,2.345125189387155,11.491288243876165,227750.79776673618,889445.7516262061,476391.0065222983,0.10642421160828885,0.3954692515288289,0.49810653686272766,0.24957809940326708,0.46371245169417064,0.28670944890256217,4.074236796402789
timeshare,2015,2015,TABLE 44,626356.3875811367,6166543.237590074,53078.240199352025,275741.9561007845,297536.19128126785,2.379345681586425,9.845103139131433,100447.2059920841,525909.1815889836,263247.3256948165,0.0847412770935882,0.4402317299990264,0.4750269929078128,0.20162879170474768,0.5237317328352522,0.2746394754600001,4.115407744349575
timeshare,2014,2015,TABLE 44,582827.7173255753,5785903.987399232,51467.60762216311,264119.6479559993,267240.4617473943,2.341704128064127,9.927297236221092,98089.82288558259,484737.8944399927,248890.41717127414,0.08830672614256027,0.4531693330714719,0.45852394078593595,0.20678822514386175,0.5305942489827665,0.2626175258733718,4.088559593971594
rental_house,2015,2015,TABLE 45,448519.1462502777,4851429.65895344,65071.43331365649,151609.29975375527,231838.41318295177,2.2974231324439267,10.81654974935295,132851.90457470776,315667.241675638,195227.05239463534,0.1450806144122687,0.33802191282410926,0.5168974727638135,0.3333115596199238,0.38828968089752647,0.2783987594825497,4.265580109755572
rental_house,2014,2015,TABLE 45,382457.5234716708,4343353.576100539,56032.32129384508,130458.72409041843,195966.47808735957,2.283707149187338,11.35643387708716,109640.17954692293,272817.34392474784,167472.22760491382,0.14650599832688474,0.34110643949740915,0.5123875621755813,0.3345767957779349,0.3894936072570358,0.27592959696502933,4.240730794251651
bnb,2015,2015,TABLE 46,28939.37733319198,286900.28989212454,7332.07164887638,15794.846791987819,5812.458892329604,1.7330378641705089,9.913837695570065,13280.64013772827,15658.73719546502,16698.64111540538,0.2533596892724734,0.5457908306089205,0.20084948011866904,0.4390819347636711,0.4729380876811658,0.08797997755516317,3.9563519304874837
bnb,2014,2015,TABLE 46,23219.243021804505,237482.13682623397,5568.392175542277,13582.604865903628,4068.2459803584125,1.7339028299826496,10.227815635644173,10221.46467936003,12997.778342444475,13391.317333530651,0.2398179893424245,0.584971906842467,0.17521010381510038,0.4158210904015787,0.5071422223672503,0.07703668723117103,3.943540483963492
all_air,2015,2015,TABLE 2,8563017.776401324,78086080.96207151,1224856.1818311762,3542066.151612792,3796095.442946276,2.1905085372070134,9.118990874603533,2944886.0669271965,5618131.709474127,3909146.04118344,0.14304024747055138,0.41364694598372925,0.4433128065444254,0.3133308832484467,0.45304858328348363,0.23362053346806957,4.156657263696767
all_air,2014,2015,TABLE 2,8196341.93426195,75269196.74455248,1195984.652148149,3491291.570810078,3509065.711296146,2.1623960559266715,9.183267041351197,2886564.4420355493,5309777.4922263995,3790398.114997253,0.14591688118192728,0.4259572866544221,0.42812583216272615,0.31553008836092034,0.46054417832737454,0.22392573331170515,4.134306482856611
us_west,2015,2015,TABLE 13,3507652.0487582646,32561687.654067103,559148.9591617342,1349496.2946979026,1599006.7949031943,2.1547832485361837,9.28304381433563,659612.7194685948,2848039.32928967,1627844.4948656112,0.15940833109705885,0.38472923652037677,0.45586243238386626,0.343490401525052,0.4145040570381116,0.2420055414368364,4.058934878539096
us_west,2014,2015,TABLE 13,3255474.62298287,30780358.97688019,538359.901203182,1279527.2408783028,1437587.4809059482,2.121501625658263,9.454952823031775,610246.0772897218,2645228.545693148,1534514.3192962466,0.16537063364048063,0.3930386161959757,0.44159075016494537,0.35083406810441664,0.41691603160311824,0.23224990029246512,4.033739059396174
us_east,2015,2015,TABLE 15,1803669.5327108272,18580407.554727092,365424.6479142961,801045.174107201,637199.7106902993,1.9515074650007003,10.30144780834749,737370.494443677,1066299.0382671503,924244.2394193865,0.2026006656358389,0.44411970129764805,0.3532796330670504,0.39537671140245045,0.4333514562181207,0.17127183237942895,4.025342822488905
us_east,2014,2015,TABLE 15,1713084.5165797372,17841798.77839374,346897.49534142547,773934.3865873106,592252.6346534244,1.9436027330869818,10.415013740253649,703848.1860782243,1009236.3305015127,881396.4332406975,0.2024987628946787,0.45177828594966873,0.3457229511570671,0.39357714900883023,0.4390387556605641,0.1673840953306056,4.014408127800834
japan,2015,2015,TABLE 20,1482303.789431647,8685616.25384557,75604.99396289985,607357.7527076589,799341.0427607099,2.663837331099379,5.859538588359042,583144.8648242002,899158.9246072244,556454.3195360554,0.05100506016508852,0.40973905419248463,0.5392558856421716,0.13586918334273265,0.5457390942836461,0.31839172237362134,4.511706361206856
japan,2014,2015,TABLE 20,1511739.2435081196,8766526.142294295,79082.1266979315,674233.9270411544,758423.1897687487,2.5763967292105936,5.798967103579864,628055.8134217432,883683.4300863764,586764.9288513558,0.05231201547326025,0.44599882548298286,0.5016891590435684,0.13477650556372164,0.5745349576030616,0.2906885368332167,4.44651282957837
canada,2015,2015,TABLE 22,512323.3901025573,6520761.149002804,63007.98557250923,231327.2764582959,217988.12807190945,2.194807868839916,12.727822455456256,173218.19426574768,339105.19583686587,233425.16553549177,0.12298479200782973,0.45152589346347943,0.4254893145289978,0.26992798924642514,0.4955062919793091,0.2345657187742657,3.9812607763637167
canada,2014,2015,TABLE 22,522761.3032884073,6753350.432511406,68264.39046684973,238107.95614552125,216388.9566759859,2.156078155739023,12.918611974585243,180395.61048508564,342365.69280332164,242459.34772676375,0.13058424569193539,0.45548121991377993,0.41393453439418826,0.28154983962003954,0.4910265543027315,0.22742360607722895,3.924285710298007
europe,2015,2015,TABLE 24,145018.865875573,1897156.589988598,34389.87661337205,71333.31524155432,39295.67402061746,1.8048593311639387,13.082136441588013,99885.73628936717,45133.12958618354,80349.12381900231,0.23714070859496827,0.49188989867538124,0.27096939272944914,0.4280056207064569,0.4438960367647731,0.12809834252876995,3.817860772224532
europe,2014,2015,TABLE 24,142365.9551956561,1868643.3821815252,36156.696410921955,69328.69920232144,36880.55958242425,1.7707268941488223,13.125633720599948,98261.70984777293,44104.245347883174,80399.72491866995,0.2539701037458791,0.48697526811829245,0.2590546281359095,0.4497116930125946,0.43115010202119697,0.11913820496620839,3.850276216802865
oceania,2015,2015, TABLE 27,399618.83129014185,3810264.866482424,31787.34035711114,187955.53890831166,179875.95202477436,2.3532103608574917,9.534748035224583,216440.03421768907,183178.7970724991,169818.57548193177,0.07954415024559254,0.4703370416792176,0.4501188080753283,0.18718411850353336,0.5534009997872984,0.2594148817091682,4.083128291642077
oceania,2014,2015, TABLE 27,371367.03228878725,3458815.765072878,31331.09762626449,178415.47532396656,161620.45933855601,2.3216551874027442,9.313739412342851,204044.7135929216,167322.3186958657,159957.87587399606,0.08436693325513181,0.480428955215456,0.43520411152941174,0.19587092823703786,0.5576951880272221,0.24643388373574004,4.100060705104754
other_asia,2015,2015,TABLE 30,393832.903204542,2656623.673758791,27029.776097853985,176069.06439882747,190734.06270787833,2.4988578879585086,6.745560495688295,321166.0346514769,72666.8685530567,157605.16238332048,0.06863259996287241,0.4470653999861048,0.48430200005106794,0.17150311378832458,0.5585764505943018,0.26992043561737356,4.483550384814946
other_asia,2014,2015,TABLE 30,368110.3347524157,2515854.575441705,27361.62451111219,160139.0031389047,180609.70710239108,2.5114584223152523,6.834512204428661,301729.1732726575,66381.16147975822,146572.33879789407,0.07432995471185322,0.4350299027779572,0.4906401425101685,0.18667659079139506,0.546279756645343,0.26704365256326185,4.614310456007595
latin_america,2015,2015,TABLE 78,,,,,,,,,,,,,,,,,
latin_america,2014,2015,TABLE 78,,,,,,,,,,,,,,,,,
other_mma,2015,2015,TABLE 35,290620.68579833617,3050929.5669908435,62040.1645713774,107143.73660224985,121436.78462470054,2.003378823246135,10.497978003905427,134493.12296216816,156127.56283617244,145065.26794939098,0.2134747029481154,0.36867209334368467,0.41785320370817103,0.4276706991850137,0.36929493226328014,0.20303436855170626,4.123037225204148
other_mma,2014,2015,TABLE 35,281638.987532499,2937011.8007384995,62092.552932181185,105803.36611368813,113743.06848663934,1.9679834311467528,10.428285609426112,138870.05621138294,142768.93132111608,143110.446498214,0.22046859874120295,0.3756701692498423,0.403861232008989,0.43387854941082926,0.36965633432989303,0.19646511625927765,4.045462259199781
family,2015,2015,TABLE 41,2228798.6070862743,19444782.146697067,14549.20603123982,128295.95864578523,2085953.4424088513,3.8539716691119112,8.724333407636763,647364.9580284472,1581433.6490564928,578312.1409400154,0.006527824445412818,0.05756283149041785,0.9359093440639908,0.025158050473557177,0.11092276087896669,0.8639191886474761,4.175122099703197
family,2014,2015,TABLE 41,1955912.5024233153,17144284.651726417,13020.231850638604,118338.8381331147,1824553.4324395764,3.8225792065644373,8.76536380358793,577776.2111987686,1378136.2912245467,511673.5054343587,0.006656858031485017,0.06050313497485011,0.9328400069936722,0.025446367092206098,0.1156390128434118,0.8589146200643821,4.151582393041753
first_time,2015,2015,TABLE 47,2944886.066925945,24359032.412897106,404794.9123482402,1334943.6209239478,1205147.5336575923,2.1691354709102533,8.27163831106192,2944886.066925945,0.0,1357631.23438766,0.13745690092886692,0.4533090892434575,0.4092340098289779,0.29816263952620176,0.49164441238200257,0.21019294809179567,4.223186432663768
first_time,2014,2015,TABLE 47,2886564.4420355493,23925087.479731828,395534.7620306291,1354354.4789906656,1136675.2010161844,2.1512580020592575,8.288430055925001,2886564.4420355493,0.0,1341803.0005105995,0.1370261326131024,0.46919253187903925,0.3937813355085269,0.2947785642751695,0.5046770943556133,0.20054434136921717,4.224129403455362
repeat,2015,2015,TABLE 48,5618131.7094596,53727048.54902337,820061.2694824578,2207122.530694652,2590947.909286713,2.219876879876476,9.563152187863226,0.0,5618131.7094596,2530830.317838266,0.1459669000108469,0.3928570287838538,0.4611760712060509,0.32402854656132035,0.4360471176471222,0.2399243357915575,4.266987317668356
repeat,2014,2015,TABLE 48,5309777.492215175,51344109.26471118,800449.8901178039,2136937.091820731,2372390.5102803046,2.183544342053864,9.6697289745182,0.0,5309777.492215175,2431724.1422359874,0.15075017574490976,0.4024532280220327,0.4467965962337476,0.3291696933114233,0.43938723449441147,0.23144307219416513,4.215292212059221
hotel,2016,2016,TABLE 42,4803345.13174411,34498032.92820591,599743.6738764704,2032958.1144527846,2170643.343410355,2.2542052176485607,7.182084980780792,2019343.656541471,2784001.4751992347,2130837.5538029517,0.12485958377483934,0.42323798492377146,0.4519024313004524,0.28145912521867045,0.4770326369611143,0.24150823782021524,4.217996154913281
hotel,2015,2016,TABLE 42,4656464.856897462,33486783.675309606,581099.0597830747,1991912.273843143,2083453.523268536,2.2462772873802903,7.191460626124297,1962413.1634835661,2694051.6934016785,2072969.7455686964,0.12479403960760328,0.42777350094086747,0.44743245945094756,0.2803220167709956,0.480448949653311,0.23922903357569347,4.201234926543146
condo,2016,2016,TABLE 43,1181576.268611696,13121679.86767549,119430.44764384818,463327.3127005098,598818.5082675882,2.3794434908703783,11.10523308249321,233313.77410084323,948262.4945104009,496576.7302922947,0.10107722270368047,0.3921264543040463,0.5067963229924849,0.24050753963752813,0.46652136964592195,0.2929710907165499,4.116082610718114
condo,2015,2016,TABLE 43,1180113.8817726413,13274438.401360024,120257.90939281839,456190.175077124,603665.7973019072,2.3859315366623126,11.248438482412034,239655.9342492452,940457.9475234253,494613.47219690407,0.10190364781759856,0.38656453595129625,0.5115318162304343,0.24313512702893805,0.461158258640715,0.2957066143303469,4.12733375989653
timeshare,2016,2016,TABLE 44,621815.820852677,6115475.102747732,52586.41535691951,274815.92597686715,294413.4795192586,2.3745781076692993,9.834865723361249,97635.6584482301,524180.16240474896,261863.704901669,0.08456911772493883,0.4419571145681377,0.47347376770751576,0.20081597553454744,0.5247308443910961,0.2744531800743565,4.096510898687215
timeshare,2015,2016,TABLE 44,626356.3875811367,6166543.237590074,53078.240199352025,275741.9561007845,297536.19128126785,2.379345681586425,9.845103139131433,100447.2059920841,525909.1815889836,263247.3256948165,0.0847412770935882,0.4402317299990264,0.4750269929078128,0.20162879170474768,0.5237317328352522,0.2746394754600001,4.115407744349575
rental_house,2016,2016,TABLE 45,473592.7419207237,4914427.10438411,68456.45056749352,157847.2134889188,247289.07786455879,2.3042234662143404,10.376905449295828,146894.2117683719,326698.53015249444,205532.47064131312,0.14454708551879092,0.3332973661056262,0.5221555483761052,0.3330687864252891,0.383995806104008,0.28293540747070295,4.252430186585334
rental_house,2015,2016,TABLE 45,448519.1462502777,4851429.65895344,65071.43331365649,151609.29975375527,231838.41318295177,2.2974231324439267,10.81654974935295,132851.90457470776,315667.241675638,195227.05239463534,0.1450806144122687,0.33802191282410926,0.5168974727638135,0.3333115596199238,0.38828968089752647,0.2783987594825497,4.265580109755572
bnb,2016,2016,TABLE 46,32592.981295553665,312674.8936820683,7239.959668235844,16952.91489239237,8400.106734926047,1.837164904089245,9.5933198269507,14558.291168634672,18034.690126919104,17740.912219151764,0.2221324770073586,0.5201400491309179,0.2577274738617418,0.4080939908163304,0.477791521737289,0.11411448744638057,4.149235389773361
bnb,2015,2016,TABLE 46,28939.37733319198,286900.28989212454,7332.07164887638,15794.846791987819,5812.458892329604,1.7330378641705089,9.913837695570065,13280.64013772827,15658.73719546502,16698.64111540538,0.2533596892724734,0.5457908306089205,0.20084948011866904,0.4390819347636711,0.4729380876811658,0.08797997755516317,3.9563519304874837
all_air,2016,2016,TABLE 2,8821802.41874987,,,,,,,,,,,,,,,,
all_air,2015,2016,TABLE 2,8563017.776388163,,,,,,,,,,,,,,,,
us_west,2016,2016,TABLE 13,3664149.53795644,,,,,,,,,,,,,,,,
us_west,2015,2016,TABLE 13,3507652.048761073,,,,,,,,,,,,,,,,
us_east,2016,2016,TABLE 15,1892767.5666405938,,,,,,,,,,,,,,,,
us_east,2015,2016,TABLE 15,1803669.5327120132,,,,,,,,,,,,,,,,
japan,2016,2016,TABLE 20,1487979.0251456525,,,,,,,,,,,,,,,,
japan,2015,2016,TABLE 20,1482303.7894314593,,,,,,,,,,,,,,,,
canada,2016,2016,TABLE 22,469313.6405153535,,,,,,,,,,,,,,,,
canada,2015,2016,TABLE 22,512323.3901026239,,,,,,,,,,,,,,,,
europe,2016,2016,TABLE 24,143922.06026501552,,,,,,,,,,,,,,,,
europe,2015,2016,TABLE 24,145018.86587555753,,,,,,,,,,,,,,,,
oceania,2016,2016, TABLE 27,390364.19661627035,,,,,,,,,,,,,,,,
oceania,2015,2016, TABLE 27,399618.83129016974,,,,,,,,,,,,,,,,
other_asia,2016,2016,TABLE 30,448413.56842363265,,,,,,,,,,,,,,,,
other_asia,2015,2016,TABLE 30,393832.90320454387,,,,,,,,,,,,,,,,
latin_america,2016,2016,TABLE 78,,,,,,,,,,,,,,,,,
latin_america,2015,2016,TABLE 78,,,,,,,,,,,,,,,,,
other_mma,2016,2016,TABLE 35,298817.47628699685,,,,,,,,,,,,,,,,
other_mma,2015,2016,TABLE 35,290620.68579833885,,,,,,,,,,,,,,,,
family,2016,2016,TABLE 41,2308935.8438737425,20055996.024024744,15417.568057519002,133960.29658349694,2159557.9792323145,3.8538190955325815,8.686250887931319,675705.7537603284,1633230.0901165297,599129.2758267516,0.006677347964615888,0.05801819783729867,0.935304454197907,0.025733291093552324,0.11179581935688436,0.8624708895495632,4.179264725800853
family,2015,2016,TABLE 41,2228798.6070862743,19444782.146697067,14549.20603123982,128295.95864578523,2085953.4424088513,3.8539716691119112,8.724333407636763,647364.9580284472,1581433.6490564928,578312.1409400154,0.006527824445412818,0.05756283149041785,0.9359093440639908,0.025158050473557177,0.11092276087896669,0.8639191886474761,4.175122099703197
first_time,2016,2016,TABLE 47,3040434.9910159013,25050531.310406797,416825.08294182573,1375185.8161462517,1248424.091923412,2.173990122248482,8.239127422368158,3040434.9910159013,,1398550.5085328014,0.13709389747634496,0.4522990362266422,0.41060706629556176,0.29804077893411995,0.4916468185296142,0.21031240253626582,4.2444273161591175
first_time,2015,2016,TABLE 47,2944886.066925945,24359032.412897106,404794.9123482402,1334943.6209239478,1205147.5336575923,2.1691354709102533,8.27163831106192,2944886.066925945,,1357631.23438766,0.13745690092886692,0.4533090892434575,0.4092340098289779,0.29816263952620176,0.49164441238200257,0.21019294809179567,4.223186432663768
repeat,2016,2016,TABLE 48,5781367.427793874,54618604.15736298,847268.8244300757,2251570.4275344727,2682528.1757809827,2.204522374039103,9.447350447713202,,5781367.427793874,2622503.4029486002,0.14655163073649982,0.38945292020535954,0.4639954490497787,0.32307634891053055,0.4292788381137903,0.24764481297567914,4.130465470249984
repeat,2015,2016,TABLE 48,5618131.7094596,53727048.54902337,820061.2694824578,2207122.530694652,2590947.909286713,2.219876879876476,9.563152187863226,,5618131.7094596,2530830.317838266,0.1459669000108469,0.3928570287838538,0.4611760712060509,0.32402854656132035,0.4360471176471222,0.2399243357915575,4.266987317668356
hotel,2017,2017,TABLE 42,4983894.347367462,36225071.63366429,598932.7383871367,2094885.775010042,2290075.8339735027,2.271327106266633,7.26842687843066,2030964.6997896836,2952929.64758106,2194265.34100562,0.12017364266630139,0.4203310963276297,0.4594952610067149,0.27295365204677074,0.4773547063478583,0.24969164160537097,4.17981168618807
hotel,2016,2017,TABLE 42,4803345.13174411,34498032.92820591,599743.6738764704,2032958.1144527846,2170643.343410355,2.2542052176485607,7.182084980780792,2019343.656541471,2784001.4751992347,2130837.5538029517,0.12485958377483934,0.42323798492377146,0.4519024313004524,0.28145912521867045,0.4770326369611143,0.24150823782021524,4.217996154913281
condo,2017,2017,TABLE 43,1211812.252732518,13154111.01126319,115317.75981760678,464484.3934793728,632010.0994343837,2.4222908123758558,10.85490840813167,237192.09330042978,974620.1594314593,500275.2958237644,0.09516140768306025,0.3832973238486457,0.5215412684673413,0.23050860352343003,0.46422879298341374,0.30526260349315626,4.138484728974059
condo,2016,2017,TABLE 43,1181576.268611696,13121679.86767549,119430.44764384818,463327.3127005098,598818.5082675882,2.3794434908703783,11.10523308249321,233313.77410084323,948262.4945104009,496576.7302922947,0.10107722270368047,0.3921264543040463,0.5067963229924849,0.24050753963752813,0.46652136964592195,0.2929710907165499,4.116082610718114
timeshare,2017,2017,TABLE 44,648319.297996716,6247422.390787942,54190.22047882131,284349.6314322693,309779.4460853067,2.3863444325006595,9.636335691521538,97684.91135521562,550634.3866417557,271678.8444982939,0.08358569711910042,0.43859504461906307,0.47781925826134497,0.19946426295685168,0.5233194214245397,0.2772163156186086,4.113182603084184
timeshare,2016,2017,TABLE 44,621815.820852677,6115475.102747732,52586.41535691951,274815.92597686715,294413.4795192586,2.3745781076692993,9.834865723361249,97635.6584482301,524180.16240474896,261863.704901669,0.08456911772493883,0.4419571145681377,0.47347376770751576,0.20081597553454744,0.5247308443910961,0.2744531800743565,4.096510898687215
rental_house,2017,2017,TABLE 45,531880.1158866603,5355439.338264874,71608.04979144629,176009.09512964345,284262.97096540674,2.3534846277619175,10.068884281069982,168479.36687049968,363400.74901600246,225996.85148250146,0.1346319361310838,0.33091873501650076,0.5344493288521075,0.31685419209032994,0.3894060779498769,0.29373972995979314,4.282084278974716
rental_house,2016,2017,TABLE 45,473592.7419207237,4914427.10438411,68456.45056749352,157847.2134889188,247289.07786455879,2.3042234662143404,10.376905449295828,146894.2117683719,326698.53015249444,205532.47064131312,0.14454708551879092,0.3332973661056262,0.5221555483761052,0.3330687864252891,0.383995806104008,0.28293540747070295,4.252430186585334
bnb,2017,2017,TABLE 46,36198.25815997275,326362.33521560545,7173.656092478667,18761.619173804516,10262.982893691202,1.9000212655958675,9.015967944460098,17649.943462927353,18548.314697046597,19051.50158865226,0.19817683107225145,0.5183017119467563,0.2835214569810375,0.3765401933856777,0.4923921373467904,0.1310676692675319,4.110066201124865
bnb,2016,2017,TABLE 46,32592.981295553665,312674.8936820683,7239.959668235844,16952.91489239237,8400.106734926047,1.837164904089245,9.5933198269507,14558.291168634672,18034.690126919104,17740.912219151764,0.2221324770073586,0.5201400491309179,0.2577274738617418,0.4080939908163304,0.477791521737289,0.11411448744638057,4.149235389773361
all_air,2017,2017,TABLE 2,9277612.589450171,,,,,,,,,,,,,,,,
all_air,2016,2017,TABLE 2,8821802.41874987,,,,,,,,,,,,,,,,
us_west,2017,2017,TABLE 13,3843779.5392437787,,,,,,,,,,,,,,,,
us_west,2016,2017,TABLE 13,3664149.53795644,,,,,,,,,,,,,,,,
us_east,2017,2017,TABLE 15,1998787.8312266518,,,,,,,,,,,,,,,,
us_east,2016,2017,TABLE 15,1892767.5666405938,,,,,,,,,,,,,,,,
japan,2017,2017,TABLE 20,1587781.366417815,,,,,,,,,,,,,,,,
japan,2016,2017,TABLE 20,1487979.0251456525,,,,,,,,,,,,,,,,
canada,2017,2017,TABLE 22,520062.10025441175,,,,,,,,,,,,,,,,
canada,2016,2017,TABLE 22,469313.6405153535,,,,,,,,,,,,,,,,
europe,2017,2017,TABLE 24,139771.35760877153,,,,,,,,,,,,,,,,
europe,2016,2017,TABLE 24,143922.06026501552,,,,,,,,,,,,,,,,
oceania,2017,2017, TABLE 27,395362.07257900067,,,,,,,,,,,,,,,,
oceania,2016,2017, TABLE 27,390364.19661627035,,,,,,,,,,,,,,,,
other_asia,2017,2017,TABLE 30,440319.37444255437,,,,,,,,,,,,,,,,
other_asia,2016,2017,TABLE 30,448413.56842363265,,,,,,,,,,,,,,,,
latin_america,2017,2017,TABLE 78,,,,,,,,,,,,,,,,,
latin_america,2016,2017,TABLE 78,,,,,,,,,,,,,,,,,
other_mma,2017,2017,TABLE 35,326751.3848199956,,,,,2.023949363124784,,,,,,,,,,,
other_mma,2016,2017,TABLE 35,298817.47628699685,,,,,2.0096841407144597,,,,,,,,,,,
family,2017,2017,TABLE 41,2463241.0408216994,21375725.02408161,15461.261449225667,133832.16747294588,2313947.611898152,3.8829582061927836,8.677886033009175,720409.7091301372,1742831.3316927764,634372.2775313855,0.006276795974488971,0.05433173824852379,0.9393914657764287,0.024372536437739782,0.10548393444441188,0.8701435291178483,4.191972564068834
family,2016,2017,TABLE 41,2308935.8438737425,20055996.024024744,15417.568057519002,133960.29658349694,2159557.9792323145,3.8538190955325815,8.686250887931319,675705.7537603284,1633230.0901165297,599129.2758267516,0.006677347964615888,0.05801819783729867,0.935304454197907,0.025733291093552324,0.11179581935688436,0.8624708895495632,4.179264725800853
first_time,2017,2017,TABLE 47,3141810.792997902,26293500.64437974,427579.1937080043,1390768.4271599806,1323463.172125264,2.1885713446636856,8.36890009512336,3141810.792997902,,1435553.2894362642,0.13609323472340934,0.4426646029288465,0.4212421623462632,0.29784975371824257,0.48440153263350105,0.21774871364825635,4.233864394553598
first_time,2016,2017,TABLE 47,3040434.9910159013,25050531.310406797,416825.08294182573,1375185.8161462517,1248424.091923412,2.173990122248482,8.239127422368158,3040434.9910159013,,1398550.5085328014,0.13709389747634496,0.4522990362266422,0.41060706629556176,0.29804077893411995,0.4916468185296142,0.21031240253626582,4.2444273161591175
repeat,2017,2017,TABLE 48,6135801.79644732,57212997.66012836,860707.771217787,2388458.413886011,2886635.611340362,2.226505876778847,9.324453357221408,,6135801.79644732,2755798.6082319124,0.14027633221727337,0.38926590087524476,0.47045776690696695,0.31232607805474105,0.43335140796417226,0.25432251398108663,4.118695456401918
repeat,2016,2017,TABLE 48,5781367.427793874,54618604.15736298,847268.8244300757,2251570.4275344727,2682528.1757809827,2.204522374039103,9.447350447713202,,5781367.427793874,2622503.4029486002,0.14655163073649982,0.38945292020535954,0.4639954490497787,0.32307634891053055,0.4292788381137903,0.24764481297567914,4.130465470249984
hotel,2018,2018,TABLE 42,5054617.957771669,36842799.67928157,623707.358503535,2062318.9576920574,2368591.6415672353,2.2731364736772304,7.288938548290154,1951804.0644243085,3102813.8933235253,2223631.5400785697,0.12339357073358255,0.4080068909107488,0.4685995383539195,0.2804904262517778,0.463727672620435,0.25578190112778726,4.16444907745229
hotel,2017,2018,TABLE 42,4966958.285983903,36153815.72866452,598593.5910020114,2095024.4034873475,2273340.291497958,2.271327106266633,7.278864376752626,2023639.018240714,2943319.2677473277,2186808.8802709104,0.12051512344912642,0.42179222833403457,0.45769264821752625,0.27372926660507035,0.4790140607138489,0.24725667268108076,4.204415221490483
condo,2018,2018,TABLE 43,1287471.9847942954,13733774.659900906,122468.8200274233,493706.5527663543,671296.6120045552,2.423275270734298,10.667241557178587,261907.06816133182,1025564.9166359237,531294.1539671501,0.09512348344184797,0.3834697442719391,0.5214067722893488,0.23051038509073363,0.46462637418449754,0.3048632407247688,4.144521111428024
condo,2017,2018,TABLE 43,1209120.168335333,13151585.90759082,115391.8264464408,465289.99141559337,628438.3504720905,2.4222908123758558,10.876988286199364,237058.69360967504,972061.4747249865,499163.9163050747,0.09543453948444804,0.3848169963587536,0.519748464155799,0.2311702081764993,0.4660693373629409,0.30276045446055977,4.158343373193277
timeshare,2018,2018,TABLE 44,650932.3144975,6280781.377144884,54399.86527512153,286621.90727364185,309910.5419492037,2.386449408331331,9.648900872271884,95468.04356485074,555464.2709331963,272761.83279856294,0.0835722302665471,0.44032520876599174,0.47610256096817877,0.1994408994725311,0.5254069169664853,0.27515218356098353,4.129331849099138
timeshare,2017,2018,TABLE 44,648664.1077013083,6255777.167599589,54291.95283223285,284336.70010494627,310035.45476381277,2.3863444325006595,9.644093288540946,98677.69994835331,549986.407753212,271823.33734680986,0.083698099197486,0.43834196578651363,0.47795993501551254,0.19973249303080864,0.5230174547930206,0.2772500521761707,4.11389293141737
rental_house,2018,2018,TABLE 45,679389.209115779,6643217.817451622,89654.4520236349,218485.5079373979,371249.2491549507,2.3904308910054644,9.778220978955098,223120.35457011044,456268.8545459913,284212.02707517473,0.13196331472547176,0.3215910777001529,0.5464456075746764,0.315449183999244,0.38437062320309195,0.30018019279766406,4.351521159429813
rental_house,2017,2018,TABLE 45,536117.1604374298,5394510.245691062,72491.22839892344,176661.98557733558,286963.94646097324,2.3534846277619175,10.062185365022755,170399.92334325792,365717.2370939783,227797.17960055626,0.13521527335513053,0.3295212289664319,0.5352634976780691,0.3182270672799253,0.3877615734468562,0.29401135927321853,4.284645384795382
bnb,2018,2018,TABLE 46,44258.6938016288,394376.6495021875,9757.216211385117,20935.975850769664,13565.5017394726,1.8730345604514234,8.910715966219358,19529.50559421148,24729.188207416722,23629.40585087866,0.22045874772350454,0.473036460240026,0.3065047920364375,0.41292685363996556,0.4430068191915871,0.14406632716844736,3.984928884575317
bnb,2017,2018,TABLE 46,36646.89054927541,329490.94575637695,7181.336772443552,19126.356208295212,10339.197568538735,1.9000212655958675,8.990965967858676,17857.169315481864,18789.721233795368,19287.621256061335,0.1959603301892019,0.5219093877167535,0.2821302820941015,0.37232879457267143,0.4958194676879752,0.13185173773935338,4.065578086707003
all_air,2018,2018,TABLE 2,9761448.055985646,,,,,,,,,,,,,,,,
all_air,2017,2018,TABLE 2,9277612.589450136,,,,,,,,,,,,,,,,
us_west,2018,2018,TABLE 13,4203893.899550979,,,,,,,,,,,,,,,,
us_west,2017,2018,TABLE 13,3868194.539243821,,,,,,,,,,,,,,,,
us_east,2018,2018,TABLE 15,2173457.7187289633,,,,,,,,,,,,,,,,
us_east,2017,2018,TABLE 15,2040794.8312266725,,,,,,,,,,,,,,,,
japan,2018,2018,TABLE 20,1489778.3549425974,,,,,,,,,,,,,,,,
japan,2017,2018,TABLE 20,1525343.366417805,,,,,,,,,,,,,,,,
canada,2018,2018,TABLE 22,548702.2228937761,,,,,,,,,,,,,,,,
canada,2017,2018,TABLE 22,520062.10025441175,,,,,,,,,,,,,,,,
europe,2018,2018,TABLE 24,144953.05296019078,,,,,,,,,,,,,,,,
europe,2017,2018,TABLE 24,142665.35760877153,,,,,,,,,,,,,,,,
oceania,2018,2018, TABLE 27,415763.99663963297,,,,,,,,,,,,,,,,
oceania,2017,2018, TABLE 27,400957.0725790051,,,,,,,,,,,,,,,,
other_asia,2018,2018,TABLE 30,379925.2142387801,,,,,,,,,,,,,,,,
other_asia,2017,2018,TABLE 30,449082.3744425521,,,,,,,,,,,,,,,,
latin_america,2018,2018,TABLE 78,,,,,,,,,,,,,,,,,
latin_america,2017,2018,TABLE 78,,,,,,,,,,,,,,,,,
other_mma,2018,2018,TABLE 35,377196.04463654355,,,,,,,,,,,,,,,,
other_mma,2017,2018,TABLE 35,305527.38482000626,,,,,,,,,,,,,,,,
family,2018,2018,TABLE 41,2662518.34666021,23186863.053398866,17280.04854166214,146124.31752503692,2499113.9805939263,3.896813349965342,8.70862094996785,770588.291307939,1891930.0553537945,683255.2928622795,0.0064901143548316805,0.05488199460046211,0.9386278910448623,0.025290764260709794,0.10693244461590326,0.8677767911233869,4.214975249267021
family,2017,2018,TABLE 41,2466758.380519971,21418469.874460533,15432.835355294774,134427.97900125175,2316897.566161963,3.8829582061927836,8.68284062338757,722486.9321637392,1744271.4483573134,635278.1177468846,0.00625632225562427,0.054495803100470475,0.9392478746433129,0.024293037843062804,0.10580246292601897,0.8699044992309183,4.192483480335767
first_time,2018,2018,TABLE 47,3211883.065384709,27166435.5731417,454579.93638092495,1377081.611870243,1380221.517145006,2.1815573943256905,8.458102309489837,3211883.065384709,,1472289.0508124758,0.1415306619596616,0.42874587394273667,0.4297234641011713,0.3087572621219095,0.46766686579320377,0.22357587208488677,4.193057112483165
first_time,2017,2018,TABLE 47,3144001.723355206,26342890.567199767,427564.23237470305,1395544.7059098394,1320892.785066062,2.1885713446636856,8.378777394271667,3144001.723355206,,1436554.367314144,0.13599363804368922,0.4438752992859515,0.4201310626688956,0.29763177927898343,0.4857263803106253,0.21664184041039122,4.244271572926246
repeat,2018,2018,TABLE 48,6549564.990657491,60558163.76791581,922710.9828208687,2509889.7747191857,3116964.233043556,2.2350283461646456,9.24613525544031,,6549564.990657491,2930416.968490211,0.14088126221162064,0.3832147292681839,0.4759040085089153,0.3148736144864263,0.42824789129110075,0.25687849422247294,4.14070843995843
repeat,2017,2018,TABLE 48,6133610.866090181,57265227.265711986,862663.1052565746,2390106.053814849,2880841.7070156294,2.226505876778847,9.336299370131908,,6133610.866090181,2754814.586415492,0.1406452290649589,0.3896735717338394,0.4696811992006917,0.3131474290540381,0.43380524874539844,0.2530473222005634,4.1326181250952905
hotel,2019,2019,TABLE 42,5315028.251062265,37917876.47605436,628968.1853853803,2141407.823022828,2544652.242626031,2.29066199433692,7.1340874751655505,1957579.8476926787,3357448.403337858,2320302.281262937,0.11833769373844331,0.40289679035945763,0.4787655158968262,0.27107165754413426,0.4614501826583696,0.2674781597974961,4.100110350296475
hotel,2018,2019,TABLE 42,5054617.957771669,36842799.67928157,623707.358503535,2062318.9576920574,2368591.6415672353,2.2731364736772304,7.288938548290154,1951804.0644243085,3102813.8933235253,2223631.5400785697,0.12339357073358255,0.4080068909107488,0.4685995383539195,0.2804904262517778,0.463727672620435,0.25578190112778726,4.16444907745229
condo,2019,2019,TABLE 43,1335851.723149995,13878098.018489355,119950.40124595455,506957.06028886396,708944.2616150777,2.452999161418622,10.388950942672148,267689.42929995456,1068162.2938500035,544578.9563080989,0.08979320022367933,0.37950099663264847,0.5307058031435982,0.22026264484977984,0.46545781324870905,0.3142795419015111,4.142238728600437
condo,2018,2019,TABLE 43,1287471.9847942954,13733774.659900906,122468.8200274233,493706.5527663543,671296.6120045552,2.423275270734298,10.667241557178587,261907.06816133182,1025564.9166359237,531294.1539671501,0.09512348344184797,0.3834697442719391,0.5214067722893488,0.23051038509073363,0.46462637418449754,0.3048632407247688,4.144521111428024
timeshare,2019,2019,TABLE 44,668862.3125678947,6363242.399338697,54274.883528291946,290826.7542850314,323760.67475479055,2.4077775921150826,9.513531080722654,92414.84407207795,576447.468495733,277792.3985829359,0.08114507651047034,0.4348081044789173,0.4840468190109401,0.19537929693237444,0.5234606054171854,0.2811600976504402,4.1452435608346425
timeshare,2018,2019,TABLE 44,650932.3144975,6280781.377144884,54399.86527512153,286621.90727364185,309910.5419492037,2.386449408331331,9.648900872271884,95468.04356485074,555464.2709331963,272761.83279856294,0.0835722302665471,0.44032520876599174,0.47610256096817877,0.1994408994725311,0.5254069169664853,0.27515218356098353,4.129331849099138
rental_house,2019,2019,TABLE 45,754393.2287245855,7146535.806018243,96889.1071832651,238740.35085252687,418763.77068895724,2.413007076804414,9.473223690117857,255775.1132347014,498618.1154898074,312636.1443264565,0.12843316124015405,0.3164667202224934,0.5551001185375696,0.30991012696885406,0.3818182177349795,0.3082716552961665,4.34506543613055
rental_house,2018,2019,TABLE 45,679389.209115779,6643217.817451622,89654.4520236349,218485.5079373979,371249.2491549507,2.3904308910054644,9.778220978955098,223120.35457011044,456268.8545459913,284212.02707517473,0.13196331472547176,0.3215910777001529,0.5464456075746764,0.315449183999244,0.38437062320309195,0.30018019279766406,4.351521159429813
bnb,2019,2019,TABLE 46,52252.820264873946,458538.2926403228,10128.17695390703,24165.250119943656,17959.39319102406,1.9578916051156747,8.775378827706401,21248.501966091095,31004.318298783903,26688.311103814547,0.19383024500048893,0.46246786292965564,0.3437018920698708,0.37949860950397174,0.45273097323287964,0.16777041726314862,4.011023278856596
bnb,2018,2019,TABLE 46,44258.6938016288,394376.6495021875,9757.216211385117,20935.975850769664,13565.5017394726,1.8730345604514234,8.910715966219358,19529.50559421148,24729.188207416722,23629.40585087866,0.22045874772350454,0.473036460240026,0.3065047920364375,0.41292685363996556,0.4430068191915871,0.14406632716844736,3.984928884575317
all_air,2019,2019,TABLE 2,10243165.02397078,,,,,,,,,,,,,,,,
all_air,2018,2019,TABLE 2,9761448.055985646,,,,,,,,,,,,,,,,
us_west,2019,2019,TABLE 13,4595318.762982237,,,,,,,,,,,,,,,,
us_west,2018,2019,TABLE 13,4203893.899550979,,,,,,,,,,,,,,,,
us_east,2019,2019,TABLE 15,2276520.2763444083,,,,,,,,,,,,,,,,
us_east,2018,2019,TABLE 15,2173457.7187289633,,,,,,,,,,,,,,,,
japan,2019,2019,TABLE 20,1576205.0991663428,,,,,,,,,,,,,,,,
japan,2018,2019,TABLE 20,1489778.3549425974,,,,,,,,,,,,,,,,
canada,2019,2019,TABLE 22,540103.4162194337,,,,,,,,,,,,,,,,
canada,2018,2019,TABLE 22,548702.2228937761,,,,,,,,,,,,,,,,
europe,2019,2019,TABLE 24,137907.55097974718,,,,,,,,,,,,,,,,
europe,2018,2019,TABLE 24,144953.05296019078,,,,,,,,,,,,,,,,
oceania,2019,2019, TABLE 27,363551.3038333057,,,,,,,,,,,,,,,,
oceania,2018,2019, TABLE 27,415763.99663963297,,,,,,,,,,,,,,,,
other_asia,2019,2019,TABLE 30,354680.2690052028,,,,,,,,,,,,,,,,
other_asia,2018,2019,TABLE 30,379925.2142387801,,,,,,,,,,,,,,,,
latin_america,2019,2019,TABLE 34,25344.442801762376,,,,,,,,,,,,,,,,
latin_america,2018,2019,TABLE 34,27777.55139886647,,,,,,,,,,,,,,,,
other_mma,2019,2019,TABLE 35,373533.9026393855,,,,,,,,,,,,,,,,
other_mma,2018,2019,TABLE 35,377196.04463654355,,,,,,,,,,,,,,,,
family,2019,2019,TABLE 41,2744169.001619674,23057859.858039826,14022.364779526846,132931.08565520056,2597215.5511870305,3.939211806223077,8.402492646929009,773776.7828750724,1970392.2187463501,696628.9543721661,0.00510987653138364,0.048441289722586864,0.946448833746789,0.02012888596076866,0.09541025019194338,0.884460863847288,4.215293827319803
family,2018,2019,TABLE 41,2662518.34666021,23186863.053398866,17280.04854166214,146124.31752503692,2499113.9805939263,3.896813349965342,8.70862094996785,770588.291307939,1891930.0553537945,683255.2928622795,0.0064901143548316805,0.05488199460046211,0.9386278910448623,0.025290764260709794,0.10693244461590326,0.8677767911233869,4.214975249267021
first_time,2019,2019,TABLE 47,3261599.243112934,26865107.652133748,450476.57302364643,1388792.0039284562,1422330.6661609109,2.1900131875460658,8.236789884244995,3261599.243112934,,1489305.7547144692,0.13811524330429475,0.42580093396237306,0.43608382273335666,0.30247420423753896,0.4662548303235142,0.23127096543894687,4.12948214597076
first_time,2018,2019,TABLE 47,3211883.065384709,27166435.5731417,454579.93638092495,1377081.611870243,1380221.517145006,2.1815573943256905,8.458102309489837,3211883.065384709,,1472289.0508124758,0.1415306619596616,0.42874587394273667,0.4297234641011713,0.3087572621219095,0.46766686579320377,0.22357587208488677,4.193057112483165
repeat,2019,2019,TABLE 48,6981565.780908744,62827314.28432007,942970.1311967652,2647830.0866661193,3390765.56298201,2.259397843869876,8.999029194299485,,6981565.780908744,3090011.703716058,0.13506570886653238,0.3792602074890812,0.48567408363524106,0.3051671713937997,0.42844984753323595,0.2663829810729643,4.119373441084715
repeat,2018,2019,TABLE 48,6549564.990657491,60558163.76791581,922710.9828208687,2509889.7747191857,3116964.233043556,2.2350283461646456,9.24613525544031,,6549564.990657491,2930416.968490211,0.14088126221162064,0.3832147292681839,0.4759040085089153,0.3148736144864263,0.42824789129110075,0.25687849422247294,4.14070843995843
hotel,2020,2020,TABLE 44,1215787.3140393505,9212800.863348432,192870.24539964303,507887.09138906474,515029.9772518325,2.1234284017059513,7.577641876143352,,,572558.6570578944,0.15863814597542392,0.41774337133166234,0.42361848269389235,0.3368567447581897,0.44352406965502367,0.21961918558678659,4.095833044988361
hotel,2019,2020,TABLE 44,5315028.251062265,37917876.47605436,628968.1853853803,2141407.823022828,2544652.242626031,2.29066199433692,7.1340874751655505,1957579.8476926787,3357448.403337858,2320302.281262937,0.11833769373844331,0.40289679035945763,0.4787655158968262,0.27107165754413426,0.4614501826583696,0.2674781597974961,4.100110350296475
condo,2020,2020,TABLE 45,377812.4490356582,4940930.794899531,47889.89772296071,162632.2876584538,167290.26365416075,2.229145578893506,13.077734223715858,,,169487.56178732624,0.12675574308151194,0.43045772597901993,0.4427865309392486,0.2825570042895134,0.4797764683833423,0.23766652732714427,4.153027558980484
condo,2019,2020,TABLE 45,1335851.723149995,13878098.018489355,119950.40124595455,506957.06028886396,708944.2616150777,2.452999161418622,10.388950942672148,267689.42929995456,1068162.2938500035,544578.9563080989,0.08979320022367933,0.37950099663264847,0.5307058031435982,0.22026264484977984,0.46545781324870905,0.3142795419015111,4.142238728600437
timeshare,2020,2020,TABLE 46,170693.49415941018,1797170.9776491718,17196.891087429354,84056.18864286775,69440.41442908937,2.2398561684737492,10.528643675023718,,,76207.34606174365,0.10074719702772753,0.4924393226397247,0.40681348033240894,0.22565923071899563,0.551496627206811,0.22284414207419337,4.08897301432068
timeshare,2019,2020,TABLE 46,668862.3125678947,6363242.399338697,54274.883528291946,290826.7542850314,323760.67475479055,2.4077775921150826,9.513531080722654,92414.84407207795,576447.468495733,277792.3985829359,0.08114507651047034,0.4348081044789173,0.4840468190109401,0.19537929693237444,0.5234606054171854,0.2811600976504402,4.1452435608346425
rental_house,2020,2020,TABLE 47,214950.81410026923,2644358.4477014383,36015.937814755845,74877.08885863374,104057.7874268777,2.195450631124863,12.302156001455806,,,97907.37767131517,0.16755432151075875,0.34834522107790405,0.4841004574113281,0.36785724090849353,0.3823873677324072,0.24975539135909927,4.255438286909332
rental_house,2019,2020,TABLE 47,754393.2287245855,7146535.806018243,96889.1071832651,238740.35085252687,418763.77068895724,2.413007076804414,9.473223690117857,255775.1132347014,498618.1154898074,312636.1443264565,0.12843316124015405,0.3164667202224934,0.5551001185375696,0.30991012696885406,0.3818182177349795,0.3082716552961665,4.34506543613055
bnb,2020,2020,TABLE 48,15933.371858977096,152996.90673568353,4143.631646584883,7552.422519151267,4237.317693240878,1.7752420272684024,9.602293104675319,,,8975.323710364197,0.260059934787143,0.47400026723760424,0.26593979797524847,0.4616693258428163,0.42073259766832455,0.11759807648885919,4.014585273711132
bnb,2019,2020,TABLE 48,52252.820264873946,458538.2926403228,10128.17695390703,24165.250119943656,17959.39319102406,1.9578916051156747,8.775378827706401,21248.501966091095,31004.318298783903,26688.311103814547,0.19383024500048893,0.46246786292965564,0.3437018920698708,0.37949860950397174,0.45273097323287964,0.16777041726314862,4.011023278856596
all_air,2020,2020,TABLE 4,2678072.861475828,,,,,,,,,,,,,,,,
all_air,2019,2020,TABLE 4,10243165.02397078,,,,,,,,,,,,,,,,
us_west,2020,2020,TABLE 15,1311176.4740585398,,,,,,,,,,,,,,,,
us_west,2019,2020,TABLE 15,4595318.762982237,,,,,,,,,,,,,,,,
us_east,2020,2020,TABLE 17,676149.9428254213,,,,,,,,,,,,,,,,
us_east,2019,2020,TABLE 17,2276520.2763444083,,,,,,,,,,,,,,,,
japan,2020,2020,TABLE 22,289137.4862091489,,,,,,,,,,,,,,,,
japan,2019,2020,TABLE 22,1576205.0991663428,,,,,,,,,,,,,,,,
canada,2020,2020,TABLE 24,164392.72406682992,,,,,,,,,,,,,,,,
canada,2019,2020,TABLE 24,540103.4162194337,,,,,,,,,,,,,,,,
europe,2020,2020,TABLE 26,21550.41167893262,,,,,,,,,,,,,,,,
europe,2019,2020,TABLE 26,137907.55097974718,,,,,,,,,,,,,,,,
oceania,2020,2020, TABLE 29,50709.82001397954,,,,,,,,,,,,,,,,
oceania,2019,2020, TABLE 29,363551.3038333057,,,,,,,,,,,,,,,,
other_asia,2020,2020,TABLE 32,67906.16555520678,,,,,,,,,,,,,,,,
other_asia,2019,2020,TABLE 32,354680.2690052028,,,,,,,,,,,,,,,,
latin_america,2020,2020,TABLE 36,6210.580981827077,,,,,,,,,,,,,,,,
latin_america,2019,2020,TABLE 36,25344.442801762376,,,,,,,,,,,,,,,,
other_mma,2020,2020,TABLE 37,90839.25608216118,,,,,,,,,,,,,,,,
other_mma,2019,2020,TABLE 37,373533.9026393855,,,,,,,,,,,,,,,,
family,2020,2020,TABLE 43,609244.3518102098,5920643.64046853,0.0,35499.87065431064,573744.4811558378,3.936804487511703,9.71801153818971,,,154756.06008447954,0.0,0.05826869063099573,0.9417313093689035,0.0,0.11469622137876756,0.8853037786212324,4.187728703166359
family,2019,2020,TABLE 43,1728245.9498997373,14438824.960289616,0.0,67382.90054050657,1660863.0493600636,3.990640887207974,8.354612351978764,487973.2192201956,1240272.7306790107,433074.78641830216,0.0,0.038989184695856355,0.9610108153046256,0.0,0.07779591730309389,0.9222040826969061,4.158568720915267
first_time,2020,2020,TABLE 49,,,,,,,,,,,,,,,,,
first_time,2019,2020,TABLE 49,3261599.243112934,26865107.652133748,450476.57302364643,1388792.0039284562,1422330.6661609109,2.1900131875460658,8.236789884244995,3261599.243112934,,1489305.7547144692,0.13811524330429475,0.42580093396237306,0.43608382273335666,0.30247420423753896,0.4662548303235142,0.23127096543894687,4.12948214597076
repeat,2020,2020,TABLE 50,,,,,,,,,,,,,,,,,
repeat,2019,2020,TABLE 50,6981565.780908744,62827314.28432007,942970.1311967652,2647830.0866661193,3390765.56298201,2.259397843869876,8.999029194299485,,6981565.780908744,3090011.703716058,0.13506570886653238,0.3792602074890812,0.48567408363524106,0.3051671713937997,0.42844984753323595,0.2663829810729643,4.119373441084715
hotel,2021,2021,TABLE 44,3060293.5103689935,24288252.724271983,441466.611795405,1087881.8996568632,1530944.9989328217,2.250221556015599,7.936576227730339,1098910.2519721421,1961383.2584024086,1359996.531091705,0.1442562977373289,0.35548286331715034,0.5002608389507804,0.3246086307595418,0.39995760091519933,0.2754337683252589,4.086999681564684
hotel,2020,2021,TABLE 44,1215787.3140393505,9212800.863348432,192870.24539964303,507887.09138906474,515029.9772518325,2.1234284017059513,7.577641876143352,,,572558.6570578944,0.15863814597542392,0.41774337133166234,0.42361848269389235,0.3368567447581897,0.44352406965502367,0.21961918558678659,4.095833044988361
condo,2021,2021,TABLE 45,1084786.3589241176,11384255.103652343,130764.63927788853,390445.92590805644,563575.7937379832,2.3437696686595375,10.494467422085908,238727.1956762966,846059.1632478979,462838.29568651045,0.12054414051406384,0.3599288677406467,0.5195269917451149,0.28252770027149615,0.42179518154274903,0.2956771181857549,4.118180036296086
condo,2020,2021,TABLE 45,377812.4490356582,4940930.794899531,47889.89772296071,162632.2876584538,167290.26365416075,2.229145578893506,13.077734223715858,,,169487.56178732624,0.12675574308151194,0.43045772597901993,0.4427865309392486,0.2825570042895134,0.4797764683833423,0.23766652732714427,4.153027558980484
timeshare,2021,2021,TABLE 46,563945.1641147509,5483143.959431506,55285.87229101096,229682.330992259,278976.960831495,2.372250445927041,9.722831772196564,83179.42313113753,480765.7409836898,237725.81224844893,0.09803412779998846,0.4072777738112202,0.4946880983888162,0.2325615033895911,0.4830824402699198,0.2843560563404891,4.126952937455591
timeshare,2020,2021,TABLE 46,170693.49415941018,1797170.9776491718,17196.891087429354,84056.18864286775,69440.41442908937,2.2398561684737492,10.528643675023718,,,76207.34606174365,0.10074719702772753,0.4924393226397247,0.40681348033240894,0.22565923071899563,0.551496627206811,0.22284414207419337,4.08897301432068
rental_house,2021,2021,TABLE 47,607207.0639436377,6168643.520719048,93032.50951428305,190344.23264759,323830.321781638,2.2999081622119264,10.15904439690714,190223.75220917395,416983.31173439795,264013.61320430244,0.15321381294555977,0.31347499716383104,0.5333111898904007,0.35237769895710425,0.36048185231322777,0.287140448729668,4.271661356156248
rental_house,2020,2021,TABLE 47,214950.81410026923,2644358.4477014383,36015.937814755845,74877.08885863374,104057.7874268777,2.195450631124863,12.302156001455806,,,97907.37767131517,0.16755432151075875,0.34834522107790405,0.4841004574113281,0.36785724090849353,0.3823873677324072,0.24975539135909927,4.255438286909332
bnb,2021,2021,TABLE 48,34134.425966129136,315697.9539975028,7166.5063704855675,15635.5302311921,11332.3893644514,1.9178849986274777,9.248667439457256,14719.310029257518,19415.115936872095,17797.95242705231,0.20994952068614656,0.45805751198824624,0.3319929673256052,0.4026590361929898,0.43925081537544175,0.1580901484315684,4.027602845595505
bnb,2020,2021,TABLE 48,15933.371858977096,152996.90673568353,4143.631646584883,7552.422519151267,4237.317693240878,1.7752420272684024,9.602293104675319,,,8975.323710364197,0.260059934787143,0.47400026723760424,0.26593979797524847,0.4616693258428163,0.42073259766832455,0.11759807648885919,4.014585273711132
us_west,2021,2021,TABLE 15,4473588.289200891,,,,,,,,,,,,,,,,
us_west,2020,2021,TABLE 15,1311176.4740585398,,,,,,,,,,,,,,,,
us_east,2021,2021,TABLE 17,1995310.8795343502,,,,,,,,,,,,,,,,
us_east,2020,2021,TABLE 17,676149.9428254213,,,,,,,,,,,,,,,,
japan,2021,2021,TABLE 22,18936.470140705613,,,,,,,,,,,,,,,,
japan,2020,2021,TABLE 22,289137.4862091489,,,,,,,,,,,,,,,,
canada,2021,2021,TABLE 24,87899.97694126083,,,,,,,,,,,,,,,,
canada,2020,2021,TABLE 24,164392.72406682992,,,,,,,,,,,,,,,,
europe,2021,2021,TABLE 26,18775.03460256717,,,,,,,,,,,,,,,,
europe,2020,2021,TABLE 26,21550.41167893262,,,,,,,,,,,,,,,,
oceania,2021,2021, TABLE 29,6524.220400438617,,,,,,,,,,,,,,,,
oceania,2020,2021, TABLE 29,50709.82001397954,,,,,,,,,,,,,,,,
other_asia,2021,2021,TABLE 32,22524.439162233866,,,,,,,,,,,,,,,,
other_asia,2020,2021,TABLE 32,67906.16555520678,,,,,,,,,,,,,,,,
latin_america,2021,2021,TABLE 36,9347.663766349007,,,,,,,,,,,,,,,,
latin_america,2020,2021,TABLE 36,6210.580981827077,,,,,,,,,,,,,,,,
other_mma,2021,2021,TABLE 37,144853.28948750536,,,,,,,,,,,,,,,,
other_mma,2020,2021,TABLE 37,90839.25608216118,,,,,,,,,,,,,,,,
family,2021,2021,TABLE 43,1982175.0885406882,18106891.508978628,12111.410457238355,106365.959576406,1863697.71850747,3.871771037490504,9.134859787945997,496059.3650232863,1486115.7235166137,511955.6578493957,0.00611016177493936,0.05366123315307856,0.9402286050721972,0.023657147394591786,0.1038820041790574,0.8724608484263507,4.172508013746054
family,2020,2021,TABLE 43,609244.3518102098,5920643.64046853,0.0,35499.87065431064,573744.4811558378,3.936804487511703,9.71801153818971,,,154756.06008447954,0.0,0.05826869063099573,0.9417313093689035,0.0,0.11469622137876756,0.8853037786212324,4.187728703166359
first_time,2021,2021,TABLE 49,1990562.5836394648,17435996.349308513,364932.083192901,757549.5532815952,868080.9471770029,2.0854505028952244,8.759330901030621,1990562.5836394648,,954500.0377021526,0.1833311276883713,0.3805705781410409,0.4360982941766335,0.3823279924340625,0.39683055178568005,0.22084145578025746,4.118164335084558
first_time,2020,2021,TABLE 49,,,,,,,,,,,,,,,,,
repeat,2021,2021,TABLE 50,4787197.679548144,47876277.558507256,732173.5144580859,1662958.37509794,2392065.7900343,2.229027331397159,10.000898388433841,,4787197.679548144,2147662.1717991764,0.15294407364585674,0.347376165852191,0.4996797605107636,0.34091652033183456,0.387155483980243,0.2719279956879224,4.095936647886483
repeat,2020,2021,TABLE 50,,,,,,,,,,,,,,,,,
hotel,2022,2022,TABLE 44,4373970.53750592,33670067.49600898,584827.98535106,1650108.1016565862,2139034.45049836,2.261199181061075,7.697826770275406,1574321.7362814052,2799648.8012152025,1934358.8013566413,0.13370642996706936,0.37725633666419106,0.4890372333687593,0.3023368699441372,0.426525859757585,0.2711372702982777,4.0784160376967415
hotel,2021,2022,TABLE 44,3060293.5103689935,24288252.724271983,441466.611795405,1087881.8996568632,1530944.9989328217,2.250221556015599,7.936576227730339,1098910.2519721421,1961383.2584024086,1359996.531091705,0.1442562977373289,0.35548286331715034,0.5002608389507804,0.3246086307595418,0.39995760091519933,0.2754337683252589,4.086999681564684
condo,2022,2022,TABLE 45,1283267.3802029646,13364052.02647841,127768.2489137564,478439.6761325543,677059.4551583951,2.42,10.414082234650676,257411.08251449373,1025856.2976899854,530275.7769433738,0.09956479131694929,0.3728292977079205,0.527605910976487,0.24094679498701727,0.4511234502265838,0.30792975478639895,4.1464206843173645
condo,2021,2022,TABLE 45,1084786.3589241176,11384255.103652343,130764.63927788853,390445.92590805644,563575.7937379832,2.3437696686595375,10.494467422085908,238727.1956762966,846059.1632478979,462838.29568651045,0.12054414051406384,0.3599288677406467,0.5195269917451149,0.28252770027149615,0.42179518154274903,0.2956771181857549,4.118180036296086
timeshare,2022,2022,TABLE 46,654568.3373031829,6336915.951018022,57487.422895933254,280144.2937965863,316936.32061055413,2.3835610566507226,9.681060921959764,89336.9317441705,565231.4055592224,274617.8183591211,0.0878249368626369,0.42798326443771917,0.4841913403821664,0.20933609930858982,0.5100621210059978,0.2806017796854124,4.112944772468399
timeshare,2021,2022,TABLE 46,563945.1641147509,5483143.959431506,55285.87229101096,229682.330992259,278976.960831495,2.372250445927041,9.722831772196564,83179.42313113753,480765.7409836898,237725.81224844893,0.09803412779998846,0.4072777738112202,0.4946880983888162,0.2325615033895911,0.4830824402699198,0.2843560563404891,4.126952937455591
rental_house,2022,2022,TABLE 47,792242.8176080313,7698254.943602853,98540.43066078282,248253.6866675816,445448.7002794788,2.42379853759526,9.717039741484445,242188.4965701483,550054.3210379479,326860.01139106415,0.12438160179009222,0.31335555356262906,0.5622628446470413,0.30147594452258153,0.37975536623622674,0.3187686892411918,4.275237520484635
rental_house,2021,2022,TABLE 47,607207.0639436377,6168643.520719048,93032.50951428305,190344.23264759,323830.321781638,2.2999081622119264,10.15904439690714,190223.75220917395,416983.31173439795,264013.61320430244,0.15321381294555977,0.31347499716383104,0.5333111898904007,0.35237769895710425,0.36048185231322777,0.287140448729668,4.271661356156248
bnb,2022,2022,TABLE 48,46583.572500410584,408274.69834047335,8057.700025789172,20777.76515525279,17748.585897758752,2.05,8.764349242147,18933.773090691706,27649.799409717754,22723.693902639312,0.1729729944116706,0.44603202459557295,0.3810052545369361,0.3545946385439247,0.4571828252104622,0.18822253624561308,4.149666598804654
bnb,2021,2022,TABLE 48,34134.425966129136,315697.9539975028,7166.5063704855675,15635.5302311921,11332.3893644514,1.9178849986274777,9.248667439457256,14719.310029257518,19415.115936872095,17797.95242705231,0.20994952068614656,0.45805751198824624,0.3319929673256052,0.4026590361929898,0.43925081537544175,0.1580901484315684,4.027602845595505
us_west,2022,2022,TABLE 15,5277349.2378180185,,,,,,,,,,,,,,,,
us_west,2021,2022,TABLE 15,4473588.289200891,,,,,,,,,,,,,,,,
us_east,2022,2022,TABLE 17,2469128.4523646366,,,,,,,,,,,,,,,,
us_east,2021,2022,TABLE 17,1995310.8795343502,,,,,,,,,,,,,,,,
japan,2022,2022,TABLE 22,192562.40718630637,,,,,,,,,,,,,,,,
japan,2021,2022,TABLE 22,18936.470140705613,,,,,,,,,,,,,,,,
canada,2022,2022,TABLE 24,414249.60331711936,,,,,,,,,,,,,,,,
canada,2021,2022,TABLE 24,87899.97694126083,,,,,,,,,,,,,,,,
europe,2022,2022,TABLE 26,114040.51531189364,,,,,,,,,,,,,,,,
europe,2021,2022,TABLE 26,18775.03460256717,,,,,,,,,,,,,,,,
oceania,2022,2022, TABLE 29,186551.4987604213,,,,,,,,,,,,,,,,
oceania,2021,2022, TABLE 29,6524.220400438617,,,,,,,,,,,,,,,,
other_asia,2022,2022,TABLE 32,137506.0774687858,,,,,,,,,,,,,,,,
other_asia,2021,2022,TABLE 32,22524.439162233866,,,,,,,,,,,,,,,,
latin_america,2022,2022,TABLE 36,20750.03921469027,,,,,,,,,,,,,,,,
latin_america,2021,2022,TABLE 36,9347.663766349007,,,,,,,,,,,,,,,,
other_mma,2022,2022,TABLE 37,326535.8820540691,,,,,,,,,,,,,,,,
other_mma,2021,2022,TABLE 37,144853.28948750536,,,,,,,,,,,,,,,,
family,2022,2022,TABLE 43,2543358.1031696224,22355152.841446478,0.0,123473.61270976184,2419884.490463262,2.904873332395975,8.789620625419087,659902.3695501182,1883455.733623073,875548.7114723276,0.0,0.0485474745203535,0.9514525254809839,0.0,0.07051213204467398,0.929487867955326,2.9735181744656733
family,2021,2022,TABLE 43,2089894.61623903,19081934.828773785,0.0,109369.53507853954,1980525.081160841,2.9476677272487,9.130572747784573,522256.4202970623,1567638.1959414363,708999.388540207,0.0,0.05233255984713753,0.9476674401530303,0.0,0.07712949887285922,0.9228705011271408,3.0268696703294427
first_time,2022,2022,TABLE 49,2740901.8430456393,23830972.75072093,415733.0129670375,1109970.2729265932,1215198.750581174,2.166523221072099,8.694598344055464,2740901.8430456393,,1265115.377664547,0.1516774539087772,0.4049653495410163,0.4433572671215645,0.32861272600645886,0.4386834167550956,0.23270385723844553,4.127752009996512
first_time,2021,2022,TABLE 49,1990562.5836394648,17435996.349308513,364932.083192901,757549.5532815952,868080.9471770029,2.0854505028952244,8.759330901030621,1990562.5836394648,,954500.0377021526,0.1833311276883713,0.3805705781410409,0.4360982941766335,0.3823279924340625,0.39683055178568005,0.22084145578025746,4.118164335084558
repeat,2022,2022,TABLE 50,6397771.537111471,60905092.2224589,913607.9133140282,2317696.322196739,3166468.108157778,2.25,9.519735406175027,,6397771.537111471,2843454.0164939873,0.14280095936756643,0.36226619046218006,0.494932976238693,0.32130215857702443,0.4075494642699526,0.271148377153023,4.106973488941805
repeat,2021,2022,TABLE 50,4787197.679548144,47876277.558507256,732173.5144580859,1662958.37509794,2392065.7900343,2.229027331397159,10.000898388433841,,4787197.679548144,2147662.1717991764,0.15294407364585674,0.347376165852191,0.4996797605107636,0.34091652033183456,0.387155483980243,0.2719279956879224,4.095936647886483
hotel,2023,2023,TABLE 44,4739142.010488216,35301234.94931637,607105.0861327178,1771958.199564227,2360078.724779611,2.288865043489909,7.448866244394249,1700140.4364752683,3039001.5740063004,2070520.5070816616,0.1281044300401066,0.3738985233282097,0.4979970466292233,0.2932137518349986,0.42790162992921776,0.27888461823578364,4.087167083654489
hotel,2022,2023,TABLE 44,4373970.53750592,33670067.49600898,584827.98535106,1650108.1016565862,2139034.45049836,2.261199181061075,7.697826770275406,1574321.7362814052,2799648.8012152025,1934358.8013566413,0.13370642996706936,0.37725633666419106,0.4890372333687593,0.3023368699441372,0.426525859757585,0.2711372702982777,4.0784160376967415
condo,2023,2023,TABLE 45,1181757.1672580955,12229704.914598657,111719.687107909,439890.248886228,630147.231265665,2.4411473389803535,10.34874613282349,220679.33501628647,961077.832243068,484099.07439331594,0.09453692366183844,0.3722340435699309,0.5332290327696748,0.23077855963248572,0.45433907246931693,0.31488236789819735,4.133894962431179
condo,2022,2023,TABLE 45,1283267.3802029646,13364052.02647841,127768.2489137564,478439.6761325543,677059.4551583951,2.42,10.414082234650676,257411.08251449373,1025856.2976899854,530275.7769433738,0.09956479131694929,0.3728292977079205,0.527605910976487,0.24094679498701727,0.4511234502265838,0.30792975478639895,4.1464206843173645
timeshare,2023,2023,TABLE 46,658745.3624809234,6270455.554787637,54194.91192886382,278408.2201903664,326142.2303620716,2.419644549222635,9.51878512081248,83307.95595419413,575437.4065269353,272248.81550993107,0.08226989519100143,0.42263404958456735,0.4950960552250056,0.19906390346402408,0.5113120871965936,0.28962400933938237,4.136247109137433
timeshare,2022,2023,TABLE 46,654568.3373031829,6336915.951018022,57487.422895933254,280144.2937965863,316936.32061055413,2.3835610566507226,9.681060921959764,89336.9317441705,565231.4055592224,274617.8183591211,0.0878249368626369,0.42798326443771917,0.4841913403821664,0.20933609930858982,0.5100621210059978,0.2806017796854124,4.112944772468399
rental_house,2023,2023,TABLE 47,758925.0280520871,7327086.744107073,90824.29215835473,236254.46341039686,431847.272483773,2.4553478330539824,9.654559374479076,230055.00028279342,528870.027769668,309090.6379273073,0.11967492018476589,0.3113014522880936,0.5690249451809279,0.29384355594657324,0.38217667315106413,0.3239797709023627,4.312473467748426
rental_house,2022,2023,TABLE 47,792242.8176080313,7698254.943602853,98540.43066078282,248253.6866675816,445448.7002794788,2.42379853759526,9.717039741484445,242188.4965701483,550054.3210379479,326860.01139106415,0.12438160179009222,0.31335555356262906,0.5622628446470413,0.30147594452258153,0.37975536623622674,0.3187686892411918,4.275237520484635
bnb,2023,2023,TABLE 48,46409.111781487176,406913.5797193625,7769.996517117037,19583.9528399408,19055.1624244356,2.087960982539435,8.767967411987453,18645.4848677349,27763.626913757365,22227.00144762435,0.16742394367945063,0.4219850819845455,0.41059097433613884,0.34957466194557274,0.44054419319871774,0.20988114485570952,4.08468295132509
bnb,2022,2023,TABLE 48,46583.572500410584,408274.69834047335,8057.700025789172,20777.76515525279,17748.585897758752,2.05,8.764349242147,18933.773090691706,27649.799409717754,22723.693902639312,0.1729729944116706,0.44603202459557295,0.3810052545369361,0.3545946385439247,0.4571828252104622,0.18822253624561308,4.149666598804654
all_air,2023,2023,TABLE 4,9499994.931865053,,,,,,,,,,,,,,,,
all_air,2022,2023,TABLE 4,9138673.713494554,,,,,,,,,,,,,,,,
us_west,2023,2023,TABLE 15,5000098.547400512,,,,,,,,,,,,,,,,
us_west,2022,2023,TABLE 15,5277349.2378180185,,,,,,,,,,,,,,,,
us_east,2023,2023,TABLE 17,2427143.853075894,,,,,,,,,,,,,,,,
us_east,2022,2023,TABLE 17,2469128.4523646366,,,,,,,,,,,,,,,,
japan,2023,2023,TABLE 22,589172.196113779,,,,,,,,,,,,,,,,
japan,2022,2023,TABLE 22,192562.40718630637,,,,,,,,,,,,,,,,
canada,2023,2023,TABLE 24,474726.5816590277,,,,,,,,,,,,,,,,
canada,2022,2023,TABLE 24,414249.60331711936,,,,,,,,,,,,,,,,
europe,2023,2023,TABLE 26,117241.3887133773,,,,,,,,,,,,,,,,
europe,2022,2023,TABLE 26,114040.51531189364,,,,,,,,,,,,,,,,
oceania,2023,2023, TABLE 29,236127.23927563493,,,,,,,,,,,,,,,,
oceania,2022,2023, TABLE 29,186551.4987604213,,,,,,,,,,,,,,,,
other_asia,2023,2023,TABLE 32,214608.60379217265,,,,,,,,,,,,,,,,
other_asia,2022,2023,TABLE 32,137506.0774687858,,,,,,,,,,,,,,,,
latin_america,2023,2023,TABLE 36,28121.09269576922,,,,,,,,,,,,,,,,
latin_america,2022,2023,TABLE 36,20750.03921469027,,,,,,,,,,,,,,,,
other_mma,2023,2023,TABLE 37,412755.42914059974,,,,,,,,,,,,,,,,
other_mma,2022,2023,TABLE 37,326535.8820540691,,,,,,,,,,,,,,,,
family,2023,2023,TABLE 43,2576574.7031598245,22074044.254559625,0.0,121160.346267751,2455415.35689157,2.9069086007618092,8.567205223077274,697472.6054426973,1879102.0977139103,886362.4754093009,0.0,0.04702380494505516,0.9529765831669198,0.0,0.06834695151766328,0.9316530484823368,2.9734414870913626
family,2022,2023,TABLE 43,2543358.1031696224,22355152.841446478,0.0,123473.61270976184,2419884.490463262,2.904873332395975,8.789620625419087,659902.3695501182,1883455.733623073,875548.7114723276,0.0,0.0485474745203535,0.9514525254809839,0.0,0.07051213204467398,0.929487867955326,2.9735181744656733
first_time,2023,2023,TABLE 49,2861854.954340564,24541094.930275302,401633.491035742,1142540.29208977,1317681.17121286,2.215740936722997,8.575240646998521,2861854.954340564,,1291601.7874242766,0.1403402679183954,0.39923067741671664,0.460429054664122,0.3109576766974618,0.44229587757393624,0.24674644572860197,4.134574266565449
first_time,2022,2023,TABLE 49,2740901.8430456393,23830972.75072093,415733.0129670375,1109970.2729265932,1215198.750581174,2.166523221072099,8.694598344055464,2740901.8430456393,,1265115.377664547,0.1516774539087772,0.4049653495410163,0.4433572671215645,0.32861272600645886,0.4386834167550956,0.23270385723844553,4.127752009996512
repeat,2023,2023,TABLE 50,6638139.977533977,61133030.6102888,944852.7518173405,2405801.6316055,3287484.59410577,2.251220389938974,9.209361480352408,,6638139.977533977,2948685.0808569314,0.14233697316041635,0.36242104561634125,0.49524183057782517,0.3204318962209258,0.4079448238172553,0.27162327996181895,4.104576408561962
repeat,2022,2023,TABLE 50,6397771.537111471,60905092.2224589,913607.9133140282,2317696.322196739,3166468.108157778,2.25,9.519735406175027,,6397771.537111471,2843454.0164939873,0.14280095936756643,0.36226619046218006,0.494932976238693,0.32130215857702443,0.4075494642699526,0.271148377153023,4.106973488941805
hotel,2024,2024,TABLE 43,4912265.998100444,35903180.31214183,614075.5312749154,1815690.4336584217,2482500.033150929,2.304294961920478,7.308883583671053,1691212.635152649,3221053.3629298136,2131786.980086262,0.12500860733363714,0.36962380179748877,0.5053675908655808,0.28805670407559536,0.42586113214392335,0.2860821637804813,4.070564827113837
hotel,2023,2024,TABLE 43,4739142.010488216,35301234.94931637,607105.0861327178,1771958.199564227,2360078.724779611,2.288865043489909,7.448866244394249,1700140.4364752683,3039001.5740063004,2070520.5070816616,0.1281044300401066,0.3738985233282097,0.4979970466292233,0.2932137518349986,0.42790162992921776,0.27888461823578364,4.087167083654489
condo,2024,2024,TABLE 44,1081688.6296986246,11068088.174207062,100712.03444365879,404208.41173246,576768.183522954,2.443577979434431,10.232231226550661,189372.73072827095,892315.8989703155,442665.8935390238,0.09310630774746957,0.37368277768166874,0.5332109145712761,0.22751252335816197,0.4565615034184088,0.31592597322342925,4.1242017424094355
condo,2023,2024,TABLE 44,1181757.1672580955,12229704.914598653,111720.68710790893,439888.448886228,630148.031265665,2.4411473389803535,10.348746132823486,220679.3350162865,961077.832243068,484099.07439331594,0.09453776985937176,0.3722325204143708,0.5332297097277015,0.23078062532534246,0.4543372133457457,0.3148821613289118,4.133902922520134
timeshare,2024,2024,TABLE 45,682198.6389721241,6385708.705792728,55035.21523664394,291212.43159596,335950.992139869,2.420443747247694,9.360482916550732,83461.22840913011,598737.4105630186,281848.5824129801,0.08067329967055649,0.4268733693675098,0.4924533309624451,0.1952651837574379,0.5166114888760722,0.2881233273664898,4.136963142256075
timeshare,2023,2024,TABLE 45,658745.3624809234,6270455.554787637,54194.91192886382,278408.2201903664,326142.2303620716,2.419644549222635,9.51878512081248,83307.95595419413,575437.4065269353,272248.81550993107,0.08226989519100143,0.42263404958456735,0.4950960552250056,0.19906390346402408,0.5113120871965936,0.28962400933938237,4.136247109137433
rental_house,2024,2024,TABLE 46,757900.8097016801,7166126.550111871,88968.96203840974,227101.6223544292,441830.2253091234,2.4887198741529692,9.455230101855353,222735.19411945963,535165.6155823459,304534.398416226,0.11738866207759972,0.29964557293957694,0.5829657649831957,0.2921474963127494,0.3728669462883391,0.3349855573989115,4.331047871227366
rental_house,2023,2024,TABLE 46,758925.0280520871,7327086.744107073,90824.29215835473,236254.46341039686,431846.2724837727,2.4553478330539824,9.654559374479076,230055.00028279342,528870.027769668,309090.6379273073,0.11967492018476589,0.3113014522880936,0.5690236275277166,0.29384355594657324,0.38217667315106413,0.3239797709023627,4.312463481640504
bnb,2024,2024,TABLE 47,43289.049302389765,369299.6166174572,7060.03960665754,17802.030264253637,18426.979431478983,2.117800350511987,8.531017025524514,15845.3975518381,27443.651750552566,20440.57141265675,0.1630906596571478,0.41123634154910577,0.42567299879375553,0.34539345618713874,0.4354582341379817,0.21914830967487953,4.113608849579185
bnb,2023,2024,TABLE 47,46409.111781487176,406913.5797193625,7769.996517117037,19584.4528399408,19054.16242443562,2.087960982539435,8.767967411987453,18645.4848677349,27763.626913757365,22227.00144762435,0.16742394367945063,0.4219958557309243,0.41056942684338166,0.34957466194557274,0.4405554407797551,0.20986989727467215,4.084687489748041
all_air,2024,2024,TABLE 4,9533375.238964988,,,,,,,,,,,,,,,,
all_air,2023,2024,TABLE 4,9499994.931865053,,,,,,,,,,,,,,,,
us_west,2024,2024,TABLE 15,4997063.591827519,,,,,,,,,,,,,,,,
us_west,2023,2024,TABLE 15,5000098.547400512,,,,,,,,,,,,,,,,
us_east,2024,2024,TABLE 17,2373437.384827836,,,,,,,,,,,,,,,,
us_east,2023,2024,TABLE 17,2427143.853075894,,,,,,,,,,,,,,,,
japan,2024,2024,TABLE 22,708233.1688421314,,,,,,,,,,,,,,,,
japan,2023,2024,TABLE 22,589172.196113779,,,,,,,,,,,,,,,,
canada,2024,2024,TABLE 24,445983.6847892059,,,,,,,,,,,,,,,,
canada,2023,2024,TABLE 24,474726.5816590277,,,,,,,,,,,,,,,,
europe,2024,2024,TABLE 26,117962.08994400788,,,,,,,,,,,,,,,,
europe,2023,2024,TABLE 26,117241.3887133773,,,,,,,,,,,,,,,,
oceania,2024,2024, TABLE 29,203473.30607868763,,,,,,,,,,,,,,,,
oceania,2023,2024, TABLE 29,236127.23927563493,,,,,,,,,,,,,,,,
other_asia,2024,2024,TABLE 32,222301.9095666956,,,,,,,,,,,,,,,,
other_asia,2023,2024,TABLE 32,214608.60379217265,,,,,,,,,,,,,,,,
latin_america,2024,2024,TABLE 35,32479.354739643866,,,,,,,,,,,,,,,,
latin_america,2023,2024,TABLE 35,28121.09269576922,,,,,,,,,,,,,,,,
other_mma,2024,2024,TABLE 36,432440.7483556128,,,,,,,,,,,,,,,,
other_mma,2023,2024,TABLE 36,412755.42914059974,,,,,,,,,,,,,,,,
family,2024,2024,TABLE 42,2409337.796928307,19993510.13330893,0.0,116113.98405903249,2293223.812867981,2.9043615761010666,8.298342456918615,629421.4261877008,1779916.3707386244,829558.487742666,0.0,0.04819331859860729,0.9518066814008558,0.0,0.06998541138129596,0.930014588618704,2.972416548263724
family,2023,2024,TABLE 42,2576574.7031598245,22074044.254559625,0.0,121159.546267751,2455415.35689157,2.9069086007618092,8.567205223077274,697472.6054426973,1879102.0977139103,886362.4754093009,0.0,0.04702349445531892,0.9529765831669198,0.0,0.06834650023502091,0.9316534997649791,2.9734400467892206
first_time,2024,2024,TABLE 48,2771578.3408518103,22984749.820044022,389135.5270439541,1097061.59237289,1285381.6214233271,2.216573830087808,8.293018270946634,2771578.3408518103,,1250388.4613408144,0.14040213884928762,0.3958255757027318,0.4637724297658788,0.31121170666168574,0.438688306191058,0.25009998714725623,4.110299415289517
first_time,2023,2024,TABLE 48,2861854.954340564,24541094.930275302,401633.491035742,1142541.59208977,1317680.1712128557,2.215740936722997,8.575240646998521,2861854.954340564,,1291601.7874242766,0.1403402679183954,0.39923113166755064,0.460428705240402,0.3109576766974618,0.44229638082502043,0.24674594247751774,4.134579561471329
repeat,2024,2024,TABLE 49,6761796.89819392,60738438.02992924,944124.5039518175,2425861.669944273,3391810.724235696,2.2653992442791617,8.982588348099085,,6761796.89819392,2984814.670204187,0.13962627363208643,0.35875991344730007,0.5016138129114246,0.31630925476764404,0.40636721840058554,0.2773235268317705,4.097580777482555
repeat,2023,2024,TABLE 49,6638139.977533977,61133030.6102888,944852.7518173405,2405800.4316055,3287486.5941057676,2.251220389938974,9.209361480352408,,6638139.977533977,2948685.0808569314,0.14233697316041635,0.3624208648428108,0.4952421318670424,0.3204318962209258,0.40794462033672635,0.2716234834423478,4.104575830802824
