market_key,dump_date,period,lang,n_reviews,n_priced,n_listings,price_mean_local,price_median_local,pp_mean_local,pp_median_local,entire_share,country,region,currency,usd_per_unit,en_price_median_local,en_pp_median_local,en_n_reviews,rel_price_vs_en,rel_pp_vs_en,price_median_usd,market_reviews_ltm,lang_share_pct
brazil_sp_são-paulo,2026-06-14,ltm0,de,5496,5464,4551,363.9871650805271,318.36,140.07424764399013,125.75,0.9253731343283582,brazil,LatAm,BRL,0.1945338371507536,376.0,148.96,28838,0.8467021276595745,0.8441863587540279,61.93179239531391,595881,0.9223318078609656
brazil_sp_são-paulo,2026-06-14,ltm0,en,28838,28670,12705,461.8668315312173,376.0,163.7317834550516,148.96,0.9490114464099896,brazil,LatAm,BRL,0.1945338371507536,376.0,148.96,28838,1.0,1.0,73.14472276868335,595881,4.8395568913927445
brazil_sp_são-paulo,2026-06-14,ltm0,es,142478,141519,27304,353.96703212996135,312.0,127.93895097155632,117.5,0.9188931029638996,brazil,LatAm,BRL,0.1945338371507536,376.0,148.96,28838,0.8297872340425532,0.7888023630504833,60.69455719103512,595881,23.910478770090002
brazil_sp_são-paulo,2026-06-14,ltm0,fr,1679,1671,1486,367.6922381807301,320.0,135.02038251760874,125.6,0.9142346634901728,brazil,LatAm,BRL,0.1945338371507536,376.0,148.96,28838,0.851063829787234,0.8431793770139634,62.25082788824115,595881,0.28176766837673967
brazil_sp_são-paulo,2026-06-14,ltm0,it,20970,20843,11198,352.1513016360409,282.5,115.5985170110606,104.91,0.8006200810875268,brazil,LatAm,BRL,0.1945338371507536,376.0,148.96,28838,0.7513297872340425,0.7042830290010741,54.95580899508789,595881,3.519159026718422
brazil_sp_são-paulo,2026-06-14,ltm0,other,97998,97457,23574,334.55060560041863,303.51,129.71707850685516,119.9,0.9067020570670206,brazil,LatAm,BRL,0.1945338371507536,376.0,148.96,28838,0.8072074468085106,0.8049140708915145,59.04296491362522,595881,16.445901111127892
brazil_sp_são-paulo,2026-06-14,ltm0,pt,296801,295050,30223,340.17374360277915,308.0,130.07900007852422,120.0,0.9232944968108204,brazil,LatAm,BRL,0.1945338371507536,376.0,148.96,28838,0.8191489361702128,0.8055853920515574,59.91642184243211,595881,49.8087705431118
brazil_sp_são-paulo,2026-06-14,ltm0,zh_ja_ko,1621,1612,1360,438.2548449131514,377.0,160.80622937982716,147.6016666666667,0.92041949413942,brazil,LatAm,BRL,0.1945338371507536,376.0,148.96,28838,1.002659574468085,0.9908812209094164,73.33925660583411,595881,0.27203418132143836
united-kingdom_england_london,2026-06-19,ltm0,de,20835,18982,11322,192.6091892319039,156.0,58.2805086207774,51.364999999999995,0.6228070175438597,united-kingdom,EMEA,GBP,1.3458416666666666,170.0,56.5,419013,0.9176470588235294,0.9091150442477876,209.9513,572867,3.63696983767611
united-kingdom_england_london,2026-06-19,ltm0,en,419013,381321,45161,225.87315678916187,170.0,66.48865065463194,56.5,0.6589550448591853,united-kingdom,EMEA,GBP,1.3458416666666666,170.0,56.5,419013,1.0,1.0,228.79308333333333,572867,73.14315539208927
united-kingdom_england_london,2026-06-19,ltm0,es,52415,47861,18354,190.6382990326153,151.0,56.23672550856395,48.875,0.6185355174466615,united-kingdom,EMEA,GBP,1.3458416666666666,170.0,56.5,419013,0.888235294117647,0.8650442477876106,203.22209166666667,572867,9.149593186551154
united-kingdom_england_london,2026-06-19,ltm0,fr,20593,18760,11215,207.3949530916844,165.0,59.85821782413496,51.6675,0.696269202633504,united-kingdom,EMEA,GBP,1.3458416666666666,170.0,56.5,419013,0.9705882352941176,0.9144690265486725,222.063875,572867,3.5947261755346354
united-kingdom_england_london,2026-06-19,ltm0,it,3377,3078,2877,197.5220012995451,158.67,56.07591840372103,49.42303571428572,0.646690518783542,united-kingdom,EMEA,GBP,1.3458416666666666,170.0,56.5,419013,0.9333529411764705,0.8747439949431101,213.54469724999998,572867,0.5894911035196652
united-kingdom_england_london,2026-06-19,ltm0,other,41774,38058,18732,209.48455252509328,157.5,61.0726588696362,51.416666666666664,0.6165693943283366,united-kingdom,EMEA,GBP,1.3458416666666666,170.0,56.5,419013,0.9264705882352942,0.9100294985250738,211.97006249999998,572867,7.292093976437812
united-kingdom_england_london,2026-06-19,ltm0,pt,2845,2607,2402,187.04503644035287,144.0,57.00456573329602,48.375,0.6222932197373092,united-kingdom,EMEA,GBP,1.3458416666666666,170.0,56.5,419013,0.8470588235294118,0.8561946902654868,193.8012,572867,0.4966248710433661
united-kingdom_england_london,2026-06-19,ltm0,zh_ja_ko,12015,10986,7729,188.4962133624613,125.0,60.80234010059287,52.5,0.4467356820838203,united-kingdom,EMEA,GBP,1.3458416666666666,170.0,56.5,419013,0.7352941176470589,0.9292035398230089,168.23020833333334,572867,2.0973454571479944
italy_lazio_rome,2026-06-20,ltm0,de,23532,22930,11717,186.69061098996943,153.0,54.43698206646893,47.5,0.8456795373362817,italy,EMEA,EUR,1.1621366666666666,179.0,51.5,285511,0.8547486033519553,0.9223300970873787,177.80691,565705,4.159765248672011
italy_lazio_rome,2026-06-20,ltm0,en,285511,278463,24715,228.00457935165537,179.0,59.6951895599101,51.5,0.8632528979866619,italy,EMEA,EUR,1.1621366666666666,179.0,51.5,285511,1.0,1.0,208.02246333333332,565705,50.4699445824237
italy_lazio_rome,2026-06-20,ltm0,es,126793,123507,22002,173.74490992413385,141.22,50.70046574316414,44.2,0.765078412482825,italy,EMEA,EUR,1.1621366666666666,179.0,51.5,285511,0.7889385474860335,0.858252427184466,164.11694006666664,565705,22.413271935019136
italy_lazio_rome,2026-06-20,ltm0,fr,27794,27101,12880,181.74747610789268,149.0,52.62957263497933,45.835,0.8838967491089751,italy,EMEA,EUR,1.1621366666666666,179.0,51.5,285511,0.8324022346368715,0.89,173.1583633333333,565705,4.913161453407695
italy_lazio_rome,2026-06-20,ltm0,it,16359,15959,9529,164.56783131775174,133.0,48.01554500314628,40.75,0.7991424196018376,italy,EMEA,EUR,1.1621366666666666,179.0,51.5,285511,0.7430167597765364,0.7912621359223301,154.56417666666667,565705,2.8917898904906267
italy_lazio_rome,2026-06-20,ltm0,other,59323,57664,18599,183.17248612652608,148.35,52.59238140219136,45.5,0.7628418438877722,italy,EMEA,EUR,1.1621366666666666,179.0,51.5,285511,0.8287709497206703,0.883495145631068,172.40297449999997,565705,10.486561016784366
italy_lazio_rome,2026-06-20,ltm0,pt,8886,8649,6153,184.99697074806335,149.0,52.19753944372068,44.875,0.7732807215332582,italy,EMEA,EUR,1.1621366666666666,179.0,51.5,285511,0.8324022346368715,0.8713592233009708,173.1583633333333,565705,1.5707833588177584
italy_lazio_rome,2026-06-20,ltm0,zh_ja_ko,17507,17092,8275,190.32347589515564,155.885,54.84620733005098,48.125,0.7071497971080757,italy,EMEA,EUR,1.1621366666666666,179.0,51.5,285511,0.8708659217877095,0.9344660194174758,181.15967428333332,565705,3.094722514384706
france_ile-de-france_paris,2026-06-16,ltm0,de,26416,23263,14028,229.84189485448996,183.0,72.72822674739609,64.5,0.8344942459115687,france,EMEA,EUR,1.1621366666666666,241.36,77.5,269848,0.758203513423931,0.832258064516129,212.67101,559415,4.722075739835364
france_ile-de-france_paris,2026-06-16,ltm0,en,269848,240645,36450,324.7066172162314,241.36,89.21514655575655,77.5,0.8724615339005662,france,EMEA,EUR,1.1621366666666666,241.36,77.5,269848,1.0,1.0,280.4933058666667,559415,48.23753385232788
france_ile-de-france_paris,2026-06-16,ltm0,es,103432,92338,26213,228.4213454915636,179.0,70.31531747515507,61.64833333333333,0.8197559749400573,france,EMEA,EUR,1.1621366666666666,241.36,77.5,269848,0.7416307590321511,0.7954623655913978,208.02246333333332,559415,18.489314730566754
france_ile-de-france_paris,2026-06-16,ltm0,fr,84307,75018,23968,217.326434589032,173.33,69.30016113032048,61.5,0.8413654856654845,france,EMEA,EUR,1.1621366666666666,241.36,77.5,269848,0.7181388796818031,0.7935483870967742,201.43314843333334,559415,15.07056478642868
france_ile-de-france_paris,2026-06-16,ltm0,it,4899,4300,4052,240.15850930232557,183.0,69.18038750931238,61.333333333333336,0.8607879159012043,france,EMEA,EUR,1.1621366666666666,241.36,77.5,269848,0.758203513423931,0.7913978494623656,212.67101,559415,0.8757362602003879
france_ile-de-france_paris,2026-06-16,ltm0,other,49551,44596,19518,260.8775515741322,198.0,78.18774350739702,68.5,0.8213759560856492,france,EMEA,EUR,1.1621366666666666,241.36,77.5,269848,0.8203513423931057,0.8838709677419355,230.10306,559415,8.857645933698596
france_ile-de-france_paris,2026-06-16,ltm0,pt,5642,5085,4343,261.74073746312683,196.0,74.75058497809958,65.83333333333333,0.8505848989719957,france,EMEA,EUR,1.1621366666666666,241.36,77.5,269848,0.8120649651972157,0.8494623655913978,227.77878666666666,559415,1.0085535782916082
france_ile-de-france_paris,2026-06-16,ltm0,zh_ja_ko,15320,13701,8674,267.7567279760602,201.0,81.1768583608385,71.605,0.6945822454308094,france,EMEA,EUR,1.1621366666666666,241.36,77.5,269848,0.8327809081869406,0.9239354838709678,233.58946999999998,559415,2.738575118650733
mexico_df_mexico-city,2026-06-15,ltm0,de,2008,1981,1667,1976.946017163049,1669.87,741.128481368637,638.75,0.7061752988047809,mexico,LatAm,MXN,0.0575228413589469,2333.5,743.09,132405,0.715607456610242,0.8595863219798409,96.05566710006465,487670,0.41175384993950825
mexico_df_mexico-city,2026-06-15,ltm0,en,132405,130604,16260,3107.7135132155217,2333.5,876.4676603416776,743.09,0.892337902647181,mexico,LatAm,MXN,0.0575228413589469,2333.5,743.09,132405,1.0,1.0,134.2295503111026,487670,27.150532122131768
mexico_df_mexico-city,2026-06-15,ltm0,es,286944,282592,20994,1863.78659279102,1484.0,593.6933871473734,486.14,0.7090268484442958,mexico,LatAm,MXN,0.0575228413589469,2333.5,743.09,132405,0.6359545746732376,0.654214159792219,85.36389657667719,487670,58.839789201714275
mexico_df_mexico-city,2026-06-15,ltm0,fr,7362,7249,5097,1875.612062353428,1500.65,624.0594138596322,513.75,0.7017114914425427,mexico,LatAm,MXN,0.0575228413589469,2333.5,743.09,132405,0.6430897793014785,0.6913698206139229,86.32165188530367,487670,1.5096274119794124
mexico_df_mexico-city,2026-06-15,ltm0,it,857,847,809,2033.1328571428571,1530.0,681.5788688531886,499.265,0.6697782963827305,mexico,LatAm,MXN,0.0575228413589469,2333.5,743.09,132405,0.6556674523248339,0.6718768924356403,88.00994727918875,487670,0.17573359033772837
mexico_df_mexico-city,2026-06-15,ltm0,other,55170,54307,14506,1971.547576187232,1567.0,640.7679216242994,524.945,0.7126518035164039,mexico,LatAm,MXN,0.0575228413589469,2333.5,743.09,132405,0.6715234626098135,0.7064352904762546,90.13829240946978,487670,11.312978038427625
mexico_df_mexico-city,2026-06-15,ltm0,pt,859,850,794,2225.370329411765,1877.12,751.1501448482727,614.8020833333333,0.8474970896391153,mexico,LatAm,MXN,0.0575228413589469,2333.5,743.09,132405,0.8044225412470537,0.827358843926487,107.97727597170639,487670,0.17614370373408247
mexico_df_mexico-city,2026-06-15,ltm0,zh_ja_ko,2065,2019,1688,2062.216339772164,1764.4,708.8834940800559,610.4,0.689588377723971,mexico,LatAm,MXN,0.0575228413589469,2333.5,743.09,132405,0.7561174201842726,0.8214348194700507,101.4933012937259,487670,0.4234420817355999
japan_kantō_tokyo,2026-06-30,ltm0,de,12017,11660,7648,21793.97400943396,17417.75,6470.597525829827,5496.666666666667,0.8256636431721728,japan,APAC,JPY,0.0063082698637684,20904.0,5260.0,260154,0.8332256984309223,1.0449936628643854,109.87586741965204,463013,2.5953914900877515
japan_kantō_tokyo,2026-06-30,ltm0,en,260154,253138,26298,27118.15548297766,20904.0,6313.754873217938,5260.0,0.8676591557308363,japan,APAC,JPY,0.0063082698637684,20904.0,5260.0,260154,1.0,1.0,131.86807323221464,463013,56.187191288365554
japan_kantō_tokyo,2026-06-30,ltm0,es,23359,22571,12068,21230.275936821585,16706.0,6066.221021748541,5012.666666666667,0.8032878119782525,japan,APAC,JPY,0.0063082698637684,20904.0,5260.0,260154,0.7991771909682357,0.9529784537389101,105.38595634411489,463013,5.044998736536555
japan_kantō_tokyo,2026-06-30,ltm0,fr,10555,10235,7088,20937.88140889106,16875.0,6073.979639531927,5197.5,0.8187588820464234,japan,APAC,JPY,0.0063082698637684,20904.0,5260.0,260154,0.8072617680826636,0.9881178707224335,106.45205395109174,463013,2.279633617198653
japan_kantō_tokyo,2026-06-30,ltm0,it,986,965,927,23546.114476683935,17688.0,6976.135373384646,5200.0,0.8488843813387424,japan,APAC,JPY,0.0063082698637684,20904.0,5260.0,260154,0.8461538461538461,0.9885931558935361,111.58067735033545,463013,0.2129529840414848
japan_kantō_tokyo,2026-06-30,ltm0,other,28418,27626,14320,23233.91070296098,18245.25,5927.748218360541,4929.25,0.8108945034837075,japan,APAC,JPY,0.0063082698637684,20904.0,5260.0,260154,0.8728114236509759,0.9371197718631179,115.0959607319204,463013,6.137624645528311
japan_kantō_tokyo,2026-06-30,ltm0,pt,985,952,923,19798.492457983193,16009.0,5806.08035961156,4950.0,0.8010152284263959,japan,APAC,JPY,0.0063082698637684,20904.0,5260.0,260154,0.7658342900880214,0.94106463878327,100.9890922490683,463013,0.21273700738424192
japan_kantō_tokyo,2026-06-30,ltm0,zh_ja_ko,126539,123065,23288,24933.89994003169,19409.0,5773.537759594022,4765.75,0.8228293253463359,japan,APAC,JPY,0.0063082698637684,20904.0,5260.0,260154,0.9284825870646766,0.9060361216730038,122.43720978588087,463013,27.32947023085745
brazil_rj_rio-de-janeiro,2026-06-24,ltm0,de,7057,6811,5490,522.0013243282925,407.0,157.6476665043121,127.815,0.8757446808510638,brazil,LatAm,BRL,0.1945338371507536,510.0,152.16666666666666,58132,0.7980392156862746,0.8399671412924425,79.17527172035672,458968,1.537579962001708
brazil_rj_rio-de-janeiro,2026-06-24,ltm0,en,58132,56184,17586,732.3158422326642,510.0,191.681710210637,152.16666666666666,0.9118659233257622,brazil,LatAm,BRL,0.1945338371507536,510.0,152.16666666666666,58132,1.0,1.0,99.21225694688434,458968,12.66580676648481
brazil_rj_rio-de-janeiro,2026-06-24,ltm0,es,172255,166369,27474,522.0647311698694,393.0,139.17711488328703,114.25,0.9011749127381914,brazil,LatAm,BRL,0.1945338371507536,510.0,152.16666666666666,58132,0.7705882352941177,0.7508214676889376,76.45179800024616,458968,37.53093897613777
brazil_rj_rio-de-janeiro,2026-06-24,ltm0,fr,6323,6108,4874,563.2456450556647,423.0,156.2084076931627,128.385,0.8816642936244266,brazil,LatAm,BRL,0.1945338371507536,510.0,152.16666666666666,58132,0.8294117647058824,0.8437130339539978,82.28781311476877,458968,1.377655958585348
brazil_rj_rio-de-janeiro,2026-06-24,ltm0,it,16863,16244,9717,469.0085157596651,317.90999999999997,120.77060264037245,99.66666666666669,0.7957512461428911,brazil,LatAm,BRL,0.1945338371507536,510.0,152.16666666666666,58132,0.6233529411764706,0.6549835706462214,61.84425216859607,458968,3.6741123564170053
brazil_rj_rio-de-janeiro,2026-06-24,ltm0,other,47594,45978,17494,449.0261672974031,338.0,129.25059810977498,106.66666666666669,0.889982129717229,brazil,LatAm,BRL,0.1945338371507536,510.0,152.16666666666666,58132,0.6627450980392157,0.7009857612267253,65.75243695695471,458968,10.369786128880445
brazil_rj_rio-de-janeiro,2026-06-24,ltm0,pt,150145,145022,25526,433.1368251713533,342.35,125.33969308224754,105.0,0.9102980289163372,brazil,LatAm,BRL,0.1945338371507536,510.0,152.16666666666666,58132,0.6712745098039216,0.6900328587075576,66.5986591485605,458968,32.7136096634188
brazil_rj_rio-de-janeiro,2026-06-24,ltm0,zh_ja_ko,599,574,546,495.7305923344947,376.63,138.6756657471932,117.0,0.7128547579298832,brazil,LatAm,BRL,0.1945338371507536,510.0,152.16666666666666,58132,0.7384901960784314,0.7688937568455642,73.26727908608832,458968,0.1305101880741141
united-states_ca_los-angeles,2026-06-15,ltm0,de,3136,3051,2238,328.24361520812846,264.5,89.6453886099652,79.2825,0.7980769230769231,united-states,NAM,USD,1.0,279.7,74.32,329013,0.9456560600643547,1.0667720667384284,264.5,377706,0.8302753993847066
united-states_ca_los-angeles,2026-06-15,ltm0,en,329013,317371,23682,363.6507071849665,279.7,87.42101547995634,74.32,0.8324980434882686,united-states,NAM,USD,1.0,279.7,74.32,329013,1.0,1.0,279.7,377706,87.10822703372465
united-states_ca_los-angeles,2026-06-15,ltm0,es,15265,14645,6806,296.6427688630932,245.67,71.36114029737001,60.82,0.731650614413816,united-states,NAM,USD,1.0,279.7,74.32,329013,0.8783339292098677,0.8183530678148547,245.67,377706,4.041503179721794
united-states_ca_los-angeles,2026-06-15,ltm0,fr,2000,1930,1601,291.46312953367874,250.0,78.67469855407977,68.15,0.7744702320887992,united-states,NAM,USD,1.0,279.7,74.32,329013,0.8938148015731141,0.9169806243272337,250.0,377706,0.5295123720565731
united-states_ca_los-angeles,2026-06-15,ltm0,it,507,493,478,330.1341379310345,270.33,73.1526359506788,62.666666666666664,0.7964426877470355,united-states,NAM,USD,1.0,279.7,74.32,329013,0.9664998212370397,0.843200574094008,270.33,377706,0.1342313863163413
united-states_ca_los-angeles,2026-06-15,ltm0,other,18687,17687,8938,321.2886300672811,241.67,79.6994470832427,65.25,0.7185937929140346,united-states,NAM,USD,1.0,279.7,74.32,329013,0.8640328923846978,0.8779601722282024,241.67,377706,4.947498848310591
united-states_ca_los-angeles,2026-06-15,ltm0,pt,580,550,500,284.2140545454546,250.0,79.0876909043734,67.018,0.7548500881834215,united-states,NAM,USD,1.0,279.7,74.32,329013,0.8938148015731141,0.9017491926803015,250.0,377706,0.1535585878964062
united-states_ca_los-angeles,2026-06-15,ltm0,zh_ja_ko,8518,8281,4736,292.5188165680473,242.5,71.14326210254578,61.396,0.6838823529411765,united-states,NAM,USD,1.0,279.7,74.32,329013,0.8670003575259206,0.826103336921421,242.5,377706,2.255193192588945
spain_comunidad-de-madrid_madrid,2026-06-20,ltm0,de,7337,7092,4688,154.91207557811617,127.8,48.92078629952097,43.4725,0.7579652673321482,spain,EMEA,EUR,1.1621366666666666,145.0,45.875,116301,0.8813793103448275,0.9476294277929155,148.521066,374906,1.9570238939894267
spain_comunidad-de-madrid_madrid,2026-06-20,ltm0,en,116301,112360,13468,180.53823264506943,145.0,52.374615029762026,45.875,0.8119942184024442,spain,EMEA,EUR,1.1621366666666666,145.0,45.875,116301,1.0,1.0,168.50981666666667,374906,31.02137602492358
spain_comunidad-de-madrid_madrid,2026-06-20,ltm0,es,171191,164785,14413,139.28117352914404,116.4,43.56120327483435,38.166666666666664,0.7057651387794929,spain,EMEA,EUR,1.1621366666666666,145.0,45.875,116301,0.8027586206896552,0.8319709355131698,135.272708,374906,45.66237936976202
spain_comunidad-de-madrid_madrid,2026-06-20,ltm0,fr,17143,16550,7589,152.91712265861025,127.0,45.56097926521448,40.0,0.8072437437730763,spain,EMEA,EUR,1.1621366666666666,145.0,45.875,116301,0.8758620689655172,0.8719346049046321,147.59135666666666,374906,4.572612868292318
spain_comunidad-de-madrid_madrid,2026-06-20,ltm0,it,4695,4541,3370,150.61794318432064,122.68,44.684640997405175,39.375,0.753152382987818,spain,EMEA,EUR,1.1621366666666666,145.0,45.875,116301,0.8460689655172414,0.8583106267029973,142.57092626666667,374906,1.2523139133542809
spain_comunidad-de-madrid_madrid,2026-06-20,ltm0,other,43623,41659,10727,143.724104755275,119.0,44.37710963105423,38.6425,0.7029337297623749,spain,EMEA,EUR,1.1621366666666666,145.0,45.875,116301,0.8206896551724138,0.8423433242506811,138.29426333333333,374906,11.635716686316037
spain_comunidad-de-madrid_madrid,2026-06-20,ltm0,pt,8578,8232,4894,147.42706632653062,123.0,43.79164963097958,38.0,0.7581159249203163,spain,EMEA,EUR,1.1621366666666666,145.0,45.875,116301,0.8482758620689655,0.8283378746594006,142.94280999999998,374906,2.2880402020773207
spain_comunidad-de-madrid_madrid,2026-06-20,ltm0,zh_ja_ko,6038,5826,3456,149.69069344318572,122.68,46.66899102327803,42.212500000000006,0.6237968801858612,spain,EMEA,EUR,1.1621366666666666,145.0,45.875,116301,0.8460689655172414,0.9201634877384197,142.57092626666667,374906,1.6105370412850155
argentina_ciudad-autónoma-de-buenos-aires_buenos-aires,2026-06-29,ltm0,de,3176,3083,2541,127784.71496918586,99316.77,47103.64471065894,40793.636666666665,0.9033375314861462,argentina,LatAm,ARS,,115589.0,44743.0,52547,0.8592233690057013,0.9117322635198056,,374229,0.8486782157449049
argentina_ciudad-autónoma-de-buenos-aires_buenos-aires,2026-06-29,ltm0,en,52547,51043,14398,166330.47671061652,115589.0,54857.142292942066,44743.0,0.955144917883038,argentina,LatAm,ARS,,115589.0,44743.0,52547,1.0,1.0,,374229,14.041402456784482
argentina_ciudad-autónoma-de-buenos-aires_buenos-aires,2026-06-29,ltm0,es,247660,240055,21188,147287.8680149549,96344.5,49670.75956464304,36281.125,0.9548534280868932,argentina,LatAm,ARS,,115589.0,44743.0,52547,0.8335092439592002,0.8108782379366605,,374229,66.17873013582593
argentina_ciudad-autónoma-de-buenos-aires_buenos-aires,2026-06-29,ltm0,fr,5382,5228,4156,159676.22840283092,96505.705,52591.73364076212,37238.60333333333,0.9433296172426608,argentina,LatAm,ARS,,115589.0,44743.0,52547,0.8349038835875386,0.8322777492196172,,374229,1.4381568504845963
argentina_ciudad-autónoma-de-buenos-aires_buenos-aires,2026-06-29,ltm0,it,1930,1873,1714,126191.1486385478,95909.0,40674.96710737513,37124.0,0.9072538860103628,argentina,LatAm,ARS,,115589.0,44743.0,52547,0.8297415844068207,0.8297163802158997,,374229,0.5157270013815071
argentina_ciudad-autónoma-de-buenos-aires_buenos-aires,2026-06-29,ltm0,other,47056,45710,14104,154340.07801028222,99316.77,52462.21527734588,37486.85,0.9552873172390344,argentina,LatAm,ARS,,115589.0,44743.0,52547,0.8592233690057013,0.8378260286525266,,374229,12.57411905544466
argentina_ciudad-autónoma-de-buenos-aires_buenos-aires,2026-06-29,ltm0,pt,14946,14494,6980,150817.5646674486,98545.05,48147.71631299413,37969.925,0.9686203666532852,argentina,LatAm,ARS,,115589.0,44743.0,52547,0.8525469551600932,0.8486226895827281,,374229,3.993811275983422
argentina_ciudad-autónoma-de-buenos-aires_buenos-aires,2026-06-29,ltm0,zh_ja_ko,1532,1488,1315,128118.49141129032,100415.0,44575.34321229347,39471.28333333333,0.8694516971279374,argentina,LatAm,ARS,,115589.0,44743.0,52547,0.8687245326112346,0.8821778453240358,,374229,0.40937500835050195
portugal_lisbon_lisbon,2026-06-23,ltm0,de,22516,21783,9190,150.25355736124502,128.67,45.59320417761349,41.795,0.822094882729211,portugal,EMEA,EUR,1.1621366666666666,148.15,44.0,175548,0.8685116436044549,0.9498863636363637,149.53212489999999,337612,6.66919422295416
portugal_lisbon_lisbon,2026-06-23,ltm0,en,175548,170093,16764,179.4758488591535,148.15,48.711882240436566,44.0,0.859687510684126,portugal,EMEA,EUR,1.1621366666666666,148.15,44.0,175548,1.0,1.0,172.17054716666667,337612,51.99696693245501
portugal_lisbon_lisbon,2026-06-23,ltm0,es,59287,57404,13619,141.92252735001043,123.0,40.39015396261463,36.975,0.8135132855335302,portugal,EMEA,EUR,1.1621366666666666,148.15,44.0,175548,0.8302396220047249,0.8403409090909091,142.94280999999998,337612,17.560690970700094
portugal_lisbon_lisbon,2026-06-23,ltm0,fr,23246,22506,9190,146.40976495156846,126.95,41.67312167033945,38.333333333333336,0.8722085968762101,portugal,EMEA,EUR,1.1621366666666666,148.15,44.0,175548,0.8569017887276409,0.8712121212121212,147.53324983333331,337612,6.88541876473585
portugal_lisbon_lisbon,2026-06-23,ltm0,it,4988,4826,3683,141.98206382096973,117.835,39.912111087090025,35.5,0.7752808988764045,portugal,EMEA,EUR,1.1621366666666666,148.15,44.0,175548,0.7953763077961524,0.8068181818181818,136.94037411666665,337612,1.4774356361740697
portugal_lisbon_lisbon,2026-06-23,ltm0,other,30907,29853,11382,144.63851371721435,121.54,42.238639028671294,38.00333333333334,0.7534739092410845,portugal,EMEA,EUR,1.1621366666666666,148.15,44.0,175548,0.8203847451906852,0.8637121212121213,141.24609046666666,337612,9.154591661433836
portugal_lisbon_lisbon,2026-06-23,ltm0,pt,14990,14463,6956,130.7481753439812,115.0,39.241210484210875,35.09,0.7326031788433285,portugal,EMEA,EUR,1.1621366666666666,148.15,44.0,175548,0.7762402969962875,0.7975000000000001,133.64571666666666,337612,4.4400080565856666
portugal_lisbon_lisbon,2026-06-23,ltm0,zh_ja_ko,6130,5967,3523,146.62666499078264,131.5,45.24250759494124,40.833333333333336,0.7068515497553018,portugal,EMEA,EUR,1.1621366666666666,148.15,44.0,175548,0.8876139048261896,0.9280303030303031,152.82097166666665,337612,1.8156937549613166
italy_lombardy_milan,2026-06-25,ltm0,de,17376,16472,7723,168.37445726080622,130.0,49.97680288406281,41.25,0.9379354021532617,italy,EMEA,EUR,1.1621366666666666,135.0,42.795,144467,0.9629629629629629,0.9638976515948124,151.07776666666666,313816,5.5370025747571825
italy_lombardy_milan,2026-06-25,ltm0,en,144467,137347,15569,176.5957680910395,135.0,51.75839807024551,42.795,0.929504133375798,italy,EMEA,EUR,1.1621366666666666,135.0,42.795,144467,1.0,1.0,156.88844999999998,313816,46.03557498661636
italy_lombardy_milan,2026-06-25,ltm0,es,59987,57069,12897,154.0296376316389,120.0,47.87264312086878,39.75,0.9010939532401694,italy,EMEA,EUR,1.1621366666666666,135.0,42.795,144467,0.8888888888888888,0.9288468279004556,139.4564,313816,19.115341473984756
italy_lombardy_milan,2026-06-25,ltm0,fr,17981,17085,7741,155.04150541410596,123.0,47.70994747313542,39.625,0.9458843159065627,italy,EMEA,EUR,1.1621366666666666,135.0,42.795,144467,0.9111111111111111,0.9259259259259259,142.94280999999998,313816,5.729790705381498
italy_lombardy_milan,2026-06-25,ltm0,it,13463,12779,6901,146.66729086783005,117.0,47.2334748245707,38.7,0.925694754049636,italy,EMEA,EUR,1.1621366666666666,135.0,42.795,144467,0.8666666666666667,0.9043112513144059,135.96999,313816,4.290093558008515
italy_lombardy_milan,2026-06-25,ltm0,other,45390,43008,11885,157.52098702566963,125.0,47.20490490092429,39.8125,0.9223138309598342,italy,EMEA,EUR,1.1621366666666666,135.0,42.795,144467,0.9259259259259259,0.9303072788877205,145.26708333333332,313816,14.46388966783083
italy_lombardy_milan,2026-06-25,ltm0,pt,5155,4913,3459,167.10805821290455,126.0,49.25661313808317,40.2,0.9270327964292644,italy,EMEA,EUR,1.1621366666666666,135.0,42.795,144467,0.9333333333333333,0.9393620750087628,146.42922,313816,1.6426823361460219
italy_lombardy_milan,2026-06-25,ltm0,zh_ja_ko,9997,9536,4704,162.441677852349,127.81,48.926960165924974,40.891666666666666,0.8370533480132119,italy,EMEA,EUR,1.1621366666666666,135.0,42.795,144467,0.9467407407407408,0.9555243992678272,148.53268736666666,313816,3.1856246972748363
united-states_hi_hawaii,2026-06-21,ltm0,de,4663,4515,3108,285.35996677740866,251.63,94.58566073342186,87.125,0.8662516101331044,united-states,NAM,USD,1.0,326.0,88.6875,276610,0.7718711656441718,0.9823819591261451,251.63,306152,1.5230996367817293
united-states_hi_hawaii,2026-06-21,ltm0,en,276610,265424,23676,413.2672692748207,326.0,100.57672715047444,88.6875,0.9322082400585368,united-states,NAM,USD,1.0,326.0,88.6875,276610,1.0,1.0,326.0,306152,90.350544827406
united-states_hi_hawaii,2026-06-21,ltm0,es,4238,4078,3163,296.5000343305542,248.89,86.18649516109743,77.58333333333334,0.8634319526627219,united-states,NAM,USD,1.0,326.0,88.6875,276610,0.7634662576687116,0.8747944561898051,248.89,306152,1.3842797041992212
united-states_hi_hawaii,2026-06-21,ltm0,fr,1391,1349,1198,280.8023869532987,247.0,85.72565602332763,78.5,0.884809215262779,united-states,NAM,USD,1.0,326.0,88.6875,276610,0.7576687116564417,0.8851303735024665,247.0,306152,0.4543494734641616
united-states_hi_hawaii,2026-06-21,ltm0,it,214,211,209,291.7568246445498,256.42,85.98041014067553,76.6,0.822429906542056,united-states,NAM,USD,1.0,326.0,88.6875,276610,0.7865644171779141,0.863706835799859,256.42,306152,0.0698999189944864
united-states_hi_hawaii,2026-06-21,ltm0,other,9482,9041,6335,362.4724079194779,288.5,95.31931019847804,83.66666666666667,0.875717627046566,united-states,NAM,USD,1.0,326.0,88.6875,276610,0.8849693251533742,0.9433873619920132,288.5,306152,3.0971543546996263
united-states_hi_hawaii,2026-06-21,ltm0,pt,140,135,139,304.8140740740741,277.31,88.0359368606702,84.75,0.935251798561151,united-states,NAM,USD,1.0,326.0,88.6875,276610,0.8506441717791411,0.9556025369978859,277.31,306152,0.04572891896835559
united-states_hi_hawaii,2026-06-21,ltm0,zh_ja_ko,9414,9154,4542,335.48464605636883,294.0,84.68752796443113,77.885,0.8891960867715866,united-states,NAM,USD,1.0,326.0,88.6875,276610,0.901840490797546,0.8781959126145173,294.0,306152,3.074943165486425
italy_sicilia_sicily,2026-06-30,ltm0,de,34932,34010,13293,158.45276683328433,120.0,43.30713722103675,36.1675,0.8856537547596554,italy,EMEA,EUR,1.1621366666666666,126.5,36.6,117192,0.9486166007905138,0.9881830601092895,139.4564,273016,12.794854514021157
italy_sicilia_sicily,2026-06-30,ltm0,en,117192,114578,21234,181.2463947703748,126.5,45.67133679225424,36.6,0.9005546548340302,italy,EMEA,EUR,1.1621366666666666,126.5,36.6,117192,1.0,1.0,147.01028833333334,273016,42.92495677908987
italy_sicilia_sicily,2026-06-30,ltm0,es,58168,56778,19132,138.3829856634612,106.0,37.21946581347262,31.0,0.8801038389464817,italy,EMEA,EUR,1.1621366666666666,126.5,36.6,117192,0.8379446640316206,0.8469945355191256,123.18648666666665,273016,21.305711020599524
italy_sicilia_sicily,2026-06-30,ltm0,fr,17945,17547,8890,127.28987975152448,99.67,36.6426867472973,30.1675,0.8868702630405707,italy,EMEA,EUR,1.1621366666666666,126.5,36.6,117192,0.7879051383399209,0.8242486338797814,115.83016156666666,273016,6.572874849825651
italy_sicilia_sicily,2026-06-30,ltm0,it,11671,11405,7575,123.56442612889084,99.0,34.3049428877713,29.0,0.8797875074972153,italy,EMEA,EUR,1.1621366666666666,126.5,36.6,117192,0.782608695652174,0.7923497267759563,115.05153,273016,4.274841034957658
italy_sicilia_sicily,2026-06-30,ltm0,other,28881,28160,13144,147.42405220170454,106.67,39.35445831312784,31.9,0.8480609418282549,italy,EMEA,EUR,1.1621366666666666,126.5,36.6,117192,0.8432411067193676,0.8715846994535519,123.96511823333333,273016,10.578500893720514
italy_sicilia_sicily,2026-06-30,ltm0,pt,747,734,694,139.1442915531335,103.5,43.00767241016628,30.333333333333332,0.8688085676037484,italy,EMEA,EUR,1.1621366666666666,126.5,36.6,117192,0.8181818181818182,0.8287795992714024,120.281145,273016,0.2736103378556568
italy_sicilia_sicily,2026-06-30,ltm0,zh_ja_ko,3480,3418,2407,139.44276477472206,108.5,39.33322189767355,32.12,0.8017241379310345,italy,EMEA,EUR,1.1621366666666666,126.5,36.6,117192,0.857707509881423,0.8775956284153005,126.09182833333332,273016,1.2746505699299675
chile_rm_santiago,2026-06-29,ltm0,de,1553,1507,1233,77247.28251493032,59912.0,26049.65230015483,22823.5,0.8789439793947199,chile,LatAm,CLP,,70000.0,25417.0,18212,0.8558857142857142,0.897961993941063,,253876,0.611715955820952
chile_rm_santiago,2026-06-29,ltm0,en,18212,17841,6322,103066.98828877303,70000.0,31448.170235110192,25417.0,0.9162090929057763,chile,LatAm,CLP,,70000.0,25417.0,18212,1.0,1.0,,253876,7.1735808032267725
chile_rm_santiago,2026-06-29,ltm0,es,176933,173411,12896,72771.3275926556,55140.33,24087.98024927928,20450.0,0.913097048035132,chile,LatAm,CLP,,70000.0,25417.0,18212,0.7877190000000001,0.8045796120706614,,253876,69.69268461768738
chile_rm_santiago,2026-06-29,ltm0,fr,5790,5670,3633,64596.77544620811,51923.75,22395.25697318377,19780.333333333332,0.909153713298791,chile,LatAm,CLP,,70000.0,25417.0,18212,0.7417678571428571,0.7782324166240442,,253876,2.28064094282248
chile_rm_santiago,2026-06-29,ltm0,it,1663,1625,1386,88530.76854769229,59341.0,26238.33279864379,21561.0,0.8460613349368611,chile,LatAm,CLP,,70000.0,25417.0,18212,0.8477285714285714,0.8482905142227642,,253876,0.6550441948037624
chile_rm_santiago,2026-06-29,ltm0,other,35740,35047,8939,69325.42557137558,53208.0,24031.079224889974,20228.6,0.917599328483492,chile,LatAm,CLP,,70000.0,25417.0,18212,0.7601142857142857,0.7958689066372899,,253876,14.077738738596794
chile_rm_santiago,2026-06-29,ltm0,pt,13022,12742,5083,89422.85098885575,65488.0,27037.03980919884,22823.5,0.9604515435416988,chile,LatAm,CLP,,70000.0,25417.0,18212,0.9355428571428571,0.897961993941063,,253876,5.1292757094014405
chile_rm_santiago,2026-06-29,ltm0,zh_ja_ko,963,939,819,81426.17228966986,67171.0,28219.352396740876,24320.5,0.8213914849428868,chile,LatAm,CLP,,70000.0,25417.0,18212,0.9595857142857143,0.9568595821694141,,253876,0.3793190376404229
hungary_közép-magyarország_budapest,2026-06-28,ltm0,de,16283,15775,5672,40005.50660285261,31003.0,10971.04066595969,9424.0,0.9698291753717586,hungary,EMEA,HUF,0.0031506791664629,31335.0,9398.83375,118694,0.9894048188926121,1.0026775928449634,97.68050619784928,239297,6.804514891536459
hungary_közép-magyarország_budapest,2026-06-28,ltm0,en,118694,114300,8979,40821.38691102363,31335.0,11200.831340069424,9398.83375,0.962434031934445,hungary,EMEA,HUF,0.0031506791664629,31335.0,9398.83375,118694,1.0,1.0,98.72653168111496,239297,49.601123290304514
hungary_közép-magyarország_budapest,2026-06-28,ltm0,es,29842,28767,6697,36384.446761914696,28717.0,10345.977020078784,8934.333333333334,0.9631728995472078,hungary,EMEA,HUF,0.0031506791664629,31335.0,9398.83375,118694,0.9164512525929471,0.9505789304266962,90.47805362331509,239297,12.470695411977584
hungary_közép-magyarország_budapest,2026-06-28,ltm0,fr,11386,11008,4885,38352.87480196221,29844.0,10569.986478241062,9085.0,0.9765336614519248,hungary,EMEA,HUF,0.0031506791664629,31335.0,9398.83375,118694,0.9524174246050742,0.9666092880938553,94.02886904391879,239297,4.758103946142242
hungary_közép-magyarország_budapest,2026-06-28,ltm0,it,3434,3329,2280,37412.30181736257,28287.0,10704.635906340303,9037.0,0.9688410017472336,hungary,EMEA,HUF,0.0031506791664629,31335.0,9398.83375,118694,0.9027285782671135,0.9615022714919285,89.12326158173605,239297,1.4350367952795062
hungary_közép-magyarország_budapest,2026-06-28,ltm0,other,52533,50794,8083,37343.94950643777,28917.5,10624.300608802345,8999.25,0.9559476401882514,hungary,EMEA,HUF,0.0031506791664629,31335.0,9398.83375,118694,0.9228498484123185,0.9574858157268714,91.1097647961909,239297,21.953054154460776
hungary_közép-magyarország_budapest,2026-06-28,ltm0,pt,1376,1327,1181,35692.813730218535,28669.5,10719.38792587749,9129.5,0.9497816593886464,hungary,EMEA,HUF,0.0031506791664629,31335.0,9398.83375,118694,0.9149353757778842,0.9713439180685582,90.32839636290811,239297,0.5750176558836927
hungary_közép-magyarország_budapest,2026-06-28,ltm0,zh_ja_ko,5749,5556,3000,38562.110665946726,31538.5,11186.829049946728,9685.25,0.9225817675713291,hungary,EMEA,HUF,0.0031506791664629,31335.0,9398.83375,118694,1.0064943354076912,1.0304735946627421,99.36769489149017,239297,2.4024538544152247
australia_vic_melbourne,2026-06-16,ltm0,de,1499,1406,1262,205.11794452347084,189.0,74.51051731858311,67.56,0.6924616410940627,australia,APAC,AUD,0.7040833333333333,248.0,69.25,211532,0.7620967741935484,0.9755956678700362,133.07174999999998,237211,0.6319268499352897
australia_vic_melbourne,2026-06-16,ltm0,en,211532,202536,15409,292.71699475648774,248.0,80.18162396489427,69.25,0.8922054346387308,australia,APAC,AUD,0.7040833333333333,248.0,69.25,211532,1.0,1.0,174.61266666666666,237211,89.17461669146877
australia_vic_melbourne,2026-06-16,ltm0,es,1598,1526,1358,212.93342070773264,190.75,69.33714197205154,61.9825,0.6846057571964956,australia,APAC,AUD,0.7040833333333333,248.0,69.25,211532,0.7691532258064516,0.8950541516245487,134.3038958333333,237211,0.6736618453613028
australia_vic_melbourne,2026-06-16,ltm0,fr,964,913,864,307.7857721796276,183.5,109.4012028278403,61.5,0.6898340248962656,australia,APAC,AUD,0.7040833333333333,248.0,69.25,211532,0.7399193548387096,0.8880866425992779,129.19929166666665,237211,0.4063892483906733
australia_vic_melbourne,2026-06-16,ltm0,it,88,86,85,191.84197674418604,165.42000000000002,60.51284976005906,54.5175,0.6477272727272727,australia,APAC,AUD,0.7040833333333333,248.0,69.25,211532,0.6670161290322582,0.7872563176895306,116.469465,237211,0.03709777371201167
australia_vic_melbourne,2026-06-16,ltm0,other,11091,10626,6053,265.35128082062863,231.0,74.26600512655517,64.39416666666668,0.8350915156433144,australia,APAC,AUD,0.7040833333333333,248.0,69.25,211532,0.9314516129032258,0.9298796630565586,162.64325,237211,4.675584184544562
australia_vic_melbourne,2026-06-16,ltm0,pt,71,63,69,257.01920634920634,236.5,70.37753174603174,66.5,0.9154929577464788,australia,APAC,AUD,0.7040833333333333,248.0,69.25,211532,0.9536290322580645,0.9602888086642599,166.51570833333332,237211,0.029931158335827598
australia_vic_melbourne,2026-06-16,ltm0,zh_ja_ko,10368,9864,4862,286.69569849959447,231.79,77.06806095192037,60.786249999999995,0.7962962962962963,australia,APAC,AUD,0.7040833333333333,248.0,69.25,211532,0.9346370967741935,0.8777797833935017,163.1994758333333,237211,4.370792248251557
czech-republic_prague_prague,2026-06-27,ltm0,de,26535,26003,6407,3130.153344998654,2500.0,763.5302915307526,658.8333333333334,0.9345900094250706,czech-republic,EMEA,CZK,0.0478641778947464,2431.0,676.0,110962,1.0283833813245578,0.9746055226824458,119.66044473686601,234340,11.323290944781087
czech-republic_prague_prague,2026-06-27,ltm0,en,110962,108554,8504,3034.2148471728356,2431.0,777.1219895128098,676.0,0.9059716562691572,czech-republic,EMEA,CZK,0.0478641778947464,2431.0,676.0,110962,1.0,1.0,116.35781646212851,234340,47.3508577280874
czech-republic_prague_prague,2026-06-27,ltm0,es,22852,22280,5982,2593.75767010772,2161.0,712.6248251689562,637.0783333333334,0.8811733800350263,czech-republic,EMEA,CZK,0.0478641778947464,2431.0,676.0,110962,0.8889345948169478,0.9424235700197239,103.43448843054698,234340,9.751642912008194
czech-republic_prague_prague,2026-06-27,ltm0,fr,9853,9622,4465,2802.4005030139265,2326.94,743.089568950474,663.44875,0.935818015639281,czech-republic,EMEA,CZK,0.0478641778947464,2431.0,676.0,110962,0.9571945701357466,0.9814330621301776,111.37707011040119,234340,4.204574549799437
czech-republic_prague_prague,2026-06-27,ltm0,it,2203,2149,1639,2645.752880409493,2235.0,680.560793291496,619.81,0.9236710586097228,czech-republic,EMEA,CZK,0.0478641778947464,2431.0,676.0,110962,0.9193747429041547,0.916878698224852,106.97643759475821,234340,0.9400870529999147
czech-republic_prague_prague,2026-06-27,ltm0,other,55157,53707,7814,2593.538358314559,2161.0,701.5725359432347,627.645,0.868451138735142,czech-republic,EMEA,CZK,0.0478641778947464,2431.0,676.0,110962,0.8889345948169478,0.9284689349112426,103.43448843054698,234340,23.537168217120424
czech-republic_prague_prague,2026-06-27,ltm0,pt,1091,1063,906,2585.60958607714,2202.8,699.9428701208637,634.70875,0.8944954128440367,czech-republic,EMEA,CZK,0.0478641778947464,2431.0,676.0,110962,0.9061291649526945,0.9389182692307693,105.43521106654738,234340,0.46556285738670306
czech-republic_prague_prague,2026-06-27,ltm0,zh_ja_ko,5687,5562,2970,3019.8316450916936,2370.165,797.5040087327172,675.5825,0.833626450932114,czech-republic,EMEA,CZK,0.0478641778947464,2431.0,676.0,110962,0.9749753187988482,0.9993823964497042,113.4459991999016,234340,2.426815737816847
portugal_norte_porto,2026-06-23,ltm0,de,13990,12818,6019,131.80519503822748,111.0,42.07556145791588,38.775,0.8794052469797699,portugal,EMEA,EUR,1.1621366666666666,125.0,41.25,96183,0.888,0.94,128.99716999999998,224578,6.229461478862578
portugal_norte_porto,2026-06-23,ltm0,en,96183,89552,10157,155.54106921118458,125.0,45.117247361651515,41.25,0.9200399280463332,portugal,EMEA,EUR,1.1621366666666666,125.0,41.25,96183,1.0,1.0,145.26708333333332,224578,42.82832690646457
portugal_norte_porto,2026-06-23,ltm0,es,49578,44912,9620,128.54290946740292,107.0,36.9370771883099,33.5,0.9000968366688186,portugal,EMEA,EUR,1.1621366666666666,125.0,41.25,96183,0.856,0.8121212121212121,124.34862333333332,224578,22.076071565335873
portugal_norte_porto,2026-06-23,ltm0,fr,19401,17768,6880,129.45289284106258,108.5,38.2382253382725,35.0,0.928192174854374,portugal,EMEA,EUR,1.1621366666666666,125.0,41.25,96183,0.868,0.8484848484848485,126.09182833333332,224578,8.638869346062393
portugal_norte_porto,2026-06-23,ltm0,it,3958,3572,2767,125.34960246360583,103.625,36.04777516749224,32.45,0.8728834975991913,portugal,EMEA,EUR,1.1621366666666666,125.0,41.25,96183,0.829,0.7866666666666667,120.42641208333333,224578,1.7624166213965748
portugal_norte_porto,2026-06-23,ltm0,other,22015,19841,7575,126.00141071518574,105.0,38.908792507099776,35.5,0.8575388530400799,portugal,EMEA,EUR,1.1621366666666666,125.0,41.25,96183,0.84,0.8606060606060606,122.02435,224578,9.802830197080747
portugal_norte_porto,2026-06-23,ltm0,pt,12343,11233,5402,116.37585685035164,100.0,36.597900603457,33.19,0.8619599578503688,portugal,EMEA,EUR,1.1621366666666666,125.0,41.25,96183,0.8,0.8046060606060605,116.21366666666665,224578,5.496085992394624
portugal_norte_porto,2026-06-23,ltm0,zh_ja_ko,7110,6661,2906,138.26870590001502,122.5,47.8750677181665,43.75,0.8616033755274262,portugal,EMEA,EUR,1.1621366666666666,125.0,41.25,96183,0.98,1.0606060606060606,142.36174166666666,224578,3.16593789240264
italy_toscana_florence,2026-06-26,ltm0,de,6806,6607,3796,163.34069925836235,140.94,50.99774538651064,45.17666666666667,0.8464931627701808,italy,EMEA,EUR,1.1621366666666666,170.14,49.785,128228,0.8283766310097567,0.9074353051454589,163.79154179999998,222355,3.0608711295001236
italy_toscana_florence,2026-06-26,ltm0,en,128228,124807,9688,214.49353714134625,170.14,57.95483606593809,49.785,0.90467644144109,italy,EMEA,EUR,1.1621366666666666,170.14,49.785,128228,1.0,1.0,197.72593246666665,222355,57.668143284387575
italy_toscana_florence,2026-06-26,ltm0,es,42034,40846,7891,158.959846741419,136.94,47.91346772257724,42.0,0.8010714285714285,italy,EMEA,EUR,1.1621366666666666,170.14,49.785,128228,0.8048665804631481,0.8436275986742996,159.14299513333333,222355,18.904004857097885
italy_toscana_florence,2026-06-26,ltm0,fr,8874,8651,4409,168.5451207952838,141.0,51.73892633927549,43.333333333333336,0.8984330966069214,italy,EMEA,EUR,1.1621366666666666,170.14,49.785,128228,0.8287292817679559,0.8704094272036424,163.86127,222355,3.990915428031751
italy_toscana_florence,2026-06-26,ltm0,it,5562,5403,3164,161.4558523042754,135.8,47.61939112610198,41.5,0.8433279308481901,italy,EMEA,EUR,1.1621366666666666,170.14,49.785,128228,0.7981662160573647,0.833584412975796,157.81815933333334,222355,2.501405410267365
italy_toscana_florence,2026-06-26,ltm0,other,16224,15747,6137,171.73943354289705,142.5,50.31303832696836,43.5,0.8029021302871256,italy,EMEA,EUR,1.1621366666666666,170.14,49.785,128228,0.8375455507229341,0.8737571557698103,165.60447499999998,222355,7.296440376874817
italy_toscana_florence,2026-06-26,ltm0,pt,3096,3008,2199,172.07618018617023,148.35500000000002,48.12867553917068,43.0,0.8519236986744261,italy,EMEA,EUR,1.1621366666666666,170.14,49.785,128228,0.8719583872105326,0.8637139700713067,172.40878518333335,222355,1.3923680600840997
italy_toscana_florence,2026-06-26,ltm0,zh_ja_ko,11531,11227,4425,175.33096374810725,150.0,51.567830930730146,45.75,0.7810358289233973,italy,EMEA,EUR,1.1621366666666666,170.14,49.785,128228,0.8816268954978254,0.9189514914130763,174.32049999999998,222355,5.1858514537563805
australia_nsw_sydney,2026-06-16,ltm0,de,2681,2529,2131,275.33853301700276,238.5,97.48706430114852,87.49000000000001,0.742260350615442,australia,APAC,AUD,0.7040833333333333,293.0,84.75,187209,0.8139931740614335,1.0323303834808262,167.92387499999998,218262,1.2283402516241948
australia_nsw_sydney,2026-06-16,ltm0,en,187209,177275,14422,354.4459971795233,293.0,96.90516604551178,84.75,0.8604661100694945,australia,APAC,AUD,0.7040833333333333,293.0,84.75,187209,1.0,1.0,206.29641666666666,218262,85.77260356818869
australia_nsw_sydney,2026-06-16,ltm0,es,3004,2842,2321,292.1408972554539,240.1,93.73058630006712,80.75,0.7143808255659121,australia,APAC,AUD,0.7040833333333333,293.0,84.75,187209,0.8194539249146757,0.9528023598820059,169.0504083333333,218262,1.3763275329649687
australia_nsw_sydney,2026-06-16,ltm0,fr,1671,1587,1410,272.43820415879014,241.0,91.42941865954532,82.0,0.7642130460801915,australia,APAC,AUD,0.7040833333333333,293.0,84.75,187209,0.8225255972696246,0.967551622418879,169.68408333333332,218262,0.7655936443357066
australia_nsw_sydney,2026-06-16,ltm0,it,126,122,124,297.05819672131145,247.0,89.85085896435076,83.0,0.7857142857142857,australia,APAC,AUD,0.7040833333333333,293.0,84.75,187209,0.8430034129692833,0.9793510324483776,173.90858333333333,218262,0.05772878467163318
australia_nsw_sydney,2026-06-16,ltm0,other,10912,10363,6017,318.007003763389,265.0,91.152267745559,78.0,0.7645711143695014,australia,APAC,AUD,0.7040833333333333,293.0,84.75,187209,0.9044368600682594,0.9203539823008849,186.58208333333332,218262,4.999496018546518
australia_nsw_sydney,2026-06-16,ltm0,pt,136,134,134,302.65970149253735,268.0,94.94328855721392,87.5775,0.8455882352941176,australia,APAC,AUD,0.7040833333333333,293.0,84.75,187209,0.9146757679180887,1.0333628318584072,188.69433333333333,218262,0.06231043424874692
australia_nsw_sydney,2026-06-16,ltm0,zh_ja_ko,12523,11868,4936,343.4003050219076,283.5,96.42213002195184,82.0,0.7550906332348479,australia,APAC,AUD,0.7040833333333333,293.0,84.75,187209,0.9675767918088737,0.967551622418879,199.60762499999998,218262,5.737599765419541
spain_catalonia_barcelona,2026-06-24,ltm0,de,10320,9923,4342,267.58285800665124,248.0,69.35050707627106,64.8,0.8714647942266432,spain,EMEA,EUR,1.1621366666666666,259.41,66.2,97117,0.9560155738020892,0.9788519637462235,288.2098933333333,204113,5.056022889281917
spain_catalonia_barcelona,2026-06-24,ltm0,en,97117,93224,8610,285.1091158929031,259.41,71.61825144180287,66.2,0.8806783326574961,spain,EMEA,EUR,1.1621366666666666,259.41,66.2,97117,1.0,1.0,301.4698727,204113,47.58001695139457
spain_catalonia_barcelona,2026-06-24,ltm0,es,43913,41729,7243,246.10154736514176,233.94,64.66706172723248,60.276,0.8106790535102445,spain,EMEA,EUR,1.1621366666666666,259.41,66.2,97117,0.9018156586099224,0.9105135951661631,271.8702518,204113,21.514063288472563
spain_catalonia_barcelona,2026-06-24,ltm0,fr,13046,12396,4708,266.11456760245244,245.67,66.05626216258912,62.0,0.8691784001237816,spain,EMEA,EUR,1.1621366666666666,259.41,66.2,97117,0.9470336532901583,0.9365558912386707,285.5021149,204113,6.3915576175941755
spain_catalonia_barcelona,2026-06-24,ltm0,it,3206,3087,2099,267.2198250728863,249.0,63.71786192478831,59.166666666666664,0.876372764355193,spain,EMEA,EUR,1.1621366666666666,259.41,66.2,97117,0.9598704753093558,0.8937562940584088,289.37203,204113,1.5706985836276963
spain_catalonia_barcelona,2026-06-24,ltm0,other,26807,25213,6195,258.5663340340301,242.06,66.60750018189185,61.875,0.7976451881577951,spain,EMEA,EUR,1.1621366666666666,259.41,66.2,97117,0.9331174588489263,0.934667673716012,281.3068015333333,204113,13.13341139466864
spain_catalonia_barcelona,2026-06-24,ltm0,pt,2750,2605,1823,254.9428829174664,241.93,65.76467817730361,61.166666666666664,0.804851157662624,spain,EMEA,EUR,1.1621366666666666,259.41,66.2,97117,0.9326163216529817,0.9239677744209466,281.15572376666665,204113,1.3472929210780302
spain_catalonia_barcelona,2026-06-24,ltm0,zh_ja_ko,6954,6766,2996,281.97911321312444,263.28499999999997,71.86769246532322,66.25,0.854211819101286,spain,EMEA,EUR,1.1621366666666666,259.41,66.2,97117,1.0149377433406575,1.0007552870090635,305.97315228333326,204113,3.4069363538824082
greece_attica_athens,2026-06-28,ltm0,de,10080,10052,4513,117.01700358137684,95.31,34.41649195270728,30.3125,0.9567460317460318,greece,EMEA,EUR,1.1621366666666666,105.67,32.705,117161,0.9019589287404183,0.9268460480048922,110.7632457,200374,5.030592791479933
greece_attica_athens,2026-06-28,ltm0,en,117161,116883,9801,140.573979449535,105.67,38.23017645674341,32.705,0.9648770911573916,greece,EMEA,EUR,1.1621366666666666,105.67,32.705,117161,1.0,1.0,122.80298156666666,200374,58.471158932795674
greece_attica_athens,2026-06-28,ltm0,es,19220,19168,5884,106.70770398580969,88.0,31.515522681064905,28.03333333333333,0.9415192507804372,greece,EMEA,EUR,1.1621366666666666,105.67,32.705,117161,0.8327813002744393,0.8571574173164144,102.26802666666666,200374,9.592062842484554
greece_attica_athens,2026-06-28,ltm0,fr,10281,10253,4587,110.29569199258754,90.82,32.146373402922706,28.333333333333332,0.9635249489349283,greece,EMEA,EUR,1.1621366666666666,105.67,32.705,117161,0.8594681555786883,0.8663303266574938,105.54525206666665,200374,5.130905207262419
greece_attica_athens,2026-06-28,ltm0,it,1294,1290,1070,106.45731007751938,85.59,30.33449079824138,27.304,0.9621329211746522,greece,EMEA,EUR,1.1621366666666666,105.67,32.705,117161,0.8099744487555598,0.8348570554961016,99.46727729999999,200374,0.6457923682713326
greece_attica_athens,2026-06-28,ltm0,other,38903,38843,8069,105.29071595911746,85.0,32.516581494900606,28.5,0.9604647575960104,greece,EMEA,EUR,1.1621366666666666,105.67,32.705,117161,0.8043910286741743,0.8714263874025379,98.78161666666666,200374,19.41519358799046
greece_attica_athens,2026-06-28,ltm0,pt,914,912,791,104.97497807017542,89.0,31.565683583959903,27.96,0.9595185995623632,greece,EMEA,EUR,1.1621366666666666,105.67,32.705,117161,0.8422447241411942,0.8549151505885951,103.43016333333333,200374,0.45614700510046213
greece_attica_athens,2026-06-28,ltm0,zh_ja_ko,2521,2517,1803,120.63314263011522,95.0,33.93282855014694,29.67,0.9044030146767156,greece,EMEA,EUR,1.1621366666666666,105.67,32.705,117161,0.8990252673417243,0.9072007338327474,110.40298333333332,200374,1.2581472646151697
australia_wa_western-australia,2026-06-28,ltm0,de,2076,2061,1487,238.91605046094128,217.0,85.95845744546037,79.25,0.703757225433526,australia,APAC,AUD,0.7040833333333333,295.0,76.16666666666667,179522,0.735593220338983,1.0404814004376366,152.78608333333332,196412,1.0569618964218073
australia_wa_western-australia,2026-06-28,ltm0,en,179522,177795,10557,331.73023403357803,295.0,84.79995929163499,76.16666666666667,0.8767616225309433,australia,APAC,AUD,0.7040833333333333,295.0,76.16666666666667,179522,1.0,1.0,207.70458333333332,196412,91.40072907968963
australia_wa_western-australia,2026-06-28,ltm0,es,1208,1203,962,219.4332502078138,185.0,76.06967997664569,68.07,0.5579470198675497,australia,APAC,AUD,0.7040833333333333,295.0,76.16666666666667,179522,0.6271186440677966,0.8936980306345732,130.25541666666666,196412,0.6150337046616297
australia_wa_western-australia,2026-06-28,ltm0,fr,930,923,743,203.15482123510293,174.0,75.95807547421279,68.0,0.5483870967741935,australia,APAC,AUD,0.7040833333333333,295.0,76.16666666666667,179522,0.5898305084745763,0.8927789934354485,122.5105,196412,0.47349449117161885
australia_wa_western-australia,2026-06-28,ltm0,it,103,103,100,220.643786407767,179.0,77.50718331021729,74.33333333333333,0.5825242718446602,australia,APAC,AUD,0.7040833333333333,295.0,76.16666666666667,179522,0.6067796610169491,0.9759299781181618,126.03091666666666,196412,0.05244078773191047
australia_wa_western-australia,2026-06-28,ltm0,other,8633,8549,4722,303.68769446718915,269.0,82.51607370902386,74.66666666666667,0.7862851847561682,australia,APAC,AUD,0.7040833333333333,295.0,76.16666666666667,179522,0.911864406779661,0.9803063457330415,189.39841666666666,196412,4.395352626112458
australia_wa_western-australia,2026-06-28,ltm0,pt,21,21,21,257.08238095238096,260.33,106.2552380952381,102.0,0.9047619047619048,australia,APAC,AUD,0.7040833333333333,295.0,76.16666666666667,179522,0.8824745762711864,1.3391684901531729,183.29401416666664,196412,0.010691811090972038
australia_wa_western-australia,2026-06-28,ltm0,zh_ja_ko,3919,3883,2119,276.0094617563739,253.0,73.5213817006169,68.66666666666667,0.7343710130135238,australia,APAC,AUD,0.7040833333333333,295.0,76.16666666666667,179522,0.8576271186440678,0.9015317286652079,178.13308333333333,196412,1.9952956031199722
united-states_ca_san-diego,2026-06-27,ltm0,de,811,785,666,344.8966242038216,273.25,85.68889758148788,78.0,0.8084054388133498,united-states,NAM,USD,1.0,338.5,78.0,180329,0.8072378138847858,1.0,273.25,193512,0.4190954566125098
united-states_ca_san-diego,2026-06-27,ltm0,en,180329,174385,9555,441.9289015110244,338.5,87.64152968895736,78.0,0.8941894289544087,united-states,NAM,USD,1.0,338.5,78.0,180329,1.0,1.0,338.5,193512,93.1875025838191
united-states_ca_san-diego,2026-06-27,ltm0,es,4161,3928,2249,318.63433044806516,251.25,67.11158951401973,61.0,0.7299019607843137,united-states,NAM,USD,1.0,338.5,78.0,180329,0.742245199409158,0.782051282051282,251.25,193512,2.150254247798586
united-states_ca_san-diego,2026-06-27,ltm0,fr,290,275,266,311.5367636363636,245.26,71.55130391446937,65.25,0.7455830388692579,united-states,NAM,USD,1.0,338.5,78.0,180329,0.7245494830132939,0.8365384615384616,245.26,193512,0.1498615072967051
united-states_ca_san-diego,2026-06-27,ltm0,it,133,126,129,370.92261904761904,292.37,74.64453280967268,66.3,0.8181818181818182,united-states,NAM,USD,1.0,338.5,78.0,180329,0.8637223042836042,0.85,292.37,193512,0.06872958782917855
united-states_ca_san-diego,2026-06-27,ltm0,other,6470,6187,3474,382.5940892193309,270.67,85.49402323602398,68.5,0.7760514752040176,united-states,NAM,USD,1.0,338.5,78.0,180329,0.7996159527326441,0.8782051282051282,270.67,193512,3.3434619041713174
united-states_ca_san-diego,2026-06-27,ltm0,pt,88,85,88,300.1054117647059,274.35,77.70433431372548,71.66666666666667,0.8505747126436781,united-states,NAM,USD,1.0,338.5,78.0,180329,0.8104874446085673,0.9188034188034189,274.35,193512,0.04547521600727603
united-states_ca_san-diego,2026-06-27,ltm0,zh_ja_ko,1230,1171,965,370.1144064901793,297.0,73.407645595663,66.0,0.7487765089722676,united-states,NAM,USD,1.0,338.5,78.0,180329,0.8774002954209749,0.8461538461538461,297.0,193512,0.6356194964653354
south-africa_wc_cape-town,2026-06-29,ltm0,de,12725,12357,5930,2336.8995346767015,1673.62,710.8562619477816,620.625,0.928565815324165,south-africa,EMEA,ZAR,0.0610938618422282,1453.0,552.2222222222222,158988,1.151837577426015,1.1238682092555332,102.24790905638996,190718,6.672154699608846
south-africa_wc_cape-town,2026-06-29,ltm0,en,158988,154124,17711,2171.6643334587734,1453.0,633.737671274625,552.2222222222222,0.9289443228419756,south-africa,EMEA,ZAR,0.0610938618422282,1453.0,552.2222222222222,158988,1.0,1.0,88.76938125675758,190718,83.36287083547437
south-africa_wc_cape-town,2026-06-29,ltm0,es,2998,2907,2321,2141.6138011695907,1505.67,615.1360324164665,543.96,0.9346230820547032,south-africa,EMEA,ZAR,0.0610938618422282,1453.0,552.2222222222222,158988,1.036249139710943,0.9850382293762577,91.98719495998775,190718,1.571954403884269
south-africa_wc_cape-town,2026-06-29,ltm0,fr,2022,1963,1671,2014.0730718288337,1505.67,636.8861696890307,577.5,0.9421364985163204,south-africa,EMEA,ZAR,0.0610938618422282,1453.0,552.2222222222222,158988,1.036249139710943,1.045774647887324,91.98719495998775,190718,1.0602040709319518
south-africa_wc_cape-town,2026-06-29,ltm0,it,281,272,271,2676.02018382353,1616.67,639.3607755383404,553.875,0.9074733096085408,south-africa,EMEA,ZAR,0.0610938618422282,1453.0,552.2222222222222,158988,1.1126428079834825,1.002992957746479,98.76861362447508,190718,0.1473379544668044
south-africa_wc_cape-town,2026-06-29,ltm0,other,12328,11955,6725,2155.6390522793813,1459.0,639.4278858220454,563.25,0.9199383517196624,south-africa,EMEA,ZAR,0.0610938618422282,1453.0,552.2222222222222,158988,1.0041293874741912,1.019969818913481,89.13594442781095,190718,6.463993959668201
south-africa_wc_cape-town,2026-06-29,ltm0,pt,853,824,720,1644.166808252427,1316.625,590.5677244134304,561.8333333333333,0.9413833528722158,south-africa,EMEA,ZAR,0.0610938618422282,1453.0,552.2222222222222,158988,0.9061424638678596,1.017404426559356,80.43770584802371,190718,0.4472572069757443
south-africa_wc_cape-town,2026-06-29,ltm0,zh_ja_ko,523,503,477,2071.149204771372,1481.0,577.4679850184607,491.75,0.8623326959847036,south-africa,EMEA,ZAR,0.0610938618422282,1453.0,552.2222222222222,158988,1.0192704748795596,0.890492957746479,90.48000938833997,190718,0.2742268689898174
united-states_fl_broward-county,2026-06-29,ltm0,de,897,876,785,293.8901940639269,253.72,64.49666796635633,59.30666666666667,0.8903803131991052,united-states,NAM,USD,1.0,248.33,58.0,159907,1.0217049893287158,1.022528735632184,253.72,189325,0.4737884589990757
united-states_fl_broward-county,2026-06-29,ltm0,en,159907,156528,11896,318.5931858197894,248.33,64.41798646629154,58.0,0.8920690367532443,united-states,NAM,USD,1.0,248.33,58.0,159907,1.0,1.0,248.33,189325,84.46164003697346
united-states_fl_broward-county,2026-06-29,ltm0,es,14250,13975,5666,281.0081466905188,231.5,58.49414866383368,52.5,0.8589590503617335,united-states,NAM,USD,1.0,248.33,58.0,159907,0.9322272782184995,0.9051724137931034,231.5,189325,7.526739733262907
united-states_fl_broward-county,2026-06-29,ltm0,fr,1072,1045,934,267.67197129186604,226.5,60.2560366994117,55.32000000000001,0.8531337698783911,united-states,NAM,USD,1.0,248.33,58.0,159907,0.9120927797688559,0.953793103448276,226.5,189325,0.566222104846164
united-states_fl_broward-county,2026-06-29,ltm0,it,461,454,433,330.3723568281938,292.185,54.98695760095264,48.879999999999995,0.8915401301518439,united-states,NAM,USD,1.0,248.33,58.0,159907,1.1765996859018242,0.8427586206896551,292.185,189325,0.24349663277432987
united-states_fl_broward-county,2026-06-29,ltm0,other,11614,11318,5536,274.2690307474819,213.5,60.77476681243081,54.333333333333336,0.8413507211330857,united-states,NAM,USD,1.0,248.33,58.0,159907,0.8597430837997825,0.9367816091954023,213.5,189325,6.134424930674766
united-states_fl_broward-county,2026-06-29,ltm0,pt,909,883,756,248.96701019252544,208.0,57.09153723136056,51.0,0.836824696802646,united-states,NAM,USD,1.0,248.33,58.0,159907,0.8375951355051745,0.8793103448275862,208.0,189325,0.480126766142876
united-states_fl_broward-county,2026-06-29,ltm0,zh_ja_ko,215,210,200,270.91785714285714,229.25,56.973666439909294,51.2275,0.7162790697674418,united-states,NAM,USD,1.0,248.33,58.0,159907,0.9231667539161599,0.8832327586206896,229.25,189325,0.11356133632642282
thailand_central-thailand_bangkok,2026-06-29,ltm0,de,8555,8314,3864,2147.029992783257,1749.0,728.0729735602632,646.0,0.7207481005260081,thailand,APAC,THB,0.0308381706130516,1826.0,617.6666666666666,114864,0.9578313253012049,1.0458715596330277,53.93596040222725,182801,4.679952516671134
thailand_central-thailand_bangkok,2026-06-29,ltm0,en,114864,112268,14779,2673.6816174689134,1826.0,738.4646491615039,617.6666666666666,0.7918059618331243,thailand,APAC,THB,0.0308381706130516,1826.0,617.6666666666666,114864,1.0,1.0,56.31049953943222,182801,62.835542475150575
thailand_central-thailand_bangkok,2026-06-29,ltm0,es,7438,7229,4014,2130.6088214137503,1570.5,706.4031109006443,563.0,0.6948104329120731,thailand,APAC,THB,0.0308381706130516,1826.0,617.6666666666666,114864,0.8600766703176341,0.9114948731786293,48.431346947797536,182801,4.068905531151361
thailand_central-thailand_bangkok,2026-06-29,ltm0,fr,5139,5002,2989,2307.5424230307876,1645.0,702.491197028129,594.375,0.7452811831095544,thailand,APAC,THB,0.0308381706130516,1826.0,617.6666666666666,114864,0.9008762322015335,0.9622908796546142,50.72879065846988,182801,2.811253767758382
thailand_central-thailand_bangkok,2026-06-29,ltm0,it,386,377,354,2315.867029177719,1770.0,691.8806477621995,613.954,0.7435233160621761,thailand,APAC,THB,0.0308381706130516,1826.0,617.6666666666666,114864,0.9693318729463308,0.993989206691851,54.58356198510133,182801,0.21115858228346673
thailand_central-thailand_bangkok,2026-06-29,ltm0,other,22161,21642,8061,2553.971071527585,1722.215,732.5391903631888,591.625,0.7505076485718154,thailand,APAC,THB,0.0308381706130516,1826.0,617.6666666666666,114864,0.9431626506024096,0.9578386400431733,53.10996000235666,182801,12.123019020683694
thailand_central-thailand_bangkok,2026-06-29,ltm0,pt,374,364,344,1628.106978021978,1361.15,602.5856072736786,532.5833333333333,0.679144385026738,thailand,APAC,THB,0.0308381706130516,1826.0,617.6666666666666,114864,0.7454271631982475,0.8622504047490556,41.97537592995519,182801,0.2045940667720636
thailand_central-thailand_bangkok,2026-06-29,ltm0,zh_ja_ko,23884,23440,7613,3100.361361348123,2055.0,702.4643822428052,613.75,0.7404957293585664,thailand,APAC,THB,0.0308381706130516,1826.0,617.6666666666666,114864,1.1254107338444688,0.9936589314624933,63.37244060982104,182801,13.065574039529324
colombia_dc_bogotá,2026-06-21,ltm0,de,1149,1147,886,266743.74322580645,177096.78,90696.91504422868,64761.795,0.886858137510879,colombia,LatAm,COP,,197804.0,71128.74,31998,0.8953144526905421,0.9104870267630214,,181717,0.6323018759939907
colombia_dc_bogotá,2026-06-21,ltm0,en,31998,31853,7674,298798.7795294007,197804.0,95404.98651675553,71128.74,0.9372460778798676,colombia,LatAm,COP,,197804.0,71128.74,31998,1.0,1.0,,181717,17.608699241127688
colombia_dc_bogotá,2026-06-21,ltm0,es,114379,113784,11258,258490.7621336919,156400.0,89643.32640384407,56547.745,0.8511702322978868,colombia,LatAm,COP,,197804.0,71128.74,31998,0.7906816849002043,0.7950055772111245,,181717,62.94347804553234
colombia_dc_bogotá,2026-06-21,ltm0,fr,3343,3330,2340,623178.3866576577,158727.945,269339.75012697786,57059.0,0.8510320071791804,colombia,LatAm,COP,,197804.0,71128.74,31998,0.8024506329497887,0.8021933187625705,,181717,1.8396737784577117
colombia_dc_bogotá,2026-06-21,ltm0,it,575,572,527,195608.9581818182,153774.425,62382.50448415168,55157.0,0.7930434782608695,colombia,LatAm,COP,,197804.0,71128.74,31998,0.7774080655598471,0.775453072836662,,181717,0.3164260911197081
colombia_dc_bogotá,2026-06-21,ltm0,other,28062,27926,7630,262315.53108608467,154058.9,95035.04576967828,57059.0,0.8327631672724681,colombia,LatAm,COP,,197804.0,71128.74,31998,0.778846231623223,0.8021933187625705,,181717,15.442693859132607
colombia_dc_bogotá,2026-06-21,ltm0,pt,1628,1616,1270,237164.94732054457,169338.5,72882.36369011994,59356.5,0.933046683046683,colombia,LatAm,COP,,197804.0,71128.74,31998,0.8560923944915169,0.8344939049953647,,181717,0.8958985675528431
colombia_dc_bogotá,2026-06-21,ltm0,zh_ja_ko,583,582,507,249857.7505670103,176660.75,79822.90767467848,64293.79166666667,0.8439108061749572,colombia,LatAm,COP,,197804.0,71128.74,31998,0.8931100988857658,0.9039073610282801,,181717,0.32082854108311276
united-states_tn_nashville,2026-06-26,ltm0,de,236,227,212,227.97885462555064,203.0,53.631967851898466,48.333333333333336,0.8553191489361702,united-states,NAM,USD,1.0,264.0,45.425,169819,0.7689393939393939,1.0640249495505414,203.0,177123,0.1332407423090169
united-states_tn_nashville,2026-06-26,ltm0,en,169819,165297,8000,312.0347971227548,264.0,51.34346661772986,45.425,0.9502073463215228,united-states,NAM,USD,1.0,264.0,45.425,169819,1.0,1.0,264.0,177123,95.87631194141925
united-states_tn_nashville,2026-06-26,ltm0,es,854,824,717,254.80377427184465,223.0,46.41895392114627,41.625,0.8958579881656805,united-states,NAM,USD,1.0,264.0,45.425,169819,0.8446969696969697,0.9163456246560264,223.0,177123,0.4821508217453408
united-states_tn_nashville,2026-06-26,ltm0,fr,214,210,199,286.0464285714286,242.25,54.57371960764103,45.91666666666667,0.8644859813084113,united-states,NAM,USD,1.0,264.0,45.425,169819,0.9176136363636364,1.0108237020730142,242.25,177123,0.12081999514461701
united-states_tn_nashville,2026-06-26,ltm0,it,56,56,55,281.885,247.25,45.03573357297465,39.36375,0.8928571428571429,united-states,NAM,USD,1.0,264.0,45.425,169819,0.9365530303030303,0.866565767749037,247.25,177123,0.03161644732756333
united-states_tn_nashville,2026-06-26,ltm0,other,5785,5572,3253,296.9152297200287,251.0,51.70423833757771,45.09166666666667,0.9132937892533148,united-states,NAM,USD,1.0,264.0,45.425,169819,0.9507575757575758,0.9926618968996516,251.0,177123,3.266091924820605
united-states_tn_nashville,2026-06-26,ltm0,pt,72,71,70,272.11718309859157,236.0,51.85952218868768,46.44583333333333,0.9295774647887324,united-states,NAM,USD,1.0,264.0,45.425,169819,0.8939393939393939,1.0224729407448174,236.0,177123,0.04064971799258143
united-states_tn_nashville,2026-06-26,ltm0,zh_ja_ko,87,82,81,234.49987804878052,202.935,45.834984219371414,41.5,0.8045977011494253,united-states,NAM,USD,1.0,264.0,45.425,169819,0.7686931818181818,0.9135938359933957,202.935,177123,0.04911840924103589
turkey_marmara_istanbul,2026-06-30,ltm0,de,10602,10441,4770,5421.6355665166175,4514.94,1442.129546671818,1287.38,0.8660630069798151,turkey,EMEA,TRY,0.0219595477349647,4535.33,1297.482,70200,0.9955041860239496,0.9922141501770353,99.14604045050152,176986,5.990304317855649
turkey_marmara_istanbul,2026-06-30,ltm0,en,70200,69226,9260,5607.218968884523,4535.33,1471.6859705226998,1297.482,0.8735754985754985,turkey,EMEA,TRY,0.0219595477349647,4535.33,1297.482,70200,1.0,1.0,99.59379562881745,176986,39.664154226888
turkey_marmara_istanbul,2026-06-30,ltm0,es,10542,10399,4518,4818.9954168670065,3919.0,1296.5540102956886,1146.5,0.8359893758300133,turkey,EMEA,TRY,0.0219595477349647,4535.33,1297.482,70200,0.8641047068239798,0.8836346091891834,86.05946757332666,176986,5.956403331336942
turkey_marmara_istanbul,2026-06-30,ltm0,fr,4749,4677,3023,4913.229373530041,4064.58,1316.9301494749252,1174.736,0.8730259001895135,turkey,EMEA,TRY,0.0219595477349647,4535.33,1297.482,70200,0.8962038043538177,0.9053967608028475,89.25633853258282,176986,2.683263082955714
turkey_marmara_istanbul,2026-06-30,ltm0,it,572,566,521,4899.153586572438,4136.5,1298.3862136842597,1182.503333333333,0.8426573426573427,turkey,EMEA,TRY,0.0219595477349647,4535.33,1297.482,70200,0.912061525842662,0.9113832279240353,90.83566920568148,176986,0.32318940481168
turkey_marmara_istanbul,2026-06-30,ltm0,other,76008,74924,9693,4633.608898750734,3586.77,1404.7446103571026,1249.5,0.8150194716345648,turkey,EMEA,TRY,0.0219595477349647,4535.33,1297.482,70200,0.7908509413868451,0.9630191401499212,78.76384702933933,176986,42.945769721898905
turkey_marmara_istanbul,2026-06-30,ltm0,pt,283,283,265,4218.4289752650175,3738.0,1249.9205893067474,1115.68,0.7915194346289752,turkey,EMEA,TRY,0.0219595477349647,4535.33,1297.482,70200,0.8241958137555592,0.8598809077890869,82.08478943329804,176986,0.1598996530799046
turkey_marmara_istanbul,2026-06-30,ltm0,zh_ja_ko,4030,3982,2307,5438.573493219487,4194.08,1449.1078958011335,1198.5,0.8106699751861042,turkey,EMEA,TRY,0.0219595477349647,4535.33,1297.482,70200,0.9247574046431021,0.9237122364703325,92.10009996426075,176986,2.2770162611732
united-states_nv_clark-county-nv,2026-06-27,ltm0,de,875,837,689,236.38385902031064,199.71,48.16157776623682,45.666666666666664,0.8165887850467289,united-states,NAM,USD,1.0,234.25,42.27833333333333,154184,0.8525506937033085,1.080143493515197,199.71,174018,0.502821547196267
united-states_nv_clark-county-nv,2026-06-27,ltm0,en,154184,147567,10853,285.198242628772,234.25,46.66710046109776,42.27833333333333,0.8648920834896625,united-states,NAM,USD,1.0,234.25,42.27833333333333,154184,1.0,1.0,234.25,174018,88.60232849475342
united-states_nv_clark-county-nv,2026-06-27,ltm0,es,6699,6214,3293,223.8314113292565,190.5,41.43715278265882,37.12833333333333,0.7844787283777466,united-states,NAM,USD,1.0,234.25,42.27833333333333,154184,0.8132337246531484,0.8781881972641621,190.5,174018,3.8496017653346204
united-states_nv_clark-county-nv,2026-06-27,ltm0,fr,568,525,477,227.61108571428576,184.33,45.07414961004604,40.916666666666664,0.7586837294332724,united-states,NAM,USD,1.0,234.25,42.27833333333333,154184,0.7868943436499467,0.967792801671463,184.33,174018,0.32640301577997677
united-states_nv_clark-county-nv,2026-06-27,ltm0,it,192,185,181,248.7303783783784,221.61,40.63680681698182,37.0,0.8333333333333334,united-states,NAM,USD,1.0,234.25,42.27833333333333,154184,0.9460405549626468,0.8751527575196122,221.61,174018,0.11033341378478088
united-states_nv_clark-county-nv,2026-06-27,ltm0,other,9297,8476,4361,246.0360476639925,198.55,44.56308111760526,39.625,0.7861212397447584,united-states,NAM,USD,1.0,234.25,42.27833333333333,154184,0.8475987193169691,0.9372412977490441,198.55,174018,5.342550770609937
united-states_nv_clark-county-nv,2026-06-27,ltm0,pt,270,258,244,190.90286821705428,170.495,43.64752995416513,40.765,0.7689393939393939,united-states,NAM,USD,1.0,234.25,42.27833333333333,154184,0.7278335112059765,0.9642054637915403,170.495,174018,0.15515636313484812
united-states_nv_clark-county-nv,2026-06-27,ltm0,zh_ja_ko,1933,1843,1362,244.08949538795443,208.0,40.57277611023901,37.08833333333333,0.7707139134966128,united-states,NAM,USD,1.0,234.25,42.27833333333333,154184,0.887940234791889,0.8772420861749517,208.0,174018,1.1108046294061533
canada_on_toronto,2026-06-15,ltm0,de,1784,1728,1328,290.5752199074074,243.0,94.5945669482106,85.5,0.5672645739910314,canada,NAM,CAD,0.7227644635290046,289.5,83.68666666666667,143884,0.8393782383419689,1.0216681271409225,175.63176463754812,169776,1.0507963434172085
canada_on_toronto,2026-06-15,ltm0,en,143884,139751,11902,328.5022092149609,289.5,94.16730400311891,83.68666666666667,0.6794575017552641,canada,NAM,CAD,0.7227644635290046,289.5,83.68666666666667,143884,1.0,1.0,209.24031219164684,169776,84.74931674677222
canada_on_toronto,2026-06-15,ltm0,es,8129,7858,4134,293.80439424790023,252.0,87.77097425482877,78.85166666666666,0.5978595153155369,canada,NAM,CAD,0.7227644635290046,289.5,83.68666666666667,143884,0.8704663212435233,0.9422249661435512,182.13664480930916,169776,4.788073697106776
canada_on_toronto,2026-06-15,ltm0,fr,4879,4747,2899,305.60127027596377,274.0,87.82036309242626,79.1,0.6439844230375077,canada,NAM,CAD,0.7227644635290046,289.5,83.68666666666667,143884,0.9464594127806563,0.9451923842906077,198.03746300694726,169776,2.873786636509283
canada_on_toronto,2026-06-15,ltm0,it,298,285,284,285.89038596491224,236.0,86.90856862377389,78.5,0.5637583892617449,canada,NAM,CAD,0.7227644635290046,289.5,83.68666666666667,143884,0.8151986183074266,0.9380227833983908,170.57241339284508,169776,0.1755253981717086
canada_on_toronto,2026-06-15,ltm0,other,7863,7591,4211,284.5502516137531,238.0,85.41732412502712,74.58333333333333,0.5672856779445433,canada,NAM,CAD,0.7227644635290046,289.5,83.68666666666667,143884,0.8221070811744386,0.8912212220186408,172.01794231990309,169776,4.6313966638394115
canada_on_toronto,2026-06-15,ltm0,pt,531,514,491,288.3277626459144,256.88,89.47035552099219,79.19166666666666,0.6666666666666666,canada,NAM,CAD,0.7227644635290046,289.5,83.68666666666667,143884,0.8873229706390328,0.9462877399824743,185.6637353913307,169776,0.31276505513146735
canada_on_toronto,2026-06-15,ltm0,zh_ja_ko,2408,2337,1701,251.62158322635855,188.5,81.39489078549107,75.0,0.4223421926910299,canada,NAM,CAD,0.7227644635290046,289.5,83.68666666666667,143884,0.6511226252158895,0.896200111527125,136.24110137521737,169776,1.4183394590519272
greece_south-aegean_south-aegean,2026-06-28,ltm0,de,9716,9492,6219,217.3818131057733,157.0,58.44174008932404,50.666666666666664,0.917455743104158,greece,EMEA,EUR,1.1621366666666666,200.0,60.335,99477,0.785,0.8397558078506118,182.45545666666666,161887,6.001717247215651
greece_south-aegean_south-aegean,2026-06-28,ltm0,en,99477,97579,19234,289.30921151067344,200.0,72.73933022191888,60.335,0.9011831880736252,greece,EMEA,EUR,1.1621366666666666,200.0,60.335,99477,1.0,1.0,232.4273333333333,161887,61.44841772347378
greece_south-aegean_south-aegean,2026-06-28,ltm0,es,22355,21836,10680,202.89797810954389,158.0,58.51072935473487,50.5,0.8755983001565645,greece,EMEA,EUR,1.1621366666666666,200.0,60.335,99477,0.79,0.8369934532195243,183.61759333333333,161887,13.809014930167338
greece_south-aegean_south-aegean,2026-06-28,ltm0,fr,7947,7771,5214,192.33371123407545,152.0,58.57208815320712,50.75,0.8653579967283251,greece,EMEA,EUR,1.1621366666666666,200.0,60.335,99477,0.76,0.8411369851661556,176.64477333333332,161887,4.90897972042227
greece_south-aegean_south-aegean,2026-06-28,ltm0,it,1628,1583,1462,181.54214782059375,140.5,52.84138357452191,47.375,0.8974201474201474,greece,EMEA,EUR,1.1621366666666666,200.0,60.335,99477,0.7025,0.785199303886633,163.28020166666667,161887,1.0056397363593124
greece_south-aegean_south-aegean,2026-06-28,ltm0,other,19387,18857,10242,195.7821164554277,144.0,54.201994094444736,46.6,0.8789910764945582,greece,EMEA,EUR,1.1621366666666666,200.0,60.335,99477,0.72,0.7723543548520759,167.34768,161887,11.975637327271492
greece_south-aegean_south-aegean,2026-06-28,ltm0,pt,353,346,326,202.5479479768786,150.0,63.08958325930652,54.70833333333333,0.8158640226628895,greece,EMEA,EUR,1.1621366666666666,200.0,60.335,99477,0.75,0.9067429076544846,174.32049999999998,161887,0.21805333349805728
greece_south-aegean_south-aegean,2026-06-28,ltm0,zh_ja_ko,1024,1017,738,220.33300884955753,171.18,63.34800673231499,50.666666666666664,0.8310546875,greece,EMEA,EUR,1.1621366666666666,200.0,60.335,99477,0.8559,0.8397558078506118,198.93455459999998,161887,0.6325399815920982
italy_puglia_puglia,2026-06-30,ltm0,de,12606,12174,7157,194.5256628881222,143.79,51.33519598999722,43.75,0.8957639219419324,italy,EMEA,EUR,1.1621366666666666,148.33,44.5,57785,0.9693925706195643,0.9831460674157303,167.1036313,157582,7.999644629462756
italy_puglia_puglia,2026-06-30,ltm0,en,57785,56091,14102,213.11989017846,148.33,53.27321516583359,44.5,0.8990395431340313,italy,EMEA,EUR,1.1621366666666666,148.33,44.5,57785,1.0,1.0,172.37973176666668,157582,36.66979731187572
italy_puglia_puglia,2026-06-30,ltm0,es,46059,44339,16031,160.34477683303638,123.0,42.97692287979705,36.5,0.8869710588592892,italy,EMEA,EUR,1.1621366666666666,148.33,44.5,57785,0.8292321175756758,0.8202247191011236,142.94280999999998,157582,29.228592098082267
italy_puglia_puglia,2026-06-30,ltm0,fr,12557,12196,6583,153.3094653984913,120.0,43.47223796200679,37.125,0.883332006052401,italy,EMEA,EUR,1.1621366666666666,148.33,44.5,57785,0.809006943976269,0.8342696629213483,139.4564,157582,7.968549707453897
italy_puglia_puglia,2026-06-30,ltm0,it,8467,8165,5980,140.40484996938153,110.0,38.88725260000937,32.6,0.8765796622180229,italy,EMEA,EUR,1.1621366666666666,148.33,44.5,57785,0.7415896986449133,0.7325842696629213,127.83503333333333,157582,5.373075605081799
italy_puglia_puglia,2026-06-30,ltm0,other,18529,17915,8899,160.3250851241976,123.0,44.05691798935396,37.5,0.8416536240487884,italy,EMEA,EUR,1.1621366666666666,148.33,44.5,57785,0.8292321175756758,0.8426966292134831,142.94280999999998,157582,11.758322651064208
italy_puglia_puglia,2026-06-30,ltm0,pt,780,753,704,160.72857901726428,126.0,44.21823900693522,37.0,0.8538461538461538,italy,EMEA,EUR,1.1621366666666666,148.33,44.5,57785,0.8494572911750825,0.8314606741573034,146.42922,157582,0.49498039116142706
italy_puglia_puglia,2026-06-30,ltm0,zh_ja_ko,799,782,659,146.9141304347826,120.0,44.28848986116186,37.125,0.7809762202753442,italy,EMEA,EUR,1.1621366666666666,148.33,44.5,57785,0.809006943976269,0.8342696629213483,139.4564,157582,0.5070376058179233
italy_veneto_venice,2026-06-15,ltm0,de,8540,8366,3694,210.56904613913457,182.7,63.003532318184504,57.333333333333336,0.8208972707039944,italy,EMEA,EUR,1.1621366666666666,205.85,62.211666666666666,82143,0.8875394704882196,0.9215849117260965,212.32236899999998,157496,5.422359932950678
italy_veneto_venice,2026-06-15,ltm0,en,82143,80512,6564,249.37336707571544,205.85,70.02230324551773,62.211666666666666,0.8420334190544675,italy,EMEA,EUR,1.1621366666666666,205.85,62.211666666666666,82143,1.0,1.0,239.2258328333333,157496,52.155610301214
italy_veneto_venice,2026-06-15,ltm0,es,31765,31129,5526,189.4050136528639,165.47,56.79596532031143,51.35333333333333,0.7407746456643202,italy,EMEA,EUR,1.1621366666666666,205.85,62.211666666666666,82143,0.8038377459315036,0.8254614622123396,192.2987542333333,157496,20.16876619088739
italy_veneto_venice,2026-06-15,ltm0,fr,10646,10399,3926,201.72252908933552,175.0,62.21529585636981,57.06,0.8639270265187136,italy,EMEA,EUR,1.1621366666666666,205.85,62.211666666666666,82143,0.8501335924216663,0.9171913092399604,203.37391666666664,157496,6.759536750139686
italy_veneto_venice,2026-06-15,ltm0,it,2913,2852,1968,201.03306451612903,172.39499999999998,57.12328732459492,51.07,0.8155273102026795,italy,EMEA,EUR,1.1621366666666666,205.85,62.211666666666666,82143,0.8374787466601894,0.8209071181718327,200.34655064999995,157496,1.849570782750038
italy_veneto_venice,2026-06-15,ltm0,other,14623,14278,4543,189.7290874071999,162.0,55.53735520971632,49.4375,0.7100851882385271,italy,EMEA,EUR,1.1621366666666666,205.85,62.211666666666666,82143,0.7869808112703425,0.7946660594207946,188.26613999999998,157496,9.284680245847513
italy_veneto_venice,2026-06-15,ltm0,pt,1531,1504,1088,201.42226063829787,171.255,59.4120390916523,51.30125,0.7256578947368421,italy,EMEA,EUR,1.1621366666666666,205.85,62.211666666666666,82143,0.8319407335438426,0.8246242666166582,199.02171485,157496,0.9720881800172703
italy_veneto_venice,2026-06-15,ltm0,zh_ja_ko,5335,5241,2083,177.1812516695287,154.5,50.3276070374801,42.795,0.6646021021021021,italy,EMEA,EUR,1.1621366666666666,205.85,62.211666666666666,82143,0.750546514452271,0.6878934819299704,179.55011499999998,157496,3.3873876161934273
austria_vienna_vienna,2026-06-20,ltm0,de,33873,32500,6521,135.23947323076922,115.75,39.91845646631616,35.67777777777778,0.9119080677084872,austria,EMEA,EUR,1.1621366666666666,119.0,37.0,66378,0.9726890756302521,0.9642642642642643,134.51731916666665,153625,22.049145646867373
austria_vienna_vienna,2026-06-20,ltm0,en,66378,63339,7521,144.0662189172548,119.0,41.60738622944069,37.0,0.8860623972737005,austria,EMEA,EUR,1.1621366666666666,119.0,37.0,66378,1.0,1.0,138.29426333333333,153625,43.20781122864117
austria_vienna_vienna,2026-06-20,ltm0,es,15334,14494,4689,125.54933006761418,108.5,37.96089151715961,34.5,0.8802481227554685,austria,EMEA,EUR,1.1621366666666666,119.0,37.0,66378,0.9117647058823529,0.9324324324324325,126.09182833333332,153625,9.981448331977218
austria_vienna_vienna,2026-06-20,ltm0,fr,6201,5941,3189,136.30263423666048,117.75,41.03691080870867,37.25,0.9351194318915428,austria,EMEA,EUR,1.1621366666666666,119.0,37.0,66378,0.9894957983193278,1.0067567567567568,136.8415925,153625,4.036452400325468
austria_vienna_vienna,2026-06-20,ltm0,it,1940,1826,1401,125.47413472070096,109.61,38.03067233979207,35.1075,0.9169246646026832,austria,EMEA,EUR,1.1621366666666666,119.0,37.0,66378,0.9210924369747899,0.9488513513513513,127.38180003333332,153625,1.2628152969894222
austria_vienna_vienna,2026-06-20,ltm0,other,24837,23729,5767,124.5909220784694,107.0,36.85762026459851,32.5,0.8659781336991165,austria,EMEA,EUR,1.1621366666666666,119.0,37.0,66378,0.8991596638655462,0.8783783783783784,124.34862333333332,153625,16.167290480065095
austria_vienna_vienna,2026-06-20,ltm0,pt,909,871,778,125.16810562571756,108.0,36.856818213295824,34.0,0.8687982359426681,austria,EMEA,EUR,1.1621366666666666,119.0,37.0,66378,0.907563025210084,0.918918918918919,125.51075999999999,153625,0.591700569568755
austria_vienna_vienna,2026-06-20,ltm0,zh_ja_ko,4153,3960,2284,137.38345707070707,116.085,39.95254295183983,35.639583333333334,0.8002890869669959,austria,EMEA,EUR,1.1621366666666666,119.0,37.0,66378,0.9755042016806722,0.963231981981982,134.90663494999998,153625,2.7033360455655004
spain_andalucía_sevilla,2026-06-30,ltm0,de,5254,5122,2736,112.11019718859822,96.5,34.305709891019,30.0,0.848115721355158,spain,EMEA,EUR,1.1621366666666666,109.5,31.0,58476,0.8812785388127854,0.967741935483871,112.14618833333333,150081,3.5007762474930204
spain_andalucía_sevilla,2026-06-30,ltm0,en,58476,57150,5772,133.31540804899387,109.5,35.38234738454726,31.0,0.9056365004446268,spain,EMEA,EUR,1.1621366666666666,109.5,31.0,58476,1.0,1.0,127.253965,150081,38.962960001599136
spain_andalucía_sevilla,2026-06-30,ltm0,es,49630,48128,6024,110.76457301363033,91.0,31.618587212364343,27.22,0.8530496282415523,spain,EMEA,EUR,1.1621366666666666,109.5,31.0,58476,0.8310502283105022,0.8780645161290322,105.75443666666666,150081,33.06880950953152
spain_andalucía_sevilla,2026-06-30,ltm0,fr,13527,13185,4222,114.9058028062192,96.0,32.90442199633047,28.69,0.9118060175944408,spain,EMEA,EUR,1.1621366666666666,109.5,31.0,58476,0.8767123287671232,0.925483870967742,111.56512,150081,9.013132908229556
spain_andalucía_sevilla,2026-06-30,ltm0,it,2512,2440,1745,113.44666393442624,89.0,32.28752554027257,27.5,0.8706210191082803,spain,EMEA,EUR,1.1621366666666666,109.5,31.0,58476,0.8127853881278538,0.8870967741935484,103.43016333333333,150081,1.6737628347359093
spain_andalucía_sevilla,2026-06-30,ltm0,other,13683,13276,4456,111.44818168122929,91.67,31.262789319590393,27.25,0.8392047946206695,spain,EMEA,EUR,1.1621366666666666,109.5,31.0,58476,0.8371689497716895,0.8790322580645161,106.53306823333332,150081,9.11707677853959
spain_andalucía_sevilla,2026-06-30,ltm0,pt,2267,2202,1588,121.80855585831064,95.5,31.76753486434345,26.333333333333332,0.9047198941332156,spain,EMEA,EUR,1.1621366666666666,109.5,31.0,58476,0.8721461187214612,0.8494623655913978,110.98405166666666,150081,1.5105176538002811
spain_andalucía_sevilla,2026-06-30,ltm0,zh_ja_ko,4732,4629,2109,116.93855260315404,100.5,34.27739743563367,30.0,0.7626294652293384,spain,EMEA,EUR,1.1621366666666666,109.5,31.0,58476,0.9178082191780822,0.967741935483871,116.79473499999999,150081,3.152964066070988
united-kingdom_scotland_edinburgh,2026-06-23,ltm0,de,5585,5180,2489,217.07100193050195,189.0,72.57250705284366,66.75,0.6036618201400108,united-kingdom,EMEA,GBP,1.3458416666666666,229.6,74.5,107630,0.8231707317073171,0.8959731543624161,254.36407499999999,144407,3.867541047179153
united-kingdom_scotland_edinburgh,2026-06-23,ltm0,en,107630,100224,5167,267.3477893518519,229.6,80.91403592956537,74.5,0.7476724443532288,united-kingdom,EMEA,GBP,1.3458416666666666,229.6,74.5,107630,1.0,1.0,309.00524666666666,144407,74.53239801394669
united-kingdom_scotland_edinburgh,2026-06-23,ltm0,es,12765,11897,3427,212.5152004707069,184.0,69.54448681445197,64.25,0.6039160179287568,united-kingdom,EMEA,GBP,1.3458416666666666,229.6,74.5,107630,0.8013937282229965,0.8624161073825504,247.63486666666665,144407,8.839599188404994
united-kingdom_scotland_edinburgh,2026-06-23,ltm0,fr,5249,4907,2460,220.66172202975343,195.67,71.26088281171198,65.75,0.6691485299732722,united-kingdom,EMEA,GBP,1.3458416666666666,229.6,74.5,107630,0.8522212543554006,0.8825503355704698,263.34083891666666,144407,3.6348653458627354
united-kingdom_scotland_edinburgh,2026-06-23,ltm0,it,977,907,785,211.89715545755237,190.0,69.6612784953011,64.9175,0.6157786885245902,united-kingdom,EMEA,GBP,1.3458416666666666,229.6,74.5,107630,0.8275261324041812,0.8713758389261745,255.70991666666666,144407,0.6765600005539898
united-kingdom_scotland_edinburgh,2026-06-23,ltm0,other,8970,8309,3295,241.73943916235407,213.0,72.65834600214946,66.5,0.6885540814031932,united-kingdom,EMEA,GBP,1.3458416666666666,229.6,74.5,107630,0.9277003484320557,0.8926174496644296,286.664275,144407,6.211610240500807
united-kingdom_scotland_edinburgh,2026-06-23,ltm0,pt,530,494,448,246.47184210526316,203.5,76.18391750208855,65.6875,0.6872586872586872,united-kingdom,EMEA,GBP,1.3458416666666666,229.6,74.5,107630,0.8863240418118468,0.8817114093959731,273.8787791666667,144407,0.36701821933839773
united-kingdom_scotland_edinburgh,2026-06-23,ltm0,zh_ja_ko,2701,2518,1644,229.57591739475777,192.335,71.26483903628365,65.5625,0.5402597402597402,united-kingdom,EMEA,GBP,1.3458416666666666,229.6,74.5,107630,0.8376959930313589,0.8800335570469798,258.85245695833333,144407,1.8704079442132306
united-states_ny_new-york-city,2026-06-14,ltm0,de,2113,2021,1263,293.8883918852053,239.33,110.24884429685989,97.0,0.3448773448773449,united-states,NAM,USD,1.0,247.33,97.3,115880,0.9676545506004124,0.9969167523124358,239.33,141154,1.4969465973334088
united-states_ny_new-york-city,2026-06-14,ltm0,en,115880,106545,10365,323.03286320334126,247.33,115.13667657551436,97.3,0.402021617293835,united-states,NAM,USD,1.0,247.33,97.3,115880,1.0,1.0,247.33,141154,82.0947334117347
united-states_ny_new-york-city,2026-06-14,ltm0,es,9844,9219,2985,289.8375235925805,235.0,100.93420821995524,85.02,0.3514945940216239,united-states,NAM,USD,1.0,247.33,97.3,115880,0.9501475761128856,0.873792394655704,235.0,141154,6.973943352650297
united-states_ny_new-york-city,2026-06-14,ltm0,fr,1900,1814,1228,305.53463616317526,250.175,106.03396378436275,89.52,0.3901515151515151,united-states,NAM,USD,1.0,247.33,97.3,115880,1.0115028504427284,0.9200411099691675,250.175,141154,1.3460475792396958
united-states_ny_new-york-city,2026-06-14,ltm0,it,347,330,313,289.260696969697,229.5,104.212264009139,89.52,0.3705882352941176,united-states,NAM,USD,1.0,247.33,97.3,115880,0.9279100796506691,0.9200411099691675,229.5,141154,0.24583079473482863
united-states_ny_new-york-city,2026-06-14,ltm0,other,8900,7782,3102,290.90913389874066,232.0,106.9740748684106,89.52,0.3253582554517134,united-states,NAM,USD,1.0,247.33,97.3,115880,0.9380180325880402,0.9200411099691675,232.0,141154,6.305170239596469
united-states_ny_new-york-city,2026-06-14,ltm0,pt,584,524,391,281.665858778626,244.485,100.71648817096812,85.45,0.3061224489795918,united-states,NAM,USD,1.0,247.33,97.3,115880,0.9884971495572716,0.8782117163412128,244.485,141154,0.41373251909262226
united-states_ny_new-york-city,2026-06-14,ltm0,zh_ja_ko,1586,1524,1080,279.03805774278214,205.075,108.32349833022766,90.4825,0.3016688061617458,united-states,NAM,USD,1.0,247.33,97.3,115880,0.8291553794525531,0.9299331963001028,205.075,141154,1.1235955056179776
united-states_tx_austin,2026-06-22,ltm0,de,243,229,227,213.80034934497817,157.5,53.47567195371344,45.75,0.8724279835390947,united-states,NAM,USD,1.0,215.5,47.0,128970,0.7308584686774942,0.973404255319149,157.5,137315,0.17696537159086773
united-states_tx_austin,2026-06-22,ltm0,en,128970,122944,8144,287.7720856650182,215.5,53.82413560706124,47.0,0.9284428023658352,united-states,NAM,USD,1.0,215.5,47.0,128970,1.0,1.0,215.5,137315,93.92273240359756
united-states_tx_austin,2026-06-22,ltm0,es,2112,1969,1458,242.73865921787709,192.29,44.3778532256356,38.25,0.8552444233507357,united-states,NAM,USD,1.0,215.5,47.0,128970,0.8922969837587007,0.8138297872340425,192.29,137315,1.5380694024687762
united-states_tx_austin,2026-06-22,ltm0,fr,153,146,149,198.0985616438356,171.75,44.76917242137619,40.57730158730159,0.868421052631579,united-states,NAM,USD,1.0,215.5,47.0,128970,0.796983758700696,0.8633468422830126,171.75,137315,0.11142264137202781
united-states_tx_austin,2026-06-22,ltm0,it,67,66,65,245.95166666666665,216.0,40.810859018716975,37.51416666666667,0.8656716417910447,united-states,NAM,USD,1.0,215.5,47.0,128970,1.0023201856148491,0.7981737588652482,216.0,137315,0.04879292138513636
united-states_tx_austin,2026-06-22,ltm0,other,5468,5174,2970,253.07890606880557,194.0,51.40864405824064,44.4675,0.8583470771486165,united-states,NAM,USD,1.0,215.5,47.0,128970,0.9002320185614849,0.9461170212765958,194.0,137315,3.982084987073517
united-states_tx_austin,2026-06-22,ltm0,pt,72,70,68,249.92457142857145,197.5,51.43260702947846,43.166250000000005,0.8472222222222222,united-states,NAM,USD,1.0,215.5,47.0,128970,0.9164733178654292,0.9184308510638299,197.5,137315,0.05243418417507192
united-states_tx_austin,2026-06-22,ltm0,zh_ja_ko,230,220,215,208.48254545454543,183.455,42.13663965579875,39.84625,0.7956521739130434,united-states,NAM,USD,1.0,215.5,47.0,128970,0.8512993039443156,0.8477925531914893,183.455,137315,0.16749808833703528
germany_be_berlin,2026-06-26,ltm0,de,38415,35605,5597,169.6194686139587,139.0,53.0470506570806,47.2,0.6745328095136972,germany,EMEA,EUR,1.1621366666666666,157.8,50.79333333333333,58557,0.8808618504435994,0.9292558078487991,161.53699666666665,136162,28.212717204506397
germany_be_berlin,2026-06-26,ltm0,en,58557,53873,6247,185.97971711246825,157.8,56.89707996710579,50.79333333333333,0.7226123104869698,germany,EMEA,EUR,1.1621366666666666,157.8,50.79333333333333,58557,1.0,1.0,183.385166,136162,43.00539063762283
germany_be_berlin,2026-06-26,ltm0,es,10682,9835,3583,169.68842094560245,142.0,51.25086059500433,45.833333333333336,0.6933461909353905,germany,EMEA,EUR,1.1621366666666666,157.8,50.79333333333333,58557,0.8998732572877058,0.9023493896836856,165.02340666666666,136162,7.845066905597744
germany_be_berlin,2026-06-26,ltm0,fr,6093,5667,2844,189.14315157931887,159.0,52.3040371100749,46.625,0.8201462765957447,germany,EMEA,EUR,1.1621366666666666,157.8,50.79333333333333,58557,1.0076045627376424,0.9179354245964038,184.77973,136162,4.474816762385982
germany_be_berlin,2026-06-26,ltm0,it,883,829,715,171.34104945717735,140.5,52.52084438172737,47.0,0.7320185614849188,germany,EMEA,EUR,1.1621366666666666,157.8,50.79333333333333,58557,0.8903675538656527,0.9253182832392703,163.28020166666667,136162,0.6484922371880554
germany_be_berlin,2026-06-26,ltm0,other,19249,17621,4425,178.9922808013166,153.88,53.37292204010103,47.5,0.6910185486495282,germany,EMEA,EUR,1.1621366666666666,157.8,50.79333333333333,58557,0.9751584283903675,0.9351620947630923,178.82959026666666,136162,14.136837002981743
germany_be_berlin,2026-06-26,ltm0,pt,552,502,466,175.66549800796813,156.0,53.939002315413674,49.15,0.7270992366412213,germany,EMEA,EUR,1.1621366666666666,157.8,50.79333333333333,58557,0.988593155893536,0.967646672791705,181.29332,136162,0.4053994506543676
germany_be_berlin,2026-06-26,ltm0,zh_ja_ko,1731,1593,1151,144.63429378531072,117.0,51.57049419094193,47.25,0.4780285035629453,germany,EMEA,EUR,1.1621366666666666,157.8,50.79333333333333,58557,0.741444866920152,0.9302401890011813,135.96999,136162,1.271279799062881
united-states_il_chicago,2026-06-24,ltm0,de,369,355,328,229.724,197.5,60.39661121273093,54.25,0.7142857142857143,united-states,NAM,USD,1.0,242.0,58.94199999999999,119038,0.8161157024793388,0.920396321807879,197.5,129060,0.2859135285913529
united-states_il_chicago,2026-06-24,ltm0,en,119038,111786,6225,308.54194281931547,242.0,68.10022167528955,58.94199999999999,0.8461791574663377,united-states,NAM,USD,1.0,242.0,58.94199999999999,119038,1.0,1.0,242.0,129060,92.2346195567953
united-states_il_chicago,2026-06-24,ltm0,es,3468,3234,1849,237.1952257266543,191.67,60.158383296456,52.25,0.6789568345323741,united-states,NAM,USD,1.0,242.0,58.94199999999999,119038,0.7920247933884297,0.8864646601744088,191.67,129060,2.6871222687122267
united-states_il_chicago,2026-06-24,ltm0,fr,357,339,323,251.5513569321534,205.5,62.6393941979849,54.35,0.7319884726224783,united-states,NAM,USD,1.0,242.0,58.94199999999999,119038,0.8491735537190083,0.9220929048895525,205.5,129060,0.2766155276615528
united-states_il_chicago,2026-06-24,ltm0,it,102,96,100,254.98645833333333,195.75,56.22154170800264,49.5425,0.7448979591836735,united-states,NAM,USD,1.0,242.0,58.94199999999999,119038,0.8088842975206612,0.8405296732380985,195.75,129060,0.07903300790330078
united-states_il_chicago,2026-06-24,ltm0,other,5073,4442,2488,271.5426339486717,211.06,67.23190498812497,57.165,0.6991746307558645,united-states,NAM,USD,1.0,242.0,58.94199999999999,119038,0.8721487603305785,0.9698517186386618,211.06,129060,3.9307298930729893
united-states_il_chicago,2026-06-24,ltm0,pt,149,136,132,301.5227205882353,225.665,74.91497636554622,59.0,0.8439716312056738,united-states,NAM,USD,1.0,242.0,58.94199999999999,119038,0.9325,1.0009840181873708,225.665,129060,0.11545017821168449
united-states_il_chicago,2026-06-24,ltm0,zh_ja_ko,504,480,449,270.12720833333333,221.48,59.19746533030049,53.404761904761905,0.6693386773547094,united-states,NAM,USD,1.0,242.0,58.94199999999999,119038,0.9152066115702479,0.9060561552842101,221.48,129060,0.3905160390516039
spain_andalucía_malaga,2026-06-30,ltm0,de,10910,10611,3999,171.82729054754498,150.64,53.14882744447853,49.05,0.8630614115490376,spain,EMEA,EUR,1.1621366666666666,161.5,48.75,53847,0.9327554179566563,1.0061538461538462,175.06426746666665,124949,8.731562477490817
spain_andalucía_malaga,2026-06-30,ltm0,en,53847,52363,6370,191.40608273017207,161.5,53.01865638312368,48.75,0.8874589113599644,spain,EMEA,EUR,1.1621366666666666,161.5,48.75,53847,1.0,1.0,187.68507166666666,124949,43.095182834596514
spain_andalucía_malaga,2026-06-30,ltm0,es,30637,29453,5981,161.5572929752487,142.67,46.41726711939895,42.0,0.8274635244965238,spain,EMEA,EUR,1.1621366666666666,161.5,48.75,53847,0.8834055727554179,0.8615384615384616,165.80203823333332,124949,24.51960399843136
spain_andalucía_malaga,2026-06-30,ltm0,fr,8404,8157,3612,167.14192840505086,148.5,48.66884075230683,44.666666666666664,0.8818419800095193,spain,EMEA,EUR,1.1621366666666666,161.5,48.75,53847,0.9195046439628483,0.9162393162393162,172.577295,124949,6.725944185227573
spain_andalucía_malaga,2026-06-30,ltm0,it,1699,1634,1274,163.94653610771115,141.0,47.5177687850705,42.785714285714285,0.859329017068864,spain,EMEA,EUR,1.1621366666666666,161.5,48.75,53847,0.8730650154798761,0.8776556776556776,163.86127,124949,1.3597547799502196
spain_andalucía_malaga,2026-06-30,ltm0,other,17591,16916,5106,172.47424568455898,149.0,49.05798350140277,44.666666666666664,0.826900119379228,spain,EMEA,EUR,1.1621366666666666,161.5,48.75,53847,0.9226006191950464,0.9162393162393162,173.1583633333333,124949,14.078544045970757
spain_andalucía_malaga,2026-06-30,ltm0,pt,838,814,737,161.99873464373465,145.5,45.920859237609235,42.5,0.850835322195704,spain,EMEA,EUR,1.1621366666666666,161.5,48.75,53847,0.9009287925696594,0.8717948717948718,169.090885,124949,0.6706736348430159
spain_andalucía_malaga,2026-06-30,ltm0,zh_ja_ko,1023,992,746,155.21321572580646,137.0,46.94295826132872,43.182,0.6774193548387096,spain,EMEA,EUR,1.1621366666666666,161.5,48.75,53847,0.848297213622291,0.8857846153846154,159.21272333333332,124949,0.8187340434897438
australia_tas_tasmania,2026-06-15,ltm0,de,714,692,569,221.19968208092484,206.0,76.04609444100376,69.0,0.8235294117647058,australia,APAC,AUD,0.7040833333333333,263.0,66.25,115211,0.7832699619771863,1.0415094339622641,145.04116666666667,124559,0.5732223283745053
australia_tas_tasmania,2026-06-15,ltm0,en,115211,112028,5513,296.60766879708643,263.0,77.29885926739203,66.25,0.944267474459904,australia,APAC,AUD,0.7040833333333333,263.0,66.25,115211,1.0,1.0,185.17391666666666,124559,92.49512279321446
australia_tas_tasmania,2026-06-15,ltm0,es,396,382,350,248.09552356020944,218.0,75.98635676372784,67.0,0.8080808080808081,australia,APAC,AUD,0.7040833333333333,263.0,66.25,115211,0.8288973384030418,1.0113207547169811,153.49016666666665,124559,0.31792162750182645
australia_tas_tasmania,2026-06-15,ltm0,fr,255,248,233,223.2040322580645,203.0,71.10149483905431,67.25999999999999,0.7843137254901961,australia,APAC,AUD,0.7040833333333333,263.0,66.25,115211,0.7718631178707225,1.0152452830188679,142.92891666666665,124559,0.2047222601337519
australia_tas_tasmania,2026-06-15,ltm0,it,22,22,22,197.38181818181815,189.0,69.8871893939394,54.625,0.7727272727272727,australia,APAC,AUD,0.7040833333333333,263.0,66.25,115211,0.7186311787072244,0.8245283018867925,133.07174999999998,124559,0.017662312638990357
australia_tas_tasmania,2026-06-15,ltm0,other,4868,4752,2615,290.7103577441078,262.5,74.50592013867575,64.625,0.922555464256368,australia,APAC,AUD,0.7040833333333333,263.0,66.25,115211,0.9980988593155894,0.9754716981132076,184.82187499999998,124559,3.9081880875729573
australia_tas_tasmania,2026-06-15,ltm0,zh_ja_ko,3089,2997,1577,287.1794728061395,255.0,69.07369000269,61.0,0.8598251861443833,australia,APAC,AUD,0.7040833333333333,263.0,66.25,115211,0.9695817490494296,0.9207547169811321,179.54125,124559,2.4799492609927825
greece_crete_crete,2026-06-29,ltm0,de,19324,18896,8951,214.14985605419136,139.0,47.70284943669896,41.37,0.9494928586214034,greece,EMEA,EUR,1.1621366666666666,149.0,42.06925,58181,0.9328859060402684,0.9833785960053959,161.53699666666665,123732,15.617625189926615
greece_crete_crete,2026-06-29,ltm0,en,58181,56954,14435,241.25560610317095,149.0,49.05322141222462,42.06925,0.9508086832471082,greece,EMEA,EUR,1.1621366666666666,149.0,42.06925,58181,1.0,1.0,173.1583633333333,123732,47.021789027899004
greece_crete_crete,2026-06-29,ltm0,es,18609,18156,8871,158.52814827054416,114.4,40.12363871193814,35.0,0.9428233650384222,greece,EMEA,EUR,1.1621366666666666,149.0,42.06925,58181,0.7677852348993289,0.831961587145005,132.94843466666666,123732,15.039763359518961
greece_crete_crete,2026-06-29,ltm0,fr,8190,7988,4973,137.0404118678017,104.33,38.63195915543485,34.25,0.9328449328449328,greece,EMEA,EUR,1.1621366666666666,149.0,42.06925,58181,0.7002013422818791,0.8141338388490407,121.24571843333332,123732,6.619144602851324
greece_crete_crete,2026-06-29,ltm0,it,1304,1266,1159,131.645102685624,100.0,36.839561899396024,32.03071428571428,0.9601226993865032,greece,EMEA,EUR,1.1621366666666666,149.0,42.06925,58181,0.6711409395973155,0.7613806827008869,116.21366666666665,123732,1.05389066692529
greece_crete_crete,2026-06-29,ltm0,other,17624,17139,8718,171.73789544314138,110.0,40.36083360631061,35.0,0.9167044938719928,greece,EMEA,EUR,1.1621366666666666,149.0,42.06925,58181,0.738255033557047,0.831961587145005,127.83503333333333,123732,14.243687970775547
greece_crete_crete,2026-06-29,ltm0,pt,133,128,129,144.65703125,99.835,37.33728535657051,31.583333333333336,0.9022556390977444,greece,EMEA,EUR,1.1621366666666666,149.0,42.06925,58181,0.6700335570469799,0.7507462893522784,116.02191411666665,123732,0.10749038243946595
greece_crete_crete,2026-06-29,ltm0,zh_ja_ko,367,361,329,144.37526315789475,114.5,38.8224282661014,35.0,0.9318801089918256,greece,EMEA,EUR,1.1621366666666666,149.0,42.06925,58181,0.7684563758389261,0.831961587145005,133.06464833333334,123732,0.2966087996637895
canada_qc_montreal,2026-06-15,ltm0,de,790,754,668,247.51112732095493,221.0,70.59258625809058,61.0,0.810126582278481,canada,NAM,CAD,0.7227644635290046,246.5,63.166666666666664,86160,0.896551724137931,0.9656992084432718,159.73094643991,122118,0.6469152786648978
canada_qc_montreal,2026-06-15,ltm0,en,86160,84325,6371,294.74332677142013,246.5,72.4997206324038,63.166666666666664,0.8766205879963322,canada,NAM,CAD,0.7227644635290046,246.5,63.166666666666664,86160,1.0,1.0,178.16144025989962,122118,70.55470937945266
canada_qc_montreal,2026-06-15,ltm0,es,11325,11007,3989,239.84292722812756,210.67,68.01514993397096,59.4375,0.820630574935971,canada,NAM,CAD,0.7227644635290046,246.5,63.166666666666664,86160,0.8546450304259634,0.9409630606860159,152.2647895316554,122118,9.273817127696162
canada_qc_montreal,2026-06-15,ltm0,fr,14806,14432,4132,243.66158883037693,213.0,67.71852388304735,59.25,0.8571911099101533,canada,NAM,CAD,0.7227644635290046,246.5,63.166666666666664,86160,0.8640973630831643,0.9379947229551452,153.948830731678,122118,12.124338754319593
canada_qc_montreal,2026-06-15,ltm0,it,107,106,100,241.72084905660375,217.75,64.98061588594844,53.8125,0.8317757009345794,canada,NAM,CAD,0.7227644635290046,246.5,63.166666666666664,86160,0.8833671399594321,0.8519129287598944,157.38196193344075,122118,0.08762017065461275
canada_qc_montreal,2026-06-15,ltm0,other,8017,7866,3074,241.5705250444953,207.96,69.41666583211968,60.23916666666666,0.7802170387925658,canada,NAM,CAD,0.7227644635290046,246.5,63.166666666666664,86160,0.8436511156186612,0.9536543535620052,150.3060978354918,122118,6.56496175829935
canada_qc_montreal,2026-06-15,ltm0,pt,216,211,203,235.968672985782,209.98,68.08170589784096,61.396,0.8611111111111112,canada,NAM,CAD,0.7227644635290046,246.5,63.166666666666664,86160,0.8518458417849898,0.9719683377308708,151.76608205182038,122118,0.17687810150837716
canada_qc_montreal,2026-06-15,ltm0,zh_ja_ko,697,683,593,255.5003074670571,220.0,70.06484874727518,57.06,0.7446197991391679,canada,NAM,CAD,0.7227644635290046,246.5,63.166666666666664,86160,0.8924949290060852,0.9033245382585753,159.008181976381,122118,0.5707594294043467
united-states_wa_seattle,2026-06-15,ltm0,de,414,400,339,279.653575,230.77,88.04720389880953,79.31,0.7645631067961165,united-states,NAM,USD,1.0,286.0,78.5,111190,0.8068881118881119,1.0103184713375797,230.77,117438,0.3525264394829612
united-states_wa_seattle,2026-06-15,ltm0,en,111190,107496,5653,333.58730864404254,286.0,86.85467819460983,78.5,0.898088076947438,united-states,NAM,USD,1.0,286.0,78.5,111190,1.0,1.0,286.0,117438,94.67974590847936
united-states_wa_seattle,2026-06-15,ltm0,es,1090,1037,834,312.96385728061716,269.47,80.65770529232366,73.16666666666667,0.7940630797773655,united-states,NAM,USD,1.0,286.0,78.5,111190,0.9422027972027973,0.9320594479830149,269.47,117438,0.9281493213440284
united-states_wa_seattle,2026-06-15,ltm0,fr,171,167,159,286.3710179640718,249.5,83.84264585115483,71.66666666666667,0.8187134502923976,united-states,NAM,USD,1.0,286.0,78.5,111190,0.8723776223776224,0.9129511677282378,249.5,117438,0.14560874674296223
united-states_wa_seattle,2026-06-15,ltm0,it,39,37,39,339.6478378378378,319.0,76.45895592020592,78.28571428571429,0.8717948717948718,united-states,NAM,USD,1.0,286.0,78.5,111190,1.1153846153846154,0.997270245677889,319.0,117438,0.033209012415061565
united-states_wa_seattle,2026-06-15,ltm0,other,3448,3284,2034,300.9287515225335,260.095,83.80543933065259,76.20714285714286,0.8069601427721594,united-states,NAM,USD,1.0,286.0,78.5,111190,0.909423076923077,0.9707916287534122,260.095,117438,2.9360173027469814
united-states_wa_seattle,2026-06-15,ltm0,pt,25,24,24,294.13666666666666,299.405,89.33960227272728,81.83250000000001,0.7916666666666666,united-states,NAM,USD,1.0,286.0,78.5,111190,1.0468706293706294,1.0424522292993632,299.405,117438,0.021287828471193312
united-states_wa_seattle,2026-06-15,ltm0,zh_ja_ko,1061,1021,808,313.33688540646426,282.0,78.65500563297026,69.83333333333333,0.7241706161137441,united-states,NAM,USD,1.0,286.0,78.5,111190,0.986013986013986,0.8895966029723991,282.0,117438,0.9034554403174441
spain_vc_valencia,2026-06-26,ltm0,de,9066,8772,3283,175.50960328317373,156.75,53.02314785413452,47.666666666666664,0.8411524450822386,spain,EMEA,EUR,1.1621366666666666,161.67,46.9375,45496,0.9695676377806643,1.0155348424323125,182.1649225,114507,7.917419895726899
spain_vc_valencia,2026-06-26,ltm0,en,45496,44017,5398,183.55666219869596,161.67,52.57130590480797,46.9375,0.8499307067907345,spain,EMEA,EUR,1.1621366666666666,161.67,46.9375,45496,1.0,1.0,187.88263489999997,114507,39.7320687818212
spain_vc_valencia,2026-06-26,ltm0,es,35091,33839,5130,157.1476843287331,143.5,46.75159048989074,41.5,0.7792993267145955,spain,EMEA,EUR,1.1621366666666666,161.67,46.9375,45496,0.8876105647306242,0.8841544607190412,166.76661166666665,114507,30.645288060991906
spain_vc_valencia,2026-06-26,ltm0,fr,6698,6461,2952,173.3936449466027,155.0,50.00431197803126,44.45,0.8641864634692963,spain,EMEA,EUR,1.1621366666666666,161.67,46.9375,45496,0.9587431186985836,0.9470039946737684,180.13118333333333,114507,5.849424052678002
spain_vc_valencia,2026-06-26,ltm0,it,2946,2840,1748,164.91459154929578,149.4,46.493915684384085,41.748333333333335,0.8223505434782609,spain,EMEA,EUR,1.1621366666666666,161.67,46.9375,45496,0.9241046576359251,0.889445184198846,173.623218,114507,2.5727684770363384
spain_vc_valencia,2026-06-26,ltm0,other,13732,13269,3995,162.67796895018466,148.67,48.30469979135133,42.75,0.7845267609741869,spain,EMEA,EUR,1.1621366666666666,161.67,46.9375,45496,0.9195892868188285,0.9107856191744341,172.7748582333333,114507,11.992279947950781
spain_vc_valencia,2026-06-26,ltm0,pt,914,875,769,171.13102857142857,145.5,50.18196681632653,41.8525,0.7982456140350878,spain,EMEA,EUR,1.1621366666666666,161.67,46.9375,45496,0.8999814436815736,0.8916644474034621,169.090885,114507,0.7982044765822177
spain_vc_valencia,2026-06-26,ltm0,zh_ja_ko,564,543,472,147.36418047882137,131.5,46.67605588840257,41.0825,0.6341030195381883,spain,EMEA,EUR,1.1621366666666666,161.67,46.9375,45496,0.8133852910249274,0.8752596537949402,152.82097166666665,114507,0.49254630721265946
denmark_hovedstaden_copenhagen,2026-06-30,ltm0,de,13590,10762,6659,1743.091735736852,1540.67,568.6444009106717,527.8225,0.8730205494586433,denmark,EMEA,DKK,0.1555157042903996,1720.0,581.4,63267,0.8957383720930233,0.9078474372205022,239.59838012908995,110202,12.331899602548049
denmark_hovedstaden_copenhagen,2026-06-30,ltm0,en,63267,51850,12727,2036.3337469623916,1720.0,631.0479051408572,581.4,0.8639283566975728,denmark,EMEA,DKK,0.1555157042903996,1720.0,581.4,63267,1.0,1.0,267.4870113794873,110202,57.41002885610062
denmark_hovedstaden_copenhagen,2026-06-30,ltm0,es,8496,6865,4813,1773.7872512745812,1597.65,558.518487719196,513.625,0.8508430609597925,denmark,EMEA,DKK,0.1555157042903996,1720.0,581.4,63267,0.9288662790697675,0.8834279325765394,248.45966495955693,110202,7.70947895682474
denmark_hovedstaden_copenhagen,2026-06-30,ltm0,fr,4859,3807,3378,1801.6129104281583,1598.0,572.2584145539033,531.0,0.886326194398682,denmark,EMEA,DKK,0.1555157042903996,1720.0,581.4,63267,0.9290697674418604,0.913312693498452,248.51409545605856,110202,4.409175877025826
denmark_hovedstaden_copenhagen,2026-06-30,ltm0,it,889,711,792,1838.970267229255,1581.0,550.815500432799,503.8333333333333,0.8368953880764904,denmark,EMEA,DKK,0.1555157042903996,1720.0,581.4,63267,0.9191860465116279,0.8665864006421282,245.87032848312177,110202,0.8067004228598392
denmark_hovedstaden_copenhagen,2026-06-30,ltm0,other,17232,14256,7005,1905.912404601571,1655.0,554.3394960696531,510.4375,0.8623543123543124,denmark,EMEA,DKK,0.1555157042903996,1720.0,581.4,63267,0.9622093023255814,0.8779454764361886,257.3784906006113,110202,15.636739805085208
denmark_hovedstaden_copenhagen,2026-06-30,ltm0,pt,239,205,224,1964.7106341463416,1678.0,600.8172639953542,541.375,0.8739495798319328,denmark,EMEA,DKK,0.1555157042903996,1720.0,581.4,63267,0.9755813953488373,0.9311575507395942,260.9553517992905,110202,0.21687446688807827
denmark_hovedstaden_copenhagen,2026-06-30,ltm0,zh_ja_ko,1630,1359,1224,1831.3798969830757,1597.67,595.903232088572,542.125,0.7047268262737876,denmark,EMEA,DKK,0.1555157042903996,1720.0,581.4,63267,0.9288779069767442,0.9324475404196767,248.46277527364273,110202,1.4791020126676466
italy_campania_naples,2026-06-25,ltm0,de,6701,6585,2887,128.1686408504176,102.71,37.00411932295958,31.955,0.805551410237278,italy,EMEA,EUR,1.1621366666666666,107.5,31.67,47960,0.9554418604651163,1.0089990527312913,119.36305703333332,107733,6.220006868833134
italy_campania_naples,2026-06-25,ltm0,en,47960,47051,5562,142.531806550339,107.5,38.20630217275516,31.67,0.8293262714515086,italy,EMEA,EUR,1.1621366666666666,107.5,31.67,47960,1.0,1.0,124.92969166666666,107733,44.51746447235295
italy_campania_naples,2026-06-25,ltm0,es,26836,26336,5194,114.5029757746051,93.44,33.06207708356736,29.0,0.7758852031308237,italy,EMEA,EUR,1.1621366666666666,107.5,31.67,47960,0.8692093023255814,0.9156930849384275,108.59005013333332,107733,24.909730537532603
italy_campania_naples,2026-06-25,ltm0,fr,6728,6622,2944,125.58841437632135,100.5,34.54972132735087,29.741999999999997,0.8755945303210464,italy,EMEA,EUR,1.1621366666666666,107.5,31.67,47960,0.9348837209302325,0.9391221976634038,116.79473499999999,107733,6.245068827564442
italy_campania_naples,2026-06-25,ltm0,it,4975,4896,2655,114.09929738562091,93.0,32.03970110789719,28.625,0.7744723618090452,italy,EMEA,EUR,1.1621366666666666,107.5,31.67,47960,0.8651162790697674,0.9038522260814651,108.07870999999999,107733,4.6178979514169285
italy_campania_naples,2026-06-25,ltm0,other,11407,11210,3978,118.7483157894737,93.0,34.42309247356618,29.8,0.7246338682802771,italy,EMEA,EUR,1.1621366666666666,107.5,31.67,47960,0.8651162790697674,0.9409535838332806,108.07870999999999,107733,10.588213453630734
italy_campania_naples,2026-06-25,ltm0,pt,796,776,670,111.83644329896909,92.0,33.67357402182225,30.593333333333337,0.7522012578616353,italy,EMEA,EUR,1.1621366666666666,107.5,31.67,47960,0.8558139534883721,0.9660035785706769,106.91657333333333,107733,0.7388636722267086
italy_campania_naples,2026-06-25,ltm0,zh_ja_ko,2330,2295,1418,119.8589891067538,96.43,35.527540678808,30.793333333333333,0.655793991416309,italy,EMEA,EUR,1.1621366666666666,107.5,31.67,47960,0.8970232558139536,0.97231870329439,112.06483876666667,107733,2.1627542164425013
spain_catalonia_girona,2026-06-30,ltm0,de,5147,4779,3241,247.8185268884704,187.0,52.90801066333576,46.55,0.9060428849902534,spain,EMEA,EUR,1.1621366666666666,195.2,49.4175,24602,0.9579918032786886,0.9419739970658167,217.31955666666664,102862,5.003791487624196
spain_catalonia_girona,2026-06-30,ltm0,en,24602,23123,7344,281.2850823855036,195.2,56.86582377221747,49.4175,0.9029177718832893,spain,EMEA,EUR,1.1621366666666666,195.2,49.4175,24602,1.0,1.0,226.8490773333333,102862,23.917481674476484
spain_catalonia_girona,2026-06-30,ltm0,es,45133,42139,10912,234.23506704003415,176.0,49.35810514668324,42.666,0.9288174767206704,spain,EMEA,EUR,1.1621366666666666,195.2,49.4175,24602,0.9016393442622951,0.8633783578691759,204.5360533333333,102862,43.87723357508118
spain_catalonia_girona,2026-06-30,ltm0,fr,15965,14843,6453,222.35689146398977,169.0,50.13219336357217,42.795,0.932587095962772,spain,EMEA,EUR,1.1621366666666666,195.2,49.4175,24602,0.8657786885245902,0.8659887691607225,196.40109666666666,102862,15.52079485135424
spain_catalonia_girona,2026-06-30,ltm0,it,931,883,794,219.8543261608154,172.0,45.90756369206483,40.625,0.9095801937567276,spain,EMEA,EUR,1.1621366666666666,195.2,49.4175,24602,0.8811475409836066,0.8220771993726919,199.88750666666667,102862,0.9050961482374443
spain_catalonia_girona,2026-06-30,ltm0,other,10546,9729,5284,238.87974920341247,169.5,51.56583750366421,42.9475,0.8815928017612712,spain,EMEA,EUR,1.1621366666666666,195.2,49.4175,24602,0.8683401639344263,0.8690747204937522,196.98216499999998,102862,10.252571406350256
spain_catalonia_girona,2026-06-30,ltm0,pt,324,306,294,192.6549346405229,159.85500000000002,47.65297726683266,43.05,0.9040247678018576,spain,EMEA,EUR,1.1621366666666666,195.2,49.4175,24602,0.8189293032786886,0.8711488845044771,185.77335685,102862,0.3149851257023974
spain_catalonia_girona,2026-06-30,ltm0,zh_ja_ko,214,202,191,198.32861386138612,164.25,47.231092353878246,41.71208333333333,0.8207547169811321,spain,EMEA,EUR,1.1621366666666666,195.2,49.4175,24602,0.8414446721311476,0.8440751420718032,190.8809475,102862,0.20804573117380568
france_nouvelle-aquitaine_bordeaux,2026-06-22,ltm0,de,2346,2166,1466,127.38234533702676,103.33,41.39863934857079,38.0,0.7419906023067065,france,EMEA,EUR,1.1621366666666666,129.0,44.0,16502,0.8010077519379845,0.8636363636363636,120.08358176666665,102255,2.29426433915212
france_nouvelle-aquitaine_bordeaux,2026-06-22,ltm0,en,16502,15019,3878,171.38704773952992,129.0,48.23031322800403,44.0,0.8458082923571906,france,EMEA,EUR,1.1621366666666666,129.0,44.0,16502,1.0,1.0,149.91563,102255,16.138086157156128
france_nouvelle-aquitaine_bordeaux,2026-06-22,ltm0,es,30202,28199,5643,122.98735735309764,100.0,37.29878283588238,33.38,0.8246953750124506,france,EMEA,EUR,1.1621366666666666,129.0,44.0,16502,0.7751937984496124,0.7586363636363637,116.21366666666665,102255,29.53596401153978
france_nouvelle-aquitaine_bordeaux,2026-06-22,ltm0,fr,41650,39189,5653,110.53447957334966,92.0,36.4061885749535,32.333333333333336,0.8300028890600925,france,EMEA,EUR,1.1621366666666666,129.0,44.0,16502,0.7131782945736435,0.7348484848484849,106.91657333333333,102255,40.73150457190357
france_nouvelle-aquitaine_bordeaux,2026-06-22,ltm0,it,311,285,286,131.40729824561404,110.5,40.07483046505152,37.165,0.8064516129032258,france,EMEA,EUR,1.1621366666666666,129.0,44.0,16502,0.8565891472868217,0.8446590909090909,128.41610166666666,102255,0.3041416067673952
france_nouvelle-aquitaine_bordeaux,2026-06-22,ltm0,other,10519,9849,3418,109.6290110671134,92.0,37.35811661457782,32.75,0.8178766663469837,france,EMEA,EUR,1.1621366666666666,129.0,44.0,16502,0.7131782945736435,0.7443181818181818,106.91657333333333,102255,10.287027529216175
france_nouvelle-aquitaine_bordeaux,2026-06-22,ltm0,pt,276,247,250,118.69214574898784,102.0,39.39642211297475,35.25,0.8864468864468864,france,EMEA,EUR,1.1621366666666666,129.0,44.0,16502,0.7906976744186046,0.8011363636363636,118.53793999999999,102255,0.2699134516649553
france_nouvelle-aquitaine_bordeaux,2026-06-22,ltm0,zh_ja_ko,449,415,381,117.93431325301204,86.0,37.51651962134251,34.25,0.5794183445190156,france,EMEA,EUR,1.1621366666666666,129.0,44.0,16502,0.6666666666666666,0.7784090909090909,99.94375333333333,102255,0.43909833259987285
australia_qld_brisbane,2026-06-15,ltm0,de,963,919,721,233.60318824809573,221.5,84.78027931499041,79.2,0.6728971962616822,australia,APAC,AUD,0.7040833333333333,274.0,77.875,83163,0.8083941605839416,1.0170144462279294,155.95445833333332,94483,1.019230972767588
australia_qld_brisbane,2026-06-15,ltm0,en,83163,79802,5013,291.22253677852683,274.0,84.64618328194588,77.875,0.8546348736818056,australia,APAC,AUD,0.7040833333333333,274.0,77.875,83163,1.0,1.0,192.9188333333333,94483,88.01900871056169
australia_qld_brisbane,2026-06-15,ltm0,es,1144,1084,841,222.90057195571956,197.265,78.93914781013882,69.99666666666667,0.597027972027972,australia,APAC,AUD,0.7040833333333333,274.0,77.875,83163,0.7199452554744525,0.8988336008560728,138.89099875,94483,1.2107998264238011
australia_qld_brisbane,2026-06-15,ltm0,fr,883,843,693,224.22753262158955,211.0,78.19585338172439,71.25,0.652321630804077,australia,APAC,AUD,0.7040833333333333,274.0,77.875,83163,0.7700729927007299,0.9149277688603531,148.56158333333332,94483,0.9345596562344549
australia_qld_brisbane,2026-06-15,ltm0,it,60,56,59,191.05839285714288,153.5,76.08523561507936,71.5,0.4166666666666667,australia,APAC,AUD,0.7040833333333333,274.0,77.875,83163,0.5602189781021898,0.9181380417335474,108.07679166666667,94483,0.0635034873998497
australia_qld_brisbane,2026-06-15,ltm0,other,4842,4653,2405,268.28816462497315,262.5,83.62480672627811,76.0,0.7798430400660884,australia,APAC,AUD,0.7040833333333333,274.0,77.875,83163,0.958029197080292,0.9759229534510433,184.82187499999998,94483,5.124731433167871
australia_qld_brisbane,2026-06-15,ltm0,pt,50,47,50,258.58829787234043,262.8,82.83097365754813,77.6,0.78,australia,APAC,AUD,0.7040833333333333,274.0,77.875,83163,0.9591240875912409,0.9964686998394863,185.0331,94483,0.05291957283320809
australia_qld_brisbane,2026-06-15,ltm0,zh_ja_ko,3378,3205,1781,251.20684867394695,244.0,77.0010539011777,70.5,0.6512729425695678,australia,APAC,AUD,0.7040833333333333,274.0,77.875,83163,0.8905109489051095,0.9052969502407705,171.7963333333333,94483,3.5752463406115385
the-netherlands_north-holland_amsterdam,2026-06-15,ltm0,de,7265,6398,2401,212.89598155673647,179.0,78.54399483035374,72.0,0.4070707070707071,the-netherlands,EMEA,EUR,1.1621366666666666,213.5,88.25,57713,0.8384074941451991,0.8158640226628895,208.02246333333332,94076,7.72247969726604
the-netherlands_north-holland_amsterdam,2026-06-15,ltm0,en,57713,50156,6130,261.30963593588007,213.5,95.7972650814106,88.25,0.5132892472144216,the-netherlands,EMEA,EUR,1.1621366666666666,213.5,88.25,57713,1.0,1.0,248.11617833333332,94076,61.34720863982312
the-netherlands_north-holland_amsterdam,2026-06-15,ltm0,es,11549,10069,2925,199.3273204886285,168.33,74.7729769124785,68.0,0.373630420771568,the-netherlands,EMEA,EUR,1.1621366666666666,213.5,88.25,57713,0.7884309133489462,0.7705382436260623,195.6224651,94076,12.276244738296697
the-netherlands_north-holland_amsterdam,2026-06-15,ltm0,fr,5390,4646,2248,214.0752496771416,182.67,78.3840194406863,71.325,0.4854349951124144,the-netherlands,EMEA,EUR,1.1621366666666666,213.5,88.25,57713,0.8555971896955503,0.808215297450425,212.28750489999996,94076,5.729410264041839
the-netherlands_north-holland_amsterdam,2026-06-15,ltm0,it,577,506,465,211.03671936758897,179.07999999999998,76.35241007905138,69.995,0.4416058394160584,the-netherlands,EMEA,EUR,1.1621366666666666,213.5,88.25,57713,0.8387822014051521,0.7931444759206799,208.11543426666663,94076,0.613333900250861
the-netherlands_north-holland_amsterdam,2026-06-15,ltm0,other,9984,8301,2537,206.46898927840024,172.0,74.09746207810112,66.0,0.3972710870545782,the-netherlands,EMEA,EUR,1.1621366666666666,213.5,88.25,57713,0.8056206088992974,0.7478753541076487,199.88750666666667,94076,10.612696118032229
the-netherlands_north-holland_amsterdam,2026-06-15,ltm0,pt,645,547,418,178.93021937842778,159.0,71.80780634630452,64.33333333333333,0.3559027777777778,the-netherlands,EMEA,EUR,1.1621366666666666,213.5,88.25,57713,0.7447306791569087,0.728989612842304,184.77973,94076,0.6856158850291254
the-netherlands_north-holland_amsterdam,2026-06-15,ltm0,zh_ja_ko,953,853,650,201.7760140679953,166.0,78.9311091944398,72.25,0.3257080610021786,the-netherlands,EMEA,EUR,1.1621366666666666,213.5,88.25,57713,0.7775175644028103,0.8186968838526912,192.91468666666665,94076,1.0130107572600875
ireland_leinster_dublin,2026-06-21,ltm0,de,5127,4756,2138,185.15625315391085,140.0,63.55389687217978,58.0,0.4802902529907825,ireland,EMEA,EUR,1.1621366666666666,171.5,64.25,66799,0.8163265306122449,0.9027237354085603,162.69913333333332,93996,5.454487424996809
ireland_leinster_dublin,2026-06-21,ltm0,en,66799,62227,4689,226.87166712198885,171.5,69.28584074605175,64.25,0.5976180092933728,ireland,EMEA,EUR,1.1621366666666666,171.5,64.25,66799,1.0,1.0,199.30643833333332,93996,71.06579003361846
ireland_leinster_dublin,2026-06-21,ltm0,es,9504,8782,2738,178.26312115691186,141.64499999999998,60.99660161089448,56.833333333333336,0.4923223551837339,ireland,EMEA,EUR,1.1621366666666666,171.5,64.25,66799,0.8259183673469387,0.8845654993514916,164.61084814999998,93996,10.111068556108771
ireland_leinster_dublin,2026-06-21,ltm0,fr,4318,3997,1899,193.09496372279207,155.0,61.59822002899111,57.06,0.5605391587264699,ireland,EMEA,EUR,1.1621366666666666,171.5,64.25,66799,0.9037900874635568,0.8880933852140078,180.13118333333333,93996,4.593812502659688
ireland_leinster_dublin,2026-06-21,ltm0,it,786,716,623,170.23000000000002,132.5,59.94635009310987,56.5,0.4474358974358974,ireland,EMEA,EUR,1.1621366666666666,171.5,64.25,66799,0.7725947521865889,0.8793774319066148,153.98310833333332,93996,0.8362057959913188
ireland_leinster_dublin,2026-06-21,ltm0,other,6509,6054,2373,191.66900561612155,146.55,62.13505319961303,57.445,0.4983667755482968,ireland,EMEA,EUR,1.1621366666666666,171.5,64.25,66799,0.8545189504373178,0.8940856031128405,170.3111285,93996,6.924762755861952
ireland_leinster_dublin,2026-06-21,ltm0,pt,383,347,309,151.44541786743514,129.6,59.61638500068615,55.75,0.4331550802139037,ireland,EMEA,EUR,1.1621366666666666,171.5,64.25,66799,0.7556851311953352,0.867704280155642,150.612912,93996,0.4074641474105281
ireland_leinster_dublin,2026-06-21,ltm0,zh_ja_ko,570,523,471,157.78738049713195,115.0,64.98952829372666,57.35,0.3298245614035088,ireland,EMEA,EUR,1.1621366666666666,171.5,64.25,66799,0.6705539358600583,0.8926070038910506,133.64571666666666,93996,0.606408783352483
belgium_bru_brussels,2026-06-27,ltm0,de,4354,4065,1878,144.44841082410824,121.0,47.40536507898962,44.75,0.7735674676524954,belgium,EMEA,EUR,1.1621366666666666,123.0,46.0,35355,0.983739837398374,0.9728260869565217,140.61853666666667,93085,4.677445345651823
belgium_bru_brussels,2026-06-27,ltm0,en,35355,32814,3433,148.1859267385872,123.0,49.33264679295583,46.0,0.7662308064837763,belgium,EMEA,EUR,1.1621366666666666,123.0,46.0,35355,1.0,1.0,142.94280999999998,93085,37.98141483590267
belgium_bru_brussels,2026-06-27,ltm0,es,23011,21498,3117,138.0135659131082,117.0,45.75080943085377,43.5,0.7708624912526242,belgium,EMEA,EUR,1.1621366666666666,123.0,46.0,35355,0.9512195121951219,0.9456521739130435,135.96999,93085,24.72041682333351
belgium_bru_brussels,2026-06-27,ltm0,fr,16155,15131,3027,145.33709140175796,124.5,47.73018252447147,45.0,0.8350233281493001,belgium,EMEA,EUR,1.1621366666666666,123.0,46.0,35355,1.0121951219512195,0.9782608695652174,144.686015,93085,17.355105548692055
belgium_bru_brussels,2026-06-27,ltm0,it,1134,1052,824,132.50764258555134,115.0,45.84535232384852,44.0,0.7847652790079717,belgium,EMEA,EUR,1.1621366666666666,123.0,46.0,35355,0.9349593495934959,0.9565217391304348,133.64571666666666,93085,1.2182413922758768
belgium_bru_brussels,2026-06-27,ltm0,other,10866,10099,2632,135.62507376968017,115.26,46.58241468307963,43.333333333333336,0.72711943793911,belgium,EMEA,EUR,1.1621366666666666,123.0,46.0,35355,0.9370731707317074,0.9420289855072465,133.9478722,93085,11.673201912230757
belgium_bru_brussels,2026-06-27,ltm0,pt,1044,977,717,129.92691914022518,112.0,46.79761965448403,43.5,0.7707930367504836,belgium,EMEA,EUR,1.1621366666666666,123.0,46.0,35355,0.9105691056910569,0.9456521739130435,130.15930666666665,93085,1.1215555674920772
belgium_bru_brussels,2026-06-27,ltm0,zh_ja_ko,1166,1095,765,132.82714155251142,106.2,45.69380015680667,42.0,0.5524956970740104,belgium,EMEA,EUR,1.1621366666666666,123.0,46.0,35355,0.8634146341463415,0.9130434782608695,123.418914,93085,1.252618574421228
france_auvergne-rhone-alpes_lyon,2026-06-22,ltm0,de,2429,2219,1386,127.1079675529518,110.0,41.88466534892177,39.0,0.8338156262918561,france,EMEA,EUR,1.1621366666666666,121.0,43.0,17762,0.9090909090909091,0.9069767441860465,127.83503333333333,90051,2.6973603846709087
france_auvergne-rhone-alpes_lyon,2026-06-22,ltm0,en,17762,16275,3343,145.63418801843318,121.0,46.521169351440506,43.0,0.8862211174509915,france,EMEA,EUR,1.1621366666666666,121.0,43.0,17762,1.0,1.0,140.61853666666667,90051,19.72437840779114
france_auvergne-rhone-alpes_lyon,2026-06-22,ltm0,es,24889,22960,3953,119.98236324041812,102.71,40.59496619858679,37.25,0.8685649479525295,france,EMEA,EUR,1.1621366666666666,121.0,43.0,17762,0.8488429752066116,0.8662790697674418,119.36305703333332,90051,27.63878246771274
france_auvergne-rhone-alpes_lyon,2026-06-22,ltm0,fr,34075,31499,4070,119.06355312867076,102.71,40.9585736988235,37.66,0.8765227675931402,france,EMEA,EUR,1.1621366666666666,121.0,43.0,17762,0.8488429752066116,0.875813953488372,119.36305703333332,90051,37.83966863221952
france_auvergne-rhone-alpes_lyon,2026-06-22,ltm0,it,426,392,381,117.01890306122448,103.25,39.35423193027211,36.0,0.8702830188679245,france,EMEA,EUR,1.1621366666666666,121.0,43.0,17762,0.8533057851239669,0.8372093023255814,119.99061083333332,90051,0.47306526301762336
france_auvergne-rhone-alpes_lyon,2026-06-22,ltm0,other,9359,8606,2771,115.75834534046014,100.0,41.66662792932401,38.25,0.8636810486073184,france,EMEA,EUR,1.1621366666666666,121.0,43.0,17762,0.8264462809917356,0.8895348837209303,116.21366666666665,90051,10.39299952249281
france_auvergne-rhone-alpes_lyon,2026-06-22,ltm0,pt,375,342,316,114.68184210526316,100.25,37.368480054302424,35.625,0.9168900804289544,france,EMEA,EUR,1.1621366666666666,121.0,43.0,17762,0.8285123966942148,0.8284883720930233,116.50420083333333,90051,0.4164306892760769
france_auvergne-rhone-alpes_lyon,2026-06-22,ltm0,zh_ja_ko,736,675,548,114.76946666666666,95.0,41.19223603762493,37.5825,0.6771545827633378,france,EMEA,EUR,1.1621366666666666,121.0,43.0,17762,0.7851239669421488,0.8740116279069768,110.40298333333332,90051,0.8173146328191803
spain_islas-baleares_mallorca,2026-06-23,ltm0,de,23411,20278,7029,423.2215435447283,297.33,86.37860837469262,71.854375,0.920697583618932,spain,EMEA,EUR,1.1621366666666666,337.33,77.66666666666667,36032,0.8814217531793792,0.9251636266094421,345.53809509999996,89192,26.247869764104404
spain_islas-baleares_mallorca,2026-06-23,ltm0,en,36032,31104,8137,465.7000340792181,337.33,92.35488868917328,77.66666666666667,0.9040258293094088,spain,EMEA,EUR,1.1621366666666666,337.33,77.66666666666667,36032,1.0,1.0,392.0235617666666,89192,40.398241994797736
spain_islas-baleares_mallorca,2026-06-23,ltm0,es,14658,12444,5215,336.61609530697524,231.8,76.02981055341829,63.90599999999999,0.8521384053298947,spain,EMEA,EUR,1.1621366666666666,337.33,77.66666666666667,36032,0.6871609403254973,0.8228240343347638,269.38327933333335,89192,16.4342093461297
spain_islas-baleares_mallorca,2026-06-23,ltm0,fr,4537,3823,2467,299.7041014909757,216.0,75.74914888056112,65.0,0.8367681498829039,spain,EMEA,EUR,1.1621366666666666,337.33,77.66666666666667,36032,0.6403225328313521,0.8369098712446351,251.02151999999998,89192,5.086779083325859
spain_islas-baleares_mallorca,2026-06-23,ltm0,it,718,622,593,409.86909967845656,265.85,81.93646716417737,69.0275,0.8696925329428989,spain,EMEA,EUR,1.1621366666666666,337.33,77.66666666666667,36032,0.7881006729315508,0.8887660944206008,308.9540328333333,89192,0.8050049331778635
spain_islas-baleares_mallorca,2026-06-23,ltm0,other,9134,7579,4370,403.90060957910015,275.2,83.71129760978968,70.0,0.845590839334199,spain,EMEA,EUR,1.1621366666666666,337.33,77.66666666666667,36032,0.8158183381258708,0.9012875536480686,319.82001066666663,89192,10.240828773881066
spain_islas-baleares_mallorca,2026-06-23,ltm0,pt,206,157,152,228.54464968152868,179.0,66.91938248154888,61.3775,0.7023809523809523,spain,EMEA,EUR,1.1621366666666666,337.33,77.66666666666667,36032,0.530637654522278,0.7902682403433475,208.02246333333332,89192,0.23096241815409455
spain_islas-baleares_mallorca,2026-06-23,ltm0,zh_ja_ko,496,405,380,356.2312592592593,255.0,90.1101980011758,78.83333333333333,0.7653508771929824,spain,EMEA,EUR,1.1621366666666666,337.33,77.66666666666667,36032,0.7559363234814573,1.0150214592274678,296.34485,89192,0.5561036864292762
united-states_dc_washington-dc,2026-06-24,ltm0,de,648,613,498,216.69941272430668,192.5,64.98068951163934,58.833333333333336,0.7841614906832298,united-states,NAM,USD,1.0,228.24,63.416666666666664,81202,0.8434104451454609,0.9277266754270698,192.5,89034,0.7278118471595121
united-states_dc_washington-dc,2026-06-24,ltm0,en,81202,77115,4609,272.69170965441225,228.24,71.11675650108013,63.416666666666664,0.8666219672701085,united-states,NAM,USD,1.0,228.24,63.416666666666664,81202,1.0,1.0,228.24,89034,91.20336051396096
united-states_dc_washington-dc,2026-06-24,ltm0,es,2307,2193,1302,230.95440948472412,199.0,65.10048265560629,57.06,0.7359231776516805,united-states,NAM,USD,1.0,228.24,63.416666666666664,81202,0.8718892393971258,0.8997634691195796,199.0,89034,2.5911449558595594
united-states_dc_washington-dc,2026-06-24,ltm0,fr,422,397,361,222.0197481108312,194.0,62.750332089265335,55.73,0.8071428571428572,united-states,NAM,USD,1.0,228.24,63.416666666666664,81202,0.8499824745881528,0.8787910643889619,194.0,89034,0.4739762337983242
united-states_dc_washington-dc,2026-06-24,ltm0,it,105,102,101,255.9658823529412,201.75,68.0354506302521,57.333333333333336,0.7904761904761904,united-states,NAM,USD,1.0,228.24,63.416666666666664,81202,0.8839379600420609,0.9040735873850198,201.75,89034,0.1179324752341802
united-states_dc_washington-dc,2026-06-24,ltm0,other,3522,3309,1795,258.93675430643697,214.5,70.41574569152935,60.666666666666664,0.7576020851433536,united-states,NAM,USD,1.0,228.24,63.416666666666664,81202,0.9398002103049421,0.9566360052562418,214.5,89034,3.9557921692836446
united-states_dc_washington-dc,2026-06-24,ltm0,pt,142,136,127,247.87330882352936,221.195,71.61178647822766,57.585,0.7394366197183099,united-states,NAM,USD,1.0,228.24,63.416666666666664,81202,0.969133368384157,0.908042049934297,221.195,89034,0.1594896331738437
united-states_dc_washington-dc,2026-06-24,ltm0,zh_ja_ko,686,654,538,245.82128440366972,217.0,64.45103660016504,58.86666666666667,0.689051094890511,united-states,NAM,USD,1.0,228.24,63.416666666666664,81202,0.9507535927094286,0.9282522996057819,217.0,89034,0.7704921715299773
united-states_la_new-orleans,2026-06-16,ltm0,de,207,204,184,194.0932843137255,161.25,53.24717361111111,48.0,0.748792270531401,united-states,NAM,USD,1.0,212.0,51.8275,82661,0.7606132075471698,0.9261492450918913,161.25,86856,0.2383255042829511
united-states_la_new-orleans,2026-06-16,ltm0,en,82661,79371,4560,276.4653903818775,212.0,58.60051177384947,51.8275,0.8419602101455517,united-states,NAM,USD,1.0,212.0,51.8275,82661,1.0,1.0,212.0,86856,95.1701667127199
united-states_la_new-orleans,2026-06-16,ltm0,es,711,673,550,206.6629123328381,168.89,51.5650323421007,44.375,0.7276657060518732,united-states,NAM,USD,1.0,212.0,51.8275,82661,0.7966509433962263,0.8562056823115142,168.89,86856,0.8185962973197016
united-states_la_new-orleans,2026-06-16,ltm0,fr,193,185,179,181.02167567567568,159.0,48.63306833976834,43.5,0.7512953367875648,united-states,NAM,USD,1.0,212.0,51.8275,82661,0.75,0.8393227533645266,159.0,86856,0.22220687114304136
united-states_la_new-orleans,2026-06-16,ltm0,it,27,26,27,225.865,184.5,58.270442307692306,54.73,0.7692307692307693,united-states,NAM,USD,1.0,212.0,51.8275,82661,0.8702830188679245,1.0560030871641501,184.5,86856,0.03108593534125449
united-states_la_new-orleans,2026-06-16,ltm0,other,2949,2745,1683,244.19509653916217,193.0,55.36453949891941,47.6,0.7717429889953852,united-states,NAM,USD,1.0,212.0,51.8275,82661,0.910377358490566,0.9184313347161256,193.0,86856,3.3952749378281295
united-states_la_new-orleans,2026-06-16,ltm0,pt,28,26,27,219.68115384615385,169.0,51.0688782051282,46.36,0.7142857142857143,united-states,NAM,USD,1.0,212.0,51.8275,82661,0.7971698113207547,0.8945058125512517,169.0,86856,0.032237266279819474
united-states_la_new-orleans,2026-06-16,ltm0,zh_ja_ko,80,75,78,221.33653333333336,220.25,46.81612222222222,44.03,0.7215189873417721,united-states,NAM,USD,1.0,212.0,51.8275,82661,1.0389150943396226,0.8495489846124162,220.25,86856,0.0921064750851985
australia_qld_sunshine-coast,2026-06-30,ltm0,de,813,756,563,290.5787433862434,248.0,96.65874190602167,89.66666666666666,0.7835178351783518,australia,APAC,AUD,0.7040833333333333,343.4,92.22166666666668,81240,0.7221898660454281,0.9722950138253843,174.61266666666666,86210,0.9430460503421877
australia_qld_sunshine-coast,2026-06-30,ltm0,en,81240,77008,5325,419.4116051579057,343.4,102.43911848225008,92.22166666666668,0.9428729689807976,australia,APAC,AUD,0.7040833333333333,343.4,92.22166666666668,81240,1.0,1.0,241.78221666666664,86210,94.23500753972857
australia_qld_sunshine-coast,2026-06-30,ltm0,es,440,413,358,310.1337288135593,254.5,90.66702608670586,82.8,0.7568181818181818,australia,APAC,AUD,0.7040833333333333,343.4,92.22166666666668,81240,0.7411182294700058,0.8978367339562285,179.1892083333333,86210,0.5103816262614546
australia_qld_sunshine-coast,2026-06-30,ltm0,fr,279,258,237,295.44538759689925,248.0,89.13150715208565,82.5,0.8100358422939068,australia,APAC,AUD,0.7040833333333333,343.4,92.22166666666668,81240,0.7221898660454281,0.8945837023114596,174.61266666666666,86210,0.32362834937942236
australia_qld_sunshine-coast,2026-06-30,ltm0,it,23,22,23,318.1677272727273,277.5,103.35375,97.3275,0.8695652173913043,australia,APAC,AUD,0.7040833333333333,343.4,92.22166666666668,81240,0.8080955154338963,1.0553647913541646,195.38312499999998,86210,0.026679039554576036
australia_qld_sunshine-coast,2026-06-30,ltm0,other,3060,2925,1774,409.00667692307695,341.21,103.63797723014876,92.08333333333331,0.9205882352941176,australia,APAC,AUD,0.7040833333333333,343.4,92.22166666666668,81240,0.993622597553873,0.9984999909638007,240.24027416666664,86210,3.549472219000116
australia_qld_sunshine-coast,2026-06-30,ltm0,zh_ja_ko,339,312,287,365.07935897435897,295.0,88.36817736256798,78.61166666666666,0.799410029498525,australia,APAC,AUD,0.7040833333333333,343.4,92.22166666666668,81240,0.8590564938846826,0.8524207977156487,207.70458333333332,86210,0.3932258438696207
canada_bc_vancouver,2026-06-15,ltm0,de,1790,1769,1066,351.50592425098927,306.0,113.17975247957244,103.375,0.7927374301675978,canada,NAM,CAD,0.7227644635290046,353.2,99.0,74451,0.8663646659116648,1.0441919191919191,221.1659258398754,85170,2.101678994951274
canada_bc_vancouver,2026-06-15,ltm0,en,74451,73126,4310,437.2049923419851,353.2,116.76157158801588,99.0,0.8714573539288113,canada,NAM,CAD,0.7227644635290046,353.2,99.0,74451,1.0,1.0,255.2804085184444,85170,87.41458259950687
canada_bc_vancouver,2026-06-15,ltm0,es,2434,2392,1491,384.04523829431434,330.94,104.36322990709472,92.435,0.8274445357436319,canada,NAM,CAD,0.7227644635290046,353.2,99.0,74451,0.9369762174405436,0.9336868686868687,239.19167156028877,85170,2.8578137841963134
canada_bc_vancouver,2026-06-15,ltm0,fr,957,942,750,361.60761146496816,328.29499999999996,107.69697130809152,97.0,0.8432601880877743,canada,NAM,CAD,0.7227644635290046,353.2,99.0,74451,0.9294875424688561,0.9797979797979798,237.27995955425453,85170,1.1236350827756252
canada_bc_vancouver,2026-06-15,ltm0,it,108,105,102,357.45209523809524,314.0,96.5728306122449,83.33333333333333,0.8055555555555556,canada,NAM,CAD,0.7227644635290046,353.2,99.0,74451,0.8890147225368064,0.8417508417508417,226.94804154810743,85170,0.12680521310320536
canada_bc_vancouver,2026-06-15,ltm0,other,2926,2878,1640,388.242043085476,326.5,105.66725056838864,91.023,0.8085470085470086,canada,NAM,CAD,0.7227644635290046,353.2,99.0,74451,0.92440543601359,0.9194242424242424,235.98259734222,85170,3.4354819772220266
canada_bc_vancouver,2026-06-15,ltm0,pt,134,132,131,395.5684090909091,370.0,106.83782954545455,97.475,0.8880597014925373,canada,NAM,CAD,0.7227644635290046,353.2,99.0,74451,1.0475651189127972,0.9845959595959596,267.42285150573167,85170,0.15733239403545848
canada_bc_vancouver,2026-06-15,ltm0,zh_ja_ko,2370,2317,1298,380.1287613293051,321.81,102.60931187997492,89.77333333333333,0.7016877637130802,canada,NAM,CAD,0.7227644635290046,353.2,99.0,74451,0.9111268403171008,0.9068013468013467,232.59283200826897,85170,2.782669954209229
united-states_tx_dallas,2026-06-15,ltm0,de,150,149,135,242.16120805369124,233.94,59.72863023814366,55.25,0.9,united-states,NAM,USD,1.0,259.0,55.5,78059,0.9032432432432432,0.9954954954954955,233.94,84529,0.177453891563842
united-states_tx_dallas,2026-06-15,ltm0,en,78059,76866,4656,312.15752062030026,259.0,64.6256805191873,55.5,0.9273088508620138,united-states,NAM,USD,1.0,259.0,55.5,78059,1.0,1.0,259.0,84529,92.34582214387962
united-states_tx_dallas,2026-06-15,ltm0,es,1478,1453,1021,285.13748107364074,247.07,56.60430226521968,48.42875,0.8788903924221921,united-states,NAM,USD,1.0,259.0,55.5,78059,0.9539382239382239,0.8725900900900901,247.07,84529,1.7485123448757232
united-states_tx_dallas,2026-06-15,ltm0,fr,132,130,125,254.9072307692308,223.765,58.40414711399711,53.125,0.8712121212121212,united-states,NAM,USD,1.0,259.0,55.5,78059,0.8639575289575289,0.9572072072072072,223.765,84529,0.15615942457618096
united-states_tx_dallas,2026-06-15,ltm0,it,47,46,46,306.5036956521739,290.78499999999997,51.54510799224929,48.83333333333333,0.9787234042553192,united-states,NAM,USD,1.0,259.0,55.5,78059,1.1227220077220077,0.8798798798798798,290.78499999999997,84529,0.05560221935667049
united-states_tx_dallas,2026-06-15,ltm0,other,4399,4320,2056,276.1862453703704,229.0,61.51350626731485,53.065,0.879981780915509,united-states,NAM,USD,1.0,259.0,55.5,78059,0.8841698841698842,0.9561261261261261,229.0,84529,5.204131126595606
united-states_tx_dallas,2026-06-15,ltm0,pt,61,61,58,234.59032786885248,201.0,49.84755437731667,45.406666666666666,0.8852459016393442,united-states,NAM,USD,1.0,259.0,55.5,78059,0.7760617760617761,0.8181381381381382,201.0,84529,0.07216458256929574
united-states_tx_dallas,2026-06-15,ltm0,zh_ja_ko,203,203,182,265.78423645320197,253.0,56.374671827351634,49.07,0.8275862068965517,united-states,NAM,USD,1.0,259.0,55.5,78059,0.9768339768339769,0.8841441441441441,253.0,84529,0.24015426658306616
united-kingdom_england_greater-manchester,2026-06-28,ltm0,de,713,702,570,114.85195156695156,100.5,34.24475759259734,31.5,0.6440677966101694,united-kingdom,EMEA,GBP,1.3458416666666666,118.0,31.083333333333332,74070,0.8516949152542372,1.0134048257372654,135.25708749999998,84331,0.8454779381247702
united-kingdom_england_greater-manchester,2026-06-28,ltm0,en,74070,73188,4913,132.2428038749522,118.0,34.6657852910504,31.083333333333332,0.7867170406207956,united-kingdom,EMEA,GBP,1.3458416666666666,118.0,31.083333333333332,74070,1.0,1.0,158.80931666666666,84331,87.83246967307396
united-kingdom_england_greater-manchester,2026-06-28,ltm0,es,1835,1781,1072,98.35479505895565,85.0,31.89606837465049,29.333333333333332,0.558412520961431,united-kingdom,EMEA,GBP,1.3458416666666666,118.0,31.083333333333332,74070,0.7203389830508474,0.9436997319034852,114.39654166666666,84331,2.175949532200496
united-kingdom_england_greater-manchester,2026-06-28,ltm0,fr,728,713,581,114.49230014025244,99.0,33.280129741109754,30.5,0.7093184979137691,united-kingdom,EMEA,GBP,1.3458416666666666,118.0,31.083333333333332,74070,0.8389830508474576,0.9812332439678284,133.238325,84331,0.8632649915215046
united-kingdom_england_greater-manchester,2026-06-28,ltm0,it,187,186,177,116.09537634408603,108.25,34.12585909789136,31.016,0.6397849462365591,united-kingdom,EMEA,GBP,1.3458416666666666,118.0,31.083333333333332,74070,0.9173728813559322,0.9978337801608579,145.68736041666665,84331,0.22174526567928757
united-kingdom_england_greater-manchester,2026-06-28,ltm0,other,5576,5422,2372,121.46578568793802,108.835,33.01603783176586,29.5,0.7303102625298329,united-kingdom,EMEA,GBP,1.3458416666666666,118.0,31.083333333333332,74070,0.9223305084745762,0.9490616621983915,146.47467779166666,84331,6.61204064934603
united-kingdom_england_greater-manchester,2026-06-28,ltm0,pt,224,220,190,123.86877272727271,112.605,33.702910010822514,32.75,0.8280542986425339,united-kingdom,EMEA,GBP,1.3458416666666666,118.0,31.083333333333332,74070,0.9542796610169492,1.0536193029490617,151.548500875,84331,0.26561999739123215
united-kingdom_england_greater-manchester,2026-06-28,ltm0,zh_ja_ko,998,987,690,98.87971631205674,78.0,32.45750444304092,30.0,0.5020242914979757,united-kingdom,EMEA,GBP,1.3458416666666666,118.0,31.083333333333332,74070,0.6610169491525424,0.96514745308311,104.97565,84331,1.183431952662722
spain_pv_euskadi,2026-06-30,ltm0,de,3474,3365,1825,205.62356612184252,168.0,61.95465278317522,55.156666666666666,0.7056451612903226,spain,EMEA,EUR,1.1621366666666666,231.34,67.5,28885,0.7262038557966629,0.8171358024691358,195.23896,79997,4.34266284985687
spain_pv_euskadi,2026-06-30,ltm0,en,28885,27781,3992,298.9741582376444,231.34,80.44568835635796,67.5,0.7904092027303281,spain,EMEA,EUR,1.1621366666666666,231.34,67.5,28885,1.0,1.0,268.84869646666664,79997,36.10760403515132
spain_pv_euskadi,2026-06-30,ltm0,es,30685,29720,4330,210.04768573351276,169.5,56.729596392678005,49.5,0.7610298916590523,spain,EMEA,EUR,1.1621366666666666,231.34,67.5,28885,0.7326878187948473,0.7333333333333333,196.98216499999998,79997,38.3576884133155
spain_pv_euskadi,2026-06-30,ltm0,fr,7355,7099,2753,219.71254261163543,177.0,60.18671471920928,52.125,0.7718221494817239,spain,EMEA,EUR,1.1621366666666666,231.34,67.5,28885,0.7651076337857698,0.7722222222222223,205.69818999999998,79997,9.194094778554195
spain_pv_euskadi,2026-06-30,ltm0,it,641,627,548,202.03014354066983,164.0,55.56611100400574,47.645,0.7098283931357254,spain,EMEA,EUR,1.1621366666666666,231.34,67.5,28885,0.7089132878015043,0.705851851851852,190.59041333333332,79997,0.8012800480018001
spain_pv_euskadi,2026-06-30,ltm0,other,7908,7598,2942,220.489081337194,171.33,61.381338257644785,52.0,0.6981610653138871,spain,EMEA,EUR,1.1621366666666666,231.34,67.5,28885,0.7405982536526325,0.7703703703703704,199.1088751,79997,9.885370701401303
spain_pv_euskadi,2026-06-30,ltm0,pt,464,453,397,214.5106843267108,174.0,57.951168995463696,50.0,0.8017241379310345,spain,EMEA,EUR,1.1621366666666666,231.34,67.5,28885,0.7521397077894009,0.7407407407407407,202.21177999999998,79997,0.5800217508156555
spain_pv_euskadi,2026-06-30,ltm0,zh_ja_ko,585,572,466,246.96676573426572,204.0,73.26974510905761,63.25,0.611965811965812,spain,EMEA,EUR,1.1621366666666666,231.34,67.5,28885,0.8818189677530907,0.937037037037037,237.07587999999998,79997,0.7312774229033588
france_pyrénées-atlantiques_pays-basque,2026-06-23,ltm0,de,1849,1645,1338,177.97087537993923,139.0,53.82530108795291,46.75,0.7757313109425785,france,EMEA,EUR,1.1621366666666666,160.34,50.9175,8228,0.8669078208806287,0.9181519124073256,161.53699666666665,79186,2.3350087136615056
france_pyrénées-atlantiques_pays-basque,2026-06-23,ltm0,en,8228,7427,3492,224.5084125488084,160.34,58.315086558793006,50.9175,0.8200658295745459,france,EMEA,EUR,1.1621366666666666,160.34,50.9175,8228,1.0,1.0,186.33699313333332,79186,10.390725633319022
france_pyrénées-atlantiques_pays-basque,2026-06-23,ltm0,es,32628,29553,7059,162.01790714986635,125.53,43.87152004349395,38.5,0.8618497819812074,france,EMEA,EUR,1.1621366666666666,160.34,50.9175,8228,0.7828988399650743,0.7561251043354447,145.88301576666666,79186,41.20425327709444
france_pyrénées-atlantiques_pays-basque,2026-06-23,ltm0,fr,30692,27934,6483,142.20987542063435,114.25,42.190480071672816,37.1675,0.8433746736292428,france,EMEA,EUR,1.1621366666666666,160.34,50.9175,8228,0.7125483347885743,0.7299553198801984,132.77411416666666,79186,38.75937665748996
france_pyrénées-atlantiques_pays-basque,2026-06-23,ltm0,it,195,176,186,169.45585227272727,126.665,42.48096543560606,34.25,0.8195876288659794,france,EMEA,EUR,1.1621366666666666,160.34,50.9175,8228,0.789977547711114,0.6726567486620514,147.20204088333332,79186,0.24625565125148385
france_pyrénées-atlantiques_pays-basque,2026-06-23,ltm0,other,5408,4920,2885,148.46743089430893,114.5,43.293841043083496,37.25,0.8016005955704448,france,EMEA,EUR,1.1621366666666666,160.34,50.9175,8228,0.7141075215167768,0.7315755879609173,133.06464833333334,79186,6.829490061374486
france_pyrénées-atlantiques_pays-basque,2026-06-23,ltm0,pt,103,95,101,167.19305263157895,131.33,46.163474561403504,39.0,0.8529411764705882,france,EMEA,EUR,1.1621366666666666,160.34,50.9175,8228,0.8190719720593739,0.7659449108852556,152.62340843333334,79186,0.13007349784052735
france_pyrénées-atlantiques_pays-basque,2026-06-23,ltm0,zh_ja_ko,83,77,68,114.1314285714286,84.83,38.65397835497835,33.5,0.4939759036144578,france,EMEA,EUR,1.1621366666666666,160.34,50.9175,8228,0.5290632406136959,0.6579270388373349,98.58405343333332,79186,0.1048165079685803
norway_oslo_oslo,2026-06-30,ltm0,de,5323,4658,2716,1835.45215757836,1575.0,616.5345364068866,571.0,0.8158932932556829,norway,EMEA,NOK,0.104750958385192,1712.0,583.425,37209,0.9199766355140186,0.9787033466169602,164.9827594566774,78798,6.755247595116628
norway_oslo_oslo,2026-06-30,ltm0,en,37209,33109,6305,1993.404418134042,1712.0,644.7323191621714,583.425,0.7921470611948722,norway,EMEA,NOK,0.104750958385192,1712.0,583.425,37209,1.0,1.0,179.3336407554487,78798,47.220741643188916
norway_oslo_oslo,2026-06-30,ltm0,es,5409,4766,2622,1781.54427822073,1547.0,581.1222093687308,537.2333333333333,0.7835089665372528,norway,EMEA,NOK,0.104750958385192,1712.0,583.425,37209,0.9036214953271028,0.9208267272285785,162.04973262189202,78798,6.864387421000533
norway_oslo_oslo,2026-06-30,ltm0,fr,3153,2750,1955,1834.7430472727272,1590.47,595.4986621764397,555.125,0.845861084681256,norway,EMEA,NOK,0.104750958385192,1712.0,583.425,37209,0.9290128504672898,0.9514933367613662,166.60325678289632,78798,4.001370593162263
norway_oslo_oslo,2026-06-30,ltm0,it,590,525,487,1820.7030476190475,1611.5,576.9849109750567,543.875,0.8389830508474576,norway,EMEA,NOK,0.104750958385192,1712.0,583.425,37209,0.9412967289719626,0.9322106526117325,168.8061694377369,78798,0.7487499682733064
norway_oslo_oslo,2026-06-30,ltm0,other,25367,22464,6574,1991.9311231303416,1734.0,613.0404311075049,567.2,0.8721961603658296,norway,EMEA,NOK,0.104750958385192,1712.0,583.425,37209,1.0128504672897196,0.9721900844153063,181.63816183992293,78798,32.192441432523665
norway_oslo_oslo,2026-06-30,ltm0,pt,185,165,176,1846.8638181818185,1643.5,641.6900318422319,570.75,0.8486486486486486,norway,EMEA,NOK,0.104750958385192,1712.0,583.425,37209,0.9599883177570093,0.9782748425247462,172.15820010606305,78798,0.23477753242468083
norway_oslo_oslo,2026-06-30,ltm0,zh_ja_ko,1562,1452,858,1879.8212396694216,1564.0,569.7677489329044,528.43,0.6094750320102432,norway,EMEA,NOK,0.104750958385192,1712.0,583.425,37209,0.9135514018691588,0.9057376697947466,163.83049891444028,78798,1.9822838143100079
australia_vic_barwon-south-west-vic,2026-06-29,ltm0,de,532,507,356,229.4422287968442,187.0,74.0579293747563,68.5,0.7293233082706767,australia,APAC,AUD,0.7040833333333333,288.0,65.83083333333333,68867,0.6493055555555556,1.0405458435130448,131.66358333333332,74468,0.714400816458076
australia_vic_barwon-south-west-vic,2026-06-29,ltm0,en,68867,65702,5102,335.40553164287235,288.0,74.69872459449924,65.83083333333333,0.9280061567949816,australia,APAC,AUD,0.7040833333333333,288.0,65.83083333333333,68867,1.0,1.0,202.77599999999998,74468,92.4786485470269
australia_vic_barwon-south-west-vic,2026-06-29,ltm0,es,250,240,215,250.82941666666665,209.75,72.1208502583065,63.185,0.796,australia,APAC,AUD,0.7040833333333333,288.0,65.83083333333333,68867,0.7282986111111112,0.9598086003265948,147.68147916666666,74468,0.3357146693881936
australia_vic_barwon-south-west-vic,2026-06-29,ltm0,fr,158,150,136,226.5823333333333,177.5,69.42625661375662,63.5,0.7341772151898734,australia,APAC,AUD,0.7040833333333333,288.0,65.83083333333333,68867,0.6163194444444444,0.9645935921617277,124.97479166666666,74468,0.21217167105333834
australia_vic_barwon-south-west-vic,2026-06-29,ltm0,other,2957,2834,1647,308.85219830628085,261.0,71.6972532334021,63.4,0.8789313493405478,australia,APAC,AUD,0.7040833333333333,288.0,65.83083333333333,68867,0.90625,0.9630745471347013,183.76575,74468,3.9708331095235536
australia_vic_barwon-south-west-vic,2026-06-29,ltm0,zh_ja_ko,1683,1609,709,316.5851895587321,275.5,65.26861631278396,58.5,0.8669043374925728,australia,APAC,AUD,0.7040833333333333,288.0,65.83083333333333,68867,0.9565972222222222,0.8886413408104106,193.97495833333332,74468,2.2600311543213194
united-states_ca_san-francisco,2026-06-14,ltm0,de,816,770,508,266.83446753246756,223.835,85.4057822011322,74.2875,0.4674185463659148,united-states,NAM,USD,1.0,253.5,89.5,64242,0.8829783037475345,0.8300279329608938,223.835,71786,1.1367118936840053
united-states_ca_san-francisco,2026-06-14,ltm0,en,64242,58820,4483,331.600105916355,253.5,105.23436761162496,89.5,0.5964135739416638,united-states,NAM,USD,1.0,253.5,89.5,64242,1.0,1.0,253.5,71786,89.49098710054885
united-states_ca_san-francisco,2026-06-14,ltm0,es,1971,1740,909,259.30514942528737,217.0,80.92675768750726,69.0,0.3691056910569105,united-states,NAM,USD,1.0,253.5,89.5,64242,0.8560157790927022,0.770949720670391,217.0,71786,2.7456607137882036
united-states_ca_san-francisco,2026-06-14,ltm0,fr,482,436,361,273.99743119266054,229.165,85.69406836416641,74.125,0.4935344827586206,united-states,NAM,USD,1.0,253.5,89.5,64242,0.9040039447731755,0.8282122905027933,229.165,71786,0.6714401136711894
united-states_ca_san-francisco,2026-06-14,ltm0,it,65,62,64,244.6122580645161,193.5,82.89553801843319,68.83375000000001,0.3809523809523809,united-states,NAM,USD,1.0,253.5,89.5,64242,0.7633136094674556,0.7690921787709498,193.5,71786,0.09054690329590728
united-states_ca_san-francisco,2026-06-14,ltm0,other,3202,2693,1361,285.24383215744524,217.0,92.99784820731728,77.05,0.4340544312630844,united-states,NAM,USD,1.0,253.5,89.5,64242,0.8560157790927022,0.8608938547486034,217.0,71786,4.46047975928454
united-states_ca_san-francisco,2026-06-14,ltm0,pt,84,73,75,272.2282191780822,242.5,94.00512557077626,74.2875,0.25,united-states,NAM,USD,1.0,253.5,89.5,64242,0.9566074950690335,0.8300279329608938,242.5,71786,0.11701445964394172
united-states_ca_san-francisco,2026-06-14,ltm0,zh_ja_ko,924,879,571,255.1370648464164,208.0,76.18332859796,69.5,0.3814207650273224,united-states,NAM,USD,1.0,253.5,89.5,64242,0.8205128205128205,0.776536312849162,208.0,71786,1.2871590560833588
united-states_or_portland,2026-06-15,ltm0,de,81,79,78,194.99354430379748,154.5,59.11125753465943,55.333333333333336,0.825,united-states,NAM,USD,1.0,177.0,60.0,68457,0.8728813559322034,0.9222222222222223,154.5,70989,0.11410218484553945
united-states_or_portland,2026-06-15,ltm0,en,68457,66320,2965,209.15136987334137,177.0,63.89366541780161,60.0,0.8892784321779056,united-states,NAM,USD,1.0,177.0,60.0,68457,1.0,1.0,177.0,70989,96.43325022186536
united-states_or_portland,2026-06-15,ltm0,es,238,230,194,167.78452173913044,144.25,54.69982644927536,52.5,0.6695278969957081,united-states,NAM,USD,1.0,177.0,60.0,68457,0.8149717514124294,0.875,144.25,70989,0.3352632097930665
united-states_or_portland,2026-06-15,ltm0,fr,36,36,36,188.2186111111111,163.0,59.45036706349207,49.305,0.8055555555555556,united-states,NAM,USD,1.0,177.0,60.0,68457,0.9209039548022598,0.82175,163.0,70989,0.05071208215357309
united-states_or_portland,2026-06-15,ltm0,other,2010,1941,1069,197.585095311695,166.0,61.809769906520295,57.25,0.7976907630522089,united-states,NAM,USD,1.0,177.0,60.0,68457,0.9378531073446328,0.9541666666666667,166.0,70989,2.831424586907831
united-states_or_portland,2026-06-15,ltm0,zh_ja_ko,156,152,138,199.7578289473684,169.235,55.3494405221971,51.425,0.7419354838709677,united-states,NAM,USD,1.0,177.0,60.0,68457,0.956129943502825,0.8570833333333333,169.235,70989,0.2197523559988167
united-states_mn_twin-cities-msa,2026-06-27,ltm0,de,61,56,59,191.3880357142857,150.09,47.40909332482993,39.64583333333333,0.7213114754098361,united-states,NAM,USD,1.0,217.5,48.75,66710,0.6900689655172414,0.8132478632478631,150.09,69697,0.08752170107752127
united-states_mn_twin-cities-msa,2026-06-27,ltm0,en,66710,64298,4196,288.85944663908674,217.5,54.75874427913722,48.75,0.8784256078719607,united-states,NAM,USD,1.0,217.5,48.75,66710,1.0,1.0,217.5,69697,95.7143062111712
united-states_mn_twin-cities-msa,2026-06-27,ltm0,es,388,372,333,209.8591129032258,177.0,44.58916029001614,38.8,0.7881136950904393,united-states,NAM,USD,1.0,217.5,48.75,66710,0.8137931034482758,0.7958974358974359,177.0,69697,0.5566954101324304
united-states_mn_twin-cities-msa,2026-06-27,ltm0,fr,54,52,52,199.7084615384615,141.0,48.04967307692308,45.7925,0.7407407407407407,united-states,NAM,USD,1.0,217.5,48.75,66710,0.6482758620689655,0.9393333333333332,141.0,69697,0.07747822718337949
united-states_mn_twin-cities-msa,2026-06-27,ltm0,other,2341,2228,1364,241.45997307001792,193.76,52.425998585078645,45.63068181818181,0.7874892887746359,united-states,NAM,USD,1.0,217.5,48.75,66710,0.8908505747126436,0.9360139860139859,193.76,69697,3.3588246265979884
united-states_mn_twin-cities-msa,2026-06-27,ltm0,zh_ja_ko,119,110,101,202.7570909090909,154.25,46.93551803751804,43.125,0.6302521008403361,united-states,NAM,USD,1.0,217.5,48.75,66710,0.7091954022988506,0.8846153846153846,154.25,69697,0.17073905620041036
italy_emilia-romagna_bologna,2026-06-26,ltm0,de,5512,5350,2000,147.95707663551403,116.97,45.966494541553985,37.875,0.8370235934664246,italy,EMEA,EUR,1.1621366666666666,130.0,39.5,33557,0.8997692307692308,0.9588607594936709,135.9351259,68135,8.08982167755192
italy_emilia-romagna_bologna,2026-06-26,ltm0,en,33557,32664,3374,175.7067753490081,130.0,52.07297957798454,39.5,0.8685215005665892,italy,EMEA,EUR,1.1621366666666666,130.0,39.5,33557,1.0,1.0,151.07776666666666,68135,49.25075218316577
italy_emilia-romagna_bologna,2026-06-26,ltm0,es,11822,11442,2759,136.70570966614227,109.0,41.484807756606656,35.833333333333336,0.7927737349805382,italy,EMEA,EUR,1.1621366666666666,130.0,39.5,33557,0.8384615384615385,0.9071729957805907,126.67289666666666,68135,17.35084758200631
italy_emilia-romagna_bologna,2026-06-26,ltm0,fr,2758,2685,1447,162.93381750465548,117.0,48.39167554166297,36.1675,0.8726877040261154,italy,EMEA,EUR,1.1621366666666666,130.0,39.5,33557,0.9,0.915632911392405,135.96999,68135,4.047846187715565
italy_emilia-romagna_bologna,2026-06-26,ltm0,it,4338,4196,1745,130.42336987607243,108.41,40.71722806122222,34.666666666666664,0.8213050495734379,italy,EMEA,EUR,1.1621366666666666,130.0,39.5,33557,0.8339230769230769,0.8776371308016877,125.98723603333332,68135,6.366771850003669
italy_emilia-romagna_bologna,2026-06-26,ltm0,other,9060,8788,2571,140.3570801092399,112.0,43.12340292467483,36.625,0.7996686913307565,italy,EMEA,EUR,1.1621366666666666,130.0,39.5,33557,0.8615384615384616,0.9272151898734177,130.15930666666665,68135,13.297130696411536
italy_emilia-romagna_bologna,2026-06-26,ltm0,pt,480,465,408,138.84890322580645,115.0,39.85596746885135,35.333333333333336,0.8455114822546973,italy,EMEA,EUR,1.1621366666666666,130.0,39.5,33557,0.8846153846153846,0.8945147679324895,133.64571666666666,68135,0.704483745505247
italy_emilia-romagna_bologna,2026-06-26,ltm0,zh_ja_ko,608,592,484,129.6166891891892,110.5,41.19453685381811,36.41666666666667,0.7006578947368421,italy,EMEA,EUR,1.1621366666666666,130.0,39.5,33557,0.85,0.9219409282700423,128.41610166666666,68135,0.8923460776399794
taiwan_northern-taiwan_taipei,2026-06-30,ltm0,de,623,616,517,2669.45987012987,2201.5150000000003,865.0433332460739,798.0841666666668,0.8041733547351525,taiwan,APAC,TWD,0.0315053863685924,2647.5,713.25,38568,0.8315448536355053,1.1189402967636408,69.35958067125172,66756,0.9332494457427047
taiwan_northern-taiwan_taipei,2026-06-30,ltm0,en,38568,38105,4094,3442.149299566986,2647.5,838.9447068297385,713.25,0.8922941298485791,taiwan,APAC,TWD,0.0315053863685924,2647.5,713.25,38568,1.0,1.0,83.41051041084839,66756,57.77458206003955
taiwan_northern-taiwan_taipei,2026-06-30,ltm0,es,645,633,559,2443.1478830963665,2054.5,796.3151189877789,727.50125,0.7875968992248062,taiwan,APAC,TWD,0.0315053863685924,2647.5,713.25,38568,0.7760151085930123,1.019980722046968,64.7278162942731,66756,0.9662052849182096
taiwan_northern-taiwan_taipei,2026-06-30,ltm0,fr,473,467,423,2954.317580299786,2225.5,1047.9768849036402,761.055,0.8414376321353065,taiwan,APAC,TWD,0.0315053863685924,2647.5,713.25,38568,0.840604343720491,1.067024185068349,70.1152373633024,66756,0.7085505422733537
taiwan_northern-taiwan_taipei,2026-06-30,ltm0,it,31,31,31,2498.601935483871,2025.0,804.6463306451614,796.29,0.8387096774193549,taiwan,APAC,TWD,0.0315053863685924,2647.5,713.25,38568,0.7648725212464589,1.1164248159831756,63.79840739639962,66756,0.046437773383665885
taiwan_northern-taiwan_taipei,2026-06-30,ltm0,other,2961,2930,1666,2971.8147030716723,2390.3050000000003,731.1866163013228,637.375,0.850388382303276,taiwan,APAC,TWD,0.0315053863685924,2647.5,713.25,38568,0.9028536355051937,0.8936207500876271,75.30748256377828,66756,4.43555635448499
taiwan_northern-taiwan_taipei,2026-06-30,ltm0,zh_ja_ko,23441,23223,3524,3420.8059255910093,2674.92,805.5259627317957,684.75,0.8455270679578516,taiwan,APAC,TWD,0.0315053863685924,2647.5,713.25,38568,1.010356940509915,0.9600420609884333,84.27438810507519,66756,35.114446641500386
canada_nb_new-brunswick,2026-06-30,ltm0,de,319,311,260,226.90900321543407,204.5,62.99125681365794,56.0,0.8652037617554859,canada,NAM,CAD,0.7227644635290046,223.0,56.4375,50327,0.9170403587443946,0.9922480620155039,147.80533279168145,63252,0.5043318788338709
canada_nb_new-brunswick,2026-06-30,ltm0,en,50327,48434,3408,257.5897613246893,223.0,63.615984139207335,56.4375,0.9242553698809785,canada,NAM,CAD,0.7227644635290046,223.0,56.4375,50327,1.0,1.0,161.17647536696802,63252,79.56586353000695
canada_nb_new-brunswick,2026-06-30,ltm0,es,4377,4170,1835,252.4463333333333,219.71,58.65838561892411,52.66,0.9106694082705048,canada,NAM,CAD,0.7227644635290046,223.0,56.4375,50327,0.9852466367713005,0.9330675526024362,158.7985802819576,63252,6.919939290457219
canada_nb_new-brunswick,2026-06-30,ltm0,fr,5047,4832,1847,224.57556912251653,197.0,57.10299979316409,51.0,0.905092133940955,canada,NAM,CAD,0.7227644635290046,223.0,56.4375,50327,0.8834080717488789,0.9036544850498339,142.3845993152139,63252,7.979194333776007
canada_nb_new-brunswick,2026-06-30,ltm0,other,3016,2869,1483,237.0687312652492,202.75,58.870937098507206,51.5,0.879973474801061,canada,NAM,CAD,0.7227644635290046,223.0,56.4375,50327,0.9091928251121076,0.9125138427464009,146.54049498050568,63252,4.7682286726111425
canada_nb_new-brunswick,2026-06-30,ltm0,zh_ja_ko,148,142,127,206.70654929577464,178.0,48.67435840040242,44.375,0.7837837837837838,canada,NAM,CAD,0.7227644635290046,223.0,56.4375,50327,0.7982062780269058,0.7862679955703211,128.65207450816283,63252,0.23398469613609055
australia_nsw_northern-rivers,2026-06-24,ltm0,de,647,625,434,261.46862400000003,228.24,97.59607271746032,87.5,0.732612055641422,australia,APAC,AUD,0.7040833333333333,302.5,92.866,59380,0.7545123966942149,0.9422178192233972,160.69997999999998,63226,1.0233131939392022
australia_nsw_northern-rivers,2026-06-24,ltm0,en,59380,57365,4455,402.31147563845553,302.5,101.6828747040463,92.866,0.9143482654092286,australia,APAC,AUD,0.7040833333333333,302.5,92.866,59380,1.0,1.0,212.9852083333333,63226,93.91705943757314
australia_nsw_northern-rivers,2026-06-24,ltm0,es,361,345,305,339.7736811594203,239.0,94.81450424430642,83.3,0.7285318559556787,australia,APAC,AUD,0.7040833333333333,302.5,92.866,59380,0.7900826446280992,0.896991363900674,168.27591666666666,63226,0.5709676398949799
australia_nsw_northern-rivers,2026-06-24,ltm0,fr,186,177,153,257.90525423728815,209.33,86.87260492332527,81.25,0.6989247311827957,australia,APAC,AUD,0.7040833333333333,302.5,92.866,59380,0.6920000000000001,0.8749165464217259,147.38576416666666,63226,0.2941827729098788
australia_nsw_northern-rivers,2026-06-24,ltm0,other,2334,2259,1385,371.3937361664453,279.59,97.1158873832564,87.5,0.8774635818337618,australia,APAC,AUD,0.7040833333333333,302.5,92.866,59380,0.9242644628099173,0.9422178192233972,196.85465916666664,63226,3.6915193116755765
australia_nsw_northern-rivers,2026-06-24,ltm0,zh_ja_ko,289,277,226,284.96985559566787,223.0,82.88527835081085,75.0,0.7681660899653979,australia,APAC,AUD,0.7040833333333333,302.5,92.866,59380,0.7371900826446282,0.8076152736200547,157.01058333333333,63226,0.4570904374782526
united-states_co_denver,2026-06-30,ltm0,de,100,96,88,222.99791666666667,175.5,69.88261197916667,62.5,0.71,united-states,NAM,USD,1.0,227.5,63.905,59741,0.7714285714285715,0.9780142398873327,175.5,62443,0.16014605320051886
united-states_co_denver,2026-06-30,ltm0,en,59741,56809,3546,288.27126423630057,227.5,71.7981720501657,63.905,0.8648499170395696,united-states,NAM,USD,1.0,227.5,63.905,59741,1.0,1.0,227.5,62443,95.67285364252199
united-states_co_denver,2026-06-30,ltm0,es,533,495,412,243.8940606060606,193.0,60.759435757788786,54.6,0.7296786389413988,united-states,NAM,USD,1.0,227.5,63.905,59741,0.8483516483516483,0.8543932399655739,193.0,62443,0.8535784635587655
united-states_co_denver,2026-06-30,ltm0,fr,82,80,77,487.918875,162.485,114.83707792658733,50.25,0.7317073170731707,united-states,NAM,USD,1.0,227.5,63.905,59741,0.7142197802197803,0.7863234488694155,162.485,62443,0.1313197636244255
united-states_co_denver,2026-06-30,ltm0,other,1865,1762,1099,280.79791713961407,212.0,70.81642002283724,62.25,0.765625,united-states,NAM,USD,1.0,227.5,63.905,59741,0.9318681318681319,0.9741021829277834,212.0,62443,2.986723892189677
united-states_co_denver,2026-06-30,ltm0,zh_ja_ko,97,92,93,250.38706521739132,187.8,63.96214021621495,60.855,0.6804123711340206,united-states,NAM,USD,1.0,227.5,63.905,59741,0.8254945054945055,0.952272905093498,187.8,62443,0.1553416716045033
united-states_ri_rhode-island,2026-06-30,ltm0,de,127,119,112,290.1874789915966,241.0,79.9358519407763,66.625,0.7637795275590551,united-states,NAM,USD,1.0,347.5,87.5,59064,0.6935251798561151,0.7614285714285715,241.0,61802,0.2054949678003948
united-states_ri_rhode-island,2026-06-30,ltm0,en,59064,57067,4273,461.8982799165893,347.5,102.38105097619167,87.5,0.8410991839084352,united-states,NAM,USD,1.0,347.5,87.5,59064,1.0,1.0,347.5,61802,95.569722662697
united-states_ri_rhode-island,2026-06-30,ltm0,es,364,352,284,304.80582386363636,223.55,71.23945231126197,55.04875,0.7582417582417582,united-states,NAM,USD,1.0,347.5,87.5,59064,0.6433093525179856,0.6291285714285714,223.55,61802,0.5889777029869584
united-states_ri_rhode-island,2026-06-30,ltm0,fr,88,87,79,262.8648275862069,220.25,66.60968062397373,56.57142857142857,0.6818181818181818,united-states,NAM,USD,1.0,347.5,87.5,59064,0.6338129496402878,0.6465306122448979,220.25,61802,0.142390213908935
united-states_ri_rhode-island,2026-06-30,ltm0,other,2011,1956,1186,378.933645194274,270.54,92.26619271788482,76.4075,0.7414221780208852,united-states,NAM,USD,1.0,347.5,87.5,59064,0.7785323741007195,0.8732285714285715,270.54,61802,3.2539400019416846
united-states_ri_rhode-island,2026-06-30,ltm0,zh_ja_ko,121,116,107,291.175775862069,250.25,72.03397380206,62.9525,0.6776859504132231,united-states,NAM,USD,1.0,347.5,87.5,59064,0.7201438848920864,0.7194571428571429,250.25,61802,0.1957865441247856
canada_bc_victoria,2026-06-29,ltm0,de,909,868,559,296.62335253456223,237.18,91.49760185091408,82.805,0.812981298129813,canada,NAM,CAD,0.7227644635290046,278.5,87.0,53440,0.8516337522441652,0.9517816091954023,171.4252754598093,57597,1.5782071982915777
canada_bc_victoria,2026-06-29,ltm0,en,53440,51730,2560,349.047934467427,278.5,97.84203422963724,87.0,0.875318113772455,canada,NAM,CAD,0.7227644635290046,278.5,87.0,53440,1.0,1.0,201.28990309282779,57597,92.78261020539264
canada_bc_victoria,2026-06-29,ltm0,es,644,620,492,296.9165967741936,235.5,84.93586161034307,78.5,0.781055900621118,canada,NAM,CAD,0.7227644635290046,278.5,87.0,53440,0.8456014362657092,0.9022988505747126,170.21103116108057,57597,1.1181137906488186
canada_bc_victoria,2026-06-29,ltm0,fr,487,464,347,262.99400862068967,226.835,82.5874634133826,76.0625,0.8418891170431212,canada,NAM,CAD,0.7227644635290046,278.5,87.0,53440,0.8144883303411131,0.8742816091954023,163.94827708460176,57597,0.8455301491397121
canada_bc_victoria,2026-06-29,ltm0,it,26,22,25,401.2609090909091,312.0,95.39753787878789,80.25,0.7307692307692307,canada,NAM,CAD,0.7227644635290046,278.5,87.0,53440,1.1202872531418313,0.9224137931034483,225.50251262104942,57597,0.04514123999513864
canada_bc_victoria,2026-06-29,ltm0,other,1716,1667,963,318.3320455908818,257.0,93.46980173276032,82.33333333333333,0.7768065268065268,canada,NAM,CAD,0.7227644635290046,278.5,87.0,53440,0.9228007181328546,0.946360153256705,185.7504671269542,57597,2.97932183967915
canada_bc_victoria,2026-06-29,ltm0,zh_ja_ko,366,359,283,328.67557103064064,243.41,84.96179400450988,79.75,0.6666666666666666,canada,NAM,CAD,0.7227644635290046,278.5,87.0,53440,0.8740035906642729,0.9166666666666666,175.92809806759502,57597,0.63544976300849
australia_nsw_mid-north-coast,2026-06-19,ltm0,de,479,462,322,211.65155844155845,189.0,73.97885137085137,70.85,0.7849686847599165,australia,APAC,AUD,0.7040833333333333,260.0,68.0,53928,0.7269230769230769,1.0419117647058822,133.07174999999998,57223,0.8370760009087255
australia_nsw_mid-north-coast,2026-06-19,ltm0,en,53928,52194,3955,314.37768057631143,260.0,76.01348707049625,68.0,0.9340787716955942,australia,APAC,AUD,0.7040833333333333,260.0,68.0,53928,1.0,1.0,183.06166666666667,57223,94.24182583926044
australia_nsw_mid-north-coast,2026-06-19,ltm0,es,177,172,140,216.4727906976744,194.0,60.777741071428565,57.14583333333333,0.768361581920904,australia,APAC,AUD,0.7040833333333333,260.0,68.0,53928,0.7461538461538462,0.8403799019607843,136.59216666666666,57223,0.3093161840518673
australia_nsw_mid-north-coast,2026-06-19,ltm0,fr,142,137,109,182.6305109489051,171.5,61.151449513382,55.75,0.7183098591549296,australia,APAC,AUD,0.7040833333333333,260.0,68.0,53928,0.6596153846153846,0.8198529411764706,120.75029166666666,57223,0.2481519668664698
australia_nsw_mid-north-coast,2026-06-19,ltm0,other,2064,1997,1207,295.3286830245368,243.5,72.98901481570786,65.5,0.9050387596899224,australia,APAC,AUD,0.7040833333333333,260.0,68.0,53928,0.9365384615384615,0.9632352941176471,171.44429166666666,57223,3.6069412648760113
australia_nsw_mid-north-coast,2026-06-19,ltm0,zh_ja_ko,421,410,269,271.04226829268293,237.5,62.345986660561664,58.5,0.833729216152019,australia,APAC,AUD,0.7040833333333333,260.0,68.0,53928,0.9134615384615384,0.8602941176470589,167.21979166666665,57223,0.7357181552872097
united-states_ca_santa-clara-county,2026-06-28,ltm0,de,175,168,154,256.16059523809525,218.32,80.25200935473256,70.5,0.6057142857142858,united-states,NAM,USD,1.0,231.0,71.0,49010,0.9451082251082251,0.9929577464788732,218.32,54281,0.32239641863635526
united-states_ca_santa-clara-county,2026-06-28,ltm0,en,49010,46975,4350,308.14942799361364,231.0,90.7361535425452,71.0,0.6819834170649022,united-states,NAM,USD,1.0,231.0,71.0,49010,1.0,1.0,231.0,54281,90.28941987067297
united-states_ca_santa-clara-county,2026-06-28,ltm0,es,735,707,552,256.62704384724185,207.81,66.09865268812989,58.5,0.5757162346521146,united-states,NAM,USD,1.0,231.0,71.0,49010,0.8996103896103896,0.823943661971831,207.81,54281,1.354064958272692
united-states_ca_santa-clara-county,2026-06-28,ltm0,fr,61,57,57,241.2038596491228,227.33,66.49168474215843,58.5,0.5409836065573771,united-states,NAM,USD,1.0,231.0,71.0,49010,0.9841125541125542,0.823943661971831,227.33,54281,0.11237818021038669
united-states_ca_santa-clara-county,2026-06-28,ltm0,it,31,28,31,302.1692857142857,283.5,70.34865006868132,65.435,0.7419354838709677,united-states,NAM,USD,1.0,231.0,71.0,49010,1.2272727272727273,0.9216197183098592,283.5,54281,0.05711022272986865
united-states_ca_santa-clara-county,2026-06-28,ltm0,other,2928,2802,1535,287.64245895788724,206.905,91.376425054271,67.2,0.5538829969209716,united-states,NAM,USD,1.0,231.0,71.0,49010,0.8956926406926407,0.9464788732394367,206.905,54281,5.394152650098561
united-states_ca_santa-clara-county,2026-06-28,ltm0,pt,21,21,21,221.51428571428573,155.0,71.38798701298701,64.9,0.7142857142857143,united-states,NAM,USD,1.0,231.0,71.0,49010,0.670995670995671,0.9140845070422536,155.0,54281,0.03868757023636263
united-states_ca_santa-clara-county,2026-06-28,ltm0,zh_ja_ko,1320,1264,926,318.1295094936709,259.6,80.40626970984141,69.49597222222222,0.634090909090909,united-states,NAM,USD,1.0,231.0,71.0,49010,1.1238095238095238,0.978816510172144,259.6,54281,2.431790129142794
greece_central-macedonia_thessaloniki,2026-06-29,ltm0,de,4035,3961,1656,81.82475132542288,71.0,23.83195592225105,21.0,0.9866171003717472,greece,EMEA,EUR,1.1621366666666666,71.37,20.7,19672,0.9948157489141095,1.0144927536231885,82.51170333333333,54012,7.470562097311708
greece_central-macedonia_thessaloniki,2026-06-29,ltm0,en,19672,19283,3133,81.23045065601825,71.37,23.23696701694993,20.7,0.9859699064660432,greece,EMEA,EUR,1.1621366666666666,71.37,20.7,19672,1.0,1.0,82.9416939,54012,36.42153595497297
greece_central-macedonia_thessaloniki,2026-06-29,ltm0,es,1281,1254,853,75.6610606060606,68.25,21.69092476602345,19.6275,0.9781420765027322,greece,EMEA,EUR,1.1621366666666666,71.37,20.7,19672,0.9562841530054644,0.9481884057971015,79.3158275,54012,2.3716951788491447
greece_central-macedonia_thessaloniki,2026-06-29,ltm0,fr,865,844,652,76.71707345971564,69.0,22.32971342529903,20.4225,0.9884393063583816,greece,EMEA,EUR,1.1621366666666666,71.37,20.7,19672,0.9667927700714586,0.9865942028985507,80.18742999999999,54012,1.601495963859883
greece_central-macedonia_thessaloniki,2026-06-29,ltm0,it,167,163,160,73.70576687116565,64.0,20.26947027461291,18.7575,0.9880239520958084,greece,EMEA,EUR,1.1621366666666666,71.37,20.7,19672,0.896735322964831,0.9061594202898551,74.37674666666666,54012,0.309190550248093
greece_central-macedonia_thessaloniki,2026-06-29,ltm0,other,27752,27263,3424,72.3657359791659,64.5,21.951828681073703,19.788,0.9849740559238974,greece,EMEA,EUR,1.1621366666666666,71.37,20.7,19672,0.9037410676754939,0.9559420289855073,74.957815,54012,51.38117455380286
greece_central-macedonia_thessaloniki,2026-06-29,ltm0,pt,110,108,97,74.69444444444444,68.5,21.228993055555552,20.5,0.990909090909091,greece,EMEA,EUR,1.1621366666666666,71.37,20.7,19672,0.9597870253607957,0.9903381642512078,79.60636166666666,54012,0.203658446271199
greece_central-macedonia_thessaloniki,2026-06-29,ltm0,zh_ja_ko,130,128,124,77.89828125,68.16499999999999,21.56034991939484,20.4825,0.9307692307692308,greece,EMEA,EUR,1.1621366666666666,71.37,20.7,19672,0.9550931764046516,0.9894927536231886,79.21704588333331,54012,0.24068725468414426
united-states_ma_boston,2026-06-15,ltm0,de,320,311,254,310.1078135048231,280.5,95.96371248660236,85.3325,0.6792452830188679,united-states,NAM,USD,1.0,319.0,99.855,47157,0.8793103448275862,0.8545641179710579,280.5,52481,0.6097444789542882
united-states_ma_boston,2026-06-15,ltm0,en,47157,46268,2710,375.0999872482061,319.0,111.49675150227073,99.855,0.7769790311226775,united-states,NAM,USD,1.0,319.0,99.855,47157,1.0,1.0,319.0,52481,89.85537623139803
united-states_ma_boston,2026-06-15,ltm0,es,1499,1466,863,324.59281718963166,285.1,106.18172512593326,94.075,0.7078576225654802,united-states,NAM,USD,1.0,319.0,99.855,47157,0.8937304075235111,0.9421160682990336,285.1,52481,2.856271793601494
united-states_ma_boston,2026-06-15,ltm0,fr,383,375,301,329.17962666666665,288.0,95.4777785920746,82.0,0.7559055118110236,united-states,NAM,USD,1.0,319.0,99.855,47157,0.9028213166144201,0.8211907265535026,288.0,52481,0.7297879232484137
united-states_ma_boston,2026-06-15,ltm0,it,47,46,47,291.2360869565218,238.44,94.07099801587302,88.15,0.6382978723404256,united-states,NAM,USD,1.0,319.0,99.855,47157,0.7474608150470219,0.8827800310450153,238.44,52481,0.08955622034641109
united-states_ma_boston,2026-06-15,ltm0,other,2406,2344,1162,337.7522909556314,296.355,109.6223170523364,97.0,0.6739587715607909,united-states,NAM,USD,1.0,319.0,99.855,47157,0.9290125391849531,0.9714085423864603,296.355,52481,4.584516301137555
united-states_ma_boston,2026-06-15,ltm0,pt,98,97,94,304.990206185567,285.1,103.43198852951171,93.6425,0.7244897959183674,united-states,NAM,USD,1.0,319.0,99.855,47157,0.8937304075235111,0.9377847879425166,285.1,52481,0.18673424667975078
united-states_ma_boston,2026-06-15,ltm0,zh_ja_ko,571,564,453,347.05859929078014,292.0,102.92986228773196,89.92333333333335,0.702276707530648,united-states,NAM,USD,1.0,319.0,99.855,47157,0.9153605015673981,0.9005391150501562,292.0,52481,1.088012804634058
united-states_nc_asheville,2026-06-25,ltm0,de,35,33,35,201.5621212121212,170.5,56.69448412698412,56.49,0.7428571428571429,united-states,NAM,USD,1.0,212.0,56.125,48633,0.8042452830188679,1.0065033407572384,170.5,50201,0.06971972669867134
united-states_nc_asheville,2026-06-25,ltm0,en,48633,47765,2272,273.9513564325343,212.0,62.10060093364014,56.125,0.922951965783846,united-states,NAM,USD,1.0,212.0,56.125,48633,1.0,1.0,212.0,50201,96.87655624389953
united-states_nc_asheville,2026-06-25,ltm0,es,177,173,143,246.1271676300578,217.0,45.53460881259075,41.142857142857146,0.8587570621468926,united-states,NAM,USD,1.0,212.0,56.125,48633,1.0235849056603774,0.7330575882914413,217.0,50201,0.3525826178761379
united-states_nc_asheville,2026-06-25,ltm0,other,1311,1288,779,252.6134239130435,199.665,60.198990959739014,52.8485,0.858886346300534,united-states,NAM,USD,1.0,212.0,56.125,48633,0.941816037735849,0.9416213808463252,199.665,50201,2.611501762913089
united-states_nc_asheville,2026-06-25,ltm0,zh_ja_ko,27,26,25,298.1884615384615,239.5,47.80310181805374,46.14285714285714,0.7777777777777778,united-states,NAM,USD,1.0,212.0,56.125,48633,1.1297169811320755,0.8221444479796373,239.5,50201,0.05378378916754646
united-states_oh_columbus,2026-06-29,ltm0,de,20,19,20,153.14947368421053,148.35,39.35856140350877,38.0,0.85,united-states,NAM,USD,1.0,191.0,41.4375,46674,0.7767015706806283,0.9170437405731523,148.35,49455,0.04044080477201496
united-states_oh_columbus,2026-06-29,ltm0,en,46674,45083,2343,228.24586052392257,191.0,47.74194305588003,41.4375,0.8917812915113339,united-states,NAM,USD,1.0,191.0,41.4375,46674,1.0,1.0,191.0,49455,94.37670609645131
united-states_oh_columbus,2026-06-29,ltm0,es,413,392,321,196.97086734693875,182.75,37.836093234854715,33.93055555555556,0.8329297820823245,united-states,NAM,USD,1.0,191.0,41.4375,46674,0.9568062827225131,0.8188369364839954,182.75,49455,0.835102618542109
united-states_oh_columbus,2026-06-29,ltm0,fr,51,48,51,175.489375,156.58499999999998,48.13926016865079,43.33333333333333,0.8431372549019608,united-states,NAM,USD,1.0,191.0,41.4375,46674,0.8198167539267015,1.045751633986928,156.58499999999998,49455,0.10312405216863815
united-states_oh_columbus,2026-06-29,ltm0,it,24,24,24,168.85541666666666,139.25,35.366722387566135,35.03125,0.7916666666666666,united-states,NAM,USD,1.0,191.0,41.4375,46674,0.7290575916230366,0.8453996983408748,139.25,49455,0.048528965726417954
united-states_oh_columbus,2026-06-29,ltm0,other,2159,2077,1087,198.0910977371209,168.04,45.618709194739886,39.435,0.7980546549328392,united-states,NAM,USD,1.0,191.0,41.4375,46674,0.8797905759162303,0.9516742081447964,168.04,49455,4.365584875139016
united-states_oh_columbus,2026-06-29,ltm0,zh_ja_ko,101,99,94,156.34131313131314,126.25,41.64610798460798,36.25,0.6039603960396039,united-states,NAM,USD,1.0,191.0,41.4375,46674,0.6609947643979057,0.8748114630467572,126.25,49455,0.20422606409867555
germany_bv_munich,2026-06-29,ltm0,de,12833,11606,2519,165.4102042047217,125.0,60.419377193580395,53.0,0.5897617362585515,germany,EMEA,EUR,1.1621366666666666,157.0,59.0,22891,0.7961783439490446,0.8983050847457628,145.26708333333332,49239,26.062673896707896
germany_bv_munich,2026-06-29,ltm0,en,22891,20603,3207,222.23240887249432,157.0,68.72954406683127,59.0,0.6854604626616237,germany,EMEA,EUR,1.1621366666666666,157.0,59.0,22891,1.0,1.0,182.45545666666666,49239,46.48957127480249
germany_bv_munich,2026-06-29,ltm0,es,3916,3459,1518,172.90565481352994,132.0,58.756972958324,52.0,0.608979378752284,germany,EMEA,EUR,1.1621366666666666,157.0,59.0,22891,0.8407643312101911,0.8813559322033898,153.40204,49239,7.953045350230508
germany_bv_munich,2026-06-29,ltm0,fr,1380,1233,856,191.29682887266827,140.0,60.117820599547784,52.25,0.7125091441111924,germany,EMEA,EUR,1.1621366666666666,157.0,59.0,22891,0.89171974522293,0.885593220338983,162.69913333333332,49239,2.8026564308779625
germany_bv_munich,2026-06-29,ltm0,it,450,390,360,195.37982051282052,140.0,59.58508867336368,52.25,0.6831460674157304,germany,EMEA,EUR,1.1621366666666666,157.0,59.0,22891,0.89171974522293,0.885593220338983,162.69913333333332,49239,0.9139097057210748
germany_bv_munich,2026-06-29,ltm0,other,6011,5380,1710,175.90246468401486,131.67,61.21392099694503,53.4175,0.6197686287853011,germany,EMEA,EUR,1.1621366666666666,157.0,59.0,22891,0.8386624203821655,0.9053813559322034,153.01853489999996,49239,12.2078027579764
germany_bv_munich,2026-06-29,ltm0,pt,328,305,231,170.01160655737706,136.0,59.02280867811606,55.75,0.6614906832298136,germany,EMEA,EUR,1.1621366666666666,157.0,59.0,22891,0.8662420382165605,0.9449152542372882,158.05058666666665,49239,0.6661386299478056
germany_bv_munich,2026-06-29,ltm0,zh_ja_ko,1430,1305,757,162.7990727969349,125.0,57.573811383401605,50.5,0.4658210007047216,germany,EMEA,EUR,1.1621366666666666,157.0,59.0,22891,0.7961783439490446,0.8559322033898306,145.26708333333332,49239,2.9042019537358597
kenya_nairobi_nairobi,2026-06-15,ltm0,de,668,662,507,7947.037009063444,6797.0,2830.343179722342,2512.5,0.938622754491018,kenya,EMEA,KES,,5912.0,2364.483,42705,1.1496955345060893,1.0626001540294432,,48458,1.3785133517685417
kenya_nairobi_nairobi,2026-06-15,ltm0,en,42705,42482,5973,7261.4907946895155,5912.0,2623.2311638260303,2364.483,0.9632127385552044,kenya,EMEA,KES,,5912.0,2364.483,42705,1.0,1.0,,48458,88.12786330430475
kenya_nairobi_nairobi,2026-06-15,ltm0,es,541,538,443,7861.410371747213,6650.335,2757.5077969780114,2465.25,0.9463955637707948,kenya,EMEA,KES,,5912.0,2364.483,42705,1.1248875169147496,1.042616927252173,,48458,1.1164307235131454
kenya_nairobi_nairobi,2026-06-15,ltm0,fr,508,502,412,7620.8775298804785,6946.0,2719.270375498008,2585.75,0.966535433070866,kenya,EMEA,KES,,5912.0,2364.483,42705,1.1748985115020298,1.0935794421021423,,48458,1.0483305130215856
kenya_nairobi_nairobi,2026-06-15,ltm0,it,43,41,40,7804.149512195122,7094.0,2762.2079634146344,3066.5,0.9069767441860463,kenya,EMEA,KES,,5912.0,2364.483,42705,1.1999323410013532,1.29690084470897,,48458,0.08873663791324446
kenya_nairobi_nairobi,2026-06-15,ltm0,other,3625,3605,1999,6702.517104022191,5172.0,2546.685891886269,2172.0,0.9580689655172414,kenya,EMEA,KES,,5912.0,2364.483,42705,0.874830852503383,0.9185940436027664,,48458,7.480704940360725
kenya_nairobi_nairobi,2026-06-15,ltm0,zh_ja_ko,349,349,284,7115.963782234957,5320.0,2507.8584825123935,2069.0,0.9197707736389684,kenya,EMEA,KES,,5912.0,2364.483,42705,0.8998646820027063,0.8750327238554897,,48458,0.7202113170167981
italy_trentino-alto-adige-südtirol_trentino,2026-06-30,ltm0,de,8507,7846,2902,214.9452255926587,149.70999999999998,53.02947566046517,41.24875,0.872795673642135,italy,EMEA,EUR,1.1621366666666666,158.0,40.5,13317,0.9475316455696201,1.0184876543209878,173.98348036666664,47239,18.008425241855246
italy_trentino-alto-adige-südtirol_trentino,2026-06-30,ltm0,en,13317,12234,4217,221.97056563675,158.0,51.67366190981311,40.5,0.8736478365384616,italy,EMEA,EUR,1.1621366666666666,158.0,40.5,13317,1.0,1.0,183.61759333333333,47239,28.19068989606046
italy_trentino-alto-adige-südtirol_trentino,2026-06-30,ltm0,es,11686,10934,4155,190.44258276934332,140.0,46.45917837574317,37.4825,0.8869297269536934,italy,EMEA,EUR,1.1621366666666666,158.0,40.5,13317,0.8860759493670886,0.9254938271604939,162.69913333333332,47239,24.738034251360105
italy_trentino-alto-adige-südtirol_trentino,2026-06-30,ltm0,fr,1262,1162,991,211.94374354561103,139.0,50.429219356148245,38.375416666666666,0.8898573692551506,italy,EMEA,EUR,1.1621366666666666,158.0,40.5,13317,0.879746835443038,0.9475411522633744,161.53699666666665,47239,2.671521412392303
italy_trentino-alto-adige-südtirol_trentino,2026-06-30,ltm0,it,5434,5081,2687,187.1221098209014,139.0,45.497395410582335,37.0,0.908321060382916,italy,EMEA,EUR,1.1621366666666666,158.0,40.5,13317,0.879746835443038,0.9135802469135802,161.53699666666665,47239,11.503207095831835
italy_trentino-alto-adige-südtirol_trentino,2026-06-30,ltm0,other,6497,5930,3108,182.18132715008431,153.0,43.9548408544168,38.625,0.8651477832512315,italy,EMEA,EUR,1.1621366666666666,158.0,40.5,13317,0.9683544303797469,0.9537037037037037,177.80691,47239,13.753466415461801
italy_trentino-alto-adige-südtirol_trentino,2026-06-30,ltm0,pt,128,117,126,148.4568376068376,131.0,41.52693776285443,37.0,0.8046875,italy,EMEA,EUR,1.1621366666666666,158.0,40.5,13317,0.8291139240506329,0.9135802469135802,152.23990333333333,47239,0.27096255212853787
italy_trentino-alto-adige-südtirol_trentino,2026-06-30,ltm0,zh_ja_ko,408,364,308,173.4362912087912,153.0,42.54474816849817,37.75,0.8137254901960784,italy,EMEA,EUR,1.1621366666666666,158.0,40.5,13317,0.9683544303797469,0.9320987654320988,177.80691,47239,0.8636931349097144
latvia_riga_riga,2026-06-30,ltm0,de,2762,2690,1193,100.60192193308548,86.0,28.305428984800827,26.09375,0.9739319333816076,latvia,EMEA,EUR,1.1621366666666666,81.0,25.68,25920,1.0617283950617284,1.0161117601246106,99.94375333333333,43857,6.297740383519165
latvia_riga_riga,2026-06-30,ltm0,en,25920,25257,2532,96.7673346003088,81.0,27.788248947061305,25.68,0.9664737654320988,latvia,EMEA,EUR,1.1621366666666666,81.0,25.68,25920,1.0,1.0,94.13306999999999,43857,59.101169710650524
latvia_riga_riga,2026-06-30,ltm0,es,2010,1949,1051,90.28833760903028,79.81,26.352098550870483,24.5,0.9567164179104478,latvia,EMEA,EUR,1.1621366666666666,81.0,25.68,25920,0.9853086419753087,0.9540498442367601,92.75012736666666,43857,4.583076817839798
latvia_riga_riga,2026-06-30,ltm0,fr,972,949,656,96.25056902002108,80.0,26.840784435532857,24.965,0.9609053497942388,latvia,EMEA,EUR,1.1621366666666666,81.0,25.68,25920,0.9876543209876543,0.9721573208722741,92.97093333333333,43857,2.2162938641493946
latvia_riga_riga,2026-06-30,ltm0,it,279,272,235,86.85066176470589,79.0,26.460143367763777,25.0,0.971326164874552,latvia,EMEA,EUR,1.1621366666666666,81.0,25.68,25920,0.9753086419753086,0.9735202492211839,91.80879666666667,43857,0.6361584239688077
latvia_riga_riga,2026-06-30,ltm0,other,11502,11133,2199,92.18290218270008,78.0,26.65061214006559,24.25,0.9706138062945576,latvia,EMEA,EUR,1.1621366666666666,81.0,25.68,25920,0.9629629629629629,0.9443146417445483,90.64666,43857,26.22614405910117
latvia_riga_riga,2026-06-30,ltm0,pt,112,111,103,80.23585585585586,75.0,26.269264264264265,24.82,0.9642857142857144,latvia,EMEA,EUR,1.1621366666666666,81.0,25.68,25920,0.9259259259259259,0.9665109034267912,87.16024999999999,43857,0.2553754246756504
latvia_riga_riga,2026-06-30,ltm0,zh_ja_ko,300,290,240,77.15520689655172,69.61,27.359606769667113,25.25,0.8533333333333334,latvia,EMEA,EUR,1.1621366666666666,81.0,25.68,25920,0.8593827160493827,0.9832554517133957,80.89633336666667,43857,0.6840413160954921
canada_qc_quebec-city,2026-06-19,ltm0,de,404,400,295,263.46752499999997,239.825,71.27006771825397,65.58333333333334,0.8712871287128713,canada,NAM,CAD,0.7227644635290046,285.0,71.32333333333334,22465,0.8414912280701754,0.9195214282376035,173.33698746584352,43182,0.935575008105229
canada_qc_quebec-city,2026-06-19,ltm0,en,22465,22043,1568,340.20243161094226,285.0,78.64109809263937,71.32333333333334,0.9205253784505788,canada,NAM,CAD,0.7227644635290046,285.0,71.32333333333334,22465,1.0,1.0,205.98787210576631,43182,52.02399147793062
canada_qc_quebec-city,2026-06-19,ltm0,es,6973,6844,1293,269.4300336060783,236.5,67.14338818423523,62.0,0.8852553069420539,canada,NAM,CAD,0.7227644635290046,285.0,71.32333333333334,22465,0.8298245614035088,0.8692807402906949,170.9337956246096,43182,16.147932008707333
canada_qc_quebec-city,2026-06-19,ltm0,fr,9646,9482,1383,267.2000938620544,236.0,66.87704698955923,61.655,0.8933720568405767,canada,NAM,CAD,0.7227644635290046,285.0,71.32333333333334,22465,0.8280701754385965,0.8644436135906902,170.57241339284508,43182,22.33801120837386
canada_qc_quebec-city,2026-06-19,ltm0,it,50,50,48,268.8118,229.0,79.05473333333333,62.125,0.88,canada,NAM,CAD,0.7227644635290046,285.0,71.32333333333334,22465,0.8035087719298246,0.8710333224283777,165.51306214814204,43182,0.11578898615163725
canada_qc_quebec-city,2026-06-19,ltm0,other,3059,3010,1032,261.368853820598,230.52,67.27545049814526,62.25,0.8725843432689159,canada,NAM,CAD,0.7227644635290046,285.0,71.32333333333334,22465,0.8088421052631579,0.8727859045660606,166.61166413270615,43182,7.083970172757168
canada_qc_quebec-city,2026-06-19,ltm0,pt,76,74,71,280.8139189189189,269.75,73.63458333333332,70.41166666666666,0.9078947368421052,canada,NAM,CAD,0.7227644635290046,285.0,71.32333333333334,22465,0.9464912280701754,0.987217834275833,194.96571403694898,43182,0.17599925895048862
canada_qc_quebec-city,2026-06-19,ltm0,zh_ja_ko,509,498,372,298.8685341365462,254.0,72.80015982182698,66.5,0.8212180746561886,canada,NAM,CAD,0.7227644635290046,285.0,71.32333333333334,22465,0.8912280701754386,0.9323736972472776,183.58217373636717,43182,1.1787318790236672
sweden_stockholms-län_stockholm,2026-06-30,ltm0,de,3946,3679,1400,2130.999029627616,1766.33,651.7451653178298,599.125,0.8613786112519006,sweden,EMEA,SEK,0.106855147167041,1945.5,642.0,22703,0.907905422770496,0.9332165109034268,188.74145209555954,41411,9.52886914104948
sweden_stockholms-län_stockholm,2026-06-30,ltm0,en,22703,21294,2510,2327.0730553207477,1945.5,706.0478723187406,642.0,0.8255296656829494,sweden,EMEA,SEK,0.106855147167041,1945.5,642.0,22703,1.0,1.0,207.88668881347826,41411,54.82359759484195
sweden_stockholms-län_stockholm,2026-06-30,ltm0,es,3546,3353,1245,2131.6414405010437,1870.0,632.8468129877215,588.0,0.8556119571347998,sweden,EMEA,SEK,0.106855147167041,1945.5,642.0,22703,0.9611924955024416,0.9158878504672897,199.81912520236668,41411,8.562942213421554
sweden_stockholms-län_stockholm,2026-06-30,ltm0,fr,2318,2165,1009,2202.8364803695154,1870.0,642.6351696033502,596.0,0.8744607420189818,sweden,EMEA,SEK,0.106855147167041,1945.5,642.0,22703,0.9611924955024416,0.9283489096573209,199.81912520236668,41411,5.597546545603825
sweden_stockholms-län_stockholm,2026-06-30,ltm0,it,296,278,241,2167.3985971223024,1957.75,612.3815401250429,567.0,0.8682432432432432,sweden,EMEA,SEK,0.106855147167041,1945.5,642.0,22703,1.006296581855564,0.883177570093458,209.1956643662745,41411,0.7147859264446644
sweden_stockholms-län_stockholm,2026-06-30,ltm0,other,7791,7352,1770,2125.74109085963,1712.0,604.1131082466303,553.5,0.8345526890001284,sweden,EMEA,SEK,0.106855147167041,1945.5,642.0,22703,0.8799794397327165,0.8621495327102804,182.9360119499742,41411,18.81384173287291
sweden_stockholms-län_stockholm,2026-06-30,ltm0,pt,117,112,99,1925.2863392857143,1615.72,606.3493261054422,565.75,0.7863247863247863,sweden,EMEA,SEK,0.106855147167041,1945.5,642.0,22703,0.830490876381393,0.8812305295950156,172.64799838073148,41411,0.282533626331168
sweden_stockholms-län_stockholm,2026-06-30,ltm0,zh_ja_ko,694,651,452,1768.1023655913978,1313.0,590.1738827178965,539.25,0.6195965417867435,sweden,EMEA,SEK,0.106855147167041,1945.5,642.0,22703,0.6748907735800566,0.8399532710280374,140.30080823032483,41411,1.6758832194344497
australia_vic_mornington-peninsula,2026-06-22,ltm0,de,43,43,41,357.21372093023257,288.5,82.06114341085271,75.25,0.8604651162790697,australia,APAC,AUD,0.7040833333333333,360.8,73.16666666666667,38963,0.7996119733924612,1.0284738041002277,203.12804166666666,40481,0.10622267236481313
australia_vic_mornington-peninsula,2026-06-22,ltm0,en,38963,37823,3171,471.9677603574545,360.8,85.78633771203576,73.16666666666667,0.9761055360213536,australia,APAC,AUD,0.7040833333333333,360.8,73.16666666666667,38963,1.0,1.0,254.03326666666666,40481,96.25009263605148
australia_vic_mornington-peninsula,2026-06-22,ltm0,es,32,32,32,361.670625,291.06,88.77317155934344,79.675,0.84375,australia,APAC,AUD,0.7040833333333333,360.8,73.16666666666667,38963,0.8067073170731707,1.0889521640091115,204.93049499999998,40481,0.07904943059707023
australia_vic_mornington-peninsula,2026-06-22,ltm0,fr,22,21,21,273.5942857142857,255.0,64.97280026455026,59.8175,0.9090909090909092,australia,APAC,AUD,0.7040833333333333,360.8,73.16666666666667,38963,0.7067627494456763,0.8175512528473804,179.54125,40481,0.05434648353548578
australia_vic_mornington-peninsula,2026-06-22,ltm0,other,1131,1101,767,470.5242415985468,364.0,86.94839180657368,74.70833333333333,0.964633068081344,australia,APAC,AUD,0.7040833333333333,360.8,73.16666666666667,38963,1.0088691796008868,1.0210706150341684,256.2863333333333,40481,2.793903312665201
australia_vic_mornington-peninsula,2026-06-22,ltm0,zh_ja_ko,289,281,234,438.78903914590745,358.0,75.00488500655138,62.3125,0.9653979238754326,australia,APAC,AUD,0.7040833333333333,360.8,73.16666666666667,38963,0.9922394678492239,0.8516514806378132,252.0618333333333,40481,0.7139151700797906
united-states_ca_san-mateo-county,2026-06-27,ltm0,de,357,345,233,312.59257971014495,257.0,71.11597726484466,63.0,0.8179271708683473,united-states,NAM,USD,1.0,311.0,75.28,35145,0.8263665594855305,0.8368756641870351,257.0,38968,0.9161363169780332
united-states_ca_san-mateo-county,2026-06-27,ltm0,en,35145,33677,2232,384.64303797844224,311.0,86.0931251833828,75.28,0.8195119163285135,united-states,NAM,USD,1.0,311.0,75.28,35145,1.0,1.0,311.0,38968,90.18938616300554
united-states_ca_san-mateo-county,2026-06-27,ltm0,es,664,645,420,326.87272868217053,267.5,65.1335368480787,58.075,0.7151515151515152,united-states,NAM,USD,1.0,311.0,75.28,35145,0.860128617363344,0.7714532412327312,267.5,38968,1.7039622254157256
united-states_ca_san-mateo-county,2026-06-27,ltm0,fr,154,152,113,279.56348684210525,234.685,69.21980764411028,62.195,0.7402597402597403,united-states,NAM,USD,1.0,311.0,75.28,35145,0.7546141479099678,0.826182252922423,234.685,38968,0.39519605830424964
united-states_ca_san-mateo-county,2026-06-27,ltm0,it,50,48,49,350.69812499999995,317.65,67.1918853339947,61.198611111111106,0.8,united-states,NAM,USD,1.0,311.0,75.28,35145,1.0213826366559484,0.8129464812846853,317.65,38968,0.1283104085403408
united-states_ca_san-mateo-county,2026-06-27,ltm0,other,1737,1652,859,345.716828087167,256.75,78.54967212392296,68.0,0.714618520675597,united-states,NAM,USD,1.0,311.0,75.28,35145,0.8255627009646302,0.9032943676939426,256.75,38968,4.457503592691439
united-states_ca_san-mateo-county,2026-06-27,ltm0,zh_ja_ko,842,810,515,366.958012345679,311.25,73.9792312249479,65.4375,0.7413587604290822,united-states,NAM,USD,1.0,311.0,75.28,35145,1.0008038585209003,0.8692547821466525,311.25,38968,2.160747279819339
italy_lombardia_bergamo,2026-06-30,ltm0,de,3245,3089,1281,166.4228876659113,125.0,48.881426836373585,34.808,0.904160246533128,italy,EMEA,EUR,1.1621366666666666,111.0,33.166666666666664,14173,1.1261261261261262,1.0494874371859297,145.26708333333332,38954,8.330338347794834
italy_lombardia_bergamo,2026-06-30,ltm0,en,14173,13780,2222,149.07475689404933,111.0,45.384515165845286,33.166666666666664,0.8550765540111479,italy,EMEA,EUR,1.1621366666666666,111.0,33.166666666666664,14173,1.0,1.0,128.99716999999998,38954,36.38394003183242
italy_lombardia_bergamo,2026-06-30,ltm0,es,7927,7716,2050,134.63684292379472,107.335,38.283082778877635,31.0,0.882761231701161,italy,EMEA,EUR,1.1621366666666666,111.0,33.166666666666664,14173,0.9669819819819819,0.9346733668341709,124.73793911666665,38954,20.349643168865843
italy_lombardia_bergamo,2026-06-30,ltm0,fr,1877,1816,955,139.37062224669603,108.0,40.54733229403673,31.5,0.8891848694725626,italy,EMEA,EUR,1.1621366666666666,111.0,33.166666666666664,14173,0.972972972972973,0.9497487437185931,125.51075999999999,38954,4.818503876366997
italy_lombardia_bergamo,2026-06-30,ltm0,it,2863,2796,1259,131.48377324749643,103.0,38.22658711642831,30.25,0.9116002795248078,italy,EMEA,EUR,1.1621366666666666,111.0,33.166666666666664,14173,0.9279279279279279,0.9120603015075378,119.70007666666666,38954,7.349694511475073
italy_lombardia_bergamo,2026-06-30,ltm0,other,8422,8217,1800,143.44033832298894,106.5,43.9238204516688,32.0,0.8375489846811542,italy,EMEA,EUR,1.1621366666666666,111.0,33.166666666666664,14173,0.9594594594594594,0.9648241206030151,123.76755499999999,38954,21.62037274734302
italy_lombardia_bergamo,2026-06-30,ltm0,pt,251,243,212,151.90460905349795,105.0,47.87778362401202,30.5,0.8326693227091634,italy,EMEA,EUR,1.1621366666666666,111.0,33.166666666666664,14173,0.9459459459459459,0.9195979899497488,122.02435,38954,0.6443497458540843
italy_lombardia_bergamo,2026-06-30,ltm0,zh_ja_ko,196,191,152,114.63497382198952,94.5,36.06211543256046,31.333333333333332,0.7346938775510204,italy,EMEA,EUR,1.1621366666666666,111.0,33.166666666666664,14173,0.8513513513513513,0.9447236180904522,109.82191499999999,38954,0.5031575704677311
united-kingdom_england_bristol,2026-06-29,ltm0,de,395,379,283,120.28725593667546,106.0,40.99223917463364,38.375,0.6278481012658228,united-kingdom,EMEA,GBP,1.3458416666666666,125.0,40.0,32680,0.848,0.959375,142.65921666666665,36311,1.087824626146347
united-kingdom_england_bristol,2026-06-29,ltm0,en,32680,30710,2118,143.8873178117877,125.0,43.8314814805848,40.0,0.7457772337821298,united-kingdom,EMEA,GBP,1.3458416666666666,125.0,40.0,32680,1.0,1.0,168.23020833333334,36311,90.00027539863953
united-kingdom_england_bristol,2026-06-29,ltm0,es,816,760,503,118.50390789473684,106.0,39.87154607873851,36.3125,0.6102941176470589,united-kingdom,EMEA,GBP,1.3458416666666666,125.0,40.0,32680,0.848,0.9078125,142.65921666666665,36311,2.247252898570681
united-kingdom_england_bristol,2026-06-29,ltm0,fr,340,313,270,120.12277955271566,113.0,40.519537628683,37.625,0.6823529411764706,united-kingdom,EMEA,GBP,1.3458416666666666,125.0,40.0,32680,0.904,0.940625,152.08010833333333,36311,0.9363553744044505
united-kingdom_england_bristol,2026-06-29,ltm0,it,61,58,58,131.535,118.5,41.11530172413793,39.185,0.7213114754098361,united-kingdom,EMEA,GBP,1.3458416666666666,125.0,40.0,32680,0.948,0.9796250000000001,159.4822375,36311,0.16799317011373963
united-kingdom_england_bristol,2026-06-29,ltm0,other,1741,1630,911,139.91680981595093,120.0,43.01922507569118,38.9,0.7512923607122344,united-kingdom,EMEA,GBP,1.3458416666666666,125.0,40.0,32680,0.96,0.9724999999999999,161.501,36311,4.794690314229848
united-kingdom_england_bristol,2026-06-29,ltm0,pt,88,80,66,145.377875,131.72,45.59448958333333,42.125,0.875,united-kingdom,EMEA,GBP,1.3458416666666666,125.0,40.0,32680,1.05376,1.053125,177.27426433333332,36311,0.24235080278703422
united-kingdom_england_bristol,2026-06-29,ltm0,zh_ja_ko,190,178,160,123.88696629213484,113.0,40.02363068485821,36.0625,0.5736842105263158,united-kingdom,EMEA,GBP,1.3458416666666666,125.0,40.0,32680,0.904,0.9015625,152.08010833333333,36311,0.5232574151083693
canada_on_ottawa,2026-06-24,ltm0,de,247,243,185,206.36798353909464,165.0,69.92904921124828,65.0,0.6639676113360324,canada,NAM,CAD,0.7227644635290046,169.0,60.5,28564,0.9763313609467456,1.0743801652892562,119.25613648228575,35381,0.6981148073824934
canada_on_ottawa,2026-06-24,ltm0,en,28564,27876,1711,225.28863215669392,169.0,66.09393517692219,60.5,0.6707043831396163,canada,NAM,CAD,0.7227644635290046,169.0,60.5,28564,1.0,1.0,122.14719433640178,35381,80.73259659139086
canada_on_ottawa,2026-06-24,ltm0,es,1885,1832,725,218.01613537117905,166.0,63.82258594119217,59.2,0.6652519893899205,canada,NAM,CAD,0.7227644635290046,169.0,60.5,28564,0.9822485207100592,0.978512396694215,119.97890094581476,35381,5.327718266866397
canada_on_ottawa,2026-06-24,ltm0,fr,2227,2172,769,207.4478729281768,164.5,63.1321853075945,58.18333333333334,0.6627750336775932,canada,NAM,CAD,0.7227644635290046,169.0,60.5,28564,0.9733727810650887,0.9617079889807163,118.89475425052126,35381,6.294338769396004
canada_on_ottawa,2026-06-24,ltm0,it,33,33,33,195.80454545454543,145.84,61.17817099567099,57.8125,0.5151515151515151,canada,NAM,CAD,0.7227644635290046,169.0,60.5,28564,0.8629585798816568,0.9555785123966942,105.40796936107003,35381,0.09327039936689184
canada_on_ottawa,2026-06-24,ltm0,other,2115,2067,771,187.21609579100144,134.5,60.95497085723501,55.166666666666664,0.5153664302600472,canada,NAM,CAD,0.7227644635290046,169.0,60.5,28564,0.7958579881656804,0.9118457300275482,97.21182034465112,35381,5.977784686696249
canada_on_ottawa,2026-06-24,ltm0,pt,30,30,30,190.95466666666667,158.5,64.0941988095238,65.25,0.8,canada,NAM,CAD,0.7227644635290046,169.0,60.5,28564,0.9378698224852071,1.078512396694215,114.55816746934723,35381,0.08479127215171985
canada_on_ottawa,2026-06-24,ltm0,zh_ja_ko,280,276,200,199.6317391304348,143.0,60.08730210489993,56.49,0.4785714285714286,canada,NAM,CAD,0.7227644635290046,169.0,60.5,28564,0.8461538461538461,0.9337190082644629,103.35531828464765,35381,0.7913852067493853
belgium_vlg_antwerp,2026-06-29,ltm0,de,4261,4024,1138,164.3098832007952,137.0,48.639878347305725,46.666666666666664,0.9019009622154424,belgium,EMEA,EUR,1.1621366666666666,137.0,45.75,17531,1.0,1.0200364298724953,159.21272333333332,35273,12.080061236639922
belgium_vlg_antwerp,2026-06-29,ltm0,en,17531,16044,1680,159.61952131637997,137.0,48.07854505480599,45.75,0.8805271866263479,belgium,EMEA,EUR,1.1621366666666666,137.0,45.75,17531,1.0,1.0,159.21272333333332,35273,49.700904374450715
belgium_vlg_antwerp,2026-06-29,ltm0,es,2450,2220,992,145.71276576576577,123.0,43.35288935120185,40.245000000000005,0.8693344222131483,belgium,EMEA,EUR,1.1621366666666666,137.0,45.75,17531,0.8978102189781022,0.8796721311475411,142.94280999999998,35273,6.9458225838460015
belgium_vlg_antwerp,2026-06-29,ltm0,fr,3896,3585,1128,160.81214504881453,141.0,47.33971453387771,44.375,0.9350616016427103,belgium,EMEA,EUR,1.1621366666666666,137.0,45.75,17531,1.0291970802919708,0.9699453551912568,163.86127,35273,11.045275423128171
belgium_vlg_antwerp,2026-06-29,ltm0,it,161,153,144,139.4618954248366,120.7,44.51828197945845,42.795,0.8322981366459627,belgium,EMEA,EUR,1.1621366666666666,137.0,45.75,17531,0.881021897810219,0.9354098360655738,140.26989566666666,35273,0.45643976979559436
belgium_vlg_antwerp,2026-06-29,ltm0,other,6610,5948,1324,154.5270628782784,129.0,45.50239248642712,42.0,0.8689467312348669,belgium,EMEA,EUR,1.1621366666666666,137.0,45.75,17531,0.9416058394160584,0.9180327868852459,149.91563,35273,18.739545828253906
belgium_vlg_antwerp,2026-06-29,ltm0,pt,127,118,100,143.06669491525423,134.29500000000002,43.23315815540392,37.72916666666667,0.952755905511811,belgium,EMEA,EUR,1.1621366666666666,137.0,45.75,17531,0.9802554744525549,0.824681238615665,156.06914365,35273,0.36004876250956824
belgium_vlg_antwerp,2026-06-29,ltm0,zh_ja_ko,237,217,200,157.02036866359447,140.0,46.15926988449339,44.5,0.7468354430379747,belgium,EMEA,EUR,1.1621366666666666,137.0,45.75,17531,1.0218978102189782,0.9726775956284153,162.69913333333332,35273,0.6719020213761234
canada_mb_winnipeg,2026-06-22,ltm0,de,59,56,55,149.89357142857145,129.0,46.083711309523814,45.825,0.7966101694915254,canada,NAM,CAD,0.7227644635290046,160.0,46.666666666666664,27731,0.80625,0.9819642857142858,93.23661579524159,29816,0.19788033270727126
canada_mb_winnipeg,2026-06-22,ltm0,en,27731,27169,1368,180.96516102911409,160.0,49.41455043200407,46.666666666666664,0.8667916771843784,canada,NAM,CAD,0.7227644635290046,160.0,46.666666666666664,27731,1.0,1.0,115.64231416464074,29816,93.00711027636169
canada_mb_winnipeg,2026-06-22,ltm0,es,181,178,150,153.9691011235955,129.0,47.20529052969503,44.1,0.6850828729281768,canada,NAM,CAD,0.7227644635290046,160.0,46.666666666666664,27731,0.80625,0.9450000000000001,93.23661579524159,29816,0.6070566138985779
canada_mb_winnipeg,2026-06-22,ltm0,fr,179,177,153,151.9820903954802,130.0,47.36720123755717,44.25,0.770949720670391,canada,NAM,CAD,0.7227644635290046,160.0,46.666666666666664,27731,0.8125,0.9482142857142858,93.9593802587706,29816,0.6003488060101959
canada_mb_winnipeg,2026-06-22,ltm0,other,1527,1505,663,155.83148172757475,132.0,48.445722072335194,46.0,0.793713163064833,canada,NAM,CAD,0.7227644635290046,160.0,46.666666666666664,27731,0.825,0.9857142857142858,95.4049091858286,29816,5.121411322779716
canada_mb_winnipeg,2026-06-22,ltm0,zh_ja_ko,114,112,101,138.030625,110.75,47.712601190476185,44.8,0.6052631578947368,canada,NAM,CAD,0.7227644635290046,160.0,46.666666666666664,27731,0.6921875,0.96,80.04616433583726,29816,0.3823450496377784
switzerland_zürich_zurich,2026-06-30,ltm0,de,3076,1963,1069,0.2501477330616403,0.18,0.1168792613751223,0.07,0.7493498049414824,switzerland,EMEA,CHF,1.2595772919711887,0.21,0.07,18165,0.8571428571428571,1.0,0.22672391255481397,29746,10.340886169569018
switzerland_zürich_zurich,2026-06-30,ltm0,en,18165,11439,1660,0.2614345659585628,0.21,0.0990467614968008,0.07,0.8115056427195155,switzerland,EMEA,CHF,1.2595772919711887,0.21,0.07,18165,1.0,1.0,0.2645112313139496,29746,61.06703422308882
switzerland_zürich_zurich,2026-06-30,ltm0,es,3214,2149,937,0.2646905537459283,0.22,0.1105065405097978,0.0725,0.7081518357187305,switzerland,EMEA,CHF,1.2595772919711887,0.21,0.07,18165,1.0476190476190477,1.0357142857142856,0.2771070042336615,29746,10.804814092651112
switzerland_zürich_zurich,2026-06-30,ltm0,fr,843,530,530,0.2534528301886792,0.195,0.1029111635220125,0.07,0.8374851720047449,switzerland,EMEA,CHF,1.2595772919711887,0.21,0.07,18165,0.9285714285714286,1.0,0.2456175719343818,29746,2.8339944866536677
switzerland_zürich_zurich,2026-06-30,ltm0,it,222,129,179,0.2336434108527131,0.18,0.0973090008613264,0.07,0.7837837837837838,switzerland,EMEA,CHF,1.2595772919711887,0.21,0.07,18165,0.8571428571428571,1.0,0.22672391255481397,29746,0.7463188327842399
switzerland_zürich_zurich,2026-06-30,ltm0,other,2988,1865,959,0.2692278820375335,0.22,0.1088483031192816,0.075,0.7483266398929049,switzerland,EMEA,CHF,1.2595772919711887,0.21,0.07,18165,1.0476190476190477,1.0714285714285714,0.2771070042336615,29746,10.04504807369058
switzerland_zürich_zurich,2026-06-30,ltm0,pt,370,235,259,0.2612765957446808,0.22,0.0960125126646403,0.075,0.7864864864864864,switzerland,EMEA,CHF,1.2595772919711887,0.21,0.07,18165,1.0476190476190477,1.0714285714285714,0.2771070042336615,29746,1.2438647213070666
switzerland_zürich_zurich,2026-06-30,ltm0,zh_ja_ko,868,563,475,0.2747246891651865,0.22,0.1095316332572105,0.07,0.6762672811059908,switzerland,EMEA,CHF,1.2595772919711887,0.21,0.07,18165,1.0476190476190477,1.0,0.2771070042336615,29746,2.9180394002554966
united-states_ca_santa-cruz-county,2026-06-30,ltm0,de,124,119,105,467.0498319327731,388.0,108.40152194211018,104.25,0.7479674796747967,united-states,NAM,USD,1.0,450.0,106.0,28330,0.8622222222222222,0.9834905660377359,388.0,29659,0.4180855726760848
united-states_ca_santa-cruz-county,2026-06-30,ltm0,en,28330,27215,1396,551.1542719088737,450.0,114.07085142918253,106.0,0.8710920922336964,united-states,NAM,USD,1.0,450.0,106.0,28330,1.0,1.0,450.0,29659,95.51906672510873
united-states_ca_santa-cruz-county,2026-06-30,ltm0,es,179,174,132,417.03224137931034,308.76,95.71708533611982,78.375,0.7134831460674157,united-states,NAM,USD,1.0,450.0,106.0,28330,0.6861333333333333,0.7393867924528302,308.76,29659,0.6035267541049935
united-states_ca_santa-cruz-county,2026-06-30,ltm0,fr,35,34,33,416.0085294117647,331.71000000000004,101.50897934173668,105.2775,0.7142857142857143,united-states,NAM,USD,1.0,450.0,106.0,28330,0.7371333333333334,0.993183962264151,331.71000000000004,29659,0.11800802454566911
united-states_ca_santa-cruz-county,2026-06-30,ltm0,other,938,910,523,515.2521098901099,415.0,110.47468210757496,101.421875,0.7813504823151125,united-states,NAM,USD,1.0,450.0,106.0,28330,0.9222222222222223,0.956810141509434,415.0,29659,3.162615057823932
united-states_ca_santa-cruz-county,2026-06-30,ltm0,zh_ja_ko,45,44,38,471.6440909090909,323.5,87.15515404040404,72.63805555555555,0.7555555555555555,united-states,NAM,USD,1.0,450.0,106.0,28330,0.7188888888888889,0.6852646750524108,323.5,29659,0.15172460298728885
china_hk_hong-kong,2026-06-27,ltm0,de,457,441,346,699.8411564625851,495.0,279.47587141417415,226.0,0.4310722100656455,china,APAC,HKD,0.1277182620651946,706.0,199.75,17309,0.7011331444759207,1.1314142678347936,63.220539722271326,28581,1.5989643469437738
china_hk_hong-kong,2026-06-27,ltm0,en,17309,16600,2263,893.4540343373494,706.0,263.6216628132042,199.75,0.5782965445510228,china,APAC,HKD,0.1277182620651946,706.0,199.75,17309,1.0,1.0,90.16909301802738,28581,60.56121199398201
china_hk_hong-kong,2026-06-27,ltm0,es,687,659,474,648.343095599393,448.0,229.8281112134788,189.785,0.4497816593886463,china,APAC,HKD,0.1277182620651946,706.0,199.75,17309,0.6345609065155807,0.9501126408010012,57.21778140520718,28581,2.4036947622546445
china_hk_hong-kong,2026-06-27,ltm0,fr,311,299,258,750.048127090301,554.29,257.58125891499805,216.125,0.5498392282958199,china,APAC,HKD,0.1277182620651946,706.0,199.75,17309,0.785113314447592,1.0819774718397996,70.7929554801167,28581,1.0881354746160037
china_hk_hong-kong,2026-06-27,ltm0,it,41,39,41,834.0984615384615,526.0,321.9611645299145,242.5,0.4878048780487805,china,APAC,HKD,0.1277182620651946,706.0,199.75,17309,0.7450424929178471,1.2140175219023779,67.17980584629235,28581,0.14345194359889438
china_hk_hong-kong,2026-06-27,ltm0,other,1794,1739,945,733.748148361127,490.0,235.20063593442848,186.66666666666663,0.4428332403792526,china,APAC,HKD,0.1277182620651946,706.0,199.75,17309,0.6940509915014165,0.9345014601585313,62.581948411945355,28581,6.276897239424793
china_hk_hong-kong,2026-06-27,ltm0,pt,50,48,47,515.5829166666666,388.5,213.17174851190475,175.66166666666666,0.46,china,APAC,HKD,0.1277182620651946,706.0,199.75,17309,0.5502832861189801,0.8794075928243638,49.6185448123281,28581,0.174941394632798
china_hk_hong-kong,2026-06-27,ltm0,zh_ja_ko,7932,7733,1547,672.2232574679944,439.01,210.0677433604533,177.0,0.3967973773799017,china,APAC,HKD,0.1277182620651946,706.0,199.75,17309,0.621827195467422,0.886107634543179,56.069594229241076,28581,27.752702844547077
united-states_tx_fort-worth,2026-06-21,ltm0,de,95,93,78,190.88602150537636,155.0,55.16174116743472,53.166666666666664,0.8315789473684211,united-states,NAM,USD,1.0,233.94,51.333333333333336,26625,0.6625630503547918,1.0357142857142856,155.0,28466,0.3337314691210567
united-states_tx_fort-worth,2026-06-21,ltm0,en,26625,26079,1625,276.77003604432684,233.94,56.921732193171955,51.333333333333336,0.9041456624783688,united-states,NAM,USD,1.0,233.94,51.333333333333336,26625,1.0,1.0,233.94,28466,93.53263542471721
united-states_tx_fort-worth,2026-06-21,ltm0,es,391,380,285,240.31294736842105,205.94,52.769138163116125,44.50673611111111,0.7912371134020618,united-states,NAM,USD,1.0,233.94,51.333333333333336,26625,0.8803111909036505,0.8670143398268397,205.94,28466,1.3735684676456124
united-states_tx_fort-worth,2026-06-21,ltm0,fr,60,59,53,204.96118644067795,171.18,52.28214507667474,47.815,0.8666666666666667,united-states,NAM,USD,1.0,233.94,51.333333333333336,26625,0.7317260836111824,0.9314610389610388,171.18,28466,0.2107777699711937
united-states_tx_fort-worth,2026-06-21,ltm0,it,29,29,28,219.13620689655173,193.33,50.21377996715928,45.64666666666667,0.9310344827586208,united-states,NAM,USD,1.0,233.94,51.333333333333336,26625,0.8264084808070447,0.8892207792207792,193.33,28466,0.10187592215274362
united-states_tx_fort-worth,2026-06-21,ltm0,other,1200,1170,632,249.7326752136752,208.59,53.858362384825526,47.20833333333333,0.8164291701592624,united-states,NAM,USD,1.0,233.94,51.333333333333336,26625,0.8916388817645551,0.919642857142857,208.59,28466,4.215555399423874
united-states_tx_fort-worth,2026-06-21,ltm0,zh_ja_ko,47,47,44,212.33872340425532,180.0,48.6859018989285,46.59833333333333,0.7446808510638298,united-states,NAM,USD,1.0,233.94,51.333333333333336,26625,0.7694280584765325,0.9077597402597402,180.0,28466,0.16510925314410174
switzerland_vd_vaud,2026-08-10,ltm0,de,3384,2540,1321,0.2703937007874015,0.18,0.1048694698837907,0.0575,0.7819148936170213,switzerland,EMEA,CHF,1.2595772919711887,0.18,0.06,8358,1.0,0.9583333333333334,0.22672391255481397,26456,12.79104928938615
switzerland_vd_vaud,2026-08-10,ltm0,en,8358,6327,2008,0.2641394025604552,0.18,0.1128570289250113,0.06,0.756640344580043,switzerland,EMEA,CHF,1.2595772919711887,0.18,0.06,8358,1.0,1.0,0.22672391255481397,26456,31.592077411551255
switzerland_vd_vaud,2026-08-10,ltm0,es,5587,4310,1744,0.2815661252900232,0.17,0.1250414635087779,0.055,0.708430284589225,switzerland,EMEA,CHF,1.2595772919711887,0.18,0.06,8358,0.9444444444444445,0.9166666666666667,0.2141281396351021,26456,21.118082854550952
switzerland_vd_vaud,2026-08-10,ltm0,fr,5744,4465,1672,0.3028891377379619,0.17,0.1439283844841235,0.05875,0.6979456824512534,switzerland,EMEA,CHF,1.2595772919711887,0.18,0.06,8358,0.9444444444444445,0.9791666666666666,0.2141281396351021,26456,21.71152101602661
switzerland_vd_vaud,2026-08-10,ltm0,it,209,157,173,0.2704458598726115,0.17,0.1164649681528662,0.055,0.7464114832535885,switzerland,EMEA,CHF,1.2595772919711887,0.18,0.06,8358,0.9444444444444445,0.9166666666666667,0.2141281396351021,26456,0.7899909283338373
switzerland_vd_vaud,2026-08-10,ltm0,other,2489,1915,1087,0.3072584856396866,0.17,0.1414241001093481,0.06,0.668139815186822,switzerland,EMEA,CHF,1.2595772919711887,0.18,0.06,8358,0.9444444444444445,1.0,0.2141281396351021,26456,9.40807378288479
switzerland_vd_vaud,2026-08-10,ltm0,pt,145,110,116,0.2373636363636363,0.16,0.0945666666666666,0.0641666666666666,0.8275862068965517,switzerland,EMEA,CHF,1.2595772919711887,0.18,0.06,8358,0.888888888888889,1.0694444444444433,0.2015323667153902,26456,0.5480798306622316
switzerland_vd_vaud,2026-08-10,ltm0,zh_ja_ko,540,400,360,0.3374,0.22,0.1539333928571428,0.065,0.6537037037037037,switzerland,EMEA,CHF,1.2595772919711887,0.18,0.06,8358,1.2222222222222223,1.0833333333333335,0.2771070042336615,26456,2.041124886604173
belgium_vlg_ghent,2026-06-29,ltm0,de,2082,1985,680,166.40468010075566,145.0,57.21154411186351,55.0,0.766779333655239,belgium,EMEA,EUR,1.1621366666666666,148.0,55.0,13449,0.9797297297297297,1.0,168.50981666666667,26212,7.9429269037082255
belgium_vlg_ghent,2026-06-29,ltm0,en,13449,12887,1059,169.26688911305968,148.0,57.13521384150281,55.0,0.7468269374346722,belgium,EMEA,EUR,1.1621366666666666,148.0,55.0,13449,1.0,1.0,171.99622666666664,26212,51.308560964443764
belgium_vlg_ghent,2026-06-29,ltm0,es,3470,3288,823,149.95691909975667,133.5,51.70695436842152,47.5,0.7049085100203311,belgium,EMEA,EUR,1.1621366666666666,148.0,55.0,13449,0.902027027027027,0.8636363636363636,155.145245,26212,13.238211506180376
belgium_vlg_ghent,2026-06-29,ltm0,fr,2644,2559,730,167.0931027745213,148.67,56.18947117883636,53.75,0.8007590132827325,belgium,EMEA,EUR,1.1621366666666666,148.0,55.0,13449,1.004527027027027,0.9772727272727273,172.7748582333333,26212,10.086983061193347
belgium_vlg_ghent,2026-06-29,ltm0,it,191,184,164,155.3371195652174,140.0,51.32472112428634,48.0425,0.7473684210526316,belgium,EMEA,EUR,1.1621366666666666,148.0,55.0,13449,0.9459459459459459,0.8734999999999999,162.69913333333332,26212,0.7286738898214559
belgium_vlg_ghent,2026-06-29,ltm0,other,4036,3861,838,163.88983682983684,135.0,54.3298492370532,51.75,0.6735816045988503,belgium,EMEA,EUR,1.1621366666666666,148.0,55.0,13449,0.9121621621621622,0.9409090909090909,156.88844999999998,26212,15.397527849839769
belgium_vlg_ghent,2026-06-29,ltm0,pt,116,112,88,158.41651785714288,150.08499999999998,51.096964285714286,47.6875,0.853448275862069,belgium,EMEA,EUR,1.1621366666666666,148.0,55.0,13449,1.0140878378378377,0.8670454545454546,174.41928161666664,26212,0.44254539905386847
belgium_vlg_ghent,2026-06-29,ltm0,zh_ja_ko,224,212,179,149.62759433962265,136.5,50.51709433962264,46.0,0.5580357142857143,belgium,EMEA,EUR,1.1621366666666666,148.0,55.0,13449,0.9222972972972973,0.8363636363636363,158.631655,26212,0.8545704257591943
united-states_nj_jersey-city,2026-06-27,ltm0,de,671,656,367,322.92417682926833,284.73,74.09327021259567,67.78333333333333,0.8166915052160953,united-states,NAM,USD,1.0,312.5,61.27,19765,0.9111360000000001,1.106305424079212,284.73,24692,2.717479345537016
united-states_nj_jersey-city,2026-06-27,ltm0,en,19765,19377,1554,344.9328399649068,312.5,67.8920010710226,61.27,0.804047558816089,united-states,NAM,USD,1.0,312.5,61.27,19765,1.0,1.0,312.5,24692,80.04616879961121
united-states_nj_jersey-city,2026-06-27,ltm0,es,1791,1767,735,307.59670062252405,276.0,64.86129097646521,59.458333333333336,0.7426018983807928,united-states,NAM,USD,1.0,312.5,61.27,19765,0.8832,0.9704314237527882,276.0,24692,7.253361412603272
united-states_nj_jersey-city,2026-06-27,ltm0,fr,506,497,340,329.22754527162977,290.0,69.23258438632683,63.54333333333333,0.8181818181818182,united-states,NAM,USD,1.0,312.5,61.27,19765,0.928,1.0371035308198682,290.0,24692,2.0492467195852906
united-states_nj_jersey-city,2026-06-27,ltm0,it,89,88,85,374.5844318181818,302.73,66.31741935999607,61.97,0.9101123595505618,united-states,NAM,USD,1.0,312.5,61.27,19765,0.968736,1.0114248408682878,302.73,24692,0.3604406285436579
united-states_nj_jersey-city,2026-06-27,ltm0,other,1336,1302,689,302.8140629800307,264.775,63.320703403909626,57.84,0.7073353293413174,united-states,NAM,USD,1.0,312.5,61.27,19765,0.8472799999999999,0.9440182797453893,264.775,24692,5.410659322857605
united-states_nj_jersey-city,2026-06-27,ltm0,pt,83,80,76,280.249375,265.08500000000004,59.33581378968254,54.90875,0.7228915662650602,united-states,NAM,USD,1.0,312.5,61.27,19765,0.8482720000000001,0.8961767586094336,265.08500000000004,24692,0.3361412603272315
united-states_nj_jersey-city,2026-06-27,ltm0,zh_ja_ko,451,445,348,335.8573483146067,310.0,70.48873119842081,62.54,0.7494456762749445,united-states,NAM,USD,1.0,312.5,61.27,19765,0.992,1.0207279255753223,310.0,24692,1.8265025109347157
united-states_nj_newark,2026-06-30,ltm0,de,221,221,170,224.54384615384615,199.14,57.58663768584357,50.605,0.6606334841628959,united-states,NAM,USD,1.0,208.0,49.785,18679,0.9574038461538461,1.0164708245455458,199.14,22994,0.9611202922501522
united-states_nj_newark,2026-06-30,ltm0,en,18679,18440,1323,238.3308161605206,208.0,56.80630025536346,49.785,0.6639006370790728,united-states,NAM,USD,1.0,208.0,49.785,18679,1.0,1.0,208.0,22994,81.23423501783074
united-states_nj_newark,2026-06-30,ltm0,es,1668,1653,676,223.0434966727163,194.0,54.39790975523099,47.0,0.6241007194244604,united-states,NAM,USD,1.0,208.0,49.785,18679,0.9326923076923077,0.9440594556593352,194.0,22994,7.25406627815952
united-states_nj_newark,2026-06-30,ltm0,fr,262,260,210,222.87407692307693,201.5,57.42758263125763,48.94875,0.6717557251908397,united-states,NAM,USD,1.0,208.0,49.785,18679,0.96875,0.9832027719192528,201.5,22994,1.1394276767852483
united-states_nj_newark,2026-06-30,ltm0,it,55,54,51,258.05518518518517,186.22,63.144575396825395,46.3825,0.6727272727272727,united-states,NAM,USD,1.0,208.0,49.785,18679,0.8952884615384615,0.9316561213216833,186.22,22994,0.2391928329129338
united-states_nj_newark,2026-06-30,ltm0,other,1767,1736,714,188.23337557603688,139.0,53.491013510906654,46.266875,0.486700622524052,united-states,NAM,USD,1.0,208.0,49.785,18679,0.6682692307692307,0.9293336346289043,139.0,22994,7.684613377402801
united-states_nj_newark,2026-06-30,ltm0,pt,158,156,127,203.03833333333333,193.25,57.50781290700041,51.9625,0.6455696202531646,united-states,NAM,USD,1.0,208.0,49.785,18679,0.9290865384615384,1.043738073716983,193.25,22994,0.6871357745498826
united-states_nj_newark,2026-06-30,ltm0,zh_ja_ko,184,182,142,209.87950549450548,134.5,54.0416420722135,47.70238095238095,0.4673913043478261,united-states,NAM,USD,1.0,208.0,49.785,18679,0.6466346153846154,0.9581677403310426,134.5,22994,0.800208750108724
united-states_ca_oakland,2026-06-27,ltm0,de,101,97,84,244.1901030927835,177.0,62.19507821960399,56.0,0.8613861386138614,united-states,NAM,USD,1.0,189.0,65.375,19175,0.9365079365079365,0.8565965583173997,177.0,20725,0.4873341375150784
united-states_ca_oakland,2026-06-27,ltm0,en,19175,18393,1442,228.1963654651226,189.0,73.07870298167342,65.375,0.8650044337801889,united-states,NAM,USD,1.0,189.0,65.375,19175,1.0,1.0,189.0,20725,92.52110977080821
united-states_ca_oakland,2026-06-27,ltm0,es,359,336,234,215.01848214285715,181.5,56.79227606528722,51.5,0.83008356545961,united-states,NAM,USD,1.0,189.0,65.375,19175,0.9603174603174603,0.7877629063097514,181.5,20725,1.7322074788902293
united-states_ca_oakland,2026-06-27,ltm0,fr,63,60,61,206.34216666666669,188.75,59.57097579365079,53.52083333333333,0.8888888888888888,united-states,NAM,USD,1.0,189.0,65.375,19175,0.9986772486772487,0.818674314850223,188.75,20725,0.3039806996381182
united-states_ca_oakland,2026-06-27,ltm0,other,867,822,454,195.969099756691,175.0,65.1989063383224,58.94,0.7797001153402537,united-states,NAM,USD,1.0,189.0,65.375,19175,0.9259259259259259,0.9015678776290631,175.0,20725,4.18335343787696
united-states_ca_oakland,2026-06-27,ltm0,zh_ja_ko,134,126,104,226.43253968253967,178.475,56.124089861197,50.58333333333333,0.7686567164179104,united-states,NAM,USD,1.0,189.0,65.375,19175,0.9443121693121693,0.7737412364563415,178.475,20725,0.646562123039807
spain_islas-baleares_menorca,2026-06-30,ltm0,de,814,764,563,342.3005890052356,280.63,80.49698072110408,75.66666666666667,0.9717444717444718,spain,EMEA,EUR,1.1621366666666666,332.79,74.11111111111111,5899,0.8432645211695062,1.0209895052473763,326.13041276666667,20485,3.9736392482304126
spain_islas-baleares_menorca,2026-06-30,ltm0,en,5899,5548,1869,418.758833813987,332.79,81.28191146325887,74.11111111111111,0.9586370571283268,spain,EMEA,EUR,1.1621366666666666,332.79,74.11111111111111,5899,1.0,1.0,386.7474613,20485,28.796680497925312
spain_islas-baleares_menorca,2026-06-30,ltm0,es,9295,8803,2281,308.4191184823356,254.83,71.80581157582053,65.625,0.9532006455083378,spain,EMEA,EUR,1.1621366666666666,332.79,74.11111111111111,5899,0.7657381531896992,0.8854947526236882,296.14728676666664,20485,45.37466438857701
spain_islas-baleares_menorca,2026-06-30,ltm0,fr,2680,2558,1258,280.1363917122752,244.0,72.06345151066681,66.5,0.932462686567164,spain,EMEA,EUR,1.1621366666666666,332.79,74.11111111111111,5899,0.7331951080260825,0.8973013493253373,283.5613466666666,20485,13.082743470832316
spain_islas-baleares_menorca,2026-06-30,ltm0,it,330,316,287,308.91430379746834,245.25,68.67696531659269,60.458749999999995,0.9454545454545454,spain,EMEA,EUR,1.1621366666666666,332.79,74.11111111111111,5899,0.7369512305057243,0.815785232383808,285.01401749999997,20485,1.6109348303636808
spain_islas-baleares_menorca,2026-06-30,ltm0,other,1348,1245,838,303.2864016064257,250.0,71.75362059899048,65.55,0.9146884272997032,spain,EMEA,EUR,1.1621366666666666,332.79,74.11111111111111,5899,0.7512244959283632,0.8844827586206896,290.53416666666664,20485,6.580424701000732
spain_islas-baleares_menorca,2026-06-30,ltm0,pt,110,104,97,254.40403846153848,229.74,67.1926407967033,58.96875,0.9090909090909092,spain,EMEA,EUR,1.1621366666666666,332.79,74.11111111111111,5899,0.6903452627783286,0.7956802848575711,266.98927779999997,20485,0.5369782767878936
belize_bz_belize,2026-06-29,ltm0,de,292,290,214,222.6624482758621,184.5,85.24304433497538,76.4375,0.6198630136986302,belize,LatAm,BZD,0.5,309.0,99.6,17989,0.5970873786407767,0.7674447791164659,92.25,20197,1.445759271178888
belize_bz_belize,2026-06-29,ltm0,en,17989,17907,2218,453.64664097838835,309.0,111.3619245723663,99.6,0.8298960475846351,belize,LatAm,BZD,0.5,309.0,99.6,17989,1.0,1.0,154.5,20197,89.06768331930485
belize_bz_belize,2026-06-29,ltm0,es,953,947,579,288.8612882787751,210.5,83.33612019996313,75.0,0.6589716684155299,belize,LatAm,BZD,0.5,309.0,99.6,17989,0.6812297734627831,0.7530120481927711,105.25,20197,4.718522552854385
belize_bz_belize,2026-06-29,ltm0,fr,213,211,181,252.76322274881517,194.5,85.24656208838555,80.75,0.7136150234741784,belize,LatAm,BZD,0.5,309.0,99.6,17989,0.6294498381877023,0.8107429718875503,97.25,20197,1.0546120710996683
belize_bz_belize,2026-06-29,ltm0,other,688,685,498,344.93699270072995,242.5,98.04768134630982,85.25,0.7049418604651163,belize,LatAm,BZD,0.5,309.0,99.6,17989,0.7847896440129449,0.8559236947791166,121.25,20197,3.406446501955736
belize_bz_belize,2026-06-29,ltm0,zh_ja_ko,34,34,33,195.47705882352943,168.5,70.82218137254903,68.5,0.5,belize,LatAm,BZD,0.5,309.0,99.6,17989,0.5453074433656958,0.6877510040160643,84.25,20197,0.16834183294548696
united-states_ma_cambridge,2026-06-29,ltm0,de,113,111,88,220.75306306306305,165.67,89.91167181467182,80.1675,0.3805309734513274,united-states,NAM,USD,1.0,238.27,83.38,14361,0.6953036471230116,0.9614715759174863,165.67,16171,0.6987817698348896
united-states_ma_cambridge,2026-06-29,ltm0,en,14361,13961,896,324.1349537998711,238.27,89.38815136530614,83.38,0.5269074048053956,united-states,NAM,USD,1.0,238.27,83.38,14361,1.0,1.0,238.27,16171,88.80712386370664
united-states_ma_cambridge,2026-06-29,ltm0,es,445,437,261,226.41679633867275,169.47,77.1759308911912,66.755,0.2895927601809955,united-states,NAM,USD,1.0,238.27,83.38,14361,0.7112519410752507,0.8006116574718157,169.47,16171,2.751839713066601
united-states_ma_cambridge,2026-06-29,ltm0,fr,90,88,77,267.3660227272727,209.64,75.3895431998557,67.25,0.4888888888888889,united-states,NAM,USD,1.0,238.27,83.38,14361,0.879842195828262,0.8065483329335572,209.64,16171,0.5565518520808855
united-states_ma_cambridge,2026-06-29,ltm0,it,21,21,21,210.57428571428576,177.0,80.76336167800453,63.9075,0.2857142857142857,united-states,NAM,USD,1.0,238.27,83.38,14361,0.7428547446174507,0.7664607819621012,177.0,16171,0.12986209881887328
united-states_ma_cambridge,2026-06-29,ltm0,other,824,798,378,232.72477443609023,178.0,77.52593883608733,72.0,0.3234932349323493,united-states,NAM,USD,1.0,238.27,83.38,14361,0.7470516640785663,0.8635164307987527,178.0,16171,5.095541401273885
united-states_ma_cambridge,2026-06-29,ltm0,pt,26,26,26,268.36,186.375,93.12663461538462,94.98875,0.3846153846153846,united-states,NAM,USD,1.0,238.27,83.38,14361,0.7822008645654089,1.1392270328615974,186.375,16171,0.16078164615670026
united-states_ma_cambridge,2026-06-29,ltm0,zh_ja_ko,291,281,206,256.81896797153024,172.0,82.03405953032733,72.5,0.3367697594501718,united-states,NAM,USD,1.0,238.27,83.38,14361,0.721870147311873,0.8695130726792997,172.0,16171,1.79951765506153
switzerland_geneva_geneva,2026-06-29,ltm0,de,497,359,323,0.269025069637883,0.16,0.142942001591723,0.065,0.6341463414634146,switzerland,EMEA,CHF,1.2595772919711887,0.16,0.0699999999999999,8107,1.0,0.9285714285714299,0.2015323667153902,15701,3.1654034774855107
switzerland_geneva_geneva,2026-06-29,ltm0,en,8107,5911,1197,0.2581136863474877,0.16,0.1330805211161327,0.0699999999999999,0.690738221837517,switzerland,EMEA,CHF,1.2595772919711887,0.16,0.0699999999999999,8107,1.0,1.0,0.2015323667153902,15701,51.63365390739443
switzerland_geneva_geneva,2026-06-29,ltm0,es,2735,1965,833,0.2584376590330788,0.15,0.1461555797891675,0.065,0.6726671565025716,switzerland,EMEA,CHF,1.2595772919711887,0.16,0.0699999999999999,8107,0.9375,0.9285714285714299,0.18893659379567831,15701,17.419272657792497
switzerland_geneva_geneva,2026-06-29,ltm0,fr,2027,1461,715,0.2752087611225188,0.16,0.1531513205784253,0.066,0.6848906560636183,switzerland,EMEA,CHF,1.2595772919711887,0.16,0.0699999999999999,8107,1.0,0.9428571428571443,0.2015323667153902,15701,12.910005732118973
switzerland_geneva_geneva,2026-06-29,ltm0,it,124,91,101,0.2420879120879121,0.14,0.1019705651491365,0.065,0.7258064516129032,switzerland,EMEA,CHF,1.2595772919711887,0.16,0.0699999999999999,8107,0.8750000000000001,0.9285714285714299,0.17634082087596645,15701,0.7897586141010127
switzerland_geneva_geneva,2026-06-29,ltm0,other,1648,1145,621,0.2649694323144104,0.16,0.1407787551119428,0.065,0.6601466992665037,switzerland,EMEA,CHF,1.2595772919711887,0.16,0.0699999999999999,8107,1.0,0.9285714285714299,0.2015323667153902,15701,10.496146742245717
switzerland_geneva_geneva,2026-06-29,ltm0,pt,167,107,134,0.2314953271028037,0.14,0.1249532710280373,0.06,0.7724550898203593,switzerland,EMEA,CHF,1.2595772919711887,0.16,0.0699999999999999,8107,0.8750000000000001,0.8571428571428584,0.17634082087596645,15701,1.0636265206037832
switzerland_geneva_geneva,2026-06-29,ltm0,zh_ja_ko,396,302,250,0.3386092715231788,0.19,0.1686328445285399,0.0653571428571428,0.5139240506329114,switzerland,EMEA,CHF,1.2595772919711887,0.16,0.0699999999999999,8107,1.1875,0.9336734693877556,0.23931968547452587,15701,2.5221323482580726
the-netherlands_south-holland_rotterdam,2026-06-28,ltm0,de,1997,1748,582,184.12260297482837,150.5,58.22397160176779,56.0,0.7712,the-netherlands,EMEA,EUR,1.1621366666666666,141.66,56.785,6748,1.0624029366087817,0.9861759267412169,174.90156833333333,13906,14.360707608226665
the-netherlands_south-holland_rotterdam,2026-06-28,ltm0,en,6748,5941,856,169.72143241878473,141.66,58.76852390503976,56.785,0.705421497963021,the-netherlands,EMEA,EUR,1.1621366666666666,141.66,56.785,6748,1.0,1.0,164.62828019999998,13906,48.52581619444844
the-netherlands_south-holland_rotterdam,2026-06-28,ltm0,es,1242,1081,467,159.65743755781685,138.5,54.21737030307035,50.5,0.7057291666666666,the-netherlands,EMEA,EUR,1.1621366666666666,141.66,56.785,6748,0.9776930679090781,0.8893193625077046,160.95592833333333,13906,8.931396519487992
the-netherlands_south-holland_rotterdam,2026-06-28,ltm0,fr,1109,941,433,171.67378320935174,145.5,56.849291723596984,55.166666666666664,0.7586206896551724,the-netherlands,EMEA,EUR,1.1621366666666666,141.66,56.785,6748,1.027107157983905,0.9715006897361392,169.090885,13906,7.974974831008198
the-netherlands_south-holland_rotterdam,2026-06-28,ltm0,it,94,86,80,143.24558139534884,130.8,50.96582751937984,49.0,0.6741573033707865,the-netherlands,EMEA,EUR,1.1621366666666666,141.66,56.785,6748,0.9233375688267684,0.8629039358985648,152.007476,13906,0.6759672083992522
the-netherlands_south-holland_rotterdam,2026-06-28,ltm0,other,2454,2002,571,171.9538761238761,135.0,54.906574791661335,51.375,0.6395458845789972,the-netherlands,EMEA,EUR,1.1621366666666666,141.66,56.785,6748,0.9529860228716646,0.904728361363036,156.88844999999998,13906,17.647058823529413
the-netherlands_south-holland_rotterdam,2026-06-28,ltm0,pt,80,68,67,165.2083823529412,146.75,58.662642156862745,59.6125,0.7916666666666666,the-netherlands,EMEA,EUR,1.1621366666666666,141.66,56.785,6748,1.0359311026401243,1.0497930791582284,170.54355583333333,13906,0.5752912411908528
the-netherlands_south-holland_rotterdam,2026-06-28,ltm0,zh_ja_ko,182,165,132,162.73157575757574,129.55,53.23847222222223,52.25,0.6091954022988506,the-netherlands,EMEA,EUR,1.1621366666666666,141.66,56.785,6748,0.9145136241705493,0.9201373602183676,150.55480516666668,13906,1.3087875737091903
united-states_ny_rochester,2026-06-27,ltm0,en,11636,11402,765,192.27015699000177,175.0,54.63305792527942,49.666666666666664,0.821244413887934,united-states,NAM,USD,1.0,175.0,49.666666666666664,11636,1.0,1.0,175.0,12308,94.54013649658758
united-states_ny_rochester,2026-06-27,ltm0,es,70,70,62,176.37214285714285,157.18,55.03933304988662,46.6,0.6857142857142857,united-states,NAM,USD,1.0,175.0,49.666666666666664,11636,0.8981714285714286,0.9382550335570471,157.18,12308,0.5687357816054599
united-states_ny_rochester,2026-06-27,ltm0,other,516,504,283,166.432123015873,147.5,55.877035944297106,50.5,0.6802325581395349,united-states,NAM,USD,1.0,175.0,49.666666666666664,11636,0.8428571428571429,1.016778523489933,147.5,12308,4.192395190120247
united-states_ny_rochester,2026-06-27,ltm0,zh_ja_ko,54,54,49,199.7859259259259,174.0,54.66433748812915,49.45833333333333,0.7037037037037037,united-states,NAM,USD,1.0,175.0,49.666666666666664,11636,0.9942857142857143,0.9958053691275167,174.0,12308,0.4387390315242119
the-netherlands_south-holland_the-hague,2026-06-28,ltm0,de,3199,2988,718,190.06984270414992,154.5,63.767025477265186,62.25,0.7665516159397553,the-netherlands,EMEA,EUR,1.1621366666666666,146.2,59.5,4782,1.0567715458276334,1.046218487394958,179.55011499999998,11048,28.955467052860246
the-netherlands_south-holland_the-hague,2026-06-28,ltm0,en,4782,4484,809,201.87622212310436,146.2,64.98696382334585,59.5,0.6931650893796004,the-netherlands,EMEA,EUR,1.1621366666666666,146.2,59.5,4782,1.0,1.0,169.90438066666664,11048,43.28385228095583
the-netherlands_south-holland_the-hague,2026-06-28,ltm0,es,647,614,325,165.9951954397394,145.0,58.26333444496147,56.583,0.7027863777089783,the-netherlands,EMEA,EUR,1.1621366666666666,146.2,59.5,4782,0.9917920656634748,0.9509747899159664,168.50981666666667,11048,5.85626357711803
the-netherlands_south-holland_the-hague,2026-06-28,ltm0,fr,478,444,247,183.62585585585583,155.0,62.11574092567842,59.5,0.7805907172995781,the-netherlands,EMEA,EUR,1.1621366666666666,146.2,59.5,4782,1.0601915184678523,1.0,180.13118333333333,11048,4.326574945691528
the-netherlands_south-holland_the-hague,2026-06-28,ltm0,it,51,49,45,176.6769387755102,142.33,58.17794703595724,57.1,0.7843137254901961,the-netherlands,EMEA,EUR,1.1621366666666666,146.2,59.5,4782,0.9735294117647061,0.9596638655462185,165.40691176666667,11048,0.46162201303403333
the-netherlands_south-holland_the-hague,2026-06-28,ltm0,other,1775,1696,456,159.8251533018868,137.5,60.523627779289626,60.5,0.6030839520274129,the-netherlands,EMEA,EUR,1.1621366666666666,146.2,59.5,4782,0.9404924760601916,1.0168067226890756,159.79379166666666,11048,16.066256335988413
the-netherlands_south-holland_the-hague,2026-06-28,ltm0,pt,22,21,19,151.7552380952381,141.5,59.29468253968254,44.505,0.5454545454545454,the-netherlands,EMEA,EUR,1.1621366666666666,146.2,59.5,4782,0.9678522571819426,0.747983193277311,164.4423383333333,11048,0.19913106444605358
the-netherlands_south-holland_the-hague,2026-06-28,ltm0,zh_ja_ko,94,92,63,151.86010869565217,137.0,54.06277536231884,54.98,0.4574468085106383,the-netherlands,EMEA,EUR,1.1621366666666666,146.2,59.5,4782,0.9370725034199727,0.924033613445378,159.21272333333332,11048,0.8508327299058653
united-states_mt_bozeman,2026-06-19,ltm0,en,9142,8706,463,359.57001608086375,333.67,91.9499489684512,83.8,0.8948117338003503,united-states,NAM,USD,1.0,333.67,83.8,9142,1.0,1.0,333.67,9502,96.21132393180383
united-states_mt_bozeman,2026-06-19,ltm0,es,28,26,26,306.60846153846154,316.77,74.28565705128204,65.45833333333334,0.6428571428571429,united-states,NAM,USD,1.0,333.67,83.8,9142,0.9493511553331134,0.7811256961018299,316.77,9502,0.29467480530414647
united-states_mt_bozeman,2026-06-19,ltm0,other,304,294,169,337.45125850340133,319.0,92.11119432542137,85.09875,0.7861842105263158,united-states,NAM,USD,1.0,333.67,83.8,9142,0.9560344052506967,1.0154982100238663,319.0,9502,3.199326457587876
singapore_sg_singapore,2026-06-29,ltm0,de,417,286,179,133.88283216783216,114.0,64.49395054945055,59.0,0.2277227722772277,singapore,APAC,SGD,0.7822295021291343,131.0,64.0,5879,0.8702290076335878,0.921875,89.17416324272132,9143,4.560866236465055
singapore_sg_singapore,2026-06-29,ltm0,en,5879,4275,775,165.42778011695907,131.0,70.14706954051796,64.0,0.3139508677034032,singapore,APAC,SGD,0.7822295021291343,131.0,64.0,5879,1.0,1.0,102.4720647789166,9143,64.30055780378432
singapore_sg_singapore,2026-06-29,ltm0,es,496,329,185,132.98452887537994,114.44,60.195207700101314,55.75833333333333,0.2064896755162241,singapore,APAC,SGD,0.7822295021291343,131.0,64.0,5879,0.8735877862595419,0.8712239583333333,89.51834422365813,9143,5.424915235699443
singapore_sg_singapore,2026-06-29,ltm0,fr,221,166,128,143.1298795180723,118.5,61.568692771084336,51.689166666666665,0.188235294117647,singapore,APAC,SGD,0.7822295021291343,131.0,64.0,5879,0.9045801526717557,0.8076432291666666,92.69419600230242,9143,2.417149732035437
singapore_sg_singapore,2026-06-29,ltm0,other,1250,768,335,139.33510416666667,107.0,61.07272157118055,52.13,0.1639549436795995,singapore,APAC,SGD,0.7822295021291343,131.0,64.0,5879,0.816793893129771,0.81453125,83.69855672781738,9143,13.671661380290933
singapore_sg_singapore,2026-06-29,ltm0,zh_ja_ko,856,685,326,172.71118248175182,129.0,69.1299443517553,59.370000000000005,0.2142857142857142,singapore,APAC,SGD,0.7822295021291343,131.0,64.0,5879,0.9847328244274809,0.9276562500000001,100.90760577465834,9143,9.36235371322323
united-states_ny_albany,2026-06-16,ltm0,en,5919,5787,378,192.1394954207707,157.0,55.43075077655002,50.0,0.818719378273357,united-states,NAM,USD,1.0,157.0,50.0,5919,1.0,1.0,157.0,6381,92.75975552421251
united-states_ny_albany,2026-06-16,ltm0,es,58,57,49,170.5154385964912,160.17,46.24554093567251,39.25,0.9310344827586208,united-states,NAM,USD,1.0,157.0,50.0,5919,1.0201910828025478,0.785,160.17,6381,0.9089484406832785
united-states_ny_albany,2026-06-16,ltm0,fr,27,25,24,163.9816,154.0,57.550733333333326,49.75,0.8148148148148148,united-states,NAM,USD,1.0,157.0,50.0,5919,0.9808917197452229,0.995,154.0,6381,0.4231311706629055
united-states_ny_albany,2026-06-16,ltm0,other,313,309,148,159.85708737864076,137.33,53.797960835101605,48.0,0.7635782747603834,united-states,NAM,USD,1.0,157.0,50.0,5919,0.8747133757961785,0.96,137.33,6381,4.905187274721831
united-states_ny_albany,2026-06-16,ltm0,zh_ja_ko,33,32,30,196.4334375,158.5,53.29083333333333,47.25,0.6666666666666666,united-states,NAM,USD,1.0,157.0,50.0,5919,1.0095541401273886,0.945,158.5,6381,0.5171603196991067
australia_sa_barossa-valley,2026-06-29,ltm0,en,4279,4139,286,412.8044672626238,346.0,96.38074793638084,82.0,0.9605047908389812,australia,APAC,AUD,0.7040833333333333,346.0,82.0,4279,1.0,1.0,243.61283333333333,4444,96.2871287128713
australia_sa_barossa-valley,2026-06-29,ltm0,other,138,135,96,421.0268148148148,345.0,92.52389311634867,78.9090909090909,0.9420289855072465,australia,APAC,AUD,0.7040833333333333,346.0,82.0,4279,0.9971098265895953,0.9623059866962306,242.90874999999997,4444,3.1053105310531053
united-states_or_salem-or,2026-06-28,ltm0,en,4145,3951,237,202.17664388762336,164.56,52.88272514794326,49.16,0.7944511459589867,united-states,NAM,USD,1.0,164.56,49.16,4145,1.0,1.0,164.56,4326,95.81599630143319
united-states_or_salem-or,2026-06-28,ltm0,es,23,20,20,160.7855,155.0,42.477357142857144,39.25,0.8260869565217391,united-states,NAM,USD,1.0,164.56,49.16,4145,0.9419056878949927,0.7984133441822621,155.0,4326,0.53166897827092
united-states_or_salem-or,2026-06-28,ltm0,other,138,131,77,185.00740458015267,153.0,54.24278898582334,50.5,0.6811594202898551,united-states,NAM,USD,1.0,164.56,49.16,4145,0.9297520661157025,1.0272579332790888,153.0,4326,3.19001386962552
united-states_ca_pacific-grove,2026-06-14,ltm0,en,3216,3157,182,643.6341431738992,589.67,160.98054375386516,148.5,0.8125,united-states,NAM,USD,1.0,589.67,148.5,3216,1.0,1.0,589.67,3371,95.40195787600119
united-states_ca_pacific-grove,2026-06-14,ltm0,es,21,21,15,566.9042857142857,572.0,149.45125000000002,143.0,0.8095238095238095,united-states,NAM,USD,1.0,589.67,148.5,3216,0.9700340868621433,0.9629629629629629,572.0,3371,0.6229605458320973
united-states_ca_pacific-grove,2026-06-14,ltm0,other,90,89,52,641.9085393258428,582.0,171.04256072766185,164.25,0.7333333333333333,united-states,NAM,USD,1.0,589.67,148.5,3216,0.9869927247443486,1.106060606060606,582.0,3371,2.6698309107089884
