contractSymbol,lastTradeDate,strike,lastPrice,bid,ask,change,percentChange,volume,openInterest,impliedVolatility,inTheMoney,contractSize,currency,side,expiry,pull_utc
ABNB260918C00060000,2026-09-11 14:53:07+00:00,60.0,109.22,108.3,111.25,-0.34999847,-0.3194291,2.0,12,4.400395124511719,True,REGULAR,USD,call,2026-09-18,2026-09-12T04:49:30.183206+00:00
ABNB260918C00065000,2026-09-11 14:53:07+00:00,65.0,104.23,103.3,106.1,-0.34999847,-0.33467054,2.0,7,3.972656318359375,True,REGULAR,USD,call,2026-09-18,2026-09-12T04:49:30.183206+00:00
ABNB260918C00070000,2026-09-10 14:30:20+00:00,70.0,99.56,98.3,101.1,0.0,0.0,36.0,18,3.6933601416015627,True,REGULAR,USD,call,2026-09-18,2026-09-12T04:49:30.183206+00:00
ABNB260918C00075000,2026-09-11 17:03:40+00:00,75.0,94.28,93.3,96.65,-0.48000336,-0.5065464,4.0,26,3.783203666992188,True,REGULAR,USD,call,2026-09-18,2026-09-12T04:49:30.183206+00:00
ABNB260918C00080000,2026-09-11 17:26:14+00:00,80.0,89.34,88.3,92.0,-0.44000244,-0.4900896,72.0,39,3.696289821777344,True,REGULAR,USD,call,2026-09-18,2026-09-12T04:49:30.183206+00:00
ABNB260918C00085000,2026-09-11 17:26:14+00:00,85.0,84.36,83.3,87.05,-0.37000275,-0.43668443,72.0,4,3.46093884765625,True,REGULAR,USD,call,2026-09-18,2026-09-12T04:49:30.183206+00:00
ABNB260918C00090000,2026-09-11 17:22:32+00:00,90.0,79.4,78.35,82.05,-0.34999847,-0.43886957,10.0,42,1.5312523437499999,True,REGULAR,USD,call,2026-09-18,2026-09-12T04:49:30.183206+00:00
ABNB260918C00095000,2026-09-11 17:22:10+00:00,95.0,74.41,73.35,76.5,0.4200058,0.56765217,8.0,26,2.7519562451171877,True,REGULAR,USD,call,2026-09-18,2026-09-12T04:49:30.183206+00:00
ABNB260918C00100000,2026-09-11 17:21:46+00:00,100.0,69.42,68.3,71.5,-0.22000122,-0.31591216,70.0,43,2.5468786328124997,True,REGULAR,USD,call,2026-09-18,2026-09-12T04:49:30.183206+00:00
ABNB260918C00105000,2026-09-11 17:21:00+00:00,105.0,64.44,63.3,65.55,-0.20999908,-0.32482457,70.0,17,1.82421962890625,True,REGULAR,USD,call,2026-09-18,2026-09-12T04:49:30.183206+00:00
ABNB260918C00110000,2026-09-11 17:20:48+00:00,110.0,59.36,59.05,61.9,0.3600006,0.6101705,4.0,77,1.6064472802734375,True,REGULAR,USD,call,2026-09-18,2026-09-12T04:49:30.183206+00:00
ABNB260918C00115000,2026-09-11 17:20:48+00:00,115.0,54.37,53.3,57.05,-7.4799995,-12.093775,4.0,56,2.1630905297851566,True,REGULAR,USD,call,2026-09-18,2026-09-12T04:49:30.183206+00:00
ABNB260918C00120000,2026-09-11 17:21:30+00:00,120.0,49.29,49.0,51.0,-1.3099976,-2.5889282,6.0,134,1.6162128564453124,True,REGULAR,USD,call,2026-09-18,2026-09-12T04:49:30.183206+00:00
ABNB260918C00125000,2026-09-11 17:21:30+00:00,125.0,44.31,43.5,45.55,1.2299995,2.8551521,4.0,535,1.2402381738281247,True,REGULAR,USD,call,2026-09-18,2026-09-12T04:49:30.183206+00:00
ABNB260918C00130000,2026-09-10 14:01:36+00:00,130.0,38.15,38.4,40.85,0.0,0.0,2.0,506,1.2490271923828122,True,REGULAR,USD,call,2026-09-18,2026-09-12T04:49:30.183206+00:00
ABNB260918C00135000,2026-09-11 17:19:06+00:00,135.0,34.46,34.0,35.9,-0.9900017,-2.7926705,2.0,370,1.1240278173828124,True,REGULAR,USD,call,2026-09-18,2026-09-12T04:49:30.183206+00:00
ABNB260918C00140000,2026-09-11 17:19:06+00:00,140.0,29.47,28.85,31.0,1.0999985,3.8773298,2.0,880,1.013676806640625,True,REGULAR,USD,call,2026-09-18,2026-09-12T04:49:30.183206+00:00
ABNB260918C00145000,2026-09-11 18:38:53+00:00,145.0,24.65,24.25,25.95,-9.230001,-27.243216,5.0,367,0.8564467480468749,True,REGULAR,USD,call,2026-09-18,2026-09-12T04:49:30.183206+00:00
ABNB260918C00150000,2026-09-11 19:51:33+00:00,150.0,20.5,19.15,21.1,1.1599998,5.997931,3.0,1623,0.7524438818359375,True,REGULAR,USD,call,2026-09-18,2026-09-12T04:49:30.183206+00:00
ABNB260918C00155000,2026-09-11 13:36:22+00:00,155.0,14.7,13.5,16.3,1.25,9.29368,3.0,449,0.6459996337890624,True,REGULAR,USD,call,2026-09-18,2026-09-12T04:49:30.183206+00:00
ABNB260918C00160000,2026-09-11 19:37:22+00:00,160.0,10.6,8.7,11.4,1.6200008,18.0401,5.0,2328,0.5073291455078125,True,REGULAR,USD,call,2026-09-18,2026-09-12T04:49:30.183206+00:00
ABNB260918C00165000,2026-09-11 16:48:31+00:00,165.0,5.7,5.25,7.1,0.98,20.762712,11.0,982,0.42969320312500003,True,REGULAR,USD,call,2026-09-18,2026-09-12T04:49:30.183206+00:00
ABNB260918C00167500,2026-09-11 19:38:43+00:00,167.5,4.5,2.47,6.35,0.5,12.5,10.0,4,0.5241746801757812,True,REGULAR,USD,call,2026-09-18,2026-09-12T04:49:30.183206+00:00
ABNB260918C00170000,2026-09-11 19:42:22+00:00,170.0,2.95,2.34,3.35,0.49,19.9187,170.0,1207,0.3461979443359374,True,REGULAR,USD,call,2026-09-18,2026-09-12T04:49:30.183206+00:00
ABNB260918C00175000,2026-09-11 19:59:17+00:00,175.0,0.81,0.82,1.12,-0.029999971,-3.5714254,126.0,1361,0.305671005859375,False,REGULAR,USD,call,2026-09-18,2026-09-12T04:49:30.183206+00:00
ABNB260918C00177500,2026-09-11 19:51:00+00:00,177.5,0.55,0.35,0.75,-0.37,-40.217392,53.0,36,0.327155166015625,False,REGULAR,USD,call,2026-09-18,2026-09-12T04:49:30.183206+00:00
ABNB260918C00180000,2026-09-11 19:50:46+00:00,180.0,0.34,0.25,0.47,-0.00999999,-2.8571403,35.0,1035,0.3398503515625,False,REGULAR,USD,call,2026-09-18,2026-09-12T04:49:30.183206+00:00
ABNB260918C00182500,2026-09-11 19:55:51+00:00,182.5,0.19,0.15,0.23,-0.060000002,-24.0,12.0,221,0.33301448242187504,False,REGULAR,USD,call,2026-09-18,2026-09-12T04:49:30.183206+00:00
ABNB260918C00185000,2026-09-11 19:48:33+00:00,185.0,0.11,0.1,0.15,-0.049999997,-31.25,17.0,1890,0.3505924316406249,False,REGULAR,USD,call,2026-09-18,2026-09-12T04:49:30.183206+00:00
ABNB260918C00187500,2026-09-10 13:44:42+00:00,187.5,0.12,0.0,0.45,0.0,0.0,1.0,1537,0.499028447265625,False,REGULAR,USD,call,2026-09-18,2026-09-12T04:49:30.183206+00:00
ABNB260918C00190000,2026-09-11 17:38:08+00:00,190.0,0.04,0.0,0.1,-0.04,-50.0,12.0,1943,0.40820904296875,False,REGULAR,USD,call,2026-09-18,2026-09-12T04:49:30.183206+00:00
ABNB260918C00192500,2026-09-10 16:25:11+00:00,192.5,0.11,0.0,0.2,0.0,0.0,1.0,248,0.50586431640625,False,REGULAR,USD,call,2026-09-18,2026-09-12T04:49:30.183206+00:00
ABNB260918C00195000,2026-09-11 14:08:24+00:00,195.0,0.1,0.0,0.19,0.040000003,66.66667,10.0,2624,0.5429733203125001,False,REGULAR,USD,call,2026-09-18,2026-09-12T04:49:30.183206+00:00
ABNB260918C00197500,2026-09-11 16:18:00+00:00,197.5,0.18,0.0,0.58,0.11000001,157.14287,1.0,1469,0.63086306640625,False,REGULAR,USD,call,2026-09-18,2026-09-12T04:49:30.183206+00:00
ABNB260918C00200000,2026-09-11 19:27:32+00:00,200.0,0.08,0.01,0.27,0.049999997,166.66666,2.0,2943,0.5918009570312501,False,REGULAR,USD,call,2026-09-18,2026-09-12T04:49:30.183206+00:00
ABNB260918C00202500,2026-09-11 13:33:50+00:00,202.5,0.02,0.0,0.37,-0.09,-81.818184,5.0,94,0.659183095703125,False,REGULAR,USD,call,2026-09-18,2026-09-12T04:49:30.183206+00:00
ABNB260918C00205000,2026-09-10 17:15:44+00:00,205.0,0.08,0.0,0.82,0.0,0.0,18.0,58,0.8051777294921875,False,REGULAR,USD,call,2026-09-18,2026-09-12T04:49:30.183206+00:00
ABNB260918C00207500,2026-08-28 15:02:06+00:00,207.5,0.58,0.0,1.55,0.0,0.0,1.0,3,0.9682620361328125,False,REGULAR,USD,call,2026-09-18,2026-09-12T04:49:30.183206+00:00
ABNB260918C00210000,2026-09-10 19:44:29+00:00,210.0,0.02,0.0,0.07,0.0,0.0,14.0,148,0.6132851171875001,False,REGULAR,USD,call,2026-09-18,2026-09-12T04:49:30.183206+00:00
ABNB260918C00212500,2026-08-28 17:17:45+00:00,212.5,0.32,0.0,1.01,0.0,0.0,,1,0.9633792724609375,False,REGULAR,USD,call,2026-09-18,2026-09-12T04:49:30.183206+00:00
ABNB260918C00215000,2026-08-27 19:41:45+00:00,215.0,0.21,0.0,0.75,0.0,0.0,,3,0.94726615234375,False,REGULAR,USD,call,2026-09-18,2026-09-12T04:49:30.183206+00:00
ABNB260918C00220000,2026-09-09 16:04:12+00:00,220.0,0.03,0.0,0.88,0.0,0.0,16.0,115,1.0512742749023438,False,REGULAR,USD,call,2026-09-18,2026-09-12T04:49:30.183206+00:00
ABNB260918C00225000,2026-08-25 14:20:41+00:00,225.0,0.13,0.0,2.13,0.0,0.0,4.0,6,1.3442415600585935,False,REGULAR,USD,call,2026-09-18,2026-09-12T04:49:30.183206+00:00
ABNB260918C00230000,2026-09-10 14:44:25+00:00,230.0,0.01,0.0,0.01,0.0,0.0,157.0,178,0.70312796875,False,REGULAR,USD,call,2026-09-18,2026-09-12T04:49:30.183206+00:00
ABNB260918P00060000,2026-04-17 16:55:34+00:00,60.0,0.02,0.0,1.05,0.0,0.0,5.0,141,3.8789065527343753,False,REGULAR,USD,put,2026-09-18,2026-09-12T04:49:30.183206+00:00
ABNB260918P00065000,2026-07-31 17:20:44+00:00,65.0,0.03,0.0,2.13,0.0,0.0,3.0,40,4.0947314440917975,False,REGULAR,USD,put,2026-09-18,2026-09-12T04:49:30.183206+00:00
ABNB260918P00070000,2026-06-02 14:02:45+00:00,70.0,0.14,0.0,0.0,0.0,0.0,1.0,0,0.500005,False,REGULAR,USD,put,2026-09-18,2026-09-12T04:49:30.183206+00:00
ABNB260918P00075000,2026-06-08 15:45:54+00:00,75.0,0.16,0.0,0.19,0.0,0.0,2.0,96,2.43750390625,False,REGULAR,USD,put,2026-09-18,2026-09-12T04:49:30.183206+00:00
ABNB260918P00080000,2026-09-10 19:47:46+00:00,80.0,0.03,0.0,1.3,0.0,0.0,6.0,72,2.9980493798828123,False,REGULAR,USD,put,2026-09-18,2026-09-12T04:49:30.183206+00:00
ABNB260918P00085000,2026-07-30 14:42:23+00:00,85.0,0.04,0.0,2.13,0.0,0.0,1.0,359,3.0605492236328127,False,REGULAR,USD,put,2026-09-18,2026-09-12T04:49:30.183206+00:00
ABNB260918P00090000,2026-08-13 13:30:01+00:00,90.0,0.01,0.0,0.15,0.0,0.0,1.0,1404,1.8789068554687498,False,REGULAR,USD,put,2026-09-18,2026-09-12T04:49:30.183206+00:00
ABNB260918P00095000,2026-08-25 15:12:50+00:00,95.0,0.01,0.0,2.13,0.0,0.0,10.0,265,2.631839357910157,False,REGULAR,USD,put,2026-09-18,2026-09-12T04:49:30.183206+00:00
ABNB260918P00100000,2026-08-19 17:13:45+00:00,100.0,0.1,0.0,0.05,0.0,0.0,4.0,1336,1.40625296875,False,REGULAR,USD,put,2026-09-18,2026-09-12T04:49:30.183206+00:00
ABNB260918P00105000,2026-08-17 13:30:01+00:00,105.0,0.01,0.0,2.13,0.0,0.0,1.0,756,2.2441450146484367,False,REGULAR,USD,put,2026-09-18,2026-09-12T04:49:30.183206+00:00
ABNB260918P00110000,2026-09-11 18:12:45+00:00,110.0,0.01,0.0,1.0,0.0,0.0,9.0,686,1.7695324023437498,False,REGULAR,USD,put,2026-09-18,2026-09-12T04:49:30.183206+00:00
ABNB260918P00115000,2026-09-10 19:13:13+00:00,115.0,0.05,0.0,0.1,0.0,0.0,5.0,1029,1.1484417578125,False,REGULAR,USD,put,2026-09-18,2026-09-12T04:49:30.183206+00:00
ABNB260918P00120000,2026-09-10 17:59:50+00:00,120.0,0.07,0.0,0.1,0.0,0.0,2.0,1317,1.0351610742187503,False,REGULAR,USD,put,2026-09-18,2026-09-12T04:49:30.183206+00:00
ABNB260918P00125000,2026-09-10 17:59:50+00:00,125.0,0.09,0.0,0.94,0.0,0.0,3.0,1915,1.303714418945312,False,REGULAR,USD,put,2026-09-18,2026-09-12T04:49:30.183206+00:00
ABNB260918P00130000,2026-09-03 14:58:25+00:00,130.0,0.05,0.0,0.06,0.0,0.0,9.0,999,0.773439765625,False,REGULAR,USD,put,2026-09-18,2026-09-12T04:49:30.183206+00:00
ABNB260918P00135000,2026-08-31 13:30:02+00:00,135.0,0.1,0.0,0.57,0.0,0.0,2.0,462,0.9335944140625,False,REGULAR,USD,put,2026-09-18,2026-09-12T04:49:30.183206+00:00
ABNB260918P00140000,2026-09-11 14:06:45+00:00,140.0,0.01,0.0,0.01,-0.03,-75.0,1.0,567,0.51562984375,False,REGULAR,USD,put,2026-09-18,2026-09-12T04:49:30.183206+00:00
ABNB260918P00145000,2026-09-08 14:35:14+00:00,145.0,0.07,0.0,0.15,0.0,0.0,1.0,509,0.5488326367187502,False,REGULAR,USD,put,2026-09-18,2026-09-12T04:49:30.183206+00:00
ABNB260918P00150000,2026-09-11 19:39:00+00:00,150.0,0.04,0.0,0.1,-0.04,-50.0,2.0,903,0.46680220703125,False,REGULAR,USD,put,2026-09-18,2026-09-12T04:49:30.183206+00:00
ABNB260918P00155000,2026-09-11 19:46:16+00:00,155.0,0.21,0.04,0.2,-0.09000002,-30.000004,55.0,413,0.41309180664062495,False,REGULAR,USD,put,2026-09-18,2026-09-12T04:49:30.183206+00:00
ABNB260918P00160000,2026-09-11 18:19:10+00:00,160.0,0.39,0.05,0.57,-0.40000004,-50.63291,21.0,419,0.3920959228515625,False,REGULAR,USD,put,2026-09-18,2026-09-12T04:49:30.183206+00:00
ABNB260918P00162500,2026-09-11 17:59:31+00:00,162.5,0.69,0.35,0.76,-0.39000005,-36.111115,3.0,439,0.35474278076171867,False,REGULAR,USD,put,2026-09-18,2026-09-12T04:49:30.183206+00:00
ABNB260918P00165000,2026-09-11 19:56:45+00:00,165.0,0.87,0.87,1.18,-1.2099999,-58.173073,33.0,467,0.335944140625,False,REGULAR,USD,put,2026-09-18,2026-09-12T04:49:30.183206+00:00
ABNB260918P00167500,2026-09-11 19:56:34+00:00,167.5,1.56,1.5,1.87,-1.45,-48.17276,71.0,31,0.3244696459960937,False,REGULAR,USD,put,2026-09-18,2026-09-12T04:49:30.183206+00:00
ABNB260918P00170000,2026-09-11 19:11:45+00:00,170.0,2.9,2.09,3.1,-1.9000001,-39.583336,19.0,2328,0.3398503515625,False,REGULAR,USD,put,2026-09-18,2026-09-12T04:49:30.183206+00:00
ABNB260918P00172500,2026-09-11 19:56:45+00:00,172.5,3.8,3.4,4.25,-2.3500001,-38.211384,97.0,167,0.31201859863281245,True,REGULAR,USD,put,2026-09-18,2026-09-12T04:49:30.183206+00:00
ABNB260918P00175000,2026-09-11 17:13:21+00:00,175.0,6.65,5.35,6.5,-1.25,-15.822784,27.0,1069,0.37695935546875,True,REGULAR,USD,put,2026-09-18,2026-09-12T04:49:30.183206+00:00
ABNB260918P00177500,2026-09-11 19:54:00+00:00,177.5,8.08,7.15,9.0,-1.3199997,-14.04255,6.0,105,0.459966337890625,True,REGULAR,USD,put,2026-09-18,2026-09-12T04:49:30.183206+00:00
ABNB260918P00180000,2026-09-11 19:30:56+00:00,180.0,10.47,9.5,11.25,-2.58,-19.770115,6.0,681,0.5009815527343751,True,REGULAR,USD,put,2026-09-18,2026-09-12T04:49:30.183206+00:00
ABNB260918P00182500,2026-09-11 17:02:19+00:00,182.5,13.26,11.45,13.6,-0.43999958,-3.211676,2.0,71,0.5473678076171876,True,REGULAR,USD,put,2026-09-18,2026-09-12T04:49:30.183206+00:00
ABNB260918P00185000,2026-09-11 13:41:56+00:00,185.0,17.0,14.0,16.15,0.7099991,4.358496,1.0,1286,0.6203651245117189,True,REGULAR,USD,put,2026-09-18,2026-09-12T04:49:30.183206+00:00
ABNB260918P00187500,2026-09-08 14:39:09+00:00,187.5,11.01,16.2,19.3,0.0,0.0,1.0,10,0.7863790893554687,True,REGULAR,USD,put,2026-09-18,2026-09-12T04:49:30.183206+00:00
ABNB260918P00190000,2026-09-10 13:31:32+00:00,190.0,23.8,18.95,21.8,0.0,0.0,1.0,28,0.5800823242187501,True,REGULAR,USD,put,2026-09-18,2026-09-12T04:49:30.183206+00:00
ABNB260918P00192500,2026-09-08 14:40:06+00:00,192.5,15.51,21.45,24.3,0.0,0.0,1.0,0,0.6303747900390625,True,REGULAR,USD,put,2026-09-18,2026-09-12T04:49:30.183206+00:00
ABNB260918P00195000,2026-09-10 17:30:22+00:00,195.0,25.55,24.0,26.8,0.0,0.0,10.0,0,0.6860382958984376,True,REGULAR,USD,put,2026-09-18,2026-09-12T04:49:30.183206+00:00
ABNB260918P00197500,2026-08-26 15:51:40+00:00,197.5,10.6,26.45,29.3,0.0,0.0,,0,0.7260769580078125,True,REGULAR,USD,put,2026-09-18,2026-09-12T04:49:30.183206+00:00
ABNB260918P00200000,2026-09-08 13:58:48+00:00,200.0,20.0,28.35,31.7,0.0,0.0,1.0,0,0.6367223828125,True,REGULAR,USD,put,2026-09-18,2026-09-12T04:49:30.183206+00:00
ABNB260918P00202500,2026-08-25 16:23:28+00:00,202.5,13.7,31.35,34.3,0.0,0.0,,0,0.8007832421875,True,REGULAR,USD,put,2026-09-18,2026-09-12T04:49:30.183206+00:00
ABNB260918P00205000,2026-08-26 15:51:40+00:00,205.0,16.85,34.0,36.8,0.0,0.0,,0,0.8686536572265625,True,REGULAR,USD,put,2026-09-18,2026-09-12T04:49:30.183206+00:00
ABNB260918P00210000,2026-09-09 16:51:10+00:00,210.0,39.53,38.7,41.75,0.0,0.0,4.0,0,0.8881847119140623,True,REGULAR,USD,put,2026-09-18,2026-09-12T04:49:30.183206+00:00
ABNB260918P00212500,2026-09-03 13:33:57+00:00,212.5,25.61,41.15,44.3,0.0,0.0,,0,0.9272468212890624,True,REGULAR,USD,put,2026-09-18,2026-09-12T04:49:30.183206+00:00
ABNB260925C00130000,2026-08-07 18:16:24+00:00,130.0,45.98,38.4,41.65,0.0,0.0,1.0,1,1.0703171484375003,True,REGULAR,USD,call,2026-09-25,2026-09-12T04:49:30.183206+00:00
ABNB260925C00141000,2026-09-04 15:50:49+00:00,141.0,41.43,27.45,31.25,0.0,0.0,1.0,1,0.5009815527343751,True,REGULAR,USD,call,2026-09-25,2026-09-12T04:49:30.183206+00:00
ABNB260925C00147000,2026-08-07 14:13:14+00:00,147.0,30.1,21.5,24.9,0.0,0.0,2.0,0,0.7182645361328125,True,REGULAR,USD,call,2026-09-25,2026-09-12T04:49:30.183206+00:00
ABNB260925C00150000,2026-09-04 16:40:02+00:00,150.0,32.58,18.65,21.45,0.0,0.0,1.0,4,0.5864299169921875,True,REGULAR,USD,call,2026-09-25,2026-09-12T04:49:30.183206+00:00
ABNB260925C00152500,2026-09-10 19:37:19+00:00,152.5,16.45,16.25,19.3,0.0,0.0,1.0,1,0.57812921875,True,REGULAR,USD,call,2026-09-25,2026-09-12T04:49:30.183206+00:00
ABNB260925C00155000,2026-09-09 13:51:04+00:00,155.0,16.19,13.9,17.55,0.0,0.0,1.0,7,0.6054726953125001,True,REGULAR,USD,call,2026-09-25,2026-09-12T04:49:30.183206+00:00
ABNB260925C00157500,2026-08-07 16:31:21+00:00,157.5,18.89,12.3,14.15,0.0,0.0,2.0,2,0.44482977050781247,True,REGULAR,USD,call,2026-09-25,2026-09-12T04:49:30.183206+00:00
ABNB260925C00160000,2026-09-02 13:35:28+00:00,160.0,22.3,10.2,11.8,0.0,0.0,13.0,19,0.4024717956542969,True,REGULAR,USD,call,2026-09-25,2026-09-12T04:49:30.183206+00:00
ABNB260925C00162500,2026-09-09 18:41:02+00:00,162.5,10.15,8.45,9.75,0.0,0.0,1.0,16,0.38403936279296874,True,REGULAR,USD,call,2026-09-25,2026-09-12T04:49:30.183206+00:00
ABNB260925C00165000,2026-09-11 19:30:16+00:00,165.0,7.3,6.6,7.75,-11.97,-62.11728,100.0,9,0.35950347534179683,True,REGULAR,USD,call,2026-09-25,2026-09-12T04:49:30.183206+00:00
ABNB260925C00167500,2026-09-11 14:50:07+00:00,167.5,5.5,4.4,6.0,-17.58,-76.169846,2.0,7,0.34326828613281246,True,REGULAR,USD,call,2026-09-25,2026-09-12T04:49:30.183206+00:00
ABNB260925C00170000,2026-09-11 19:18:31+00:00,170.0,3.96,3.75,5.65,0.21000004,5.600001,8.0,12,0.41797457031249996,True,REGULAR,USD,call,2026-09-25,2026-09-12T04:49:30.183206+00:00
ABNB260925C00172500,2026-09-11 19:39:58+00:00,172.5,3.01,1.67,4.4,0.52,20.883533,2.0,16,0.40918559570312496,False,REGULAR,USD,call,2026-09-25,2026-09-12T04:49:30.183206+00:00
ABNB260925C00175000,2026-09-11 19:42:36+00:00,175.0,2.01,0.7,2.5,-0.19000006,-8.636366,5.0,33,0.33399103515625,False,REGULAR,USD,call,2026-09-25,2026-09-12T04:49:30.183206+00:00
ABNB260925C00180000,2026-09-11 19:50:38+00:00,180.0,0.85,0.61,1.03,-0.31999993,-27.350422,166.0,155,0.3107979077148437,False,REGULAR,USD,call,2026-09-25,2026-09-12T04:49:30.183206+00:00
ABNB260925C00182500,2026-09-10 19:17:52+00:00,182.5,0.59,0.0,1.02,0.0,0.0,1.0,46,0.35596347167968745,False,REGULAR,USD,call,2026-09-25,2026-09-12T04:49:30.183206+00:00
ABNB260925C00185000,2026-09-11 19:42:46+00:00,185.0,0.4,0.3,0.64,-0.16,-28.571426,7.0,65,0.34717449707031245,False,REGULAR,USD,call,2026-09-25,2026-09-12T04:49:30.183206+00:00
ABNB260925C00187500,2026-09-10 17:27:45+00:00,187.5,0.39,0.0,2.35,0.0,0.0,1.0,5,0.5935099243164064,False,REGULAR,USD,call,2026-09-25,2026-09-12T04:49:30.183206+00:00
ABNB260925C00190000,2026-09-11 19:17:20+00:00,190.0,0.21,0.0,0.48,-0.11,-34.375,2.0,75,0.3940490283203125,False,REGULAR,USD,call,2026-09-25,2026-09-12T04:49:30.183206+00:00
ABNB260925C00192500,2026-09-10 17:28:09+00:00,192.5,0.26,0.0,0.47,0.0,0.0,5.0,65,0.42676354492187507,False,REGULAR,USD,call,2026-09-25,2026-09-12T04:49:30.183206+00:00
ABNB260925C00195000,2026-09-10 17:28:09+00:00,195.0,0.15,0.0,0.43,0.0,0.0,15.0,21,0.45117736328125,False,REGULAR,USD,call,2026-09-25,2026-09-12T04:49:30.183206+00:00
ABNB260925C00197500,2026-09-08 19:25:12+00:00,197.5,0.37,0.0,2.0,0.0,0.0,6.0,25,0.5918009570312501,False,REGULAR,USD,call,2026-09-25,2026-09-12T04:49:30.183206+00:00
ABNB260925C00200000,2026-09-09 19:54:06+00:00,200.0,0.09,0.0,2.2,0.0,0.0,5.0,122,0.6433141137695313,False,REGULAR,USD,call,2026-09-25,2026-09-12T04:49:30.183206+00:00
ABNB260925C00202500,2026-09-02 18:12:30+00:00,202.5,0.53,0.0,0.95,0.0,0.0,3.0,37,0.5561567822265626,False,REGULAR,USD,call,2026-09-25,2026-09-12T04:49:30.183206+00:00
ABNB260925C00205000,2026-09-11 19:36:36+00:00,205.0,0.34,0.0,0.66,-0.03999999,-10.526314,10.0,55,0.5459029785156251,False,REGULAR,USD,call,2026-09-25,2026-09-12T04:49:30.183206+00:00
ABNB260925C00207500,2026-09-08 16:46:03+00:00,207.5,0.51,0.0,2.18,0.0,0.0,2.0,3,0.7434107690429688,False,REGULAR,USD,call,2026-09-25,2026-09-12T04:49:30.183206+00:00
ABNB260925C00210000,2026-09-10 16:17:39+00:00,210.0,0.48,0.0,1.56,0.0,0.0,1.0,8,0.7165555688476561,False,REGULAR,USD,call,2026-09-25,2026-09-12T04:49:30.183206+00:00
ABNB260925C00215000,2026-09-11 19:36:36+00:00,215.0,0.31,0.0,2.16,-0.06999999,-18.421051,10.0,18,0.8364274169921874,False,REGULAR,USD,call,2026-09-25,2026-09-12T04:49:30.183206+00:00
ABNB260925C00220000,2026-08-25 13:44:28+00:00,220.0,0.53,0.0,0.25,0.0,0.0,15.0,80,0.6064492480468751,False,REGULAR,USD,call,2026-09-25,2026-09-12T04:49:30.183206+00:00
ABNB260925C00230000,2026-08-25 17:59:53+00:00,230.0,0.16,0.0,2.15,0.0,0.0,,1,1.0078174609375,False,REGULAR,USD,call,2026-09-25,2026-09-12T04:49:30.183206+00:00
ABNB260925P00100000,2026-09-04 13:30:03+00:00,100.0,0.01,0.0,0.1,0.0,0.0,2.0,6,1.0742233789062503,False,REGULAR,USD,put,2026-09-25,2026-09-12T04:49:30.183206+00:00
ABNB260925P00130000,2026-08-27 19:26:33+00:00,130.0,0.11,0.0,1.04,0.0,0.0,,20,0.8403336279296875,False,REGULAR,USD,put,2026-09-25,2026-09-12T04:49:30.183206+00:00
ABNB260925P00135000,2026-08-07 15:16:38+00:00,135.0,0.6,0.0,2.13,0.0,0.0,1.0,1,0.87695435546875,False,REGULAR,USD,put,2026-09-25,2026-09-12T04:49:30.183206+00:00
ABNB260925P00139000,2026-08-06 15:42:00+00:00,139.0,4.0,0.0,1.75,0.0,0.0,,4,0.7514673291015624,False,REGULAR,USD,put,2026-09-25,2026-09-12T04:49:30.183206+00:00
ABNB260925P00140000,2026-08-27 17:29:31+00:00,140.0,0.08,0.0,2.14,0.0,0.0,3.0,7,0.7700218310546876,False,REGULAR,USD,put,2026-09-25,2026-09-12T04:49:30.183206+00:00
ABNB260925P00141000,2026-08-10 14:10:19+00:00,141.0,0.16,0.0,1.76,0.0,0.0,1.0,0,0.7114286669921875,False,REGULAR,USD,put,2026-09-25,2026-09-12T04:49:30.183206+00:00
ABNB260925P00144000,2026-08-06 17:23:10+00:00,144.0,6.0,0.0,0.75,0.0,0.0,,1,0.5317429638671876,False,REGULAR,USD,put,2026-09-25,2026-09-12T04:49:30.183206+00:00
ABNB260925P00146000,2026-08-06 15:31:21+00:00,146.0,8.0,0.0,2.18,0.0,0.0,,1,0.6459996337890624,False,REGULAR,USD,put,2026-09-25,2026-09-12T04:49:30.183206+00:00
ABNB260925P00149000,2026-08-10 14:37:53+00:00,149.0,0.53,0.0,2.23,0.0,0.0,1.0,1,0.5861857788085938,False,REGULAR,USD,put,2026-09-25,2026-09-12T04:49:30.183206+00:00
ABNB260925P00150000,2026-09-11 17:50:27+00:00,150.0,0.2,0.0,0.35,-0.2,-50.0,8.0,64,0.4184628466796875,False,REGULAR,USD,put,2026-09-25,2026-09-12T04:49:30.183206+00:00
ABNB260925P00155000,2026-09-11 19:28:15+00:00,155.0,0.37,0.0,0.8,-0.19999999,-35.087715,5.0,206,0.41211525390625,False,REGULAR,USD,put,2026-09-25,2026-09-12T04:49:30.183206+00:00
ABNB260925P00157500,2026-09-11 19:07:12+00:00,157.5,0.61,0.0,1.0,-0.3,-32.967033,1.0,417,0.38843385009765624,False,REGULAR,USD,put,2026-09-25,2026-09-12T04:49:30.183206+00:00
ABNB260925P00160000,2026-09-11 19:50:43+00:00,160.0,0.89,0.7,1.25,-0.31000006,-25.833338,12.0,75,0.3632876171875,False,REGULAR,USD,put,2026-09-25,2026-09-12T04:49:30.183206+00:00
ABNB260925P00162500,2026-09-09 15:29:21+00:00,162.5,1.91,0.03,3.15,0.0,0.0,1.0,43,0.48169463623046876,False,REGULAR,USD,put,2026-09-25,2026-09-12T04:49:30.183206+00:00
ABNB260925P00165000,2026-09-11 15:23:16+00:00,165.0,2.28,1.06,2.69,-0.059999943,-2.5641003,3.0,80,0.3704896936035156,False,REGULAR,USD,put,2026-09-25,2026-09-12T04:49:30.183206+00:00
ABNB260925P00167500,2026-09-11 19:21:24+00:00,167.5,2.8,1.31,4.0,-0.54999995,-16.41791,5.0,48,0.3969786865234375,False,REGULAR,USD,put,2026-09-25,2026-09-12T04:49:30.183206+00:00
ABNB260925P00170000,2026-09-11 16:23:11+00:00,170.0,4.33,3.45,5.05,-1.3699999,-24.035088,2.0,84,0.38721315917968746,False,REGULAR,USD,put,2026-09-25,2026-09-12T04:49:30.183206+00:00
ABNB260925P00172500,2026-09-11 19:46:46+00:00,172.5,4.98,4.65,6.1,-3.1699996,-38.895702,4.0,83,0.36304347900390627,True,REGULAR,USD,put,2026-09-25,2026-09-12T04:49:30.183206+00:00
ABNB260925P00175000,2026-09-10 15:57:22+00:00,175.0,7.35,5.2,7.45,0.0,0.0,13.0,92,0.34534346069335936,True,REGULAR,USD,put,2026-09-25,2026-09-12T04:49:30.183206+00:00
ABNB260925P00177500,2026-09-11 19:46:46+00:00,177.5,8.81,7.25,9.65,-0.18999958,-2.1111064,6.0,61,0.38281867187499996,True,REGULAR,USD,put,2026-09-25,2026-09-12T04:49:30.183206+00:00
ABNB260925P00180000,2026-09-11 19:58:22+00:00,180.0,10.38,9.95,11.4,-0.9300003,-8.222814,11.0,60,0.36939107177734376,True,REGULAR,USD,put,2026-09-25,2026-09-12T04:49:30.183206+00:00
ABNB260925P00182500,2026-09-11 19:56:32+00:00,182.5,12.57,12.0,13.3,-0.10000038,-0.789269,8.0,39,0.352545537109375,True,REGULAR,USD,put,2026-09-25,2026-09-12T04:49:30.183206+00:00
ABNB260925P00185000,2026-09-11 19:56:16+00:00,185.0,14.98,14.05,16.3,0.37999916,2.6027339,21.0,68,0.4558159887695313,True,REGULAR,USD,put,2026-09-25,2026-09-12T04:49:30.183206+00:00
ABNB260925P00187500,2026-09-11 13:38:05+00:00,187.5,18.4,16.65,19.4,1.0599995,6.1130304,1.0,50,0.5666547241210937,True,REGULAR,USD,put,2026-09-25,2026-09-12T04:49:30.183206+00:00
ABNB260925P00190000,2026-09-09 16:13:35+00:00,190.0,20.57,19.2,21.8,0.0,0.0,9.0,80,0.6012002770996094,True,REGULAR,USD,put,2026-09-25,2026-09-12T04:49:30.183206+00:00
ABNB260925P00192500,2026-08-28 17:31:41+00:00,192.5,7.36,20.65,23.75,0.0,0.0,160.0,1,0.5783733569335938,True,REGULAR,USD,put,2026-09-25,2026-09-12T04:49:30.183206+00:00
ABNB260925P00195000,2026-09-04 13:42:43+00:00,195.0,13.2,23.65,26.8,0.0,0.0,1.0,0,0.6865265722656251,True,REGULAR,USD,put,2026-09-25,2026-09-12T04:49:30.183206+00:00
ABNB260925P00197500,2026-08-31 13:52:29+00:00,197.5,13.14,26.1,29.3,0.0,0.0,2.0,0,0.7270535107421875,True,REGULAR,USD,put,2026-09-25,2026-09-12T04:49:30.183206+00:00
ABNB260925P00200000,2026-09-09 18:19:42+00:00,200.0,30.0,28.15,31.75,0.0,0.0,2.0,0,0.760012165527344,True,REGULAR,USD,put,2026-09-25,2026-09-12T04:49:30.183206+00:00
ABNB261002C00135000,2026-09-03 16:18:10+00:00,135.0,52.1,33.6,37.5,0.0,0.0,,600,0.5625043750000001,True,REGULAR,USD,call,2026-10-02,2026-09-12T04:49:30.183206+00:00
ABNB261002C00145000,2026-08-25 17:54:18+00:00,145.0,45.76,23.75,26.7,0.0,0.0,,5,0.6001016552734376,True,REGULAR,USD,call,2026-10-02,2026-09-12T04:49:30.183206+00:00
ABNB261002C00155000,2026-09-04 16:40:19+00:00,155.0,27.65,14.35,17.15,0.0,0.0,1.0,1,0.45825737060546884,True,REGULAR,USD,call,2026-10-02,2026-09-12T04:49:30.183206+00:00
ABNB261002C00157500,2026-09-03 19:10:23+00:00,157.5,29.1,12.8,14.6,0.0,0.0,,2,0.40418076293945315,True,REGULAR,USD,call,2026-10-02,2026-09-12T04:49:30.183206+00:00
ABNB261002C00160000,2026-09-09 14:50:41+00:00,160.0,12.0,10.3,13.55,0.0,0.0,1.0,2,0.46619186157226566,True,REGULAR,USD,call,2026-10-02,2026-09-12T04:49:30.183206+00:00
ABNB261002C00162500,2026-09-11 15:04:48+00:00,162.5,9.18,8.85,10.7,-4.7199993,-33.956833,1.0,2,0.3833069482421875,True,REGULAR,USD,call,2026-10-02,2026-09-12T04:49:30.183206+00:00
ABNB261002C00165000,2026-09-11 14:41:34+00:00,165.0,7.35,7.6,8.85,-18.97,-72.07447,1.0,14,0.3676821044921875,True,REGULAR,USD,call,2026-10-02,2026-09-12T04:49:30.183206+00:00
ABNB261002C00170000,2026-09-11 19:18:31+00:00,170.0,5.02,3.85,6.5,0.52,11.555555,6.0,22,0.393560751953125,True,REGULAR,USD,call,2026-10-02,2026-09-12T04:49:30.183206+00:00
ABNB261002C00172500,2026-09-11 19:27:56+00:00,172.5,3.95,2.72,4.3,-16.199999,-80.39702,22.0,26,0.3280096496582031,False,REGULAR,USD,call,2026-10-02,2026-09-12T04:49:30.183206+00:00
ABNB261002C00175000,2026-09-11 14:50:32+00:00,175.0,3.04,1.73,4.55,0.45000005,17.37452,16.0,11,0.4046690393066406,False,REGULAR,USD,call,2026-10-02,2026-09-12T04:49:30.183206+00:00
ABNB261002C00177500,2026-09-11 18:42:35+00:00,177.5,2.04,0.89,3.8,-0.76,-27.142859,2.0,21,0.4115049084472656,False,REGULAR,USD,call,2026-10-02,2026-09-12T04:49:30.183206+00:00
ABNB261002C00180000,2026-09-11 19:18:31+00:00,180.0,1.5,0.22,3.45,-0.39999998,-21.05263,5.0,6,0.4381159704589844,False,REGULAR,USD,call,2026-10-02,2026-09-12T04:49:30.183206+00:00
ABNB261002C00182500,2026-09-11 19:38:25+00:00,182.5,1.1,0.0,2.9,0.04000008,3.7735927,11.0,82,0.4449518395996094,False,REGULAR,USD,call,2026-10-02,2026-09-12T04:49:30.183206+00:00
ABNB261002C00185000,2026-09-11 14:49:53+00:00,185.0,0.82,0.35,1.05,-0.19,-18.811882,5.0,22,0.32959654785156245,False,REGULAR,USD,call,2026-10-02,2026-09-12T04:49:30.183206+00:00
ABNB261002C00187500,2026-09-11 14:24:29+00:00,187.5,0.54,0.0,0.84,-0.13999999,-20.588232,6.0,90,0.3403386279296875,False,REGULAR,USD,call,2026-10-02,2026-09-12T04:49:30.183206+00:00
ABNB261002C00190000,2026-09-11 19:17:20+00:00,190.0,0.43,0.0,1.03,-0.17000002,-28.333336,6.0,31,0.3947814428710938,False,REGULAR,USD,call,2026-10-02,2026-09-12T04:49:30.183206+00:00
ABNB261002C00192500,2026-09-08 19:55:29+00:00,192.5,0.9,0.0,1.35,0.0,0.0,3.0,3,0.4626518579101563,False,REGULAR,USD,call,2026-10-02,2026-09-12T04:49:30.183206+00:00
ABNB261002C00195000,2026-09-10 14:47:59+00:00,195.0,0.48,0.0,1.15,0.0,0.0,1.0,16,0.47192910888671874,False,REGULAR,USD,call,2026-10-02,2026-09-12T04:49:30.183206+00:00
ABNB261002C00197500,2026-09-10 13:30:33+00:00,197.5,0.4,0.0,1.15,0.0,0.0,1.0,5,0.5022022436523439,False,REGULAR,USD,call,2026-10-02,2026-09-12T04:49:30.183206+00:00
ABNB261002C00200000,2026-09-10 13:30:33+00:00,200.0,0.35,0.0,1.15,0.0,0.0,3.0,128,0.5317429638671876,False,REGULAR,USD,call,2026-10-02,2026-09-12T04:49:30.183206+00:00
ABNB261002C00202500,2026-09-08 14:39:21+00:00,202.5,0.52,0.0,1.55,0.0,0.0,4.0,11,0.5070850073242188,False,REGULAR,USD,call,2026-10-02,2026-09-12T04:49:30.183206+00:00
ABNB261002C00205000,2026-09-10 14:47:59+00:00,205.0,0.28,0.0,0.95,0.0,0.0,1.0,114,0.5603071313476562,False,REGULAR,USD,call,2026-10-02,2026-09-12T04:49:30.183206+00:00
ABNB261002C00207500,2026-09-04 16:49:30+00:00,207.5,0.37,0.0,2.18,0.0,0.0,1.0,1,0.6069375244140626,False,REGULAR,USD,call,2026-10-02,2026-09-12T04:49:30.183206+00:00
ABNB261002C00210000,2026-09-11 19:38:59+00:00,210.0,0.67,0.0,0.61,0.14000005,26.415104,1.0,7,0.5542036767578126,False,REGULAR,USD,call,2026-10-02,2026-09-12T04:49:30.183206+00:00
ABNB261002C00215000,2026-09-09 15:15:37+00:00,215.0,0.05,0.0,1.35,0.0,0.0,2.0,3,0.614261669921875,False,REGULAR,USD,call,2026-10-02,2026-09-12T04:49:30.183206+00:00
ABNB261002C00217500,2026-09-03 13:57:48+00:00,217.5,0.27,0.0,1.35,0.0,0.0,,15,0.6372106591796876,False,REGULAR,USD,call,2026-10-02,2026-09-12T04:49:30.183206+00:00
ABNB261002C00225000,2026-09-11 19:38:59+00:00,225.0,0.41,0.0,0.97,0.26,173.33333,1.0,78,0.6601596484375001,False,REGULAR,USD,call,2026-10-02,2026-09-12T04:49:30.183206+00:00
ABNB261002P00135000,2026-08-17 16:43:25+00:00,135.0,0.22,0.0,2.15,0.0,0.0,,1,0.717776259765625,False,REGULAR,USD,put,2026-10-02,2026-09-12T04:49:30.183206+00:00
ABNB261002P00140000,2026-09-11 19:38:59+00:00,140.0,0.41,0.0,0.4,0.31,310.0,3.0,21,0.4995167236328125,False,REGULAR,USD,put,2026-10-02,2026-09-12T04:49:30.183206+00:00
ABNB261002P00150000,2026-09-09 18:48:47+00:00,150.0,0.49,0.0,1.32,0.0,0.0,22.0,22,0.48608912353515626,False,REGULAR,USD,put,2026-10-02,2026-09-12T04:49:30.183206+00:00
ABNB261002P00155000,2026-09-11 19:07:12+00:00,155.0,0.74,0.5,1.33,-0.5,-40.322582,48.0,230,0.3967345483398438,False,REGULAR,USD,put,2026-10-02,2026-09-12T04:49:30.183206+00:00
ABNB261002P00157500,2026-09-11 14:50:54+00:00,157.5,1.09,0.72,1.28,-0.61,-35.882355,7.0,13,0.3458317370605468,False,REGULAR,USD,put,2026-10-02,2026-09-12T04:49:30.183206+00:00
ABNB261002P00160000,2026-09-11 19:38:59+00:00,160.0,1.5,0.12,3.25,-0.79999995,-34.782608,22.0,44,0.458135301513672,False,REGULAR,USD,put,2026-10-02,2026-09-12T04:49:30.183206+00:00
ABNB261002P00162500,2026-09-11 18:41:17+00:00,162.5,2.05,0.66,3.6,0.65,46.42857,70.0,62,0.4250545776367188,False,REGULAR,USD,put,2026-10-02,2026-09-12T04:49:30.183206+00:00
ABNB261002P00165000,2026-09-11 18:37:50+00:00,165.0,2.79,2.25,3.15,-1.3600001,-32.771088,2.0,63,0.33374689697265625,False,REGULAR,USD,put,2026-10-02,2026-09-12T04:49:30.183206+00:00
ABNB261002P00167500,2026-09-11 17:54:57+00:00,167.5,3.8,2.04,4.75,-0.60000014,-13.636367,5.0,12,0.3714662463378906,False,REGULAR,USD,put,2026-10-02,2026-09-12T04:49:30.183206+00:00
ABNB261002P00170000,2026-09-11 18:41:51+00:00,170.0,4.95,3.15,5.9,-1.4900002,-23.13665,120.0,56,0.3684145190429688,False,REGULAR,USD,put,2026-10-02,2026-09-12T04:49:30.183206+00:00
ABNB261002P00172500,2026-09-10 13:30:33+00:00,172.5,8.29,5.55,7.25,0.0,0.0,2.0,65,0.3675600354003906,True,REGULAR,USD,put,2026-10-02,2026-09-12T04:49:30.183206+00:00
ABNB261002P00175000,2026-09-10 19:44:33+00:00,175.0,9.51,6.8,8.45,0.0,0.0,5.0,38,0.3469303588867187,True,REGULAR,USD,put,2026-10-02,2026-09-12T04:49:30.183206+00:00
ABNB261002P00177500,2026-09-11 19:54:00+00:00,177.5,9.33,7.95,10.4,-0.8000002,-7.897337,1.0,44,0.36426416992187505,True,REGULAR,USD,put,2026-10-02,2026-09-12T04:49:30.183206+00:00
ABNB261002P00180000,2026-09-10 19:00:58+00:00,180.0,13.38,9.85,12.25,0.0,0.0,1.0,22,0.3665834826660156,True,REGULAR,USD,put,2026-10-02,2026-09-12T04:49:30.183206+00:00
ABNB261002P00182500,2026-09-10 15:31:11+00:00,182.5,14.02,12.35,14.3,0.0,0.0,1.0,11,0.3754945263671875,True,REGULAR,USD,put,2026-10-02,2026-09-12T04:49:30.183206+00:00
ABNB261002P00185000,2026-09-10 19:00:58+00:00,185.0,17.2,14.35,16.75,0.0,0.0,2.0,37,0.4115049084472656,True,REGULAR,USD,put,2026-10-02,2026-09-12T04:49:30.183206+00:00
ABNB261002P00187500,2026-09-11 16:33:38+00:00,187.5,18.5,16.25,19.6,0.6800003,3.815939,9.0,76,0.47961946166992186,True,REGULAR,USD,put,2026-10-02,2026-09-12T04:49:30.183206+00:00
ABNB261002P00190000,2026-09-11 17:24:19+00:00,190.0,20.6,18.95,21.95,5.950001,40.614338,3.0,10,0.5042774182128906,True,REGULAR,USD,put,2026-10-02,2026-09-12T04:49:30.183206+00:00
ABNB261002P00195000,2026-08-28 19:07:38+00:00,195.0,9.1,23.4,26.4,0.0,0.0,2.0,0,0.5206346765136718,True,REGULAR,USD,put,2026-10-02,2026-09-12T04:49:30.183206+00:00
ABNB261002P00197500,2026-08-27 17:21:12+00:00,197.5,13.66,25.3,29.4,0.0,0.0,1.0,0,0.6033975207519533,True,REGULAR,USD,put,2026-10-02,2026-09-12T04:49:30.183206+00:00
ABNB261002P00200000,2026-08-26 15:04:31+00:00,200.0,13.75,28.35,31.8,0.0,0.0,1.0,0,0.6257361645507813,True,REGULAR,USD,put,2026-10-02,2026-09-12T04:49:30.183206+00:00
ABNB261009C00160000,2026-09-08 16:44:23+00:00,160.0,18.6,11.35,13.45,0.0,0.0,2.0,3,0.3973448937988281,True,REGULAR,USD,call,2026-10-09,2026-09-12T04:49:30.183206+00:00
ABNB261009C00170000,2026-09-11 16:59:42+00:00,170.0,5.75,4.7,7.75,-4.67,-44.817657,5.0,3,0.4074766284179688,True,REGULAR,USD,call,2026-10-09,2026-09-12T04:49:30.183206+00:00
ABNB261009C00172500,2026-09-10 17:56:50+00:00,172.5,5.25,3.55,6.55,0.0,0.0,2.0,5,0.40418076293945315,False,REGULAR,USD,call,2026-10-09,2026-09-12T04:49:30.183206+00:00
ABNB261009C00180000,2026-09-11 14:12:33+00:00,180.0,1.99,1.05,2.5,-0.00999999,-0.49999952,1.0,16,0.32117378051757806,False,REGULAR,USD,call,2026-10-09,2026-09-12T04:49:30.183206+00:00
ABNB261009C00182500,2026-09-11 15:02:58+00:00,182.5,1.8,1.2,2.02,-5.0,-73.52941,2.0,1,0.327155166015625,False,REGULAR,USD,call,2026-10-09,2026-09-12T04:49:30.183206+00:00
ABNB261009C00185000,2026-09-11 13:48:10+00:00,185.0,1.05,1.08,1.41,-0.36,-25.531918,2.0,246,0.31580274047851553,False,REGULAR,USD,call,2026-10-09,2026-09-12T04:49:30.183206+00:00
ABNB261009C00187500,2026-09-09 15:24:04+00:00,187.5,1.41,0.0,2.34,0.0,0.0,2.0,3,0.418951123046875,False,REGULAR,USD,call,2026-10-09,2026-09-12T04:49:30.183206+00:00
ABNB261009C00190000,2026-09-09 13:50:31+00:00,190.0,0.86,0.0,2.8,0.0,0.0,6.0,5,0.4849905017089844,False,REGULAR,USD,call,2026-10-09,2026-09-12T04:49:30.183206+00:00
ABNB261009C00192500,2026-09-08 19:24:54+00:00,192.5,1.25,0.0,2.61,0.0,0.0,26.0,25,0.5035450036621094,False,REGULAR,USD,call,2026-10-09,2026-09-12T04:49:30.183206+00:00
ABNB261009C00195000,2026-09-08 19:23:43+00:00,195.0,0.92,0.0,2.47,0.0,0.0,33.0,33,0.5236864038085938,False,REGULAR,USD,call,2026-10-09,2026-09-12T04:49:30.183206+00:00
ABNB261009C00197500,2026-09-08 19:23:43+00:00,197.5,0.73,0.0,1.5,0.0,0.0,15.0,16,0.4699760034179688,False,REGULAR,USD,call,2026-10-09,2026-09-12T04:49:30.183206+00:00
ABNB261009C00200000,2026-09-08 19:23:44+00:00,200.0,0.54,0.0,2.29,0.0,0.0,10.0,7,0.567387138671875,False,REGULAR,USD,call,2026-10-09,2026-09-12T04:49:30.183206+00:00
ABNB261009C00202500,2026-09-03 15:44:47+00:00,202.5,1.98,0.0,2.24,0.0,0.0,,2,0.5908244042968751,False,REGULAR,USD,call,2026-10-09,2026-09-12T04:49:30.183206+00:00
ABNB261009C00205000,2026-09-03 18:17:33+00:00,205.0,1.4,0.0,2.2,0.0,0.0,,2,0.5034229345703125,False,REGULAR,USD,call,2026-10-09,2026-09-12T04:49:30.183206+00:00
ABNB261009C00215000,2026-09-01 13:43:07+00:00,215.0,0.31,0.0,2.14,0.0,0.0,15.0,15,0.5900919897460939,False,REGULAR,USD,call,2026-10-09,2026-09-12T04:49:30.183206+00:00
ABNB261009P00160000,2026-09-11 19:32:27+00:00,160.0,2.06,0.6,3.65,-0.34000015,-14.166673,13.0,30,0.4222469885253906,False,REGULAR,USD,put,2026-10-09,2026-09-12T04:49:30.183206+00:00
ABNB261009P00162500,2026-09-08 17:38:44+00:00,162.5,2.06,1.09,3.95,0.0,0.0,41.0,9,0.3890441955566406,False,REGULAR,USD,put,2026-10-09,2026-09-12T04:49:30.183206+00:00
ABNB261009P00165000,2026-09-11 16:38:26+00:00,165.0,3.42,1.83,4.75,-0.51,-12.977099,2.0,16,0.38049935913085936,False,REGULAR,USD,put,2026-10-09,2026-09-12T04:49:30.183206+00:00
ABNB261009P00170000,2026-09-09 18:24:58+00:00,170.0,6.25,3.85,6.8,0.0,0.0,3.0,7,0.3670717590332031,False,REGULAR,USD,put,2026-10-09,2026-09-12T04:49:30.183206+00:00
ABNB261009P00175000,2026-09-10 18:37:49+00:00,175.0,10.0,6.9,9.6,0.0,0.0,1.0,7,0.36365382446289063,True,REGULAR,USD,put,2026-10-09,2026-09-12T04:49:30.183206+00:00
ABNB261009P00177500,2026-09-08 17:36:34+00:00,177.5,7.46,8.35,11.2,0.0,0.0,8.0,21,0.36157864990234373,True,REGULAR,USD,put,2026-10-09,2026-09-12T04:49:30.183206+00:00
ABNB261009P00180000,2026-09-10 14:04:48+00:00,180.0,13.8,10.2,12.95,0.0,0.0,1.0,4,0.36084623535156246,True,REGULAR,USD,put,2026-10-09,2026-09-12T04:49:30.183206+00:00
ABNB261009P00182500,2026-09-10 14:19:41+00:00,182.5,14.1,12.15,14.9,0.0,0.0,3.0,24,0.3654848608398438,True,REGULAR,USD,put,2026-10-09,2026-09-12T04:49:30.183206+00:00
ABNB261009P00185000,2026-09-10 13:47:54+00:00,185.0,19.8,13.9,16.95,0.0,0.0,2.0,10,0.37085590087890624,True,REGULAR,USD,put,2026-10-09,2026-09-12T04:49:30.183206+00:00
ABNB261009P00187500,2026-09-09 17:24:13+00:00,187.5,17.0,16.85,19.15,0.0,0.0,1.0,13,0.38184211914062494,True,REGULAR,USD,put,2026-10-09,2026-09-12T04:49:30.183206+00:00
ABNB261009P00190000,2026-09-02 14:10:01+00:00,190.0,11.68,18.6,21.45,0.0,0.0,5.0,6,0.3969786865234375,True,REGULAR,USD,put,2026-10-09,2026-09-12T04:49:30.183206+00:00
ABNB261009P00200000,2026-09-02 14:10:01+00:00,200.0,19.38,27.8,31.8,0.0,0.0,5.0,0,0.5419967675781252,True,REGULAR,USD,put,2026-10-09,2026-09-12T04:49:30.183206+00:00
ABNB261009P00207500,2026-08-31 15:30:38+00:00,207.5,23.59,35.3,39.3,0.0,0.0,1.0,0,0.6208534008789064,True,REGULAR,USD,put,2026-10-09,2026-09-12T04:49:30.183206+00:00
ABNB261016C00070000,2026-06-18 16:46:58+00:00,70.0,73.75,66.6,70.35,0.0,0.0,1.0,1,1.0000000000000003e-05,True,REGULAR,USD,call,2026-10-16,2026-09-12T04:49:30.183206+00:00
ABNB261016C00090000,2026-06-24 13:55:30+00:00,90.0,56.05,98.8,102.7,0.0,0.0,,1,3.428956505737305,True,REGULAR,USD,call,2026-10-16,2026-09-12T04:49:30.183206+00:00
ABNB261016C00105000,2026-07-07 16:13:41+00:00,105.0,46.2,83.8,87.8,0.0,0.0,1.0,2,2.851321231079101,True,REGULAR,USD,call,2026-10-16,2026-09-12T04:49:30.183206+00:00
ABNB261016C00110000,2026-08-12 14:36:21+00:00,110.0,71.58,58.65,62.6,0.0,0.0,3.0,12,0.77148666015625,True,REGULAR,USD,call,2026-10-16,2026-09-12T04:49:30.183206+00:00
ABNB261016C00115000,2026-08-28 17:12:21+00:00,115.0,76.15,53.65,57.15,0.0,0.0,1.0,14,0.62305064453125,True,REGULAR,USD,call,2026-10-16,2026-09-12T04:49:30.183206+00:00
ABNB261016C00120000,2026-09-10 13:33:14+00:00,120.0,47.2,48.75,52.45,0.0,0.0,2.0,13,0.63086306640625,True,REGULAR,USD,call,2026-10-16,2026-09-12T04:49:30.183206+00:00
ABNB261016C00125000,2026-08-07 14:07:01+00:00,125.0,51.97,44.25,47.8,0.0,0.0,4.0,94,0.6569858520507813,True,REGULAR,USD,call,2026-10-16,2026-09-12T04:49:30.183206+00:00
ABNB261016C00130000,2026-09-08 17:39:13+00:00,130.0,46.77,38.85,42.25,0.0,0.0,1.0,52,0.7463404272460938,True,REGULAR,USD,call,2026-10-16,2026-09-12T04:49:30.183206+00:00
ABNB261016C00135000,2026-09-10 13:54:34+00:00,135.0,34.13,34.05,37.0,0.0,0.0,2.0,50,0.6420934228515626,True,REGULAR,USD,call,2026-10-16,2026-09-12T04:49:30.183206+00:00
ABNB261016C00140000,2026-08-31 14:23:45+00:00,140.0,47.0,29.2,32.35,0.0,0.0,2.0,141,0.5998575170898439,True,REGULAR,USD,call,2026-10-16,2026-09-12T04:49:30.183206+00:00
ABNB261016C00145000,2026-09-11 18:24:49+00:00,145.0,25.46,25.05,27.0,-7.9900017,-23.886402,1.0,343,0.4924367163085938,True,REGULAR,USD,call,2026-10-16,2026-09-12T04:49:30.183206+00:00
ABNB261016C00150000,2026-09-11 16:35:01+00:00,150.0,21.05,20.6,22.45,0.049999237,0.23809162,1.0,890,0.45386288330078123,True,REGULAR,USD,call,2026-10-16,2026-09-12T04:49:30.183206+00:00
ABNB261016C00155000,2026-09-10 13:54:34+00:00,155.0,15.63,16.65,17.85,0.0,0.0,2.0,343,0.40296007202148443,True,REGULAR,USD,call,2026-10-16,2026-09-12T04:49:30.183206+00:00
ABNB261016C00160000,2026-09-10 15:04:14+00:00,160.0,13.2,12.5,14.0,0.0,0.0,1.0,844,0.38660281372070304,True,REGULAR,USD,call,2026-10-16,2026-09-12T04:49:30.183206+00:00
ABNB261016C00165000,2026-09-11 18:09:42+00:00,165.0,9.43,9.35,10.35,0.2300005,2.5000055,3.0,991,0.36096830444335937,True,REGULAR,USD,call,2026-10-16,2026-09-12T04:49:30.183206+00:00
ABNB261016C00170000,2026-09-11 19:59:43+00:00,170.0,7.04,6.7,7.35,0.9899998,16.363632,20.0,381,0.34534346069335936,True,REGULAR,USD,call,2026-10-16,2026-09-12T04:49:30.183206+00:00
ABNB261016C00175000,2026-09-11 19:02:48+00:00,175.0,4.35,3.6,5.15,0.2999997,7.4074,40.0,623,0.3427189752197265,False,REGULAR,USD,call,2026-10-16,2026-09-12T04:49:30.183206+00:00
ABNB261016C00180000,2026-09-11 19:59:14+00:00,180.0,3.06,2.95,3.15,0.37999988,14.1791,32.0,1068,0.32318792053222645,False,REGULAR,USD,call,2026-10-16,2026-09-12T04:49:30.183206+00:00
ABNB261016C00185000,2026-09-11 19:52:01+00:00,185.0,1.82,1.57,2.14,0.100000024,5.813955,11.0,294,0.3315496533203125,False,REGULAR,USD,call,2026-10-16,2026-09-12T04:49:30.183206+00:00
ABNB261016C00190000,2026-09-11 19:59:14+00:00,190.0,1.11,1.07,1.2,0.120000005,12.121212,26.0,401,0.32031929687499994,False,REGULAR,USD,call,2026-10-16,2026-09-12T04:49:30.183206+00:00
ABNB261016C00195000,2026-09-11 19:59:07+00:00,195.0,0.73,0.6,0.73,0.09000003,14.062506,53.0,1868,0.3232489550781249,False,REGULAR,USD,call,2026-10-16,2026-09-12T04:49:30.183206+00:00
ABNB261016C00200000,2026-09-11 19:48:33+00:00,200.0,0.4,0.36,0.43,0.06999999,21.212118,69.0,821,0.3254461987304687,False,REGULAR,USD,call,2026-10-16,2026-09-12T04:49:30.183206+00:00
ABNB261016C00210000,2026-09-10 19:45:38+00:00,210.0,0.13,0.0,0.18,0.0,0.0,18.0,1098,0.34278000976562495,False,REGULAR,USD,call,2026-10-16,2026-09-12T04:49:30.183206+00:00
ABNB261016C00220000,2026-09-10 14:38:14+00:00,220.0,0.05,0.0,0.14,0.0,0.0,3.0,214,0.389654541015625,False,REGULAR,USD,call,2026-10-16,2026-09-12T04:49:30.183206+00:00
ABNB261016C00230000,2026-09-10 13:30:38+00:00,230.0,0.07,0.0,0.2,0.0,0.0,4.0,162,0.46924358886718753,False,REGULAR,USD,call,2026-10-16,2026-09-12T04:49:30.183206+00:00
ABNB261016P00065000,2026-06-22 13:43:13+00:00,65.0,0.08,0.0,2.16,0.0,0.0,1.0,2,1.8359383203124997,False,REGULAR,USD,put,2026-10-16,2026-09-12T04:49:30.183206+00:00
ABNB261016P00070000,2026-06-23 13:36:03+00:00,70.0,0.1,0.0,1.95,0.0,0.0,2.0,87,1.673829755859375,False,REGULAR,USD,put,2026-10-16,2026-09-12T04:49:30.183206+00:00
ABNB261016P00075000,2026-05-01 15:53:30+00:00,75.0,0.46,0.0,0.63,0.0,0.0,1.0,1,1.2822301513671874,False,REGULAR,USD,put,2026-10-16,2026-09-12T04:49:30.183206+00:00
ABNB261016P00080000,2026-05-27 13:55:40+00:00,80.0,0.53,0.0,0.0,0.0,0.0,1.0,0,0.500005,False,REGULAR,USD,put,2026-10-16,2026-09-12T04:49:30.183206+00:00
ABNB261016P00085000,2026-08-21 18:10:49+00:00,85.0,0.02,0.0,1.21,0.0,0.0,10.0,43,1.228519482421875,False,REGULAR,USD,put,2026-10-16,2026-09-12T04:49:30.183206+00:00
ABNB261016P00090000,2026-08-07 15:15:27+00:00,90.0,0.11,0.0,2.13,0.0,0.0,1.0,102,1.2705114599609373,False,REGULAR,USD,put,2026-10-16,2026-09-12T04:49:30.183206+00:00
ABNB261016P00095000,2026-08-07 14:13:37+00:00,95.0,0.11,0.0,1.22,0.0,0.0,4.0,28,1.0546922265625,False,REGULAR,USD,put,2026-10-16,2026-09-12T04:49:30.183206+00:00
ABNB261016P00100000,2026-08-21 18:10:46+00:00,100.0,0.04,0.0,0.1,0.0,0.0,10.0,50,0.6796907031250001,False,REGULAR,USD,put,2026-10-16,2026-09-12T04:49:30.183206+00:00
ABNB261016P00105000,2026-08-19 18:10:53+00:00,105.0,0.54,0.0,2.13,0.0,0.0,4.0,52,1.003422951660156,False,REGULAR,USD,put,2026-10-16,2026-09-12T04:49:30.183206+00:00
ABNB261016P00110000,2026-09-09 14:03:59+00:00,110.0,0.01,0.0,0.05,0.0,0.0,1.0,152,0.523442265625,False,REGULAR,USD,put,2026-10-16,2026-09-12T04:49:30.183206+00:00
ABNB261016P00115000,2026-08-18 13:39:30+00:00,115.0,0.05,0.0,0.6,0.0,0.0,1.0,84,0.6601596484375001,False,REGULAR,USD,put,2026-10-16,2026-09-12T04:49:30.183206+00:00
ABNB261016P00120000,2026-09-10 19:13:33+00:00,120.0,0.1,0.0,0.23,0.0,0.0,3.0,645,0.51562984375,False,REGULAR,USD,put,2026-10-16,2026-09-12T04:49:30.183206+00:00
ABNB261016P00125000,2026-08-10 16:39:09+00:00,125.0,0.2,0.0,0.66,0.0,0.0,15.0,256,0.5459029785156251,False,REGULAR,USD,put,2026-10-16,2026-09-12T04:49:30.183206+00:00
ABNB261016P00130000,2026-09-10 17:23:18+00:00,130.0,0.15,0.01,0.3,0.0,0.0,2.0,226,0.47852083984375,False,REGULAR,USD,put,2026-10-16,2026-09-12T04:49:30.183206+00:00
ABNB261016P00135000,2026-09-08 19:24:35+00:00,135.0,0.19,0.06,0.35,0.0,0.0,40.0,249,0.4335994140625,False,REGULAR,USD,put,2026-10-16,2026-09-12T04:49:30.183206+00:00
ABNB261016P00140000,2026-09-11 19:34:46+00:00,140.0,0.33,0.09,0.68,-0.049999982,-13.15789,5.0,149,0.4348201049804688,False,REGULAR,USD,put,2026-10-16,2026-09-12T04:49:30.183206+00:00
ABNB261016P00145000,2026-09-11 19:35:09+00:00,145.0,0.58,0.35,1.1,-0.19999999,-25.641024,10.0,236,0.42310147216796873,False,REGULAR,USD,put,2026-10-16,2026-09-12T04:49:30.183206+00:00
ABNB261016P00150000,2026-09-11 19:35:30+00:00,150.0,0.95,0.85,1.16,-0.39000005,-29.10448,12.0,640,0.36157864990234373,False,REGULAR,USD,put,2026-10-16,2026-09-12T04:49:30.183206+00:00
ABNB261016P00155000,2026-09-11 17:34:47+00:00,155.0,1.76,1.17,1.96,-0.49,-21.777779,3.0,262,0.3549869189453124,False,REGULAR,USD,put,2026-10-16,2026-09-12T04:49:30.183206+00:00
ABNB261016P00160000,2026-09-11 19:32:26+00:00,160.0,2.63,1.55,3.45,-0.9699998,-26.94444,15.0,449,0.3663393444824219,False,REGULAR,USD,put,2026-10-16,2026-09-12T04:49:30.183206+00:00
ABNB261016P00165000,2026-09-11 17:00:55+00:00,165.0,4.4,3.95,4.3,-0.8499999,-16.190474,14.0,564,0.31763377685546873,False,REGULAR,USD,put,2026-10-16,2026-09-12T04:49:30.183206+00:00
ABNB261016P00170000,2026-09-11 19:49:18+00:00,170.0,6.15,6.0,6.25,-1.8499999,-23.124998,110.0,491,0.3020699676513672,False,REGULAR,USD,put,2026-10-16,2026-09-12T04:49:30.183206+00:00
ABNB261016P00175000,2026-09-11 19:52:01+00:00,175.0,8.98,8.4,9.2,-1.9700003,-17.990871,5.0,481,0.305671005859375,True,REGULAR,USD,put,2026-10-16,2026-09-12T04:49:30.183206+00:00
ABNB261016P00180000,2026-09-11 16:37:23+00:00,180.0,12.93,10.85,12.75,-1.7699995,-12.040813,11.0,370,0.31189652954101554,True,REGULAR,USD,put,2026-10-16,2026-09-12T04:49:30.183206+00:00
ABNB261016P00185000,2026-09-11 19:52:01+00:00,185.0,16.18,15.8,17.0,-2.7199993,-14.391531,5.0,848,0.33484551879882807,True,REGULAR,USD,put,2026-10-16,2026-09-12T04:49:30.183206+00:00
ABNB261016P00190000,2026-09-11 19:22:39+00:00,190.0,20.72,19.8,20.7,-0.23000145,-1.0978589,1.0,294,0.29321995849609367,True,REGULAR,USD,put,2026-10-16,2026-09-12T04:49:30.183206+00:00
ABNB261016P00195000,2026-09-08 18:16:49+00:00,195.0,20.35,24.35,27.0,0.0,0.0,7.0,183,0.44885805053710937,True,REGULAR,USD,put,2026-10-16,2026-09-12T04:49:30.183206+00:00
ABNB261016P00200000,2026-09-11 13:37:14+00:00,200.0,30.98,28.9,31.7,6.1800003,24.919357,1.0,20,0.47681187255859375,True,REGULAR,USD,put,2026-10-16,2026-09-12T04:49:30.183206+00:00
ABNB261016P00210000,2026-09-03 14:51:44+00:00,210.0,26.28,38.0,41.8,0.0,0.0,3.0,0,0.5776409423828125,True,REGULAR,USD,put,2026-10-16,2026-09-12T04:49:30.183206+00:00
ABNB261023C00185000,2026-09-11 16:20:08+00:00,185.0,2.22,1.47,4.0,-0.22000003,-9.016395,4.0,8,0.40210558837890625,False,REGULAR,USD,call,2026-10-23,2026-09-12T04:49:30.183206+00:00
ABNB261023C00187500,2026-09-11 19:10:19+00:00,187.5,1.34,0.93,3.5,-6.76,-83.45679,1.0,1,0.40650007568359375,False,REGULAR,USD,call,2026-10-23,2026-09-12T04:49:30.183206+00:00
ABNB261023C00195000,2026-09-09 16:59:53+00:00,195.0,0.89,0.0,3.05,0.0,0.0,1.0,6,0.4630180651855469,False,REGULAR,USD,call,2026-10-23,2026-09-12T04:49:30.183206+00:00
ABNB261023C00200000,2026-09-09 18:19:32+00:00,200.0,0.79,0.0,2.68,0.0,0.0,5.0,19,0.4891408508300782,False,REGULAR,USD,call,2026-10-23,2026-09-12T04:49:30.183206+00:00
ABNB261023C00207500,2026-09-08 19:19:13+00:00,207.5,0.66,0.0,2.38,0.0,0.0,1.0,2,0.5356491748046875,False,REGULAR,USD,call,2026-10-23,2026-09-12T04:49:30.183206+00:00
ABNB261023C00215000,2026-09-08 15:18:28+00:00,215.0,0.33,0.0,2.24,0.0,0.0,20.0,20,0.5864299169921875,False,REGULAR,USD,call,2026-10-23,2026-09-12T04:49:30.183206+00:00
ABNB261023P00149000,2026-09-03 14:40:31+00:00,149.0,0.43,0.51,3.25,0.0,0.0,,6,0.4947560290527344,False,REGULAR,USD,put,2026-10-23,2026-09-12T04:49:30.183206+00:00
ABNB261023P00165000,2026-09-04 14:15:00+00:00,165.0,2.17,3.2,6.4,0.0,0.0,3.0,3,0.38623660644531244,False,REGULAR,USD,put,2026-10-23,2026-09-12T04:49:30.183206+00:00
ABNB261023P00175000,2026-09-08 19:38:46+00:00,175.0,8.2,8.25,11.1,0.0,0.0,2.0,14,0.3632876171875,True,REGULAR,USD,put,2026-10-23,2026-09-12T04:49:30.183206+00:00
ABNB261023P00180000,2026-09-09 13:35:12+00:00,180.0,12.2,11.1,14.2,0.0,0.0,1.0,7,0.3548648498535155,True,REGULAR,USD,put,2026-10-23,2026-09-12T04:49:30.183206+00:00
ABNB261023P00185000,2026-09-09 13:35:12+00:00,185.0,15.8,14.75,18.55,0.0,0.0,1.0,1,0.3890441955566406,True,REGULAR,USD,put,2026-10-23,2026-09-12T04:49:30.183206+00:00
ABNB261120C00135000,2026-09-11 13:55:01+00:00,135.0,34.94,35.6,39.0,-15.48,-30.702103,4.0,7,0.5825237060546875,True,REGULAR,USD,call,2026-11-20,2026-09-12T04:49:30.183206+00:00
ABNB261120C00140000,2026-09-09 13:36:15+00:00,140.0,34.25,31.2,35.1,0.0,0.0,1.0,3,0.5776409423828125,True,REGULAR,USD,call,2026-11-20,2026-09-12T04:49:30.183206+00:00
ABNB261120C00145000,2026-09-11 15:46:16+00:00,145.0,28.15,26.9,30.65,-19.63,-41.084133,1.0,10,0.5383957293701174,True,REGULAR,USD,call,2026-11-20,2026-09-12T04:49:30.183206+00:00
ABNB261120C00150000,2026-09-10 15:07:07+00:00,150.0,24.25,23.75,26.85,0.0,0.0,1.0,20,0.5231981274414061,True,REGULAR,USD,call,2026-11-20,2026-09-12T04:49:30.183206+00:00
ABNB261120C00155000,2026-09-10 18:14:30+00:00,155.0,20.0,19.75,21.7,0.0,0.0,6.0,48,0.44751529052734373,True,REGULAR,USD,call,2026-11-20,2026-09-12T04:49:30.183206+00:00
ABNB261120C00160000,2026-09-10 14:29:43+00:00,160.0,17.62,16.45,19.05,0.0,0.0,4.0,83,0.4633842724609375,True,REGULAR,USD,call,2026-11-20,2026-09-12T04:49:30.183206+00:00
ABNB261120C00165000,2026-09-11 16:45:32+00:00,165.0,14.15,12.65,16.4,0.21999931,1.5793202,4.0,47,0.4669242761230469,True,REGULAR,USD,call,2026-11-20,2026-09-12T04:49:30.183206+00:00
ABNB261120C00170000,2026-09-11 19:57:57+00:00,170.0,12.11,11.65,13.3,1.3599997,12.651159,9.0,23,0.44501287414550783,True,REGULAR,USD,call,2026-11-20,2026-09-12T04:49:30.183206+00:00
ABNB261120C00175000,2026-09-11 19:32:51+00:00,175.0,9.5,9.15,10.1,0.8999996,10.465112,7.0,42,0.4102842175292969,False,REGULAR,USD,call,2026-11-20,2026-09-12T04:49:30.183206+00:00
ABNB261120C00180000,2026-09-11 19:39:00+00:00,180.0,7.65,6.35,8.65,0.6500001,9.285716,27.0,110,0.42462733581542966,False,REGULAR,USD,call,2026-11-20,2026-09-12T04:49:30.183206+00:00
ABNB261120C00185000,2026-09-11 17:02:10+00:00,185.0,5.67,5.55,6.8,-0.42999983,-7.0491776,6.0,230,0.41565525756835936,False,REGULAR,USD,call,2026-11-20,2026-09-12T04:49:30.183206+00:00
ABNB261120C00190000,2026-09-11 14:33:18+00:00,190.0,4.15,3.8,4.7,-0.19999981,-4.5976973,4.0,276,0.38587039916992183,False,REGULAR,USD,call,2026-11-20,2026-09-12T04:49:30.183206+00:00
ABNB261120C00195000,2026-09-11 18:49:42+00:00,195.0,3.3,3.2,4.2,-0.01999998,-0.60240906,3.0,131,0.40906352661132805,False,REGULAR,USD,call,2026-11-20,2026-09-12T04:49:30.183206+00:00
ABNB261120C00200000,2026-09-11 19:57:57+00:00,200.0,2.7,2.25,3.15,0.22000003,8.870969,14.0,382,0.4017393811035156,False,REGULAR,USD,call,2026-11-20,2026-09-12T04:49:30.183206+00:00
ABNB261120C00210000,2026-09-11 19:45:49+00:00,210.0,1.37,0.73,2.3,-0.049999952,-3.5211234,14.0,234,0.42664147583007817,False,REGULAR,USD,call,2026-11-20,2026-09-12T04:49:30.183206+00:00
ABNB261120C00220000,2026-09-10 19:38:09+00:00,220.0,0.82,0.49,0.9,0.0,0.0,10.0,94,0.3845276391601562,False,REGULAR,USD,call,2026-11-20,2026-09-12T04:49:30.183206+00:00
ABNB261120C00230000,2026-09-11 15:26:37+00:00,230.0,0.55,0.0,1.17,0.04000002,7.843141,1.0,498,0.45935599243164066,False,REGULAR,USD,call,2026-11-20,2026-09-12T04:49:30.183206+00:00
ABNB261120C00240000,2026-09-11 15:26:37+00:00,240.0,0.36,0.0,0.52,0.07000002,24.13794,1.0,142,0.43164630859375,False,REGULAR,USD,call,2026-11-20,2026-09-12T04:49:30.183206+00:00
ABNB261120C00250000,2026-09-10 14:39:28+00:00,250.0,0.2,0.0,0.4,0.0,0.0,1.0,160,0.45166563964843753,False,REGULAR,USD,call,2026-11-20,2026-09-12T04:49:30.183206+00:00
ABNB261120P00100000,2026-08-31 17:35:12+00:00,100.0,0.06,0.0,0.92,0.0,0.0,,1,0.6543003320312502,False,REGULAR,USD,put,2026-11-20,2026-09-12T04:49:30.183206+00:00
ABNB261120P00110000,2026-09-10 14:19:11+00:00,110.0,0.24,0.0,0.4,0.0,0.0,2.0,7,0.5378464184570313,False,REGULAR,USD,put,2026-11-20,2026-09-12T04:49:30.183206+00:00
ABNB261120P00115000,2026-09-10 14:25:10+00:00,115.0,0.38,0.14,0.53,0.0,0.0,1.0,18,0.5161181201171875,False,REGULAR,USD,put,2026-11-20,2026-09-12T04:49:30.183206+00:00
ABNB261120P00130000,2026-09-09 15:18:43+00:00,130.0,1.03,0.1,1.26,0.0,0.0,4.0,22,0.46045461425781253,False,REGULAR,USD,put,2026-11-20,2026-09-12T04:49:30.183206+00:00
ABNB261120P00135000,2026-09-10 17:19:46+00:00,135.0,1.4,0.44,2.12,0.0,0.0,3.0,41,0.476567734375,False,REGULAR,USD,put,2026-11-20,2026-09-12T04:49:30.183206+00:00
ABNB261120P00140000,2026-09-11 13:57:55+00:00,140.0,2.1,1.44,2.74,-0.10000014,-4.545461,4.0,51,0.4602104760742188,False,REGULAR,USD,put,2026-11-20,2026-09-12T04:49:30.183206+00:00
ABNB261120P00145000,2026-09-10 16:20:38+00:00,145.0,2.9,1.58,3.0,0.0,0.0,4.0,307,0.4172421557617187,False,REGULAR,USD,put,2026-11-20,2026-09-12T04:49:30.183206+00:00
ABNB261120P00150000,2026-09-11 19:29:35+00:00,150.0,3.49,3.25,4.45,-0.6099999,-14.878046,1.0,449,0.4274959594726563,False,REGULAR,USD,put,2026-11-20,2026-09-12T04:49:30.183206+00:00
ABNB261120P00155000,2026-09-09 18:29:57+00:00,155.0,5.1,4.1,6.5,0.0,0.0,9.0,99,0.4472101177978516,False,REGULAR,USD,put,2026-11-20,2026-09-12T04:49:30.183206+00:00
ABNB261120P00160000,2026-09-11 19:15:59+00:00,160.0,6.4,6.0,7.3,-1.0,-13.513513,36.0,570,0.40619490295410154,False,REGULAR,USD,put,2026-11-20,2026-09-12T04:49:30.183206+00:00
ABNB261120P00165000,2026-09-11 16:20:07+00:00,165.0,8.6,7.8,9.05,0.0,0.0,33.0,73,0.3919128192138671,False,REGULAR,USD,put,2026-11-20,2026-09-12T04:49:30.183206+00:00
ABNB261120P00170000,2026-09-11 19:28:08+00:00,170.0,10.48,8.85,12.3,-1.6200008,-13.388435,19.0,145,0.4177304321289062,False,REGULAR,USD,put,2026-11-20,2026-09-12T04:49:30.183206+00:00
ABNB261120P00175000,2026-09-11 17:30:50+00:00,175.0,13.43,12.75,14.25,-0.25,-1.8274853,1.0,100,0.3881897119140625,True,REGULAR,USD,put,2026-11-20,2026-09-12T04:49:30.183206+00:00
ABNB261120P00180000,2026-09-11 19:32:26+00:00,180.0,16.1,14.5,17.25,-0.75,-4.4510384,7.0,591,0.3830017755126953,True,REGULAR,USD,put,2026-11-20,2026-09-12T04:49:30.183206+00:00
ABNB261120P00185000,2026-09-10 18:14:30+00:00,185.0,21.0,17.9,21.4,0.0,0.0,2.0,158,0.40820904296875,True,REGULAR,USD,put,2026-11-20,2026-09-12T04:49:30.183206+00:00
ABNB261120P00190000,2026-09-10 19:47:18+00:00,190.0,25.55,21.1,25.0,0.0,0.0,1.0,146,0.40515731567382807,True,REGULAR,USD,put,2026-11-20,2026-09-12T04:49:30.183206+00:00
ABNB261120P00195000,2026-09-09 17:22:49+00:00,195.0,26.5,26.05,28.7,0.0,0.0,1.0,36,0.39600213378906257,True,REGULAR,USD,put,2026-11-20,2026-09-12T04:49:30.183206+00:00
ABNB261120P00200000,2026-09-09 14:35:32+00:00,200.0,31.5,30.15,32.5,0.0,0.0,3.0,31,0.3795228063964844,True,REGULAR,USD,put,2026-11-20,2026-09-12T04:49:30.183206+00:00
ABNB261120P00210000,2026-09-04 14:05:06+00:00,210.0,29.5,38.45,42.2,0.0,0.0,2.0,2,0.43201251586914063,True,REGULAR,USD,put,2026-11-20,2026-09-12T04:49:30.183206+00:00
ABNB261120P00230000,2026-08-28 16:01:50+00:00,230.0,40.0,58.3,61.8,0.0,0.0,,2,0.523320196533203,True,REGULAR,USD,put,2026-11-20,2026-09-12T04:49:30.183206+00:00
ABNB261218C00055000,2026-07-27 18:09:35+00:00,55.0,91.41,125.6,129.75,0.0,0.0,1.0,1,2.572391264343261,True,REGULAR,USD,call,2026-12-18,2026-09-12T04:49:30.183206+00:00
ABNB261218C00060000,2026-02-17 14:36:48+00:00,60.0,68.85,0.0,0.0,0.0,0.0,4.0,0,1.0000000000000003e-05,True,REGULAR,USD,call,2026-12-18,2026-09-12T04:49:30.183206+00:00
ABNB261218C00065000,2026-08-07 14:21:08+00:00,65.0,112.0,104.1,107.9,0.0,0.0,8.0,15,1.0385790258789065,True,REGULAR,USD,call,2026-12-18,2026-09-12T04:49:30.183206+00:00
ABNB261218C00070000,2026-08-07 15:27:46+00:00,70.0,106.03,99.1,103.1,0.0,0.0,21.0,15,0.9868165380859376,True,REGULAR,USD,call,2026-12-18,2026-09-12T04:49:30.183206+00:00
ABNB261218C00075000,2026-04-17 14:36:18+00:00,75.0,69.35,60.55,63.7,0.0,0.0,1.0,7,1.0000000000000003e-05,True,REGULAR,USD,call,2026-12-18,2026-09-12T04:49:30.183206+00:00
ABNB261218C00080000,2026-07-02 14:13:00+00:00,80.0,70.0,109.35,113.4,0.0,0.0,1.0,37,2.361332221679687,True,REGULAR,USD,call,2026-12-18,2026-09-12T04:49:30.183206+00:00
ABNB261218C00085000,2026-06-15 19:29:26+00:00,85.0,56.55,63.9,67.65,0.0,0.0,1.0,30,1.0000000000000003e-05,True,REGULAR,USD,call,2026-12-18,2026-09-12T04:49:30.183206+00:00
ABNB261218C00090000,2026-08-10 16:37:51+00:00,90.0,94.68,79.4,82.9,0.0,0.0,1.0,62,0.7429224926757811,True,REGULAR,USD,call,2026-12-18,2026-09-12T04:49:30.183206+00:00
ABNB261218C00095000,2026-05-08 14:54:24+00:00,95.0,54.5,43.15,45.75,0.0,0.0,3.0,15,1.0000000000000003e-05,True,REGULAR,USD,call,2026-12-18,2026-09-12T04:49:30.183206+00:00
ABNB261218C00100000,2026-09-04 14:27:12+00:00,100.0,84.0,69.6,73.1,0.0,0.0,1.0,291,0.6621127539062501,True,REGULAR,USD,call,2026-12-18,2026-09-12T04:49:30.183206+00:00
ABNB261218C00105000,2026-08-25 18:07:54+00:00,105.0,87.1,64.8,68.25,0.0,0.0,2.0,41,0.6306189282226562,True,REGULAR,USD,call,2026-12-18,2026-09-12T04:49:30.183206+00:00
ABNB261218C00110000,2026-08-21 19:09:13+00:00,110.0,78.67,60.05,63.1,0.0,0.0,7.0,99,0.5852092260742188,True,REGULAR,USD,call,2026-12-18,2026-09-12T04:49:30.183206+00:00
ABNB261218C00115000,2026-08-28 19:50:34+00:00,115.0,74.95,55.65,57.6,0.0,0.0,7.0,275,0.5408981457519533,True,REGULAR,USD,call,2026-12-18,2026-09-12T04:49:30.183206+00:00
ABNB261218C00120000,2026-08-28 19:50:34+00:00,120.0,70.2,50.5,53.3,0.0,0.0,12.0,285,0.5162401892089843,True,REGULAR,USD,call,2026-12-18,2026-09-12T04:49:30.183206+00:00
ABNB261218C00125000,2026-09-09 18:57:30+00:00,125.0,47.55,45.9,48.75,0.0,0.0,2.0,178,0.5864299169921875,True,REGULAR,USD,call,2026-12-18,2026-09-12T04:49:30.183206+00:00
ABNB261218C00130000,2026-09-09 19:30:42+00:00,130.0,42.75,41.3,43.95,0.0,0.0,12.0,236,0.5430953894042969,True,REGULAR,USD,call,2026-12-18,2026-09-12T04:49:30.183206+00:00
ABNB261218C00135000,2026-09-11 13:55:01+00:00,135.0,36.1,36.95,39.4,-6.6000023,-15.456679,4.0,1294,0.5114794946289063,True,REGULAR,USD,call,2026-12-18,2026-09-12T04:49:30.183206+00:00
ABNB261218C00140000,2026-09-08 15:46:59+00:00,140.0,40.11,32.6,35.35,0.0,0.0,6.0,351,0.49878430908203125,True,REGULAR,USD,call,2026-12-18,2026-09-12T04:49:30.183206+00:00
ABNB261218C00145000,2026-09-08 19:29:24+00:00,145.0,33.93,29.2,31.0,0.0,0.0,3.0,436,0.46857220886230466,True,REGULAR,USD,call,2026-12-18,2026-09-12T04:49:30.183206+00:00
ABNB261218C00150000,2026-09-11 19:43:26+00:00,150.0,26.1,25.0,27.2,-0.5,-1.8796991,20.0,1078,0.45453426330566404,True,REGULAR,USD,call,2026-12-18,2026-09-12T04:49:30.183206+00:00
ABNB261218C00155000,2026-09-11 19:43:26+00:00,155.0,22.52,21.45,23.6,-0.7199993,-3.0981038,18.0,480,0.4409235595703125,True,REGULAR,USD,call,2026-12-18,2026-09-12T04:49:30.183206+00:00
ABNB261218C00160000,2026-09-10 15:19:04+00:00,160.0,19.36,18.7,20.3,0.0,0.0,1.0,1071,0.43005941040039064,True,REGULAR,USD,call,2026-12-18,2026-09-12T04:49:30.183206+00:00
ABNB261218C00165000,2026-09-11 16:29:16+00:00,165.0,16.2,15.45,17.25,-1.8499985,-10.2493,6.0,557,0.4195614685058594,True,REGULAR,USD,call,2026-12-18,2026-09-12T04:49:30.183206+00:00
ABNB261218C00170000,2026-09-10 15:01:38+00:00,170.0,13.75,13.5,14.5,0.0,0.0,1.0,434,0.41040628662109374,True,REGULAR,USD,call,2026-12-18,2026-09-12T04:49:30.183206+00:00
ABNB261218C00175000,2026-09-11 16:02:57+00:00,175.0,11.3,9.85,13.45,0.5500002,5.116281,3.0,397,0.44205269866943364,False,REGULAR,USD,call,2026-12-18,2026-09-12T04:49:30.183206+00:00
ABNB261218C00180000,2026-09-11 16:04:45+00:00,180.0,9.31,9.15,10.0,-0.23999977,-2.5130866,1.0,341,0.3979552392578125,False,REGULAR,USD,call,2026-12-18,2026-09-12T04:49:30.183206+00:00
ABNB261218C00185000,2026-09-10 19:12:42+00:00,185.0,7.1,6.45,8.0,0.0,0.0,4.0,254,0.3873962628173828,False,REGULAR,USD,call,2026-12-18,2026-09-12T04:49:30.183206+00:00
ABNB261218C00190000,2026-09-11 17:38:08+00:00,190.0,5.96,6.0,7.25,-0.09000015,-1.4876057,7.0,608,0.40772076660156253,False,REGULAR,USD,call,2026-12-18,2026-09-12T04:49:30.183206+00:00
ABNB261218C00195000,2026-09-11 18:40:01+00:00,195.0,4.9,4.5,5.2,-4.2599998,-46.506546,64.0,176,0.3803772900390625,False,REGULAR,USD,call,2026-12-18,2026-09-12T04:49:30.183206+00:00
ABNB261218C00200000,2026-09-11 19:19:46+00:00,200.0,3.88,3.0,4.2,-0.21000004,-5.134475,8.0,1023,0.3797669445800781,False,REGULAR,USD,call,2026-12-18,2026-09-12T04:49:30.183206+00:00
ABNB261218C00210000,2026-09-11 14:05:24+00:00,210.0,2.46,1.82,2.93,0.18000007,7.8947396,1.0,1293,0.389654541015625,False,REGULAR,USD,call,2026-12-18,2026-09-12T04:49:30.183206+00:00
ABNB261218C00220000,2026-09-11 19:19:04+00:00,220.0,1.55,1.0,1.73,0.03999996,2.6490042,2.0,503,0.38086556640624997,False,REGULAR,USD,call,2026-12-18,2026-09-12T04:49:30.183206+00:00
ABNB261218C00230000,2026-09-10 16:01:49+00:00,230.0,0.9,0.64,1.11,0.0,0.0,1.0,406,0.3836731555175781,False,REGULAR,USD,call,2026-12-18,2026-09-12T04:49:30.183206+00:00
ABNB261218C00240000,2026-09-08 18:47:23+00:00,240.0,0.96,0.47,0.9,0.0,0.0,6.0,230,0.405279384765625,False,REGULAR,USD,call,2026-12-18,2026-09-12T04:49:30.183206+00:00
ABNB261218C00250000,2026-09-11 19:12:12+00:00,250.0,0.36,0.02,0.68,-0.049999982,-12.195118,6.0,671,0.4184628466796875,False,REGULAR,USD,call,2026-12-18,2026-09-12T04:49:30.183206+00:00
ABNB261218C00260000,2026-09-08 18:50:43+00:00,260.0,0.35,0.01,0.5,0.0,0.0,1.0,1,0.4282283740234375,False,REGULAR,USD,call,2026-12-18,2026-09-12T04:49:30.183206+00:00
ABNB261218C00270000,2026-09-08 19:11:24+00:00,270.0,0.3,0.0,0.78,0.0,0.0,1.0,8,0.49487809814453126,False,REGULAR,USD,call,2026-12-18,2026-09-12T04:49:30.183206+00:00
ABNB261218P00055000,2026-09-11 15:56:15+00:00,55.0,0.13,0.01,0.16,-0.010000005,-7.1428614,3.0,161,0.8710950390625,False,REGULAR,USD,put,2026-12-18,2026-09-12T04:49:30.183206+00:00
ABNB261218P00060000,2026-09-11 17:21:39+00:00,60.0,0.03,0.01,0.45,0.0,0.0,2.0,563,0.9150399121093751,False,REGULAR,USD,put,2026-12-18,2026-09-12T04:49:30.183206+00:00
ABNB261218P00065000,2026-07-31 19:57:16+00:00,65.0,0.05,0.0,0.58,0.0,0.0,1.0,230,0.877930908203125,False,REGULAR,USD,put,2026-12-18,2026-09-12T04:49:30.183206+00:00
ABNB261218P00070000,2026-09-09 17:35:52+00:00,70.0,0.06,0.0,0.13,0.0,0.0,2.0,383,0.6738313867187502,False,REGULAR,USD,put,2026-12-18,2026-09-12T04:49:30.183206+00:00
ABNB261218P00075000,2026-08-07 14:40:33+00:00,75.0,0.07,0.0,2.15,0.0,0.0,4.0,119,0.9487309814453124,False,REGULAR,USD,put,2026-12-18,2026-09-12T04:49:30.183206+00:00
ABNB261218P00080000,2026-09-04 15:50:53+00:00,80.0,0.06,0.0,0.3,0.0,0.0,10.0,583,0.639652041015625,False,REGULAR,USD,put,2026-12-18,2026-09-12T04:49:30.183206+00:00
ABNB261218P00085000,2026-09-09 15:01:56+00:00,85.0,0.1,0.0,0.35,0.0,0.0,5.0,1034,0.6054726953125001,False,REGULAR,USD,put,2026-12-18,2026-09-12T04:49:30.183206+00:00
ABNB261218P00090000,2026-09-09 15:38:06+00:00,90.0,0.09,0.0,0.91,0.0,0.0,1.0,616,0.647464462890625,False,REGULAR,USD,put,2026-12-18,2026-09-12T04:49:30.183206+00:00
ABNB261218P00095000,2026-09-09 15:00:52+00:00,95.0,0.17,0.0,0.62,0.0,0.0,5.0,1047,0.5620160986328125,False,REGULAR,USD,put,2026-12-18,2026-09-12T04:49:30.183206+00:00
ABNB261218P00100000,2026-09-09 17:32:48+00:00,100.0,0.23,0.01,0.24,0.0,0.0,21.0,1525,0.4975636181640626,False,REGULAR,USD,put,2026-12-18,2026-09-12T04:49:30.183206+00:00
ABNB261218P00105000,2026-09-09 13:38:41+00:00,105.0,0.29,0.0,1.03,0.0,0.0,20.0,656,0.5190477783203125,False,REGULAR,USD,put,2026-12-18,2026-09-12T04:49:30.183206+00:00
ABNB261218P00110000,2026-09-09 13:38:14+00:00,110.0,0.39,0.1,0.62,0.0,0.0,20.0,3878,0.49268085449218757,False,REGULAR,USD,put,2026-12-18,2026-09-12T04:49:30.183206+00:00
ABNB261218P00115000,2026-09-11 13:30:01+00:00,115.0,0.82,0.2,0.87,0.47,134.2857,1.0,653,0.48242705078125003,False,REGULAR,USD,put,2026-12-18,2026-09-12T04:49:30.183206+00:00
ABNB261218P00120000,2026-09-11 15:56:15+00:00,120.0,0.78,0.28,0.97,-0.100000024,-11.363639,3.0,912,0.44946839599609373,False,REGULAR,USD,put,2026-12-18,2026-09-12T04:49:30.183206+00:00
ABNB261218P00125000,2026-09-10 14:20:57+00:00,125.0,1.2,0.75,1.41,0.0,0.0,3.0,706,0.44556218505859374,False,REGULAR,USD,put,2026-12-18,2026-09-12T04:49:30.183206+00:00
ABNB261218P00130000,2026-09-11 18:30:17+00:00,130.0,1.48,0.71,1.84,-0.100000024,-6.3291154,1.0,468,0.4315242395019532,False,REGULAR,USD,put,2026-12-18,2026-09-12T04:49:30.183206+00:00
ABNB261218P00135000,2026-09-10 18:38:21+00:00,135.0,2.26,1.66,2.78,0.0,0.0,5.0,2413,0.43994700683593746,False,REGULAR,USD,put,2026-12-18,2026-09-12T04:49:30.183206+00:00
ABNB261218P00140000,2026-09-09 13:30:02+00:00,140.0,2.59,1.3,3.25,0.0,0.0,1.0,412,0.41394629028320307,False,REGULAR,USD,put,2026-12-18,2026-09-12T04:49:30.183206+00:00
ABNB261218P00145000,2026-09-11 16:03:52+00:00,145.0,3.65,3.25,4.9,-0.5999999,-14.117644,3.0,237,0.4329890686035156,False,REGULAR,USD,put,2026-12-18,2026-09-12T04:49:30.183206+00:00
ABNB261218P00150000,2026-09-11 19:29:29+00:00,150.0,4.65,4.4,5.8,-0.8199997,-14.990854,5.0,271,0.4115049084472656,False,REGULAR,USD,put,2026-12-18,2026-09-12T04:49:30.183206+00:00
ABNB261218P00155000,2026-09-11 15:50:44+00:00,155.0,6.3,4.55,7.4,0.75,13.513513,1.0,114,0.4079038702392578,False,REGULAR,USD,put,2026-12-18,2026-09-12T04:49:30.183206+00:00
ABNB261218P00160000,2026-09-10 18:48:16+00:00,160.0,8.7,6.75,8.95,0.0,0.0,7.0,409,0.39453730468750003,False,REGULAR,USD,put,2026-12-18,2026-09-12T04:49:30.183206+00:00
ABNB261218P00165000,2026-09-10 19:12:42+00:00,165.0,11.05,9.05,10.15,0.0,0.0,4.0,116,0.3635927899169922,False,REGULAR,USD,put,2026-12-18,2026-09-12T04:49:30.183206+00:00
ABNB261218P00170000,2026-09-10 19:14:14+00:00,170.0,13.36,11.55,13.15,0.0,0.0,8.0,148,0.3773255627441406,False,REGULAR,USD,put,2026-12-18,2026-09-12T04:49:30.183206+00:00
ABNB261218P00175000,2026-09-11 18:44:36+00:00,175.0,14.85,14.05,15.55,-1.3999996,-8.615382,50.0,116,0.36511865356445317,True,REGULAR,USD,put,2026-12-18,2026-09-12T04:49:30.183206+00:00
ABNB261218P00180000,2026-09-09 15:07:43+00:00,180.0,18.27,16.95,18.25,0.0,0.0,2.0,331,0.3529117443847656,True,REGULAR,USD,put,2026-12-18,2026-09-12T04:49:30.183206+00:00
ABNB261218P00185000,2026-09-09 19:51:40+00:00,185.0,19.25,20.1,22.7,0.0,0.0,21.0,256,0.3842835009765625,True,REGULAR,USD,put,2026-12-18,2026-09-12T04:49:30.183206+00:00
ABNB261218P00190000,2026-09-11 17:38:08+00:00,190.0,24.51,23.65,25.7,-1.6700001,-6.3789153,4.0,34,0.36511865356445317,True,REGULAR,USD,put,2026-12-18,2026-09-12T04:49:30.183206+00:00
ABNB261218P00195000,2026-09-10 13:59:33+00:00,195.0,29.85,27.5,29.0,0.0,0.0,1.0,15,0.34552656433105466,True,REGULAR,USD,put,2026-12-18,2026-09-12T04:49:30.183206+00:00
ABNB261218P00200000,2026-09-10 15:38:44+00:00,200.0,32.5,31.25,33.95,0.0,0.0,10.0,26,0.3777528045654296,True,REGULAR,USD,put,2026-12-18,2026-09-12T04:49:30.183206+00:00
ABNB261218P00220000,2026-07-23 14:53:55+00:00,220.0,83.76,31.75,33.8,0.0,0.0,6.0,17,1.0000000000000003e-05,True,REGULAR,USD,put,2026-12-18,2026-09-12T04:49:30.183206+00:00
ABNB261218P00240000,2026-08-07 14:13:51+00:00,240.0,64.3,68.45,71.1,0.0,0.0,2.0,0,0.4381159704589844,True,REGULAR,USD,put,2026-12-18,2026-09-12T04:49:30.183206+00:00
ABNB261218P00250000,2026-09-10 18:26:36+00:00,250.0,81.1,78.4,81.1,0.0,0.0,21.0,14,0.4762015270996094,True,REGULAR,USD,put,2026-12-18,2026-09-12T04:49:30.183206+00:00
ABNB270115C00055000,2026-09-04 17:35:06+00:00,55.0,128.35,114.2,117.9,0.0,0.0,2.0,15,1.0737351000976565,True,REGULAR,USD,call,2027-01-15,2026-09-12T04:49:30.183206+00:00
ABNB270115C00060000,2026-06-16 16:18:47+00:00,60.0,81.75,77.45,81.05,0.0,0.0,1.0,16,1.0000000000000003e-05,True,REGULAR,USD,call,2027-01-15,2026-09-12T04:49:30.183206+00:00
ABNB270115C00065000,2026-04-20 16:53:11+00:00,65.0,80.9,69.7,73.65,0.0,0.0,2.0,20,1.0000000000000003e-05,True,REGULAR,USD,call,2027-01-15,2026-09-12T04:49:30.183206+00:00
ABNB270115C00070000,2026-08-10 16:05:20+00:00,70.0,113.97,99.4,102.9,0.0,0.0,1.0,26,0.8791515991210936,True,REGULAR,USD,call,2027-01-15,2026-09-12T04:49:30.183206+00:00
ABNB270115C00075000,2025-12-12 19:54:45+00:00,75.0,58.55,59.0,62.0,0.0,0.0,2.0,0,1.0000000000000003e-05,True,REGULAR,USD,call,2027-01-15,2026-09-12T04:49:30.183206+00:00
ABNB270115C00080000,2026-08-13 13:35:43+00:00,80.0,102.54,89.7,93.1,0.0,0.0,3.0,105,0.7966328930664062,True,REGULAR,USD,call,2027-01-15,2026-09-12T04:49:30.183206+00:00
ABNB270115C00085000,2026-05-20 16:22:45+00:00,85.0,54.0,0.0,0.0,0.0,0.0,1.0,0,1.0000000000000003e-05,True,REGULAR,USD,call,2027-01-15,2026-09-12T04:49:30.183206+00:00
ABNB270115C00090000,2026-07-29 14:31:52+00:00,90.0,66.65,92.2,95.35,0.0,0.0,5.0,50,1.4702174926757814,True,REGULAR,USD,call,2027-01-15,2026-09-12T04:49:30.183206+00:00
ABNB270115C00095000,2026-08-10 16:40:46+00:00,95.0,90.25,75.0,79.05,0.0,0.0,1.0,24,0.7014190014648438,True,REGULAR,USD,call,2027-01-15,2026-09-12T04:49:30.183206+00:00
ABNB270115C00100000,2026-08-31 15:28:41+00:00,100.0,86.5,70.15,74.15,0.0,0.0,1.0,201,0.6606479248046876,True,REGULAR,USD,call,2027-01-15,2026-09-12T04:49:30.183206+00:00
ABNB270115C00105000,2026-08-20 17:21:11+00:00,105.0,82.05,66.1,68.45,0.0,0.0,2.0,57,0.6206092626953126,True,REGULAR,USD,call,2027-01-15,2026-09-12T04:49:30.183206+00:00
ABNB270115C00110000,2026-08-28 19:40:03+00:00,110.0,81.91,60.8,63.65,0.0,0.0,5.0,95,0.5684857604980469,True,REGULAR,USD,call,2027-01-15,2026-09-12T04:49:30.183206+00:00
ABNB270115C00115000,2026-08-28 14:59:10+00:00,115.0,77.36,56.0,58.85,0.0,0.0,1.0,148,0.5357712438964843,True,REGULAR,USD,call,2027-01-15,2026-09-12T04:49:30.183206+00:00
ABNB270115C00120000,2026-09-10 15:14:56+00:00,120.0,51.65,51.35,54.15,0.0,0.0,4.0,373,0.5101367346191408,True,REGULAR,USD,call,2027-01-15,2026-09-12T04:49:30.183206+00:00
ABNB270115C00125000,2026-09-09 18:44:44+00:00,125.0,48.95,47.15,49.9,0.0,0.0,3.0,294,0.50586431640625,True,REGULAR,USD,call,2027-01-15,2026-09-12T04:49:30.183206+00:00
ABNB270115C00130000,2026-09-10 14:21:11+00:00,130.0,43.89,42.9,45.2,0.0,0.0,20.0,626,0.5335740002441407,True,REGULAR,USD,call,2027-01-15,2026-09-12T04:49:30.183206+00:00
ABNB270115C00135000,2026-08-31 16:59:52+00:00,135.0,53.1,38.5,41.85,0.0,0.0,2.0,641,0.5465133239746094,True,REGULAR,USD,call,2027-01-15,2026-09-12T04:49:30.183206+00:00
ABNB270115C00140000,2026-09-10 19:48:55+00:00,140.0,34.34,34.15,36.7,0.0,0.0,142.0,8014,0.4885305053710938,True,REGULAR,USD,call,2027-01-15,2026-09-12T04:49:30.183206+00:00
ABNB270115C00145000,2026-09-04 17:23:17+00:00,145.0,42.75,30.25,32.7,0.0,0.0,1.0,1528,0.46960979614257814,True,REGULAR,USD,call,2027-01-15,2026-09-12T04:49:30.183206+00:00
ABNB270115C00150000,2026-09-10 19:48:55+00:00,150.0,26.6,26.7,28.9,0.0,0.0,136.0,1600,0.4528252960205078,True,REGULAR,USD,call,2027-01-15,2026-09-12T04:49:30.183206+00:00
ABNB270115C00155000,2026-09-08 17:20:51+00:00,155.0,30.15,23.55,25.45,0.0,0.0,1.0,4478,0.4415339050292969,True,REGULAR,USD,call,2027-01-15,2026-09-12T04:49:30.183206+00:00
ABNB270115C00160000,2026-09-10 14:58:15+00:00,160.0,21.23,20.15,23.45,0.0,0.0,9.0,1451,0.46393358337402346,True,REGULAR,USD,call,2027-01-15,2026-09-12T04:49:30.183206+00:00
ABNB270115C00165000,2026-09-09 17:17:12+00:00,165.0,18.98,17.35,19.1,0.0,0.0,10.0,429,0.41785250122070305,True,REGULAR,USD,call,2027-01-15,2026-09-12T04:49:30.183206+00:00
ABNB270115C00170000,2026-09-11 16:30:48+00:00,170.0,15.42,14.8,17.8,-0.27999973,-1.7834378,7.0,2956,0.44525701232910153,True,REGULAR,USD,call,2027-01-15,2026-09-12T04:49:30.183206+00:00
ABNB270115C00175000,2026-09-11 19:01:19+00:00,175.0,13.3,12.9,14.45,0.8500004,6.8273125,3.0,2920,0.4149228430175781,False,REGULAR,USD,call,2027-01-15,2026-09-12T04:49:30.183206+00:00
ABNB270115C00180000,2026-09-11 19:33:16+00:00,180.0,11.42,10.65,11.8,0.26000023,2.329751,1.0,1383,0.3965514447021484,False,REGULAR,USD,call,2027-01-15,2026-09-12T04:49:30.183206+00:00
ABNB270115C00185000,2026-09-11 17:37:05+00:00,185.0,9.2,8.15,10.4,-0.19999981,-2.1276577,1.0,2160,0.4041197283935547,False,REGULAR,USD,call,2027-01-15,2026-09-12T04:49:30.183206+00:00
ABNB270115C00190000,2026-09-11 19:33:16+00:00,190.0,7.82,7.5,8.25,0.01999998,0.25641,1.0,1326,0.3866638482666015,False,REGULAR,USD,call,2027-01-15,2026-09-12T04:49:30.183206+00:00
ABNB270115C00195000,2026-09-10 15:29:05+00:00,195.0,6.66,5.3,6.95,0.0,0.0,500.0,490,0.38611453735351553,False,REGULAR,USD,call,2027-01-15,2026-09-12T04:49:30.183206+00:00
ABNB270115C00200000,2026-09-11 19:49:44+00:00,200.0,5.43,4.95,6.7,0.62999964,13.124992,17.0,1289,0.41138283935546877,False,REGULAR,USD,call,2027-01-15,2026-09-12T04:49:30.183206+00:00
ABNB270115C00210000,2026-09-11 19:33:16+00:00,210.0,3.57,2.1,5.0,-0.08000016,-2.191785,1.0,1793,0.41699801757812494,False,REGULAR,USD,call,2027-01-15,2026-09-12T04:49:30.183206+00:00
ABNB270115C00220000,2026-09-10 18:17:28+00:00,220.0,2.19,1.97,2.7,0.0,0.0,10.0,1280,0.3811097045898437,False,REGULAR,USD,call,2027-01-15,2026-09-12T04:49:30.183206+00:00
ABNB270115C00230000,2026-09-11 18:39:17+00:00,230.0,1.72,1.15,1.8,0.20000005,13.157898,7.0,1220,0.3797669445800781,False,REGULAR,USD,call,2027-01-15,2026-09-12T04:49:30.183206+00:00
ABNB270115C00240000,2026-09-10 18:17:28+00:00,240.0,0.9,0.6,1.36,0.0,0.0,6.0,787,0.39063109375,False,REGULAR,USD,call,2027-01-15,2026-09-12T04:49:30.183206+00:00
ABNB270115C00250000,2026-09-11 13:43:33+00:00,250.0,0.72,0.39,1.23,-0.92999995,-56.363636,1.0,29,0.4151669812011719,False,REGULAR,USD,call,2027-01-15,2026-09-12T04:49:30.183206+00:00
ABNB270115C00260000,2026-08-25 16:13:26+00:00,260.0,1.8,0.18,0.75,0.0,0.0,13.0,9,0.4054014538574219,False,REGULAR,USD,call,2027-01-15,2026-09-12T04:49:30.183206+00:00
ABNB270115C00270000,2026-08-25 16:12:31+00:00,270.0,1.17,0.0,1.23,0.0,0.0,14.0,30,0.4760794580078125,False,REGULAR,USD,call,2027-01-15,2026-09-12T04:49:30.183206+00:00
ABNB270115C00280000,2026-08-31 18:07:18+00:00,280.0,0.6,0.0,2.33,0.0,0.0,2.0,4,0.5783733569335938,False,REGULAR,USD,call,2027-01-15,2026-09-12T04:49:30.183206+00:00
ABNB270115P00055000,2026-08-21 13:30:02+00:00,55.0,0.01,0.0,0.47,0.0,0.0,1.0,457,0.8730481445312499,False,REGULAR,USD,put,2027-01-15,2026-09-12T04:49:30.183206+00:00
ABNB270115P00060000,2026-09-11 14:34:05+00:00,60.0,0.04,0.0,0.09,0.0,0.0,1.0,245,0.6640658593750002,False,REGULAR,USD,put,2027-01-15,2026-09-12T04:49:30.183206+00:00
ABNB270115P00065000,2026-08-31 19:12:24+00:00,65.0,0.04,0.0,0.09,0.0,0.0,1.0,144,0.6152382226562501,False,REGULAR,USD,put,2027-01-15,2026-09-12T04:49:30.183206+00:00
ABNB270115P00070000,2026-08-10 16:00:09+00:00,70.0,0.07,0.0,0.22,0.0,0.0,1.0,138,0.63086306640625,False,REGULAR,USD,put,2027-01-15,2026-09-12T04:49:30.183206+00:00
ABNB270115P00075000,2026-08-13 13:42:08+00:00,75.0,0.06,0.0,0.43,0.0,0.0,8.0,151,0.6391637646484375,False,REGULAR,USD,put,2027-01-15,2026-09-12T04:49:30.183206+00:00
ABNB270115P00080000,2026-09-01 13:30:08+00:00,80.0,0.05,0.0,0.79,0.0,0.0,3.0,683,0.649417568359375,False,REGULAR,USD,put,2027-01-15,2026-09-12T04:49:30.183206+00:00
ABNB270115P00085000,2026-09-09 19:46:56+00:00,85.0,0.11,0.0,0.25,0.0,0.0,4.0,474,0.5107470800781251,False,REGULAR,USD,put,2027-01-15,2026-09-12T04:49:30.183206+00:00
ABNB270115P00090000,2026-08-14 18:46:36+00:00,90.0,0.1,0.0,1.26,0.0,0.0,2.0,1008,0.6044961425781252,False,REGULAR,USD,put,2027-01-15,2026-09-12T04:49:30.183206+00:00
ABNB270115P00095000,2026-09-09 17:33:51+00:00,95.0,0.25,0.0,0.63,0.0,0.0,20.0,1465,0.5593305786132813,False,REGULAR,USD,put,2027-01-15,2026-09-12T04:49:30.183206+00:00
ABNB270115P00100000,2026-09-10 16:27:04+00:00,100.0,0.33,0.3,0.6,0.0,0.0,10.0,6434,0.5117236328125,False,REGULAR,USD,put,2027-01-15,2026-09-12T04:49:30.183206+00:00
ABNB270115P00105000,2026-09-10 14:01:48+00:00,105.0,0.55,0.13,0.7,0.0,0.0,20.0,2551,0.48511257080078124,False,REGULAR,USD,put,2027-01-15,2026-09-12T04:49:30.183206+00:00
ABNB270115P00110000,2026-09-10 13:48:52+00:00,110.0,0.72,0.4,0.88,0.0,0.0,1.0,3228,0.46631393066406257,False,REGULAR,USD,put,2027-01-15,2026-09-12T04:49:30.183206+00:00
ABNB270115P00115000,2026-09-11 17:40:33+00:00,115.0,0.85,0.8,1.07,0.35000002,70.00001,25.0,591,0.445318046875,False,REGULAR,USD,put,2027-01-15,2026-09-12T04:49:30.183206+00:00
ABNB270115P00120000,2026-09-11 18:39:17+00:00,120.0,1.02,0.83,1.26,-0.19000006,-15.702483,7.0,7074,0.4215145739746094,False,REGULAR,USD,put,2027-01-15,2026-09-12T04:49:30.183206+00:00
ABNB270115P00125000,2026-09-11 14:12:21+00:00,125.0,1.58,1.21,1.76,0.42000008,36.206905,1.0,3913,0.41687594848632803,False,REGULAR,USD,put,2027-01-15,2026-09-12T04:49:30.183206+00:00
ABNB270115P00130000,2026-09-09 13:37:52+00:00,130.0,2.15,1.61,2.47,0.0,0.0,5.0,1054,0.4158993957519531,False,REGULAR,USD,put,2027-01-15,2026-09-12T04:49:30.183206+00:00
ABNB270115P00135000,2026-09-10 16:41:24+00:00,135.0,3.0,1.44,2.99,0.0,0.0,1.0,2895,0.39789420471191406,False,REGULAR,USD,put,2027-01-15,2026-09-12T04:49:30.183206+00:00
ABNB270115P00140000,2026-09-11 16:13:02+00:00,140.0,3.6,3.15,5.05,-0.4000001,-10.000002,5.0,1104,0.4359187268066406,False,REGULAR,USD,put,2027-01-15,2026-09-12T04:49:30.183206+00:00
ABNB270115P00145000,2026-09-11 19:08:11+00:00,145.0,4.4,4.0,4.7,-0.4499998,-9.278347,19.0,1004,0.3748231463623046,False,REGULAR,USD,put,2027-01-15,2026-09-12T04:49:30.183206+00:00
ABNB270115P00150000,2026-09-11 19:19:39+00:00,150.0,5.7,5.35,6.05,-0.75,-11.627908,126.0,472,0.37085590087890624,False,REGULAR,USD,put,2027-01-15,2026-09-12T04:49:30.183206+00:00
ABNB270115P00155000,2026-09-11 18:33:41+00:00,155.0,7.2,6.9,7.5,-0.9000006,-11.111118,82.0,256,0.3626772717285156,False,REGULAR,USD,put,2027-01-15,2026-09-12T04:49:30.183206+00:00
ABNB270115P00160000,2026-09-11 18:33:41+00:00,160.0,9.06,8.7,9.25,-0.9399996,-9.399996,1.0,772,0.35608554077148435,False,REGULAR,USD,put,2027-01-15,2026-09-12T04:49:30.183206+00:00
ABNB270115P00165000,2026-09-10 14:40:10+00:00,165.0,11.55,10.75,11.25,0.0,0.0,100.0,314,0.34918863708496095,False,REGULAR,USD,put,2027-01-15,2026-09-12T04:49:30.183206+00:00
ABNB270115P00170000,2026-09-11 18:39:17+00:00,170.0,13.55,13.1,14.3,-0.46000004,-3.283369,3.0,144,0.3618227880859375,False,REGULAR,USD,put,2027-01-15,2026-09-12T04:49:30.183206+00:00
ABNB270115P00175000,2026-09-11 17:10:33+00:00,175.0,16.2,14.85,16.15,-0.43999863,-2.6442225,3.0,107,0.3371037969970704,True,REGULAR,USD,put,2027-01-15,2026-09-12T04:49:30.183206+00:00
ABNB270115P00180000,2026-09-11 14:48:43+00:00,180.0,19.2,18.05,19.65,-1.2699986,-6.2041945,2.0,985,0.3469913934326171,True,REGULAR,USD,put,2027-01-15,2026-09-12T04:49:30.183206+00:00
ABNB270115P00185000,2026-09-09 19:55:32+00:00,185.0,22.2,20.55,22.85,0.0,0.0,7.0,190,0.34290207885742185,True,REGULAR,USD,put,2027-01-15,2026-09-12T04:49:30.183206+00:00
ABNB270115P00190000,2026-09-08 17:22:28+00:00,190.0,22.19,24.55,26.75,0.0,0.0,3.0,88,0.3512638116455078,True,REGULAR,USD,put,2027-01-15,2026-09-12T04:49:30.183206+00:00
ABNB270115P00195000,2026-09-08 19:55:35+00:00,195.0,26.24,27.7,30.9,0.0,0.0,2.0,40,0.36176175354003903,True,REGULAR,USD,put,2027-01-15,2026-09-12T04:49:30.183206+00:00
ABNB270115P00200000,2026-09-11 18:39:17+00:00,200.0,33.21,32.1,33.85,4.209999,14.517239,3.0,109,0.3299017205810546,True,REGULAR,USD,put,2027-01-15,2026-09-12T04:49:30.183206+00:00
ABNB270115P00210000,2026-08-12 13:31:24+00:00,210.0,32.55,40.15,42.45,0.0,0.0,,99,0.3324041369628906,True,REGULAR,USD,put,2027-01-15,2026-09-12T04:49:30.183206+00:00
ABNB270115P00220000,2026-09-08 15:34:14+00:00,220.0,44.55,49.4,52.2,0.0,0.0,2.0,83,0.3678652081298829,True,REGULAR,USD,put,2027-01-15,2026-09-12T04:49:30.183206+00:00
ABNB270115P00230000,2026-09-09 14:28:21+00:00,230.0,58.82,58.15,61.9,0.0,0.0,1.0,0,0.3952697192382813,True,REGULAR,USD,put,2027-01-15,2026-09-12T04:49:30.183206+00:00
ABNB270115P00240000,2026-08-26 15:55:57+00:00,240.0,52.1,67.8,71.8,0.0,0.0,1.0,0,0.4282283740234375,True,REGULAR,USD,put,2027-01-15,2026-09-12T04:49:30.183206+00:00
ABNB270115P00280000,2026-09-01 19:33:45+00:00,280.0,98.0,108.35,111.8,0.0,0.0,,0,0.5585981640625001,True,REGULAR,USD,put,2027-01-15,2026-09-12T04:49:30.183206+00:00
ABNB270319C00065000,2026-08-10 13:30:26+00:00,65.0,117.65,104.95,108.9,0.0,0.0,1.0,2,0.8725598681640624,True,REGULAR,USD,call,2027-03-19,2026-09-12T04:49:30.183206+00:00
ABNB270319C00070000,2026-08-06 16:33:39+00:00,70.0,82.45,100.15,103.75,0.0,0.0,,1,0.8149432568359375,True,REGULAR,USD,call,2027-03-19,2026-09-12T04:49:30.183206+00:00
ABNB270319C00075000,2026-08-11 18:25:56+00:00,75.0,113.85,95.35,99.4,0.0,0.0,1.0,1,0.7984639294433593,True,REGULAR,USD,call,2027-03-19,2026-09-12T04:49:30.183206+00:00
ABNB270319C00080000,2026-08-06 16:30:24+00:00,80.0,73.1,90.5,94.1,0.0,0.0,,1,0.7374293835449219,True,REGULAR,USD,call,2027-03-19,2026-09-12T04:49:30.183206+00:00
ABNB270319C00085000,2026-08-06 16:29:13+00:00,85.0,68.45,85.7,89.3,0.0,0.0,2.0,10,0.702151416015625,True,REGULAR,USD,call,2027-03-19,2026-09-12T04:49:30.183206+00:00
ABNB270319C00090000,2026-09-10 15:50:17+00:00,90.0,82.6,81.15,84.35,0.0,0.0,1.0,2,0.6709017285156251,True,REGULAR,USD,call,2027-03-19,2026-09-12T04:49:30.183206+00:00
ABNB270319C00095000,2026-08-06 16:27:37+00:00,95.0,59.5,76.25,79.35,0.0,0.0,2.0,12,0.6268347863769532,True,REGULAR,USD,call,2027-03-19,2026-09-12T04:49:30.183206+00:00
ABNB270319C00100000,2026-09-11 19:49:41+00:00,100.0,73.3,71.55,74.65,-8.399994,-10.28151,1.0,19,0.5994913098144532,True,REGULAR,USD,call,2027-03-19,2026-09-12T04:49:30.183206+00:00
ABNB270319C00105000,2026-08-06 16:32:22+00:00,105.0,50.6,67.05,70.7,0.0,0.0,4.0,3,0.5960733752441407,True,REGULAR,USD,call,2027-03-19,2026-09-12T04:49:30.183206+00:00
ABNB270319C00110000,2026-08-18 17:27:50+00:00,110.0,78.73,62.5,66.05,0.0,0.0,1.0,3,0.5701947277832031,True,REGULAR,USD,call,2027-03-19,2026-09-12T04:49:30.183206+00:00
ABNB270319C00120000,2026-08-06 16:35:01+00:00,120.0,38.7,53.55,57.35,0.0,0.0,4.0,11,0.5300339965820313,True,REGULAR,USD,call,2027-03-19,2026-09-12T04:49:30.183206+00:00
ABNB270319C00125000,2026-08-07 13:35:41+00:00,125.0,53.0,49.4,52.45,0.0,0.0,1.0,21,0.5033008654785156,True,REGULAR,USD,call,2027-03-19,2026-09-12T04:49:30.183206+00:00
ABNB270319C00130000,2026-08-17 19:41:30+00:00,130.0,56.31,45.95,48.05,0.0,0.0,3.0,84,0.5275315802001954,True,REGULAR,USD,call,2027-03-19,2026-09-12T04:49:30.183206+00:00
ABNB270319C00135000,2026-08-21 14:47:17+00:00,135.0,59.0,42.5,44.05,0.0,0.0,3.0,36,0.5106250109863282,True,REGULAR,USD,call,2027-03-19,2026-09-12T04:49:30.183206+00:00
ABNB270319C00140000,2026-09-03 16:43:30+00:00,140.0,53.73,38.15,40.25,0.0,0.0,1.0,151,0.49658706542968756,True,REGULAR,USD,call,2027-03-19,2026-09-12T04:49:30.183206+00:00
ABNB270319C00145000,2026-09-11 19:45:09+00:00,145.0,35.63,34.55,37.3,-14.07,-28.309858,1.0,50,0.5009205181884766,True,REGULAR,USD,call,2027-03-19,2026-09-12T04:49:30.183206+00:00
ABNB270319C00150000,2026-09-11 19:49:41+00:00,150.0,31.65,31.1,32.9,-0.59000206,-1.8300312,1.0,93,0.4661308270263672,True,REGULAR,USD,call,2027-03-19,2026-09-12T04:49:30.183206+00:00
ABNB270319C00155000,2026-09-09 15:12:09+00:00,155.0,29.41,28.1,30.35,0.0,0.0,1.0,145,0.4721732470703125,True,REGULAR,USD,call,2027-03-19,2026-09-12T04:49:30.183206+00:00
ABNB270319C00160000,2026-09-11 18:34:35+00:00,160.0,25.45,25.25,26.7,-12.799999,-33.46405,4.0,123,0.44965149963378903,True,REGULAR,USD,call,2027-03-19,2026-09-12T04:49:30.183206+00:00
ABNB270319C00165000,2026-09-11 18:23:25+00:00,165.0,22.52,22.1,25.15,2.3199997,11.4851465,2.0,168,0.4689994506835938,True,REGULAR,USD,call,2027-03-19,2026-09-12T04:49:30.183206+00:00
ABNB270319C00170000,2026-09-10 17:31:28+00:00,170.0,20.25,19.1,22.45,0.0,0.0,6.0,96,0.4598137515258789,True,REGULAR,USD,call,2027-03-19,2026-09-12T04:49:30.183206+00:00
ABNB270319C00175000,2026-09-10 13:53:49+00:00,175.0,17.26,17.45,19.25,0.0,0.0,1.0,117,0.43707838317871095,False,REGULAR,USD,call,2027-03-19,2026-09-12T04:49:30.183206+00:00
ABNB270319C00180000,2026-09-11 17:19:31+00:00,180.0,15.55,13.95,17.0,0.5500002,3.666668,6.0,585,0.4304866522216797,False,REGULAR,USD,call,2027-03-19,2026-09-12T04:49:30.183206+00:00
ABNB270319C00185000,2026-09-11 17:19:31+00:00,185.0,13.6,13.05,14.4,-0.39999962,-2.85714,8.0,68,0.4131528411865234,False,REGULAR,USD,call,2027-03-19,2026-09-12T04:49:30.183206+00:00
ABNB270319C00190000,2026-09-10 14:23:49+00:00,190.0,12.0,10.6,13.55,0.0,0.0,3.0,478,0.42862509857177733,False,REGULAR,USD,call,2027-03-19,2026-09-12T04:49:30.183206+00:00
ABNB270319C00195000,2026-09-11 17:16:32+00:00,195.0,10.3,9.9,11.6,-0.5500002,-5.069126,2.0,184,0.41794405303955073,False,REGULAR,USD,call,2027-03-19,2026-09-12T04:49:30.183206+00:00
ABNB270319C00200000,2026-09-10 15:03:25+00:00,200.0,9.1,8.85,10.6,0.0,0.0,2.0,262,0.42450526672363287,False,REGULAR,USD,call,2027-03-19,2026-09-12T04:49:30.183206+00:00
ABNB270319C00210000,2026-09-10 18:11:29+00:00,210.0,6.6,5.55,7.3,0.0,0.0,1.0,301,0.39896230926513676,False,REGULAR,USD,call,2027-03-19,2026-09-12T04:49:30.183206+00:00
ABNB270319C00220000,2026-09-09 18:07:00+00:00,220.0,5.35,4.6,5.8,0.0,0.0,10.0,570,0.4042417974853516,False,REGULAR,USD,call,2027-03-19,2026-09-12T04:49:30.183206+00:00
ABNB270319C00230000,2026-09-10 13:30:10+00:00,230.0,3.55,3.3,5.05,0.0,0.0,1.0,263,0.42200285034179685,False,REGULAR,USD,call,2027-03-19,2026-09-12T04:49:30.183206+00:00
ABNB270319C00240000,2026-09-03 17:30:58+00:00,240.0,5.6,2.46,3.35,0.0,0.0,3.0,444,0.4024717956542969,False,REGULAR,USD,call,2027-03-19,2026-09-12T04:49:30.183206+00:00
ABNB270319C00250000,2026-09-11 18:53:59+00:00,250.0,2.11,1.49,3.25,-0.08000016,-3.6529753,2.0,12,0.4299373413085938,False,REGULAR,USD,call,2027-03-19,2026-09-12T04:49:30.183206+00:00
ABNB270319C00260000,2026-09-10 13:30:01+00:00,260.0,1.34,1.15,1.94,0.0,0.0,1.0,3,0.4030821411132813,False,REGULAR,USD,call,2027-03-19,2026-09-12T04:49:30.183206+00:00
ABNB270319C00270000,2026-09-10 13:30:08+00:00,270.0,0.99,0.6,1.68,0.0,0.0,1.0,2,0.4151669812011719,False,REGULAR,USD,call,2027-03-19,2026-09-12T04:49:30.183206+00:00
ABNB270319C00280000,2026-08-21 14:46:27+00:00,280.0,2.05,0.0,1.58,0.0,0.0,1.0,1,0.4332332067871094,False,REGULAR,USD,call,2027-03-19,2026-09-12T04:49:30.183206+00:00
ABNB270319P00065000,2026-08-05 17:45:03+00:00,65.0,0.22,0.0,1.09,0.0,0.0,1.0,7,0.6977569287109376,False,REGULAR,USD,put,2027-03-19,2026-09-12T04:49:30.183206+00:00
ABNB270319P00070000,2026-04-27 18:10:44+00:00,70.0,1.26,0.5,1.13,0.0,0.0,1.0,1,0.6962920996093751,False,REGULAR,USD,put,2027-03-19,2026-09-12T04:49:30.183206+00:00
ABNB270319P00075000,2026-07-10 19:01:32+00:00,75.0,0.64,0.0,0.91,0.0,0.0,20.0,48,0.5844768115234374,False,REGULAR,USD,put,2027-03-19,2026-09-12T04:49:30.183206+00:00
ABNB270319P00080000,2026-07-10 18:59:01+00:00,80.0,0.86,0.0,0.77,0.0,0.0,10.0,243,0.5283250292968751,False,REGULAR,USD,put,2027-03-19,2026-09-12T04:49:30.183206+00:00
ABNB270319P00085000,2026-09-10 14:02:05+00:00,85.0,0.43,0.0,0.79,0.0,0.0,20.0,333,0.5554243676757813,False,REGULAR,USD,put,2027-03-19,2026-09-12T04:49:30.183206+00:00
ABNB270319P00090000,2026-09-10 14:01:01+00:00,90.0,0.57,0.1,0.94,0.0,0.0,20.0,100,0.5329636547851562,False,REGULAR,USD,put,2027-03-19,2026-09-12T04:49:30.183206+00:00
ABNB270319P00095000,2026-09-10 14:00:45+00:00,95.0,0.75,0.0,1.58,0.0,0.0,20.0,52,0.5528609167480469,False,REGULAR,USD,put,2027-03-19,2026-09-12T04:49:30.183206+00:00
ABNB270319P00100000,2026-09-10 14:00:30+00:00,100.0,0.98,0.56,1.29,0.0,0.0,20.0,308,0.4885305053710938,False,REGULAR,USD,put,2027-03-19,2026-09-12T04:49:30.183206+00:00
ABNB270319P00105000,2026-09-09 13:57:36+00:00,105.0,1.19,0.64,1.69,0.0,0.0,20.0,21,0.4805960144042969,False,REGULAR,USD,put,2027-03-19,2026-09-12T04:49:30.183206+00:00
ABNB270319P00110000,2026-09-08 16:09:15+00:00,110.0,1.27,1.0,3.35,0.0,0.0,2.0,37,0.5355881402587892,False,REGULAR,USD,put,2027-03-19,2026-09-12T04:49:30.183206+00:00
ABNB270319P00115000,2026-09-10 16:45:58+00:00,115.0,2.02,0.57,2.74,0.0,0.0,44.0,176,0.46411668701171876,False,REGULAR,USD,put,2027-03-19,2026-09-12T04:49:30.183206+00:00
ABNB270319P00120000,2026-09-11 18:28:50+00:00,120.0,2.46,1.38,2.75,-0.119999886,-4.651159,14.0,96,0.42578699218750005,False,REGULAR,USD,put,2027-03-19,2026-09-12T04:49:30.183206+00:00
ABNB270319P00125000,2026-08-28 19:46:19+00:00,125.0,1.75,2.27,4.25,0.0,0.0,2.0,106,0.44946839599609373,False,REGULAR,USD,put,2027-03-19,2026-09-12T04:49:30.183206+00:00
ABNB270319P00130000,2026-09-09 17:02:37+00:00,130.0,4.07,3.55,4.35,0.0,0.0,2.0,301,0.4127866339111328,False,REGULAR,USD,put,2027-03-19,2026-09-12T04:49:30.183206+00:00
ABNB270319P00135000,2026-09-11 19:45:09+00:00,135.0,4.89,4.7,6.0,0.8399997,20.74073,1.0,147,0.4262142340087891,False,REGULAR,USD,put,2027-03-19,2026-09-12T04:49:30.183206+00:00
ABNB270319P00140000,2026-09-11 19:37:20+00:00,140.0,5.9,5.75,7.2,-0.5999999,-9.230768,2.0,138,0.41864595031738283,False,REGULAR,USD,put,2027-03-19,2026-09-12T04:49:30.183206+00:00
ABNB270319P00145000,2026-09-11 16:46:11+00:00,145.0,7.25,7.05,7.75,2.88,65.90389,1.0,62,0.38992919647216795,False,REGULAR,USD,put,2027-03-19,2026-09-12T04:49:30.183206+00:00
ABNB270319P00150000,2026-09-11 17:18:07+00:00,150.0,8.9,8.35,9.9,0.049999237,0.5649631,12.0,248,0.39893179199218753,False,REGULAR,USD,put,2027-03-19,2026-09-12T04:49:30.183206+00:00
ABNB270319P00155000,2026-09-11 17:58:04+00:00,155.0,10.6,10.1,11.55,0.17000008,1.6299143,12.0,30,0.3903259210205078,False,REGULAR,USD,put,2027-03-19,2026-09-12T04:49:30.183206+00:00
ABNB270319P00160000,2026-09-02 18:18:48+00:00,160.0,8.65,11.7,12.95,0.0,0.0,1.0,35,0.3721681436157227,False,REGULAR,USD,put,2027-03-19,2026-09-12T04:49:30.183206+00:00
ABNB270319P00165000,2026-09-11 19:45:09+00:00,165.0,14.18,12.45,16.35,-0.5199995,-3.5374117,10.0,805,0.39282833740234374,False,REGULAR,USD,put,2027-03-19,2026-09-12T04:49:30.183206+00:00
ABNB270319P00170000,2026-09-10 13:48:56+00:00,170.0,17.95,14.85,17.25,0.0,0.0,1.0,112,0.3562686444091796,False,REGULAR,USD,put,2027-03-19,2026-09-12T04:49:30.183206+00:00
ABNB270319P00175000,2026-09-11 19:00:37+00:00,175.0,19.35,18.75,21.2,-0.69999886,-3.491266,9.0,167,0.3786683227539062,True,REGULAR,USD,put,2027-03-19,2026-09-12T04:49:30.183206+00:00
ABNB270319P00180000,2026-09-10 15:13:37+00:00,180.0,22.92,21.4,23.95,0.0,0.0,2.0,481,0.372076591796875,True,REGULAR,USD,put,2027-03-19,2026-09-12T04:49:30.183206+00:00
ABNB270319P00185000,2026-09-11 18:36:41+00:00,185.0,25.21,23.55,26.35,-0.41000175,-1.6003189,6.0,78,0.3540103662109374,True,REGULAR,USD,put,2027-03-19,2026-09-12T04:49:30.183206+00:00
ABNB270319P00190000,2026-09-10 15:13:02+00:00,190.0,28.96,27.1,30.15,0.0,0.0,1.0,52,0.3610903735351562,True,REGULAR,USD,put,2027-03-19,2026-09-12T04:49:30.183206+00:00
ABNB270319P00195000,2026-09-11 18:36:03+00:00,195.0,31.98,31.15,33.15,-1.1800003,-3.5585053,3.0,25,0.3469913934326171,True,REGULAR,USD,put,2027-03-19,2026-09-12T04:49:30.183206+00:00
ABNB270319P00200000,2026-09-02 18:10:03+00:00,200.0,27.3,33.45,37.2,0.0,0.0,10.0,27,0.3523319161987304,True,REGULAR,USD,put,2027-03-19,2026-09-12T04:49:30.183206+00:00
ABNB270319P00220000,2026-09-09 15:37:30+00:00,220.0,52.25,50.35,53.55,0.0,0.0,3.0,9,0.3455875988769531,True,REGULAR,USD,put,2027-03-19,2026-09-12T04:49:30.183206+00:00
ABNB270319P00250000,2026-08-24 15:17:53+00:00,250.0,59.3,78.0,81.8,0.0,0.0,1.0,0,0.3789124609375,True,REGULAR,USD,put,2027-03-19,2026-09-12T04:49:30.183206+00:00
ABNB270416C00130000,2026-08-31 19:36:07+00:00,130.0,59.4,46.35,49.4,0.0,0.0,,2,0.5302781347656251,True,REGULAR,USD,call,2027-04-16,2026-09-12T04:49:30.183206+00:00
ABNB270416C00155000,2026-08-24 19:31:44+00:00,155.0,47.32,28.65,31.25,0.0,0.0,2.0,2,0.4596001306152344,True,REGULAR,USD,call,2027-04-16,2026-09-12T04:49:30.183206+00:00
ABNB270416C00160000,2026-09-10 14:58:15+00:00,160.0,26.97,26.25,29.55,0.0,0.0,1.0,6,0.477544287109375,True,REGULAR,USD,call,2027-04-16,2026-09-12T04:49:30.183206+00:00
ABNB270416C00170000,2026-09-01 14:01:54+00:00,170.0,31.09,20.25,23.55,0.0,0.0,1.0,16,0.45044494873046875,True,REGULAR,USD,call,2027-04-16,2026-09-12T04:49:30.183206+00:00
ABNB270416C00175000,2026-09-01 14:01:54+00:00,175.0,28.19,17.8,21.7,0.0,0.0,,1,0.4548699533081054,False,REGULAR,USD,call,2027-04-16,2026-09-12T04:49:30.183206+00:00
ABNB270416C00180000,2026-09-01 14:04:36+00:00,180.0,25.24,16.15,18.25,0.0,0.0,1.0,2,0.4256344058227539,False,REGULAR,USD,call,2027-04-16,2026-09-12T04:49:30.183206+00:00
ABNB270416C00185000,2026-09-03 15:16:55+00:00,185.0,23.56,14.1,16.25,0.0,0.0,,7,0.4211483666992188,False,REGULAR,USD,call,2027-04-16,2026-09-12T04:49:30.183206+00:00
ABNB270416C00190000,2026-08-28 17:48:41+00:00,190.0,24.75,12.25,14.3,0.0,0.0,,10,0.41461767028808594,False,REGULAR,USD,call,2027-04-16,2026-09-12T04:49:30.183206+00:00
ABNB270416C00195000,2026-08-28 19:09:03+00:00,195.0,22.2,10.6,13.6,0.0,0.0,,3,0.42969320312500003,False,REGULAR,USD,call,2027-04-16,2026-09-12T04:49:30.183206+00:00
ABNB270416C00200000,2026-09-04 14:24:41+00:00,200.0,15.6,9.15,11.5,0.0,0.0,5.0,7,0.41449560119628903,False,REGULAR,USD,call,2027-04-16,2026-09-12T04:49:30.183206+00:00
ABNB270416C00210000,2026-08-25 17:31:44+00:00,210.0,16.55,7.2,8.65,0.0,0.0,,21,0.40241076110839846,False,REGULAR,USD,call,2027-04-16,2026-09-12T04:49:30.183206+00:00
ABNB270416C00220000,2026-08-25 17:33:48+00:00,220.0,13.15,5.45,6.8,0.0,0.0,,24,0.4017393811035156,False,REGULAR,USD,call,2027-04-16,2026-09-12T04:49:30.183206+00:00
ABNB270416C00250000,2026-08-24 18:53:04+00:00,250.0,6.4,1.22,4.25,0.0,0.0,1.0,1,0.4338435522460938,False,REGULAR,USD,call,2027-04-16,2026-09-12T04:49:30.183206+00:00
ABNB270416C00280000,2026-09-10 18:32:14+00:00,280.0,1.16,0.78,1.5,0.0,0.0,67.0,70,0.4000304138183594,False,REGULAR,USD,call,2027-04-16,2026-09-12T04:49:30.183206+00:00
ABNB270416P00115000,2026-09-10 14:34:18+00:00,115.0,2.41,1.91,2.79,0.0,0.0,6.0,26,0.43555251953125,False,REGULAR,USD,put,2027-04-16,2026-09-12T04:49:30.183206+00:00
ABNB270416P00120000,2026-09-01 17:45:47+00:00,120.0,2.1,1.64,4.2,0.0,0.0,,9,0.4562432305908204,False,REGULAR,USD,put,2027-04-16,2026-09-12T04:49:30.183206+00:00
ABNB270416P00125000,2026-08-25 18:24:03+00:00,125.0,2.3,3.05,3.95,0.0,0.0,,3,0.40869731933593745,False,REGULAR,USD,put,2027-04-16,2026-09-12T04:49:30.183206+00:00
ABNB270416P00130000,2026-09-08 19:43:56+00:00,130.0,4.0,2.93,5.8,0.0,0.0,5.0,606,0.4315242395019532,False,REGULAR,USD,put,2027-04-16,2026-09-12T04:49:30.183206+00:00
ABNB270416P00140000,2026-09-11 19:08:11+00:00,140.0,6.64,4.85,8.45,-0.55999994,-7.777777,1.0,5,0.42310147216796873,False,REGULAR,USD,put,2027-04-16,2026-09-12T04:49:30.183206+00:00
ABNB270416P00145000,2026-09-11 15:34:23+00:00,145.0,8.05,6.65,8.45,2.6000004,47.706432,2.0,1,0.38101815277099604,False,REGULAR,USD,put,2027-04-16,2026-09-12T04:49:30.183206+00:00
ABNB270416P00150000,2026-09-01 16:46:42+00:00,150.0,7.1,9.1,10.8,0.0,0.0,,2,0.39264523376464844,False,REGULAR,USD,put,2027-04-16,2026-09-12T04:49:30.183206+00:00
ABNB270416P00155000,2026-08-31 17:46:12+00:00,155.0,8.2,9.75,12.6,0.0,0.0,,2,0.3866638482666015,False,REGULAR,USD,put,2027-04-16,2026-09-12T04:49:30.183206+00:00
ABNB270416P00160000,2026-08-31 14:05:11+00:00,160.0,8.9,11.95,14.35,0.0,0.0,1.0,3,0.37589125091552733,False,REGULAR,USD,put,2027-04-16,2026-09-12T04:49:30.183206+00:00
ABNB270416P00165000,2026-09-11 14:18:04+00:00,165.0,15.65,14.25,17.3,0.13999939,0.9026395,1.0,616,0.3853516055297851,False,REGULAR,USD,put,2027-04-16,2026-09-12T04:49:30.183206+00:00
ABNB270416P00170000,2026-09-11 19:52:28+00:00,170.0,18.15,16.2,18.1,3.0199995,19.96034,3.0,10,0.34888346435546874,False,REGULAR,USD,put,2027-04-16,2026-09-12T04:49:30.183206+00:00
ABNB270416P00175000,2026-08-31 17:56:31+00:00,175.0,15.05,18.2,21.55,0.0,0.0,,1,0.360083303527832,True,REGULAR,USD,put,2027-04-16,2026-09-12T04:49:30.183206+00:00
ABNB270416P00195000,2026-08-24 16:00:24+00:00,195.0,21.7,30.5,33.85,0.0,0.0,50.0,50,0.33838552246093745,True,REGULAR,USD,put,2027-04-16,2026-09-12T04:49:30.183206+00:00
ABNB270416P00200000,2026-09-04 15:24:36+00:00,200.0,29.0,35.3,37.25,0.0,0.0,1.0,5,0.32993223785400383,True,REGULAR,USD,put,2027-04-16,2026-09-12T04:49:30.183206+00:00
ABNB270617C00065000,2026-08-26 13:47:17+00:00,65.0,127.4,106.0,110.1,0.0,0.0,3.0,2,0.8098163549804687,True,REGULAR,USD,call,2027-06-17,2026-09-12T04:49:30.183206+00:00
ABNB270617C00070000,2026-04-28 14:12:06+00:00,70.0,74.2,67.55,71.5,0.0,0.0,6.0,30,1.0000000000000003e-05,True,REGULAR,USD,call,2027-06-17,2026-09-12T04:49:30.183206+00:00
ABNB270617C00080000,2026-05-08 16:09:41+00:00,80.0,70.26,58.95,63.0,0.0,0.0,,2,1.0000000000000003e-05,True,REGULAR,USD,call,2027-06-17,2026-09-12T04:49:30.183206+00:00
ABNB270617C00085000,2026-08-07 13:30:02+00:00,85.0,81.9,87.7,91.0,0.0,0.0,1.0,3,0.6797517376708986,True,REGULAR,USD,call,2027-06-17,2026-09-12T04:49:30.183206+00:00
ABNB270617C00090000,2026-02-23 17:34:36+00:00,90.0,43.92,0.0,0.0,0.0,0.0,,0,1.0000000000000003e-05,True,REGULAR,USD,call,2027-06-17,2026-09-12T04:49:30.183206+00:00
ABNB270617C00095000,2026-08-10 17:35:10+00:00,95.0,94.1,78.25,81.95,0.0,0.0,2.0,3,0.6224402990722657,True,REGULAR,USD,call,2027-06-17,2026-09-12T04:49:30.183206+00:00
ABNB270617C00100000,2026-08-17 14:35:02+00:00,100.0,85.5,74.15,77.5,0.0,0.0,2.0,1,0.6073647662353516,True,REGULAR,USD,call,2027-06-17,2026-09-12T04:49:30.183206+00:00
ABNB270617C00105000,2026-08-10 14:01:13+00:00,105.0,82.29,69.85,73.2,0.0,0.0,,5,0.5894816442871094,True,REGULAR,USD,call,2027-06-17,2026-09-12T04:49:30.183206+00:00
ABNB270617C00110000,2026-08-20 17:21:40+00:00,110.0,80.9,65.9,68.9,0.0,0.0,2.0,2,0.5756878369140624,True,REGULAR,USD,call,2027-06-17,2026-09-12T04:49:30.183206+00:00
ABNB270617C00115000,2026-08-24 17:11:52+00:00,115.0,83.0,61.4,64.75,0.0,0.0,3.0,5,0.5540816076660158,True,REGULAR,USD,call,2027-06-17,2026-09-12T04:49:30.183206+00:00
ABNB270617C00120000,2026-08-11 16:33:25+00:00,120.0,72.67,57.35,60.6,0.0,0.0,3.0,10,0.5378464184570313,True,REGULAR,USD,call,2027-06-17,2026-09-12T04:49:30.183206+00:00
ABNB270617C00125000,2026-08-18 14:01:13+00:00,125.0,67.35,53.0,56.7,0.0,0.0,2.0,7,0.5193529510498047,True,REGULAR,USD,call,2027-06-17,2026-09-12T04:49:30.183206+00:00
ABNB270617C00130000,2026-07-22 16:56:34+00:00,130.0,30.06,67.1,72.0,0.0,0.0,1.0,30,0.9223030230712892,True,REGULAR,USD,call,2027-06-17,2026-09-12T04:49:30.183206+00:00
ABNB270617C00135000,2026-09-11 16:58:36+00:00,135.0,46.75,46.05,48.2,-4.1500015,-8.153244,3.0,254,0.5144701873779296,True,REGULAR,USD,call,2027-06-17,2026-09-12T04:49:30.183206+00:00
ABNB270617C00140000,2026-09-02 15:44:48+00:00,140.0,53.7,42.45,44.65,0.0,0.0,1.0,229,0.5028125891113282,True,REGULAR,USD,call,2027-06-17,2026-09-12T04:49:30.183206+00:00
ABNB270617C00145000,2026-08-27 18:13:20+00:00,145.0,53.55,39.4,41.3,0.0,0.0,10.0,225,0.49310809631347663,True,REGULAR,USD,call,2027-06-17,2026-09-12T04:49:30.183206+00:00
ABNB270617C00150000,2026-09-09 13:35:25+00:00,150.0,38.34,35.35,37.95,0.0,0.0,1.0,164,0.4812368771362304,True,REGULAR,USD,call,2027-06-17,2026-09-12T04:49:30.183206+00:00
ABNB270617C00155000,2026-08-24 14:41:16+00:00,155.0,52.75,32.7,34.95,0.0,0.0,2.0,393,0.4738822143554688,True,REGULAR,USD,call,2027-06-17,2026-09-12T04:49:30.183206+00:00
ABNB270617C00160000,2026-09-11 13:30:02+00:00,160.0,31.17,29.95,33.25,-0.4300003,-1.3607605,4.0,103,0.48752343536376963,True,REGULAR,USD,call,2027-06-17,2026-09-12T04:49:30.183206+00:00
ABNB270617C00165000,2026-09-10 14:25:57+00:00,165.0,28.55,27.45,29.8,0.0,0.0,18.0,366,0.46722944885253903,True,REGULAR,USD,call,2027-06-17,2026-09-12T04:49:30.183206+00:00
ABNB270617C00170000,2026-09-11 16:38:20+00:00,170.0,25.47,24.6,28.0,-0.32999992,-1.2790694,4.0,133,0.47363807617187503,True,REGULAR,USD,call,2027-06-17,2026-09-12T04:49:30.183206+00:00
ABNB270617C00175000,2026-09-10 17:22:09+00:00,175.0,23.44,22.2,24.4,0.0,0.0,65.0,427,0.44690494506835937,False,REGULAR,USD,call,2027-06-17,2026-09-12T04:49:30.183206+00:00
ABNB270617C00180000,2026-09-10 14:59:47+00:00,180.0,20.97,19.5,22.35,0.0,0.0,4.0,143,0.44446356323242187,False,REGULAR,USD,call,2027-06-17,2026-09-12T04:49:30.183206+00:00
ABNB270617C00185000,2026-09-10 16:37:45+00:00,185.0,19.1,17.7,20.3,0.0,0.0,76.0,185,0.4397639031982422,False,REGULAR,USD,call,2027-06-17,2026-09-12T04:49:30.183206+00:00
ABNB270617C00190000,2026-09-10 17:40:32+00:00,190.0,17.15,16.75,18.5,0.0,0.0,10.0,309,0.4371089004516602,False,REGULAR,USD,call,2027-06-17,2026-09-12T04:49:30.183206+00:00
ABNB270617C00195000,2026-09-10 18:23:56+00:00,195.0,14.9,13.75,17.6,0.0,0.0,23.0,421,0.44766787689208976,False,REGULAR,USD,call,2027-06-17,2026-09-12T04:49:30.183206+00:00
ABNB270617C00200000,2026-09-10 15:48:20+00:00,200.0,13.75,12.55,16.0,0.0,0.0,46.0,435,0.44443304595947264,False,REGULAR,USD,call,2027-06-17,2026-09-12T04:49:30.183206+00:00
ABNB270617C00210000,2026-09-10 14:20:22+00:00,210.0,10.75,9.4,12.2,0.0,0.0,41.0,455,0.4211178494262696,False,REGULAR,USD,call,2027-06-17,2026-09-12T04:49:30.183206+00:00
ABNB270617C00220000,2026-09-10 14:26:11+00:00,220.0,9.08,8.0,10.0,0.0,0.0,1.0,506,0.4185849157714844,False,REGULAR,USD,call,2027-06-17,2026-09-12T04:49:30.183206+00:00
ABNB270617C00230000,2026-09-08 17:12:18+00:00,230.0,8.8,6.5,9.2,0.0,0.0,818.0,1119,0.4373835559082031,False,REGULAR,USD,call,2027-06-17,2026-09-12T04:49:30.183206+00:00
ABNB270617C00240000,2026-09-11 19:19:45+00:00,240.0,5.9,3.95,7.75,-2.5799994,-30.424522,33.0,87,0.43860424682617194,False,REGULAR,USD,call,2027-06-17,2026-09-12T04:49:30.183206+00:00
ABNB270617C00250000,2026-09-02 15:23:01+00:00,250.0,6.95,3.2,5.2,0.0,0.0,1.0,4,0.4074766284179688,False,REGULAR,USD,call,2027-06-17,2026-09-12T04:49:30.183206+00:00
ABNB270617C00260000,2026-09-11 19:52:31+00:00,260.0,3.6,2.36,5.6,-0.06000018,-1.6393492,8.0,10,0.4433039068603516,False,REGULAR,USD,call,2027-06-17,2026-09-12T04:49:30.183206+00:00
ABNB270617C00270000,2026-09-10 17:47:38+00:00,270.0,3.0,2.18,4.9,0.0,0.0,6.0,345,0.4489801196289062,False,REGULAR,USD,call,2027-06-17,2026-09-12T04:49:30.183206+00:00
ABNB270617C00280000,2026-09-11 19:10:44+00:00,280.0,2.44,1.28,3.55,0.17000008,7.488991,14.0,49,0.43140217041015627,False,REGULAR,USD,call,2027-06-17,2026-09-12T04:49:30.183206+00:00
ABNB270617P00065000,2026-08-25 17:05:46+00:00,65.0,0.25,0.0,1.41,0.0,0.0,4.0,44,0.6005899316406251,False,REGULAR,USD,put,2027-06-17,2026-09-12T04:49:30.183206+00:00
ABNB270617P00070000,2026-09-09 13:57:19+00:00,70.0,0.43,0.0,0.82,0.0,0.0,20.0,10,0.5092822509765625,False,REGULAR,USD,put,2027-06-17,2026-09-12T04:49:30.183206+00:00
ABNB270617P00075000,2026-09-09 13:57:51+00:00,75.0,0.56,0.0,2.63,0.0,0.0,20.0,27,0.5860637097167969,False,REGULAR,USD,put,2027-06-17,2026-09-12T04:49:30.183206+00:00
ABNB270617P00080000,2026-09-09 13:55:56+00:00,80.0,0.72,0.01,2.79,0.0,0.0,20.0,13,0.5526167785644531,False,REGULAR,USD,put,2027-06-17,2026-09-12T04:49:30.183206+00:00
ABNB270617P00085000,2026-08-26 19:41:25+00:00,85.0,0.63,0.01,2.97,0.0,0.0,5.0,41,0.5210008837890624,False,REGULAR,USD,put,2027-06-17,2026-09-12T04:49:30.183206+00:00
ABNB270617P00090000,2026-08-14 13:39:34+00:00,90.0,0.79,0.8,3.1,0.0,0.0,1.0,55,0.51562984375,False,REGULAR,USD,put,2027-06-17,2026-09-12T04:49:30.183206+00:00
ABNB270617P00095000,2026-08-26 13:55:44+00:00,95.0,1.0,1.14,1.85,0.0,0.0,2.0,304,0.4725394543457031,False,REGULAR,USD,put,2027-06-17,2026-09-12T04:49:30.183206+00:00
ABNB270617P00100000,2026-09-11 17:12:16+00:00,100.0,1.91,0.88,2.26,-0.01999998,-1.0362685,3.0,547,0.46082082153320314,False,REGULAR,USD,put,2027-06-17,2026-09-12T04:49:30.183206+00:00
ABNB270617P00105000,2026-09-11 19:43:46+00:00,105.0,2.23,1.21,2.54,-0.17000008,-7.0833364,12.0,621,0.44006907592773437,False,REGULAR,USD,put,2027-06-17,2026-09-12T04:49:30.183206+00:00
ABNB270617P00110000,2026-08-26 19:41:25+00:00,110.0,1.95,2.41,4.9,0.0,0.0,6.0,264,0.49921155090332037,False,REGULAR,USD,put,2027-06-17,2026-09-12T04:49:30.183206+00:00
ABNB270617P00115000,2026-09-10 15:51:30+00:00,115.0,3.55,3.05,3.9,0.0,0.0,8.0,177,0.42676354492187507,False,REGULAR,USD,put,2027-06-17,2026-09-12T04:49:30.183206+00:00
ABNB270617P00120000,2026-09-11 17:17:16+00:00,120.0,4.35,3.7,4.5,-0.05000019,-1.1363679,2.0,496,0.4122983575439453,False,REGULAR,USD,put,2027-06-17,2026-09-12T04:49:30.183206+00:00
ABNB270617P00125000,2026-09-10 15:53:51+00:00,125.0,5.25,4.65,5.55,0.0,0.0,1.0,311,0.4091245611572265,False,REGULAR,USD,put,2027-06-17,2026-09-12T04:49:30.183206+00:00
ABNB270617P00130000,2026-09-08 19:31:56+00:00,130.0,5.7,5.75,6.85,0.0,0.0,6.0,327,0.408483698425293,False,REGULAR,USD,put,2027-06-17,2026-09-12T04:49:30.183206+00:00
ABNB270617P00135000,2026-09-10 14:51:45+00:00,135.0,7.45,5.8,7.95,0.0,0.0,1.0,1634,0.3988707574462891,False,REGULAR,USD,put,2027-06-17,2026-09-12T04:49:30.183206+00:00
ABNB270617P00140000,2026-09-11 19:08:11+00:00,140.0,8.75,7.3,10.7,-0.05000019,-0.56818396,2.0,834,0.422857333984375,False,REGULAR,USD,put,2027-06-17,2026-09-12T04:49:30.183206+00:00
ABNB270617P00145000,2026-08-27 19:14:35+00:00,145.0,7.5,9.55,10.85,0.0,0.0,2.0,274,0.38651126190185536,False,REGULAR,USD,put,2027-06-17,2026-09-12T04:49:30.183206+00:00
ABNB270617P00150000,2026-09-11 18:48:07+00:00,150.0,12.0,11.2,12.6,0.0,0.0,3.0,367,0.3816895327758788,False,REGULAR,USD,put,2027-06-17,2026-09-12T04:49:30.183206+00:00
ABNB270617P00155000,2026-09-10 16:30:02+00:00,155.0,13.9,12.9,15.45,0.0,0.0,3.0,277,0.39420161468505865,False,REGULAR,USD,put,2027-06-17,2026-09-12T04:49:30.183206+00:00
ABNB270617P00160000,2026-09-10 16:22:26+00:00,160.0,15.9,14.25,17.65,0.0,0.0,1.0,109,0.3907226455688476,False,REGULAR,USD,put,2027-06-17,2026-09-12T04:49:30.183206+00:00
ABNB270617P00165000,2026-09-11 15:29:34+00:00,165.0,18.1,17.5,19.15,0.20000076,1.1173227,289.0,2258,0.372076591796875,False,REGULAR,USD,put,2027-06-17,2026-09-12T04:49:30.183206+00:00
ABNB270617P00170000,2026-09-10 17:36:06+00:00,170.0,20.42,19.5,21.0,0.0,0.0,6.0,184,0.35712312805175783,False,REGULAR,USD,put,2027-06-17,2026-09-12T04:49:30.183206+00:00
ABNB270617P00175000,2026-09-04 18:09:11+00:00,175.0,17.9,21.95,24.1,0.0,0.0,2.0,65,0.3606020971679687,True,REGULAR,USD,put,2027-06-17,2026-09-12T04:49:30.183206+00:00
ABNB270617P00180000,2026-09-10 19:24:58+00:00,180.0,26.49,24.1,26.9,0.0,0.0,3.0,183,0.35605502349853513,True,REGULAR,USD,put,2027-06-17,2026-09-12T04:49:30.183206+00:00
ABNB270617P00185000,2026-09-11 18:26:37+00:00,185.0,28.8,27.75,30.3,6.049999,26.593403,20.0,224,0.3587710607910156,True,REGULAR,USD,put,2027-06-17,2026-09-12T04:49:30.183206+00:00
ABNB270617P00190000,2026-09-08 18:03:17+00:00,190.0,27.0,29.95,32.9,0.0,0.0,3.0,234,0.3450993225097656,True,REGULAR,USD,put,2027-06-17,2026-09-12T04:49:30.183206+00:00
ABNB270617P00195000,2026-08-27 15:35:28+00:00,195.0,26.45,32.9,35.9,0.0,0.0,2.0,431,0.33521172607421873,True,REGULAR,USD,put,2027-06-17,2026-09-12T04:49:30.183206+00:00
ABNB270617P00200000,2026-08-28 18:56:48+00:00,200.0,27.9,36.3,39.75,0.0,0.0,,110,0.33765310791015624,True,REGULAR,USD,put,2027-06-17,2026-09-12T04:49:30.183206+00:00
ABNB270617P00210000,2026-08-14 16:14:39+00:00,210.0,35.71,43.85,47.55,0.0,0.0,8.0,10,0.33740896972656254,True,REGULAR,USD,put,2027-06-17,2026-09-12T04:49:30.183206+00:00
ABNB270617P00240000,2026-09-08 15:11:01+00:00,240.0,65.28,69.7,72.65,0.0,0.0,1.0,1,0.3164741204833984,True,REGULAR,USD,put,2027-06-17,2026-09-12T04:49:30.183206+00:00
ABNB270917C00125000,2026-08-28 13:30:02+00:00,125.0,72.03,56.0,60.5,0.0,0.0,,5,0.5231981274414061,True,REGULAR,USD,call,2027-09-17,2026-09-12T04:49:30.183206+00:00
ABNB270917C00140000,2026-08-27 18:14:57+00:00,140.0,61.15,45.5,48.7,0.0,0.0,,1,0.5090381127929688,True,REGULAR,USD,call,2027-09-17,2026-09-12T04:49:30.183206+00:00
ABNB270917C00145000,2026-08-24 14:47:14+00:00,145.0,63.27,42.0,47.0,0.0,0.0,1.0,1,0.5258226129150392,True,REGULAR,USD,call,2027-09-17,2026-09-12T04:49:30.183206+00:00
ABNB270917C00160000,2026-08-31 16:07:13+00:00,160.0,47.6,34.2,37.3,0.0,0.0,,1,0.4859670544433594,True,REGULAR,USD,call,2027-09-17,2026-09-12T04:49:30.183206+00:00
ABNB270917C00165000,2026-09-09 19:36:13+00:00,165.0,32.84,30.5,34.8,0.0,0.0,5.0,9,0.48138946350097656,True,REGULAR,USD,call,2027-09-17,2026-09-12T04:49:30.183206+00:00
ABNB270917C00170000,2026-09-04 16:27:23+00:00,170.0,38.77,28.15,33.0,0.0,0.0,2.0,3,0.4856923989868164,True,REGULAR,USD,call,2027-09-17,2026-09-12T04:49:30.183206+00:00
ABNB270917C00180000,2026-09-11 16:38:20+00:00,180.0,25.5,25.05,26.65,-10.560001,-29.284529,3.0,4,0.4484002914428711,False,REGULAR,USD,call,2027-09-17,2026-09-12T04:49:30.183206+00:00
ABNB270917C00185000,2026-09-08 14:40:06+00:00,185.0,28.27,22.2,24.75,0.0,0.0,2.0,17,0.44635563415527346,False,REGULAR,USD,call,2027-09-17,2026-09-12T04:49:30.183206+00:00
ABNB270917C00190000,2026-09-11 13:38:31+00:00,190.0,21.0,21.0,22.65,-0.5,-2.3255813,2.0,58,0.4397639031982422,False,REGULAR,USD,call,2027-09-17,2026-09-12T04:49:30.183206+00:00
ABNB270917C00195000,2026-09-01 16:43:50+00:00,195.0,26.55,18.4,21.45,0.0,0.0,2.0,13,0.44482977050781247,False,REGULAR,USD,call,2027-09-17,2026-09-12T04:49:30.183206+00:00
ABNB270917C00200000,2026-09-08 15:54:57+00:00,200.0,22.0,16.0,21.0,0.0,0.0,1.0,19,0.4594780615234375,False,REGULAR,USD,call,2027-09-17,2026-09-12T04:49:30.183206+00:00
ABNB270917C00210000,2026-09-01 18:18:54+00:00,210.0,22.15,13.0,18.0,0.0,0.0,1000.0,1037,0.4540154696655273,False,REGULAR,USD,call,2027-09-17,2026-09-12T04:49:30.183206+00:00
ABNB270917C00220000,2026-09-03 16:56:26+00:00,220.0,19.34,11.05,15.1,0.0,0.0,1.0,40,0.44470770141601557,False,REGULAR,USD,call,2027-09-17,2026-09-12T04:49:30.183206+00:00
ABNB270917C00230000,2026-08-27 18:14:57+00:00,230.0,17.08,8.9,12.95,0.0,0.0,1.0,10,0.44208321594238287,False,REGULAR,USD,call,2027-09-17,2026-09-12T04:49:30.183206+00:00
ABNB270917C00240000,2026-09-03 16:56:26+00:00,240.0,13.96,8.1,10.7,0.0,0.0,1.0,11,0.43305010314941406,False,REGULAR,USD,call,2027-09-17,2026-09-12T04:49:30.183206+00:00
ABNB270917C00250000,2026-08-24 15:11:46+00:00,250.0,14.8,5.55,9.7,0.0,0.0,1.0,1,0.4414423532104492,False,REGULAR,USD,call,2027-09-17,2026-09-12T04:49:30.183206+00:00
ABNB270917C00280000,2026-09-08 15:21:20+00:00,280.0,5.45,2.94,5.8,0.0,0.0,1.0,0,0.42984578948974617,False,REGULAR,USD,call,2027-09-17,2026-09-12T04:49:30.183206+00:00
ABNB270917P00095000,2026-08-27 17:08:32+00:00,95.0,1.57,0.89,3.8,0.0,0.0,,5,0.4982960327148438,False,REGULAR,USD,put,2027-09-17,2026-09-12T04:49:30.183206+00:00
ABNB270917P00100000,2026-09-08 16:14:22+00:00,100.0,2.35,1.2,4.9,0.0,0.0,4.0,5,0.5024463818359376,False,REGULAR,USD,put,2027-09-17,2026-09-12T04:49:30.183206+00:00
ABNB270917P00105000,2026-08-26 16:36:11+00:00,105.0,2.42,1.29,4.8,0.0,0.0,,2,0.46368944519042965,False,REGULAR,USD,put,2027-09-17,2026-09-12T04:49:30.183206+00:00
ABNB270917P00115000,2026-09-08 16:09:15+00:00,115.0,4.44,2.85,5.4,0.0,0.0,2.0,3,0.4145566357421875,False,REGULAR,USD,put,2027-09-17,2026-09-12T04:49:30.183206+00:00
ABNB270917P00130000,2026-09-10 19:04:44+00:00,130.0,8.43,7.7,9.6,0.0,0.0,1.0,0,0.4140073248291015,False,REGULAR,USD,put,2027-09-17,2026-09-12T04:49:30.183206+00:00
ABNB270917P00135000,2026-09-11 18:48:33+00:00,135.0,9.5,9.1,10.95,1.8000002,23.376625,1.0,6,0.4063780065917969,False,REGULAR,USD,put,2027-09-17,2026-09-12T04:49:30.183206+00:00
ABNB270917P00145000,2026-09-04 15:38:18+00:00,145.0,9.8,10.55,14.65,0.0,0.0,1.0,98,0.40241076110839846,False,REGULAR,USD,put,2027-09-17,2026-09-12T04:49:30.183206+00:00
ABNB270917P00150000,2026-08-24 18:38:27+00:00,150.0,10.6,12.3,14.85,0.0,0.0,2.0,1,0.3689638299560547,False,REGULAR,USD,put,2027-09-17,2026-09-12T04:49:30.183206+00:00
ABNB270917P00160000,2026-08-24 18:38:34+00:00,160.0,13.65,16.6,20.8,0.0,0.0,4.0,2,0.3878235046386719,False,REGULAR,USD,put,2027-09-17,2026-09-12T04:49:30.183206+00:00
ABNB270917P00165000,2026-08-19 18:51:03+00:00,165.0,15.95,18.0,23.0,0.0,0.0,,1,0.3809571182250976,False,REGULAR,USD,put,2027-09-17,2026-09-12T04:49:30.183206+00:00
ABNB270917P00170000,2026-08-19 18:51:03+00:00,170.0,17.85,21.85,23.95,0.0,0.0,,1,0.35346105529785155,False,REGULAR,USD,put,2027-09-17,2026-09-12T04:49:30.183206+00:00
ABNB270917P00175000,2026-09-08 17:22:28+00:00,175.0,23.54,23.65,26.35,0.0,0.0,3.0,4,0.34574018524169914,True,REGULAR,USD,put,2027-09-17,2026-09-12T04:49:30.183206+00:00
ABNB270917P00180000,2026-08-24 16:05:51+00:00,180.0,20.65,26.0,29.8,0.0,0.0,1.0,1,0.3511722598266601,True,REGULAR,USD,put,2027-09-17,2026-09-12T04:49:30.183206+00:00
ABNB270917P00185000,2026-09-08 16:13:04+00:00,185.0,28.4,29.6,32.75,0.0,0.0,1.0,3,0.34708294525146477,True,REGULAR,USD,put,2027-09-17,2026-09-12T04:49:30.183206+00:00
ABNB270917P00190000,2026-09-01 13:30:32+00:00,190.0,28.95,33.4,35.2,0.0,0.0,,5,0.33350275878906255,True,REGULAR,USD,put,2027-09-17,2026-09-12T04:49:30.183206+00:00
ABNB270917P00195000,2026-09-01 13:30:32+00:00,195.0,31.7,36.7,38.35,0.0,0.0,5.0,5,0.3279791323852539,True,REGULAR,USD,put,2027-09-17,2026-09-12T04:49:30.183206+00:00
ABNB270917P00200000,2026-09-01 18:18:54+00:00,200.0,33.8,38.5,43.0,0.0,0.0,1000.0,1001,0.34326828613281246,True,REGULAR,USD,put,2027-09-17,2026-09-12T04:49:30.183206+00:00
ABNB270917P00250000,2026-08-24 18:19:13+00:00,250.0,65.11,78.5,83.5,0.0,0.0,1.0,1,0.31879343322753895,True,REGULAR,USD,put,2027-09-17,2026-09-12T04:49:30.183206+00:00
ABNB271217C00060000,2026-09-08 13:56:23+00:00,60.0,125.0,112.0,117.0,0.0,0.0,1.0,2,0.7561059545898439,True,REGULAR,USD,call,2027-12-17,2026-09-12T04:49:30.183206+00:00
ABNB271217C00065000,2026-08-06 15:53:11+00:00,65.0,90.45,107.5,112.0,0.0,0.0,2.0,5,0.7161893615722656,True,REGULAR,USD,call,2027-12-17,2026-09-12T04:49:30.183206+00:00
ABNB271217C00070000,2026-08-06 15:51:50+00:00,70.0,85.96,103.0,107.5,0.0,0.0,2.0,19,0.6895782995605471,True,REGULAR,USD,call,2027-12-17,2026-09-12T04:49:30.183206+00:00
ABNB271217C00075000,2026-08-06 15:52:07+00:00,75.0,81.72,98.5,103.0,0.0,0.0,2.0,16,0.6634555139160159,True,REGULAR,USD,call,2027-12-17,2026-09-12T04:49:30.183206+00:00
ABNB271217C00080000,2026-08-06 15:50:26+00:00,80.0,77.5,94.5,99.0,0.0,0.0,2.0,92,0.6551548156738283,True,REGULAR,USD,call,2027-12-17,2026-09-12T04:49:30.183206+00:00
ABNB271217C00085000,2026-08-06 15:49:44+00:00,85.0,73.3,90.0,95.0,0.0,0.0,2.0,34,0.6364782446289063,True,REGULAR,USD,call,2027-12-17,2026-09-12T04:49:30.183206+00:00
ABNB271217C00090000,2026-08-10 14:06:35+00:00,90.0,99.1,86.0,90.5,0.0,0.0,2.0,53,0.6171913281250001,True,REGULAR,USD,call,2027-12-17,2026-09-12T04:49:30.183206+00:00
ABNB271217C00095000,2026-08-06 15:56:23+00:00,95.0,65.35,82.0,86.5,0.0,0.0,4.0,18,0.6041299353027345,True,REGULAR,USD,call,2027-12-17,2026-09-12T04:49:30.183206+00:00
ABNB271217C00100000,2026-09-10 15:49:10+00:00,100.0,80.0,78.0,82.5,0.0,0.0,1.0,66,0.5898478515625001,True,REGULAR,USD,call,2027-12-17,2026-09-12T04:49:30.183206+00:00
ABNB271217C00105000,2026-08-07 13:58:55+00:00,105.0,81.25,73.95,78.5,0.0,0.0,1.0,14,0.5739178350830079,True,REGULAR,USD,call,2027-12-17,2026-09-12T04:49:30.183206+00:00
ABNB271217C00110000,2026-09-09 16:11:25+00:00,110.0,71.5,70.0,74.55,0.0,0.0,24.0,25,0.5589033367919922,True,REGULAR,USD,call,2027-12-17,2026-09-12T04:49:30.183206+00:00
ABNB271217C00115000,2026-09-03 17:31:58+00:00,115.0,83.25,66.0,70.5,0.0,0.0,1.0,17,0.5415084912109377,True,REGULAR,USD,call,2027-12-17,2026-09-12T04:49:30.183206+00:00
ABNB271217C00120000,2026-08-06 15:44:09+00:00,120.0,48.2,62.5,67.5,0.0,0.0,8.0,72,0.5385483157348634,True,REGULAR,USD,call,2027-12-17,2026-09-12T04:49:30.183206+00:00
ABNB271217C00125000,2026-08-11 19:37:05+00:00,125.0,75.1,59.0,63.5,0.0,0.0,1.0,77,0.5243577838134765,True,REGULAR,USD,call,2027-12-17,2026-09-12T04:49:30.183206+00:00
ABNB271217C00130000,2026-08-25 18:27:52+00:00,130.0,74.63,55.5,60.0,0.0,0.0,1.0,129,0.5136767382812499,True,REGULAR,USD,call,2027-12-17,2026-09-12T04:49:30.183206+00:00
ABNB271217C00135000,2026-09-02 16:38:54+00:00,135.0,65.5,52.0,56.5,0.0,0.0,10.0,92,0.5018360363769532,True,REGULAR,USD,call,2027-12-17,2026-09-12T04:49:30.183206+00:00
ABNB271217C00140000,2026-08-18 18:39:33+00:00,140.0,63.1,49.0,53.5,0.0,0.0,3.0,419,0.5327500338745117,True,REGULAR,USD,call,2027-12-17,2026-09-12T04:49:30.183206+00:00
ABNB271217C00145000,2026-08-21 17:58:22+00:00,145.0,61.5,46.0,50.5,0.0,0.0,5.0,63,0.5249681292724608,True,REGULAR,USD,call,2027-12-17,2026-09-12T04:49:30.183206+00:00
ABNB271217C00150000,2026-09-10 19:23:15+00:00,150.0,43.92,43.0,47.05,0.0,0.0,6.0,154,0.5092517337036133,True,REGULAR,USD,call,2027-12-17,2026-09-12T04:49:30.183206+00:00
ABNB271217C00155000,2026-09-09 15:10:19+00:00,155.0,42.1,40.0,45.0,0.0,0.0,1.0,30,0.5130358755493164,True,REGULAR,USD,call,2027-12-17,2026-09-12T04:49:30.183206+00:00
ABNB271217C00160000,2026-08-25 15:15:47+00:00,160.0,54.5,37.5,42.0,0.0,0.0,2.0,132,0.5016224154663086,True,REGULAR,USD,call,2027-12-17,2026-09-12T04:49:30.183206+00:00
ABNB271217C00165000,2026-09-11 13:30:02+00:00,165.0,37.17,35.35,39.5,-2.5700035,-6.4670444,4.0,84,0.49612930633544927,True,REGULAR,USD,call,2027-12-17,2026-09-12T04:49:30.183206+00:00
ABNB271217C00170000,2026-09-10 14:16:00+00:00,170.0,34.05,33.5,35.85,0.0,0.0,1.0,259,0.47377540390014655,True,REGULAR,USD,call,2027-12-17,2026-09-12T04:49:30.183206+00:00
ABNB271217C00175000,2026-09-03 14:17:38+00:00,175.0,43.1,30.0,34.0,0.0,0.0,1.0,152,0.4747977325439453,False,REGULAR,USD,call,2027-12-17,2026-09-12T04:49:30.183206+00:00
ABNB271217C00180000,2026-09-10 14:23:58+00:00,180.0,29.45,29.4,31.9,0.0,0.0,1.0,69,0.471135659790039,False,REGULAR,USD,call,2027-12-17,2026-09-12T04:49:30.183206+00:00
ABNB271217C00185000,2026-09-10 14:59:47+00:00,185.0,27.82,26.0,30.5,0.0,0.0,4.0,142,0.47546911254882807,False,REGULAR,USD,call,2027-12-17,2026-09-12T04:49:30.183206+00:00
ABNB271217C00190000,2026-09-10 19:18:54+00:00,190.0,25.0,25.05,28.5,0.0,0.0,310.0,187,0.47067790069580084,False,REGULAR,USD,call,2027-12-17,2026-09-12T04:49:30.183206+00:00
ABNB271217C00195000,2026-09-10 15:48:20+00:00,195.0,23.87,23.7,26.0,0.0,0.0,46.0,391,0.45822685333251967,False,REGULAR,USD,call,2027-12-17,2026-09-12T04:49:30.183206+00:00
ABNB271217C00200000,2026-09-09 15:37:34+00:00,200.0,22.45,20.55,23.75,0.0,0.0,2.0,644,0.44788149780273434,False,REGULAR,USD,call,2027-12-17,2026-09-12T04:49:30.183206+00:00
ABNB271217C00210000,2026-09-08 16:39:39+00:00,210.0,22.6,17.0,22.0,0.0,0.0,8.0,999,0.46013418289184577,False,REGULAR,USD,call,2027-12-17,2026-09-12T04:49:30.183206+00:00
ABNB271217C00220000,2026-09-10 19:23:15+00:00,220.0,16.12,16.0,17.45,0.0,0.0,47.0,123,0.4308528594970704,False,REGULAR,USD,call,2027-12-17,2026-09-12T04:49:30.183206+00:00
ABNB271217C00230000,2026-09-09 14:02:05+00:00,230.0,14.38,12.05,17.0,0.0,0.0,1.0,760,0.4534356414794922,False,REGULAR,USD,call,2027-12-17,2026-09-12T04:49:30.183206+00:00
ABNB271217C00240000,2026-08-28 19:33:12+00:00,240.0,20.15,10.7,13.45,0.0,0.0,10.0,5,0.42923544403076175,False,REGULAR,USD,call,2027-12-17,2026-09-12T04:49:30.183206+00:00
ABNB271217C00250000,2026-08-24 16:04:13+00:00,250.0,18.8,8.5,11.6,0.0,0.0,79.0,69,0.4253902676391602,False,REGULAR,USD,call,2027-12-17,2026-09-12T04:49:30.183206+00:00
ABNB271217C00260000,2026-08-25 19:43:55+00:00,260.0,15.61,8.35,10.1,0.0,0.0,,10,0.42365078308105464,False,REGULAR,USD,call,2027-12-17,2026-09-12T04:49:30.183206+00:00
ABNB271217C00270000,2026-08-12 18:22:47+00:00,270.0,9.6,5.5,10.5,0.0,0.0,,1,0.4505365005493164,False,REGULAR,USD,call,2027-12-17,2026-09-12T04:49:30.183206+00:00
ABNB271217P00060000,2026-09-11 13:30:00+00:00,60.0,0.67,0.1,1.55,0.25000003,59.52382,1.0,28,0.516606396484375,False,REGULAR,USD,put,2027-12-17,2026-09-12T04:49:30.183206+00:00
ABNB271217P00065000,2026-09-11 13:30:00+00:00,65.0,0.85,0.35,1.32,0.17000002,25.000004,1.0,23,0.526371923828125,False,REGULAR,USD,put,2027-12-17,2026-09-12T04:49:30.183206+00:00
ABNB271217P00070000,2026-09-09 13:30:17+00:00,70.0,1.0,0.0,3.1,0.0,0.0,10.0,30,0.5069629382324219,False,REGULAR,USD,put,2027-12-17,2026-09-12T04:49:30.183206+00:00
ABNB271217P00075000,2026-09-01 17:25:14+00:00,75.0,1.0,0.07,2.0,0.0,0.0,8.0,114,0.5002491381835938,False,REGULAR,USD,put,2027-12-17,2026-09-12T04:49:30.183206+00:00
ABNB271217P00080000,2026-09-03 16:01:10+00:00,80.0,1.24,0.4,3.45,0.0,0.0,8.0,194,0.5366257275390626,False,REGULAR,USD,put,2027-12-17,2026-09-12T04:49:30.183206+00:00
ABNB271217P00085000,2026-08-12 17:31:17+00:00,85.0,1.75,1.2,5.0,0.0,0.0,1.0,44,0.559574716796875,False,REGULAR,USD,put,2027-12-17,2026-09-12T04:49:30.183206+00:00
ABNB271217P00090000,2026-08-11 18:16:04+00:00,90.0,1.91,1.2,5.0,0.0,0.0,2.0,84,0.5222215747070311,False,REGULAR,USD,put,2027-12-17,2026-09-12T04:49:30.183206+00:00
ABNB271217P00095000,2026-08-25 17:18:41+00:00,95.0,2.37,1.2,4.65,0.0,0.0,2.0,75,0.4755301470947265,False,REGULAR,USD,put,2027-12-17,2026-09-12T04:49:30.183206+00:00
ABNB271217P00100000,2026-09-09 13:56:51+00:00,100.0,3.89,1.5,6.5,0.0,0.0,10.0,432,0.49692275543212894,False,REGULAR,USD,put,2027-12-17,2026-09-12T04:49:30.183206+00:00
ABNB271217P00105000,2026-09-09 13:49:42+00:00,105.0,4.6,2.69,5.0,0.0,0.0,1.0,683,0.4213314703369141,False,REGULAR,USD,put,2027-12-17,2026-09-12T04:49:30.183206+00:00
ABNB271217P00110000,2026-09-10 14:13:38+00:00,110.0,5.75,4.9,6.15,0.0,0.0,4.0,290,0.4210873321533204,False,REGULAR,USD,put,2027-12-17,2026-09-12T04:49:30.183206+00:00
ABNB271217P00115000,2026-09-01 16:05:30+00:00,115.0,5.25,4.0,9.0,0.0,0.0,10.0,56,0.4558159887695313,False,REGULAR,USD,put,2027-12-17,2026-09-12T04:49:30.183206+00:00
ABNB271217P00120000,2026-09-10 19:23:15+00:00,120.0,7.61,5.0,10.0,0.0,0.0,6.0,302,0.44348701049804684,False,REGULAR,USD,put,2027-12-17,2026-09-12T04:49:30.183206+00:00
ABNB271217P00125000,2026-08-24 18:35:50+00:00,125.0,6.54,6.0,11.0,0.0,0.0,4.0,333,0.42996785858154296,False,REGULAR,USD,put,2027-12-17,2026-09-12T04:49:30.183206+00:00
ABNB271217P00130000,2026-09-09 18:18:54+00:00,130.0,10.2,7.5,12.5,0.0,0.0,1.0,293,0.4244442321777344,False,REGULAR,USD,put,2027-12-17,2026-09-12T04:49:30.183206+00:00
ABNB271217P00135000,2026-09-08 19:19:03+00:00,135.0,10.25,9.0,12.25,0.0,0.0,1.0,371,0.3869079864501953,False,REGULAR,USD,put,2027-12-17,2026-09-12T04:49:30.183206+00:00
ABNB271217P00140000,2026-08-25 19:43:54+00:00,140.0,9.4,11.65,14.45,0.0,0.0,10.0,116,0.39078368011474607,False,REGULAR,USD,put,2027-12-17,2026-09-12T04:49:30.183206+00:00
ABNB271217P00145000,2026-08-27 15:43:39+00:00,145.0,11.49,12.5,16.1,0.0,0.0,1.0,30,0.383245913696289,False,REGULAR,USD,put,2027-12-17,2026-09-12T04:49:30.183206+00:00
ABNB271217P00150000,2026-09-02 16:09:45+00:00,150.0,13.77,14.05,19.0,0.0,0.0,3.0,230,0.39267575103759766,False,REGULAR,USD,put,2027-12-17,2026-09-12T04:49:30.183206+00:00
ABNB271217P00155000,2026-09-04 14:47:30+00:00,155.0,15.35,16.0,21.0,0.0,0.0,1.0,900,0.3862976409912109,False,REGULAR,USD,put,2027-12-17,2026-09-12T04:49:30.183206+00:00
ABNB271217P00160000,2026-08-21 17:32:15+00:00,160.0,16.59,18.35,21.3,0.0,0.0,10.0,99,0.35452915985107414,False,REGULAR,USD,put,2027-12-17,2026-09-12T04:49:30.183206+00:00
ABNB271217P00165000,2026-08-26 18:55:17+00:00,165.0,17.8,22.3,23.85,0.0,0.0,38.0,43,0.35297277893066403,False,REGULAR,USD,put,2027-12-17,2026-09-12T04:49:30.183206+00:00
ABNB271217P00170000,2026-08-31 16:59:52+00:00,170.0,21.2,23.0,26.65,0.0,0.0,2.0,97,0.35278967529296873,False,REGULAR,USD,put,2027-12-17,2026-09-12T04:49:30.183206+00:00
ABNB271217P00175000,2026-09-01 17:41:44+00:00,175.0,23.24,25.5,30.5,0.0,0.0,93.0,104,0.3645693426513672,True,REGULAR,USD,put,2027-12-17,2026-09-12T04:49:30.183206+00:00
ABNB271217P00180000,2026-09-08 16:22:33+00:00,180.0,27.91,28.2,33.0,0.0,0.0,35.0,84,0.35666536895751955,True,REGULAR,USD,put,2027-12-17,2026-09-12T04:49:30.183206+00:00
ABNB271217P00185000,2026-09-04 16:23:00+00:00,185.0,28.5,32.3,34.35,0.0,0.0,2.0,112,0.3320379296875,True,REGULAR,USD,put,2027-12-17,2026-09-12T04:49:30.183206+00:00
ABNB271217P00190000,2026-09-10 15:48:25+00:00,190.0,36.58,34.0,39.0,0.0,0.0,13.0,18,0.3490207920837402,True,REGULAR,USD,put,2027-12-17,2026-09-12T04:49:30.183206+00:00
ABNB271217P00195000,2026-09-02 16:10:00+00:00,195.0,33.45,37.55,41.4,0.0,0.0,21.0,58,0.3347844842529296,True,REGULAR,USD,put,2027-12-17,2026-09-12T04:49:30.183206+00:00
ABNB271217P00200000,2026-09-10 19:23:15+00:00,200.0,43.74,42.0,43.8,0.0,0.0,6.0,12,0.31854929504394525,True,REGULAR,USD,put,2027-12-17,2026-09-12T04:49:30.183206+00:00
ABNB271217P00260000,2026-09-01 13:58:47+00:00,260.0,80.3,88.5,93.0,0.0,0.0,2.0,0,0.29288426849365223,True,REGULAR,USD,put,2027-12-17,2026-09-12T04:49:30.183206+00:00
ABNB280121C00060000,2026-06-30 17:28:47+00:00,60.0,90.4,132.5,137.0,0.0,0.0,8.0,14,1.4992700817871092,True,REGULAR,USD,call,2028-01-21,2026-09-12T04:49:30.183206+00:00
ABNB280121C00065000,2026-05-18 14:12:22+00:00,65.0,78.2,0.0,0.0,0.0,0.0,1.0,0,1.0000000000000003e-05,True,REGULAR,USD,call,2028-01-21,2026-09-12T04:49:30.183206+00:00
ABNB280121C00070000,2026-08-10 17:38:42+00:00,70.0,120.25,103.5,108.0,0.0,0.0,1.0,1,0.6849396740722657,True,REGULAR,USD,call,2028-01-21,2026-09-12T04:49:30.183206+00:00
ABNB280121C00075000,2026-06-15 15:01:05+00:00,75.0,72.0,80.0,83.5,0.0,0.0,13.0,23,1.0000000000000003e-05,True,REGULAR,USD,call,2028-01-21,2026-09-12T04:49:30.183206+00:00
ABNB280121C00080000,2026-05-08 14:34:58+00:00,80.0,76.0,62.5,66.5,0.0,0.0,1.0,34,1.0000000000000003e-05,True,REGULAR,USD,call,2028-01-21,2026-09-12T04:49:30.183206+00:00
ABNB280121C00085000,2026-08-19 16:01:09+00:00,85.0,109.55,91.0,95.5,0.0,0.0,2.0,5,0.6361730718994141,True,REGULAR,USD,call,2028-01-21,2026-09-12T04:49:30.183206+00:00
ABNB280121C00090000,2026-09-09 18:00:19+00:00,90.0,89.0,86.5,91.0,0.0,0.0,2.0,36,0.608951664428711,True,REGULAR,USD,call,2028-01-21,2026-09-12T04:49:30.183206+00:00
ABNB280121C00095000,2026-06-24 13:44:43+00:00,95.0,61.75,103.15,106.5,0.0,0.0,1.0,10,1.0609788162231446,True,REGULAR,USD,call,2028-01-21,2026-09-12T04:49:30.183206+00:00
ABNB280121C00100000,2026-09-10 13:31:32+00:00,100.0,77.0,78.5,83.5,0.0,0.0,1.0,44,0.5865214688110351,True,REGULAR,USD,call,2028-01-21,2026-09-12T04:49:30.183206+00:00
ABNB280121C00105000,2026-06-09 13:30:09+00:00,105.0,47.02,56.0,61.0,0.0,0.0,1.0,10,1.0000000000000003e-05,True,REGULAR,USD,call,2028-01-21,2026-09-12T04:49:30.183206+00:00
ABNB280121C00110000,2026-08-21 15:50:07+00:00,110.0,89.5,71.0,75.5,0.0,0.0,1.0,11,0.5591779922485353,True,REGULAR,USD,call,2028-01-21,2026-09-12T04:49:30.183206+00:00
ABNB280121C00115000,2026-08-07 14:42:39+00:00,115.0,74.35,67.0,72.0,0.0,0.0,4.0,46,0.5466353930664063,True,REGULAR,USD,call,2028-01-21,2026-09-12T04:49:30.183206+00:00
ABNB280121C00120000,2026-09-08 19:32:03+00:00,120.0,68.7,63.5,68.05,0.0,0.0,2.0,40,0.5335740002441407,True,REGULAR,USD,call,2028-01-21,2026-09-12T04:49:30.183206+00:00
ABNB280121C00125000,2026-09-10 18:07:19+00:00,125.0,61.3,60.4,64.05,0.0,0.0,1.0,44,0.5227098510742187,True,REGULAR,USD,call,2028-01-21,2026-09-12T04:49:30.183206+00:00
ABNB280121C00130000,2026-08-27 15:25:29+00:00,130.0,73.01,56.5,61.5,0.0,0.0,3.0,64,0.5161791546630858,True,REGULAR,USD,call,2028-01-21,2026-09-12T04:49:30.183206+00:00
ABNB280121C00135000,2026-08-26 15:11:23+00:00,135.0,72.1,53.5,57.0,0.0,0.0,1.0,59,0.5278062356567383,True,REGULAR,USD,call,2028-01-21,2026-09-12T04:49:30.183206+00:00
ABNB280121C00140000,2026-09-04 14:31:32+00:00,140.0,62.7,50.0,55.0,0.0,0.0,1.0,668,0.5366562448120118,True,REGULAR,USD,call,2028-01-21,2026-09-12T04:49:30.183206+00:00
ABNB280121C00145000,2026-09-09 18:17:46+00:00,145.0,49.5,48.2,52.0,0.0,0.0,2.0,191,0.5002186209106446,True,REGULAR,USD,call,2028-01-21,2026-09-12T04:49:30.183206+00:00
ABNB280121C00150000,2026-09-10 15:51:17+00:00,150.0,46.13,45.3,49.0,0.0,0.0,7.0,426,0.518986743774414,True,REGULAR,USD,call,2028-01-21,2026-09-12T04:49:30.183206+00:00
ABNB280121C00155000,2026-08-27 19:46:27+00:00,155.0,54.39,42.7,46.0,0.0,0.0,2.0,270,0.5086108709716797,True,REGULAR,USD,call,2028-01-21,2026-09-12T04:49:30.183206+00:00
ABNB280121C00160000,2026-09-10 15:02:06+00:00,160.0,40.5,40.0,42.45,0.0,0.0,1.0,51,0.4897511962890626,True,REGULAR,USD,call,2028-01-21,2026-09-12T04:49:30.183206+00:00
ABNB280121C00165000,2026-09-08 17:56:25+00:00,165.0,42.42,37.0,39.6,0.0,0.0,2.0,54,0.4796804962158203,True,REGULAR,USD,call,2028-01-21,2026-09-12T04:49:30.183206+00:00
ABNB280121C00170000,2026-09-09 13:35:19+00:00,170.0,36.38,34.0,37.0,0.0,0.0,2.0,313,0.4718375570678711,True,REGULAR,USD,call,2028-01-21,2026-09-12T04:49:30.183206+00:00
ABNB280121C00175000,2026-09-10 14:29:33+00:00,175.0,33.38,31.55,36.45,0.0,0.0,1.0,495,0.48950705810546885,False,REGULAR,USD,call,2028-01-21,2026-09-12T04:49:30.183206+00:00
ABNB280121C00180000,2026-09-10 19:48:55+00:00,180.0,30.18,30.3,33.95,0.0,0.0,158.0,353,0.4805044625854492,False,REGULAR,USD,call,2028-01-21,2026-09-12T04:49:30.183206+00:00
ABNB280121C00185000,2026-09-10 17:22:09+00:00,185.0,29.21,28.6,32.0,0.0,0.0,42.0,123,0.47748325256347657,False,REGULAR,USD,call,2028-01-21,2026-09-12T04:49:30.183206+00:00
ABNB280121C00190000,2026-09-10 17:22:09+00:00,190.0,27.47,26.1,28.9,0.0,0.0,182.0,623,0.4588677160644532,False,REGULAR,USD,call,2028-01-21,2026-09-12T04:49:30.183206+00:00
ABNB280121C00195000,2026-09-04 17:28:55+00:00,195.0,32.77,24.05,26.55,0.0,0.0,6.0,63,0.44873598144531246,False,REGULAR,USD,call,2028-01-21,2026-09-12T04:49:30.183206+00:00
ABNB280121C00200000,2026-09-10 14:29:33+00:00,200.0,23.6,21.55,26.45,0.0,0.0,2.0,827,0.46594772338867196,False,REGULAR,USD,call,2028-01-21,2026-09-12T04:49:30.183206+00:00
ABNB280121C00210000,2026-09-09 14:49:51+00:00,210.0,20.56,18.5,23.5,0.0,0.0,5.0,357,0.46274340972900396,False,REGULAR,USD,call,2028-01-21,2026-09-12T04:49:30.183206+00:00
ABNB280121C00220000,2026-09-10 14:48:15+00:00,220.0,17.9,17.25,19.5,0.0,0.0,1.0,469,0.44220528503417966,False,REGULAR,USD,call,2028-01-21,2026-09-12T04:49:30.183206+00:00
ABNB280121C00230000,2026-09-10 13:30:12+00:00,230.0,14.79,13.5,18.0,0.0,0.0,1.0,328,0.4504754660034179,False,REGULAR,USD,call,2028-01-21,2026-09-12T04:49:30.183206+00:00
ABNB280121C00240000,2026-09-11 19:58:49+00:00,240.0,13.65,12.8,13.95,0.8999996,7.0588207,40.0,78,0.4208737112426758,False,REGULAR,USD,call,2028-01-21,2026-09-12T04:49:30.183206+00:00
ABNB280121C00250000,2026-09-11 18:35:06+00:00,250.0,11.4,9.5,14.0,-0.6000004,-5.000003,9.0,45,0.44482977050781247,False,REGULAR,USD,call,2028-01-21,2026-09-12T04:49:30.183206+00:00
ABNB280121C00260000,2026-09-11 15:50:45+00:00,260.0,9.9,8.75,10.8,-7.050001,-41.592926,2.0,4,0.41925629577636714,False,REGULAR,USD,call,2028-01-21,2026-09-12T04:49:30.183206+00:00
ABNB280121C00270000,2026-09-11 15:53:15+00:00,270.0,8.5,6.5,9.5,-0.52000046,-5.7649717,5.0,177,0.4184933639526367,False,REGULAR,USD,call,2028-01-21,2026-09-12T04:49:30.183206+00:00
ABNB280121C00280000,2026-09-11 19:01:47+00:00,280.0,7.57,7.35,7.85,-0.17999983,-2.3225784,4.0,30,0.40903300933837883,False,REGULAR,USD,call,2028-01-21,2026-09-12T04:49:30.183206+00:00
ABNB280121P00060000,2026-09-11 13:30:00+00:00,60.0,0.77,0.12,0.8,-0.00999999,-1.2820501,1.0,79,0.4953663745117188,False,REGULAR,USD,put,2028-01-21,2026-09-12T04:49:30.183206+00:00
ABNB280121P00065000,2026-09-11 13:30:00+00:00,65.0,1.0,0.5,3.0,0.050000012,5.2631593,1.0,53,0.5394333166503908,False,REGULAR,USD,put,2028-01-21,2026-09-12T04:49:30.183206+00:00
ABNB280121P00070000,2026-08-24 19:10:05+00:00,70.0,0.91,0.6,3.15,0.0,0.0,25.0,304,0.5101367346191408,False,REGULAR,USD,put,2028-01-21,2026-09-12T04:49:30.183206+00:00
ABNB280121P00075000,2026-08-26 19:55:02+00:00,75.0,0.7,1.2,3.35,0.0,0.0,1.0,14,0.5501753967285157,False,REGULAR,USD,put,2028-01-21,2026-09-12T04:49:30.183206+00:00
ABNB280121P00080000,2026-09-04 16:23:12+00:00,80.0,1.61,1.58,2.34,0.0,0.0,5.0,451,0.46680220703125,False,REGULAR,USD,put,2028-01-21,2026-09-12T04:49:30.183206+00:00
ABNB280121P00085000,2026-08-07 17:45:25+00:00,85.0,2.12,1.2,5.0,0.0,0.0,11.0,423,0.5394943511962893,False,REGULAR,USD,put,2028-01-21,2026-09-12T04:49:30.183206+00:00
ABNB280121P00090000,2026-08-26 19:55:02+00:00,90.0,1.85,1.85,5.5,0.0,0.0,1.0,117,0.5195360546875,False,REGULAR,USD,put,2028-01-21,2026-09-12T04:49:30.183206+00:00
ABNB280121P00095000,2026-09-09 17:36:54+00:00,95.0,3.45,1.2,4.85,0.0,0.0,1.0,282,0.4647880670166016,False,REGULAR,USD,put,2028-01-21,2026-09-12T04:49:30.183206+00:00
ABNB280121P00100000,2026-09-08 14:44:33+00:00,100.0,3.7,2.63,6.5,0.0,0.0,1.0,68,0.47913118530273435,False,REGULAR,USD,put,2028-01-21,2026-09-12T04:49:30.183206+00:00
ABNB280121P00105000,2026-08-12 18:34:21+00:00,105.0,4.0,2.5,5.45,0.0,0.0,1.0,221,0.4185849157714844,False,REGULAR,USD,put,2028-01-21,2026-09-12T04:49:30.183206+00:00
ABNB280121P00110000,2026-09-10 14:13:38+00:00,110.0,6.15,5.45,6.4,0.0,0.0,4.0,74,0.41214577117919915,False,REGULAR,USD,put,2028-01-21,2026-09-12T04:49:30.183206+00:00
ABNB280121P00115000,2026-07-27 15:16:39+00:00,115.0,10.7,5.2,8.0,0.0,0.0,50.0,165,0.4179135357666015,False,REGULAR,USD,put,2028-01-21,2026-09-12T04:49:30.183206+00:00
ABNB280121P00120000,2026-09-10 19:45:22+00:00,120.0,8.1,7.35,8.75,0.0,0.0,1.0,1179,0.4024717956542969,False,REGULAR,USD,put,2028-01-21,2026-09-12T04:49:30.183206+00:00
ABNB280121P00125000,2026-09-10 15:18:49+00:00,125.0,9.35,7.35,10.65,0.0,0.0,1.0,238,0.4080259393310547,False,REGULAR,USD,put,2028-01-21,2026-09-12T04:49:30.183206+00:00
ABNB280121P00130000,2026-08-28 17:28:02+00:00,130.0,8.15,8.4,12.7,0.0,0.0,2.0,670,0.41272559936523434,False,REGULAR,USD,put,2028-01-21,2026-09-12T04:49:30.183206+00:00
ABNB280121P00135000,2026-08-28 17:28:02+00:00,135.0,9.1,11.5,12.6,0.0,0.0,9.0,129,0.37888194366455075,False,REGULAR,USD,put,2028-01-21,2026-09-12T04:49:30.183206+00:00
ABNB280121P00140000,2026-09-11 15:53:53+00:00,140.0,13.75,12.1,15.85,1.3500004,10.8871,4.0,543,0.39871817108154295,False,REGULAR,USD,put,2028-01-21,2026-09-12T04:49:30.183206+00:00
ABNB280121P00145000,2026-09-11 17:10:33+00:00,145.0,15.4,14.7,15.95,-6.75,-30.47404,4.0,199,0.3672853799438477,False,REGULAR,USD,put,2028-01-21,2026-09-12T04:49:30.183206+00:00
ABNB280121P00150000,2026-09-11 16:13:26+00:00,150.0,17.2,16.25,17.9,2.7800007,19.278784,7.0,268,0.3627993408203125,False,REGULAR,USD,put,2028-01-21,2026-09-12T04:49:30.183206+00:00
ABNB280121P00155000,2026-09-11 16:34:09+00:00,155.0,19.3,16.5,20.45,-0.40000153,-2.0304644,4.0,177,0.36484399810791024,False,REGULAR,USD,put,2028-01-21,2026-09-12T04:49:30.183206+00:00
ABNB280121P00160000,2026-08-31 18:42:34+00:00,160.0,17.24,20.6,22.75,0.0,0.0,5.0,21,0.36133451171875,False,REGULAR,USD,put,2028-01-21,2026-09-12T04:49:30.183206+00:00
ABNB280121P00165000,2026-09-11 16:13:50+00:00,165.0,23.8,21.0,24.6,-1.2000008,-4.800003,4.0,115,0.35016518981933586,False,REGULAR,USD,put,2028-01-21,2026-09-12T04:49:30.183206+00:00
ABNB280121P00170000,2026-09-11 14:48:43+00:00,170.0,26.2,23.5,28.5,-0.14999962,-0.5692585,1.0,56,0.3640200317382813,False,REGULAR,USD,put,2028-01-21,2026-09-12T04:49:30.183206+00:00
ABNB280121P00175000,2026-09-11 17:13:53+00:00,175.0,28.85,27.8,29.45,5.3900013,22.975285,2.0,554,0.33814138427734375,True,REGULAR,USD,put,2028-01-21,2026-09-12T04:49:30.183206+00:00
ABNB280121P00180000,2026-09-11 16:24:05+00:00,180.0,31.55,29.0,34.0,0.69999886,2.26904,2.0,36,0.35654329986572264,True,REGULAR,USD,put,2028-01-21,2026-09-12T04:49:30.183206+00:00
ABNB280121P00185000,2026-09-11 16:14:24+00:00,185.0,34.4,33.2,36.5,0.3500023,1.0279069,2.0,64,0.34729656616210935,True,REGULAR,USD,put,2028-01-21,2026-09-12T04:49:30.183206+00:00
ABNB280121P00190000,2026-09-11 17:13:53+00:00,190.0,37.4,34.75,39.5,0.20000076,0.53763646,2.0,11,0.3428410443115234,True,REGULAR,USD,put,2028-01-21,2026-09-12T04:49:30.183206+00:00
ABNB280121P00195000,2026-08-31 18:27:38+00:00,195.0,34.3,38.0,42.5,0.0,0.0,1.0,43,0.33685965881347657,True,REGULAR,USD,put,2028-01-21,2026-09-12T04:49:30.183206+00:00
ABNB280121P00200000,2026-08-31 15:30:29+00:00,200.0,35.6,41.0,46.0,0.0,0.0,1.0,13,0.33576103698730464,True,REGULAR,USD,put,2028-01-21,2026-09-12T04:49:30.183206+00:00
ABNB280121P00210000,2026-08-24 16:39:34+00:00,210.0,40.0,48.0,52.5,0.0,0.0,3.0,282,0.3225165405273437,True,REGULAR,USD,put,2028-01-21,2026-09-12T04:49:30.183206+00:00
ABNB280121P00220000,2026-09-08 19:40:15+00:00,220.0,55.01,55.0,60.0,0.0,0.0,1.0,2,0.31674877593994133,True,REGULAR,USD,put,2028-01-21,2026-09-12T04:49:30.183206+00:00
ABNB280121P00230000,2026-08-31 18:25:38+00:00,230.0,56.89,63.0,67.5,0.0,0.0,15.0,15,0.30490807403564457,True,REGULAR,USD,put,2028-01-21,2026-09-12T04:49:30.183206+00:00
ABNB280121P00240000,2026-09-09 14:23:15+00:00,240.0,73.8,71.0,76.0,0.0,0.0,1.0,1,0.30307703765869143,True,REGULAR,USD,put,2028-01-21,2026-09-12T04:49:30.183206+00:00
ABNB280121P00250000,2026-09-09 14:23:15+00:00,250.0,82.18,80.0,83.7,0.0,0.0,1.0,1,0.27985339294433587,True,REGULAR,USD,put,2028-01-21,2026-09-12T04:49:30.183206+00:00
ABNB280121P00260000,2026-09-02 14:19:05+00:00,260.0,82.01,90.0,93.5,0.0,0.0,2.0,6,0.2938913385009765,True,REGULAR,USD,put,2028-01-21,2026-09-12T04:49:30.183206+00:00
ABNB280121P00270000,2026-08-13 13:30:11+00:00,270.0,90.26,98.0,102.5,0.0,0.0,,2,0.28671977935791015,True,REGULAR,USD,put,2028-01-21,2026-09-12T04:49:30.183206+00:00
ABNB280121P00280000,2026-09-02 14:19:05+00:00,280.0,99.83,108.0,112.5,0.0,0.0,,3,0.3023751403808594,True,REGULAR,USD,put,2028-01-21,2026-09-12T04:49:30.183206+00:00
