scope,hedonic_bed_coef_quote,hedonic_lacc_coef_quote,market,n_pairs,n_markets,markets,date_b_min,date_b_max,est_nights_a,est_nights_b,bedroom_nights_a,bedroom_nights_b,nights_yoy_pct,bedroom_nights_yoy_pct,size_wedge_pp,bed_per_booked_night_a,bed_per_booked_night_b,cap_per_booked_night_a,cap_per_booked_night_b,cap_per_booked_night_yoy_pct,bed_cc_per_booked_night_a,bed_cc_per_booked_night_b,bed_cc_yoy_pct,wedge_pp_market_min,wedge_pp_market_max,d_bedrooms,d_mean_log_capacity,d_bedrooms_f_rejected,size_mix_pp_quote_basis,size_mix_pp_listed_basis,size_mix_pp_bedrooms_only_quote,size_mix_pp_capacity_only_quote,size_mix_pp_quote_rejected_bedrooms_f,n_new_markets,n_unverified_scope_pairs,median_days,listings_a,listings_b,eh_cov_min,eh_cov_drift_max_abs,wedge_pp_market_median,abnb_region,settlement,all_,confidence,confidence_reason,ws05_baseline_note
2Q26_market,0.1402261754364541,0.3991411081290387,austin,2,1,austin,2026-06-22,2026-07-18,1887320.0,1730829.0,4021882.0,3791620.0,-8.291704639382825,-5.725230128581593,2.566474510801232,2.1310016319437084,2.1906381277411,5.366711527456923,5.5556112128927815,3.519840492067039,2.3213631998017163,2.3710683826627355,2.1412066351902626,2.542418342468423,2.5905306791340514,0.05963649579739139,0.02244559211530972,0.08445492109166652,1.74724443333365,1.8231677627535747,0.8397661916863086,0.8999210092596854,2.101961350492454,0.0,0.0,387.0,30374.0,22467.0,0.9375,0.04590000000000005,2.5664745108012372,,,,low,single market,"05_size_mix.csv, 2Q26 window: na +1.97pp (7 cities), emea +1.56pp (3), apac +0.29pp (Sydney only), latam -0.06pp (Mexico City only)"
2Q26_market,0.1402261754364541,0.3991411081290387,bangkok,3,1,bangkok,2026-06-29,2026-08-30,4593411.0,4731225.0,6249243.0,6476677.0,3.0002540595648775,3.639384802287249,0.6391307427223714,1.3604798264296403,1.3689217908681155,3.2449064540490715,3.2546425080185366,0.3000411293002436,1.4479483622213911,1.4529517669319552,0.3455513222093032,0.48101927121542154,0.7252867635735516,0.008441964438475225,-0.0025919559707177076,0.05936801687624138,0.014923934308685993,0.06416700660716312,0.11844853356783869,-0.1034021209631808,0.7317033390521033,1.0,0.0,370.0,85198.0,93525.0,0.9639,0.026700000000000057,0.7110589075690843,,,,low,single market,"05_size_mix.csv, 2Q26 window: na +1.97pp (7 cities), emea +1.56pp (3), apac +0.29pp (Sydney only), latam -0.06pp (Mexico City only)"
2Q26_market,0.1402261754364541,0.3991411081290387,barossa-valley,3,1,barossa-valley,2026-06-29,2026-08-30,72848.0,76569.0,166561.0,177708.0,5.107895892817926,6.692443008867621,1.584547116049695,2.2864182956292556,2.3208870430592015,4.772334175269053,4.854366649688516,1.718917230158934,2.369199172085738,2.391990300827989,0.9619760554865797,1.0268653745137524,1.8960966488137831,0.03446874742994588,0.02153589390010957,0.05318198159428977,1.3519858987314892,1.337520511024648,0.48451204441068985,0.8632911049390346,1.6182914020486772,1.0,0.0,369.0,1055.0,1081.0,0.9778,0.022199999999999998,1.8365534288123042,,,,low,single market; thin: 77k booked nights in the later leg,"05_size_mix.csv, 2Q26 window: na +1.97pp (7 cities), emea +1.56pp (3), apac +0.29pp (Sydney only), latam -0.06pp (Mexico City only)"
2Q26_market,0.1402261754364541,0.3991411081290387,barwon-south-west-vic,3,1,barwon-south-west-vic,2026-06-29,2026-08-31,1293455.0,1184707.0,3001011.0,2758270.0,-8.407559598130588,-8.088640794718849,0.31891880341173895,2.3201510682629083,2.3282296804188714,5.220953183527838,5.21065124119297,-0.19731918622389877,2.4719201684232104,2.467417681426358,-0.1821453238809223,0.12485276068905371,0.5490327225702973,0.00807861215596306,-0.0014520880126707159,0.030394217854747385,0.05533979351550755,0.09558359153554186,0.11334747830029634,-0.05794200897873969,0.36892655552154263,1.0,0.0,369.0,21808.0,21254.0,0.9838,0.013499999999999956,0.28949923508409015,,,,low,single market,"05_size_mix.csv, 2Q26 window: na +1.97pp (7 cities), emea +1.56pp (3), apac +0.29pp (Sydney only), latam -0.06pp (Mexico City only)"
2Q26_market,0.1402261754364541,0.3991411081290387,belize,3,1,belize,2026-06-29,2026-08-31,375865.0,364552.0,630048.0,631013.0,-3.009857262580984,0.15316293361775646,3.1630201961987403,1.6762614236494486,1.7309272751212448,4.011716972849295,4.130272224538611,2.9552247202801363,1.92832206485147,1.9610660622674336,1.698056461252273,2.490295547046917,3.8057528060841395,0.054665851471796145,0.02604209313789374,0.12126366546932732,1.8224122162407541,1.8547293321442782,0.7695039079563593,1.044868008128863,2.7777608968491574,1.0,0.0,369.0,10685.0,10909.0,0.9361,0.05669999999999997,3.1933876209753964,,,,low,single market; whole-home bedrooms coverage moves up to 5.7% within a pair,"05_size_mix.csv, 2Q26 window: na +1.97pp (7 cities), emea +1.56pp (3), apac +0.29pp (Sydney only), latam -0.06pp (Mexico City only)"
2Q26_market,0.1402261754364541,0.3991411081290387,brisbane,3,1,brisbane,2026-06-15,2026-08-13,1507002.0,1584624.0,2588175.0,2742052.0,5.150756269732892,5.94538622774734,0.7946299580144478,1.7174330226502685,1.7304117569846222,3.708867008802908,3.769954891507386,1.647076656010782,1.9049620622079293,1.9037896613959047,-0.06154457536365898,0.6027473054226684,0.9461464369125983,0.012978734334353703,0.018451107593485228,0.015572434990056783,0.9226861248907703,0.8473402221690574,0.18216154069279344,0.7391780860080299,0.9593988584026159,1.0,0.0,344.0,17322.0,19117.0,0.9709,0.02400000000000002,0.8349961317080989,,,,low,single market,"05_size_mix.csv, 2Q26 window: na +1.97pp (7 cities), emea +1.56pp (3), apac +0.29pp (Sydney only), latam -0.06pp (Mexico City only)"
2Q26_market,0.1402261754364541,0.3991411081290387,chicago,4,1,chicago,2026-05-26,2026-08-27,3040800.0,3261831.0,5921809.0,6393597.0,7.268843725335428,7.966957394269225,0.6981136689337974,1.9474509997369114,1.960125156698799,4.877030386740332,4.8450634015067,-0.6554600381524001,2.231057315351229,2.2271830646652018,-0.1736508811033044,0.14876423955722995,1.3384597009479249,0.012674156961887562,-0.007294064553431845,0.05358319210048457,-0.11334695884980261,-0.01670492294713055,0.1778828799887,-0.29071271069622817,0.46130124204382117,0.0,0.0,357.5,34472.0,34544.0,0.9379,0.05840000000000001,0.6641907694132865,,,,low,single market; whole-home bedrooms coverage moves up to 5.8% within a pair,"05_size_mix.csv, 2Q26 window: na +1.97pp (7 cities), emea +1.56pp (3), apac +0.29pp (Sydney only), latam -0.06pp (Mexico City only)"
2Q26_market,0.1402261754364541,0.3991411081290387,london,2,1,london,2026-07-16,2026-08-18,8912012.0,8965908.0,13115840.0,13454036.0,0.6047568158570771,2.578530997633388,1.973774181776311,1.4717035838820685,1.5005770748484146,3.4437707220322413,3.524830390853888,2.353805620770588,1.7543027341952702,1.7768559164754687,1.285592380413414,1.913407773713982,2.034140589838662,0.02887349096634617,0.021712720753213954,0.04986905252414764,1.2796441253787094,1.242612661748832,0.4057026751418613,0.8704101728807645,1.578263661683943,0.0,0.0,321.5,193742.0,184748.0,0.9567,0.027100000000000013,1.9737741817763221,,,,low,single market,"05_size_mix.csv, 2Q26 window: na +1.97pp (7 cities), emea +1.56pp (3), apac +0.29pp (Sydney only), latam -0.06pp (Mexico City only)"
2Q26_market,0.1402261754364541,0.3991411081290387,los-angeles,5,1,los-angeles,2026-04-14,2026-08-10,14380178.0,14212880.0,24903174.0,25067657.0,-1.1633931095985095,0.660490104594702,1.8238832141932115,1.7317709141013415,1.7637281817618948,4.0980932224900135,4.193015208740241,2.316247608260924,2.007907079062697,2.030303200482932,1.1153963076164564,1.124778807096749,2.31149956367086,0.03195726766055329,0.022164599196059953,0.07295511259680909,1.3417262449359812,1.3133919151186557,0.4491301216920096,0.888605129942488,1.9260148096044594,0.0,0.0,363.0,227180.0,218532.0,0.9115,0.06500000000000006,1.910371449340087,,,,low,single market; whole-home bedrooms coverage moves up to 6.5% within a pair,"05_size_mix.csv, 2Q26 window: na +1.97pp (7 cities), emea +1.56pp (3), apac +0.29pp (Sydney only), latam -0.06pp (Mexico City only)"
2Q26_market,0.1402261754364541,0.3991411081290387,melbourne,3,1,melbourne,2026-06-16,2026-08-15,4194801.0,4067034.0,7477536.0,7362159.0,-3.045841745532152,-1.5429815383035228,1.502860207228629,1.7825722841202718,1.8102034553927997,4.04806735766488,4.103425985619987,1.3675322830359438,1.9233925216448935,1.9445817509369578,1.1016591285248012,1.0184533937076967,1.9828765289107482,0.0276311712725279,0.014547878233389877,0.03661371509002653,0.9728284800412101,0.9796541062858655,0.38821294892361635,0.5823547545517727,1.1000927528485915,1.0,0.0,344.0,76797.0,76894.0,0.9753,0.017900000000000027,1.5072506990674306,,,,low,single market,"05_size_mix.csv, 2Q26 window: na +1.97pp (7 cities), emea +1.56pp (3), apac +0.29pp (Sydney only), latam -0.06pp (Mexico City only)"
2Q26_market,0.1402261754364541,0.3991411081290387,mexico-city,4,1,mexico-city,2026-05-29,2026-08-30,8965660.0,10037739.0,13834555.0,15481212.0,11.957613828764412,11.902493430399463,-0.05512039836494864,1.5430604104996175,1.5423007113454534,3.568904241294004,3.593452868220622,0.6878477332784128,1.7184670785701817,1.7245145581582695,0.3519112855580264,-0.254735442974253,0.09884169003153698,-0.000759699154164073,0.006438895216310581,0.015438045765200581,0.2466534969542966,0.2005319328084676,-0.010652403278299527,0.25733331241479807,0.4746072980940541,0.0,0.0,346.5,106254.0,120788.0,0.9754,0.02199999999999991,-0.02950284756773147,,,,low,single market,"05_size_mix.csv, 2Q26 window: na +1.97pp (7 cities), emea +1.56pp (3), apac +0.29pp (Sydney only), latam -0.06pp (Mexico City only)"
2Q26_market,0.1402261754364541,0.3991411081290387,mid-north-coast,3,1,mid-north-coast,2026-06-19,2026-08-18,907793.0,931677.0,1911879.0,1957810.0,2.6309962733795045,2.4024009887654962,-0.22859528461400824,2.106073741480712,2.101382775360989,4.851942017618554,4.799734242661351,-1.0760181133167679,2.2202889180661756,2.206557023257203,-0.6184733300805156,-0.46023163739992157,0.0954266420290395,-0.004690966119722972,-0.012123601736314882,0.022542141884998923,-0.5481744175353076,-0.4849524391585147,-0.06575799375551084,-0.48273385988122364,-0.16766223845500194,1.0,0.0,374.0,15157.0,15857.0,0.9766,0.021499999999999964,-0.3217259625414082,,,,low,single market,"05_size_mix.csv, 2Q26 window: na +1.97pp (7 cities), emea +1.56pp (3), apac +0.29pp (Sydney only), latam -0.06pp (Mexico City only)"
2Q26_market,0.1402261754364541,0.3991411081290387,mornington-peninsula,3,1,mornington-peninsula,2026-06-22,2026-08-26,715057.0,668488.0,1979799.0,1859459.0,-6.512627664647718,-6.078394826949607,0.4342328376981115,2.7687289265051596,2.7815891983102166,6.422899153494057,6.436779717810941,0.2161105753829773,2.8719555961974286,2.8761155242374676,0.14484653055035768,0.4053708717773894,0.4567313739611505,0.012860271805057,0.0027528932279152762,0.03160692174852997,0.2906354867723948,0.32080186189382687,0.1804973737883797,0.10993967475831923,0.5546234332098887,1.0,0.0,372.0,13713.0,13301.0,0.9903,0.007899999999999907,0.44214689283977915,,,,low,single market,"05_size_mix.csv, 2Q26 window: na +1.97pp (7 cities), emea +1.56pp (3), apac +0.29pp (Sydney only), latam -0.06pp (Mexico City only)"
2Q26_market,0.1402261754364541,0.3991411081290387,nashville,3,1,nashville,2026-06-26,2026-08-27,2945599.0,2964682.0,6603691.0,6862952.0,0.6478478570911994,3.926001383165878,3.2781535260746786,2.2418839088416314,2.3149032510063474,6.621378877437153,6.8322727361652955,3.185044424006289,2.366700371247138,2.41922231797658,2.219205581218775,2.1782066626455876,4.034570025563921,0.07301934216471606,0.03537600635593674,0.09776947339048148,2.4658351545199464,2.505220506190442,1.0291823304503733,1.422017669479403,2.822072570497247,0.0,0.0,372.0,28839.0,30579.0,0.9639,0.023900000000000032,3.5775140530971195,,,,low,single market,"05_size_mix.csv, 2Q26 window: na +1.97pp (7 cities), emea +1.56pp (3), apac +0.29pp (Sydney only), latam -0.06pp (Mexico City only)"
2Q26_market,0.1402261754364541,0.3991411081290387,new-orleans,4,1,new-orleans,2026-05-23,2026-08-15,3300697.0,2953645.0,7429623.0,6653989.0,-10.51450648150981,-10.439749096286576,0.07475738522323461,2.250925486344248,2.252805939779493,5.082774638205203,5.029269935960483,-1.0526672153147731,2.385949247920221,2.42038682494912,1.4433491013657207,-0.7185992475647112,0.6741523215795802,0.0018804534352447888,-0.011345725447743593,0.06553575877660966,-0.42557750485144874,-0.34276481954558236,0.026372356225667914,-0.4518307026746604,0.46721640606131043,0.0,0.0,360.0,30010.0,28011.0,0.9726,0.016999999999999904,0.18187729160773536,,,,low,single market,"05_size_mix.csv, 2Q26 window: na +1.97pp (7 cities), emea +1.56pp (3), apac +0.29pp (Sydney only), latam -0.06pp (Mexico City only)"
2Q26_market,0.1402261754364541,0.3991411081290387,new-york-city,1,1,new-york-city,2026-08-10,2026-08-10,1695469.0,1613807.0,2161333.0,2103564.0,-4.816484406379596,-2.6728412512093236,2.143643155170272,1.274769989896601,1.3034792884155293,2.801758097611929,2.840944425200783,1.3986335088048474,1.6356685946717036,1.6535622753051158,1.0939673654982496,2.143643155170272,2.143643155170272,0.02870929851892834,0.01197131120850603,0.06296621951450376,0.8842907076750395,0.912638353976436,0.40339095293049354,0.4789676426067979,1.3700761450686105,0.0,0.0,313.0,36111.0,30234.0,0.856,0.08599999999999997,2.143643155170272,,,,low,single market; whole-home bedrooms coverage moves up to 8.6% within a pair,"05_size_mix.csv, 2Q26 window: na +1.97pp (7 cities), emea +1.56pp (3), apac +0.29pp (Sydney only), latam -0.06pp (Mexico City only)"
2Q26_market,0.1402261754364541,0.3991411081290387,northern-rivers,3,1,northern-rivers,2026-06-24,2026-08-27,1100021.0,1082088.0,2183478.0,2163710.0,-1.6302416044784551,-0.9053445924346426,0.7248970120438125,1.9849421056507104,1.9995693511063795,4.349586962430717,4.3538270454898305,0.09748242984304323,2.1379402038356012,2.1431432314601535,0.24336637737658595,-0.011448143071457473,1.10158081212679,0.014627245455669069,-0.004952952978583225,0.04162320395269492,0.0074198299593764006,0.09585002194485437,0.20532276785103498,-0.19749743070053283,0.3867193931303081,1.0,0.0,372.0,18407.0,19091.0,0.9768,0.020000000000000018,1.050828172400775,,,,low,single market,"05_size_mix.csv, 2Q26 window: na +1.97pp (7 cities), emea +1.56pp (3), apac +0.29pp (Sydney only), latam -0.06pp (Mexico City only)"
2Q26_market,0.1402261754364541,0.3991411081290387,paris,3,1,paris,2026-06-16,2026-08-15,15464674.0,14729192.0,20753814.0,19956502.0,-4.755884281815447,-3.8417613263759587,0.9141229554394887,1.3420143224486982,1.354894552260572,3.33519516803264,3.385643761042697,1.5126129197355231,1.4456142234186469,1.4679155832001323,1.5426909489549834,0.5193696045865508,1.1471140047636497,0.012880229811873756,0.0086950079989212,0.0629775126465264,0.5290626690741318,0.5193388150410927,0.18077774282350134,0.3476564407842053,1.2377607150206416,0.0,0.0,375.0,249963.0,234254.0,0.8651,0.0706,1.076275017734452,,,,low,single market; whole-home bedrooms coverage moves up to 7.1% within a pair,"05_size_mix.csv, 2Q26 window: na +1.97pp (7 cities), emea +1.56pp (3), apac +0.29pp (Sydney only), latam -0.06pp (Mexico City only)"
2Q26_market,0.1402261754364541,0.3991411081290387,rio-de-janeiro,3,1,rio-de-janeiro,2026-06-24,2026-08-30,6949555.0,8131488.0,9945093.0,11440421.0,17.007319173673707,15.035837271707763,-1.9714819019659444,1.4310402608512343,1.4069283506290609,3.8449823046223823,3.8376898545506064,-0.1896614729022028,1.519778320338129,1.4755113323284033,-2.912726640282448,-2.0869760586357486,-1.8642352354683034,-0.024111910222173405,0.0037237121029709552,0.04520858756852508,-0.18930403124606254,-0.3049510416718748,-0.337541140018216,0.1487391646441516,0.7856414839143566,1.0,0.0,365.0,128212.0,145073.0,0.9523,0.04389999999999994,-1.9611069188972579,,,,low,single market,"05_size_mix.csv, 2Q26 window: na +1.97pp (7 cities), emea +1.56pp (3), apac +0.29pp (Sydney only), latam -0.06pp (Mexico City only)"
2Q26_market,0.1402261754364541,0.3991411081290387,rome,4,1,rome,2026-05-25,2026-08-25,11923250.0,12343863.0,17780723.0,18674190.0,3.527670727360399,5.024919402883676,1.4972486755232772,1.4912647977690647,1.512831923037383,3.818597194556852,3.8602437502749343,1.0906244779482543,1.605721253963422,1.630692533700298,1.5551441245009956,1.4010558493594338,1.601862162562373,0.021567125268318277,0.010482854820460075,0.048302771242404896,0.7234456934549272,0.7346488243891169,0.30288532262732204,0.4192904017415344,1.1017703902750364,0.0,0.0,360.0,146579.0,148381.0,0.9797,0.018399999999999972,1.4940612726579205,,,,low,single market,"05_size_mix.csv, 2Q26 window: na +1.97pp (7 cities), emea +1.56pp (3), apac +0.29pp (Sydney only), latam -0.06pp (Mexico City only)"
2Q26_market,0.1402261754364541,0.3991411081290387,san-diego,5,1,san-diego,2026-04-26,2026-08-29,6040803.0,5985234.0,11432381.0,11763111.0,-0.9198942590910475,2.892923180219409,3.8128174393104564,1.8925267054727657,1.965355239243779,4.881986219381761,5.09062770143991,4.273700757897081,2.106837254380346,2.16923647938648,2.961748700636413,3.2842459481570385,4.2250398133583005,0.07282853377101328,0.04128653377599023,0.11632124257487653,2.7051031510446633,2.7031507646116504,1.0264791963411124,1.661568301753058,3.3333966753898547,0.0,0.0,371.0,65030.0,63234.0,0.9149,0.07639999999999991,3.8751944926124215,,,,low,single market; whole-home bedrooms coverage moves up to 7.6% within a pair,"05_size_mix.csv, 2Q26 window: na +1.97pp (7 cities), emea +1.56pp (3), apac +0.29pp (Sydney only), latam -0.06pp (Mexico City only)"
2Q26_market,0.1402261754364541,0.3991411081290387,santiago,3,1,santiago,2026-06-29,2026-08-30,3466099.0,4127545.0,4674134.0,5548386.0,19.083297966965173,18.704042288903146,-0.37925567806202665,1.3485287061910234,1.3442339211322953,3.049612547131516,3.1436374406578245,3.0831750615254006,1.4002653152931408,1.3831878494798784,-1.219587861439475,-0.4061933095360182,-0.3451364143211251,-0.004294785058728046,0.029743695372261625,0.003412729508480039,1.1333432433283885,0.9155938965836441,-0.06020599722249553,1.1942682616673306,1.2427067735039765,1.0,0.0,362.0,47271.0,56005.0,0.9735,0.02169999999999994,-0.38479842299186373,,,,low,single market,"05_size_mix.csv, 2Q26 window: na +1.97pp (7 cities), emea +1.56pp (3), apac +0.29pp (Sydney only), latam -0.06pp (Mexico City only)"
2Q26_market,0.1402261754364541,0.3991411081290387,singapore,3,1,singapore,2026-06-29,2026-08-31,191826.0,156868.0,223256.0,169532.0,-18.223806991752944,-24.063854946787544,-5.840047955034599,1.1638464024689041,1.0807302955350995,2.6402260381804346,2.5208328021011295,-4.522083880423633,1.485179666773442,1.283876418153651,-13.554134433924958,-6.498080737905166,-4.048724278037075,-0.08311610693380467,-0.007180360372490369,0.0283222463718511,-1.4416109091775597,-1.7029250418823638,-1.1587396756932655,-0.28618740044003,0.11061546309041326,1.0,0.0,369.0,11011.0,9273.0,0.9078,0.07089999999999996,-6.179493219825591,,,,low,single market; thin: 157k booked nights in the later leg; whole-home bedrooms coverage moves up to 7.1% within a pair,"05_size_mix.csv, 2Q26 window: na +1.97pp (7 cities), emea +1.56pp (3), apac +0.29pp (Sydney only), latam -0.06pp (Mexico City only)"
2Q26_market,0.1402261754364541,0.3991411081290387,sunshine-coast,3,1,sunshine-coast,2026-06-30,2026-08-31,1434354.0,1409557.0,3005937.0,2962175.0,-1.7287921949532659,-1.4558522018259246,0.2729399931273413,2.095673034690181,2.101493589829996,4.565520784966612,4.564260969935944,-0.027594114450568696,2.1967383557229043,2.202440870756672,0.2595900881373181,0.09126511771352375,0.4019355511534539,0.0058205551398149424,-0.0011222910530728214,0.019197503998996,0.0368309500901276,0.06632937985688869,0.08165273632876335,-0.04478521788275902,0.22465598115029017,1.0,0.0,365.0,21517.0,21857.0,0.9876,0.011099999999999999,0.32369470508983866,,,,low,single market,"05_size_mix.csv, 2Q26 window: na +1.97pp (7 cities), emea +1.56pp (3), apac +0.29pp (Sydney only), latam -0.06pp (Mexico City only)"
2Q26_market,0.1402261754364541,0.3991411081290387,sydney,2,1,sydney,2026-07-15,2026-08-15,2646226.0,2708920.0,4598812.0,4721321.0,2.3691853983748956,2.6639271185688873,0.2947417201939917,1.7378757521088524,1.74287945011296,3.9090500962502825,3.9540370332088064,1.1508406352140899,1.9330315474177495,1.9400674543313468,0.3639830360242291,0.2268658041407079,0.3626176362472755,0.005003698004107715,0.008131009302938752,0.0025405211160354213,0.3954869435269126,0.3597397621144083,0.07018956477011784,0.3250692140902345,0.36081614217609026,0.0,0.0,321.5,35460.0,41503.0,0.9387,0.010299999999999976,0.2947417201939917,,,,low,single market,"05_size_mix.csv, 2Q26 window: na +1.97pp (7 cities), emea +1.56pp (3), apac +0.29pp (Sydney only), latam -0.06pp (Mexico City only)"
2Q26_market,0.1402261754364541,0.3991411081290387,taipei,3,1,taipei,2026-06-30,2026-08-31,1516670.0,1432092.0,2348781.0,2219273.0,-5.576559172397422,-5.513838880678956,0.06272029171846594,1.548643409574924,1.5496720881060715,4.295128142575511,4.362764403404251,1.5747204410107019,1.7011813152592112,1.6746958889428072,-1.5568843884444128,-0.8199464384071602,0.5536227143473793,0.00102867853114752,0.017463299876575356,0.05220772342644486,0.713993718981154,0.600096019073959,0.014425806036988398,0.6994670091901245,1.4393817806563458,1.0,0.0,366.0,18633.0,19247.0,0.9502,0.04569999999999996,0.442627226172676,,,,low,single market,"05_size_mix.csv, 2Q26 window: na +1.97pp (7 cities), emea +1.56pp (3), apac +0.29pp (Sydney only), latam -0.06pp (Mexico City only)"
2Q26_market,0.1402261754364541,0.3991411081290387,tasmania,3,1,tasmania,2026-06-15,2026-08-13,1869059.0,1919844.0,4005386.0,4104080.0,2.7171426905196583,2.4640321806687293,-0.253110509850929,2.1429960209923817,2.1377153560393447,4.641958868072115,4.611389779586258,-0.6585385470800897,2.248016602440825,2.2360267743170636,-0.5333514045556043,-0.3054911373588709,-0.1906028727621134,-0.005280664953037029,-0.006814146887669459,0.01746158221571248,-0.3454313673370901,-0.31977467539135995,-0.07402133569521796,-0.27161108179251103,-0.027119846756540333,1.0,0.0,371.0,19455.0,19889.0,0.9743,0.021499999999999964,-0.26366685079139973,,,,low,single market,"05_size_mix.csv, 2Q26 window: na +1.97pp (7 cities), emea +1.56pp (3), apac +0.29pp (Sydney only), latam -0.06pp (Mexico City only)"
2Q26_market,0.1402261754364541,0.3991411081290387,tokyo,1,1,tokyo,2026-06-30,2026-06-30,2132367.0,2773074.0,3221655.0,4285712.0,30.046750864180517,33.02827273559708,2.981521871416561,1.510835142355889,1.5454733627735864,4.683270750297674,4.805146202373251,2.6023575952304423,1.6255957055691244,1.6547001956145742,1.7903892059840443,2.981521871416561,2.981521871416561,0.034638220417697374,0.029331633288024683,0.0950863445983936,1.6702600201310647,1.6033022100315986,0.48690004188680636,1.1776261161912327,2.5357215755233087,1.0,0.0,368.0,25297.0,34419.0,0.9511,0.044400000000000106,2.981521871416561,,,,low,single market,"05_size_mix.csv, 2Q26 window: na +1.97pp (7 cities), emea +1.56pp (3), apac +0.29pp (Sydney only), latam -0.06pp (Mexico City only)"
2Q26_market,0.1402261754364541,0.3991411081290387,western-australia,2,1,western-australia,2026-06-28,2026-07-22,2309320.0,2262069.0,4831510.0,4783198.0,-2.046100150693708,-0.9999358378643519,1.0461643128293563,2.0921786499922055,2.1145234738639713,4.413065317929087,4.452574612003436,0.8952800656231608,2.315275070702937,2.3134577505358442,-0.07849262448720307,1.0297465080243429,1.0625821176343697,0.02234482387176584,0.01479376920336084,0.01585383772084148,0.9079097857559226,0.8929417345233892,0.31382431993127735,0.5922269137401459,0.8161045715722404,1.0,0.0,382.0,25256.0,24874.0,0.9845,0.013399999999999967,1.0461643128293563,,,,low,single market,"05_size_mix.csv, 2Q26 window: na +1.97pp (7 cities), emea +1.56pp (3), apac +0.29pp (Sydney only), latam -0.06pp (Mexico City only)"
2Q26_region_extended,0.1402261754364541,0.3991411081290387,,41,15,bangkok|barossa-valley|barwon-south-west-vic|brisbane|melbourne|mid-north-coast|mornington-peninsula|northern-rivers|singapore|sunshine-coast|sydney|taipei|tasmania|tokyo|western-australia,2026-06-15,2026-08-31,26484210.0,26988836.0,47793019.0,48743136.0,1.9053843780879154,1.9879828056059923,0.08259842751807689,1.8045854114583746,1.8060481007776696,4.1959054092985975,4.228792416242034,0.7837880918515339,1.9455680963840754,1.9370175709477047,-0.43948733803058637,-6.498080737905166,2.981521871416561,0.0014626893192950519,0.007510386241836864,0.02647304276508544,0.32079456961100483,0.2758467008989962,0.020512836504282816,0.30022014943831277,0.6732479356758025,14.0,0.0,369.0,406086.0,431182.0,0.9078,0.07089999999999996,0.442627226172676,apac,,,medium,whole-home bedrooms coverage moves up to 7.1% within a pair,"05_size_mix.csv, 2Q26 window: na +1.97pp (7 cities), emea +1.56pp (3), apac +0.29pp (Sydney only), latam -0.06pp (Mexico City only)"
2Q26_region_extended,0.1402261754364541,0.3991411081290387,,9,3,london|paris|rome,2026-05-25,2026-08-25,36299936.0,36038963.0,51650377.0,52084728.0,-0.7189351518415932,0.8409444910731256,1.5598796429147188,1.4228779081043008,1.4452338154125024,3.5206321300401187,3.5828284515289743,1.76662369686853,1.5739899832063882,1.6005283607145082,1.6860575855799587,0.5193696045865508,2.034140589838662,0.022355907308201584,0.014607759866188008,0.05759967893589657,0.90057507806518,0.8869079510116729,0.3139802265845981,0.5847588243987678,1.4004699875369786,0.0,0.0,347.0,590284.0,567383.0,0.8651,0.0706,1.4609317034217861,emea,,,low,only 3 markets; whole-home bedrooms coverage moves up to 7.1% within a pair,"05_size_mix.csv, 2Q26 window: na +1.97pp (7 cities), emea +1.56pp (3), apac +0.29pp (Sydney only), latam -0.06pp (Mexico City only)"
2Q26_region_extended,0.1402261754364541,0.3991411081290387,,13,4,belize|mexico-city|rio-de-janeiro|santiago,2026-05-29,2026-08-31,19757179.0,22661324.0,29083830.0,33101032.0,14.699188583552347,13.81249305885779,-0.8866955246945576,1.4720639014304624,1.4606839388554702,3.5833365178297973,3.6077978056357165,0.682639983272737,1.5967472661268403,1.576801530947556,-1.24914791478965,-2.0869760586357486,3.8057528060841395,-0.011379962574992186,0.00980913390631355,0.022990070360560555,0.2322151976825726,0.12334476954320994,-0.15944960667380048,0.3922903097122399,0.716458189975544,3.0,0.0,362.0,292422.0,332775.0,0.9361,0.05669999999999997,-0.254735442974253,latam,,,medium,whole-home bedrooms coverage moves up to 5.7% within a pair,"05_size_mix.csv, 2Q26 window: na +1.97pp (7 cities), emea +1.56pp (3), apac +0.29pp (Sydney only), latam -0.06pp (Mexico City only)"
2Q26_region_extended,0.1402261754364541,0.3991411081290387,,24,7,austin|chicago|los-angeles|nashville|new-orleans|new-york-city|san-diego,2026-04-14,2026-08-29,33290866.0,32722908.0,62473893.0,62636490.0,-1.7060475386852403,0.26026391536060345,1.9663114540458437,1.876607625647227,1.91414803354274,4.638272942494196,4.742180646047717,2.240223998065227,2.1142819011698637,2.145230217367706,1.4637743519782198,-0.7185992475647112,4.2250398133583005,0.03754040789551305,0.020646374640351572,0.07809756980213112,1.359656861658598,1.3629792674678232,0.5278027794384244,0.8274865850249391,1.9377493377877641,0.0,0.0,371.5,452016.0,427601.0,0.856,0.08599999999999997,2.1096987615153164,na,,,medium,whole-home bedrooms coverage moves up to 8.6% within a pair,"05_size_mix.csv, 2Q26 window: na +1.97pp (7 cities), emea +1.56pp (3), apac +0.29pp (Sydney only), latam -0.06pp (Mexico City only)"
2Q26_region_settlement,0.1402261754364541,0.3991411081290387,,23,8,barossa-valley|barwon-south-west-vic|mid-north-coast|mornington-peninsula|northern-rivers|sunshine-coast|tasmania|western-australia,2026-06-15,2026-08-31,9701907.0,9534999.0,21085561.0,20766410.0,-1.7203628111463032,-1.5135997567245152,0.206763054421788,2.1733419007211676,2.177914229461377,4.772103669927985,4.760303697986754,-0.24726981552369853,2.3181164147367426,2.31088913728167,-0.31177370597642584,-0.46023163739992157,1.8960966488137831,0.004572328740209297,-0.001311684893888554,0.01944427382978775,0.01176197266725687,0.03781118042494036,0.06413657591965993,-0.05234103350570951,0.2205477286252533,8.0,0.0,371.0,136368.0,137204.0,0.9743,0.022199999999999998,0.4019355511534539,apac,non_urban,,high,"multi-market, scope-verified, bedrooms coverage stable within pairs","05_size_mix.csv, 2Q26 window: na +1.97pp (7 cities), emea +1.56pp (3), apac +0.29pp (Sydney only), latam -0.06pp (Mexico City only)"
2Q26_region_settlement,0.1402261754364541,0.3991411081290387,,18,7,bangkok|brisbane|melbourne|singapore|sydney|taipei|tokyo,2026-06-15,2026-08-31,16782303.0,17453837.0,26707458.0,27976726.0,4.001441280138973,4.752485242137228,0.7510439619982545,1.5914060185899397,1.6028983197219042,3.8628032159829315,3.9384287821640593,1.9577897695698177,1.7301966340964519,1.7327722229979787,0.1488610514418065,-6.498080737905166,2.981521871416561,0.011492301131964533,0.016665326313951345,0.042053548913484784,0.829757386165686,0.7608884596001841,0.16128206331682549,0.6673989280870707,1.262789203220116,6.0,0.0,355.0,269718.0,293978.0,0.9078,0.07089999999999996,0.5781850098850239,apac,urban,,medium,whole-home bedrooms coverage moves up to 7.1% within a pair,"05_size_mix.csv, 2Q26 window: na +1.97pp (7 cities), emea +1.56pp (3), apac +0.29pp (Sydney only), latam -0.06pp (Mexico City only)"
2Q26_region_settlement,0.1402261754364541,0.3991411081290387,,9,3,london|paris|rome,2026-05-25,2026-08-25,36299936.0,36038963.0,51650377.0,52084728.0,-0.7189351518415932,0.8409444910731256,1.5598796429147188,1.4228779081043008,1.4452338154125024,3.5206321300401187,3.5828284515289743,1.76662369686853,1.5739899832063882,1.6005283607145082,1.6860575855799587,0.5193696045865508,2.034140589838662,0.022355907308201584,0.014607759866188008,0.05759967893589657,0.90057507806518,0.8869079510116729,0.3139802265845981,0.5847588243987678,1.4004699875369786,0.0,0.0,347.0,590284.0,567383.0,0.8651,0.0706,1.4609317034217861,emea,urban,,low,only 3 markets; whole-home bedrooms coverage moves up to 7.1% within a pair,"05_size_mix.csv, 2Q26 window: na +1.97pp (7 cities), emea +1.56pp (3), apac +0.29pp (Sydney only), latam -0.06pp (Mexico City only)"
2Q26_region_settlement,0.1402261754364541,0.3991411081290387,,3,1,belize,2026-06-29,2026-08-31,375865.0,364552.0,630048.0,631013.0,-3.009857262580984,0.15316293361775646,3.1630201961987403,1.6762614236494486,1.7309272751212448,4.011716972849295,4.130272224538611,2.9552247202801363,1.92832206485147,1.9610660622674336,1.698056461252273,2.490295547046917,3.8057528060841395,0.054665851471796145,0.02604209313789374,0.12126366546932732,1.8224122162407541,1.8547293321442782,0.7695039079563593,1.044868008128863,2.7777608968491574,1.0,0.0,369.0,10685.0,10909.0,0.9361,0.05669999999999997,3.1933876209753964,latam,non_urban,,low,single market; whole-home bedrooms coverage moves up to 5.7% within a pair,"05_size_mix.csv, 2Q26 window: na +1.97pp (7 cities), emea +1.56pp (3), apac +0.29pp (Sydney only), latam -0.06pp (Mexico City only)"
2Q26_region_settlement,0.1402261754364541,0.3991411081290387,,10,3,mexico-city|rio-de-janeiro|santiago,2026-05-29,2026-08-30,19381314.0,22296772.0,28453782.0,32470019.0,15.042623013073309,14.114949640086504,-0.9276733729868045,1.4681038654035532,1.4562654630006533,3.575028865431931,3.5992553540934087,0.6776585469205898,1.590316981692945,1.5705188096898903,-1.2449198638361358,-2.0869760586357486,0.09884169003153698,-0.011838402402899906,0.00980543281570978,0.021984111418727137,0.22562389124456406,0.11505368638191626,-0.16586767649143797,0.39214200456751946,0.7021031865703797,2.0,0.0,358.5,281737.0,321866.0,0.9523,0.04389999999999994,-0.3649674186564944,latam,urban,,medium,only 3 markets,"05_size_mix.csv, 2Q26 window: na +1.97pp (7 cities), emea +1.56pp (3), apac +0.29pp (Sydney only), latam -0.06pp (Mexico City only)"
2Q26_region_settlement,0.1402261754364541,0.3991411081290387,,24,7,austin|chicago|los-angeles|nashville|new-orleans|new-york-city|san-diego,2026-04-14,2026-08-29,33290866.0,32722908.0,62473893.0,62636490.0,-1.7060475386852403,0.26026391536060345,1.9663114540458437,1.876607625647227,1.91414803354274,4.638272942494196,4.742180646047717,2.240223998065227,2.1142819011698637,2.145230217367706,1.4637743519782198,-0.7185992475647112,4.2250398133583005,0.03754040789551305,0.020646374640351572,0.07809756980213112,1.359656861658598,1.3629792674678232,0.5278027794384244,0.8274865850249391,1.9377493377877641,0.0,0.0,371.5,452016.0,427601.0,0.856,0.08599999999999997,2.1096987615153164,na,urban,,medium,whole-home bedrooms coverage moves up to 8.6% within a pair,"05_size_mix.csv, 2Q26 window: na +1.97pp (7 cities), emea +1.56pp (3), apac +0.29pp (Sydney only), latam -0.06pp (Mexico City only)"
2Q26_settlement,0.1402261754364541,0.3991411081290387,,26,9,barossa-valley|barwon-south-west-vic|belize|mid-north-coast|mornington-peninsula|northern-rivers|sunshine-coast|tasmania|western-australia,2026-06-15,2026-08-31,10077772.0,9899551.0,21715609.0,21397423.0,-1.7684563611877757,-1.465240970216397,0.3032153909713786,2.1548025694568205,2.16145388816119,4.743743954516931,4.737102723143706,-0.13999978575784944,2.3035784738784226,2.298006865990519,-0.24186750966305182,-0.46023163739992157,3.8057528060841395,0.006651318704369746,-0.00022522484951492672,0.023434447715394047,0.08431477368910922,0.1109466088380362,0.0933124073150049,-0.008989245544466229,0.3201339858826202,9.0,0.0,370.5,147053.0,148113.0,0.9361,0.05669999999999997,0.4237588823085843,,non_urban,,medium,whole-home bedrooms coverage moves up to 5.7% within a pair,"05_size_mix.csv, 2Q26 window: na +1.97pp (7 cities), emea +1.56pp (3), apac +0.29pp (Sydney only), latam -0.06pp (Mexico City only)"
2Q26_settlement,0.1402261754364541,0.3991411081290387,,61,20,austin|bangkok|brisbane|chicago|london|los-angeles|melbourne|mexico-city|nashville|new-orleans|new-york-city|paris|rio-de-janeiro|rome|san-diego|santiago|singapore|sydney|taipei|tokyo,2026-04-14,2026-08-31,105754419.0,108512480.0,169285510.0,175167963.0,2.607986527730821,3.474870944359032,0.8668844166282108,1.6007417146322747,1.6142655941510138,3.9367275517820204,3.993013826612386,1.4297731831832472,1.7718515200562364,1.779892756793371,0.4538324259178994,-6.498080737905166,4.2250398133583005,0.013523879518739124,0.013551537510693601,0.04951735061994267,0.7332126970199138,0.6931368471574162,0.18982012092865208,0.5423630618713426,1.2429212925026967,8.0,0.0,363.0,1593755.0,1610828.0,0.856,0.08599999999999997,0.879041094317845,,urban,,medium,whole-home bedrooms coverage moves up to 8.6% within a pair,"05_size_mix.csv, 2Q26 window: na +1.97pp (7 cities), emea +1.56pp (3), apac +0.29pp (Sydney only), latam -0.06pp (Mexico City only)"
2Q26_panel_extended,0.1402261754364541,0.3991411081290387,,87,29,austin|bangkok|barossa-valley|barwon-south-west-vic|belize|brisbane|chicago|london|los-angeles|melbourne|mexico-city|mid-north-coast|mornington-peninsula|nashville|new-orleans|new-york-city|northern-rivers|paris|rio-de-janeiro|rome|san-diego|santiago|singapore|sunshine-coast|sydney|taipei|tasmania|tokyo|western-australia,2026-04-14,2026-08-31,115832191.0,118412031.0,191001119.0,196565386.0,2.2272219645745883,2.913211728356413,0.6859897637818246,1.6489467854406725,1.6600119459145162,4.0069405662886926,4.05522157626027,1.2049345173166914,1.8181134698701227,1.823208431767451,0.2802334387683958,-6.498080737905166,4.2250398133583005,0.01106516047384365,0.011756041307822152,0.04542060360650413,0.6263478545399659,0.5890866542693329,0.15528295269573444,0.4703345524636138,1.1122881218690983,17.0,0.0,368.0,1740808.0,1758941.0,0.856,0.08599999999999997,0.7110589075690843,,,all,medium,whole-home bedrooms coverage moves up to 8.6% within a pair,"05_size_mix.csv, 2Q26 window: na +1.97pp (7 cities), emea +1.56pp (3), apac +0.29pp (Sydney only), latam -0.06pp (Mexico City only)"
2Q26_region_ws05_only,0.1402261754364541,0.3991411081290387,,2,1,sydney,2026-07-15,2026-08-15,2646226.0,2708920.0,4598812.0,4721321.0,2.3691853983748956,2.6639271185688873,0.2947417201939917,1.7378757521088524,1.74287945011296,3.9090500962502825,3.9540370332088064,1.1508406352140899,1.9330315474177495,1.9400674543313468,0.3639830360242291,0.2268658041407079,0.3626176362472755,0.005003698004107715,0.008131009302938752,0.0025405211160354213,0.3954869435269126,0.3597397621144083,0.07018956477011784,0.3250692140902345,0.36081614217609026,0.0,0.0,321.5,35460.0,41503.0,0.9387,0.010299999999999976,0.2947417201939917,apac,,,low,single market,"05_size_mix.csv, 2Q26 window: na +1.97pp (7 cities), emea +1.56pp (3), apac +0.29pp (Sydney only), latam -0.06pp (Mexico City only)"
2Q26_region_ws05_only,0.1402261754364541,0.3991411081290387,,9,3,london|paris|rome,2026-05-25,2026-08-25,36299936.0,36038963.0,51650377.0,52084728.0,-0.7189351518415932,0.8409444910731256,1.5598796429147188,1.4228779081043008,1.4452338154125024,3.5206321300401187,3.5828284515289743,1.76662369686853,1.5739899832063882,1.6005283607145082,1.6860575855799587,0.5193696045865508,2.034140589838662,0.022355907308201584,0.014607759866188008,0.05759967893589657,0.90057507806518,0.8869079510116729,0.3139802265845981,0.5847588243987678,1.4004699875369786,0.0,0.0,347.0,590284.0,567383.0,0.8651,0.0706,1.4609317034217861,emea,,,low,only 3 markets; whole-home bedrooms coverage moves up to 7.1% within a pair,"05_size_mix.csv, 2Q26 window: na +1.97pp (7 cities), emea +1.56pp (3), apac +0.29pp (Sydney only), latam -0.06pp (Mexico City only)"
2Q26_region_ws05_only,0.1402261754364541,0.3991411081290387,,4,1,mexico-city,2026-05-29,2026-08-30,8965660.0,10037739.0,13834555.0,15481212.0,11.957613828764412,11.902493430399463,-0.05512039836494864,1.5430604104996175,1.5423007113454534,3.568904241294004,3.593452868220622,0.6878477332784128,1.7184670785701817,1.7245145581582695,0.3519112855580264,-0.254735442974253,0.09884169003153698,-0.000759699154164073,0.006438895216310581,0.015438045765200581,0.2466534969542966,0.2005319328084676,-0.010652403278299527,0.25733331241479807,0.4746072980940541,0.0,0.0,346.5,106254.0,120788.0,0.9754,0.02199999999999991,-0.02950284756773147,latam,,,low,single market,"05_size_mix.csv, 2Q26 window: na +1.97pp (7 cities), emea +1.56pp (3), apac +0.29pp (Sydney only), latam -0.06pp (Mexico City only)"
2Q26_region_ws05_only,0.1402261754364541,0.3991411081290387,,24,7,austin|chicago|los-angeles|nashville|new-orleans|new-york-city|san-diego,2026-04-14,2026-08-29,33290866.0,32722908.0,62473893.0,62636490.0,-1.7060475386852403,0.26026391536060345,1.9663114540458437,1.876607625647227,1.91414803354274,4.638272942494196,4.742180646047717,2.240223998065227,2.1142819011698637,2.145230217367706,1.4637743519782198,-0.7185992475647112,4.2250398133583005,0.03754040789551305,0.020646374640351572,0.07809756980213112,1.359656861658598,1.3629792674678232,0.5278027794384244,0.8274865850249391,1.9377493377877641,0.0,0.0,371.5,452016.0,427601.0,0.856,0.08599999999999997,2.1096987615153164,na,,,medium,whole-home bedrooms coverage moves up to 8.6% within a pair,"05_size_mix.csv, 2Q26 window: na +1.97pp (7 cities), emea +1.56pp (3), apac +0.29pp (Sydney only), latam -0.06pp (Mexico City only)"
2Q26_region_new_markets_only,0.1402261754364541,0.3991411081290387,,39,14,bangkok|barossa-valley|barwon-south-west-vic|brisbane|melbourne|mid-north-coast|mornington-peninsula|northern-rivers|singapore|sunshine-coast|taipei|tasmania|tokyo|western-australia,2026-06-15,2026-08-31,23837984.0,24279916.0,43194207.0,44021815.0,1.853898383353214,1.9160161917082918,0.06211780835507774,1.8119907706960454,1.8130958525556677,4.227748873394663,4.259446984907196,0.7497633483391164,1.946959763641884,1.9366772942311121,-0.5281295280359588,-6.498080737905166,2.981521871416561,0.0011050818596223255,0.007471597281881959,0.029173554003472102,0.31421091299790316,0.2681737148321206,0.015497340985737296,0.2986672865243678,0.7098191097366424,14.0,0.0,369.0,370626.0,389679.0,0.9078,0.07089999999999996,0.4567313739611505,apac,,,medium,whole-home bedrooms coverage moves up to 7.1% within a pair,"05_size_mix.csv, 2Q26 window: na +1.97pp (7 cities), emea +1.56pp (3), apac +0.29pp (Sydney only), latam -0.06pp (Mexico City only)"
2Q26_region_new_markets_only,0.1402261754364541,0.3991411081290387,,9,3,belize|rio-de-janeiro|santiago,2026-06-24,2026-08-31,10791519.0,12623585.0,15249275.0,17619820.0,16.976905660824947,15.545296415731237,-1.4316092450937106,1.4130795673899106,1.3957857454914748,3.595326941462087,3.619204291015587,0.6641217875943628,1.4956217013540989,1.4593464012010506,-2.425432856464005,-2.0869760586357486,3.8057528060841395,-0.017293821898435757,0.011633809468088785,0.03185644182388181,0.22209477582135762,0.07865968166731463,-0.24221084536738546,0.46543295027221543,0.9152266794472119,3.0,0.0,365.0,186168.0,211987.0,0.9361,0.05669999999999997,-0.38479842299186373,latam,,,low,only 3 markets; whole-home bedrooms coverage moves up to 5.7% within a pair,"05_size_mix.csv, 2Q26 window: na +1.97pp (7 cities), emea +1.56pp (3), apac +0.29pp (Sydney only), latam -0.06pp (Mexico City only)"
all_periods_market,0.1402261754364541,0.3991411081290387,austin,5,1,austin,2025-06-13,2026-07-18,4832116.0,4346545.0,10189156.0,9434525.0,-10.04882747020146,-7.406216962425538,2.642610507775921,2.108632325879594,2.1705803114887803,5.298258361347285,5.516753421395614,4.12390346311402,2.302859257219658,2.356145710480308,2.313925746594925,2.1976120304114772,3.1538586411552156,0.06194798560918624,0.033658229252546024,0.07075855415300136,2.2367597977088316,2.2451112821277874,0.8724568215874751,1.352502971682723,2.363148544403604,0.0,0.0,374.0,76464.0,59450.0,0.9375,0.04590000000000005,2.5905306791340514,,,,low,single market,"05_size_mix.csv, 2Q26 window: na +1.97pp (7 cities), emea +1.56pp (3), apac +0.29pp (Sydney only), latam -0.06pp (Mexico City only)"
all_periods_market,0.1402261754364541,0.3991411081290387,bangkok,3,1,bangkok,2026-06-29,2026-08-30,4593411.0,4731225.0,6249243.0,6476677.0,3.0002540595648775,3.639384802287249,0.6391307427223714,1.3604798264296403,1.3689217908681155,3.2449064540490715,3.2546425080185366,0.3000411293002436,1.4479483622213911,1.4529517669319552,0.3455513222093032,0.48101927121542154,0.7252867635735516,0.008441964438475225,-0.0025919559707177076,0.05936801687624138,0.014923934308685993,0.06416700660716312,0.11844853356783869,-0.1034021209631808,0.7317033390521033,1.0,0.0,370.0,85198.0,93525.0,0.9639,0.026700000000000057,0.7110589075690843,,,,low,single market,"05_size_mix.csv, 2Q26 window: na +1.97pp (7 cities), emea +1.56pp (3), apac +0.29pp (Sydney only), latam -0.06pp (Mexico City only)"
all_periods_market,0.1402261754364541,0.3991411081290387,barossa-valley,3,1,barossa-valley,2026-06-29,2026-08-30,72848.0,76569.0,166561.0,177708.0,5.107895892817926,6.692443008867621,1.584547116049695,2.2864182956292556,2.3208870430592015,4.772334175269053,4.854366649688516,1.718917230158934,2.369199172085738,2.391990300827989,0.9619760554865797,1.0268653745137524,1.8960966488137831,0.03446874742994588,0.02153589390010957,0.05318198159428977,1.3519858987314892,1.337520511024648,0.48451204441068985,0.8632911049390346,1.6182914020486772,1.0,0.0,369.0,1055.0,1081.0,0.9778,0.022199999999999998,1.8365534288123042,,,,low,single market; thin: 77k booked nights in the later leg,"05_size_mix.csv, 2Q26 window: na +1.97pp (7 cities), emea +1.56pp (3), apac +0.29pp (Sydney only), latam -0.06pp (Mexico City only)"
all_periods_market,0.1402261754364541,0.3991411081290387,barwon-south-west-vic,3,1,barwon-south-west-vic,2026-06-29,2026-08-31,1293455.0,1184707.0,3001011.0,2758270.0,-8.407559598130588,-8.088640794718849,0.31891880341173895,2.3201510682629083,2.3282296804188714,5.220953183527838,5.21065124119297,-0.19731918622389877,2.4719201684232104,2.467417681426358,-0.1821453238809223,0.12485276068905371,0.5490327225702973,0.00807861215596306,-0.0014520880126707159,0.030394217854747385,0.05533979351550755,0.09558359153554186,0.11334747830029634,-0.05794200897873969,0.36892655552154263,1.0,0.0,369.0,21808.0,21254.0,0.9838,0.013499999999999956,0.28949923508409015,,,,low,single market,"05_size_mix.csv, 2Q26 window: na +1.97pp (7 cities), emea +1.56pp (3), apac +0.29pp (Sydney only), latam -0.06pp (Mexico City only)"
all_periods_market,0.1402261754364541,0.3991411081290387,belize,3,1,belize,2026-06-29,2026-08-31,375865.0,364552.0,630048.0,631013.0,-3.009857262580984,0.15316293361775646,3.1630201961987403,1.6762614236494486,1.7309272751212448,4.011716972849295,4.130272224538611,2.9552247202801363,1.92832206485147,1.9610660622674336,1.698056461252273,2.490295547046917,3.8057528060841395,0.054665851471796145,0.02604209313789374,0.12126366546932732,1.8224122162407541,1.8547293321442782,0.7695039079563593,1.044868008128863,2.7777608968491574,1.0,0.0,369.0,10685.0,10909.0,0.9361,0.05669999999999997,3.1933876209753964,,,,low,single market; whole-home bedrooms coverage moves up to 5.7% within a pair,"05_size_mix.csv, 2Q26 window: na +1.97pp (7 cities), emea +1.56pp (3), apac +0.29pp (Sydney only), latam -0.06pp (Mexico City only)"
all_periods_market,0.1402261754364541,0.3991411081290387,brisbane,3,1,brisbane,2026-06-15,2026-08-13,1507002.0,1584624.0,2588175.0,2742052.0,5.150756269732892,5.94538622774734,0.7946299580144478,1.7174330226502685,1.7304117569846222,3.708867008802908,3.769954891507386,1.647076656010782,1.9049620622079293,1.9037896613959047,-0.06154457536365898,0.6027473054226684,0.9461464369125983,0.012978734334353703,0.018451107593485228,0.015572434990056783,0.9226861248907703,0.8473402221690574,0.18216154069279344,0.7391780860080299,0.9593988584026159,1.0,0.0,344.0,17322.0,19117.0,0.9709,0.02400000000000002,0.8349961317080989,,,,low,single market,"05_size_mix.csv, 2Q26 window: na +1.97pp (7 cities), emea +1.56pp (3), apac +0.29pp (Sydney only), latam -0.06pp (Mexico City only)"
all_periods_market,0.1402261754364541,0.3991411081290387,chicago,6,1,chicago,2026-01-20,2026-08-27,4636792.0,4783626.0,8982399.0,9355053.0,3.166715263483888,4.148713500702872,0.9819982372189839,1.9372011942739722,1.9556405538392843,4.84327957777705,4.84413225448645,0.017605358016337114,2.2213668492260865,2.2247062130624378,0.1503292370422571,0.14876423955722995,1.4592520267373565,0.018439359565312063,-0.0008105730771266195,0.04797530932381511,0.22647084199713952,0.3016757489267441,0.2589026625184454,-0.0323480705054946,0.6424409664119279,0.0,0.0,347.0,51968.0,51182.0,0.9379,0.05840000000000001,1.108750397632885,,,,low,single market; whole-home bedrooms coverage moves up to 5.8% within a pair,"05_size_mix.csv, 2Q26 window: na +1.97pp (7 cities), emea +1.56pp (3), apac +0.29pp (Sydney only), latam -0.06pp (Mexico City only)"
all_periods_market,0.1402261754364541,0.3991411081290387,london,2,1,london,2026-07-16,2026-08-18,8912012.0,8965908.0,13115840.0,13454036.0,0.6047568158570771,2.578530997633388,1.973774181776311,1.4717035838820685,1.5005770748484146,3.4437707220322413,3.524830390853888,2.353805620770588,1.7543027341952702,1.7768559164754687,1.285592380413414,1.913407773713982,2.034140589838662,0.02887349096634617,0.021712720753213954,0.04986905252414764,1.2796441253787094,1.242612661748832,0.4057026751418613,0.8704101728807645,1.578263661683943,0.0,0.0,321.5,193742.0,184748.0,0.9567,0.027100000000000013,1.9737741817763221,,,,low,single market,"05_size_mix.csv, 2Q26 window: na +1.97pp (7 cities), emea +1.56pp (3), apac +0.29pp (Sydney only), latam -0.06pp (Mexico City only)"
all_periods_market,0.1402261754364541,0.3991411081290387,los-angeles,8,1,los-angeles,2026-01-15,2026-08-10,23068565.0,22548009.0,39937281.0,39603129.0,-2.2565599550730564,-0.8366919120007199,1.4198680430723365,1.731242537192929,1.7563913957990702,4.095048478308035,4.178861157985168,2.0466834549358603,2.0079642346893882,2.0259095777608085,0.8937083022395598,0.664694221785811,2.31149956367086,0.025148858606141244,0.019617010210801977,0.05158956159973549,1.1421213112556394,1.1051314658824252,0.3532753775714381,0.7860689456484771,1.5178198500656492,0.0,0.0,356.0,362273.0,356419.0,0.9115,0.06500000000000006,1.4029696655205093,,,,low,single market; whole-home bedrooms coverage moves up to 6.5% within a pair,"05_size_mix.csv, 2Q26 window: na +1.97pp (7 cities), emea +1.56pp (3), apac +0.29pp (Sydney only), latam -0.06pp (Mexico City only)"
all_periods_market,0.1402261754364541,0.3991411081290387,melbourne,3,1,melbourne,2026-06-16,2026-08-15,4194801.0,4067034.0,7477536.0,7362159.0,-3.045841745532152,-1.5429815383035228,1.502860207228629,1.7825722841202718,1.8102034553927997,4.04806735766488,4.103425985619987,1.3675322830359438,1.9233925216448935,1.9445817509369578,1.1016591285248012,1.0184533937076967,1.9828765289107482,0.0276311712725279,0.014547878233389877,0.03661371509002653,0.9728284800412101,0.9796541062858655,0.38821294892361635,0.5823547545517727,1.1000927528485915,1.0,0.0,344.0,76797.0,76894.0,0.9753,0.017900000000000027,1.5072506990674306,,,,low,single market,"05_size_mix.csv, 2Q26 window: na +1.97pp (7 cities), emea +1.56pp (3), apac +0.29pp (Sydney only), latam -0.06pp (Mexico City only)"
all_periods_market,0.1402261754364541,0.3991411081290387,mexico-city,4,1,mexico-city,2026-05-29,2026-08-30,8965660.0,10037739.0,13834555.0,15481212.0,11.957613828764412,11.902493430399463,-0.05512039836494864,1.5430604104996175,1.5423007113454534,3.568904241294004,3.593452868220622,0.6878477332784128,1.7184670785701817,1.7245145581582695,0.3519112855580264,-0.254735442974253,0.09884169003153698,-0.000759699154164073,0.006438895216310581,0.015438045765200581,0.2466534969542966,0.2005319328084676,-0.010652403278299527,0.25733331241479807,0.4746072980940541,0.0,0.0,346.5,106254.0,120788.0,0.9754,0.02199999999999991,-0.02950284756773147,,,,low,single market,"05_size_mix.csv, 2Q26 window: na +1.97pp (7 cities), emea +1.56pp (3), apac +0.29pp (Sydney only), latam -0.06pp (Mexico City only)"
all_periods_market,0.1402261754364541,0.3991411081290387,mid-north-coast,3,1,mid-north-coast,2026-06-19,2026-08-18,907793.0,931677.0,1911879.0,1957810.0,2.6309962733795045,2.4024009887654962,-0.22859528461400824,2.106073741480712,2.101382775360989,4.851942017618554,4.799734242661351,-1.0760181133167679,2.2202889180661756,2.206557023257203,-0.6184733300805156,-0.46023163739992157,0.0954266420290395,-0.004690966119722972,-0.012123601736314882,0.022542141884998923,-0.5481744175353076,-0.4849524391585147,-0.06575799375551084,-0.48273385988122364,-0.16766223845500194,1.0,0.0,374.0,15157.0,15857.0,0.9766,0.021499999999999964,-0.3217259625414082,,,,low,single market,"05_size_mix.csv, 2Q26 window: na +1.97pp (7 cities), emea +1.56pp (3), apac +0.29pp (Sydney only), latam -0.06pp (Mexico City only)"
all_periods_market,0.1402261754364541,0.3991411081290387,mornington-peninsula,3,1,mornington-peninsula,2026-06-22,2026-08-26,715057.0,668488.0,1979799.0,1859459.0,-6.512627664647718,-6.078394826949607,0.4342328376981115,2.7687289265051596,2.7815891983102166,6.422899153494057,6.436779717810941,0.2161105753829773,2.8719555961974286,2.8761155242374676,0.14484653055035768,0.4053708717773894,0.4567313739611505,0.012860271805057,0.0027528932279152762,0.03160692174852997,0.2906354867723948,0.32080186189382687,0.1804973737883797,0.10993967475831923,0.5546234332098887,1.0,0.0,372.0,13713.0,13301.0,0.9903,0.007899999999999907,0.44214689283977915,,,,low,single market,"05_size_mix.csv, 2Q26 window: na +1.97pp (7 cities), emea +1.56pp (3), apac +0.29pp (Sydney only), latam -0.06pp (Mexico City only)"
all_periods_market,0.1402261754364541,0.3991411081290387,nashville,5,1,nashville,2025-06-19,2026-08-27,4896086.5,4920658.0,10934711.5,11260477.0,0.5018600059455647,2.979186968032943,2.4773269620873783,2.2333574988922273,2.288408785979436,6.608601686265143,6.7556623524739985,2.2252917211593504,2.363383093463186,2.400945780209485,1.5893608975283247,0.38765656350567834,4.034570025563921,0.055051287087208856,0.02705898358997927,0.07128802938459211,1.8692542656519873,1.896123764885771,0.7749504616378244,1.085888704485849,2.101456081702735,0.0,0.0,370.0,46999.0,49720.0,0.9639,0.023900000000000032,2.1782066626455876,,,,low,single market,"05_size_mix.csv, 2Q26 window: na +1.97pp (7 cities), emea +1.56pp (3), apac +0.29pp (Sydney only), latam -0.06pp (Mexico City only)"
all_periods_market,0.1402261754364541,0.3991411081290387,new-orleans,4,1,new-orleans,2026-05-23,2026-08-15,3300697.0,2953645.0,7429623.0,6653989.0,-10.51450648150981,-10.439749096286576,0.07475738522323461,2.250925486344248,2.252805939779493,5.082774638205203,5.029269935960483,-1.0526672153147731,2.385949247920221,2.42038682494912,1.4433491013657207,-0.7185992475647112,0.6741523215795802,0.0018804534352447888,-0.011345725447743593,0.06553575877660966,-0.42557750485144874,-0.34276481954558236,0.026372356225667914,-0.4518307026746604,0.46721640606131043,0.0,0.0,360.0,30010.0,28011.0,0.9726,0.016999999999999904,0.18187729160773536,,,,low,single market,"05_size_mix.csv, 2Q26 window: na +1.97pp (7 cities), emea +1.56pp (3), apac +0.29pp (Sydney only), latam -0.06pp (Mexico City only)"
all_periods_market,0.1402261754364541,0.3991411081290387,new-york-city,1,1,new-york-city,2026-08-10,2026-08-10,1695469.0,1613807.0,2161333.0,2103564.0,-4.816484406379596,-2.6728412512093236,2.143643155170272,1.274769989896601,1.3034792884155293,2.801758097611929,2.840944425200783,1.3986335088048474,1.6356685946717036,1.6535622753051158,1.0939673654982496,2.143643155170272,2.143643155170272,0.02870929851892834,0.01197131120850603,0.06296621951450376,0.8842907076750395,0.912638353976436,0.40339095293049354,0.4789676426067979,1.3700761450686105,0.0,0.0,313.0,36111.0,30234.0,0.856,0.08599999999999997,2.143643155170272,,,,low,single market; whole-home bedrooms coverage moves up to 8.6% within a pair,"05_size_mix.csv, 2Q26 window: na +1.97pp (7 cities), emea +1.56pp (3), apac +0.29pp (Sydney only), latam -0.06pp (Mexico City only)"
all_periods_market,0.1402261754364541,0.3991411081290387,northern-rivers,3,1,northern-rivers,2026-06-24,2026-08-27,1100021.0,1082088.0,2183478.0,2163710.0,-1.6302416044784551,-0.9053445924346426,0.7248970120438125,1.9849421056507104,1.9995693511063795,4.349586962430717,4.3538270454898305,0.09748242984304323,2.1379402038356012,2.1431432314601535,0.24336637737658595,-0.011448143071457473,1.10158081212679,0.014627245455669069,-0.004952952978583225,0.04162320395269492,0.0074198299593764006,0.09585002194485437,0.20532276785103498,-0.19749743070053283,0.3867193931303081,1.0,0.0,372.0,18407.0,19091.0,0.9768,0.020000000000000018,1.050828172400775,,,,low,single market,"05_size_mix.csv, 2Q26 window: na +1.97pp (7 cities), emea +1.56pp (3), apac +0.29pp (Sydney only), latam -0.06pp (Mexico City only)"
all_periods_market,0.1402261754364541,0.3991411081290387,paris,7,1,paris,2025-03-03,2026-08-15,29714230.5,35145765.0,39669784.0,47358971.0,18.27923661021611,19.38298176768494,1.103745157468829,1.3350432884338028,1.3475014984024392,3.305312028861054,3.357628806770887,1.5828090495849656,1.4413812305165241,1.4556009356059556,0.9865332493844026,0.5193696045865508,1.6216151313308131,0.012458209968636336,0.01314188831890517,0.045384689270214995,0.7016939158112967,0.6603466275870273,0.17484939727558935,0.5259249419445888,1.1677242101439944,0.0,0.0,371.0,616737.0,568271.0,0.8651,0.0806,1.5594220664486826,,,,low,single market; whole-home bedrooms coverage moves up to 8.1% within a pair,"05_size_mix.csv, 2Q26 window: na +1.97pp (7 cities), emea +1.56pp (3), apac +0.29pp (Sydney only), latam -0.06pp (Mexico City only)"
all_periods_market,0.1402261754364541,0.3991411081290387,rio-de-janeiro,3,1,rio-de-janeiro,2026-06-24,2026-08-30,6949555.0,8131488.0,9945093.0,11440421.0,17.007319173673707,15.035837271707763,-1.9714819019659444,1.4310402608512343,1.4069283506290609,3.8449823046223823,3.8376898545506064,-0.1896614729022028,1.519778320338129,1.4755113323284033,-2.912726640282448,-2.0869760586357486,-1.8642352354683034,-0.024111910222173405,0.0037237121029709552,0.04520858756852508,-0.18930403124606254,-0.3049510416718748,-0.337541140018216,0.1487391646441516,0.7856414839143566,1.0,0.0,365.0,128212.0,145073.0,0.9523,0.04389999999999994,-1.9611069188972579,,,,low,single market,"05_size_mix.csv, 2Q26 window: na +1.97pp (7 cities), emea +1.56pp (3), apac +0.29pp (Sydney only), latam -0.06pp (Mexico City only)"
all_periods_market,0.1402261754364541,0.3991411081290387,rome,13,1,rome,2024-03-22,2026-08-25,34691221.5,37957705.5,51383441.5,56833693.5,9.415880614062555,10.607020162322133,1.191139548259578,1.4811655305939573,1.497290016647608,3.802298846698148,3.8329105008731363,0.8050828040928604,1.6033095285297871,1.614555920885189,0.7014486071017512,0.2814571267086201,1.601862162562373,0.01612448605365069,0.010257355229614795,0.01913053377942453,0.6375444319688173,0.6295917495918069,0.22636331679815047,0.41025245410828415,0.6799747735966255,0.0,0.0,369.0,427431.0,460820.0,0.969,0.02729999999999999,1.2631874315233595,,,,low,single market,"05_size_mix.csv, 2Q26 window: na +1.97pp (7 cities), emea +1.56pp (3), apac +0.29pp (Sydney only), latam -0.06pp (Mexico City only)"
all_periods_market,0.1402261754364541,0.3991411081290387,san-diego,8,1,san-diego,2026-01-23,2026-08-29,9638535.0,9383469.0,18194570.0,18310273.0,-2.6463150260905843,0.6359204971593257,3.28223552324991,1.8876904010827371,1.95133303046027,4.865277451396919,5.065669956388197,4.118829953546466,2.102154777183721,2.157844484393308,2.6491725449538484,1.5354268977890828,4.2250398133583005,0.06364262937753296,0.04032460093684964,0.09158509217427424,2.5335184512652376,2.502646027882016,0.8964303362583914,1.622543146026989,2.9360600334035203,0.0,0.0,358.5,104003.0,99521.0,0.9149,0.07639999999999991,3.4377714577037253,,,,low,single market; whole-home bedrooms coverage moves up to 7.6% within a pair,"05_size_mix.csv, 2Q26 window: na +1.97pp (7 cities), emea +1.56pp (3), apac +0.29pp (Sydney only), latam -0.06pp (Mexico City only)"
all_periods_market,0.1402261754364541,0.3991411081290387,santiago,3,1,santiago,2026-06-29,2026-08-30,3466099.0,4127545.0,4674134.0,5548386.0,19.083297966965173,18.704042288903146,-0.37925567806202665,1.3485287061910234,1.3442339211322953,3.049612547131516,3.1436374406578245,3.0831750615254006,1.4002653152931408,1.3831878494798784,-1.219587861439475,-0.4061933095360182,-0.3451364143211251,-0.004294785058728046,0.029743695372261625,0.003412729508480039,1.1333432433283885,0.9155938965836441,-0.06020599722249553,1.1942682616673306,1.2427067735039765,1.0,0.0,362.0,47271.0,56005.0,0.9735,0.02169999999999994,-0.38479842299186373,,,,low,single market,"05_size_mix.csv, 2Q26 window: na +1.97pp (7 cities), emea +1.56pp (3), apac +0.29pp (Sydney only), latam -0.06pp (Mexico City only)"
all_periods_market,0.1402261754364541,0.3991411081290387,singapore,3,1,singapore,2026-06-29,2026-08-31,191826.0,156868.0,223256.0,169532.0,-18.223806991752944,-24.063854946787544,-5.840047955034599,1.1638464024689041,1.0807302955350995,2.6402260381804346,2.5208328021011295,-4.522083880423633,1.485179666773442,1.283876418153651,-13.554134433924958,-6.498080737905166,-4.048724278037075,-0.08311610693380467,-0.007180360372490369,0.0283222463718511,-1.4416109091775597,-1.7029250418823638,-1.1587396756932655,-0.28618740044003,0.11061546309041326,1.0,0.0,369.0,11011.0,9273.0,0.9078,0.07089999999999996,-6.179493219825591,,,,low,single market; thin: 157k booked nights in the later leg; whole-home bedrooms coverage moves up to 7.1% within a pair,"05_size_mix.csv, 2Q26 window: na +1.97pp (7 cities), emea +1.56pp (3), apac +0.29pp (Sydney only), latam -0.06pp (Mexico City only)"
all_periods_market,0.1402261754364541,0.3991411081290387,sunshine-coast,3,1,sunshine-coast,2026-06-30,2026-08-31,1434354.0,1409557.0,3005937.0,2962175.0,-1.7287921949532659,-1.4558522018259246,0.2729399931273413,2.095673034690181,2.101493589829996,4.565520784966612,4.564260969935944,-0.027594114450568696,2.1967383557229043,2.202440870756672,0.2595900881373181,0.09126511771352375,0.4019355511534539,0.0058205551398149424,-0.0011222910530728214,0.019197503998996,0.0368309500901276,0.06632937985688869,0.08165273632876335,-0.04478521788275902,0.22465598115029017,1.0,0.0,365.0,21517.0,21857.0,0.9876,0.011099999999999999,0.32369470508983866,,,,low,single market,"05_size_mix.csv, 2Q26 window: na +1.97pp (7 cities), emea +1.56pp (3), apac +0.29pp (Sydney only), latam -0.06pp (Mexico City only)"
all_periods_market,0.1402261754364541,0.3991411081290387,sydney,2,1,sydney,2026-07-15,2026-08-15,2646226.0,2708920.0,4598812.0,4721321.0,2.3691853983748956,2.6639271185688873,0.2947417201939917,1.7378757521088524,1.74287945011296,3.9090500962502825,3.9540370332088064,1.1508406352140899,1.9330315474177495,1.9400674543313468,0.3639830360242291,0.2268658041407079,0.3626176362472755,0.005003698004107715,0.008131009302938752,0.0025405211160354213,0.3954869435269126,0.3597397621144083,0.07018956477011784,0.3250692140902345,0.36081614217609026,0.0,0.0,321.5,35460.0,41503.0,0.9387,0.010299999999999976,0.2947417201939917,,,,low,single market,"05_size_mix.csv, 2Q26 window: na +1.97pp (7 cities), emea +1.56pp (3), apac +0.29pp (Sydney only), latam -0.06pp (Mexico City only)"
all_periods_market,0.1402261754364541,0.3991411081290387,taipei,3,1,taipei,2026-06-30,2026-08-31,1516670.0,1432092.0,2348781.0,2219273.0,-5.576559172397422,-5.513838880678956,0.06272029171846594,1.548643409574924,1.5496720881060715,4.295128142575511,4.362764403404251,1.5747204410107019,1.7011813152592112,1.6746958889428072,-1.5568843884444128,-0.8199464384071602,0.5536227143473793,0.00102867853114752,0.017463299876575356,0.05220772342644486,0.713993718981154,0.600096019073959,0.014425806036988398,0.6994670091901245,1.4393817806563458,1.0,0.0,366.0,18633.0,19247.0,0.9502,0.04569999999999996,0.442627226172676,,,,low,single market,"05_size_mix.csv, 2Q26 window: na +1.97pp (7 cities), emea +1.56pp (3), apac +0.29pp (Sydney only), latam -0.06pp (Mexico City only)"
all_periods_market,0.1402261754364541,0.3991411081290387,tasmania,3,1,tasmania,2026-06-15,2026-08-13,1869059.0,1919844.0,4005386.0,4104080.0,2.7171426905196583,2.4640321806687293,-0.253110509850929,2.1429960209923817,2.1377153560393447,4.641958868072115,4.611389779586258,-0.6585385470800897,2.248016602440825,2.2360267743170636,-0.5333514045556043,-0.3054911373588709,-0.1906028727621134,-0.005280664953037029,-0.006814146887669459,0.01746158221571248,-0.3454313673370901,-0.31977467539135995,-0.07402133569521796,-0.27161108179251103,-0.027119846756540333,1.0,0.0,371.0,19455.0,19889.0,0.9743,0.021499999999999964,-0.26366685079139973,,,,low,single market,"05_size_mix.csv, 2Q26 window: na +1.97pp (7 cities), emea +1.56pp (3), apac +0.29pp (Sydney only), latam -0.06pp (Mexico City only)"
all_periods_market,0.1402261754364541,0.3991411081290387,tokyo,1,1,tokyo,2026-06-30,2026-06-30,2132367.0,2773074.0,3221655.0,4285712.0,30.046750864180517,33.02827273559708,2.981521871416561,1.510835142355889,1.5454733627735864,4.683270750297674,4.805146202373251,2.6023575952304423,1.6255957055691244,1.6547001956145742,1.7903892059840443,2.981521871416561,2.981521871416561,0.034638220417697374,0.029331633288024683,0.0950863445983936,1.6702600201310647,1.6033022100315986,0.48690004188680636,1.1776261161912327,2.5357215755233087,1.0,0.0,368.0,25297.0,34419.0,0.9511,0.044400000000000106,2.981521871416561,,,,low,single market,"05_size_mix.csv, 2Q26 window: na +1.97pp (7 cities), emea +1.56pp (3), apac +0.29pp (Sydney only), latam -0.06pp (Mexico City only)"
all_periods_market,0.1402261754364541,0.3991411081290387,western-australia,2,1,western-australia,2026-06-28,2026-07-22,2309320.0,2262069.0,4831510.0,4783198.0,-2.046100150693708,-0.9999358378643519,1.0461643128293563,2.0921786499922055,2.1145234738639713,4.413065317929087,4.452574612003436,0.8952800656231608,2.315275070702937,2.3134577505358442,-0.07849262448720307,1.0297465080243429,1.0625821176343697,0.02234482387176584,0.01479376920336084,0.01585383772084148,0.9079097857559226,0.8929417345233892,0.31382431993127735,0.5922269137401459,0.8161045715722404,1.0,0.0,382.0,25256.0,24874.0,0.9845,0.013399999999999967,1.0461643128293563,,,,low,single market,"05_size_mix.csv, 2Q26 window: na +1.97pp (7 cities), emea +1.56pp (3), apac +0.29pp (Sydney only), latam -0.06pp (Mexico City only)"
all_periods_region,0.1402261754364541,0.3991411081290387,,41,15,bangkok|barossa-valley|barwon-south-west-vic|brisbane|melbourne|mid-north-coast|mornington-peninsula|northern-rivers|singapore|sunshine-coast|sydney|taipei|tasmania|tokyo|western-australia,2026-06-15,2026-08-31,26484210.0,26988836.0,47793019.0,48743136.0,1.9053843780879154,1.9879828056059923,0.08259842751807689,1.8045854114583746,1.8060481007776696,4.1959054092985975,4.228792416242034,0.7837880918515339,1.9455680963840754,1.9370175709477047,-0.43948733803058637,-6.498080737905166,2.981521871416561,0.0014626893192950519,0.007510386241836864,0.02647304276508544,0.32079456961100483,0.2758467008989962,0.020512836504282816,0.30022014943831277,0.6732479356758025,14.0,0.0,369.0,406086.0,431182.0,0.9078,0.07089999999999996,0.442627226172676,apac,,,medium,whole-home bedrooms coverage moves up to 7.1% within a pair,"05_size_mix.csv, 2Q26 window: na +1.97pp (7 cities), emea +1.56pp (3), apac +0.29pp (Sydney only), latam -0.06pp (Mexico City only)"
all_periods_region,0.1402261754364541,0.3991411081290387,,22,3,london|paris|rome,2024-03-22,2026-08-25,73317464.0,82069378.5,104169065.5,117646700.5,11.937012033040318,12.938231648051012,1.0012196150106938,1.4207947167948962,1.4335030025845754,3.5572987221707506,3.595716592395055,1.0799731263744228,1.5560367326399902,1.5642152480928448,0.5255991250912695,0.2814571267086201,2.034140589838662,0.012708285789679197,0.011103285177680666,0.029603213786135063,0.623315764084742,0.5966926282587437,0.17836230793912833,0.4441612399071593,0.8619861888740532,0.0,0.0,368.5,1237910.0,1213839.0,0.8651,0.0806,1.3329950902020489,emea,,,low,only 3 markets; whole-home bedrooms coverage moves up to 8.1% within a pair,"05_size_mix.csv, 2Q26 window: na +1.97pp (7 cities), emea +1.56pp (3), apac +0.29pp (Sydney only), latam -0.06pp (Mexico City only)"
all_periods_region,0.1402261754364541,0.3991411081290387,,13,4,belize|mexico-city|rio-de-janeiro|santiago,2026-05-29,2026-08-31,19757179.0,22661324.0,29083830.0,33101032.0,14.699188583552347,13.81249305885779,-0.8866955246945576,1.4720639014304624,1.4606839388554702,3.5833365178297973,3.6077978056357165,0.682639983272737,1.5967472661268403,1.576801530947556,-1.24914791478965,-2.0869760586357486,3.8057528060841395,-0.011379962574992186,0.00980913390631355,0.022990070360560555,0.2322151976825726,0.12334476954320994,-0.15944960667380048,0.3922903097122399,0.716458189975544,3.0,0.0,362.0,292422.0,332775.0,0.9361,0.05669999999999997,-0.254735442974253,latam,,,medium,whole-home bedrooms coverage moves up to 5.7% within a pair,"05_size_mix.csv, 2Q26 window: na +1.97pp (7 cities), emea +1.56pp (3), apac +0.29pp (Sydney only), latam -0.06pp (Mexico City only)"
all_periods_region,0.1402261754364541,0.3991411081290387,,37,7,austin|chicago|los-angeles|nashville|new-orleans|new-york-city|san-diego,2025-06-13,2026-08-29,52068260.5,50549759.0,97829073.5,96721010.0,-2.9163668719065394,-1.1326525544576471,1.7837143174488923,1.8788619508423947,1.9133822181031566,4.67277750713412,4.779283082239818,2.279277687480108,2.117030468850811,2.145277822953485,1.3342913348813434,-0.7185992475647112,4.2250398133583005,0.03452026726076185,0.021488350118199717,0.06135074608255775,1.350794791959542,1.3368494525499042,0.48523799023918457,0.8613770729233305,1.7328286972980944,0.0,0.0,362.0,707828.0,674537.0,0.856,0.08599999999999997,2.0757543678603607,na,,,medium,whole-home bedrooms coverage moves up to 8.6% within a pair,"05_size_mix.csv, 2Q26 window: na +1.97pp (7 cities), emea +1.56pp (3), apac +0.29pp (Sydney only), latam -0.06pp (Mexico City only)"
2Q26_region_market_unweighted,0.1402261754364541,0.3991411081290387,,13,4,belize|mexico-city|rio-de-janeiro|santiago,,,,,,,11.259593426705578,11.448883981157032,0.18929055445145515,,,,,,,,,-1.9714819019659444,3.1630201961987403,0.006374864259182655,0.016487098957359225,,0.7502606348407603,0.6632097872331766,,,,,,,,,,,-0.21718803821348764,latam,,,high,"multi-market, scope-verified, bedrooms coverage stable within pairs","05_size_mix.csv, 2Q26 window: na +1.97pp (7 cities), emea +1.56pp (3), apac +0.29pp (Sydney only), latam -0.06pp (Mexico City only)"
2Q26_region_market_unweighted,0.1402261754364541,0.3991411081290387,,41,15,bangkok|barossa-valley|barwon-south-west-vic|brisbane|melbourne|mid-north-coast|mornington-peninsula|northern-rivers|singapore|sunshine-coast|sydney|taipei|tasmania|tokyo|western-australia,,,,,,,0.25676348839893437,0.5458002295292665,0.2890367411303324,,,,,,,,,-5.840047955034599,2.981521871416561,0.006322332323330704,0.006051339174285361,,0.330735196432852,0.3139816098398418,,,,,,,,,,,0.4342328376981115,apac,,,high,"multi-market, scope-verified, bedrooms coverage stable within pairs","05_size_mix.csv, 2Q26 window: na +1.97pp (7 cities), emea +1.56pp (3), apac +0.29pp (Sydney only), latam -0.06pp (Mexico City only)"
sensitivity_2Q26_region_ignore_scope,0.1402261754364541,0.3991411081290387,,46,16,bangkok|barossa-valley|barwon-south-west-vic|brisbane|hong-kong|melbourne|mid-north-coast|mornington-peninsula|northern-rivers|singapore|sunshine-coast|sydney|taipei|tasmania|tokyo|western-australia,2026-06-15,2026-08-31,31498564.0,33226624.0,55311990.0,58319669.5,5.48615486090096,5.437662792461451,-0.048492068439509595,1.7560162425182304,1.7552090004690215,4.2518755458185336,4.313705900424912,1.4541901318627426,1.8989483426231424,1.9341827056686107,1.855467168569569,-6.498080737905166,3.281187256118301,-0.0008072420492089005,0.013864566936362843,0.07567778696933902,0.5435440843091666,0.44710531289020583,-0.011319005873389187,0.554925902278014,1.6276975050682818,15.0,0.0,369.0,480077.0,522072.0,0.5646,0.43090000000000006,0.4423870595062276,apac,,,medium,whole-home bedrooms coverage moves up to 43.1% within a pair,"05_size_mix.csv, 2Q26 window: na +1.97pp (7 cities), emea +1.56pp (3), apac +0.29pp (Sydney only), latam -0.06pp (Mexico City only)"
sensitivity_2Q26_region_ignore_scope,0.1402261754364541,0.3991411081290387,,14,4,barcelona|london|paris|rome,2026-04-19,2026-08-25,52457470.0,48756270.0,75236012.0,71904104.0,-7.055620486462654,-4.428607938443097,2.6270125480195574,1.434228757124581,1.474766301852049,3.5119799143954142,3.624462146099363,3.2028153476302723,1.5835044987360503,1.6243359872455685,2.5785521002377854,0.5193696045865508,6.827620173092353,0.040537544727467845,0.02958114319540961,0.07250418297894012,1.7645346823013774,1.7184532962148058,0.5700611858430848,1.1877028634307063,2.221724180233964,0.0,0.0,349.0,833765.0,708015.0,0.6555,0.34010000000000007,1.7576349681381775,emea,,,medium,whole-home bedrooms coverage moves up to 34.0% within a pair,"05_size_mix.csv, 2Q26 window: na +1.97pp (7 cities), emea +1.56pp (3), apac +0.29pp (Sydney only), latam -0.06pp (Mexico City only)"
sensitivity_2Q26_region_ignore_scope,0.1402261754364541,0.3991411081290387,,17,5,belize|buenos-aires|mexico-city|rio-de-janeiro|santiago,2026-04-29,2026-08-31,27698605.0,31542298.0,39779493.0,44907739.0,13.876846866475766,12.891682656689474,-0.9851642097862925,1.4361551060062412,1.4237307313500114,3.4715259125865723,3.4857730720824462,0.41040049403688883,1.5523591367508602,1.5324661656644338,-1.2814670661882466,-2.0869760586357486,3.8057528060841395,-0.012424374656229809,0.0060283467846404815,0.03444441428865619,0.06641589315115048,-0.020883839708718543,-0.17407057515318458,0.24090581444111692,0.7262413835784631,4.0,0.0,362.0,400915.0,445341.0,0.856,0.14300000000000002,-0.3451364143211251,latam,,,medium,whole-home bedrooms coverage moves up to 14.3% within a pair,"05_size_mix.csv, 2Q26 window: na +1.97pp (7 cities), emea +1.56pp (3), apac +0.29pp (Sydney only), latam -0.06pp (Mexico City only)"
sensitivity_2Q26_region_ignore_scope,0.1402261754364541,0.3991411081290387,,31,7,austin|chicago|los-angeles|nashville|new-orleans|new-york-city|san-diego,2026-04-14,2026-08-29,39661009.0,37696270.0,76161411.0,73923819.0,-4.953830095447143,-2.9379602749219025,2.01586982052524,1.920309465651769,1.9610380284309297,4.797712660310785,4.919744871309549,2.5435498046449956,2.148243814296988,2.181936171659898,1.568367479458388,-0.7185992475647112,5.5044259259870785,0.040728562779160704,0.02323640180806552,0.07812657217795116,1.5098664076392154,1.5077847969385383,0.5727550645099777,0.9317745571632674,2.0436006773297155,0.0,0.0,371.0,528720.0,478521.0,0.856,0.08599999999999997,2.31149956367086,na,,,medium,whole-home bedrooms coverage moves up to 8.6% within a pair,"05_size_mix.csv, 2Q26 window: na +1.97pp (7 cities), emea +1.56pp (3), apac +0.29pp (Sydney only), latam -0.06pp (Mexico City only)"
sensitivity_2Q26_region_scope_verified_only,0.1402261754364541,0.3991411081290387,,41,15,bangkok|barossa-valley|barwon-south-west-vic|brisbane|melbourne|mid-north-coast|mornington-peninsula|northern-rivers|singapore|sunshine-coast|sydney|taipei|tasmania|tokyo|western-australia,2026-06-15,2026-08-31,26484210.0,26988836.0,47793019.0,48743136.0,1.9053843780879154,1.9879828056059923,0.08259842751807689,1.8045854114583746,1.8060481007776696,4.1959054092985975,4.228792416242034,0.7837880918515339,1.9455680963840754,1.9370175709477047,-0.43948733803058637,-6.498080737905166,2.981521871416561,0.0014626893192950519,0.007510386241836864,0.02647304276508544,0.32079456961100483,0.2758467008989962,0.020512836504282816,0.30022014943831277,0.6732479356758025,14.0,0.0,369.0,406086.0,431182.0,0.9078,0.07089999999999996,0.442627226172676,apac,,,medium,whole-home bedrooms coverage moves up to 7.1% within a pair,"05_size_mix.csv, 2Q26 window: na +1.97pp (7 cities), emea +1.56pp (3), apac +0.29pp (Sydney only), latam -0.06pp (Mexico City only)"
sensitivity_2Q26_region_scope_verified_only,0.1402261754364541,0.3991411081290387,,9,3,london|paris|rome,2026-05-25,2026-08-25,36299936.0,36038963.0,51650377.0,52084728.0,-0.7189351518415932,0.8409444910731256,1.5598796429147188,1.4228779081043008,1.4452338154125024,3.5206321300401187,3.5828284515289743,1.76662369686853,1.5739899832063882,1.6005283607145082,1.6860575855799587,0.5193696045865508,2.034140589838662,0.022355907308201584,0.014607759866188008,0.05759967893589657,0.90057507806518,0.8869079510116729,0.3139802265845981,0.5847588243987678,1.4004699875369786,0.0,0.0,347.0,590284.0,567383.0,0.8651,0.0706,1.4609317034217861,emea,,,low,only 3 markets; whole-home bedrooms coverage moves up to 7.1% within a pair,"05_size_mix.csv, 2Q26 window: na +1.97pp (7 cities), emea +1.56pp (3), apac +0.29pp (Sydney only), latam -0.06pp (Mexico City only)"
sensitivity_2Q26_region_scope_verified_only,0.1402261754364541,0.3991411081290387,,13,4,belize|mexico-city|rio-de-janeiro|santiago,2026-05-29,2026-08-31,19757179.0,22661324.0,29083830.0,33101032.0,14.699188583552347,13.81249305885779,-0.8866955246945576,1.4720639014304624,1.4606839388554702,3.5833365178297973,3.6077978056357165,0.682639983272737,1.5967472661268403,1.576801530947556,-1.24914791478965,-2.0869760586357486,3.8057528060841395,-0.011379962574992186,0.00980913390631355,0.022990070360560555,0.2322151976825726,0.12334476954320994,-0.15944960667380048,0.3922903097122399,0.716458189975544,3.0,0.0,362.0,292422.0,332775.0,0.9361,0.05669999999999997,-0.254735442974253,latam,,,medium,whole-home bedrooms coverage moves up to 5.7% within a pair,"05_size_mix.csv, 2Q26 window: na +1.97pp (7 cities), emea +1.56pp (3), apac +0.29pp (Sydney only), latam -0.06pp (Mexico City only)"
sensitivity_2Q26_region_scope_verified_only,0.1402261754364541,0.3991411081290387,,24,7,austin|chicago|los-angeles|nashville|new-orleans|new-york-city|san-diego,2026-04-14,2026-08-29,33290866.0,32722908.0,62473893.0,62636490.0,-1.7060475386852403,0.26026391536060345,1.9663114540458437,1.876607625647227,1.91414803354274,4.638272942494196,4.742180646047717,2.240223998065227,2.1142819011698637,2.145230217367706,1.4637743519782198,-0.7185992475647112,4.2250398133583005,0.03754040789551305,0.020646374640351572,0.07809756980213112,1.359656861658598,1.3629792674678232,0.5278027794384244,0.8274865850249391,1.9377493377877641,0.0,0.0,371.5,452016.0,427601.0,0.856,0.08599999999999997,2.1096987615153164,na,,,medium,whole-home bedrooms coverage moves up to 8.6% within a pair,"05_size_mix.csv, 2Q26 window: na +1.97pp (7 cities), emea +1.56pp (3), apac +0.29pp (Sydney only), latam -0.06pp (Mexico City only)"
2Q26_region_capacity_only_relaxed_bed_gate,0.1402261754364541,0.3991411081290387,,46,16,bangkok|barossa-valley|barwon-south-west-vic|brisbane|hong-kong|melbourne|mid-north-coast|mornington-peninsula|northern-rivers|singapore|sunshine-coast|sydney|taipei|tasmania|tokyo|western-australia,2026-06-15,2026-08-31,31498564.0,33226624.0,55311990.0,58319669.5,5.48615486090096,5.437662792461451,-0.048492068439509595,1.7560162425182304,1.7552090004690215,4.2518755458185336,4.313705900424912,1.4541901318627426,1.8989483426231424,1.9341827056686107,1.855467168569569,-6.498080737905166,3.281187256118301,-0.0008072420492089005,0.013864566936362843,0.07567778696933902,0.5435440843091666,0.44710531289020583,-0.011319005873389187,0.554925902278014,1.6276975050682818,15.0,0.0,369.0,480077.0,522072.0,0.5646,0.43090000000000006,0.4423870595062276,apac,,,low,"whole-home bedrooms coverage moves up to 43.1% within a pair; bedrooms gate relaxed: read the capacity columns only, the bedrooms columns on this row are contaminated by construction","05_size_mix.csv, 2Q26 window: na +1.97pp (7 cities), emea +1.56pp (3), apac +0.29pp (Sydney only), latam -0.06pp (Mexico City only)"
2Q26_region_capacity_only_relaxed_bed_gate,0.1402261754364541,0.3991411081290387,,11,4,barcelona|london|paris|rome,2026-05-25,2026-08-25,39385792.0,38779448.0,57323259.0,57486904.0,-1.5394993199578155,0.28547748829144126,1.8249768082492568,1.455429892078849,1.48240645405783,3.5393636619012256,3.6042951152889025,1.8345516197337597,1.6191336018630913,1.6398794808365607,1.281295067287691,0.5193696045865508,6.827620173092353,0.026976561978980795,0.017030849915270707,0.05775149532593282,1.0636704187716672,1.051189125635954,0.37899840071324853,0.6820869195418577,1.5007481723612548,0.0,0.0,345.0,629104.0,599387.0,0.6555,0.34010000000000007,1.527190841894055,emea,,,low,"whole-home bedrooms coverage moves up to 34.0% within a pair; bedrooms gate relaxed: read the capacity columns only, the bedrooms columns on this row are contaminated by construction","05_size_mix.csv, 2Q26 window: na +1.97pp (7 cities), emea +1.56pp (3), apac +0.29pp (Sydney only), latam -0.06pp (Mexico City only)"
2Q26_region_capacity_only_relaxed_bed_gate,0.1402261754364541,0.3991411081290387,,16,5,belize|buenos-aires|mexico-city|rio-de-janeiro|santiago,2026-05-29,2026-08-31,25467768.0,29362437.0,36336596.0,41531450.0,15.292541537208916,14.296479505124804,-0.9960620320841116,1.4267679837510692,1.4144415192785258,3.463017724992626,3.475560628703946,0.36219576991469715,1.5378335230799993,1.518486697720556,-1.2580571998908718,-2.0869760586357486,3.8057528060841395,-0.012326464472543375,0.005406975842862094,0.03856989459291249,0.04297456741342298,-0.03977288477606811,-0.17269999859927943,0.2160476803536593,0.7595354610944849,4.0,0.0,362.0,374514.0,421744.0,0.856,0.14300000000000002,-0.3649674186564944,latam,,,low,"whole-home bedrooms coverage moves up to 14.3% within a pair; bedrooms gate relaxed: read the capacity columns only, the bedrooms columns on this row are contaminated by construction","05_size_mix.csv, 2Q26 window: na +1.97pp (7 cities), emea +1.56pp (3), apac +0.29pp (Sydney only), latam -0.06pp (Mexico City only)"
2Q26_region_capacity_only_relaxed_bed_gate,0.1402261754364541,0.3991411081290387,,24,7,austin|chicago|los-angeles|nashville|new-orleans|new-york-city|san-diego,2026-04-14,2026-08-29,33290866.0,32722908.0,62473893.0,62636490.0,-1.7060475386852403,0.26026391536060345,1.9663114540458437,1.876607625647227,1.91414803354274,4.638272942494196,4.742180646047717,2.240223998065227,2.1142819011698637,2.145230217367706,1.4637743519782198,-0.7185992475647112,4.2250398133583005,0.03754040789551305,0.020646374640351572,0.07809756980213112,1.359656861658598,1.3629792674678232,0.5278027794384244,0.8274865850249391,1.9377493377877641,0.0,0.0,371.5,452016.0,427601.0,0.856,0.08599999999999997,2.1096987615153164,na,,,low,"whole-home bedrooms coverage moves up to 8.6% within a pair; bedrooms gate relaxed: read the capacity columns only, the bedrooms columns on this row are contaminated by construction","05_size_mix.csv, 2Q26 window: na +1.97pp (7 cities), emea +1.56pp (3), apac +0.29pp (Sydney only), latam -0.06pp (Mexico City only)"
2Q26_market_capacity_only_relaxed_bed_gate,0.1402261754364541,0.3991411081290387,austin,2,1,austin,2026-06-22,2026-07-18,1887320.0,1730829.0,4021882.0,3791620.0,-8.291704639382825,-5.725230128581593,2.566474510801232,2.1310016319437084,2.1906381277411,5.366711527456923,5.5556112128927815,3.519840492067039,2.3213631998017163,2.3710683826627355,2.1412066351902626,2.542418342468423,2.5905306791340514,0.05963649579739139,0.02244559211530972,0.08445492109166652,1.74724443333365,1.8231677627535747,0.8397661916863086,0.8999210092596854,2.101961350492454,0.0,0.0,387.0,30374.0,22467.0,0.9375,0.04590000000000005,2.5664745108012372,,,,low,"single market; bedrooms gate relaxed: read the capacity columns only, the bedrooms columns on this row are contaminated by construction","05_size_mix.csv, 2Q26 window: na +1.97pp (7 cities), emea +1.56pp (3), apac +0.29pp (Sydney only), latam -0.06pp (Mexico City only)"
2Q26_market_capacity_only_relaxed_bed_gate,0.1402261754364541,0.3991411081290387,bangkok,3,1,bangkok,2026-06-29,2026-08-30,4593411.0,4731225.0,6249243.0,6476677.0,3.0002540595648775,3.639384802287249,0.6391307427223714,1.3604798264296403,1.3689217908681155,3.2449064540490715,3.2546425080185366,0.3000411293002436,1.4479483622213911,1.4529517669319552,0.3455513222093032,0.48101927121542154,0.7252867635735516,0.008441964438475225,-0.0025919559707177076,0.05936801687624138,0.014923934308685993,0.06416700660716312,0.11844853356783869,-0.1034021209631808,0.7317033390521033,1.0,0.0,370.0,85198.0,93525.0,0.9639,0.026700000000000057,0.7110589075690843,,,,low,"single market; bedrooms gate relaxed: read the capacity columns only, the bedrooms columns on this row are contaminated by construction","05_size_mix.csv, 2Q26 window: na +1.97pp (7 cities), emea +1.56pp (3), apac +0.29pp (Sydney only), latam -0.06pp (Mexico City only)"
2Q26_market_capacity_only_relaxed_bed_gate,0.1402261754364541,0.3991411081290387,barcelona,2,1,barcelona,2026-07-16,2026-08-23,3085856.0,2740485.0,5672882.0,5402176.0,-11.192064697769432,-4.7719307399660345,6.420133957803397,1.838349553576058,1.9712481549798666,3.759708813373016,3.886594161252479,3.374871676980429,2.1501727910043607,2.15736947333322,0.3347025113036306,6.012647742514455,6.827620173092353,0.1328986014038087,0.05293396447061194,0.10540079789569945,4.056515500821978,4.20927199536929,1.881059401890961,2.135290025155201,3.6560553186211875,0.0,0.0,324.0,38820.0,32004.0,0.6555,0.34010000000000007,6.4201339578034045,,,,low,"single market; whole-home bedrooms coverage moves up to 34.0% within a pair; bedrooms gate relaxed: read the capacity columns only, the bedrooms columns on this row are contaminated by construction","05_size_mix.csv, 2Q26 window: na +1.97pp (7 cities), emea +1.56pp (3), apac +0.29pp (Sydney only), latam -0.06pp (Mexico City only)"
2Q26_market_capacity_only_relaxed_bed_gate,0.1402261754364541,0.3991411081290387,barossa-valley,3,1,barossa-valley,2026-06-29,2026-08-30,72848.0,76569.0,166561.0,177708.0,5.107895892817926,6.692443008867621,1.584547116049695,2.2864182956292556,2.3208870430592015,4.772334175269053,4.854366649688516,1.718917230158934,2.369199172085738,2.391990300827989,0.9619760554865797,1.0268653745137524,1.8960966488137831,0.03446874742994588,0.02153589390010957,0.05318198159428977,1.3519858987314892,1.337520511024648,0.48451204441068985,0.8632911049390346,1.6182914020486772,1.0,0.0,369.0,1055.0,1081.0,0.9778,0.022199999999999998,1.8365534288123042,,,,low,"single market; thin: 77k booked nights in the later leg; bedrooms gate relaxed: read the capacity columns only, the bedrooms columns on this row are contaminated by construction","05_size_mix.csv, 2Q26 window: na +1.97pp (7 cities), emea +1.56pp (3), apac +0.29pp (Sydney only), latam -0.06pp (Mexico City only)"
2Q26_market_capacity_only_relaxed_bed_gate,0.1402261754364541,0.3991411081290387,barwon-south-west-vic,3,1,barwon-south-west-vic,2026-06-29,2026-08-31,1293455.0,1184707.0,3001011.0,2758270.0,-8.407559598130588,-8.088640794718849,0.31891880341173895,2.3201510682629083,2.3282296804188714,5.220953183527838,5.21065124119297,-0.19731918622389877,2.4719201684232104,2.467417681426358,-0.1821453238809223,0.12485276068905371,0.5490327225702973,0.00807861215596306,-0.0014520880126707159,0.030394217854747385,0.05533979351550755,0.09558359153554186,0.11334747830029634,-0.05794200897873969,0.36892655552154263,1.0,0.0,369.0,21808.0,21254.0,0.9838,0.013499999999999956,0.28949923508409015,,,,low,"single market; bedrooms gate relaxed: read the capacity columns only, the bedrooms columns on this row are contaminated by construction","05_size_mix.csv, 2Q26 window: na +1.97pp (7 cities), emea +1.56pp (3), apac +0.29pp (Sydney only), latam -0.06pp (Mexico City only)"
2Q26_market_capacity_only_relaxed_bed_gate,0.1402261754364541,0.3991411081290387,belize,3,1,belize,2026-06-29,2026-08-31,375865.0,364552.0,630048.0,631013.0,-3.009857262580984,0.15316293361775646,3.1630201961987403,1.6762614236494486,1.7309272751212448,4.011716972849295,4.130272224538611,2.9552247202801363,1.92832206485147,1.9610660622674336,1.698056461252273,2.490295547046917,3.8057528060841395,0.054665851471796145,0.02604209313789374,0.12126366546932732,1.8224122162407541,1.8547293321442782,0.7695039079563593,1.044868008128863,2.7777608968491574,1.0,0.0,369.0,10685.0,10909.0,0.9361,0.05669999999999997,3.1933876209753964,,,,low,"single market; whole-home bedrooms coverage moves up to 5.7% within a pair; bedrooms gate relaxed: read the capacity columns only, the bedrooms columns on this row are contaminated by construction","05_size_mix.csv, 2Q26 window: na +1.97pp (7 cities), emea +1.56pp (3), apac +0.29pp (Sydney only), latam -0.06pp (Mexico City only)"
2Q26_market_capacity_only_relaxed_bed_gate,0.1402261754364541,0.3991411081290387,brisbane,3,1,brisbane,2026-06-15,2026-08-13,1507002.0,1584624.0,2588175.0,2742052.0,5.150756269732892,5.94538622774734,0.7946299580144478,1.7174330226502685,1.7304117569846222,3.708867008802908,3.769954891507386,1.647076656010782,1.9049620622079293,1.9037896613959047,-0.06154457536365898,0.6027473054226684,0.9461464369125983,0.012978734334353703,0.018451107593485228,0.015572434990056783,0.9226861248907703,0.8473402221690574,0.18216154069279344,0.7391780860080299,0.9593988584026159,1.0,0.0,344.0,17322.0,19117.0,0.9709,0.02400000000000002,0.8349961317080989,,,,low,"single market; bedrooms gate relaxed: read the capacity columns only, the bedrooms columns on this row are contaminated by construction","05_size_mix.csv, 2Q26 window: na +1.97pp (7 cities), emea +1.56pp (3), apac +0.29pp (Sydney only), latam -0.06pp (Mexico City only)"
2Q26_market_capacity_only_relaxed_bed_gate,0.1402261754364541,0.3991411081290387,buenos-aires,3,1,buenos-aires,2026-06-29,2026-08-30,5710589.0,6701113.0,7252766.0,8430418.0,17.345391167180836,16.237281059391684,-1.1081101077891518,1.270055680771283,1.2580623547162986,3.046745440794286,3.028370809446132,-0.6030904683445915,1.334007023407821,1.3212819453513591,-0.9538988800789516,-1.46056657033089,-0.653994792834304,-0.011993326054984488,-0.007273106757277548,0.09577653320338553,-0.45742801008792355,-0.45395364585847364,-0.16803648468737276,-0.2898786272556575,1.0582988896656875,1.0,0.0,362.0,82092.0,88969.0,0.856,0.14300000000000002,-1.2008017863105902,,,,low,"single market; whole-home bedrooms coverage moves up to 14.3% within a pair; bedrooms gate relaxed: read the capacity columns only, the bedrooms columns on this row are contaminated by construction","05_size_mix.csv, 2Q26 window: na +1.97pp (7 cities), emea +1.56pp (3), apac +0.29pp (Sydney only), latam -0.06pp (Mexico City only)"
2Q26_market_capacity_only_relaxed_bed_gate,0.1402261754364541,0.3991411081290387,chicago,4,1,chicago,2026-05-26,2026-08-27,3040800.0,3261831.0,5921809.0,6393597.0,7.268843725335428,7.966957394269225,0.6981136689337974,1.9474509997369114,1.960125156698799,4.877030386740332,4.8450634015067,-0.6554600381524001,2.231057315351229,2.2271830646652018,-0.1736508811033044,0.14876423955722995,1.3384597009479249,0.012674156961887562,-0.007294064553431845,0.05358319210048457,-0.11334695884980261,-0.01670492294713055,0.1778828799887,-0.29071271069622817,0.46130124204382117,0.0,0.0,357.5,34472.0,34544.0,0.9379,0.05840000000000001,0.6641907694132865,,,,low,"single market; whole-home bedrooms coverage moves up to 5.8% within a pair; bedrooms gate relaxed: read the capacity columns only, the bedrooms columns on this row are contaminated by construction","05_size_mix.csv, 2Q26 window: na +1.97pp (7 cities), emea +1.56pp (3), apac +0.29pp (Sydney only), latam -0.06pp (Mexico City only)"
2Q26_market_capacity_only_relaxed_bed_gate,0.1402261754364541,0.3991411081290387,hong-kong,3,1,hong-kong,2026-06-27,2026-08-28,627300.0,594725.0,879377.0,824189.5,-5.192890164195763,-6.275749763753202,-1.0828595995574393,1.4018444125617726,1.385832948001177,3.487682129762474,3.453132119887343,-0.9906295525127007,1.84298730637157,1.776322599039885,-3.6172092505038944,-1.8579303712571544,-0.6382681594062731,-0.016011464560595545,-0.01506112061750886,0.04392241293726418,-0.8222745565628298,-0.782076670414078,-0.22427078029103598,-0.5993479385702938,0.014757049665026223,1.0,0.0,371.0,20749.0,20022.0,0.7821,0.1985,-0.7077188693853986,,,,low,"single market; whole-home bedrooms coverage moves up to 19.9% within a pair; bedrooms gate relaxed: read the capacity columns only, the bedrooms columns on this row are contaminated by construction","05_size_mix.csv, 2Q26 window: na +1.97pp (7 cities), emea +1.56pp (3), apac +0.29pp (Sydney only), latam -0.06pp (Mexico City only)"
2Q26_market_capacity_only_relaxed_bed_gate,0.1402261754364541,0.3991411081290387,london,2,1,london,2026-07-16,2026-08-18,8912012.0,8965908.0,13115840.0,13454036.0,0.6047568158570771,2.578530997633388,1.973774181776311,1.4717035838820685,1.5005770748484146,3.4437707220322413,3.524830390853888,2.353805620770588,1.7543027341952702,1.7768559164754687,1.285592380413414,1.913407773713982,2.034140589838662,0.02887349096634617,0.021712720753213954,0.04986905252414764,1.2796441253787094,1.242612661748832,0.4057026751418613,0.8704101728807645,1.578263661683943,0.0,0.0,321.5,193742.0,184748.0,0.9567,0.027100000000000013,1.9737741817763221,,,,low,"single market; bedrooms gate relaxed: read the capacity columns only, the bedrooms columns on this row are contaminated by construction","05_size_mix.csv, 2Q26 window: na +1.97pp (7 cities), emea +1.56pp (3), apac +0.29pp (Sydney only), latam -0.06pp (Mexico City only)"
2Q26_market_capacity_only_relaxed_bed_gate,0.1402261754364541,0.3991411081290387,los-angeles,5,1,los-angeles,2026-04-14,2026-08-10,14380178.0,14212880.0,24903174.0,25067657.0,-1.1633931095985095,0.660490104594702,1.8238832141932115,1.7317709141013415,1.7637281817618948,4.0980932224900135,4.193015208740241,2.316247608260924,2.007907079062697,2.030303200482932,1.1153963076164564,1.124778807096749,2.31149956367086,0.03195726766055329,0.022164599196059953,0.07295511259680909,1.3417262449359812,1.3133919151186557,0.4491301216920096,0.888605129942488,1.9260148096044594,0.0,0.0,363.0,227180.0,218532.0,0.9115,0.06500000000000006,1.910371449340087,,,,low,"single market; whole-home bedrooms coverage moves up to 6.5% within a pair; bedrooms gate relaxed: read the capacity columns only, the bedrooms columns on this row are contaminated by construction","05_size_mix.csv, 2Q26 window: na +1.97pp (7 cities), emea +1.56pp (3), apac +0.29pp (Sydney only), latam -0.06pp (Mexico City only)"
2Q26_market_capacity_only_relaxed_bed_gate,0.1402261754364541,0.3991411081290387,melbourne,3,1,melbourne,2026-06-16,2026-08-15,4194801.0,4067034.0,7477536.0,7362159.0,-3.045841745532152,-1.5429815383035228,1.502860207228629,1.7825722841202718,1.8102034553927997,4.04806735766488,4.103425985619987,1.3675322830359438,1.9233925216448935,1.9445817509369578,1.1016591285248012,1.0184533937076967,1.9828765289107482,0.0276311712725279,0.014547878233389877,0.03661371509002653,0.9728284800412101,0.9796541062858655,0.38821294892361635,0.5823547545517727,1.1000927528485915,1.0,0.0,344.0,76797.0,76894.0,0.9753,0.017900000000000027,1.5072506990674306,,,,low,"single market; bedrooms gate relaxed: read the capacity columns only, the bedrooms columns on this row are contaminated by construction","05_size_mix.csv, 2Q26 window: na +1.97pp (7 cities), emea +1.56pp (3), apac +0.29pp (Sydney only), latam -0.06pp (Mexico City only)"
2Q26_market_capacity_only_relaxed_bed_gate,0.1402261754364541,0.3991411081290387,mexico-city,4,1,mexico-city,2026-05-29,2026-08-30,8965660.0,10037739.0,13834555.0,15481212.0,11.957613828764412,11.902493430399463,-0.05512039836494864,1.5430604104996175,1.5423007113454534,3.568904241294004,3.593452868220622,0.6878477332784128,1.7184670785701817,1.7245145581582695,0.3519112855580264,-0.254735442974253,0.09884169003153698,-0.000759699154164073,0.006438895216310581,0.015438045765200581,0.2466534969542966,0.2005319328084676,-0.010652403278299527,0.25733331241479807,0.4746072980940541,0.0,0.0,346.5,106254.0,120788.0,0.9754,0.02199999999999991,-0.02950284756773147,,,,low,"single market; bedrooms gate relaxed: read the capacity columns only, the bedrooms columns on this row are contaminated by construction","05_size_mix.csv, 2Q26 window: na +1.97pp (7 cities), emea +1.56pp (3), apac +0.29pp (Sydney only), latam -0.06pp (Mexico City only)"
2Q26_market_capacity_only_relaxed_bed_gate,0.1402261754364541,0.3991411081290387,mid-north-coast,3,1,mid-north-coast,2026-06-19,2026-08-18,907793.0,931677.0,1911879.0,1957810.0,2.6309962733795045,2.4024009887654962,-0.22859528461400824,2.106073741480712,2.101382775360989,4.851942017618554,4.799734242661351,-1.0760181133167679,2.2202889180661756,2.206557023257203,-0.6184733300805156,-0.46023163739992157,0.0954266420290395,-0.004690966119722972,-0.012123601736314882,0.022542141884998923,-0.5481744175353076,-0.4849524391585147,-0.06575799375551084,-0.48273385988122364,-0.16766223845500194,1.0,0.0,374.0,15157.0,15857.0,0.9766,0.021499999999999964,-0.3217259625414082,,,,low,"single market; bedrooms gate relaxed: read the capacity columns only, the bedrooms columns on this row are contaminated by construction","05_size_mix.csv, 2Q26 window: na +1.97pp (7 cities), emea +1.56pp (3), apac +0.29pp (Sydney only), latam -0.06pp (Mexico City only)"
2Q26_market_capacity_only_relaxed_bed_gate,0.1402261754364541,0.3991411081290387,mornington-peninsula,3,1,mornington-peninsula,2026-06-22,2026-08-26,715057.0,668488.0,1979799.0,1859459.0,-6.512627664647718,-6.078394826949607,0.4342328376981115,2.7687289265051596,2.7815891983102166,6.422899153494057,6.436779717810941,0.2161105753829773,2.8719555961974286,2.8761155242374676,0.14484653055035768,0.4053708717773894,0.4567313739611505,0.012860271805057,0.0027528932279152762,0.03160692174852997,0.2906354867723948,0.32080186189382687,0.1804973737883797,0.10993967475831923,0.5546234332098887,1.0,0.0,372.0,13713.0,13301.0,0.9903,0.007899999999999907,0.44214689283977915,,,,low,"single market; bedrooms gate relaxed: read the capacity columns only, the bedrooms columns on this row are contaminated by construction","05_size_mix.csv, 2Q26 window: na +1.97pp (7 cities), emea +1.56pp (3), apac +0.29pp (Sydney only), latam -0.06pp (Mexico City only)"
2Q26_market_capacity_only_relaxed_bed_gate,0.1402261754364541,0.3991411081290387,nashville,3,1,nashville,2026-06-26,2026-08-27,2945599.0,2964682.0,6603691.0,6862952.0,0.6478478570911994,3.926001383165878,3.2781535260746786,2.2418839088416314,2.3149032510063474,6.621378877437153,6.8322727361652955,3.185044424006289,2.366700371247138,2.41922231797658,2.219205581218775,2.1782066626455876,4.034570025563921,0.07301934216471606,0.03537600635593674,0.09776947339048148,2.4658351545199464,2.505220506190442,1.0291823304503733,1.422017669479403,2.822072570497247,0.0,0.0,372.0,28839.0,30579.0,0.9639,0.023900000000000032,3.5775140530971195,,,,low,"single market; bedrooms gate relaxed: read the capacity columns only, the bedrooms columns on this row are contaminated by construction","05_size_mix.csv, 2Q26 window: na +1.97pp (7 cities), emea +1.56pp (3), apac +0.29pp (Sydney only), latam -0.06pp (Mexico City only)"
2Q26_market_capacity_only_relaxed_bed_gate,0.1402261754364541,0.3991411081290387,new-orleans,4,1,new-orleans,2026-05-23,2026-08-15,3300697.0,2953645.0,7429623.0,6653989.0,-10.51450648150981,-10.439749096286576,0.07475738522323461,2.250925486344248,2.252805939779493,5.082774638205203,5.029269935960483,-1.0526672153147731,2.385949247920221,2.42038682494912,1.4433491013657207,-0.7185992475647112,0.6741523215795802,0.0018804534352447888,-0.011345725447743593,0.06553575877660966,-0.42557750485144874,-0.34276481954558236,0.026372356225667914,-0.4518307026746604,0.46721640606131043,0.0,0.0,360.0,30010.0,28011.0,0.9726,0.016999999999999904,0.18187729160773536,,,,low,"single market; bedrooms gate relaxed: read the capacity columns only, the bedrooms columns on this row are contaminated by construction","05_size_mix.csv, 2Q26 window: na +1.97pp (7 cities), emea +1.56pp (3), apac +0.29pp (Sydney only), latam -0.06pp (Mexico City only)"
2Q26_market_capacity_only_relaxed_bed_gate,0.1402261754364541,0.3991411081290387,new-york-city,1,1,new-york-city,2026-08-10,2026-08-10,1695469.0,1613807.0,2161333.0,2103564.0,-4.816484406379596,-2.6728412512093236,2.143643155170272,1.274769989896601,1.3034792884155293,2.801758097611929,2.840944425200783,1.3986335088048474,1.6356685946717036,1.6535622753051158,1.0939673654982496,2.143643155170272,2.143643155170272,0.02870929851892834,0.01197131120850603,0.06296621951450376,0.8842907076750395,0.912638353976436,0.40339095293049354,0.4789676426067979,1.3700761450686105,0.0,0.0,313.0,36111.0,30234.0,0.856,0.08599999999999997,2.143643155170272,,,,low,"single market; whole-home bedrooms coverage moves up to 8.6% within a pair; bedrooms gate relaxed: read the capacity columns only, the bedrooms columns on this row are contaminated by construction","05_size_mix.csv, 2Q26 window: na +1.97pp (7 cities), emea +1.56pp (3), apac +0.29pp (Sydney only), latam -0.06pp (Mexico City only)"
2Q26_market_capacity_only_relaxed_bed_gate,0.1402261754364541,0.3991411081290387,northern-rivers,3,1,northern-rivers,2026-06-24,2026-08-27,1100021.0,1082088.0,2183478.0,2163710.0,-1.6302416044784551,-0.9053445924346426,0.7248970120438125,1.9849421056507104,1.9995693511063795,4.349586962430717,4.3538270454898305,0.09748242984304323,2.1379402038356012,2.1431432314601535,0.24336637737658595,-0.011448143071457473,1.10158081212679,0.014627245455669069,-0.004952952978583225,0.04162320395269492,0.0074198299593764006,0.09585002194485437,0.20532276785103498,-0.19749743070053283,0.3867193931303081,1.0,0.0,372.0,18407.0,19091.0,0.9768,0.020000000000000018,1.050828172400775,,,,low,"single market; bedrooms gate relaxed: read the capacity columns only, the bedrooms columns on this row are contaminated by construction","05_size_mix.csv, 2Q26 window: na +1.97pp (7 cities), emea +1.56pp (3), apac +0.29pp (Sydney only), latam -0.06pp (Mexico City only)"
2Q26_market_capacity_only_relaxed_bed_gate,0.1402261754364541,0.3991411081290387,paris,3,1,paris,2026-06-16,2026-08-15,15464674.0,14729192.0,20753814.0,19956502.0,-4.755884281815447,-3.8417613263759587,0.9141229554394887,1.3420143224486982,1.354894552260572,3.33519516803264,3.385643761042697,1.5126129197355231,1.4456142234186469,1.4679155832001323,1.5426909489549834,0.5193696045865508,1.1471140047636497,0.012880229811873756,0.0086950079989212,0.0629775126465264,0.5290626690741318,0.5193388150410927,0.18077774282350134,0.3476564407842053,1.2377607150206416,0.0,0.0,375.0,249963.0,234254.0,0.8651,0.0706,1.076275017734452,,,,low,"single market; whole-home bedrooms coverage moves up to 7.1% within a pair; bedrooms gate relaxed: read the capacity columns only, the bedrooms columns on this row are contaminated by construction","05_size_mix.csv, 2Q26 window: na +1.97pp (7 cities), emea +1.56pp (3), apac +0.29pp (Sydney only), latam -0.06pp (Mexico City only)"
2Q26_market_capacity_only_relaxed_bed_gate,0.1402261754364541,0.3991411081290387,rio-de-janeiro,3,1,rio-de-janeiro,2026-06-24,2026-08-30,6949555.0,8131488.0,9945093.0,11440421.0,17.007319173673707,15.035837271707763,-1.9714819019659444,1.4310402608512343,1.4069283506290609,3.8449823046223823,3.8376898545506064,-0.1896614729022028,1.519778320338129,1.4755113323284033,-2.912726640282448,-2.0869760586357486,-1.8642352354683034,-0.024111910222173405,0.0037237121029709552,0.04520858756852508,-0.18930403124606254,-0.3049510416718748,-0.337541140018216,0.1487391646441516,0.7856414839143566,1.0,0.0,365.0,128212.0,145073.0,0.9523,0.04389999999999994,-1.9611069188972579,,,,low,"single market; bedrooms gate relaxed: read the capacity columns only, the bedrooms columns on this row are contaminated by construction","05_size_mix.csv, 2Q26 window: na +1.97pp (7 cities), emea +1.56pp (3), apac +0.29pp (Sydney only), latam -0.06pp (Mexico City only)"
2Q26_market_capacity_only_relaxed_bed_gate,0.1402261754364541,0.3991411081290387,rome,4,1,rome,2026-05-25,2026-08-25,11923250.0,12343863.0,17780723.0,18674190.0,3.527670727360399,5.024919402883676,1.4972486755232772,1.4912647977690647,1.512831923037383,3.818597194556852,3.8602437502749343,1.0906244779482543,1.605721253963422,1.630692533700298,1.5551441245009956,1.4010558493594338,1.601862162562373,0.021567125268318277,0.010482854820460075,0.048302771242404896,0.7234456934549272,0.7346488243891169,0.30288532262732204,0.4192904017415344,1.1017703902750364,0.0,0.0,360.0,146579.0,148381.0,0.9797,0.018399999999999972,1.4940612726579205,,,,low,"single market; bedrooms gate relaxed: read the capacity columns only, the bedrooms columns on this row are contaminated by construction","05_size_mix.csv, 2Q26 window: na +1.97pp (7 cities), emea +1.56pp (3), apac +0.29pp (Sydney only), latam -0.06pp (Mexico City only)"
2Q26_market_capacity_only_relaxed_bed_gate,0.1402261754364541,0.3991411081290387,san-diego,5,1,san-diego,2026-04-26,2026-08-29,6040803.0,5985234.0,11432381.0,11763111.0,-0.9198942590910475,2.892923180219409,3.8128174393104564,1.8925267054727657,1.965355239243779,4.881986219381761,5.09062770143991,4.273700757897081,2.106837254380346,2.16923647938648,2.961748700636413,3.2842459481570385,4.2250398133583005,0.07282853377101328,0.04128653377599023,0.11632124257487653,2.7051031510446633,2.7031507646116504,1.0264791963411124,1.661568301753058,3.3333966753898547,0.0,0.0,371.0,65030.0,63234.0,0.9149,0.07639999999999991,3.8751944926124215,,,,low,"single market; whole-home bedrooms coverage moves up to 7.6% within a pair; bedrooms gate relaxed: read the capacity columns only, the bedrooms columns on this row are contaminated by construction","05_size_mix.csv, 2Q26 window: na +1.97pp (7 cities), emea +1.56pp (3), apac +0.29pp (Sydney only), latam -0.06pp (Mexico City only)"
2Q26_market_capacity_only_relaxed_bed_gate,0.1402261754364541,0.3991411081290387,santiago,3,1,santiago,2026-06-29,2026-08-30,3466099.0,4127545.0,4674134.0,5548386.0,19.083297966965173,18.704042288903146,-0.37925567806202665,1.3485287061910234,1.3442339211322953,3.049612547131516,3.1436374406578245,3.0831750615254006,1.4002653152931408,1.3831878494798784,-1.219587861439475,-0.4061933095360182,-0.3451364143211251,-0.004294785058728046,0.029743695372261625,0.003412729508480039,1.1333432433283885,0.9155938965836441,-0.06020599722249553,1.1942682616673306,1.2427067735039765,1.0,0.0,362.0,47271.0,56005.0,0.9735,0.02169999999999994,-0.38479842299186373,,,,low,"single market; bedrooms gate relaxed: read the capacity columns only, the bedrooms columns on this row are contaminated by construction","05_size_mix.csv, 2Q26 window: na +1.97pp (7 cities), emea +1.56pp (3), apac +0.29pp (Sydney only), latam -0.06pp (Mexico City only)"
2Q26_market_capacity_only_relaxed_bed_gate,0.1402261754364541,0.3991411081290387,singapore,3,1,singapore,2026-06-29,2026-08-31,191826.0,156868.0,223256.0,169532.0,-18.223806991752944,-24.063854946787544,-5.840047955034599,1.1638464024689041,1.0807302955350995,2.6402260381804346,2.5208328021011295,-4.522083880423633,1.485179666773442,1.283876418153651,-13.554134433924958,-6.498080737905166,-4.048724278037075,-0.08311610693380467,-0.007180360372490369,0.0283222463718511,-1.4416109091775597,-1.7029250418823638,-1.1587396756932655,-0.28618740044003,0.11061546309041326,1.0,0.0,369.0,11011.0,9273.0,0.9078,0.07089999999999996,-6.179493219825591,,,,low,"single market; thin: 157k booked nights in the later leg; whole-home bedrooms coverage moves up to 7.1% within a pair; bedrooms gate relaxed: read the capacity columns only, the bedrooms columns on this row are contaminated by construction","05_size_mix.csv, 2Q26 window: na +1.97pp (7 cities), emea +1.56pp (3), apac +0.29pp (Sydney only), latam -0.06pp (Mexico City only)"
2Q26_market_capacity_only_relaxed_bed_gate,0.1402261754364541,0.3991411081290387,sunshine-coast,3,1,sunshine-coast,2026-06-30,2026-08-31,1434354.0,1409557.0,3005937.0,2962175.0,-1.7287921949532659,-1.4558522018259246,0.2729399931273413,2.095673034690181,2.101493589829996,4.565520784966612,4.564260969935944,-0.027594114450568696,2.1967383557229043,2.202440870756672,0.2595900881373181,0.09126511771352375,0.4019355511534539,0.0058205551398149424,-0.0011222910530728214,0.019197503998996,0.0368309500901276,0.06632937985688869,0.08165273632876335,-0.04478521788275902,0.22465598115029017,1.0,0.0,365.0,21517.0,21857.0,0.9876,0.011099999999999999,0.32369470508983866,,,,low,"single market; bedrooms gate relaxed: read the capacity columns only, the bedrooms columns on this row are contaminated by construction","05_size_mix.csv, 2Q26 window: na +1.97pp (7 cities), emea +1.56pp (3), apac +0.29pp (Sydney only), latam -0.06pp (Mexico City only)"
2Q26_market_capacity_only_relaxed_bed_gate,0.1402261754364541,0.3991411081290387,sydney,2,1,sydney,2026-07-15,2026-08-15,2646226.0,2708920.0,4598812.0,4721321.0,2.3691853983748956,2.6639271185688873,0.2947417201939917,1.7378757521088524,1.74287945011296,3.9090500962502825,3.9540370332088064,1.1508406352140899,1.9330315474177495,1.9400674543313468,0.3639830360242291,0.2268658041407079,0.3626176362472755,0.005003698004107715,0.008131009302938752,0.0025405211160354213,0.3954869435269126,0.3597397621144083,0.07018956477011784,0.3250692140902345,0.36081614217609026,0.0,0.0,321.5,35460.0,41503.0,0.9387,0.010299999999999976,0.2947417201939917,,,,low,"single market; bedrooms gate relaxed: read the capacity columns only, the bedrooms columns on this row are contaminated by construction","05_size_mix.csv, 2Q26 window: na +1.97pp (7 cities), emea +1.56pp (3), apac +0.29pp (Sydney only), latam -0.06pp (Mexico City only)"
2Q26_market_capacity_only_relaxed_bed_gate,0.1402261754364541,0.3991411081290387,taipei,3,1,taipei,2026-06-30,2026-08-31,1516670.0,1432092.0,2348781.0,2219273.0,-5.576559172397422,-5.513838880678956,0.06272029171846594,1.548643409574924,1.5496720881060715,4.295128142575511,4.362764403404251,1.5747204410107019,1.7011813152592112,1.6746958889428072,-1.5568843884444128,-0.8199464384071602,0.5536227143473793,0.00102867853114752,0.017463299876575356,0.05220772342644486,0.713993718981154,0.600096019073959,0.014425806036988398,0.6994670091901245,1.4393817806563458,1.0,0.0,366.0,18633.0,19247.0,0.9502,0.04569999999999996,0.442627226172676,,,,low,"single market; bedrooms gate relaxed: read the capacity columns only, the bedrooms columns on this row are contaminated by construction","05_size_mix.csv, 2Q26 window: na +1.97pp (7 cities), emea +1.56pp (3), apac +0.29pp (Sydney only), latam -0.06pp (Mexico City only)"
2Q26_market_capacity_only_relaxed_bed_gate,0.1402261754364541,0.3991411081290387,tasmania,3,1,tasmania,2026-06-15,2026-08-13,1869059.0,1919844.0,4005386.0,4104080.0,2.7171426905196583,2.4640321806687293,-0.253110509850929,2.1429960209923817,2.1377153560393447,4.641958868072115,4.611389779586258,-0.6585385470800897,2.248016602440825,2.2360267743170636,-0.5333514045556043,-0.3054911373588709,-0.1906028727621134,-0.005280664953037029,-0.006814146887669459,0.01746158221571248,-0.3454313673370901,-0.31977467539135995,-0.07402133569521796,-0.27161108179251103,-0.027119846756540333,1.0,0.0,371.0,19455.0,19889.0,0.9743,0.021499999999999964,-0.26366685079139973,,,,low,"single market; bedrooms gate relaxed: read the capacity columns only, the bedrooms columns on this row are contaminated by construction","05_size_mix.csv, 2Q26 window: na +1.97pp (7 cities), emea +1.56pp (3), apac +0.29pp (Sydney only), latam -0.06pp (Mexico City only)"
2Q26_market_capacity_only_relaxed_bed_gate,0.1402261754364541,0.3991411081290387,tokyo,3,1,tokyo,2026-06-30,2026-08-31,6519421.0,8416137.0,9861249.0,13038056.0,29.093319790208373,32.2150571393137,3.1217373491053273,1.5125958271447726,1.5491734509549928,4.6938774164147405,4.80874550877677,2.4471898639774725,1.625538919711323,1.8441589757471069,13.449081617474178,2.981521871416561,3.281187256118301,0.03657762381022023,0.02805627744550021,0.27421546040408873,1.64615769009393,1.595332422753848,0.5142316852042361,1.126135061584832,5.090384529024861,1.0,0.0,368.0,78539.0,105287.0,0.5646,0.43090000000000006,3.1142735521439313,,,,low,"single market; whole-home bedrooms coverage moves up to 43.1% within a pair; bedrooms gate relaxed: read the capacity columns only, the bedrooms columns on this row are contaminated by construction","05_size_mix.csv, 2Q26 window: na +1.97pp (7 cities), emea +1.56pp (3), apac +0.29pp (Sydney only), latam -0.06pp (Mexico City only)"
2Q26_market_capacity_only_relaxed_bed_gate,0.1402261754364541,0.3991411081290387,western-australia,2,1,western-australia,2026-06-28,2026-07-22,2309320.0,2262069.0,4831510.0,4783198.0,-2.046100150693708,-0.9999358378643519,1.0461643128293563,2.0921786499922055,2.1145234738639713,4.413065317929087,4.452574612003436,0.8952800656231608,2.315275070702937,2.3134577505358442,-0.07849262448720307,1.0297465080243429,1.0625821176343697,0.02234482387176584,0.01479376920336084,0.01585383772084148,0.9079097857559226,0.8929417345233892,0.31382431993127735,0.5922269137401459,0.8161045715722404,1.0,0.0,382.0,25256.0,24874.0,0.9845,0.013399999999999967,1.0461643128293563,,,,low,"single market; bedrooms gate relaxed: read the capacity columns only, the bedrooms columns on this row are contaminated by construction","05_size_mix.csv, 2Q26 window: na +1.97pp (7 cities), emea +1.56pp (3), apac +0.29pp (Sydney only), latam -0.06pp (Mexico City only)"
2Q26_settlement_capacity_only_relaxed_bed_gate,0.1402261754364541,0.3991411081290387,,26,9,barossa-valley|barwon-south-west-vic|belize|mid-north-coast|mornington-peninsula|northern-rivers|sunshine-coast|tasmania|western-australia,2026-06-15,2026-08-31,10077772.0,9899551.0,21715609.0,21397423.0,-1.7684563611877757,-1.465240970216397,0.3032153909713786,2.1548025694568205,2.16145388816119,4.743743954516931,4.737102723143706,-0.13999978575784944,2.3035784738784226,2.298006865990519,-0.24186750966305182,-0.46023163739992157,3.8057528060841395,0.006651318704369746,-0.00022522484951492672,0.023434447715394047,0.08431477368910922,0.1109466088380362,0.0933124073150049,-0.008989245544466229,0.3201339858826202,9.0,0.0,370.5,147053.0,148113.0,0.9361,0.05669999999999997,0.4237588823085843,,non_urban,,low,"whole-home bedrooms coverage moves up to 5.7% within a pair; bedrooms gate relaxed: read the capacity columns only, the bedrooms columns on this row are contaminated by construction","05_size_mix.csv, 2Q26 window: na +1.97pp (7 cities), emea +1.56pp (3), apac +0.29pp (Sydney only), latam -0.06pp (Mexico City only)"
2Q26_settlement_capacity_only_relaxed_bed_gate,0.1402261754364541,0.3991411081290387,,71,23,austin|bangkok|barcelona|brisbane|buenos-aires|chicago|hong-kong|london|los-angeles|melbourne|mexico-city|nashville|new-orleans|new-york-city|paris|rio-de-janeiro|rome|san-diego|santiago|singapore|sydney|taipei|tokyo,2026-04-14,2026-08-31,119565218.0,124191866.0,189730129.0,198577090.5,3.869560125754967,4.662918613205602,0.793358487450635,1.5868337981033915,1.5989540772340114,3.9152665618859155,3.9731759888364993,1.4790672878908673,1.75570732759957,1.7706102220301614,0.8488256668021554,-6.498080737905166,6.827620173092353,0.01212027913061986,0.014223215135729994,0.06352054295732223,0.7403924746098856,0.6904481875589452,0.1701025493031194,0.5693214949301639,1.469118264851188,10.0,0.0,362.0,1788658.0,1822691.0,0.5646,0.43090000000000006,0.8349961317080989,,urban,,low,"whole-home bedrooms coverage moves up to 43.1% within a pair; bedrooms gate relaxed: read the capacity columns only, the bedrooms columns on this row are contaminated by construction","05_size_mix.csv, 2Q26 window: na +1.97pp (7 cities), emea +1.56pp (3), apac +0.29pp (Sydney only), latam -0.06pp (Mexico City only)"
