vintage_date,quarter,horizon_q,spec_id,object,scenario,target,point,street,n_train,knowable_from,street_as_of,src,note,actual,print_date,err,rel_err,sd_pit,n_pit,sd_full,n_full,sigma_kind
2021-02-25,2021Q1,0,rw_hl4,street_plus_bias,base,adj_ebitda_musd,-402.92392,-402.92392,4,2021-02-25,2021-02-24,street_pit,b_pct=+0.0000 b_pt=+0.000 n_pool=0,-58.6,2021-05-13,-344.32392,-0.8545631145452968,,0.0,0.23570539215389635,19.0,relative
2021-02-25,2021Q1,0,rw_hl4,street_plus_bias,base,adj_ebitda_margin_pct,-68.0982955158405,-68.0982955158405,4,2021-02-25,2021-02-24,street_pit,b_pct=+0.0000 b_pt=+0.000 n_pool=0,-6.607015613302425,2021-05-13,-61.49127990253808,-0.9029782527851148,,0.0,15.220989958983703,22.0,additive
2021-02-25,2021Q1,0,rw_hl4,street_plus_flowthrough,base,adj_ebitda_musd,-402.92392,-402.92392,4,2021-02-25,2021-02-24,street_pit,a=+0.0 m=0.450 rev=592 leg=street_revenue,-58.6,2021-05-13,-344.32392,-0.8545631145452968,,0.0,0.5140043988693758,20.0,relative
2021-02-25,2021Q1,0,rw_hl4,street_plus_flowthrough,base,adj_ebitda_margin_pct,-68.0982955158405,-68.0982955158405,4,2021-02-25,2021-02-24,street_pit,a=+0.0 m=0.450 rev=592 leg=street_revenue,-6.607015613302425,2021-05-13,-61.49127990253808,-0.9029782527851148,,0.0,15.262020767286137,22.0,additive
2021-02-25,2021Q1,0,rw_hl4,dispersion_conditioned,base,adj_ebitda_musd,-402.92392,-402.92392,4,2021-02-25,2021-02-24,street_pit,disp=nan ref=nan ratio=1.000 b_pt=+0.000,-58.6,2021-05-13,-344.32392,-0.8545631145452968,,0.0,0.22188998417289885,19.0,relative
2021-02-25,2021Q1,0,rw_hl4,dispersion_conditioned,base,adj_ebitda_margin_pct,-68.0982955158405,-68.0982955158405,4,2021-02-25,2021-02-24,street_pit,disp=nan ref=nan ratio=1.000 b_pt=+0.000,-6.607015613302425,2021-05-13,-61.49127990253808,-0.9029782527851148,,0.0,14.976589546148091,22.0,additive
2021-02-25,2021Q2,1,rw_hl4,street_plus_bias,base,adj_ebitda_musd,-173.59175,-173.59175,4,2021-02-25,2021-02-24,street_pit,b_pct=+0.0000 b_pt=+0.000 n_pool=0,218.0,2021-08-12,-391.59175,-2.25582004905187,,0.0,0.3811844585242143,19.0,relative
2021-02-25,2021Q2,1,rw_hl4,street_plus_bias,base,adj_ebitda_margin_pct,-18.8233712629278,-18.8233712629278,4,2021-02-25,2021-02-24,street_pit,b_pct=+0.0000 b_pt=+0.000 n_pool=0,16.327190914292736,2021-08-12,-35.150562177220536,-1.867389304829192,,0.0,10.303899784449964,21.0,additive
2021-02-25,2021Q2,1,rw_hl4,street_plus_flowthrough,base,adj_ebitda_musd,-173.59175,-173.59175,4,2021-02-25,2021-02-24,street_pit,a=+0.0 m=0.450 rev=922 leg=street_revenue,218.0,2021-08-12,-391.59175,-2.25582004905187,,0.0,0.7198174120948829,19.0,relative
2021-02-25,2021Q2,1,rw_hl4,street_plus_flowthrough,base,adj_ebitda_margin_pct,-18.8233712629278,-18.8233712629278,4,2021-02-25,2021-02-24,street_pit,a=+0.0 m=0.450 rev=922 leg=street_revenue,16.327190914292736,2021-08-12,-35.150562177220536,-1.867389304829192,,0.0,11.676447810810814,21.0,additive
2021-02-25,2021Q2,1,rw_hl4,dispersion_conditioned,base,adj_ebitda_musd,-173.59175,-173.59175,4,2021-02-25,2021-02-24,street_pit,disp=nan ref=nan ratio=1.000 b_pt=+0.000,218.0,2021-08-12,-391.59175,-2.25582004905187,,0.0,0.36503866345604363,19.0,relative
2021-02-25,2021Q2,1,rw_hl4,dispersion_conditioned,base,adj_ebitda_margin_pct,-18.8233712629278,-18.8233712629278,4,2021-02-25,2021-02-24,street_pit,disp=nan ref=nan ratio=1.000 b_pt=+0.000,16.327190914292736,2021-08-12,-35.150562177220536,-1.867389304829192,,0.0,9.86876920344579,21.0,additive
2021-02-25,2021Q1,0,ew,street_plus_bias,base,adj_ebitda_musd,-402.92392,-402.92392,4,2021-02-25,2021-02-24,street_pit,b_pct=+0.0000 b_pt=+0.000 n_pool=0,-58.6,2021-05-13,-344.32392,-0.8545631145452968,,0.0,0.2455364695753904,19.0,relative
2021-02-25,2021Q1,0,ew,street_plus_bias,base,adj_ebitda_margin_pct,-68.0982955158405,-68.0982955158405,4,2021-02-25,2021-02-24,street_pit,b_pct=+0.0000 b_pt=+0.000 n_pool=0,-6.607015613302425,2021-05-13,-61.49127990253808,-0.9029782527851148,,0.0,15.658207148820274,22.0,additive
2021-02-25,2021Q1,0,ew,street_plus_flowthrough,base,adj_ebitda_musd,-402.92392,-402.92392,4,2021-02-25,2021-02-24,street_pit,a=+0.0 m=0.450 rev=592 leg=street_revenue,-58.6,2021-05-13,-344.32392,-0.8545631145452968,,0.0,0.5183593727308915,20.0,relative
2021-02-25,2021Q1,0,ew,street_plus_flowthrough,base,adj_ebitda_margin_pct,-68.0982955158405,-68.0982955158405,4,2021-02-25,2021-02-24,street_pit,a=+0.0 m=0.450 rev=592 leg=street_revenue,-6.607015613302425,2021-05-13,-61.49127990253808,-0.9029782527851148,,0.0,15.418066081704948,22.0,additive
2021-02-25,2021Q1,0,ew,dispersion_conditioned,base,adj_ebitda_musd,-402.92392,-402.92392,4,2021-02-25,2021-02-24,street_pit,disp=nan ref=nan ratio=1.000 b_pt=+0.000,-58.6,2021-05-13,-344.32392,-0.8545631145452968,,0.0,0.22830934785698273,19.0,relative
2021-02-25,2021Q1,0,ew,dispersion_conditioned,base,adj_ebitda_margin_pct,-68.0982955158405,-68.0982955158405,4,2021-02-25,2021-02-24,street_pit,disp=nan ref=nan ratio=1.000 b_pt=+0.000,-6.607015613302425,2021-05-13,-61.49127990253808,-0.9029782527851148,,0.0,15.248294600771452,22.0,additive
2021-02-25,2021Q2,1,ew,street_plus_bias,base,adj_ebitda_musd,-173.59175,-173.59175,4,2021-02-25,2021-02-24,street_pit,b_pct=+0.0000 b_pt=+0.000 n_pool=0,218.0,2021-08-12,-391.59175,-2.25582004905187,,0.0,0.3978399981745689,19.0,relative
2021-02-25,2021Q2,1,ew,street_plus_bias,base,adj_ebitda_margin_pct,-18.8233712629278,-18.8233712629278,4,2021-02-25,2021-02-24,street_pit,b_pct=+0.0000 b_pt=+0.000 n_pool=0,16.327190914292736,2021-08-12,-35.150562177220536,-1.867389304829192,,0.0,10.896285308117045,21.0,additive
2021-02-25,2021Q2,1,ew,street_plus_flowthrough,base,adj_ebitda_musd,-173.59175,-173.59175,4,2021-02-25,2021-02-24,street_pit,a=+0.0 m=0.450 rev=922 leg=street_revenue,218.0,2021-08-12,-391.59175,-2.25582004905187,,0.0,0.7225162946030868,19.0,relative
2021-02-25,2021Q2,1,ew,street_plus_flowthrough,base,adj_ebitda_margin_pct,-18.8233712629278,-18.8233712629278,4,2021-02-25,2021-02-24,street_pit,a=+0.0 m=0.450 rev=922 leg=street_revenue,16.327190914292736,2021-08-12,-35.150562177220536,-1.867389304829192,,0.0,11.81846646023149,21.0,additive
2021-02-25,2021Q2,1,ew,dispersion_conditioned,base,adj_ebitda_musd,-173.59175,-173.59175,4,2021-02-25,2021-02-24,street_pit,disp=nan ref=nan ratio=1.000 b_pt=+0.000,218.0,2021-08-12,-391.59175,-2.25582004905187,,0.0,0.37308322339868777,19.0,relative
2021-02-25,2021Q2,1,ew,dispersion_conditioned,base,adj_ebitda_margin_pct,-18.8233712629278,-18.8233712629278,4,2021-02-25,2021-02-24,street_pit,disp=nan ref=nan ratio=1.000 b_pt=+0.000,16.327190914292736,2021-08-12,-35.150562177220536,-1.867389304829192,,0.0,10.139790846595657,21.0,additive
2021-02-25,2021Q1,0,rw_hl4_usd,street_plus_bias,base,adj_ebitda_musd,-402.92392,-402.92392,4,2021-02-25,2021-02-24,street_pit,b_pct=+0.0000 b_pt=+0.000 n_pool=0,-58.6,2021-05-13,-344.32392,-0.8545631145452968,,0.0,0.2229615811244351,19.0,relative
2021-02-25,2021Q1,0,rw_hl4_usd,street_plus_bias,base,adj_ebitda_margin_pct,-68.0982955158405,-68.0982955158405,4,2021-02-25,2021-02-24,street_pit,b_pct=+0.0000 b_pt=+0.000 n_pool=0,-6.607015613302425,2021-05-13,-61.49127990253808,-0.9029782527851148,,0.0,15.220989958983703,22.0,additive
2021-02-25,2021Q1,0,rw_hl4_usd,street_plus_flowthrough,base,adj_ebitda_musd,-402.92392,-402.92392,4,2021-02-25,2021-02-24,street_pit,a=+0.0 m=0.450 rev=592 leg=street_revenue,-58.6,2021-05-13,-344.32392,-0.8545631145452968,,0.0,0.5140043988693758,20.0,relative
2021-02-25,2021Q1,0,rw_hl4_usd,street_plus_flowthrough,base,adj_ebitda_margin_pct,-68.0982955158405,-68.0982955158405,4,2021-02-25,2021-02-24,street_pit,a=+0.0 m=0.450 rev=592 leg=street_revenue,-6.607015613302425,2021-05-13,-61.49127990253808,-0.9029782527851148,,0.0,15.262020767286137,22.0,additive
2021-02-25,2021Q1,0,rw_hl4_usd,dispersion_conditioned,base,adj_ebitda_musd,-402.92392,-402.92392,4,2021-02-25,2021-02-24,street_pit,disp=nan ref=nan ratio=1.000 b_pt=+0.000,-58.6,2021-05-13,-344.32392,-0.8545631145452968,,0.0,0.22451747317596615,19.0,relative
2021-02-25,2021Q1,0,rw_hl4_usd,dispersion_conditioned,base,adj_ebitda_margin_pct,-68.0982955158405,-68.0982955158405,4,2021-02-25,2021-02-24,street_pit,disp=nan ref=nan ratio=1.000 b_pt=+0.000,-6.607015613302425,2021-05-13,-61.49127990253808,-0.9029782527851148,,0.0,14.976589546148091,22.0,additive
2021-02-25,2021Q2,1,rw_hl4_usd,street_plus_bias,base,adj_ebitda_musd,-173.59175,-173.59175,4,2021-02-25,2021-02-24,street_pit,b_pct=+0.0000 b_pt=+0.000 n_pool=0,218.0,2021-08-12,-391.59175,-2.25582004905187,,0.0,0.3794593086484654,19.0,relative
2021-02-25,2021Q2,1,rw_hl4_usd,street_plus_bias,base,adj_ebitda_margin_pct,-18.8233712629278,-18.8233712629278,4,2021-02-25,2021-02-24,street_pit,b_pct=+0.0000 b_pt=+0.000 n_pool=0,16.327190914292736,2021-08-12,-35.150562177220536,-1.867389304829192,,0.0,10.303899784449964,21.0,additive
2021-02-25,2021Q2,1,rw_hl4_usd,street_plus_flowthrough,base,adj_ebitda_musd,-173.59175,-173.59175,4,2021-02-25,2021-02-24,street_pit,a=+0.0 m=0.450 rev=922 leg=street_revenue,218.0,2021-08-12,-391.59175,-2.25582004905187,,0.0,0.7198174120948829,19.0,relative
2021-02-25,2021Q2,1,rw_hl4_usd,street_plus_flowthrough,base,adj_ebitda_margin_pct,-18.8233712629278,-18.8233712629278,4,2021-02-25,2021-02-24,street_pit,a=+0.0 m=0.450 rev=922 leg=street_revenue,16.327190914292736,2021-08-12,-35.150562177220536,-1.867389304829192,,0.0,11.676447810810814,21.0,additive
2021-02-25,2021Q2,1,rw_hl4_usd,dispersion_conditioned,base,adj_ebitda_musd,-173.59175,-173.59175,4,2021-02-25,2021-02-24,street_pit,disp=nan ref=nan ratio=1.000 b_pt=+0.000,218.0,2021-08-12,-391.59175,-2.25582004905187,,0.0,0.3708627173516807,19.0,relative
2021-02-25,2021Q2,1,rw_hl4_usd,dispersion_conditioned,base,adj_ebitda_margin_pct,-18.8233712629278,-18.8233712629278,4,2021-02-25,2021-02-24,street_pit,disp=nan ref=nan ratio=1.000 b_pt=+0.000,16.327190914292736,2021-08-12,-35.150562177220536,-1.867389304829192,,0.0,9.86876920344579,21.0,additive
2021-02-25,2021Q1,0,ew_usd,street_plus_bias,base,adj_ebitda_musd,-402.92392,-402.92392,4,2021-02-25,2021-02-24,street_pit,b_pct=+0.0000 b_pt=+0.000 n_pool=0,-58.6,2021-05-13,-344.32392,-0.8545631145452968,,0.0,0.23423363284309917,19.0,relative
2021-02-25,2021Q1,0,ew_usd,street_plus_bias,base,adj_ebitda_margin_pct,-68.0982955158405,-68.0982955158405,4,2021-02-25,2021-02-24,street_pit,b_pct=+0.0000 b_pt=+0.000 n_pool=0,-6.607015613302425,2021-05-13,-61.49127990253808,-0.9029782527851148,,0.0,15.658207148820274,22.0,additive
2021-02-25,2021Q1,0,ew_usd,street_plus_flowthrough,base,adj_ebitda_musd,-402.92392,-402.92392,4,2021-02-25,2021-02-24,street_pit,a=+0.0 m=0.450 rev=592 leg=street_revenue,-58.6,2021-05-13,-344.32392,-0.8545631145452968,,0.0,0.5183593727308915,20.0,relative
2021-02-25,2021Q1,0,ew_usd,street_plus_flowthrough,base,adj_ebitda_margin_pct,-68.0982955158405,-68.0982955158405,4,2021-02-25,2021-02-24,street_pit,a=+0.0 m=0.450 rev=592 leg=street_revenue,-6.607015613302425,2021-05-13,-61.49127990253808,-0.9029782527851148,,0.0,15.418066081704948,22.0,additive
2021-02-25,2021Q1,0,ew_usd,dispersion_conditioned,base,adj_ebitda_musd,-402.92392,-402.92392,4,2021-02-25,2021-02-24,street_pit,disp=nan ref=nan ratio=1.000 b_pt=+0.000,-58.6,2021-05-13,-344.32392,-0.8545631145452968,,0.0,0.23431722937619492,19.0,relative
2021-02-25,2021Q1,0,ew_usd,dispersion_conditioned,base,adj_ebitda_margin_pct,-68.0982955158405,-68.0982955158405,4,2021-02-25,2021-02-24,street_pit,disp=nan ref=nan ratio=1.000 b_pt=+0.000,-6.607015613302425,2021-05-13,-61.49127990253808,-0.9029782527851148,,0.0,15.248294600771452,22.0,additive
2021-02-25,2021Q2,1,ew_usd,street_plus_bias,base,adj_ebitda_musd,-173.59175,-173.59175,4,2021-02-25,2021-02-24,street_pit,b_pct=+0.0000 b_pt=+0.000 n_pool=0,218.0,2021-08-12,-391.59175,-2.25582004905187,,0.0,0.3930112037728623,19.0,relative
2021-02-25,2021Q2,1,ew_usd,street_plus_bias,base,adj_ebitda_margin_pct,-18.8233712629278,-18.8233712629278,4,2021-02-25,2021-02-24,street_pit,b_pct=+0.0000 b_pt=+0.000 n_pool=0,16.327190914292736,2021-08-12,-35.150562177220536,-1.867389304829192,,0.0,10.896285308117045,21.0,additive
2021-02-25,2021Q2,1,ew_usd,street_plus_flowthrough,base,adj_ebitda_musd,-173.59175,-173.59175,4,2021-02-25,2021-02-24,street_pit,a=+0.0 m=0.450 rev=922 leg=street_revenue,218.0,2021-08-12,-391.59175,-2.25582004905187,,0.0,0.7225162946030868,19.0,relative
2021-02-25,2021Q2,1,ew_usd,street_plus_flowthrough,base,adj_ebitda_margin_pct,-18.8233712629278,-18.8233712629278,4,2021-02-25,2021-02-24,street_pit,a=+0.0 m=0.450 rev=922 leg=street_revenue,16.327190914292736,2021-08-12,-35.150562177220536,-1.867389304829192,,0.0,11.81846646023149,21.0,additive
2021-02-25,2021Q2,1,ew_usd,dispersion_conditioned,base,adj_ebitda_musd,-173.59175,-173.59175,4,2021-02-25,2021-02-24,street_pit,disp=nan ref=nan ratio=1.000 b_pt=+0.000,218.0,2021-08-12,-391.59175,-2.25582004905187,,0.0,0.3764315108334057,19.0,relative
2021-02-25,2021Q2,1,ew_usd,dispersion_conditioned,base,adj_ebitda_margin_pct,-18.8233712629278,-18.8233712629278,4,2021-02-25,2021-02-24,street_pit,disp=nan ref=nan ratio=1.000 b_pt=+0.000,16.327190914292736,2021-08-12,-35.150562177220536,-1.867389304829192,,0.0,10.139790846595657,21.0,additive
2021-02-25,2021Q1,0,rw_hl4_med,street_plus_bias,base,adj_ebitda_musd,-402.92392,-402.92392,4,2021-02-25,2021-02-24,street_pit,b_pct=+0.0000 b_pt=+0.000 n_pool=0,-58.6,2021-05-13,-344.32392,-0.8545631145452968,,0.0,0.23280684039067323,19.0,relative
2021-02-25,2021Q1,0,rw_hl4_med,street_plus_bias,base,adj_ebitda_margin_pct,-68.0982955158405,-68.0982955158405,4,2021-02-25,2021-02-24,street_pit,b_pct=+0.0000 b_pt=+0.000 n_pool=0,-6.607015613302425,2021-05-13,-61.49127990253808,-0.9029782527851148,,0.0,15.094928975007344,22.0,additive
2021-02-25,2021Q1,0,rw_hl4_med,street_plus_flowthrough,base,adj_ebitda_musd,-402.92392,-402.92392,4,2021-02-25,2021-02-24,street_pit,a=+0.0 m=0.450 rev=592 leg=street_revenue,-58.6,2021-05-13,-344.32392,-0.8545631145452968,,0.0,0.5143603690395466,20.0,relative
2021-02-25,2021Q1,0,rw_hl4_med,street_plus_flowthrough,base,adj_ebitda_margin_pct,-68.0982955158405,-68.0982955158405,4,2021-02-25,2021-02-24,street_pit,a=+0.0 m=0.450 rev=592 leg=street_revenue,-6.607015613302425,2021-05-13,-61.49127990253808,-0.9029782527851148,,0.0,15.29649982708439,22.0,additive
2021-02-25,2021Q1,0,rw_hl4_med,dispersion_conditioned,base,adj_ebitda_musd,-402.92392,-402.92392,4,2021-02-25,2021-02-24,street_pit,disp=nan ref=nan ratio=1.000 b_pt=+0.000,-58.6,2021-05-13,-344.32392,-0.8545631145452968,,0.0,0.2183712414699615,19.0,relative
2021-02-25,2021Q1,0,rw_hl4_med,dispersion_conditioned,base,adj_ebitda_margin_pct,-68.0982955158405,-68.0982955158405,4,2021-02-25,2021-02-24,street_pit,disp=nan ref=nan ratio=1.000 b_pt=+0.000,-6.607015613302425,2021-05-13,-61.49127990253808,-0.9029782527851148,,0.0,14.861826872107399,22.0,additive
2021-02-25,2021Q2,1,rw_hl4_med,street_plus_bias,base,adj_ebitda_musd,-173.59175,-173.59175,4,2021-02-25,2021-02-24,street_pit,b_pct=+0.0000 b_pt=+0.000 n_pool=0,218.0,2021-08-12,-391.59175,-2.25582004905187,,0.0,0.37136955885379275,19.0,relative
2021-02-25,2021Q2,1,rw_hl4_med,street_plus_bias,base,adj_ebitda_margin_pct,-18.8233712629278,-18.8233712629278,4,2021-02-25,2021-02-24,street_pit,b_pct=+0.0000 b_pt=+0.000 n_pool=0,16.327190914292736,2021-08-12,-35.150562177220536,-1.867389304829192,,0.0,10.095755219235308,21.0,additive
2021-02-25,2021Q2,1,rw_hl4_med,street_plus_flowthrough,base,adj_ebitda_musd,-173.59175,-173.59175,4,2021-02-25,2021-02-24,street_pit,a=+0.0 m=0.450 rev=922 leg=street_revenue,218.0,2021-08-12,-391.59175,-2.25582004905187,,0.0,0.7218660162396997,19.0,relative
2021-02-25,2021Q2,1,rw_hl4_med,street_plus_flowthrough,base,adj_ebitda_margin_pct,-18.8233712629278,-18.8233712629278,4,2021-02-25,2021-02-24,street_pit,a=+0.0 m=0.450 rev=922 leg=street_revenue,16.327190914292736,2021-08-12,-35.150562177220536,-1.867389304829192,,0.0,11.750614977883718,21.0,additive
2021-02-25,2021Q2,1,rw_hl4_med,dispersion_conditioned,base,adj_ebitda_musd,-173.59175,-173.59175,4,2021-02-25,2021-02-24,street_pit,disp=nan ref=nan ratio=1.000 b_pt=+0.000,218.0,2021-08-12,-391.59175,-2.25582004905187,,0.0,0.35783625823083315,19.0,relative
2021-02-25,2021Q2,1,rw_hl4_med,dispersion_conditioned,base,adj_ebitda_margin_pct,-18.8233712629278,-18.8233712629278,4,2021-02-25,2021-02-24,street_pit,disp=nan ref=nan ratio=1.000 b_pt=+0.000,16.327190914292736,2021-08-12,-35.150562177220536,-1.867389304829192,,0.0,9.761955651586398,21.0,additive
2021-02-25,2021Q1,0,rw_hl4_from21,street_plus_bias,base,adj_ebitda_musd,-402.92392,-402.92392,4,2021-02-25,2021-02-24,street_pit,b_pct=+0.0000 b_pt=+0.000 n_pool=0,-58.6,2021-05-13,-344.32392,-0.8545631145452968,,0.0,0.20683945094981224,19.0,relative
2021-02-25,2021Q1,0,rw_hl4_from21,street_plus_bias,base,adj_ebitda_margin_pct,-68.0982955158405,-68.0982955158405,4,2021-02-25,2021-02-24,street_pit,b_pct=+0.0000 b_pt=+0.000 n_pool=0,-6.607015613302425,2021-05-13,-61.49127990253808,-0.9029782527851148,,0.0,14.672910051937183,22.0,additive
2021-02-25,2021Q1,0,rw_hl4_from21,street_plus_flowthrough,base,adj_ebitda_musd,-402.92392,-402.92392,4,2021-02-25,2021-02-24,street_pit,a=+0.0 m=0.450 rev=592 leg=street_revenue,-58.6,2021-05-13,-344.32392,-0.8545631145452968,,0.0,0.29085055598509846,20.0,relative
2021-02-25,2021Q1,0,rw_hl4_from21,street_plus_flowthrough,base,adj_ebitda_margin_pct,-68.0982955158405,-68.0982955158405,4,2021-02-25,2021-02-24,street_pit,a=+0.0 m=0.450 rev=592 leg=street_revenue,-6.607015613302425,2021-05-13,-61.49127990253808,-0.9029782527851148,,0.0,14.534570388944056,22.0,additive
2021-02-25,2021Q1,0,rw_hl4_from21,dispersion_conditioned,base,adj_ebitda_musd,-402.92392,-402.92392,4,2021-02-25,2021-02-24,street_pit,disp=nan ref=nan ratio=1.000 b_pt=+0.000,-58.6,2021-05-13,-344.32392,-0.8545631145452968,,0.0,0.19454854597474963,19.0,relative
2021-02-25,2021Q1,0,rw_hl4_from21,dispersion_conditioned,base,adj_ebitda_margin_pct,-68.0982955158405,-68.0982955158405,4,2021-02-25,2021-02-24,street_pit,disp=nan ref=nan ratio=1.000 b_pt=+0.000,-6.607015613302425,2021-05-13,-61.49127990253808,-0.9029782527851148,,0.0,14.338052835807394,22.0,additive
2021-02-25,2021Q2,1,rw_hl4_from21,street_plus_bias,base,adj_ebitda_musd,-173.59175,-173.59175,4,2021-02-25,2021-02-24,street_pit,b_pct=+0.0000 b_pt=+0.000 n_pool=0,218.0,2021-08-12,-391.59175,-2.25582004905187,,0.0,0.3578010182792309,19.0,relative
2021-02-25,2021Q2,1,rw_hl4_from21,street_plus_bias,base,adj_ebitda_margin_pct,-18.8233712629278,-18.8233712629278,4,2021-02-25,2021-02-24,street_pit,b_pct=+0.0000 b_pt=+0.000 n_pool=0,16.327190914292736,2021-08-12,-35.150562177220536,-1.867389304829192,,0.0,10.148821596975424,21.0,additive
2021-02-25,2021Q2,1,rw_hl4_from21,street_plus_flowthrough,base,adj_ebitda_musd,-173.59175,-173.59175,4,2021-02-25,2021-02-24,street_pit,a=+0.0 m=0.450 rev=922 leg=street_revenue,218.0,2021-08-12,-391.59175,-2.25582004905187,,0.0,0.9209919578872752,20.0,relative
2021-02-25,2021Q2,1,rw_hl4_from21,street_plus_flowthrough,base,adj_ebitda_margin_pct,-18.8233712629278,-18.8233712629278,4,2021-02-25,2021-02-24,street_pit,a=+0.0 m=0.450 rev=922 leg=street_revenue,16.327190914292736,2021-08-12,-35.150562177220536,-1.867389304829192,,0.0,10.999744686062382,21.0,additive
2021-02-25,2021Q2,1,rw_hl4_from21,dispersion_conditioned,base,adj_ebitda_musd,-173.59175,-173.59175,4,2021-02-25,2021-02-24,street_pit,disp=nan ref=nan ratio=1.000 b_pt=+0.000,218.0,2021-08-12,-391.59175,-2.25582004905187,,0.0,0.3398177001035712,19.0,relative
2021-02-25,2021Q2,1,rw_hl4_from21,dispersion_conditioned,base,adj_ebitda_margin_pct,-18.8233712629278,-18.8233712629278,4,2021-02-25,2021-02-24,street_pit,disp=nan ref=nan ratio=1.000 b_pt=+0.000,16.327190914292736,2021-08-12,-35.150562177220536,-1.867389304829192,,0.0,9.60153740883803,21.0,additive
2021-05-13,2021Q2,0,rw_hl4,street_plus_bias,base,adj_ebitda_musd,-163.52311,-163.52311,5,2021-05-13,2021-05-12,street_pit,b_pct=+0.0000 b_pt=+0.000 n_pool=0,218.0,2021-08-12,-381.52311,-2.3331448992133286,,0.0,0.23570539215389635,19.0,relative
2021-05-13,2021Q2,0,rw_hl4,street_plus_bias,base,adj_ebitda_margin_pct,-16.499412668605842,-16.499412668605842,5,2021-05-13,2021-05-12,street_pit,b_pct=+0.0000 b_pt=+0.000 n_pool=0,16.327190914292736,2021-08-12,-32.82660358289858,-1.9895619463691092,,1.0,15.220989958983703,22.0,additive
2021-05-13,2021Q2,0,rw_hl4,street_plus_flowthrough,base,adj_ebitda_musd,-163.52311,-163.52311,5,2021-05-13,2021-05-12,street_pit,a=+0.0 m=0.450 rev=991 leg=street_revenue,218.0,2021-08-12,-381.52311,-2.3331448992133286,,0.0,0.5140043988693758,20.0,relative
2021-05-13,2021Q2,0,rw_hl4,street_plus_flowthrough,base,adj_ebitda_margin_pct,-16.499412668605842,-16.499412668605842,5,2021-05-13,2021-05-12,street_pit,a=+0.0 m=0.450 rev=991 leg=street_revenue,16.327190914292736,2021-08-12,-32.82660358289858,-1.9895619463691092,,1.0,15.262020767286137,22.0,additive
2021-05-13,2021Q2,0,rw_hl4,dispersion_conditioned,base,adj_ebitda_musd,-163.52311,-163.52311,5,2021-05-13,2021-05-12,street_pit,disp=nan ref=nan ratio=1.000 b_pt=+0.000,218.0,2021-08-12,-381.52311,-2.3331448992133286,,0.0,0.22188998417289885,19.0,relative
2021-05-13,2021Q2,0,rw_hl4,dispersion_conditioned,base,adj_ebitda_margin_pct,-16.499412668605842,-16.499412668605842,5,2021-05-13,2021-05-12,street_pit,disp=nan ref=nan ratio=1.000 b_pt=+0.000,16.327190914292736,2021-08-12,-32.82660358289858,-1.9895619463691092,,1.0,14.976589546148091,22.0,additive
2021-05-13,2021Q3,1,rw_hl4,street_plus_bias,base,adj_ebitda_musd,483.25277,483.25277,5,2021-05-13,2021-05-12,street_pit,b_pct=+0.0000 b_pt=+0.000 n_pool=0,1101.0,2021-11-04,-617.74723,1.278310789610166,,0.0,0.3811844585242143,19.0,relative
2021-05-13,2021Q3,1,rw_hl4,street_plus_bias,base,adj_ebitda_margin_pct,27.87191374972252,27.87191374972252,5,2021-05-13,2021-05-12,street_pit,b_pct=+0.0000 b_pt=+0.000 n_pool=0,49.20819940002647,2021-11-04,-21.336285650303953,0.7655120434819933,,0.0,10.303899784449964,21.0,additive
2021-05-13,2021Q3,1,rw_hl4,street_plus_flowthrough,base,adj_ebitda_musd,307.06238449999995,483.25277,5,2021-05-13,2021-05-12,street_pit,a=+0.0 m=0.450 rev=1342 leg=naive,1101.0,2021-11-04,-793.9376155,2.5855906017039354,,0.0,0.7198174120948829,19.0,relative
2021-05-13,2021Q3,1,rw_hl4,street_plus_flowthrough,base,adj_ebitda_margin_pct,22.875838821425905,27.87191374972252,5,2021-05-13,2021-05-12,street_pit,a=+0.0 m=0.450 rev=1342 leg=naive,49.20819940002647,2021-11-04,-26.332360578600568,1.1510992354928304,,0.0,11.676447810810814,21.0,additive
2021-05-13,2021Q3,1,rw_hl4,dispersion_conditioned,base,adj_ebitda_musd,483.25277,483.25277,5,2021-05-13,2021-05-12,street_pit,disp=nan ref=nan ratio=1.000 b_pt=+0.000,1101.0,2021-11-04,-617.74723,1.278310789610166,,0.0,0.36503866345604363,19.0,relative
2021-05-13,2021Q3,1,rw_hl4,dispersion_conditioned,base,adj_ebitda_margin_pct,27.87191374972252,27.87191374972252,5,2021-05-13,2021-05-12,street_pit,disp=nan ref=nan ratio=1.000 b_pt=+0.000,49.20819940002647,2021-11-04,-21.336285650303953,0.7655120434819933,,0.0,9.86876920344579,21.0,additive
2021-05-13,2021Q2,0,ew,street_plus_bias,base,adj_ebitda_musd,-163.52311,-163.52311,5,2021-05-13,2021-05-12,street_pit,b_pct=+0.0000 b_pt=+0.000 n_pool=0,218.0,2021-08-12,-381.52311,-2.3331448992133286,,0.0,0.2455364695753904,19.0,relative
2021-05-13,2021Q2,0,ew,street_plus_bias,base,adj_ebitda_margin_pct,-16.499412668605842,-16.499412668605842,5,2021-05-13,2021-05-12,street_pit,b_pct=+0.0000 b_pt=+0.000 n_pool=0,16.327190914292736,2021-08-12,-32.82660358289858,-1.9895619463691092,,1.0,15.658207148820274,22.0,additive
2021-05-13,2021Q2,0,ew,street_plus_flowthrough,base,adj_ebitda_musd,-163.52311,-163.52311,5,2021-05-13,2021-05-12,street_pit,a=+0.0 m=0.450 rev=991 leg=street_revenue,218.0,2021-08-12,-381.52311,-2.3331448992133286,,0.0,0.5183593727308915,20.0,relative
2021-05-13,2021Q2,0,ew,street_plus_flowthrough,base,adj_ebitda_margin_pct,-16.499412668605842,-16.499412668605842,5,2021-05-13,2021-05-12,street_pit,a=+0.0 m=0.450 rev=991 leg=street_revenue,16.327190914292736,2021-08-12,-32.82660358289858,-1.9895619463691092,,1.0,15.418066081704948,22.0,additive
2021-05-13,2021Q2,0,ew,dispersion_conditioned,base,adj_ebitda_musd,-163.52311,-163.52311,5,2021-05-13,2021-05-12,street_pit,disp=nan ref=nan ratio=1.000 b_pt=+0.000,218.0,2021-08-12,-381.52311,-2.3331448992133286,,0.0,0.22830934785698273,19.0,relative
2021-05-13,2021Q2,0,ew,dispersion_conditioned,base,adj_ebitda_margin_pct,-16.499412668605842,-16.499412668605842,5,2021-05-13,2021-05-12,street_pit,disp=nan ref=nan ratio=1.000 b_pt=+0.000,16.327190914292736,2021-08-12,-32.82660358289858,-1.9895619463691092,,1.0,15.248294600771452,22.0,additive
2021-05-13,2021Q3,1,ew,street_plus_bias,base,adj_ebitda_musd,483.25277,483.25277,5,2021-05-13,2021-05-12,street_pit,b_pct=+0.0000 b_pt=+0.000 n_pool=0,1101.0,2021-11-04,-617.74723,1.278310789610166,,0.0,0.3978399981745689,19.0,relative
2021-05-13,2021Q3,1,ew,street_plus_bias,base,adj_ebitda_margin_pct,27.87191374972252,27.87191374972252,5,2021-05-13,2021-05-12,street_pit,b_pct=+0.0000 b_pt=+0.000 n_pool=0,49.20819940002647,2021-11-04,-21.336285650303953,0.7655120434819933,,0.0,10.896285308117045,21.0,additive
2021-05-13,2021Q3,1,ew,street_plus_flowthrough,base,adj_ebitda_musd,307.06238449999995,483.25277,5,2021-05-13,2021-05-12,street_pit,a=+0.0 m=0.450 rev=1342 leg=naive,1101.0,2021-11-04,-793.9376155,2.5855906017039354,,0.0,0.7225162946030868,19.0,relative
2021-05-13,2021Q3,1,ew,street_plus_flowthrough,base,adj_ebitda_margin_pct,22.875838821425905,27.87191374972252,5,2021-05-13,2021-05-12,street_pit,a=+0.0 m=0.450 rev=1342 leg=naive,49.20819940002647,2021-11-04,-26.332360578600568,1.1510992354928304,,0.0,11.81846646023149,21.0,additive
2021-05-13,2021Q3,1,ew,dispersion_conditioned,base,adj_ebitda_musd,483.25277,483.25277,5,2021-05-13,2021-05-12,street_pit,disp=nan ref=nan ratio=1.000 b_pt=+0.000,1101.0,2021-11-04,-617.74723,1.278310789610166,,0.0,0.37308322339868777,19.0,relative
2021-05-13,2021Q3,1,ew,dispersion_conditioned,base,adj_ebitda_margin_pct,27.87191374972252,27.87191374972252,5,2021-05-13,2021-05-12,street_pit,disp=nan ref=nan ratio=1.000 b_pt=+0.000,49.20819940002647,2021-11-04,-21.336285650303953,0.7655120434819933,,0.0,10.139790846595657,21.0,additive
2021-05-13,2021Q2,0,rw_hl4_usd,street_plus_bias,base,adj_ebitda_musd,-163.52311,-163.52311,5,2021-05-13,2021-05-12,street_pit,b_pct=+0.0000 b_pt=+0.000 n_pool=0,218.0,2021-08-12,-381.52311,-2.3331448992133286,,0.0,0.2229615811244351,19.0,relative
2021-05-13,2021Q2,0,rw_hl4_usd,street_plus_bias,base,adj_ebitda_margin_pct,-16.499412668605842,-16.499412668605842,5,2021-05-13,2021-05-12,street_pit,b_pct=+0.0000 b_pt=+0.000 n_pool=0,16.327190914292736,2021-08-12,-32.82660358289858,-1.9895619463691092,,1.0,15.220989958983703,22.0,additive
2021-05-13,2021Q2,0,rw_hl4_usd,street_plus_flowthrough,base,adj_ebitda_musd,-163.52311,-163.52311,5,2021-05-13,2021-05-12,street_pit,a=+0.0 m=0.450 rev=991 leg=street_revenue,218.0,2021-08-12,-381.52311,-2.3331448992133286,,0.0,0.5140043988693758,20.0,relative
2021-05-13,2021Q2,0,rw_hl4_usd,street_plus_flowthrough,base,adj_ebitda_margin_pct,-16.499412668605842,-16.499412668605842,5,2021-05-13,2021-05-12,street_pit,a=+0.0 m=0.450 rev=991 leg=street_revenue,16.327190914292736,2021-08-12,-32.82660358289858,-1.9895619463691092,,1.0,15.262020767286137,22.0,additive
2021-05-13,2021Q2,0,rw_hl4_usd,dispersion_conditioned,base,adj_ebitda_musd,-163.52311,-163.52311,5,2021-05-13,2021-05-12,street_pit,disp=nan ref=nan ratio=1.000 b_pt=+0.000,218.0,2021-08-12,-381.52311,-2.3331448992133286,,0.0,0.22451747317596615,19.0,relative
2021-05-13,2021Q2,0,rw_hl4_usd,dispersion_conditioned,base,adj_ebitda_margin_pct,-16.499412668605842,-16.499412668605842,5,2021-05-13,2021-05-12,street_pit,disp=nan ref=nan ratio=1.000 b_pt=+0.000,16.327190914292736,2021-08-12,-32.82660358289858,-1.9895619463691092,,1.0,14.976589546148091,22.0,additive
2021-05-13,2021Q3,1,rw_hl4_usd,street_plus_bias,base,adj_ebitda_musd,483.25277,483.25277,5,2021-05-13,2021-05-12,street_pit,b_pct=+0.0000 b_pt=+0.000 n_pool=0,1101.0,2021-11-04,-617.74723,1.278310789610166,,0.0,0.3794593086484654,19.0,relative
2021-05-13,2021Q3,1,rw_hl4_usd,street_plus_bias,base,adj_ebitda_margin_pct,27.87191374972252,27.87191374972252,5,2021-05-13,2021-05-12,street_pit,b_pct=+0.0000 b_pt=+0.000 n_pool=0,49.20819940002647,2021-11-04,-21.336285650303953,0.7655120434819933,,0.0,10.303899784449964,21.0,additive
2021-05-13,2021Q3,1,rw_hl4_usd,street_plus_flowthrough,base,adj_ebitda_musd,307.06238449999995,483.25277,5,2021-05-13,2021-05-12,street_pit,a=+0.0 m=0.450 rev=1342 leg=naive,1101.0,2021-11-04,-793.9376155,2.5855906017039354,,0.0,0.7198174120948829,19.0,relative
2021-05-13,2021Q3,1,rw_hl4_usd,street_plus_flowthrough,base,adj_ebitda_margin_pct,22.875838821425905,27.87191374972252,5,2021-05-13,2021-05-12,street_pit,a=+0.0 m=0.450 rev=1342 leg=naive,49.20819940002647,2021-11-04,-26.332360578600568,1.1510992354928304,,0.0,11.676447810810814,21.0,additive
2021-05-13,2021Q3,1,rw_hl4_usd,dispersion_conditioned,base,adj_ebitda_musd,483.25277,483.25277,5,2021-05-13,2021-05-12,street_pit,disp=nan ref=nan ratio=1.000 b_pt=+0.000,1101.0,2021-11-04,-617.74723,1.278310789610166,,0.0,0.3708627173516807,19.0,relative
2021-05-13,2021Q3,1,rw_hl4_usd,dispersion_conditioned,base,adj_ebitda_margin_pct,27.87191374972252,27.87191374972252,5,2021-05-13,2021-05-12,street_pit,disp=nan ref=nan ratio=1.000 b_pt=+0.000,49.20819940002647,2021-11-04,-21.336285650303953,0.7655120434819933,,0.0,9.86876920344579,21.0,additive
2021-05-13,2021Q2,0,ew_usd,street_plus_bias,base,adj_ebitda_musd,-163.52311,-163.52311,5,2021-05-13,2021-05-12,street_pit,b_pct=+0.0000 b_pt=+0.000 n_pool=0,218.0,2021-08-12,-381.52311,-2.3331448992133286,,0.0,0.23423363284309917,19.0,relative
2021-05-13,2021Q2,0,ew_usd,street_plus_bias,base,adj_ebitda_margin_pct,-16.499412668605842,-16.499412668605842,5,2021-05-13,2021-05-12,street_pit,b_pct=+0.0000 b_pt=+0.000 n_pool=0,16.327190914292736,2021-08-12,-32.82660358289858,-1.9895619463691092,,1.0,15.658207148820274,22.0,additive
2021-05-13,2021Q2,0,ew_usd,street_plus_flowthrough,base,adj_ebitda_musd,-163.52311,-163.52311,5,2021-05-13,2021-05-12,street_pit,a=+0.0 m=0.450 rev=991 leg=street_revenue,218.0,2021-08-12,-381.52311,-2.3331448992133286,,0.0,0.5183593727308915,20.0,relative
2021-05-13,2021Q2,0,ew_usd,street_plus_flowthrough,base,adj_ebitda_margin_pct,-16.499412668605842,-16.499412668605842,5,2021-05-13,2021-05-12,street_pit,a=+0.0 m=0.450 rev=991 leg=street_revenue,16.327190914292736,2021-08-12,-32.82660358289858,-1.9895619463691092,,1.0,15.418066081704948,22.0,additive
2021-05-13,2021Q2,0,ew_usd,dispersion_conditioned,base,adj_ebitda_musd,-163.52311,-163.52311,5,2021-05-13,2021-05-12,street_pit,disp=nan ref=nan ratio=1.000 b_pt=+0.000,218.0,2021-08-12,-381.52311,-2.3331448992133286,,0.0,0.23431722937619492,19.0,relative
2021-05-13,2021Q2,0,ew_usd,dispersion_conditioned,base,adj_ebitda_margin_pct,-16.499412668605842,-16.499412668605842,5,2021-05-13,2021-05-12,street_pit,disp=nan ref=nan ratio=1.000 b_pt=+0.000,16.327190914292736,2021-08-12,-32.82660358289858,-1.9895619463691092,,1.0,15.248294600771452,22.0,additive
2021-05-13,2021Q3,1,ew_usd,street_plus_bias,base,adj_ebitda_musd,483.25277,483.25277,5,2021-05-13,2021-05-12,street_pit,b_pct=+0.0000 b_pt=+0.000 n_pool=0,1101.0,2021-11-04,-617.74723,1.278310789610166,,0.0,0.3930112037728623,19.0,relative
2021-05-13,2021Q3,1,ew_usd,street_plus_bias,base,adj_ebitda_margin_pct,27.87191374972252,27.87191374972252,5,2021-05-13,2021-05-12,street_pit,b_pct=+0.0000 b_pt=+0.000 n_pool=0,49.20819940002647,2021-11-04,-21.336285650303953,0.7655120434819933,,0.0,10.896285308117045,21.0,additive
2021-05-13,2021Q3,1,ew_usd,street_plus_flowthrough,base,adj_ebitda_musd,307.06238449999995,483.25277,5,2021-05-13,2021-05-12,street_pit,a=+0.0 m=0.450 rev=1342 leg=naive,1101.0,2021-11-04,-793.9376155,2.5855906017039354,,0.0,0.7225162946030868,19.0,relative
2021-05-13,2021Q3,1,ew_usd,street_plus_flowthrough,base,adj_ebitda_margin_pct,22.875838821425905,27.87191374972252,5,2021-05-13,2021-05-12,street_pit,a=+0.0 m=0.450 rev=1342 leg=naive,49.20819940002647,2021-11-04,-26.332360578600568,1.1510992354928304,,0.0,11.81846646023149,21.0,additive
2021-05-13,2021Q3,1,ew_usd,dispersion_conditioned,base,adj_ebitda_musd,483.25277,483.25277,5,2021-05-13,2021-05-12,street_pit,disp=nan ref=nan ratio=1.000 b_pt=+0.000,1101.0,2021-11-04,-617.74723,1.278310789610166,,0.0,0.3764315108334057,19.0,relative
2021-05-13,2021Q3,1,ew_usd,dispersion_conditioned,base,adj_ebitda_margin_pct,27.87191374972252,27.87191374972252,5,2021-05-13,2021-05-12,street_pit,disp=nan ref=nan ratio=1.000 b_pt=+0.000,49.20819940002647,2021-11-04,-21.336285650303953,0.7655120434819933,,0.0,10.139790846595657,21.0,additive
2021-05-13,2021Q2,0,rw_hl4_med,street_plus_bias,base,adj_ebitda_musd,-163.52311,-163.52311,5,2021-05-13,2021-05-12,street_pit,b_pct=+0.0000 b_pt=+0.000 n_pool=0,218.0,2021-08-12,-381.52311,-2.3331448992133286,,0.0,0.23280684039067323,19.0,relative
2021-05-13,2021Q2,0,rw_hl4_med,street_plus_bias,base,adj_ebitda_margin_pct,-16.499412668605842,-16.499412668605842,5,2021-05-13,2021-05-12,street_pit,b_pct=+0.0000 b_pt=+0.000 n_pool=0,16.327190914292736,2021-08-12,-32.82660358289858,-1.9895619463691092,,1.0,15.094928975007344,22.0,additive
2021-05-13,2021Q2,0,rw_hl4_med,street_plus_flowthrough,base,adj_ebitda_musd,-163.52311,-163.52311,5,2021-05-13,2021-05-12,street_pit,a=+0.0 m=0.450 rev=991 leg=street_revenue,218.0,2021-08-12,-381.52311,-2.3331448992133286,,0.0,0.5143603690395466,20.0,relative
2021-05-13,2021Q2,0,rw_hl4_med,street_plus_flowthrough,base,adj_ebitda_margin_pct,-16.499412668605842,-16.499412668605842,5,2021-05-13,2021-05-12,street_pit,a=+0.0 m=0.450 rev=991 leg=street_revenue,16.327190914292736,2021-08-12,-32.82660358289858,-1.9895619463691092,,1.0,15.29649982708439,22.0,additive
2021-05-13,2021Q2,0,rw_hl4_med,dispersion_conditioned,base,adj_ebitda_musd,-163.52311,-163.52311,5,2021-05-13,2021-05-12,street_pit,disp=nan ref=nan ratio=1.000 b_pt=+0.000,218.0,2021-08-12,-381.52311,-2.3331448992133286,,0.0,0.2183712414699615,19.0,relative
2021-05-13,2021Q2,0,rw_hl4_med,dispersion_conditioned,base,adj_ebitda_margin_pct,-16.499412668605842,-16.499412668605842,5,2021-05-13,2021-05-12,street_pit,disp=nan ref=nan ratio=1.000 b_pt=+0.000,16.327190914292736,2021-08-12,-32.82660358289858,-1.9895619463691092,,1.0,14.861826872107399,22.0,additive
2021-05-13,2021Q3,1,rw_hl4_med,street_plus_bias,base,adj_ebitda_musd,483.25277,483.25277,5,2021-05-13,2021-05-12,street_pit,b_pct=+0.0000 b_pt=+0.000 n_pool=0,1101.0,2021-11-04,-617.74723,1.278310789610166,,0.0,0.37136955885379275,19.0,relative
2021-05-13,2021Q3,1,rw_hl4_med,street_plus_bias,base,adj_ebitda_margin_pct,27.87191374972252,27.87191374972252,5,2021-05-13,2021-05-12,street_pit,b_pct=+0.0000 b_pt=+0.000 n_pool=0,49.20819940002647,2021-11-04,-21.336285650303953,0.7655120434819933,,0.0,10.095755219235308,21.0,additive
2021-05-13,2021Q3,1,rw_hl4_med,street_plus_flowthrough,base,adj_ebitda_musd,307.06238449999995,483.25277,5,2021-05-13,2021-05-12,street_pit,a=+0.0 m=0.450 rev=1342 leg=naive,1101.0,2021-11-04,-793.9376155,2.5855906017039354,,0.0,0.7218660162396997,19.0,relative
2021-05-13,2021Q3,1,rw_hl4_med,street_plus_flowthrough,base,adj_ebitda_margin_pct,22.875838821425905,27.87191374972252,5,2021-05-13,2021-05-12,street_pit,a=+0.0 m=0.450 rev=1342 leg=naive,49.20819940002647,2021-11-04,-26.332360578600568,1.1510992354928304,,0.0,11.750614977883718,21.0,additive
2021-05-13,2021Q3,1,rw_hl4_med,dispersion_conditioned,base,adj_ebitda_musd,483.25277,483.25277,5,2021-05-13,2021-05-12,street_pit,disp=nan ref=nan ratio=1.000 b_pt=+0.000,1101.0,2021-11-04,-617.74723,1.278310789610166,,0.0,0.35783625823083315,19.0,relative
2021-05-13,2021Q3,1,rw_hl4_med,dispersion_conditioned,base,adj_ebitda_margin_pct,27.87191374972252,27.87191374972252,5,2021-05-13,2021-05-12,street_pit,disp=nan ref=nan ratio=1.000 b_pt=+0.000,49.20819940002647,2021-11-04,-21.336285650303953,0.7655120434819933,,0.0,9.761955651586398,21.0,additive
2021-05-13,2021Q2,0,rw_hl4_from21,street_plus_bias,base,adj_ebitda_musd,-163.52311,-163.52311,5,2021-05-13,2021-05-12,street_pit,b_pct=+0.0000 b_pt=+20.497 n_pool=1,218.0,2021-08-12,-381.52311,-2.3331448992133286,,0.0,0.20683945094981224,19.0,relative
2021-05-13,2021Q2,0,rw_hl4_from21,street_plus_bias,base,adj_ebitda_margin_pct,3.9976806322401863,-16.499412668605842,5,2021-05-13,2021-05-12,street_pit,b_pct=+0.0000 b_pt=+20.497 n_pool=1,16.327190914292736,2021-08-12,-12.32951028205255,3.084165899251297,,1.0,14.672910051937183,22.0,additive
2021-05-13,2021Q2,0,rw_hl4_from21,street_plus_flowthrough,base,adj_ebitda_musd,-48.74847000000001,-163.52311,5,2021-05-13,2021-05-12,street_pit,a=+114.8 m=0.450 rev=991 leg=street_revenue,218.0,2021-08-12,-266.74847,-5.4719352217618304,,0.0,0.29085055598509846,20.0,relative
2021-05-13,2021Q2,0,rw_hl4_from21,street_plus_flowthrough,base,adj_ebitda_margin_pct,-4.918700014286372,-16.499412668605842,5,2021-05-13,2021-05-12,street_pit,a=+114.8 m=0.450 rev=991 leg=street_revenue,16.327190914292736,2021-08-12,-21.245890928579108,-4.319411809394836,,1.0,14.534570388944056,22.0,additive
2021-05-13,2021Q2,0,rw_hl4_from21,dispersion_conditioned,base,adj_ebitda_musd,-163.52311,-163.52311,5,2021-05-13,2021-05-12,street_pit,disp=nan ref=nan ratio=1.000 b_pt=+20.497,218.0,2021-08-12,-381.52311,-2.3331448992133286,,0.0,0.19454854597474963,19.0,relative
2021-05-13,2021Q2,0,rw_hl4_from21,dispersion_conditioned,base,adj_ebitda_margin_pct,3.9976806322401863,-16.499412668605842,5,2021-05-13,2021-05-12,street_pit,disp=nan ref=nan ratio=1.000 b_pt=+20.497,16.327190914292736,2021-08-12,-12.32951028205255,3.084165899251297,,1.0,14.338052835807394,22.0,additive
2021-05-13,2021Q3,1,rw_hl4_from21,street_plus_bias,base,adj_ebitda_musd,483.25277,483.25277,5,2021-05-13,2021-05-12,street_pit,b_pct=+0.0000 b_pt=+0.000 n_pool=0,1101.0,2021-11-04,-617.74723,1.278310789610166,,0.0,0.3578010182792309,19.0,relative
2021-05-13,2021Q3,1,rw_hl4_from21,street_plus_bias,base,adj_ebitda_margin_pct,27.87191374972252,27.87191374972252,5,2021-05-13,2021-05-12,street_pit,b_pct=+0.0000 b_pt=+0.000 n_pool=0,49.20819940002647,2021-11-04,-21.336285650303953,0.7655120434819933,,0.0,10.148821596975424,21.0,additive
2021-05-13,2021Q3,1,rw_hl4_from21,street_plus_flowthrough,base,adj_ebitda_musd,307.06238449999995,483.25277,5,2021-05-13,2021-05-12,street_pit,a=+0.0 m=0.450 rev=1342 leg=naive,1101.0,2021-11-04,-793.9376155,2.5855906017039354,,0.0,0.9209919578872752,20.0,relative
2021-05-13,2021Q3,1,rw_hl4_from21,street_plus_flowthrough,base,adj_ebitda_margin_pct,22.875838821425905,27.87191374972252,5,2021-05-13,2021-05-12,street_pit,a=+0.0 m=0.450 rev=1342 leg=naive,49.20819940002647,2021-11-04,-26.332360578600568,1.1510992354928304,,0.0,10.999744686062382,21.0,additive
2021-05-13,2021Q3,1,rw_hl4_from21,dispersion_conditioned,base,adj_ebitda_musd,483.25277,483.25277,5,2021-05-13,2021-05-12,street_pit,disp=nan ref=nan ratio=1.000 b_pt=+0.000,1101.0,2021-11-04,-617.74723,1.278310789610166,,0.0,0.3398177001035712,19.0,relative
2021-05-13,2021Q3,1,rw_hl4_from21,dispersion_conditioned,base,adj_ebitda_margin_pct,27.87191374972252,27.87191374972252,5,2021-05-13,2021-05-12,street_pit,disp=nan ref=nan ratio=1.000 b_pt=+0.000,49.20819940002647,2021-11-04,-21.336285650303953,0.7655120434819933,,0.0,9.60153740883803,21.0,additive
2021-08-12,2021Q3,0,rw_hl4,street_plus_bias,base,adj_ebitda_musd,620.09179,620.09179,6,2021-08-12,2021-08-11,street_pit,b_pct=+0.0000 b_pt=+0.000 n_pool=0,1101.0,2021-11-04,-480.90821000000005,0.7755435852488872,,0.0,0.23570539215389635,19.0,relative
2021-08-12,2021Q3,0,rw_hl4,street_plus_bias,base,adj_ebitda_margin_pct,31.820501361959607,31.820501361959607,6,2021-08-12,2021-08-11,street_pit,b_pct=+0.0000 b_pt=+0.000 n_pool=0,49.20819940002647,2021-11-04,-17.387698038066866,0.546430675000404,,2.0,15.220989958983703,22.0,additive
2021-08-12,2021Q3,0,rw_hl4,street_plus_flowthrough,base,adj_ebitda_musd,347.20375749999994,620.09179,6,2021-08-12,2021-08-11,street_pit,a=+0.0 m=0.450 rev=1342 leg=naive,1101.0,2021-11-04,-753.7962425000001,2.171048631292535,,0.0,0.5140043988693758,20.0,relative
2021-08-12,2021Q3,0,rw_hl4,street_plus_flowthrough,base,adj_ebitda_margin_pct,25.86633073828503,31.820501361959607,6,2021-08-12,2021-08-11,street_pit,a=+0.0 m=0.450 rev=1342 leg=naive,49.20819940002647,2021-11-04,-23.341868661741444,0.9024035491509779,,2.0,15.262020767286137,22.0,additive
2021-08-12,2021Q3,0,rw_hl4,dispersion_conditioned,base,adj_ebitda_musd,620.09179,620.09179,6,2021-08-12,2021-08-11,street_pit,disp=nan ref=nan ratio=1.000 b_pt=+0.000,1101.0,2021-11-04,-480.90821000000005,0.7755435852488872,,0.0,0.22188998417289885,19.0,relative
2021-08-12,2021Q3,0,rw_hl4,dispersion_conditioned,base,adj_ebitda_margin_pct,31.820501361959607,31.820501361959607,6,2021-08-12,2021-08-11,street_pit,disp=nan ref=nan ratio=1.000 b_pt=+0.000,49.20819940002647,2021-11-04,-17.387698038066866,0.546430675000404,,2.0,14.976589546148091,22.0,additive
2021-08-12,2021Q4,1,rw_hl4,street_plus_bias,base,adj_ebitda_musd,212.61157,212.61157,6,2021-08-12,2021-08-11,street_pit,b_pct=+0.0000 b_pt=+0.000 n_pool=0,333.0,2022-02-15,-120.38843,0.5662364940910789,,0.0,0.3811844585242143,19.0,relative
2021-08-12,2021Q4,1,rw_hl4,street_plus_bias,base,adj_ebitda_margin_pct,14.773774744326502,14.773774744326502,6,2021-08-12,2021-08-11,street_pit,b_pct=+0.0000 b_pt=+0.000 n_pool=0,21.730108141547184,2022-02-15,-6.956333397220682,0.4708568742658059,,1.0,10.303899784449964,21.0,additive
2021-08-12,2021Q4,1,rw_hl4,street_plus_flowthrough,base,adj_ebitda_musd,-48.395062999999965,212.61157,6,2021-08-12,2021-08-11,street_pit,a=+0.0 m=0.450 rev=859 leg=naive,333.0,2022-02-15,-381.39506299999994,-7.880867166140485,,0.0,0.7198174120948829,19.0,relative
2021-08-12,2021Q4,1,rw_hl4,street_plus_flowthrough,base,adj_ebitda_margin_pct,-5.633228145733903,14.773774744326502,6,2021-08-12,2021-08-11,street_pit,a=+0.0 m=0.450 rev=859 leg=naive,21.730108141547184,2022-02-15,-27.363336287281086,-4.857487674807491,,1.0,11.676447810810814,21.0,additive
2021-08-12,2021Q4,1,rw_hl4,dispersion_conditioned,base,adj_ebitda_musd,212.61157,212.61157,6,2021-08-12,2021-08-11,street_pit,disp=nan ref=nan ratio=1.000 b_pt=+0.000,333.0,2022-02-15,-120.38843,0.5662364940910789,,0.0,0.36503866345604363,19.0,relative
2021-08-12,2021Q4,1,rw_hl4,dispersion_conditioned,base,adj_ebitda_margin_pct,14.773774744326502,14.773774744326502,6,2021-08-12,2021-08-11,street_pit,disp=nan ref=nan ratio=1.000 b_pt=+0.000,21.730108141547184,2022-02-15,-6.956333397220682,0.4708568742658059,,1.0,9.86876920344579,21.0,additive
2021-08-12,2021Q3,0,ew,street_plus_bias,base,adj_ebitda_musd,620.09179,620.09179,6,2021-08-12,2021-08-11,street_pit,b_pct=+0.0000 b_pt=+0.000 n_pool=0,1101.0,2021-11-04,-480.90821000000005,0.7755435852488872,,0.0,0.2455364695753904,19.0,relative
2021-08-12,2021Q3,0,ew,street_plus_bias,base,adj_ebitda_margin_pct,31.820501361959607,31.820501361959607,6,2021-08-12,2021-08-11,street_pit,b_pct=+0.0000 b_pt=+0.000 n_pool=0,49.20819940002647,2021-11-04,-17.387698038066866,0.546430675000404,,2.0,15.658207148820274,22.0,additive
2021-08-12,2021Q3,0,ew,street_plus_flowthrough,base,adj_ebitda_musd,347.20375749999994,620.09179,6,2021-08-12,2021-08-11,street_pit,a=+0.0 m=0.450 rev=1342 leg=naive,1101.0,2021-11-04,-753.7962425000001,2.171048631292535,,0.0,0.5183593727308915,20.0,relative
2021-08-12,2021Q3,0,ew,street_plus_flowthrough,base,adj_ebitda_margin_pct,25.86633073828503,31.820501361959607,6,2021-08-12,2021-08-11,street_pit,a=+0.0 m=0.450 rev=1342 leg=naive,49.20819940002647,2021-11-04,-23.341868661741444,0.9024035491509779,,2.0,15.418066081704948,22.0,additive
2021-08-12,2021Q3,0,ew,dispersion_conditioned,base,adj_ebitda_musd,620.09179,620.09179,6,2021-08-12,2021-08-11,street_pit,disp=nan ref=nan ratio=1.000 b_pt=+0.000,1101.0,2021-11-04,-480.90821000000005,0.7755435852488872,,0.0,0.22830934785698273,19.0,relative
2021-08-12,2021Q3,0,ew,dispersion_conditioned,base,adj_ebitda_margin_pct,31.820501361959607,31.820501361959607,6,2021-08-12,2021-08-11,street_pit,disp=nan ref=nan ratio=1.000 b_pt=+0.000,49.20819940002647,2021-11-04,-17.387698038066866,0.546430675000404,,2.0,15.248294600771452,22.0,additive
2021-08-12,2021Q4,1,ew,street_plus_bias,base,adj_ebitda_musd,212.61157,212.61157,6,2021-08-12,2021-08-11,street_pit,b_pct=+0.0000 b_pt=+0.000 n_pool=0,333.0,2022-02-15,-120.38843,0.5662364940910789,,0.0,0.3978399981745689,19.0,relative
2021-08-12,2021Q4,1,ew,street_plus_bias,base,adj_ebitda_margin_pct,14.773774744326502,14.773774744326502,6,2021-08-12,2021-08-11,street_pit,b_pct=+0.0000 b_pt=+0.000 n_pool=0,21.730108141547184,2022-02-15,-6.956333397220682,0.4708568742658059,,1.0,10.896285308117045,21.0,additive
2021-08-12,2021Q4,1,ew,street_plus_flowthrough,base,adj_ebitda_musd,-48.395062999999965,212.61157,6,2021-08-12,2021-08-11,street_pit,a=+0.0 m=0.450 rev=859 leg=naive,333.0,2022-02-15,-381.39506299999994,-7.880867166140485,,0.0,0.7225162946030868,19.0,relative
2021-08-12,2021Q4,1,ew,street_plus_flowthrough,base,adj_ebitda_margin_pct,-5.633228145733903,14.773774744326502,6,2021-08-12,2021-08-11,street_pit,a=+0.0 m=0.450 rev=859 leg=naive,21.730108141547184,2022-02-15,-27.363336287281086,-4.857487674807491,,1.0,11.81846646023149,21.0,additive
2021-08-12,2021Q4,1,ew,dispersion_conditioned,base,adj_ebitda_musd,212.61157,212.61157,6,2021-08-12,2021-08-11,street_pit,disp=nan ref=nan ratio=1.000 b_pt=+0.000,333.0,2022-02-15,-120.38843,0.5662364940910789,,0.0,0.37308322339868777,19.0,relative
2021-08-12,2021Q4,1,ew,dispersion_conditioned,base,adj_ebitda_margin_pct,14.773774744326502,14.773774744326502,6,2021-08-12,2021-08-11,street_pit,disp=nan ref=nan ratio=1.000 b_pt=+0.000,21.730108141547184,2022-02-15,-6.956333397220682,0.4708568742658059,,1.0,10.139790846595657,21.0,additive
2021-08-12,2021Q3,0,rw_hl4_usd,street_plus_bias,base,adj_ebitda_musd,620.09179,620.09179,6,2021-08-12,2021-08-11,street_pit,b_pct=+0.0000 b_pt=+0.000 n_pool=0,1101.0,2021-11-04,-480.90821000000005,0.7755435852488872,,0.0,0.2229615811244351,19.0,relative
2021-08-12,2021Q3,0,rw_hl4_usd,street_plus_bias,base,adj_ebitda_margin_pct,31.820501361959607,31.820501361959607,6,2021-08-12,2021-08-11,street_pit,b_pct=+0.0000 b_pt=+0.000 n_pool=0,49.20819940002647,2021-11-04,-17.387698038066866,0.546430675000404,,2.0,15.220989958983703,22.0,additive
2021-08-12,2021Q3,0,rw_hl4_usd,street_plus_flowthrough,base,adj_ebitda_musd,347.20375749999994,620.09179,6,2021-08-12,2021-08-11,street_pit,a=+0.0 m=0.450 rev=1342 leg=naive,1101.0,2021-11-04,-753.7962425000001,2.171048631292535,,0.0,0.5140043988693758,20.0,relative
2021-08-12,2021Q3,0,rw_hl4_usd,street_plus_flowthrough,base,adj_ebitda_margin_pct,25.86633073828503,31.820501361959607,6,2021-08-12,2021-08-11,street_pit,a=+0.0 m=0.450 rev=1342 leg=naive,49.20819940002647,2021-11-04,-23.341868661741444,0.9024035491509779,,2.0,15.262020767286137,22.0,additive
2021-08-12,2021Q3,0,rw_hl4_usd,dispersion_conditioned,base,adj_ebitda_musd,620.09179,620.09179,6,2021-08-12,2021-08-11,street_pit,disp=nan ref=nan ratio=1.000 b_pt=+0.000,1101.0,2021-11-04,-480.90821000000005,0.7755435852488872,,0.0,0.22451747317596615,19.0,relative
2021-08-12,2021Q3,0,rw_hl4_usd,dispersion_conditioned,base,adj_ebitda_margin_pct,31.820501361959607,31.820501361959607,6,2021-08-12,2021-08-11,street_pit,disp=nan ref=nan ratio=1.000 b_pt=+0.000,49.20819940002647,2021-11-04,-17.387698038066866,0.546430675000404,,2.0,14.976589546148091,22.0,additive
2021-08-12,2021Q4,1,rw_hl4_usd,street_plus_bias,base,adj_ebitda_musd,212.61157,212.61157,6,2021-08-12,2021-08-11,street_pit,b_pct=+0.0000 b_pt=+0.000 n_pool=0,333.0,2022-02-15,-120.38843,0.5662364940910789,,0.0,0.3794593086484654,19.0,relative
2021-08-12,2021Q4,1,rw_hl4_usd,street_plus_bias,base,adj_ebitda_margin_pct,14.773774744326502,14.773774744326502,6,2021-08-12,2021-08-11,street_pit,b_pct=+0.0000 b_pt=+0.000 n_pool=0,21.730108141547184,2022-02-15,-6.956333397220682,0.4708568742658059,,1.0,10.303899784449964,21.0,additive
2021-08-12,2021Q4,1,rw_hl4_usd,street_plus_flowthrough,base,adj_ebitda_musd,-48.395062999999965,212.61157,6,2021-08-12,2021-08-11,street_pit,a=+0.0 m=0.450 rev=859 leg=naive,333.0,2022-02-15,-381.39506299999994,-7.880867166140485,,0.0,0.7198174120948829,19.0,relative
2021-08-12,2021Q4,1,rw_hl4_usd,street_plus_flowthrough,base,adj_ebitda_margin_pct,-5.633228145733903,14.773774744326502,6,2021-08-12,2021-08-11,street_pit,a=+0.0 m=0.450 rev=859 leg=naive,21.730108141547184,2022-02-15,-27.363336287281086,-4.857487674807491,,1.0,11.676447810810814,21.0,additive
2021-08-12,2021Q4,1,rw_hl4_usd,dispersion_conditioned,base,adj_ebitda_musd,212.61157,212.61157,6,2021-08-12,2021-08-11,street_pit,disp=nan ref=nan ratio=1.000 b_pt=+0.000,333.0,2022-02-15,-120.38843,0.5662364940910789,,0.0,0.3708627173516807,19.0,relative
2021-08-12,2021Q4,1,rw_hl4_usd,dispersion_conditioned,base,adj_ebitda_margin_pct,14.773774744326502,14.773774744326502,6,2021-08-12,2021-08-11,street_pit,disp=nan ref=nan ratio=1.000 b_pt=+0.000,21.730108141547184,2022-02-15,-6.956333397220682,0.4708568742658059,,1.0,9.86876920344579,21.0,additive
2021-08-12,2021Q3,0,ew_usd,street_plus_bias,base,adj_ebitda_musd,620.09179,620.09179,6,2021-08-12,2021-08-11,street_pit,b_pct=+0.0000 b_pt=+0.000 n_pool=0,1101.0,2021-11-04,-480.90821000000005,0.7755435852488872,,0.0,0.23423363284309917,19.0,relative
2021-08-12,2021Q3,0,ew_usd,street_plus_bias,base,adj_ebitda_margin_pct,31.820501361959607,31.820501361959607,6,2021-08-12,2021-08-11,street_pit,b_pct=+0.0000 b_pt=+0.000 n_pool=0,49.20819940002647,2021-11-04,-17.387698038066866,0.546430675000404,,2.0,15.658207148820274,22.0,additive
2021-08-12,2021Q3,0,ew_usd,street_plus_flowthrough,base,adj_ebitda_musd,347.20375749999994,620.09179,6,2021-08-12,2021-08-11,street_pit,a=+0.0 m=0.450 rev=1342 leg=naive,1101.0,2021-11-04,-753.7962425000001,2.171048631292535,,0.0,0.5183593727308915,20.0,relative
2021-08-12,2021Q3,0,ew_usd,street_plus_flowthrough,base,adj_ebitda_margin_pct,25.86633073828503,31.820501361959607,6,2021-08-12,2021-08-11,street_pit,a=+0.0 m=0.450 rev=1342 leg=naive,49.20819940002647,2021-11-04,-23.341868661741444,0.9024035491509779,,2.0,15.418066081704948,22.0,additive
2021-08-12,2021Q3,0,ew_usd,dispersion_conditioned,base,adj_ebitda_musd,620.09179,620.09179,6,2021-08-12,2021-08-11,street_pit,disp=nan ref=nan ratio=1.000 b_pt=+0.000,1101.0,2021-11-04,-480.90821000000005,0.7755435852488872,,0.0,0.23431722937619492,19.0,relative
2021-08-12,2021Q3,0,ew_usd,dispersion_conditioned,base,adj_ebitda_margin_pct,31.820501361959607,31.820501361959607,6,2021-08-12,2021-08-11,street_pit,disp=nan ref=nan ratio=1.000 b_pt=+0.000,49.20819940002647,2021-11-04,-17.387698038066866,0.546430675000404,,2.0,15.248294600771452,22.0,additive
2021-08-12,2021Q4,1,ew_usd,street_plus_bias,base,adj_ebitda_musd,212.61157,212.61157,6,2021-08-12,2021-08-11,street_pit,b_pct=+0.0000 b_pt=+0.000 n_pool=0,333.0,2022-02-15,-120.38843,0.5662364940910789,,0.0,0.3930112037728623,19.0,relative
2021-08-12,2021Q4,1,ew_usd,street_plus_bias,base,adj_ebitda_margin_pct,14.773774744326502,14.773774744326502,6,2021-08-12,2021-08-11,street_pit,b_pct=+0.0000 b_pt=+0.000 n_pool=0,21.730108141547184,2022-02-15,-6.956333397220682,0.4708568742658059,,1.0,10.896285308117045,21.0,additive
2021-08-12,2021Q4,1,ew_usd,street_plus_flowthrough,base,adj_ebitda_musd,-48.395062999999965,212.61157,6,2021-08-12,2021-08-11,street_pit,a=+0.0 m=0.450 rev=859 leg=naive,333.0,2022-02-15,-381.39506299999994,-7.880867166140485,,0.0,0.7225162946030868,19.0,relative
2021-08-12,2021Q4,1,ew_usd,street_plus_flowthrough,base,adj_ebitda_margin_pct,-5.633228145733903,14.773774744326502,6,2021-08-12,2021-08-11,street_pit,a=+0.0 m=0.450 rev=859 leg=naive,21.730108141547184,2022-02-15,-27.363336287281086,-4.857487674807491,,1.0,11.81846646023149,21.0,additive
2021-08-12,2021Q4,1,ew_usd,dispersion_conditioned,base,adj_ebitda_musd,212.61157,212.61157,6,2021-08-12,2021-08-11,street_pit,disp=nan ref=nan ratio=1.000 b_pt=+0.000,333.0,2022-02-15,-120.38843,0.5662364940910789,,0.0,0.3764315108334057,19.0,relative
2021-08-12,2021Q4,1,ew_usd,dispersion_conditioned,base,adj_ebitda_margin_pct,14.773774744326502,14.773774744326502,6,2021-08-12,2021-08-11,street_pit,disp=nan ref=nan ratio=1.000 b_pt=+0.000,21.730108141547184,2022-02-15,-6.956333397220682,0.4708568742658059,,1.0,10.139790846595657,21.0,additive
2021-08-12,2021Q3,0,rw_hl4_med,street_plus_bias,base,adj_ebitda_musd,620.09179,620.09179,6,2021-08-12,2021-08-11,street_pit,b_pct=+0.0000 b_pt=+0.000 n_pool=0,1101.0,2021-11-04,-480.90821000000005,0.7755435852488872,,0.0,0.23280684039067323,19.0,relative
2021-08-12,2021Q3,0,rw_hl4_med,street_plus_bias,base,adj_ebitda_margin_pct,31.820501361959607,31.820501361959607,6,2021-08-12,2021-08-11,street_pit,b_pct=+0.0000 b_pt=+0.000 n_pool=0,49.20819940002647,2021-11-04,-17.387698038066866,0.546430675000404,,2.0,15.094928975007344,22.0,additive
2021-08-12,2021Q3,0,rw_hl4_med,street_plus_flowthrough,base,adj_ebitda_musd,347.20375749999994,620.09179,6,2021-08-12,2021-08-11,street_pit,a=+0.0 m=0.450 rev=1342 leg=naive,1101.0,2021-11-04,-753.7962425000001,2.171048631292535,,0.0,0.5143603690395466,20.0,relative
2021-08-12,2021Q3,0,rw_hl4_med,street_plus_flowthrough,base,adj_ebitda_margin_pct,25.86633073828503,31.820501361959607,6,2021-08-12,2021-08-11,street_pit,a=+0.0 m=0.450 rev=1342 leg=naive,49.20819940002647,2021-11-04,-23.341868661741444,0.9024035491509779,,2.0,15.29649982708439,22.0,additive
2021-08-12,2021Q3,0,rw_hl4_med,dispersion_conditioned,base,adj_ebitda_musd,620.09179,620.09179,6,2021-08-12,2021-08-11,street_pit,disp=nan ref=nan ratio=1.000 b_pt=+0.000,1101.0,2021-11-04,-480.90821000000005,0.7755435852488872,,0.0,0.2183712414699615,19.0,relative
2021-08-12,2021Q3,0,rw_hl4_med,dispersion_conditioned,base,adj_ebitda_margin_pct,31.820501361959607,31.820501361959607,6,2021-08-12,2021-08-11,street_pit,disp=nan ref=nan ratio=1.000 b_pt=+0.000,49.20819940002647,2021-11-04,-17.387698038066866,0.546430675000404,,2.0,14.861826872107399,22.0,additive
2021-08-12,2021Q4,1,rw_hl4_med,street_plus_bias,base,adj_ebitda_musd,212.61157,212.61157,6,2021-08-12,2021-08-11,street_pit,b_pct=+0.0000 b_pt=+0.000 n_pool=0,333.0,2022-02-15,-120.38843,0.5662364940910789,,0.0,0.37136955885379275,19.0,relative
2021-08-12,2021Q4,1,rw_hl4_med,street_plus_bias,base,adj_ebitda_margin_pct,14.773774744326502,14.773774744326502,6,2021-08-12,2021-08-11,street_pit,b_pct=+0.0000 b_pt=+0.000 n_pool=0,21.730108141547184,2022-02-15,-6.956333397220682,0.4708568742658059,,1.0,10.095755219235308,21.0,additive
2021-08-12,2021Q4,1,rw_hl4_med,street_plus_flowthrough,base,adj_ebitda_musd,-48.395062999999965,212.61157,6,2021-08-12,2021-08-11,street_pit,a=+0.0 m=0.450 rev=859 leg=naive,333.0,2022-02-15,-381.39506299999994,-7.880867166140485,,0.0,0.7218660162396997,19.0,relative
2021-08-12,2021Q4,1,rw_hl4_med,street_plus_flowthrough,base,adj_ebitda_margin_pct,-5.633228145733903,14.773774744326502,6,2021-08-12,2021-08-11,street_pit,a=+0.0 m=0.450 rev=859 leg=naive,21.730108141547184,2022-02-15,-27.363336287281086,-4.857487674807491,,1.0,11.750614977883718,21.0,additive
2021-08-12,2021Q4,1,rw_hl4_med,dispersion_conditioned,base,adj_ebitda_musd,212.61157,212.61157,6,2021-08-12,2021-08-11,street_pit,disp=nan ref=nan ratio=1.000 b_pt=+0.000,333.0,2022-02-15,-120.38843,0.5662364940910789,,0.0,0.35783625823083315,19.0,relative
2021-08-12,2021Q4,1,rw_hl4_med,dispersion_conditioned,base,adj_ebitda_margin_pct,14.773774744326502,14.773774744326502,6,2021-08-12,2021-08-11,street_pit,disp=nan ref=nan ratio=1.000 b_pt=+0.000,21.730108141547184,2022-02-15,-6.956333397220682,0.4708568742658059,,1.0,9.761955651586398,21.0,additive
2021-08-12,2021Q3,0,rw_hl4_from21,street_plus_bias,base,adj_ebitda_musd,620.09179,620.09179,6,2021-08-12,2021-08-11,street_pit,b_pct=+0.0000 b_pt=+22.009 n_pool=2,1101.0,2021-11-04,-480.90821000000005,0.7755435852488872,,0.0,0.20683945094981224,19.0,relative
2021-08-12,2021Q3,0,rw_hl4_from21,street_plus_bias,base,adj_ebitda_margin_pct,53.82953031847772,31.820501361959607,6,2021-08-12,2021-08-11,street_pit,b_pct=+0.0000 b_pt=+22.009 n_pool=2,49.20819940002647,2021-11-04,4.62133091845125,-0.08585122127407663,,2.0,14.672910051937183,22.0,additive
2021-08-12,2021Q3,0,rw_hl4_from21,street_plus_flowthrough,base,adj_ebitda_musd,521.9191852186564,620.09179,6,2021-08-12,2021-08-11,street_pit,a=+174.7 m=0.450 rev=1342 leg=naive,1101.0,2021-11-04,-579.0808147813436,1.1095219934073501,,0.0,0.29085055598509846,20.0,relative
2021-08-12,2021Q3,0,rw_hl4_from21,street_plus_flowthrough,base,adj_ebitda_margin_pct,38.88245438565569,31.820501361959607,6,2021-08-12,2021-08-11,street_pit,a=+174.7 m=0.450 rev=1342 leg=naive,49.20819940002647,2021-11-04,-10.325745014370781,0.26556309722516125,,2.0,14.534570388944056,22.0,additive
2021-08-12,2021Q3,0,rw_hl4_from21,dispersion_conditioned,base,adj_ebitda_musd,620.09179,620.09179,6,2021-08-12,2021-08-11,street_pit,disp=nan ref=nan ratio=1.000 b_pt=+22.009,1101.0,2021-11-04,-480.90821000000005,0.7755435852488872,,0.0,0.19454854597474963,19.0,relative
2021-08-12,2021Q3,0,rw_hl4_from21,dispersion_conditioned,base,adj_ebitda_margin_pct,53.82953031847772,31.820501361959607,6,2021-08-12,2021-08-11,street_pit,disp=nan ref=nan ratio=1.000 b_pt=+22.009,49.20819940002647,2021-11-04,4.62133091845125,-0.08585122127407663,,2.0,14.338052835807394,22.0,additive
2021-08-12,2021Q4,1,rw_hl4_from21,street_plus_bias,base,adj_ebitda_musd,212.61157,212.61157,6,2021-08-12,2021-08-11,street_pit,b_pct=+0.0000 b_pt=+11.717 n_pool=1,333.0,2022-02-15,-120.38843,0.5662364940910789,,0.0,0.3578010182792309,19.0,relative
2021-08-12,2021Q4,1,rw_hl4_from21,street_plus_bias,base,adj_ebitda_margin_pct,26.490628803400014,14.773774744326502,6,2021-08-12,2021-08-11,street_pit,b_pct=+0.0000 b_pt=+11.717 n_pool=1,21.730108141547184,2022-02-15,4.76052066185283,-0.17970583851304534,,1.0,10.148821596975424,21.0,additive
2021-08-12,2021Q4,1,rw_hl4_from21,street_plus_flowthrough,base,adj_ebitda_musd,82.13552033333337,212.61157,6,2021-08-12,2021-08-11,street_pit,a=+130.5 m=0.450 rev=859 leg=naive,333.0,2022-02-15,-250.86447966666663,3.0542751619345054,,0.0,0.9209919578872752,20.0,relative
2021-08-12,2021Q4,1,rw_hl4_from21,street_plus_flowthrough,base,adj_ebitda_margin_pct,9.560647227718935,14.773774744326502,6,2021-08-12,2021-08-11,street_pit,a=+130.5 m=0.450 rev=859 leg=naive,21.730108141547184,2022-02-15,-12.16946091382825,1.2728699871433022,,1.0,10.999744686062382,21.0,additive
2021-08-12,2021Q4,1,rw_hl4_from21,dispersion_conditioned,base,adj_ebitda_musd,212.61157,212.61157,6,2021-08-12,2021-08-11,street_pit,disp=nan ref=nan ratio=1.000 b_pt=+11.717,333.0,2022-02-15,-120.38843,0.5662364940910789,,0.0,0.3398177001035712,19.0,relative
2021-08-12,2021Q4,1,rw_hl4_from21,dispersion_conditioned,base,adj_ebitda_margin_pct,26.490628803400014,14.773774744326502,6,2021-08-12,2021-08-11,street_pit,disp=nan ref=nan ratio=1.000 b_pt=+11.717,21.730108141547184,2022-02-15,4.76052066185283,-0.17970583851304534,,1.0,9.60153740883803,21.0,additive
2021-11-04,2021Q4,0,rw_hl4,street_plus_bias,base,adj_ebitda_musd,228.2091,228.2091,7,2021-11-04,2021-11-03,street_pit,b_pct=+0.0000 b_pt=+0.000 n_pool=0,333.0,2022-02-15,-104.7909,0.45918808671520983,,1.0,0.23570539215389635,19.0,relative
2021-11-04,2021Q4,0,rw_hl4,street_plus_bias,base,adj_ebitda_margin_pct,15.87901530067202,15.87901530067202,7,2021-11-04,2021-11-03,street_pit,b_pct=+0.0000 b_pt=+0.000 n_pool=0,21.730108141547184,2022-02-15,-5.851092840875165,0.36847957698154876,22.37986225087207,3.0,15.220989958983703,22.0,additive
2021-11-04,2021Q4,0,rw_hl4,street_plus_flowthrough,base,adj_ebitda_musd,225.75773993552113,228.2091,7,2021-11-04,2021-11-03,street_pit,a=+0.0 m=0.450 rev=1432 leg=naive,333.0,2022-02-15,-107.24226006447887,0.4750324843573843,,1.0,0.5140043988693758,20.0,relative
2021-11-04,2021Q4,0,rw_hl4,street_plus_flowthrough,base,adj_ebitda_margin_pct,15.76821510277022,15.87901530067202,7,2021-11-04,2021-11-03,street_pit,a=+0.0 m=0.450 rev=1432 leg=naive,21.730108141547184,2022-02-15,-5.961893038776964,0.37809561830048577,19.862030120532914,3.0,15.262020767286137,22.0,additive
2021-11-04,2021Q4,0,rw_hl4,dispersion_conditioned,base,adj_ebitda_musd,228.2091,228.2091,7,2021-11-04,2021-11-03,street_pit,disp=nan ref=nan ratio=1.000 b_pt=+0.000,333.0,2022-02-15,-104.7909,0.45918808671520983,,1.0,0.22188998417289885,19.0,relative
2021-11-04,2021Q4,0,rw_hl4,dispersion_conditioned,base,adj_ebitda_margin_pct,15.87901530067202,15.87901530067202,7,2021-11-04,2021-11-03,street_pit,disp=nan ref=nan ratio=1.000 b_pt=+0.000,21.730108141547184,2022-02-15,-5.851092840875165,0.36847957698154876,22.37986225087207,3.0,14.976589546148091,22.0,additive
2021-11-04,2022Q1,1,rw_hl4,street_plus_bias,base,adj_ebitda_musd,-19.16963,-19.16963,7,2021-11-04,2021-11-03,street_pit,b_pct=+0.0000 b_pt=+0.000 n_pool=0,229.0,2022-05-03,-248.16963,-12.945979134704215,,1.0,0.3811844585242143,19.0,relative
2021-11-04,2022Q1,1,rw_hl4,street_plus_bias,base,adj_ebitda_margin_pct,-1.544409684932732,-1.544409684932732,7,2021-11-04,2021-11-03,street_pit,b_pct=+0.0000 b_pt=+0.000 n_pool=0,15.176246589486508,2022-05-03,-16.72065627441924,-10.826567870912777,,2.0,10.303899784449964,21.0,additive
2021-11-04,2022Q1,1,rw_hl4,street_plus_flowthrough,base,adj_ebitda_musd,87.47865954406613,-19.16963,7,2021-11-04,2021-11-03,street_pit,a=+0.0 m=0.450 rev=1478 leg=naive,229.0,2022-05-03,-141.52134045593385,1.6177813102479526,,1.0,0.7198174120948829,19.0,relative
2021-11-04,2022Q1,1,rw_hl4,street_plus_flowthrough,base,adj_ebitda_margin_pct,5.917824832137984,-1.544409684932732,7,2021-11-04,2021-11-03,street_pit,a=+0.0 m=0.450 rev=1478 leg=naive,15.176246589486508,2022-05-03,-9.258421757348525,1.564497432750752,,2.0,11.676447810810814,21.0,additive
2021-11-04,2022Q1,1,rw_hl4,dispersion_conditioned,base,adj_ebitda_musd,-19.16963,-19.16963,7,2021-11-04,2021-11-03,street_pit,disp=nan ref=nan ratio=1.000 b_pt=+0.000,229.0,2022-05-03,-248.16963,-12.945979134704215,,1.0,0.36503866345604363,19.0,relative
2021-11-04,2022Q1,1,rw_hl4,dispersion_conditioned,base,adj_ebitda_margin_pct,-1.544409684932732,-1.544409684932732,7,2021-11-04,2021-11-03,street_pit,disp=nan ref=nan ratio=1.000 b_pt=+0.000,15.176246589486508,2022-05-03,-16.72065627441924,-10.826567870912777,,2.0,9.86876920344579,21.0,additive
2021-11-04,2021Q4,0,ew,street_plus_bias,base,adj_ebitda_musd,228.2091,228.2091,7,2021-11-04,2021-11-03,street_pit,b_pct=+0.0000 b_pt=+0.000 n_pool=0,333.0,2022-02-15,-104.7909,0.45918808671520983,,1.0,0.2455364695753904,19.0,relative
2021-11-04,2021Q4,0,ew,street_plus_bias,base,adj_ebitda_margin_pct,15.87901530067202,15.87901530067202,7,2021-11-04,2021-11-03,street_pit,b_pct=+0.0000 b_pt=+0.000 n_pool=0,21.730108141547184,2022-02-15,-5.851092840875165,0.36847957698154876,22.37986225087207,3.0,15.658207148820274,22.0,additive
2021-11-04,2021Q4,0,ew,street_plus_flowthrough,base,adj_ebitda_musd,225.75773993552113,228.2091,7,2021-11-04,2021-11-03,street_pit,a=+0.0 m=0.450 rev=1432 leg=naive,333.0,2022-02-15,-107.24226006447887,0.4750324843573843,,1.0,0.5183593727308915,20.0,relative
2021-11-04,2021Q4,0,ew,street_plus_flowthrough,base,adj_ebitda_margin_pct,15.76821510277022,15.87901530067202,7,2021-11-04,2021-11-03,street_pit,a=+0.0 m=0.450 rev=1432 leg=naive,21.730108141547184,2022-02-15,-5.961893038776964,0.37809561830048577,19.862030120532914,3.0,15.418066081704948,22.0,additive
2021-11-04,2021Q4,0,ew,dispersion_conditioned,base,adj_ebitda_musd,228.2091,228.2091,7,2021-11-04,2021-11-03,street_pit,disp=nan ref=nan ratio=1.000 b_pt=+0.000,333.0,2022-02-15,-104.7909,0.45918808671520983,,1.0,0.22830934785698273,19.0,relative
2021-11-04,2021Q4,0,ew,dispersion_conditioned,base,adj_ebitda_margin_pct,15.87901530067202,15.87901530067202,7,2021-11-04,2021-11-03,street_pit,disp=nan ref=nan ratio=1.000 b_pt=+0.000,21.730108141547184,2022-02-15,-5.851092840875165,0.36847957698154876,22.37986225087207,3.0,15.248294600771452,22.0,additive
2021-11-04,2022Q1,1,ew,street_plus_bias,base,adj_ebitda_musd,-19.16963,-19.16963,7,2021-11-04,2021-11-03,street_pit,b_pct=+0.0000 b_pt=+0.000 n_pool=0,229.0,2022-05-03,-248.16963,-12.945979134704215,,1.0,0.3978399981745689,19.0,relative
2021-11-04,2022Q1,1,ew,street_plus_bias,base,adj_ebitda_margin_pct,-1.544409684932732,-1.544409684932732,7,2021-11-04,2021-11-03,street_pit,b_pct=+0.0000 b_pt=+0.000 n_pool=0,15.176246589486508,2022-05-03,-16.72065627441924,-10.826567870912777,,2.0,10.896285308117045,21.0,additive
2021-11-04,2022Q1,1,ew,street_plus_flowthrough,base,adj_ebitda_musd,87.47865954406613,-19.16963,7,2021-11-04,2021-11-03,street_pit,a=+0.0 m=0.450 rev=1478 leg=naive,229.0,2022-05-03,-141.52134045593385,1.6177813102479526,,1.0,0.7225162946030868,19.0,relative
2021-11-04,2022Q1,1,ew,street_plus_flowthrough,base,adj_ebitda_margin_pct,5.917824832137984,-1.544409684932732,7,2021-11-04,2021-11-03,street_pit,a=+0.0 m=0.450 rev=1478 leg=naive,15.176246589486508,2022-05-03,-9.258421757348525,1.564497432750752,,2.0,11.81846646023149,21.0,additive
2021-11-04,2022Q1,1,ew,dispersion_conditioned,base,adj_ebitda_musd,-19.16963,-19.16963,7,2021-11-04,2021-11-03,street_pit,disp=nan ref=nan ratio=1.000 b_pt=+0.000,229.0,2022-05-03,-248.16963,-12.945979134704215,,1.0,0.37308322339868777,19.0,relative
2021-11-04,2022Q1,1,ew,dispersion_conditioned,base,adj_ebitda_margin_pct,-1.544409684932732,-1.544409684932732,7,2021-11-04,2021-11-03,street_pit,disp=nan ref=nan ratio=1.000 b_pt=+0.000,15.176246589486508,2022-05-03,-16.72065627441924,-10.826567870912777,,2.0,10.139790846595657,21.0,additive
2021-11-04,2021Q4,0,rw_hl4_usd,street_plus_bias,base,adj_ebitda_musd,228.2091,228.2091,7,2021-11-04,2021-11-03,street_pit,b_pct=+0.0000 b_pt=+0.000 n_pool=0,333.0,2022-02-15,-104.7909,0.45918808671520983,,1.0,0.2229615811244351,19.0,relative
2021-11-04,2021Q4,0,rw_hl4_usd,street_plus_bias,base,adj_ebitda_margin_pct,15.87901530067202,15.87901530067202,7,2021-11-04,2021-11-03,street_pit,b_pct=+0.0000 b_pt=+0.000 n_pool=0,21.730108141547184,2022-02-15,-5.851092840875165,0.36847957698154876,22.37986225087207,3.0,15.220989958983703,22.0,additive
2021-11-04,2021Q4,0,rw_hl4_usd,street_plus_flowthrough,base,adj_ebitda_musd,225.75773993552113,228.2091,7,2021-11-04,2021-11-03,street_pit,a=+0.0 m=0.450 rev=1432 leg=naive,333.0,2022-02-15,-107.24226006447887,0.4750324843573843,,1.0,0.5140043988693758,20.0,relative
2021-11-04,2021Q4,0,rw_hl4_usd,street_plus_flowthrough,base,adj_ebitda_margin_pct,15.76821510277022,15.87901530067202,7,2021-11-04,2021-11-03,street_pit,a=+0.0 m=0.450 rev=1432 leg=naive,21.730108141547184,2022-02-15,-5.961893038776964,0.37809561830048577,19.862030120532914,3.0,15.262020767286137,22.0,additive
2021-11-04,2021Q4,0,rw_hl4_usd,dispersion_conditioned,base,adj_ebitda_musd,228.2091,228.2091,7,2021-11-04,2021-11-03,street_pit,disp=nan ref=nan ratio=1.000 b_pt=+0.000,333.0,2022-02-15,-104.7909,0.45918808671520983,,1.0,0.22451747317596615,19.0,relative
2021-11-04,2021Q4,0,rw_hl4_usd,dispersion_conditioned,base,adj_ebitda_margin_pct,15.87901530067202,15.87901530067202,7,2021-11-04,2021-11-03,street_pit,disp=nan ref=nan ratio=1.000 b_pt=+0.000,21.730108141547184,2022-02-15,-5.851092840875165,0.36847957698154876,22.37986225087207,3.0,14.976589546148091,22.0,additive
2021-11-04,2022Q1,1,rw_hl4_usd,street_plus_bias,base,adj_ebitda_musd,-19.16963,-19.16963,7,2021-11-04,2021-11-03,street_pit,b_pct=+0.0000 b_pt=+0.000 n_pool=0,229.0,2022-05-03,-248.16963,-12.945979134704215,,1.0,0.3794593086484654,19.0,relative
2021-11-04,2022Q1,1,rw_hl4_usd,street_plus_bias,base,adj_ebitda_margin_pct,-1.544409684932732,-1.544409684932732,7,2021-11-04,2021-11-03,street_pit,b_pct=+0.0000 b_pt=+0.000 n_pool=0,15.176246589486508,2022-05-03,-16.72065627441924,-10.826567870912777,,2.0,10.303899784449964,21.0,additive
2021-11-04,2022Q1,1,rw_hl4_usd,street_plus_flowthrough,base,adj_ebitda_musd,87.47865954406613,-19.16963,7,2021-11-04,2021-11-03,street_pit,a=+0.0 m=0.450 rev=1478 leg=naive,229.0,2022-05-03,-141.52134045593385,1.6177813102479526,,1.0,0.7198174120948829,19.0,relative
2021-11-04,2022Q1,1,rw_hl4_usd,street_plus_flowthrough,base,adj_ebitda_margin_pct,5.917824832137984,-1.544409684932732,7,2021-11-04,2021-11-03,street_pit,a=+0.0 m=0.450 rev=1478 leg=naive,15.176246589486508,2022-05-03,-9.258421757348525,1.564497432750752,,2.0,11.676447810810814,21.0,additive
2021-11-04,2022Q1,1,rw_hl4_usd,dispersion_conditioned,base,adj_ebitda_musd,-19.16963,-19.16963,7,2021-11-04,2021-11-03,street_pit,disp=nan ref=nan ratio=1.000 b_pt=+0.000,229.0,2022-05-03,-248.16963,-12.945979134704215,,1.0,0.3708627173516807,19.0,relative
2021-11-04,2022Q1,1,rw_hl4_usd,dispersion_conditioned,base,adj_ebitda_margin_pct,-1.544409684932732,-1.544409684932732,7,2021-11-04,2021-11-03,street_pit,disp=nan ref=nan ratio=1.000 b_pt=+0.000,15.176246589486508,2022-05-03,-16.72065627441924,-10.826567870912777,,2.0,9.86876920344579,21.0,additive
2021-11-04,2021Q4,0,ew_usd,street_plus_bias,base,adj_ebitda_musd,228.2091,228.2091,7,2021-11-04,2021-11-03,street_pit,b_pct=+0.0000 b_pt=+0.000 n_pool=0,333.0,2022-02-15,-104.7909,0.45918808671520983,,1.0,0.23423363284309917,19.0,relative
2021-11-04,2021Q4,0,ew_usd,street_plus_bias,base,adj_ebitda_margin_pct,15.87901530067202,15.87901530067202,7,2021-11-04,2021-11-03,street_pit,b_pct=+0.0000 b_pt=+0.000 n_pool=0,21.730108141547184,2022-02-15,-5.851092840875165,0.36847957698154876,22.37986225087207,3.0,15.658207148820274,22.0,additive
2021-11-04,2021Q4,0,ew_usd,street_plus_flowthrough,base,adj_ebitda_musd,225.75773993552113,228.2091,7,2021-11-04,2021-11-03,street_pit,a=+0.0 m=0.450 rev=1432 leg=naive,333.0,2022-02-15,-107.24226006447887,0.4750324843573843,,1.0,0.5183593727308915,20.0,relative
2021-11-04,2021Q4,0,ew_usd,street_plus_flowthrough,base,adj_ebitda_margin_pct,15.76821510277022,15.87901530067202,7,2021-11-04,2021-11-03,street_pit,a=+0.0 m=0.450 rev=1432 leg=naive,21.730108141547184,2022-02-15,-5.961893038776964,0.37809561830048577,19.862030120532914,3.0,15.418066081704948,22.0,additive
2021-11-04,2021Q4,0,ew_usd,dispersion_conditioned,base,adj_ebitda_musd,228.2091,228.2091,7,2021-11-04,2021-11-03,street_pit,disp=nan ref=nan ratio=1.000 b_pt=+0.000,333.0,2022-02-15,-104.7909,0.45918808671520983,,1.0,0.23431722937619492,19.0,relative
2021-11-04,2021Q4,0,ew_usd,dispersion_conditioned,base,adj_ebitda_margin_pct,15.87901530067202,15.87901530067202,7,2021-11-04,2021-11-03,street_pit,disp=nan ref=nan ratio=1.000 b_pt=+0.000,21.730108141547184,2022-02-15,-5.851092840875165,0.36847957698154876,22.37986225087207,3.0,15.248294600771452,22.0,additive
2021-11-04,2022Q1,1,ew_usd,street_plus_bias,base,adj_ebitda_musd,-19.16963,-19.16963,7,2021-11-04,2021-11-03,street_pit,b_pct=+0.0000 b_pt=+0.000 n_pool=0,229.0,2022-05-03,-248.16963,-12.945979134704215,,1.0,0.3930112037728623,19.0,relative
2021-11-04,2022Q1,1,ew_usd,street_plus_bias,base,adj_ebitda_margin_pct,-1.544409684932732,-1.544409684932732,7,2021-11-04,2021-11-03,street_pit,b_pct=+0.0000 b_pt=+0.000 n_pool=0,15.176246589486508,2022-05-03,-16.72065627441924,-10.826567870912777,,2.0,10.896285308117045,21.0,additive
2021-11-04,2022Q1,1,ew_usd,street_plus_flowthrough,base,adj_ebitda_musd,87.47865954406613,-19.16963,7,2021-11-04,2021-11-03,street_pit,a=+0.0 m=0.450 rev=1478 leg=naive,229.0,2022-05-03,-141.52134045593385,1.6177813102479526,,1.0,0.7225162946030868,19.0,relative
2021-11-04,2022Q1,1,ew_usd,street_plus_flowthrough,base,adj_ebitda_margin_pct,5.917824832137984,-1.544409684932732,7,2021-11-04,2021-11-03,street_pit,a=+0.0 m=0.450 rev=1478 leg=naive,15.176246589486508,2022-05-03,-9.258421757348525,1.564497432750752,,2.0,11.81846646023149,21.0,additive
2021-11-04,2022Q1,1,ew_usd,dispersion_conditioned,base,adj_ebitda_musd,-19.16963,-19.16963,7,2021-11-04,2021-11-03,street_pit,disp=nan ref=nan ratio=1.000 b_pt=+0.000,229.0,2022-05-03,-248.16963,-12.945979134704215,,1.0,0.3764315108334057,19.0,relative
2021-11-04,2022Q1,1,ew_usd,dispersion_conditioned,base,adj_ebitda_margin_pct,-1.544409684932732,-1.544409684932732,7,2021-11-04,2021-11-03,street_pit,disp=nan ref=nan ratio=1.000 b_pt=+0.000,15.176246589486508,2022-05-03,-16.72065627441924,-10.826567870912777,,2.0,10.139790846595657,21.0,additive
2021-11-04,2021Q4,0,rw_hl4_med,street_plus_bias,base,adj_ebitda_musd,228.2091,228.2091,7,2021-11-04,2021-11-03,street_pit,b_pct=+0.0000 b_pt=+0.000 n_pool=0,333.0,2022-02-15,-104.7909,0.45918808671520983,,1.0,0.23280684039067323,19.0,relative
2021-11-04,2021Q4,0,rw_hl4_med,street_plus_bias,base,adj_ebitda_margin_pct,15.87901530067202,15.87901530067202,7,2021-11-04,2021-11-03,street_pit,b_pct=+0.0000 b_pt=+0.000 n_pool=0,21.730108141547184,2022-02-15,-5.851092840875165,0.36847957698154876,22.37986225087207,3.0,15.094928975007344,22.0,additive
2021-11-04,2021Q4,0,rw_hl4_med,street_plus_flowthrough,base,adj_ebitda_musd,225.75773993552113,228.2091,7,2021-11-04,2021-11-03,street_pit,a=+0.0 m=0.450 rev=1432 leg=naive,333.0,2022-02-15,-107.24226006447887,0.4750324843573843,,1.0,0.5143603690395466,20.0,relative
2021-11-04,2021Q4,0,rw_hl4_med,street_plus_flowthrough,base,adj_ebitda_margin_pct,15.76821510277022,15.87901530067202,7,2021-11-04,2021-11-03,street_pit,a=+0.0 m=0.450 rev=1432 leg=naive,21.730108141547184,2022-02-15,-5.961893038776964,0.37809561830048577,19.862030120532914,3.0,15.29649982708439,22.0,additive
2021-11-04,2021Q4,0,rw_hl4_med,dispersion_conditioned,base,adj_ebitda_musd,228.2091,228.2091,7,2021-11-04,2021-11-03,street_pit,disp=nan ref=nan ratio=1.000 b_pt=+0.000,333.0,2022-02-15,-104.7909,0.45918808671520983,,1.0,0.2183712414699615,19.0,relative
2021-11-04,2021Q4,0,rw_hl4_med,dispersion_conditioned,base,adj_ebitda_margin_pct,15.87901530067202,15.87901530067202,7,2021-11-04,2021-11-03,street_pit,disp=nan ref=nan ratio=1.000 b_pt=+0.000,21.730108141547184,2022-02-15,-5.851092840875165,0.36847957698154876,22.37986225087207,3.0,14.861826872107399,22.0,additive
2021-11-04,2022Q1,1,rw_hl4_med,street_plus_bias,base,adj_ebitda_musd,-19.16963,-19.16963,7,2021-11-04,2021-11-03,street_pit,b_pct=+0.0000 b_pt=+0.000 n_pool=0,229.0,2022-05-03,-248.16963,-12.945979134704215,,1.0,0.37136955885379275,19.0,relative
2021-11-04,2022Q1,1,rw_hl4_med,street_plus_bias,base,adj_ebitda_margin_pct,-1.544409684932732,-1.544409684932732,7,2021-11-04,2021-11-03,street_pit,b_pct=+0.0000 b_pt=+0.000 n_pool=0,15.176246589486508,2022-05-03,-16.72065627441924,-10.826567870912777,,2.0,10.095755219235308,21.0,additive
2021-11-04,2022Q1,1,rw_hl4_med,street_plus_flowthrough,base,adj_ebitda_musd,87.47865954406613,-19.16963,7,2021-11-04,2021-11-03,street_pit,a=+0.0 m=0.450 rev=1478 leg=naive,229.0,2022-05-03,-141.52134045593385,1.6177813102479526,,1.0,0.7218660162396997,19.0,relative
2021-11-04,2022Q1,1,rw_hl4_med,street_plus_flowthrough,base,adj_ebitda_margin_pct,5.917824832137984,-1.544409684932732,7,2021-11-04,2021-11-03,street_pit,a=+0.0 m=0.450 rev=1478 leg=naive,15.176246589486508,2022-05-03,-9.258421757348525,1.564497432750752,,2.0,11.750614977883718,21.0,additive
2021-11-04,2022Q1,1,rw_hl4_med,dispersion_conditioned,base,adj_ebitda_musd,-19.16963,-19.16963,7,2021-11-04,2021-11-03,street_pit,disp=nan ref=nan ratio=1.000 b_pt=+0.000,229.0,2022-05-03,-248.16963,-12.945979134704215,,1.0,0.35783625823083315,19.0,relative
2021-11-04,2022Q1,1,rw_hl4_med,dispersion_conditioned,base,adj_ebitda_margin_pct,-1.544409684932732,-1.544409684932732,7,2021-11-04,2021-11-03,street_pit,disp=nan ref=nan ratio=1.000 b_pt=+0.000,15.176246589486508,2022-05-03,-16.72065627441924,-10.826567870912777,,2.0,9.761955651586398,21.0,additive
2021-11-04,2021Q4,0,rw_hl4_from21,street_plus_bias,base,adj_ebitda_musd,287.2044678668073,228.2091,7,2021-11-04,2021-11-03,street_pit,b_pct=+0.2585 b_pt=+19.453 n_pool=3,333.0,2022-02-15,-45.795532133192694,0.15945271490146395,,1.0,0.20683945094981224,19.0,relative
2021-11-04,2021Q4,0,rw_hl4_from21,street_plus_bias,base,adj_ebitda_margin_pct,35.332029842977846,15.87901530067202,7,2021-11-04,2021-11-03,street_pit,b_pct=+0.2585 b_pt=+19.453 n_pool=3,21.730108141547184,2022-02-15,13.601921701430662,-0.38497425032980404,34.33920965696499,3.0,14.672910051937183,22.0,additive
2021-11-04,2021Q4,0,rw_hl4_from21,street_plus_flowthrough,base,adj_ebitda_musd,455.57363037074936,228.2091,7,2021-11-04,2021-11-03,street_pit,a=+229.8 m=0.450 rev=1432 leg=naive,333.0,2022-02-15,122.57363037074936,-0.2690533915911638,,1.0,0.29085055598509846,20.0,relative
2021-11-04,2021Q4,0,rw_hl4_from21,street_plus_flowthrough,base,adj_ebitda_margin_pct,31.819874706787985,15.87901530067202,7,2021-11-04,2021-11-03,street_pit,a=+229.8 m=0.450 rev=1432 leg=naive,21.730108141547184,2022-02-15,10.0897665652408,-0.31709007839331305,26.947024822928427,3.0,14.534570388944056,22.0,additive
2021-11-04,2021Q4,0,rw_hl4_from21,dispersion_conditioned,base,adj_ebitda_musd,287.2044678668073,228.2091,7,2021-11-04,2021-11-03,street_pit,disp=nan ref=nan ratio=1.000 b_pt=+19.453,333.0,2022-02-15,-45.795532133192694,0.15945271490146395,,1.0,0.19454854597474963,19.0,relative
2021-11-04,2021Q4,0,rw_hl4_from21,dispersion_conditioned,base,adj_ebitda_margin_pct,35.332029842977846,15.87901530067202,7,2021-11-04,2021-11-03,street_pit,disp=nan ref=nan ratio=1.000 b_pt=+19.453,21.730108141547184,2022-02-15,13.601921701430662,-0.38497425032980404,34.33920965696499,3.0,14.338052835807394,22.0,additive
2021-11-04,2022Q1,1,rw_hl4_from21,street_plus_bias,base,adj_ebitda_musd,-27.337878287278244,-19.16963,7,2021-11-04,2021-11-03,street_pit,b_pct=+0.4261 b_pt=+13.251 n_pool=2,229.0,2022-05-03,-256.3378782872783,-9.376655920169407,,1.0,0.3578010182792309,19.0,relative
2021-11-04,2022Q1,1,rw_hl4_from21,street_plus_bias,base,adj_ebitda_margin_pct,11.70621253366194,-1.544409684932732,7,2021-11-04,2021-11-03,street_pit,b_pct=+0.4261 b_pt=+13.251 n_pool=2,15.176246589486508,2022-05-03,-3.470034055824568,0.29642670896724876,,2.0,10.148821596975424,21.0,additive
2021-11-04,2022Q1,1,rw_hl4_from21,street_plus_flowthrough,base,adj_ebitda_musd,334.0448843078681,-19.16963,7,2021-11-04,2021-11-03,street_pit,a=+246.6 m=0.450 rev=1478 leg=naive,229.0,2022-05-03,105.04488430786807,-0.31446338274426267,,1.0,0.9209919578872752,20.0,relative
2021-11-04,2022Q1,1,rw_hl4_from21,street_plus_flowthrough,base,adj_ebitda_margin_pct,22.597729797288064,-1.544409684932732,7,2021-11-04,2021-11-03,street_pit,a=+246.6 m=0.450 rev=1478 leg=naive,15.176246589486508,2022-05-03,7.421483207801556,-0.32841720271795627,,2.0,10.999744686062382,21.0,additive
2021-11-04,2022Q1,1,rw_hl4_from21,dispersion_conditioned,base,adj_ebitda_musd,-27.337878287278244,-19.16963,7,2021-11-04,2021-11-03,street_pit,disp=nan ref=nan ratio=1.000 b_pt=+13.251,229.0,2022-05-03,-256.3378782872783,-9.376655920169407,,1.0,0.3398177001035712,19.0,relative
2021-11-04,2022Q1,1,rw_hl4_from21,dispersion_conditioned,base,adj_ebitda_margin_pct,11.70621253366194,-1.544409684932732,7,2021-11-04,2021-11-03,street_pit,disp=nan ref=nan ratio=1.000 b_pt=+13.251,15.176246589486508,2022-05-03,-3.470034055824568,0.29642670896724876,,2.0,9.60153740883803,21.0,additive
2022-02-15,2022Q1,0,rw_hl4,street_plus_bias,base,adj_ebitda_musd,-8.31322,-8.31322,8,2022-02-15,2022-02-14,street_pit,b_pct=+0.0000 b_pt=+0.000 n_pool=0,229.0,2022-05-03,-237.31322,-28.546486199090126,,2.0,0.23570539215389635,19.0,relative
2022-02-15,2022Q1,0,rw_hl4,street_plus_bias,base,adj_ebitda_margin_pct,-0.6719361186634455,-0.6719361186634455,8,2022-02-15,2022-02-14,street_pit,b_pct=+0.0000 b_pt=+0.000 n_pool=0,15.176246589486508,2022-05-03,-15.848182708149954,-23.585847326787142,24.086218849745084,4.0,15.220989958983703,22.0,additive
2022-02-15,2022Q1,0,rw_hl4,street_plus_flowthrough,base,adj_ebitda_musd,146.7338647952508,-8.31322,8,2022-02-15,2022-02-14,street_pit,a=+0.0 m=0.450 rev=1582 leg=naive,229.0,2022-05-03,-82.26613520474919,0.5606485954659584,,2.0,0.5140043988693758,20.0,relative
2022-02-15,2022Q1,0,rw_hl4,street_plus_flowthrough,base,adj_ebitda_margin_pct,9.276661087009634,-0.6719361186634455,8,2022-02-15,2022-02-14,street_pit,a=+0.0 m=0.450 rev=1582 leg=naive,15.176246589486508,2022-05-03,-5.899585502476874,0.6359600126750591,23.227660367532472,4.0,15.262020767286137,22.0,additive
2022-02-15,2022Q1,0,rw_hl4,dispersion_conditioned,base,adj_ebitda_musd,-8.31322,-8.31322,8,2022-02-15,2022-02-14,street_pit,disp=nan ref=nan ratio=1.000 b_pt=+0.000,229.0,2022-05-03,-237.31322,-28.546486199090126,,2.0,0.22188998417289885,19.0,relative
2022-02-15,2022Q1,0,rw_hl4,dispersion_conditioned,base,adj_ebitda_margin_pct,-0.6719361186634455,-0.6719361186634455,8,2022-02-15,2022-02-14,street_pit,disp=nan ref=nan ratio=1.000 b_pt=+0.000,15.176246589486508,2022-05-03,-15.848182708149954,-23.585847326787142,24.086218849745084,4.0,14.976589546148091,22.0,additive
2022-02-15,2022Q2,1,rw_hl4,street_plus_bias,base,adj_ebitda_musd,392.0161,392.0161,8,2022-02-15,2022-02-14,street_pit,b_pct=+0.0000 b_pt=+0.000 n_pool=0,711.0,2022-08-02,-318.9839,0.8137010189122336,,2.0,0.3811844585242143,19.0,relative
2022-02-15,2022Q2,1,rw_hl4,street_plus_bias,base,adj_ebitda_margin_pct,21.336352332222795,21.336352332222795,8,2022-02-15,2022-02-14,street_pit,b_pct=+0.0000 b_pt=+0.000 n_pool=0,33.79105720383992,2022-08-02,-12.454704871617125,0.5837316837333839,14.098060145885587,3.0,10.303899784449964,21.0,additive
2022-02-15,2022Q2,1,rw_hl4,street_plus_flowthrough,base,adj_ebitda_musd,636.5185208372716,392.0161,8,2022-02-15,2022-02-14,street_pit,a=+0.0 m=0.450 rev=2381 leg=naive,711.0,2022-08-02,-74.48147916272842,0.11701384441218776,,1.0,0.7198174120948829,19.0,relative
2022-02-15,2022Q2,1,rw_hl4,street_plus_flowthrough,base,adj_ebitda_margin_pct,26.737126629472623,21.336352332222795,8,2022-02-15,2022-02-14,street_pit,a=+0.0 m=0.450 rev=2381 leg=naive,33.79105720383992,2022-08-02,-7.053930574367296,0.26382530449594666,4.821211421187561,3.0,11.676447810810814,21.0,additive
2022-02-15,2022Q2,1,rw_hl4,dispersion_conditioned,base,adj_ebitda_musd,392.0161,392.0161,8,2022-02-15,2022-02-14,street_pit,disp=0.2517 ref=0.2872 ratio=0.876 b_pt=+0.000,711.0,2022-08-02,-318.9839,0.8137010189122336,,2.0,0.36503866345604363,19.0,relative
2022-02-15,2022Q2,1,rw_hl4,dispersion_conditioned,base,adj_ebitda_margin_pct,21.336352332222795,21.336352332222795,8,2022-02-15,2022-02-14,street_pit,disp=0.2517 ref=0.2872 ratio=0.876 b_pt=+0.000,33.79105720383992,2022-08-02,-12.454704871617125,0.5837316837333839,14.098060145885587,3.0,9.86876920344579,21.0,additive
2022-02-15,2022Q1,0,ew,street_plus_bias,base,adj_ebitda_musd,-8.31322,-8.31322,8,2022-02-15,2022-02-14,street_pit,b_pct=+0.0000 b_pt=+0.000 n_pool=0,229.0,2022-05-03,-237.31322,-28.546486199090126,,2.0,0.2455364695753904,19.0,relative
2022-02-15,2022Q1,0,ew,street_plus_bias,base,adj_ebitda_margin_pct,-0.6719361186634455,-0.6719361186634455,8,2022-02-15,2022-02-14,street_pit,b_pct=+0.0000 b_pt=+0.000 n_pool=0,15.176246589486508,2022-05-03,-15.848182708149954,-23.585847326787142,24.086218849745084,4.0,15.658207148820274,22.0,additive
2022-02-15,2022Q1,0,ew,street_plus_flowthrough,base,adj_ebitda_musd,146.7338647952508,-8.31322,8,2022-02-15,2022-02-14,street_pit,a=+0.0 m=0.450 rev=1582 leg=naive,229.0,2022-05-03,-82.26613520474919,0.5606485954659584,,2.0,0.5183593727308915,20.0,relative
2022-02-15,2022Q1,0,ew,street_plus_flowthrough,base,adj_ebitda_margin_pct,9.276661087009634,-0.6719361186634455,8,2022-02-15,2022-02-14,street_pit,a=+0.0 m=0.450 rev=1582 leg=naive,15.176246589486508,2022-05-03,-5.899585502476874,0.6359600126750591,23.227660367532472,4.0,15.418066081704948,22.0,additive
2022-02-15,2022Q1,0,ew,dispersion_conditioned,base,adj_ebitda_musd,-8.31322,-8.31322,8,2022-02-15,2022-02-14,street_pit,disp=nan ref=nan ratio=1.000 b_pt=+0.000,229.0,2022-05-03,-237.31322,-28.546486199090126,,2.0,0.22830934785698273,19.0,relative
2022-02-15,2022Q1,0,ew,dispersion_conditioned,base,adj_ebitda_margin_pct,-0.6719361186634455,-0.6719361186634455,8,2022-02-15,2022-02-14,street_pit,disp=nan ref=nan ratio=1.000 b_pt=+0.000,15.176246589486508,2022-05-03,-15.848182708149954,-23.585847326787142,24.086218849745084,4.0,15.248294600771452,22.0,additive
2022-02-15,2022Q2,1,ew,street_plus_bias,base,adj_ebitda_musd,392.0161,392.0161,8,2022-02-15,2022-02-14,street_pit,b_pct=+0.0000 b_pt=+0.000 n_pool=0,711.0,2022-08-02,-318.9839,0.8137010189122336,,2.0,0.3978399981745689,19.0,relative
2022-02-15,2022Q2,1,ew,street_plus_bias,base,adj_ebitda_margin_pct,21.336352332222795,21.336352332222795,8,2022-02-15,2022-02-14,street_pit,b_pct=+0.0000 b_pt=+0.000 n_pool=0,33.79105720383992,2022-08-02,-12.454704871617125,0.5837316837333839,14.098060145885587,3.0,10.896285308117045,21.0,additive
2022-02-15,2022Q2,1,ew,street_plus_flowthrough,base,adj_ebitda_musd,636.5185208372716,392.0161,8,2022-02-15,2022-02-14,street_pit,a=+0.0 m=0.450 rev=2381 leg=naive,711.0,2022-08-02,-74.48147916272842,0.11701384441218776,,1.0,0.7225162946030868,19.0,relative
2022-02-15,2022Q2,1,ew,street_plus_flowthrough,base,adj_ebitda_margin_pct,26.737126629472623,21.336352332222795,8,2022-02-15,2022-02-14,street_pit,a=+0.0 m=0.450 rev=2381 leg=naive,33.79105720383992,2022-08-02,-7.053930574367296,0.26382530449594666,4.821211421187561,3.0,11.81846646023149,21.0,additive
2022-02-15,2022Q2,1,ew,dispersion_conditioned,base,adj_ebitda_musd,392.0161,392.0161,8,2022-02-15,2022-02-14,street_pit,disp=0.2517 ref=0.2841 ratio=0.886 b_pt=+0.000,711.0,2022-08-02,-318.9839,0.8137010189122336,,2.0,0.37308322339868777,19.0,relative
2022-02-15,2022Q2,1,ew,dispersion_conditioned,base,adj_ebitda_margin_pct,21.336352332222795,21.336352332222795,8,2022-02-15,2022-02-14,street_pit,disp=0.2517 ref=0.2841 ratio=0.886 b_pt=+0.000,33.79105720383992,2022-08-02,-12.454704871617125,0.5837316837333839,14.098060145885587,3.0,10.139790846595657,21.0,additive
2022-02-15,2022Q1,0,rw_hl4_usd,street_plus_bias,base,adj_ebitda_musd,-8.31322,-8.31322,8,2022-02-15,2022-02-14,street_pit,b_pct=+0.0000 b_pt=+0.000 n_pool=0,229.0,2022-05-03,-237.31322,-28.546486199090126,,2.0,0.2229615811244351,19.0,relative
2022-02-15,2022Q1,0,rw_hl4_usd,street_plus_bias,base,adj_ebitda_margin_pct,-0.6719361186634455,-0.6719361186634455,8,2022-02-15,2022-02-14,street_pit,b_pct=+0.0000 b_pt=+0.000 n_pool=0,15.176246589486508,2022-05-03,-15.848182708149954,-23.585847326787142,24.086218849745084,4.0,15.220989958983703,22.0,additive
2022-02-15,2022Q1,0,rw_hl4_usd,street_plus_flowthrough,base,adj_ebitda_musd,146.7338647952508,-8.31322,8,2022-02-15,2022-02-14,street_pit,a=+0.0 m=0.450 rev=1582 leg=naive,229.0,2022-05-03,-82.26613520474919,0.5606485954659584,,2.0,0.5140043988693758,20.0,relative
2022-02-15,2022Q1,0,rw_hl4_usd,street_plus_flowthrough,base,adj_ebitda_margin_pct,9.276661087009634,-0.6719361186634455,8,2022-02-15,2022-02-14,street_pit,a=+0.0 m=0.450 rev=1582 leg=naive,15.176246589486508,2022-05-03,-5.899585502476874,0.6359600126750591,23.227660367532472,4.0,15.262020767286137,22.0,additive
2022-02-15,2022Q1,0,rw_hl4_usd,dispersion_conditioned,base,adj_ebitda_musd,-8.31322,-8.31322,8,2022-02-15,2022-02-14,street_pit,disp=nan ref=nan ratio=1.000 b_pt=+0.000,229.0,2022-05-03,-237.31322,-28.546486199090126,,2.0,0.22451747317596615,19.0,relative
2022-02-15,2022Q1,0,rw_hl4_usd,dispersion_conditioned,base,adj_ebitda_margin_pct,-0.6719361186634455,-0.6719361186634455,8,2022-02-15,2022-02-14,street_pit,disp=nan ref=nan ratio=1.000 b_pt=+0.000,15.176246589486508,2022-05-03,-15.848182708149954,-23.585847326787142,24.086218849745084,4.0,14.976589546148091,22.0,additive
2022-02-15,2022Q2,1,rw_hl4_usd,street_plus_bias,base,adj_ebitda_musd,392.0161,392.0161,8,2022-02-15,2022-02-14,street_pit,b_pct=+0.0000 b_pt=+0.000 n_pool=0,711.0,2022-08-02,-318.9839,0.8137010189122336,,2.0,0.3794593086484654,19.0,relative
2022-02-15,2022Q2,1,rw_hl4_usd,street_plus_bias,base,adj_ebitda_margin_pct,21.336352332222795,21.336352332222795,8,2022-02-15,2022-02-14,street_pit,b_pct=+0.0000 b_pt=+0.000 n_pool=0,33.79105720383992,2022-08-02,-12.454704871617125,0.5837316837333839,14.098060145885587,3.0,10.303899784449964,21.0,additive
2022-02-15,2022Q2,1,rw_hl4_usd,street_plus_flowthrough,base,adj_ebitda_musd,636.5185208372716,392.0161,8,2022-02-15,2022-02-14,street_pit,a=+0.0 m=0.450 rev=2381 leg=naive,711.0,2022-08-02,-74.48147916272842,0.11701384441218776,,1.0,0.7198174120948829,19.0,relative
2022-02-15,2022Q2,1,rw_hl4_usd,street_plus_flowthrough,base,adj_ebitda_margin_pct,26.737126629472623,21.336352332222795,8,2022-02-15,2022-02-14,street_pit,a=+0.0 m=0.450 rev=2381 leg=naive,33.79105720383992,2022-08-02,-7.053930574367296,0.26382530449594666,4.821211421187561,3.0,11.676447810810814,21.0,additive
2022-02-15,2022Q2,1,rw_hl4_usd,dispersion_conditioned,base,adj_ebitda_musd,392.0161,392.0161,8,2022-02-15,2022-02-14,street_pit,disp=0.2517 ref=0.2872 ratio=0.876 b_pt=+0.000,711.0,2022-08-02,-318.9839,0.8137010189122336,,2.0,0.3708627173516807,19.0,relative
2022-02-15,2022Q2,1,rw_hl4_usd,dispersion_conditioned,base,adj_ebitda_margin_pct,21.336352332222795,21.336352332222795,8,2022-02-15,2022-02-14,street_pit,disp=0.2517 ref=0.2872 ratio=0.876 b_pt=+0.000,33.79105720383992,2022-08-02,-12.454704871617125,0.5837316837333839,14.098060145885587,3.0,9.86876920344579,21.0,additive
2022-02-15,2022Q1,0,ew_usd,street_plus_bias,base,adj_ebitda_musd,-8.31322,-8.31322,8,2022-02-15,2022-02-14,street_pit,b_pct=+0.0000 b_pt=+0.000 n_pool=0,229.0,2022-05-03,-237.31322,-28.546486199090126,,2.0,0.23423363284309917,19.0,relative
2022-02-15,2022Q1,0,ew_usd,street_plus_bias,base,adj_ebitda_margin_pct,-0.6719361186634455,-0.6719361186634455,8,2022-02-15,2022-02-14,street_pit,b_pct=+0.0000 b_pt=+0.000 n_pool=0,15.176246589486508,2022-05-03,-15.848182708149954,-23.585847326787142,24.086218849745084,4.0,15.658207148820274,22.0,additive
2022-02-15,2022Q1,0,ew_usd,street_plus_flowthrough,base,adj_ebitda_musd,146.7338647952508,-8.31322,8,2022-02-15,2022-02-14,street_pit,a=+0.0 m=0.450 rev=1582 leg=naive,229.0,2022-05-03,-82.26613520474919,0.5606485954659584,,2.0,0.5183593727308915,20.0,relative
2022-02-15,2022Q1,0,ew_usd,street_plus_flowthrough,base,adj_ebitda_margin_pct,9.276661087009634,-0.6719361186634455,8,2022-02-15,2022-02-14,street_pit,a=+0.0 m=0.450 rev=1582 leg=naive,15.176246589486508,2022-05-03,-5.899585502476874,0.6359600126750591,23.227660367532472,4.0,15.418066081704948,22.0,additive
2022-02-15,2022Q1,0,ew_usd,dispersion_conditioned,base,adj_ebitda_musd,-8.31322,-8.31322,8,2022-02-15,2022-02-14,street_pit,disp=nan ref=nan ratio=1.000 b_pt=+0.000,229.0,2022-05-03,-237.31322,-28.546486199090126,,2.0,0.23431722937619492,19.0,relative
2022-02-15,2022Q1,0,ew_usd,dispersion_conditioned,base,adj_ebitda_margin_pct,-0.6719361186634455,-0.6719361186634455,8,2022-02-15,2022-02-14,street_pit,disp=nan ref=nan ratio=1.000 b_pt=+0.000,15.176246589486508,2022-05-03,-15.848182708149954,-23.585847326787142,24.086218849745084,4.0,15.248294600771452,22.0,additive
2022-02-15,2022Q2,1,ew_usd,street_plus_bias,base,adj_ebitda_musd,392.0161,392.0161,8,2022-02-15,2022-02-14,street_pit,b_pct=+0.0000 b_pt=+0.000 n_pool=0,711.0,2022-08-02,-318.9839,0.8137010189122336,,2.0,0.3930112037728623,19.0,relative
2022-02-15,2022Q2,1,ew_usd,street_plus_bias,base,adj_ebitda_margin_pct,21.336352332222795,21.336352332222795,8,2022-02-15,2022-02-14,street_pit,b_pct=+0.0000 b_pt=+0.000 n_pool=0,33.79105720383992,2022-08-02,-12.454704871617125,0.5837316837333839,14.098060145885587,3.0,10.896285308117045,21.0,additive
2022-02-15,2022Q2,1,ew_usd,street_plus_flowthrough,base,adj_ebitda_musd,636.5185208372716,392.0161,8,2022-02-15,2022-02-14,street_pit,a=+0.0 m=0.450 rev=2381 leg=naive,711.0,2022-08-02,-74.48147916272842,0.11701384441218776,,1.0,0.7225162946030868,19.0,relative
2022-02-15,2022Q2,1,ew_usd,street_plus_flowthrough,base,adj_ebitda_margin_pct,26.737126629472623,21.336352332222795,8,2022-02-15,2022-02-14,street_pit,a=+0.0 m=0.450 rev=2381 leg=naive,33.79105720383992,2022-08-02,-7.053930574367296,0.26382530449594666,4.821211421187561,3.0,11.81846646023149,21.0,additive
2022-02-15,2022Q2,1,ew_usd,dispersion_conditioned,base,adj_ebitda_musd,392.0161,392.0161,8,2022-02-15,2022-02-14,street_pit,disp=0.2517 ref=0.2841 ratio=0.886 b_pt=+0.000,711.0,2022-08-02,-318.9839,0.8137010189122336,,2.0,0.3764315108334057,19.0,relative
2022-02-15,2022Q2,1,ew_usd,dispersion_conditioned,base,adj_ebitda_margin_pct,21.336352332222795,21.336352332222795,8,2022-02-15,2022-02-14,street_pit,disp=0.2517 ref=0.2841 ratio=0.886 b_pt=+0.000,33.79105720383992,2022-08-02,-12.454704871617125,0.5837316837333839,14.098060145885587,3.0,10.139790846595657,21.0,additive
2022-02-15,2022Q1,0,rw_hl4_med,street_plus_bias,base,adj_ebitda_musd,-8.31322,-8.31322,8,2022-02-15,2022-02-14,street_pit,b_pct=+0.0000 b_pt=+0.000 n_pool=0,229.0,2022-05-03,-237.31322,-28.546486199090126,,2.0,0.23280684039067323,19.0,relative
2022-02-15,2022Q1,0,rw_hl4_med,street_plus_bias,base,adj_ebitda_margin_pct,-0.6719361186634455,-0.6719361186634455,8,2022-02-15,2022-02-14,street_pit,b_pct=+0.0000 b_pt=+0.000 n_pool=0,15.176246589486508,2022-05-03,-15.848182708149954,-23.585847326787142,24.086218849745084,4.0,15.094928975007344,22.0,additive
2022-02-15,2022Q1,0,rw_hl4_med,street_plus_flowthrough,base,adj_ebitda_musd,146.7338647952508,-8.31322,8,2022-02-15,2022-02-14,street_pit,a=+0.0 m=0.450 rev=1582 leg=naive,229.0,2022-05-03,-82.26613520474919,0.5606485954659584,,2.0,0.5143603690395466,20.0,relative
2022-02-15,2022Q1,0,rw_hl4_med,street_plus_flowthrough,base,adj_ebitda_margin_pct,9.276661087009634,-0.6719361186634455,8,2022-02-15,2022-02-14,street_pit,a=+0.0 m=0.450 rev=1582 leg=naive,15.176246589486508,2022-05-03,-5.899585502476874,0.6359600126750591,23.227660367532472,4.0,15.29649982708439,22.0,additive
2022-02-15,2022Q1,0,rw_hl4_med,dispersion_conditioned,base,adj_ebitda_musd,-8.31322,-8.31322,8,2022-02-15,2022-02-14,street_pit,disp=nan ref=nan ratio=1.000 b_pt=+0.000,229.0,2022-05-03,-237.31322,-28.546486199090126,,2.0,0.2183712414699615,19.0,relative
2022-02-15,2022Q1,0,rw_hl4_med,dispersion_conditioned,base,adj_ebitda_margin_pct,-0.6719361186634455,-0.6719361186634455,8,2022-02-15,2022-02-14,street_pit,disp=nan ref=nan ratio=1.000 b_pt=+0.000,15.176246589486508,2022-05-03,-15.848182708149954,-23.585847326787142,24.086218849745084,4.0,14.861826872107399,22.0,additive
2022-02-15,2022Q2,1,rw_hl4_med,street_plus_bias,base,adj_ebitda_musd,392.0161,392.0161,8,2022-02-15,2022-02-14,street_pit,b_pct=+0.0000 b_pt=+0.000 n_pool=0,711.0,2022-08-02,-318.9839,0.8137010189122336,,2.0,0.37136955885379275,19.0,relative
2022-02-15,2022Q2,1,rw_hl4_med,street_plus_bias,base,adj_ebitda_margin_pct,21.336352332222795,21.336352332222795,8,2022-02-15,2022-02-14,street_pit,b_pct=+0.0000 b_pt=+0.000 n_pool=0,33.79105720383992,2022-08-02,-12.454704871617125,0.5837316837333839,14.098060145885587,3.0,10.095755219235308,21.0,additive
2022-02-15,2022Q2,1,rw_hl4_med,street_plus_flowthrough,base,adj_ebitda_musd,636.5185208372716,392.0161,8,2022-02-15,2022-02-14,street_pit,a=+0.0 m=0.450 rev=2381 leg=naive,711.0,2022-08-02,-74.48147916272842,0.11701384441218776,,1.0,0.7218660162396997,19.0,relative
2022-02-15,2022Q2,1,rw_hl4_med,street_plus_flowthrough,base,adj_ebitda_margin_pct,26.737126629472623,21.336352332222795,8,2022-02-15,2022-02-14,street_pit,a=+0.0 m=0.450 rev=2381 leg=naive,33.79105720383992,2022-08-02,-7.053930574367296,0.26382530449594666,4.821211421187561,3.0,11.750614977883718,21.0,additive
2022-02-15,2022Q2,1,rw_hl4_med,dispersion_conditioned,base,adj_ebitda_musd,392.0161,392.0161,8,2022-02-15,2022-02-14,street_pit,disp=0.2517 ref=0.2872 ratio=0.876 b_pt=+0.000,711.0,2022-08-02,-318.9839,0.8137010189122336,,2.0,0.35783625823083315,19.0,relative
2022-02-15,2022Q2,1,rw_hl4_med,dispersion_conditioned,base,adj_ebitda_margin_pct,21.336352332222795,21.336352332222795,8,2022-02-15,2022-02-14,street_pit,disp=0.2517 ref=0.2872 ratio=0.876 b_pt=+0.000,33.79105720383992,2022-08-02,-12.454704871617125,0.5837316837333839,14.098060145885587,3.0,9.761955651586398,21.0,additive
2022-02-15,2022Q1,0,rw_hl4_from21,street_plus_bias,base,adj_ebitda_musd,-10.718599407917505,-8.31322,8,2022-02-15,2022-02-14,street_pit,b_pct=+0.2893 b_pt=+15.604 n_pool=4,229.0,2022-05-03,-239.7185994079175,-22.36473164869326,,2.0,0.20683945094981224,19.0,relative
2022-02-15,2022Q1,0,rw_hl4_from21,street_plus_bias,base,adj_ebitda_margin_pct,14.932444580141553,-0.6719361186634455,8,2022-02-15,2022-02-14,street_pit,b_pct=+0.2893 b_pt=+15.604 n_pool=4,15.176246589486508,2022-05-03,-0.24380200934495555,0.016326999108316365,33.50020773797484,4.0,14.672910051937183,22.0,additive
2022-02-15,2022Q1,0,rw_hl4_from21,street_plus_flowthrough,base,adj_ebitda_musd,348.1078044936689,-8.31322,8,2022-02-15,2022-02-14,street_pit,a=+68.1 m=0.837 rev=1582 leg=naive,229.0,2022-05-03,119.10780449366888,-0.34215781133351497,,2.0,0.29085055598509846,20.0,relative
2022-02-15,2022Q1,0,rw_hl4_from21,street_plus_flowthrough,base,adj_ebitda_margin_pct,22.007722133788533,-0.6719361186634455,8,2022-02-15,2022-02-14,street_pit,a=+68.1 m=0.837 rev=1582 leg=naive,15.176246589486508,2022-05-03,6.831475544302025,-0.31041265891909986,30.110097472850494,4.0,14.534570388944056,22.0,additive
2022-02-15,2022Q1,0,rw_hl4_from21,dispersion_conditioned,base,adj_ebitda_musd,-10.718599407917505,-8.31322,8,2022-02-15,2022-02-14,street_pit,disp=nan ref=nan ratio=1.000 b_pt=+15.604,229.0,2022-05-03,-239.7185994079175,-22.36473164869326,,2.0,0.19454854597474963,19.0,relative
2022-02-15,2022Q1,0,rw_hl4_from21,dispersion_conditioned,base,adj_ebitda_margin_pct,14.932444580141553,-0.6719361186634455,8,2022-02-15,2022-02-14,street_pit,disp=nan ref=nan ratio=1.000 b_pt=+15.604,15.176246589486508,2022-05-03,-0.24380200934495555,0.016326999108316365,33.50020773797484,4.0,14.338052835807394,22.0,additive
2022-02-15,2022Q2,1,rw_hl4_from21,street_plus_bias,base,adj_ebitda_musd,559.5193147186014,392.0161,8,2022-02-15,2022-02-14,street_pit,b_pct=+0.4273 b_pt=+10.940 n_pool=3,711.0,2022-08-02,-151.48068528139856,0.2707336124001056,,2.0,0.3578010182792309,19.0,relative
2022-02-15,2022Q2,1,rw_hl4_from21,street_plus_bias,base,adj_ebitda_margin_pct,32.275909373951464,21.336352332222795,8,2022-02-15,2022-02-14,street_pit,b_pct=+0.4273 b_pt=+10.940 n_pool=3,33.79105720383992,2022-08-02,-1.5151478298884555,0.04694361396092117,20.268086856943853,3.0,10.148821596975424,21.0,additive
2022-02-15,2022Q2,1,rw_hl4_from21,street_plus_flowthrough,base,adj_ebitda_musd,838.0898486321069,392.0161,8,2022-02-15,2022-02-14,street_pit,a=+201.6 m=0.450 rev=2381 leg=naive,711.0,2022-08-02,127.08984863210685,-0.15164227181553058,,2.0,0.9209919578872752,20.0,relative
2022-02-15,2022Q2,1,rw_hl4_from21,street_plus_flowthrough,base,adj_ebitda_margin_pct,35.204182873228454,21.336352332222795,8,2022-02-15,2022-02-14,street_pit,a=+201.6 m=0.450 rev=2381 leg=naive,33.79105720383992,2022-08-02,1.4131256693885348,-0.040140845605684206,11.593672280074463,3.0,10.999744686062382,21.0,additive
2022-02-15,2022Q2,1,rw_hl4_from21,dispersion_conditioned,base,adj_ebitda_musd,538.8113824155013,392.0161,8,2022-02-15,2022-02-14,street_pit,disp=0.2517 ref=0.2872 ratio=0.876 b_pt=+10.940,711.0,2022-08-02,-172.18861758449873,0.3195712325388784,,2.0,0.3398177001035712,19.0,relative
2022-02-15,2022Q2,1,rw_hl4_from21,dispersion_conditioned,base,adj_ebitda_margin_pct,30.923483947212098,21.336352332222795,8,2022-02-15,2022-02-14,street_pit,disp=0.2517 ref=0.2872 ratio=0.876 b_pt=+10.940,33.79105720383992,2022-08-02,-2.8675732566278214,0.09273124792545717,20.268086856943853,3.0,9.60153740883803,21.0,additive
2022-05-03,2022Q2,0,rw_hl4,street_plus_bias,base,adj_ebitda_musd,483.9639,483.9639,9,2022-05-03,2022-05-02,street_pit,b_pct=+0.0000 b_pt=+5.283 n_pool=1,711.0,2022-08-02,-227.03609999999998,0.46911784122741373,,2.0,0.23570539215389635,19.0,relative
2022-05-03,2022Q2,0,rw_hl4,street_plus_bias,base,adj_ebitda_margin_pct,29.910032297932748,24.62730472854943,9,2022-05-03,2022-05-02,street_pit,b_pct=+0.0000 b_pt=+5.283 n_pool=1,33.79105720383992,2022-08-02,-3.8810249059071715,0.12975662704902557,21.72052286651459,5.0,15.220989958983703,22.0,additive
2022-05-03,2022Q2,0,rw_hl4,street_plus_flowthrough,base,adj_ebitda_musd,700.7700484406238,483.9639,9,2022-05-03,2022-05-02,street_pit,a=+79.1 m=0.450 rev=2271 leg=naive,711.0,2022-08-02,-10.229951559376218,0.01459815752990612,0.9554396164886917,3.0,0.5140043988693758,20.0,relative
2022-05-03,2022Q2,0,rw_hl4,street_plus_flowthrough,base,adj_ebitda_margin_pct,30.855219889990064,24.62730472854943,9,2022-05-03,2022-05-02,street_pit,a=+79.1 m=0.450 rev=2271 leg=naive,33.79105720383992,2022-08-02,-2.9358373138498557,0.09514880543120974,23.015243195329766,5.0,15.262020767286137,22.0,additive
2022-05-03,2022Q2,0,rw_hl4,dispersion_conditioned,base,adj_ebitda_musd,483.9639,483.9639,9,2022-05-03,2022-05-02,street_pit,disp=0.1636 ref=0.2414 ratio=0.678 b_pt=+5.283,711.0,2022-08-02,-227.03609999999998,0.46911784122741373,,2.0,0.22188998417289885,19.0,relative
2022-05-03,2022Q2,0,rw_hl4,dispersion_conditioned,base,adj_ebitda_margin_pct,28.206984205873123,24.62730472854943,9,2022-05-03,2022-05-02,street_pit,disp=0.1636 ref=0.2414 ratio=0.678 b_pt=+5.283,33.79105720383992,2022-08-02,-5.584072997966796,0.19796774292531794,21.72052286651459,5.0,14.976589546148091,22.0,additive
2022-05-03,2022Q3,1,rw_hl4,street_plus_bias,base,adj_ebitda_musd,1193.9283,1193.9283,9,2022-05-03,2022-05-02,street_pit,b_pct=+0.0000 b_pt=+5.574 n_pool=1,1457.0,2022-11-01,-263.07169999999996,0.22034128850116041,,2.0,0.3811844585242143,19.0,relative
2022-05-03,2022Q3,1,rw_hl4,street_plus_bias,base,adj_ebitda_margin_pct,50.341826921893684,44.7682748304206,9,2022-05-03,2022-05-02,street_pit,b_pct=+0.0000 b_pt=+5.574 n_pool=1,50.512929853938935,2022-11-01,-0.17110293204525107,0.0033988224605101536,11.721914187516006,4.0,10.303899784449964,21.0,additive
2022-05-03,2022Q3,1,rw_hl4,street_plus_flowthrough,base,adj_ebitda_musd,1789.096697187148,1193.9283,9,2022-05-03,2022-05-02,street_pit,a=+82.7 m=0.450 rev=3806 leg=naive,1457.0,2022-11-01,332.09669718714804,-0.18562255338645295,,2.0,0.7198174120948829,19.0,relative
2022-05-03,2022Q3,1,rw_hl4,street_plus_flowthrough,base,adj_ebitda_margin_pct,47.01129448624896,44.7682748304206,9,2022-05-03,2022-05-02,street_pit,a=+82.7 m=0.450 rev=3806 leg=naive,50.512929853938935,2022-11-01,-3.5016353676899783,0.07448498081060562,10.913198163756913,4.0,11.676447810810814,21.0,additive
2022-05-03,2022Q3,1,rw_hl4,dispersion_conditioned,base,adj_ebitda_musd,1193.9283,1193.9283,9,2022-05-03,2022-05-02,street_pit,disp=0.1338 ref=0.2384 ratio=0.561 b_pt=+5.574,1457.0,2022-11-01,-263.07169999999996,0.22034128850116041,,2.0,0.36503866345604363,19.0,relative
2022-05-03,2022Q3,1,rw_hl4,dispersion_conditioned,base,adj_ebitda_margin_pct,47.89677051173554,44.7682748304206,9,2022-05-03,2022-05-02,street_pit,disp=0.1338 ref=0.2384 ratio=0.561 b_pt=+5.574,50.512929853938935,2022-11-01,-2.616159342203396,0.0546207878788485,11.721914187516006,4.0,9.86876920344579,21.0,additive
2022-05-03,2022Q2,0,ew,street_plus_bias,base,adj_ebitda_musd,483.9639,483.9639,9,2022-05-03,2022-05-02,street_pit,b_pct=+0.0000 b_pt=+5.283 n_pool=1,711.0,2022-08-02,-227.03609999999998,0.46911784122741373,,2.0,0.2455364695753904,19.0,relative
2022-05-03,2022Q2,0,ew,street_plus_bias,base,adj_ebitda_margin_pct,29.910032297932748,24.62730472854943,9,2022-05-03,2022-05-02,street_pit,b_pct=+0.0000 b_pt=+5.283 n_pool=1,33.79105720383992,2022-08-02,-3.8810249059071715,0.12975662704902557,21.72052286651459,5.0,15.658207148820274,22.0,additive
2022-05-03,2022Q2,0,ew,street_plus_flowthrough,base,adj_ebitda_musd,700.7700484406238,483.9639,9,2022-05-03,2022-05-02,street_pit,a=+79.1 m=0.450 rev=2271 leg=naive,711.0,2022-08-02,-10.229951559376218,0.01459815752990612,0.9554396164886917,3.0,0.5183593727308915,20.0,relative
2022-05-03,2022Q2,0,ew,street_plus_flowthrough,base,adj_ebitda_margin_pct,30.855219889990064,24.62730472854943,9,2022-05-03,2022-05-02,street_pit,a=+79.1 m=0.450 rev=2271 leg=naive,33.79105720383992,2022-08-02,-2.9358373138498557,0.09514880543120974,23.015243195329766,5.0,15.418066081704948,22.0,additive
2022-05-03,2022Q2,0,ew,dispersion_conditioned,base,adj_ebitda_musd,483.9639,483.9639,9,2022-05-03,2022-05-02,street_pit,disp=0.1636 ref=0.2472 ratio=0.662 b_pt=+5.283,711.0,2022-08-02,-227.03609999999998,0.46911784122741373,,2.0,0.22830934785698273,19.0,relative
2022-05-03,2022Q2,0,ew,dispersion_conditioned,base,adj_ebitda_margin_pct,28.122516362696643,24.62730472854943,9,2022-05-03,2022-05-02,street_pit,disp=0.1636 ref=0.2472 ratio=0.662 b_pt=+5.283,33.79105720383992,2022-08-02,-5.668540841143276,0.20156591849875705,21.72052286651459,5.0,15.248294600771452,22.0,additive
2022-05-03,2022Q3,1,ew,street_plus_bias,base,adj_ebitda_musd,1193.9283,1193.9283,9,2022-05-03,2022-05-02,street_pit,b_pct=+0.0000 b_pt=+5.574 n_pool=1,1457.0,2022-11-01,-263.07169999999996,0.22034128850116041,,2.0,0.3978399981745689,19.0,relative
2022-05-03,2022Q3,1,ew,street_plus_bias,base,adj_ebitda_margin_pct,50.341826921893684,44.7682748304206,9,2022-05-03,2022-05-02,street_pit,b_pct=+0.0000 b_pt=+5.574 n_pool=1,50.512929853938935,2022-11-01,-0.17110293204525107,0.0033988224605101536,11.721914187516006,4.0,10.896285308117045,21.0,additive
2022-05-03,2022Q3,1,ew,street_plus_flowthrough,base,adj_ebitda_musd,1789.096697187148,1193.9283,9,2022-05-03,2022-05-02,street_pit,a=+82.7 m=0.450 rev=3806 leg=naive,1457.0,2022-11-01,332.09669718714804,-0.18562255338645295,,2.0,0.7225162946030868,19.0,relative
2022-05-03,2022Q3,1,ew,street_plus_flowthrough,base,adj_ebitda_margin_pct,47.01129448624896,44.7682748304206,9,2022-05-03,2022-05-02,street_pit,a=+82.7 m=0.450 rev=3806 leg=naive,50.512929853938935,2022-11-01,-3.5016353676899783,0.07448498081060562,10.913198163756913,4.0,11.81846646023149,21.0,additive
2022-05-03,2022Q3,1,ew,dispersion_conditioned,base,adj_ebitda_musd,1193.9283,1193.9283,9,2022-05-03,2022-05-02,street_pit,disp=0.1338 ref=0.2465 ratio=0.543 b_pt=+5.574,1457.0,2022-11-01,-263.07169999999996,0.22034128850116041,,2.0,0.37308322339868777,19.0,relative
2022-05-03,2022Q3,1,ew,dispersion_conditioned,base,adj_ebitda_margin_pct,47.79328456233689,44.7682748304206,9,2022-05-03,2022-05-02,street_pit,disp=0.1338 ref=0.2465 ratio=0.543 b_pt=+5.574,50.512929853938935,2022-11-01,-2.719645291602042,0.05690433952190088,11.721914187516006,4.0,10.139790846595657,21.0,additive
2022-05-03,2022Q2,0,rw_hl4_usd,street_plus_bias,base,adj_ebitda_musd,563.0683066666667,483.9639,9,2022-05-03,2022-05-02,street_pit,b_pct=+0.0000 b_pt=+5.283 n_pool=1,711.0,2022-08-02,-147.93169333333333,0.26272424070372713,,2.0,0.2229615811244351,19.0,relative
2022-05-03,2022Q2,0,rw_hl4_usd,street_plus_bias,base,adj_ebitda_margin_pct,29.910032297932748,24.62730472854943,9,2022-05-03,2022-05-02,street_pit,b_pct=+0.0000 b_pt=+5.283 n_pool=1,33.79105720383992,2022-08-02,-3.8810249059071715,0.12975662704902557,21.72052286651459,5.0,15.220989958983703,22.0,additive
2022-05-03,2022Q2,0,rw_hl4_usd,street_plus_flowthrough,base,adj_ebitda_musd,700.7700484406238,483.9639,9,2022-05-03,2022-05-02,street_pit,a=+79.1 m=0.450 rev=2271 leg=naive,711.0,2022-08-02,-10.229951559376218,0.01459815752990612,0.9554396164886917,3.0,0.5140043988693758,20.0,relative
2022-05-03,2022Q2,0,rw_hl4_usd,street_plus_flowthrough,base,adj_ebitda_margin_pct,30.855219889990064,24.62730472854943,9,2022-05-03,2022-05-02,street_pit,a=+79.1 m=0.450 rev=2271 leg=naive,33.79105720383992,2022-08-02,-2.9358373138498557,0.09514880543120974,23.015243195329766,5.0,15.262020767286137,22.0,additive
2022-05-03,2022Q2,0,rw_hl4_usd,dispersion_conditioned,base,adj_ebitda_musd,537.5665924332935,483.9639,9,2022-05-03,2022-05-02,street_pit,disp=0.1636 ref=0.2414 ratio=0.678 b_pt=+5.283,711.0,2022-08-02,-173.43340756670648,0.32262683360150923,,2.0,0.22451747317596615,19.0,relative
2022-05-03,2022Q2,0,rw_hl4_usd,dispersion_conditioned,base,adj_ebitda_margin_pct,28.206984205873123,24.62730472854943,9,2022-05-03,2022-05-02,street_pit,disp=0.1636 ref=0.2414 ratio=0.678 b_pt=+5.283,33.79105720383992,2022-08-02,-5.584072997966796,0.19796774292531794,21.72052286651459,5.0,14.976589546148091,22.0,additive
2022-05-03,2022Q3,1,rw_hl4_usd,street_plus_bias,base,adj_ebitda_musd,1276.6515100000001,1193.9283,9,2022-05-03,2022-05-02,street_pit,b_pct=+0.0000 b_pt=+5.574 n_pool=1,1457.0,2022-11-01,-180.34848999999986,0.1412668128986898,,2.0,0.3794593086484654,19.0,relative
2022-05-03,2022Q3,1,rw_hl4_usd,street_plus_bias,base,adj_ebitda_margin_pct,50.341826921893684,44.7682748304206,9,2022-05-03,2022-05-02,street_pit,b_pct=+0.0000 b_pt=+5.574 n_pool=1,50.512929853938935,2022-11-01,-0.17110293204525107,0.0033988224605101536,11.721914187516006,4.0,10.303899784449964,21.0,additive
2022-05-03,2022Q3,1,rw_hl4_usd,street_plus_flowthrough,base,adj_ebitda_musd,1789.096697187148,1193.9283,9,2022-05-03,2022-05-02,street_pit,a=+82.7 m=0.450 rev=3806 leg=naive,1457.0,2022-11-01,332.09669718714804,-0.18562255338645295,,2.0,0.7198174120948829,19.0,relative
2022-05-03,2022Q3,1,rw_hl4_usd,street_plus_flowthrough,base,adj_ebitda_margin_pct,47.01129448624896,44.7682748304206,9,2022-05-03,2022-05-02,street_pit,a=+82.7 m=0.450 rev=3806 leg=naive,50.512929853938935,2022-11-01,-3.5016353676899783,0.07448498081060562,10.913198163756913,4.0,11.676447810810814,21.0,additive
2022-05-03,2022Q3,1,rw_hl4_usd,dispersion_conditioned,base,adj_ebitda_musd,1240.3617415435792,1193.9283,9,2022-05-03,2022-05-02,street_pit,disp=0.1338 ref=0.2384 ratio=0.561 b_pt=+5.574,1457.0,2022-11-01,-216.63825845642077,0.17465732068357998,,2.0,0.3708627173516807,19.0,relative
2022-05-03,2022Q3,1,rw_hl4_usd,dispersion_conditioned,base,adj_ebitda_margin_pct,47.89677051173554,44.7682748304206,9,2022-05-03,2022-05-02,street_pit,disp=0.1338 ref=0.2384 ratio=0.561 b_pt=+5.574,50.512929853938935,2022-11-01,-2.616159342203396,0.0546207878788485,11.721914187516006,4.0,9.86876920344579,21.0,additive
2022-05-03,2022Q2,0,ew_usd,street_plus_bias,base,adj_ebitda_musd,563.0683066666667,483.9639,9,2022-05-03,2022-05-02,street_pit,b_pct=+0.0000 b_pt=+5.283 n_pool=1,711.0,2022-08-02,-147.93169333333333,0.26272424070372713,,2.0,0.23423363284309917,19.0,relative
2022-05-03,2022Q2,0,ew_usd,street_plus_bias,base,adj_ebitda_margin_pct,29.910032297932748,24.62730472854943,9,2022-05-03,2022-05-02,street_pit,b_pct=+0.0000 b_pt=+5.283 n_pool=1,33.79105720383992,2022-08-02,-3.8810249059071715,0.12975662704902557,21.72052286651459,5.0,15.658207148820274,22.0,additive
2022-05-03,2022Q2,0,ew_usd,street_plus_flowthrough,base,adj_ebitda_musd,700.7700484406238,483.9639,9,2022-05-03,2022-05-02,street_pit,a=+79.1 m=0.450 rev=2271 leg=naive,711.0,2022-08-02,-10.229951559376218,0.01459815752990612,0.9554396164886917,3.0,0.5183593727308915,20.0,relative
2022-05-03,2022Q2,0,ew_usd,street_plus_flowthrough,base,adj_ebitda_margin_pct,30.855219889990064,24.62730472854943,9,2022-05-03,2022-05-02,street_pit,a=+79.1 m=0.450 rev=2271 leg=naive,33.79105720383992,2022-08-02,-2.9358373138498557,0.09514880543120974,23.015243195329766,5.0,15.418066081704948,22.0,additive
2022-05-03,2022Q2,0,ew_usd,dispersion_conditioned,base,adj_ebitda_musd,536.3017574538004,483.9639,9,2022-05-03,2022-05-02,street_pit,disp=0.1636 ref=0.2472 ratio=0.662 b_pt=+5.283,711.0,2022-08-02,-174.6982425461996,0.325746168305721,,2.0,0.23431722937619492,19.0,relative
2022-05-03,2022Q2,0,ew_usd,dispersion_conditioned,base,adj_ebitda_margin_pct,28.122516362696643,24.62730472854943,9,2022-05-03,2022-05-02,street_pit,disp=0.1636 ref=0.2472 ratio=0.662 b_pt=+5.283,33.79105720383992,2022-08-02,-5.668540841143276,0.20156591849875705,21.72052286651459,5.0,15.248294600771452,22.0,additive
2022-05-03,2022Q3,1,ew_usd,street_plus_bias,base,adj_ebitda_musd,1276.6515100000001,1193.9283,9,2022-05-03,2022-05-02,street_pit,b_pct=+0.0000 b_pt=+5.574 n_pool=1,1457.0,2022-11-01,-180.34848999999986,0.1412668128986898,,2.0,0.3930112037728623,19.0,relative
2022-05-03,2022Q3,1,ew_usd,street_plus_bias,base,adj_ebitda_margin_pct,50.341826921893684,44.7682748304206,9,2022-05-03,2022-05-02,street_pit,b_pct=+0.0000 b_pt=+5.574 n_pool=1,50.512929853938935,2022-11-01,-0.17110293204525107,0.0033988224605101536,11.721914187516006,4.0,10.896285308117045,21.0,additive
2022-05-03,2022Q3,1,ew_usd,street_plus_flowthrough,base,adj_ebitda_musd,1789.096697187148,1193.9283,9,2022-05-03,2022-05-02,street_pit,a=+82.7 m=0.450 rev=3806 leg=naive,1457.0,2022-11-01,332.09669718714804,-0.18562255338645295,,2.0,0.7225162946030868,19.0,relative
2022-05-03,2022Q3,1,ew_usd,street_plus_flowthrough,base,adj_ebitda_margin_pct,47.01129448624896,44.7682748304206,9,2022-05-03,2022-05-02,street_pit,a=+82.7 m=0.450 rev=3806 leg=naive,50.512929853938935,2022-11-01,-3.5016353676899783,0.07448498081060562,10.913198163756913,4.0,11.81846646023149,21.0,additive
2022-05-03,2022Q3,1,ew_usd,dispersion_conditioned,base,adj_ebitda_musd,1238.825792873206,1193.9283,9,2022-05-03,2022-05-02,street_pit,disp=0.1338 ref=0.2465 ratio=0.543 b_pt=+5.574,1457.0,2022-11-01,-218.17420712679404,0.1761137105652144,,2.0,0.3764315108334057,19.0,relative
2022-05-03,2022Q3,1,ew_usd,dispersion_conditioned,base,adj_ebitda_margin_pct,47.79328456233689,44.7682748304206,9,2022-05-03,2022-05-02,street_pit,disp=0.1338 ref=0.2465 ratio=0.543 b_pt=+5.574,50.512929853938935,2022-11-01,-2.719645291602042,0.05690433952190088,11.721914187516006,4.0,10.139790846595657,21.0,additive
2022-05-03,2022Q2,0,rw_hl4_med,street_plus_bias,base,adj_ebitda_musd,483.9639,483.9639,9,2022-05-03,2022-05-02,street_pit,b_pct=+0.0000 b_pt=+5.283 n_pool=1,711.0,2022-08-02,-227.03609999999998,0.46911784122741373,,2.0,0.23280684039067323,19.0,relative
2022-05-03,2022Q2,0,rw_hl4_med,street_plus_bias,base,adj_ebitda_margin_pct,29.910032297932748,24.62730472854943,9,2022-05-03,2022-05-02,street_pit,b_pct=+0.0000 b_pt=+5.283 n_pool=1,33.79105720383992,2022-08-02,-3.8810249059071715,0.12975662704902557,21.72052286651459,5.0,15.094928975007344,22.0,additive
2022-05-03,2022Q2,0,rw_hl4_med,street_plus_flowthrough,base,adj_ebitda_musd,700.7700484406238,483.9639,9,2022-05-03,2022-05-02,street_pit,a=+79.1 m=0.450 rev=2271 leg=naive,711.0,2022-08-02,-10.229951559376218,0.01459815752990612,0.9554396164886917,3.0,0.5143603690395466,20.0,relative
2022-05-03,2022Q2,0,rw_hl4_med,street_plus_flowthrough,base,adj_ebitda_margin_pct,30.855219889990064,24.62730472854943,9,2022-05-03,2022-05-02,street_pit,a=+79.1 m=0.450 rev=2271 leg=naive,33.79105720383992,2022-08-02,-2.9358373138498557,0.09514880543120974,23.015243195329766,5.0,15.29649982708439,22.0,additive
2022-05-03,2022Q2,0,rw_hl4_med,dispersion_conditioned,base,adj_ebitda_musd,483.9639,483.9639,9,2022-05-03,2022-05-02,street_pit,disp=0.1636 ref=0.2414 ratio=0.678 b_pt=+5.283,711.0,2022-08-02,-227.03609999999998,0.46911784122741373,,2.0,0.2183712414699615,19.0,relative
2022-05-03,2022Q2,0,rw_hl4_med,dispersion_conditioned,base,adj_ebitda_margin_pct,28.206984205873123,24.62730472854943,9,2022-05-03,2022-05-02,street_pit,disp=0.1636 ref=0.2414 ratio=0.678 b_pt=+5.283,33.79105720383992,2022-08-02,-5.584072997966796,0.19796774292531794,21.72052286651459,5.0,14.861826872107399,22.0,additive
2022-05-03,2022Q3,1,rw_hl4_med,street_plus_bias,base,adj_ebitda_musd,1193.9283,1193.9283,9,2022-05-03,2022-05-02,street_pit,b_pct=+0.0000 b_pt=+5.574 n_pool=1,1457.0,2022-11-01,-263.07169999999996,0.22034128850116041,,2.0,0.37136955885379275,19.0,relative
2022-05-03,2022Q3,1,rw_hl4_med,street_plus_bias,base,adj_ebitda_margin_pct,50.341826921893684,44.7682748304206,9,2022-05-03,2022-05-02,street_pit,b_pct=+0.0000 b_pt=+5.574 n_pool=1,50.512929853938935,2022-11-01,-0.17110293204525107,0.0033988224605101536,11.721914187516006,4.0,10.095755219235308,21.0,additive
2022-05-03,2022Q3,1,rw_hl4_med,street_plus_flowthrough,base,adj_ebitda_musd,1789.096697187148,1193.9283,9,2022-05-03,2022-05-02,street_pit,a=+82.7 m=0.450 rev=3806 leg=naive,1457.0,2022-11-01,332.09669718714804,-0.18562255338645295,,2.0,0.7218660162396997,19.0,relative
2022-05-03,2022Q3,1,rw_hl4_med,street_plus_flowthrough,base,adj_ebitda_margin_pct,47.01129448624896,44.7682748304206,9,2022-05-03,2022-05-02,street_pit,a=+82.7 m=0.450 rev=3806 leg=naive,50.512929853938935,2022-11-01,-3.5016353676899783,0.07448498081060562,10.913198163756913,4.0,11.750614977883718,21.0,additive
2022-05-03,2022Q3,1,rw_hl4_med,dispersion_conditioned,base,adj_ebitda_musd,1193.9283,1193.9283,9,2022-05-03,2022-05-02,street_pit,disp=0.1338 ref=0.2384 ratio=0.561 b_pt=+5.574,1457.0,2022-11-01,-263.07169999999996,0.22034128850116041,,2.0,0.35783625823083315,19.0,relative
2022-05-03,2022Q3,1,rw_hl4_med,dispersion_conditioned,base,adj_ebitda_margin_pct,47.89677051173554,44.7682748304206,9,2022-05-03,2022-05-02,street_pit,disp=0.1338 ref=0.2384 ratio=0.561 b_pt=+5.574,50.512929853938935,2022-11-01,-2.616159342203396,0.0546207878788485,11.721914187516006,4.0,9.761955651586398,21.0,additive
2022-05-03,2022Q2,0,rw_hl4_from21,street_plus_bias,base,adj_ebitda_musd,611.4369497568113,483.9639,9,2022-05-03,2022-05-02,street_pit,b_pct=+0.2634 b_pt=+14.768 n_pool=5,711.0,2022-08-02,-99.56305024318874,0.1628345331154557,,2.0,0.20683945094981224,19.0,relative
2022-05-03,2022Q2,0,rw_hl4_from21,street_plus_bias,base,adj_ebitda_margin_pct,39.39490483809787,24.62730472854943,9,2022-05-03,2022-05-02,street_pit,b_pct=+0.2634 b_pt=+14.768 n_pool=5,33.79105720383992,2022-08-02,5.603847634257953,-0.14224803073616277,29.647814841957636,5.0,14.672910051937183,22.0,additive
2022-05-03,2022Q2,0,rw_hl4_from21,street_plus_flowthrough,base,adj_ebitda_musd,792.1851157934759,483.9639,9,2022-05-03,2022-05-02,street_pit,a=+56.0 m=0.824 rev=2271 leg=naive,711.0,2022-08-02,81.18511579347592,-0.10248250588772867,0.8178415294544275,3.0,0.29085055598509846,20.0,relative
2022-05-03,2022Q2,0,rw_hl4_from21,street_plus_flowthrough,base,adj_ebitda_margin_pct,34.8802663523882,24.62730472854943,9,2022-05-03,2022-05-02,street_pit,a=+56.0 m=0.824 rev=2271 leg=naive,33.79105720383992,2022-08-02,1.089209148548278,-0.03122708804870411,28.84505133941692,5.0,14.534570388944056,22.0,additive
2022-05-03,2022Q2,0,rw_hl4_from21,dispersion_conditioned,base,adj_ebitda_musd,570.34213058886,483.9639,9,2022-05-03,2022-05-02,street_pit,disp=0.1636 ref=0.2414 ratio=0.678 b_pt=+14.768,711.0,2022-08-02,-140.65786941114004,0.24662016334987436,,2.0,0.19454854597474963,19.0,relative
2022-05-03,2022Q2,0,rw_hl4_from21,dispersion_conditioned,base,adj_ebitda_margin_pct,34.63411926652582,24.62730472854943,9,2022-05-03,2022-05-02,street_pit,disp=0.1636 ref=0.2414 ratio=0.678 b_pt=+14.768,33.79105720383992,2022-08-02,0.8430620626859024,-0.024341951824966124,29.647814841957636,5.0,14.338052835807394,22.0,additive
2022-05-03,2022Q3,1,rw_hl4_from21,street_plus_bias,base,adj_ebitda_musd,1658.3244201669993,1193.9283,9,2022-05-03,2022-05-02,street_pit,b_pct=+0.3890 b_pt=+11.387 n_pool=4,1457.0,2022-11-01,201.3244201669993,-0.12140231291216541,,2.0,0.3578010182792309,19.0,relative
2022-05-03,2022Q3,1,rw_hl4_from21,street_plus_bias,base,adj_ebitda_margin_pct,56.15508632130128,44.7682748304206,9,2022-05-03,2022-05-02,street_pit,b_pct=+0.3890 b_pt=+11.387 n_pool=4,50.512929853938935,2022-11-01,5.642156467362348,-0.10047454001013811,17.924315207961225,4.0,10.148821596975424,21.0,additive
2022-05-03,2022Q3,1,rw_hl4_from21,street_plus_flowthrough,base,adj_ebitda_musd,2114.019612629546,1193.9283,9,2022-05-03,2022-05-02,street_pit,a=+58.8 m=0.756 rev=3806 leg=naive,1457.0,2022-11-01,657.0196126295459,-0.3107916353776421,1.8247546735619384,3.0,0.9209919578872752,20.0,relative
2022-05-03,2022Q3,1,rw_hl4_from21,street_plus_flowthrough,base,adj_ebitda_margin_pct,55.54914874935774,44.7682748304206,9,2022-05-03,2022-05-02,street_pit,a=+58.8 m=0.756 rev=3806 leg=naive,50.512929853938935,2022-11-01,5.036218895418806,-0.0906623955326954,18.57862914709766,4.0,10.999744686062382,21.0,additive
2022-05-03,2022Q3,1,rw_hl4_from21,dispersion_conditioned,base,adj_ebitda_musd,1454.5989158868751,1193.9283,9,2022-05-03,2022-05-02,street_pit,disp=0.1338 ref=0.2384 ratio=0.561 b_pt=+11.387,1457.0,2022-11-01,-2.4010841131248526,0.0016506846573998146,,2.0,0.3398177001035712,19.0,relative
2022-05-03,2022Q3,1,rw_hl4_from21,dispersion_conditioned,base,adj_ebitda_margin_pct,51.159816523852996,44.7682748304206,9,2022-05-03,2022-05-02,street_pit,disp=0.1338 ref=0.2384 ratio=0.561 b_pt=+11.387,50.512929853938935,2022-11-01,0.6468866699140605,-0.01264442904349461,17.924315207961225,4.0,9.60153740883803,21.0,additive
2022-08-02,2022Q3,0,rw_hl4,street_plus_bias,base,adj_ebitda_musd,1455.0814101917726,1258.31535,10,2022-08-02,2022-08-01,street_pit,b_pct=+0.1564 b_pt=+5.856 n_pool=2,1457.0,2022-11-01,-1.9185898082273525,0.0013185446496595254,0.1798500014253905,3.0,0.23570539215389635,19.0,relative
2022-08-02,2022Q3,0,rw_hl4,street_plus_bias,base,adj_ebitda_margin_pct,51.276700987945,45.42118444406183,10,2022-08-02,2022-08-01,street_pit,b_pct=+0.1564 b_pt=+5.856 n_pool=2,50.512929853938935,2022-11-01,0.7637711340060633,-0.014895091128924731,21.542155981740834,6.0,15.220989958983703,22.0,additive
2022-08-02,2022Q3,0,rw_hl4,street_plus_flowthrough,base,adj_ebitda_musd,1452.638061400793,1258.31535,10,2022-08-02,2022-08-01,street_pit,a=+111.1 m=0.450 rev=2955 leg=guide_cushion,1457.0,2022-11-01,-4.361938599206951,0.003002770418256029,0.9415252988466217,4.0,0.5140043988693758,20.0,relative
2022-08-02,2022Q3,0,rw_hl4,street_plus_flowthrough,base,adj_ebitda_margin_pct,49.15295034795107,45.42118444406183,10,2022-08-02,2022-08-01,street_pit,a=+111.1 m=0.450 rev=2955 leg=guide_cushion,50.512929853938935,2022-11-01,-1.3599795059878659,0.0276683189180027,22.620472352612072,6.0,15.262020767286137,22.0,additive
2022-08-02,2022Q3,0,rw_hl4,dispersion_conditioned,base,adj_ebitda_musd,1356.6983800958863,1258.31535,10,2022-08-02,2022-08-01,street_pit,disp=0.0864 ref=0.1921 ratio=0.500 b_pt=+5.856,1457.0,2022-11-01,-100.30161990411375,0.0739306697609714,0.1798500014253905,3.0,0.22188998417289885,19.0,relative
2022-08-02,2022Q3,0,rw_hl4,dispersion_conditioned,base,adj_ebitda_margin_pct,48.348942716003414,45.42118444406183,10,2022-08-02,2022-08-01,street_pit,disp=0.0864 ref=0.1921 ratio=0.500 b_pt=+5.856,50.512929853938935,2022-11-01,-2.1639871379355213,0.04475769306159494,21.250993969117154,6.0,14.976589546148091,22.0,additive
2022-08-02,2022Q4,1,rw_hl4,street_plus_bias,base,adj_ebitda_musd,493.4907253253255,388.19828,10,2022-08-02,2022-08-01,street_pit,b_pct=+0.2712 b_pt=+6.903 n_pool=2,506.0,2023-02-14,-12.509274674674487,0.02534855070767117,0.36151319303080065,3.0,0.3811844585242143,19.0,relative
2022-08-02,2022Q4,1,rw_hl4,street_plus_bias,base,adj_ebitda_margin_pct,27.563918707561612,20.660570653663545,10,2022-08-02,2022-08-01,street_pit,b_pct=+0.2712 b_pt=+6.903 n_pool=2,26.603575184016822,2023-02-14,0.9603435235447897,-0.03484060208323492,10.703396920697758,5.0,10.303899784449964,21.0,additive
2022-08-02,2022Q4,1,rw_hl4,street_plus_flowthrough,base,adj_ebitda_musd,766.5751791997325,388.19828,10,2022-08-02,2022-08-01,street_pit,a=+137.4 m=0.450 rev=2414 leg=naive,506.0,2023-02-14,260.5751791997325,-0.33992123182459466,1.2438400900558368,3.0,0.7198174120948829,19.0,relative
2022-08-02,2022Q4,1,rw_hl4,street_plus_flowthrough,base,adj_ebitda_margin_pct,31.74910726527499,20.660570653663545,10,2022-08-02,2022-08-01,street_pit,a=+137.4 m=0.450 rev=2414 leg=naive,26.603575184016822,2023-02-14,5.1455320812581675,-0.16206855954296395,12.262921843058606,5.0,11.676447810810814,21.0,additive
2022-08-02,2022Q4,1,rw_hl4,dispersion_conditioned,base,adj_ebitda_musd,473.8699820235541,388.19828,10,2022-08-02,2022-08-01,street_pit,disp=0.1812 ref=0.2227 ratio=0.814 b_pt=+6.903,506.0,2023-02-14,-32.13001797644591,0.06780344650497172,0.36151319303080065,3.0,0.36503866345604363,19.0,relative
2022-08-02,2022Q4,1,rw_hl4,dispersion_conditioned,base,adj_ebitda_margin_pct,26.27751283418849,20.660570653663545,10,2022-08-02,2022-08-01,street_pit,disp=0.1812 ref=0.2227 ratio=0.814 b_pt=+6.903,26.603575184016822,2023-02-14,-0.3260623498283337,0.012408417489348844,10.703396920697758,5.0,9.86876920344579,21.0,additive
2022-08-02,2022Q3,0,ew,street_plus_bias,base,adj_ebitda_musd,1455.0814101917726,1258.31535,10,2022-08-02,2022-08-01,street_pit,b_pct=+0.1564 b_pt=+6.253 n_pool=2,1457.0,2022-11-01,-1.9185898082273525,0.0013185446496595254,0.1798500014253905,3.0,0.2455364695753904,19.0,relative
2022-08-02,2022Q3,0,ew,street_plus_bias,base,adj_ebitda_margin_pct,51.67416823992194,45.42118444406183,10,2022-08-02,2022-08-01,street_pit,b_pct=+0.1564 b_pt=+6.253 n_pool=2,50.512929853938935,2022-11-01,1.1612383859830047,-0.022472318869099173,21.542155981740834,6.0,15.658207148820274,22.0,additive
2022-08-02,2022Q3,0,ew,street_plus_flowthrough,base,adj_ebitda_musd,1457.659668749135,1258.31535,10,2022-08-02,2022-08-01,street_pit,a=+116.1 m=0.450 rev=2955 leg=guide_cushion,1457.0,2022-11-01,0.6596687491351076,-0.0004525533382571112,0.9415252988466217,4.0,0.5183593727308915,20.0,relative
2022-08-02,2022Q3,0,ew,street_plus_flowthrough,base,adj_ebitda_margin_pct,49.322866601158665,45.42118444406183,10,2022-08-02,2022-08-01,street_pit,a=+116.1 m=0.450 rev=2955 leg=guide_cushion,50.512929853938935,2022-11-01,-1.19006325278027,0.02412802285811,22.620472352612072,6.0,15.418066081704948,22.0,additive
2022-08-02,2022Q3,0,ew,dispersion_conditioned,base,adj_ebitda_musd,1356.6983800958863,1258.31535,10,2022-08-02,2022-08-01,street_pit,disp=0.0864 ref=0.2070 ratio=0.500 b_pt=+6.253,1457.0,2022-11-01,-100.30161990411375,0.0739306697609714,0.1798500014253905,3.0,0.22830934785698273,19.0,relative
2022-08-02,2022Q3,0,ew,dispersion_conditioned,base,adj_ebitda_margin_pct,48.54767634199189,45.42118444406183,10,2022-08-02,2022-08-01,street_pit,disp=0.0864 ref=0.2070 ratio=0.500 b_pt=+6.253,50.512929853938935,2022-11-01,-1.9652535119470471,0.040480897542920724,21.237041475746004,6.0,15.248294600771452,22.0,additive
2022-08-02,2022Q4,1,ew,street_plus_bias,base,adj_ebitda_musd,493.4907253253255,388.19828,10,2022-08-02,2022-08-01,street_pit,b_pct=+0.2712 b_pt=+7.294 n_pool=2,506.0,2023-02-14,-12.509274674674487,0.02534855070767117,0.36151319303080065,3.0,0.3978399981745689,19.0,relative
2022-08-02,2022Q4,1,ew,street_plus_bias,base,adj_ebitda_margin_pct,27.954410940172636,20.660570653663545,10,2022-08-02,2022-08-01,street_pit,b_pct=+0.2712 b_pt=+7.294 n_pool=2,26.603575184016822,2023-02-14,1.3508357561558135,-0.0483228124193652,10.703396920697758,5.0,10.896285308117045,21.0,additive
2022-08-02,2022Q4,1,ew,street_plus_flowthrough,base,adj_ebitda_musd,770.9818686797751,388.19828,10,2022-08-02,2022-08-01,street_pit,a=+141.8 m=0.450 rev=2414 leg=naive,506.0,2023-02-14,264.98186867977506,-0.3436940341198017,1.2438400900558368,3.0,0.7225162946030868,19.0,relative
2022-08-02,2022Q4,1,ew,street_plus_flowthrough,base,adj_ebitda_margin_pct,31.931618336312653,20.660570653663545,10,2022-08-02,2022-08-01,street_pit,a=+141.8 m=0.450 rev=2414 leg=naive,26.603575184016822,2023-02-14,5.32804315229583,-0.16685791168425612,12.262921843058606,5.0,11.81846646023149,21.0,additive
2022-08-02,2022Q4,1,ew,dispersion_conditioned,base,adj_ebitda_musd,469.9116648338231,388.19828,10,2022-08-02,2022-08-01,street_pit,disp=0.1812 ref=0.2335 ratio=0.776 b_pt=+7.294,506.0,2023-02-14,-36.088335166176876,0.07679812583273282,0.36151319303080065,3.0,0.37308322339868777,19.0,relative
2022-08-02,2022Q4,1,ew,dispersion_conditioned,base,adj_ebitda_margin_pct,26.321037332032212,20.660570653663545,10,2022-08-02,2022-08-01,street_pit,disp=0.1812 ref=0.2335 ratio=0.776 b_pt=+7.294,26.603575184016822,2023-02-14,-0.28253785198461046,0.01073429775659962,10.703396920697758,5.0,10.139790846595657,21.0,additive
2022-08-02,2022Q3,0,rw_hl4_usd,street_plus_bias,base,adj_ebitda_musd,1369.381072651658,1258.31535,10,2022-08-02,2022-08-01,street_pit,b_pct=+0.1564 b_pt=+5.856 n_pool=2,1457.0,2022-11-01,-87.61892734834191,0.06398432773623597,0.25873491079411853,3.0,0.2229615811244351,19.0,relative
2022-08-02,2022Q3,0,rw_hl4_usd,street_plus_bias,base,adj_ebitda_margin_pct,51.276700987945,45.42118444406183,10,2022-08-02,2022-08-01,street_pit,b_pct=+0.1564 b_pt=+5.856 n_pool=2,50.512929853938935,2022-11-01,0.7637711340060633,-0.014895091128924731,21.542155981740834,6.0,15.220989958983703,22.0,additive
2022-08-02,2022Q3,0,rw_hl4_usd,street_plus_flowthrough,base,adj_ebitda_musd,1452.638061400793,1258.31535,10,2022-08-02,2022-08-01,street_pit,a=+111.1 m=0.450 rev=2955 leg=guide_cushion,1457.0,2022-11-01,-4.361938599206951,0.003002770418256029,0.9415252988466217,4.0,0.5140043988693758,20.0,relative
2022-08-02,2022Q3,0,rw_hl4_usd,street_plus_flowthrough,base,adj_ebitda_margin_pct,49.15295034795107,45.42118444406183,10,2022-08-02,2022-08-01,street_pit,a=+111.1 m=0.450 rev=2955 leg=guide_cushion,50.512929853938935,2022-11-01,-1.3599795059878659,0.0276683189180027,22.620472352612072,6.0,15.262020767286137,22.0,additive
2022-08-02,2022Q3,0,rw_hl4_usd,dispersion_conditioned,base,adj_ebitda_musd,1313.848211325829,1258.31535,10,2022-08-02,2022-08-01,street_pit,disp=0.0864 ref=0.1921 ratio=0.500 b_pt=+5.856,1457.0,2022-11-01,-143.15178867417103,0.10895610881086015,0.23232999563382845,3.0,0.22451747317596615,19.0,relative
2022-08-02,2022Q3,0,rw_hl4_usd,dispersion_conditioned,base,adj_ebitda_margin_pct,48.348942716003414,45.42118444406183,10,2022-08-02,2022-08-01,street_pit,disp=0.0864 ref=0.1921 ratio=0.500 b_pt=+5.856,50.512929853938935,2022-11-01,-2.1639871379355213,0.04475769306159494,21.250993969117154,6.0,14.976589546148091,22.0,additive
2022-08-02,2022Q4,1,rw_hl4_usd,street_plus_bias,base,adj_ebitda_musd,525.5799730199574,388.19828,10,2022-08-02,2022-08-01,street_pit,b_pct=+0.2712 b_pt=+6.903 n_pool=2,506.0,2023-02-14,19.57997301995738,-0.03725403178407238,0.36151319303080065,3.0,0.3794593086484654,19.0,relative
2022-08-02,2022Q4,1,rw_hl4_usd,street_plus_bias,base,adj_ebitda_margin_pct,27.563918707561612,20.660570653663545,10,2022-08-02,2022-08-01,street_pit,b_pct=+0.2712 b_pt=+6.903 n_pool=2,26.603575184016822,2023-02-14,0.9603435235447897,-0.03484060208323492,10.703396920697758,5.0,10.303899784449964,21.0,additive
2022-08-02,2022Q4,1,rw_hl4_usd,street_plus_flowthrough,base,adj_ebitda_musd,766.5751791997325,388.19828,10,2022-08-02,2022-08-01,street_pit,a=+137.4 m=0.450 rev=2414 leg=naive,506.0,2023-02-14,260.5751791997325,-0.33992123182459466,1.2438400900558368,3.0,0.7198174120948829,19.0,relative
2022-08-02,2022Q4,1,rw_hl4_usd,street_plus_flowthrough,base,adj_ebitda_margin_pct,31.74910726527499,20.660570653663545,10,2022-08-02,2022-08-01,street_pit,a=+137.4 m=0.450 rev=2414 leg=naive,26.603575184016822,2023-02-14,5.1455320812581675,-0.16206855954296395,12.262921843058606,5.0,11.676447810810814,21.0,additive
2022-08-02,2022Q4,1,rw_hl4_usd,dispersion_conditioned,base,adj_ebitda_musd,499.9795519757042,388.19828,10,2022-08-02,2022-08-01,street_pit,disp=0.1812 ref=0.2227 ratio=0.814 b_pt=+6.903,506.0,2023-02-14,-6.020448024295774,0.012041388493800431,0.36151319303080065,3.0,0.3708627173516807,19.0,relative
2022-08-02,2022Q4,1,rw_hl4_usd,dispersion_conditioned,base,adj_ebitda_margin_pct,26.27751283418849,20.660570653663545,10,2022-08-02,2022-08-01,street_pit,disp=0.1812 ref=0.2227 ratio=0.814 b_pt=+6.903,26.603575184016822,2023-02-14,-0.3260623498283337,0.012408417489348844,10.703396920697758,5.0,9.86876920344579,21.0,additive
2022-08-02,2022Q3,0,ew_usd,street_plus_bias,base,adj_ebitda_musd,1374.4026800000001,1258.31535,10,2022-08-02,2022-08-01,street_pit,b_pct=+0.1564 b_pt=+6.253 n_pool=2,1457.0,2022-11-01,-82.59731999999985,0.06009688514286071,0.25873491079411853,3.0,0.23423363284309917,19.0,relative
2022-08-02,2022Q3,0,ew_usd,street_plus_bias,base,adj_ebitda_margin_pct,51.67416823992194,45.42118444406183,10,2022-08-02,2022-08-01,street_pit,b_pct=+0.1564 b_pt=+6.253 n_pool=2,50.512929853938935,2022-11-01,1.1612383859830047,-0.022472318869099173,21.542155981740834,6.0,15.658207148820274,22.0,additive
2022-08-02,2022Q3,0,ew_usd,street_plus_flowthrough,base,adj_ebitda_musd,1457.659668749135,1258.31535,10,2022-08-02,2022-08-01,street_pit,a=+116.1 m=0.450 rev=2955 leg=guide_cushion,1457.0,2022-11-01,0.6596687491351076,-0.0004525533382571112,0.9415252988466217,4.0,0.5183593727308915,20.0,relative
2022-08-02,2022Q3,0,ew_usd,street_plus_flowthrough,base,adj_ebitda_margin_pct,49.322866601158665,45.42118444406183,10,2022-08-02,2022-08-01,street_pit,a=+116.1 m=0.450 rev=2955 leg=guide_cushion,50.512929853938935,2022-11-01,-1.19006325278027,0.02412802285811,22.620472352612072,6.0,15.418066081704948,22.0,additive
2022-08-02,2022Q3,0,ew_usd,dispersion_conditioned,base,adj_ebitda_musd,1316.359015,1258.31535,10,2022-08-02,2022-08-01,street_pit,disp=0.0864 ref=0.2070 ratio=0.500 b_pt=+6.253,1457.0,2022-11-01,-140.640985,0.10684090236583366,0.2310141638262471,3.0,0.23431722937619492,19.0,relative
2022-08-02,2022Q3,0,ew_usd,dispersion_conditioned,base,adj_ebitda_margin_pct,48.54767634199189,45.42118444406183,10,2022-08-02,2022-08-01,street_pit,disp=0.0864 ref=0.2070 ratio=0.500 b_pt=+6.253,50.512929853938935,2022-11-01,-1.9652535119470471,0.040480897542920724,21.237041475746004,6.0,15.248294600771452,22.0,additive
2022-08-02,2022Q4,1,ew_usd,street_plus_bias,base,adj_ebitda_musd,529.9866625,388.19828,10,2022-08-02,2022-08-01,street_pit,b_pct=+0.2712 b_pt=+7.294 n_pool=2,506.0,2023-02-14,23.986662499999966,-0.045258992720406344,0.36151319303080065,3.0,0.3930112037728623,19.0,relative
2022-08-02,2022Q4,1,ew_usd,street_plus_bias,base,adj_ebitda_margin_pct,27.954410940172636,20.660570653663545,10,2022-08-02,2022-08-01,street_pit,b_pct=+0.2712 b_pt=+7.294 n_pool=2,26.603575184016822,2023-02-14,1.3508357561558135,-0.0483228124193652,10.703396920697758,5.0,10.896285308117045,21.0,additive
2022-08-02,2022Q4,1,ew_usd,street_plus_flowthrough,base,adj_ebitda_musd,770.9818686797751,388.19828,10,2022-08-02,2022-08-01,street_pit,a=+141.8 m=0.450 rev=2414 leg=naive,506.0,2023-02-14,264.98186867977506,-0.3436940341198017,1.2438400900558368,3.0,0.7225162946030868,19.0,relative
2022-08-02,2022Q4,1,ew_usd,street_plus_flowthrough,base,adj_ebitda_margin_pct,31.931618336312653,20.660570653663545,10,2022-08-02,2022-08-01,street_pit,a=+141.8 m=0.450 rev=2414 leg=naive,26.603575184016822,2023-02-14,5.32804315229583,-0.16685791168425612,12.262921843058606,5.0,11.81846646023149,21.0,additive
2022-08-02,2022Q4,1,ew_usd,dispersion_conditioned,base,adj_ebitda_musd,498.2347467986401,388.19828,10,2022-08-02,2022-08-01,street_pit,disp=0.1812 ref=0.2335 ratio=0.776 b_pt=+7.294,506.0,2023-02-14,-7.765253201359883,0.015585531220483562,0.36151319303080065,3.0,0.3764315108334057,19.0,relative
2022-08-02,2022Q4,1,ew_usd,dispersion_conditioned,base,adj_ebitda_margin_pct,26.321037332032212,20.660570653663545,10,2022-08-02,2022-08-01,street_pit,disp=0.1812 ref=0.2335 ratio=0.776 b_pt=+7.294,26.603575184016822,2023-02-14,-0.28253785198461046,0.01073429775659962,10.703396920697758,5.0,10.139790846595657,21.0,additive
2022-08-02,2022Q3,0,rw_hl4_med,street_plus_bias,base,adj_ebitda_musd,1455.0814101917726,1258.31535,10,2022-08-02,2022-08-01,street_pit,b_pct=+0.1564 b_pt=+4.392 n_pool=2,1457.0,2022-11-01,-1.9185898082273525,0.0013185446496595254,0.1798500014253905,3.0,0.23280684039067323,19.0,relative
2022-08-02,2022Q3,0,rw_hl4_med,street_plus_bias,base,adj_ebitda_margin_pct,49.81326307837207,45.42118444406183,10,2022-08-02,2022-08-01,street_pit,b_pct=+0.1564 b_pt=+4.392 n_pool=2,50.512929853938935,2022-11-01,-0.6996667755668682,0.014045792873798923,21.542155981740834,6.0,15.094928975007344,22.0,additive
2022-08-02,2022Q3,0,rw_hl4_med,street_plus_flowthrough,base,adj_ebitda_musd,1450.3880675366493,1258.31535,10,2022-08-02,2022-08-01,street_pit,a=+108.8 m=0.450 rev=2955 leg=guide_cushion,1457.0,2022-11-01,-6.61193246335074,0.0045587333565013655,0.9415252988466217,4.0,0.5143603690395466,20.0,relative
2022-08-02,2022Q3,0,rw_hl4_med,street_plus_flowthrough,base,adj_ebitda_margin_pct,49.076817249400136,45.42118444406183,10,2022-08-02,2022-08-01,street_pit,a=+108.8 m=0.450 rev=2955 leg=guide_cushion,50.512929853938935,2022-11-01,-1.436112604538799,0.029262545638212734,22.620472352612072,6.0,15.29649982708439,22.0,additive
2022-08-02,2022Q3,0,rw_hl4_med,dispersion_conditioned,base,adj_ebitda_musd,1356.6983800958863,1258.31535,10,2022-08-02,2022-08-01,street_pit,disp=0.0864 ref=0.1921 ratio=0.500 b_pt=+4.392,1457.0,2022-11-01,-100.30161990411375,0.0739306697609714,0.1798500014253905,3.0,0.2183712414699615,19.0,relative
2022-08-02,2022Q3,0,rw_hl4_med,dispersion_conditioned,base,adj_ebitda_margin_pct,47.61722376121695,45.42118444406183,10,2022-08-02,2022-08-01,street_pit,disp=0.0864 ref=0.1921 ratio=0.500 b_pt=+4.392,50.512929853938935,2022-11-01,-2.895706092721987,0.060812157114469745,21.250993969117154,6.0,14.861826872107399,22.0,additive
2022-08-02,2022Q4,1,rw_hl4_med,street_plus_bias,base,adj_ebitda_musd,493.4907253253255,388.19828,10,2022-08-02,2022-08-01,street_pit,b_pct=+0.2712 b_pt=+5.969 n_pool=2,506.0,2023-02-14,-12.509274674674487,0.02534855070767117,0.36151319303080065,3.0,0.37136955885379275,19.0,relative
2022-08-02,2022Q4,1,rw_hl4_med,street_plus_bias,base,adj_ebitda_margin_pct,26.629964011981546,20.660570653663545,10,2022-08-02,2022-08-01,street_pit,b_pct=+0.2712 b_pt=+5.969 n_pool=2,26.603575184016822,2023-02-14,0.026388827964723305,-0.000990944935293614,10.703396920697758,5.0,10.095755219235308,21.0,additive
2022-08-02,2022Q4,1,rw_hl4_med,street_plus_flowthrough,base,adj_ebitda_musd,782.0787125820237,388.19828,10,2022-08-02,2022-08-01,street_pit,a=+152.9 m=0.450 rev=2414 leg=naive,506.0,2023-02-14,276.07871258202374,-0.3530062999292656,1.2438400900558368,3.0,0.7218660162396997,19.0,relative
2022-08-02,2022Q4,1,rw_hl4_med,street_plus_flowthrough,base,adj_ebitda_margin_pct,32.39121433800724,20.660570653663545,10,2022-08-02,2022-08-01,street_pit,a=+152.9 m=0.450 rev=2414 leg=naive,26.603575184016822,2023-02-14,5.7876391539904155,-0.17867928919229525,12.262921843058606,5.0,11.750614977883718,21.0,additive
2022-08-02,2022Q4,1,rw_hl4_med,dispersion_conditioned,base,adj_ebitda_musd,473.8699820235541,388.19828,10,2022-08-02,2022-08-01,street_pit,disp=0.1812 ref=0.2227 ratio=0.814 b_pt=+5.969,506.0,2023-02-14,-32.13001797644591,0.06780344650497172,0.36151319303080065,3.0,0.35783625823083315,19.0,relative
2022-08-02,2022Q4,1,rw_hl4_med,dispersion_conditioned,base,adj_ebitda_margin_pct,25.517596126622106,20.660570653663545,10,2022-08-02,2022-08-01,street_pit,disp=0.1812 ref=0.2227 ratio=0.814 b_pt=+5.969,26.603575184016822,2023-02-14,-1.0859790573947166,0.042558047082723816,10.703396920697758,5.0,9.761955651586398,21.0,additive
2022-08-02,2022Q3,0,rw_hl4_from21,street_plus_bias,base,adj_ebitda_musd,1625.4083289384994,1258.31535,10,2022-08-02,2022-08-01,street_pit,b_pct=+0.2917 b_pt=+13.068 n_pool=6,1457.0,2022-11-01,168.40832893849938,-0.10360985971351666,0.35472801312792834,3.0,0.20683945094981224,19.0,relative
2022-08-02,2022Q3,0,rw_hl4_from21,street_plus_bias,base,adj_ebitda_margin_pct,58.48947555334183,45.42118444406183,10,2022-08-02,2022-08-01,street_pit,b_pct=+0.2917 b_pt=+13.068 n_pool=6,50.512929853938935,2022-11-01,7.976545699402898,-0.13637574322458001,27.38755769665527,6.0,14.672910051937183,22.0,additive
2022-08-02,2022Q3,0,rw_hl4_from21,street_plus_flowthrough,base,adj_ebitda_musd,1470.6616369734547,1258.31535,10,2022-08-02,2022-08-01,street_pit,a=+72.8 m=0.755 rev=2955 leg=guide_cushion,1457.0,2022-11-01,13.661636973454733,-0.009289449476338918,0.6811346919001052,4.0,0.29085055598509846,20.0,relative
2022-08-02,2022Q3,0,rw_hl4_from21,street_plus_flowthrough,base,adj_ebitda_margin_pct,49.76281452455215,45.42118444406183,10,2022-08-02,2022-08-01,street_pit,a=+72.8 m=0.755 rev=2955 leg=guide_cushion,50.512929853938935,2022-11-01,-0.7501153293867873,0.015073812374834406,26.64594958370028,6.0,14.534570388944056,22.0,additive
2022-08-02,2022Q3,0,rw_hl4_from21,dispersion_conditioned,base,adj_ebitda_musd,1441.8618394692498,1258.31535,10,2022-08-02,2022-08-01,street_pit,disp=0.0864 ref=0.1921 ratio=0.500 b_pt=+13.068,1457.0,2022-11-01,-15.138160530750156,0.010499036812238849,0.3333981880644157,3.0,0.19454854597474963,19.0,relative
2022-08-02,2022Q3,0,rw_hl4_from21,dispersion_conditioned,base,adj_ebitda_margin_pct,51.955329998701835,45.42118444406183,10,2022-08-02,2022-08-01,street_pit,disp=0.0864 ref=0.1921 ratio=0.500 b_pt=+13.068,50.512929853938935,2022-11-01,1.4424001447628996,-0.02776231321789202,26.96738180148605,6.0,14.338052835807394,22.0,additive
2022-08-02,2022Q4,1,rw_hl4_from21,street_plus_bias,base,adj_ebitda_musd,566.3536564924763,388.19828,10,2022-08-02,2022-08-01,street_pit,b_pct=+0.4589 b_pt=+10.934 n_pool=5,506.0,2023-02-14,60.35365649247626,-0.1065653162129413,0.5179420050322988,3.0,0.3578010182792309,19.0,relative
2022-08-02,2022Q4,1,rw_hl4_from21,street_plus_bias,base,adj_ebitda_margin_pct,31.59449365084633,20.660570653663545,10,2022-08-02,2022-08-01,street_pit,b_pct=+0.4589 b_pt=+10.934 n_pool=5,26.603575184016822,2023-02-14,4.990918466829509,-0.15796798397798717,16.46632488759925,5.0,10.148821596975424,21.0,additive
2022-08-02,2022Q4,1,rw_hl4_from21,street_plus_flowthrough,base,adj_ebitda_musd,865.6240828669379,388.19828,10,2022-08-02,2022-08-01,street_pit,a=+62.2 m=0.775 rev=2414 leg=naive,506.0,2023-02-14,359.6240828669379,-0.41545064420558486,1.7742425337351462,4.0,0.9209919578872752,20.0,relative
2022-08-02,2022Q4,1,rw_hl4_from21,street_plus_flowthrough,base,adj_ebitda_margin_pct,35.851398015571554,20.660570653663545,10,2022-08-02,2022-08-01,street_pit,a=+62.2 m=0.775 rev=2414 leg=naive,26.603575184016822,2023-02-14,9.247822831554732,-0.2579487368257737,17.98511582740885,5.0,10.999744686062382,21.0,additive
2022-08-02,2022Q4,1,rw_hl4_from21,dispersion_conditioned,base,adj_ebitda_musd,533.1552546585268,388.19828,10,2022-08-02,2022-08-01,street_pit,disp=0.1812 ref=0.2227 ratio=0.814 b_pt=+10.934,506.0,2023-02-14,27.155254658526815,-0.05093310892325187,0.4978411881796691,3.0,0.3398177001035712,19.0,relative
2022-08-02,2022Q4,1,rw_hl4_from21,dispersion_conditioned,base,adj_ebitda_margin_pct,29.557009425399645,20.660570653663545,10,2022-08-02,2022-08-01,street_pit,disp=0.1812 ref=0.2227 ratio=0.814 b_pt=+10.934,26.603575184016822,2023-02-14,2.9534342413828227,-0.09992331087612694,16.2745328582165,5.0,9.60153740883803,21.0,additive
2022-11-01,2022Q4,0,rw_hl4,street_plus_bias,base,adj_ebitda_musd,467.8660704954878,409.04014,11,2022-11-01,2022-10-31,street_pit,b_pct=+0.1438 b_pt=+5.278 n_pool=3,506.0,2023-02-14,-38.133929504512196,0.08150608028516992,0.3191109069217566,4.0,0.23570539215389635,19.0,relative
2022-11-01,2022Q4,0,rw_hl4,street_plus_bias,base,adj_ebitda_margin_pct,27.351364722367837,22.073472767976654,11,2022-11-01,2022-10-31,street_pit,b_pct=+0.1438 b_pt=+5.278 n_pool=3,26.603575184016822,2023-02-14,0.7477895383510145,-0.027340117977348144,21.600651766319444,7.0,15.220989958983703,22.0,additive
2022-11-01,2022Q4,0,rw_hl4,street_plus_flowthrough,base,adj_ebitda_musd,551.948238957599,409.04014,11,2022-11-01,2022-10-31,street_pit,a=+122.6 m=0.450 rev=1898 leg=guide_cushion,506.0,2023-02-14,45.94823895759896,-0.08324736943517763,0.8908416493774187,5.0,0.5140043988693758,20.0,relative
2022-11-01,2022Q4,0,rw_hl4,street_plus_flowthrough,base,adj_ebitda_margin_pct,29.075889296202554,22.073472767976654,11,2022-11-01,2022-10-31,street_pit,a=+122.6 m=0.450 rev=1898 leg=guide_cushion,26.603575184016822,2023-02-14,2.4723141121857317,-0.08502969890274781,22.084236573418185,7.0,15.262020767286137,22.0,additive
2022-11-01,2022Q4,0,rw_hl4,dispersion_conditioned,base,adj_ebitda_musd,467.948826102791,409.04014,11,2022-11-01,2022-10-31,street_pit,disp=0.1925 ref=0.1922 ratio=1.001 b_pt=+5.278,506.0,2023-02-14,-38.051173897209026,0.08131481857559053,0.2873634456957528,4.0,0.22188998417289885,19.0,relative
2022-11-01,2022Q4,0,rw_hl4,dispersion_conditioned,base,adj_ebitda_margin_pct,27.358789596913596,22.073472767976654,11,2022-11-01,2022-10-31,street_pit,disp=0.1925 ref=0.1922 ratio=1.001 b_pt=+5.278,26.603575184016822,2023-02-14,0.7552144128967733,-0.027604087169922575,20.960493662409792,7.0,14.976589546148091,22.0,additive
2022-11-01,2023Q1,1,rw_hl4,street_plus_bias,base,adj_ebitda_musd,257.8500001186387,208.6988,11,2022-11-01,2022-10-31,street_pit,b_pct=+0.2355 b_pt=+6.166 n_pool=3,262.0,2023-05-09,-4.149999881361282,0.01609462819256091,0.4448941316587184,4.0,0.3811844585242143,19.0,relative
2022-11-01,2023Q1,1,rw_hl4,street_plus_bias,base,adj_ebitda_margin_pct,18.483772975408584,12.31819658298581,11,2022-11-01,2022-10-31,street_pit,b_pct=+0.2355 b_pt=+6.166 n_pool=3,14.411441144114413,2023-05-09,4.072331831294171,-0.2203192950222952,12.1567479016521,6.0,10.303899784449964,21.0,additive
2022-11-01,2023Q1,1,rw_hl4,street_plus_flowthrough,base,adj_ebitda_musd,477.1497589044619,208.6988,11,2022-11-01,2022-10-31,street_pit,a=+155.4 m=0.450 rev=1945 leg=naive,262.0,2023-05-09,215.14975890446192,-0.45090614610902613,1.3008428566821184,4.0,0.7198174120948829,19.0,relative
2022-11-01,2023Q1,1,rw_hl4,street_plus_flowthrough,base,adj_ebitda_margin_pct,24.526534980346337,12.31819658298581,11,2022-11-01,2022-10-31,street_pit,a=+155.4 m=0.450 rev=1945 leg=naive,14.411441144114413,2023-05-09,10.115093836231924,-0.41241430329793327,13.096592159766809,6.0,11.676447810810814,21.0,additive
2022-11-01,2023Q1,1,rw_hl4,dispersion_conditioned,base,adj_ebitda_musd,257.8732025618622,208.6988,11,2022-11-01,2022-10-31,street_pit,disp=0.2228 ref=0.2227 ratio=1.000 b_pt=+6.166,262.0,2023-05-09,-4.126797438137828,0.01600320388912002,0.4448941316587184,4.0,0.36503866345604363,19.0,relative
2022-11-01,2023Q1,1,rw_hl4,dispersion_conditioned,base,adj_ebitda_margin_pct,18.486683513418633,12.31819658298581,11,2022-11-01,2022-10-31,street_pit,disp=0.2228 ref=0.2227 ratio=1.000 b_pt=+6.166,14.411441144114413,2023-05-09,4.07524236930422,-0.22044204772295628,11.568283555099454,6.0,9.86876920344579,21.0,additive
2022-11-01,2022Q4,0,ew,street_plus_bias,base,adj_ebitda_musd,473.15873465040386,409.04014,11,2022-11-01,2022-10-31,street_pit,b_pct=+0.1568 b_pt=+6.021 n_pool=3,506.0,2023-02-14,-32.84126534959614,0.06940855773033783,0.3191109069217566,4.0,0.2455364695753904,19.0,relative
2022-11-01,2022Q4,0,ew,street_plus_bias,base,adj_ebitda_margin_pct,28.094208886640164,22.073472767976654,11,2022-11-01,2022-10-31,street_pit,b_pct=+0.1568 b_pt=+6.021 n_pool=3,26.603575184016822,2023-02-14,1.4906337026233416,-0.05305839750241881,21.663237807403892,7.0,15.658207148820274,22.0,additive
2022-11-01,2022Q4,0,ew,street_plus_flowthrough,base,adj_ebitda_musd,561.9948113230405,409.04014,11,2022-11-01,2022-10-31,street_pit,a=+132.6 m=0.450 rev=1898 leg=guide_cushion,506.0,2023-02-14,55.994811323040494,-0.09963581548238543,0.8914651731680562,5.0,0.5183593727308915,20.0,relative
2022-11-01,2022Q4,0,ew,street_plus_flowthrough,base,adj_ebitda_margin_pct,29.605129187348044,22.073472767976654,11,2022-11-01,2022-10-31,street_pit,a=+132.6 m=0.450 rev=1898 leg=guide_cushion,26.603575184016822,2023-02-14,3.001554003331222,-0.10138628290850216,22.1070882117212,7.0,15.418066081704948,22.0,additive
2022-11-01,2022Q4,0,ew,dispersion_conditioned,base,adj_ebitda_musd,469.4960331841765,409.04014,11,2022-11-01,2022-10-31,street_pit,disp=0.1925 ref=0.2041 ratio=0.943 b_pt=+6.021,506.0,2023-02-14,-36.5039668158235,0.0777513849653837,0.2873634456957528,4.0,0.22830934785698273,19.0,relative
2022-11-01,2022Q4,0,ew,dispersion_conditioned,base,adj_ebitda_margin_pct,27.750281214334926,22.073472767976654,11,2022-11-01,2022-10-31,street_pit,disp=0.1925 ref=0.2041 ratio=0.943 b_pt=+6.021,26.603575184016822,2023-02-14,1.1467060303181036,-0.041322321077083446,20.97931536168576,7.0,15.248294600771452,22.0,additive
2022-11-01,2023Q1,1,ew,street_plus_bias,base,adj_ebitda_musd,262.6496471766016,208.6988,11,2022-11-01,2022-10-31,street_pit,b_pct=+0.2585 b_pt=+6.984 n_pool=3,262.0,2023-05-09,0.6496471766016043,-0.002473436319390121,0.4448941316587184,4.0,0.3978399981745689,19.0,relative
2022-11-01,2023Q1,1,ew,street_plus_bias,base,adj_ebitda_margin_pct,19.30219981689675,12.31819658298581,11,2022-11-01,2022-10-31,street_pit,b_pct=+0.2585 b_pt=+6.984 n_pool=3,14.411441144114413,2023-05-09,4.8907586727823364,-0.25337830502101977,12.1567479016521,6.0,10.896285308117045,21.0,additive
2022-11-01,2023Q1,1,ew,street_plus_flowthrough,base,adj_ebitda_musd,487.78890131046046,208.6988,11,2022-11-01,2022-10-31,street_pit,a=+166.0 m=0.450 rev=1945 leg=naive,262.0,2023-05-09,225.78890131046046,-0.4628824081562155,1.3008428566821184,4.0,0.7225162946030868,19.0,relative
2022-11-01,2023Q1,1,ew,street_plus_flowthrough,base,adj_ebitda_margin_pct,25.07341003060463,12.31819658298581,11,2022-11-01,2022-10-31,street_pit,a=+166.0 m=0.450 rev=1945 leg=naive,14.411441144114413,2023-05-09,10.661968886490218,-0.4252301092462576,13.096592159766809,6.0,11.81846646023149,21.0,additive
2022-11-01,2023Q1,1,ew,dispersion_conditioned,base,adj_ebitda_musd,260.5835415153858,208.6988,11,2022-11-01,2022-10-31,street_pit,disp=0.2228 ref=0.2317 ratio=0.962 b_pt=+6.984,262.0,2023-05-09,-1.4164584846142247,0.005435717376381488,0.4448941316587184,4.0,0.37308322339868777,19.0,relative
2022-11-01,2023Q1,1,ew,dispersion_conditioned,base,adj_ebitda_margin_pct,19.034739908949447,12.31819658298581,11,2022-11-01,2022-10-31,street_pit,disp=0.2228 ref=0.2317 ratio=0.962 b_pt=+6.984,14.411441144114413,2023-05-09,4.6232987648350345,-0.24288741464028762,11.544619238414189,6.0,10.139790846595657,21.0,additive
2022-11-01,2022Q4,0,rw_hl4_usd,street_plus_bias,base,adj_ebitda_musd,531.6003616345585,409.04014,11,2022-11-01,2022-10-31,street_pit,b_pct=+0.1438 b_pt=+5.278 n_pool=3,506.0,2023-02-14,25.600361634558453,-0.048157156168673,0.3032686742603049,4.0,0.2229615811244351,19.0,relative
2022-11-01,2022Q4,0,rw_hl4_usd,street_plus_bias,base,adj_ebitda_margin_pct,27.351364722367837,22.073472767976654,11,2022-11-01,2022-10-31,street_pit,b_pct=+0.1438 b_pt=+5.278 n_pool=3,26.603575184016822,2023-02-14,0.7477895383510145,-0.027340117977348144,21.600651766319444,7.0,15.220989958983703,22.0,additive
2022-11-01,2022Q4,0,rw_hl4_usd,street_plus_flowthrough,base,adj_ebitda_musd,551.948238957599,409.04014,11,2022-11-01,2022-10-31,street_pit,a=+122.6 m=0.450 rev=1898 leg=guide_cushion,506.0,2023-02-14,45.94823895759896,-0.08324736943517763,0.8908416493774187,5.0,0.5140043988693758,20.0,relative
2022-11-01,2022Q4,0,rw_hl4_usd,street_plus_flowthrough,base,adj_ebitda_margin_pct,29.075889296202554,22.073472767976654,11,2022-11-01,2022-10-31,street_pit,a=+122.6 m=0.450 rev=1898 leg=guide_cushion,26.603575184016822,2023-02-14,2.4723141121857317,-0.08502969890274781,22.084236573418185,7.0,15.262020767286137,22.0,additive
2022-11-01,2022Q4,0,rw_hl4_usd,dispersion_conditioned,base,adj_ebitda_musd,531.7727778715334,409.04014,11,2022-11-01,2022-10-31,street_pit,disp=0.1925 ref=0.1922 ratio=1.001 b_pt=+5.278,506.0,2023-02-14,25.772777871533435,-0.04846577136703234,0.279362345641919,4.0,0.22451747317596615,19.0,relative
2022-11-01,2022Q4,0,rw_hl4_usd,dispersion_conditioned,base,adj_ebitda_margin_pct,27.358789596913596,22.073472767976654,11,2022-11-01,2022-10-31,street_pit,disp=0.1925 ref=0.1922 ratio=1.001 b_pt=+5.278,26.603575184016822,2023-02-14,0.7552144128967733,-0.027604087169922575,20.960493662409792,7.0,14.976589546148091,22.0,additive
2022-11-01,2023Q1,1,rw_hl4_usd,street_plus_bias,base,adj_ebitda_musd,364.1047035940015,208.6988,11,2022-11-01,2022-10-31,street_pit,b_pct=+0.2355 b_pt=+6.166 n_pool=3,262.0,2023-05-09,102.10470359400148,-0.28042676347255957,0.47520054790386684,4.0,0.3794593086484654,19.0,relative
2022-11-01,2023Q1,1,rw_hl4_usd,street_plus_bias,base,adj_ebitda_margin_pct,18.483772975408584,12.31819658298581,11,2022-11-01,2022-10-31,street_pit,b_pct=+0.2355 b_pt=+6.166 n_pool=3,14.411441144114413,2023-05-09,4.072331831294171,-0.2203192950222952,12.1567479016521,6.0,10.303899784449964,21.0,additive
2022-11-01,2023Q1,1,rw_hl4_usd,street_plus_flowthrough,base,adj_ebitda_musd,477.1497589044619,208.6988,11,2022-11-01,2022-10-31,street_pit,a=+155.4 m=0.450 rev=1945 leg=naive,262.0,2023-05-09,215.14975890446192,-0.45090614610902613,1.3008428566821184,4.0,0.7198174120948829,19.0,relative
2022-11-01,2023Q1,1,rw_hl4_usd,street_plus_flowthrough,base,adj_ebitda_margin_pct,24.526534980346337,12.31819658298581,11,2022-11-01,2022-10-31,street_pit,a=+155.4 m=0.450 rev=1945 leg=naive,14.411441144114413,2023-05-09,10.115093836231924,-0.41241430329793327,13.096592159766809,6.0,11.676447810810814,21.0,additive
2022-11-01,2023Q1,1,rw_hl4_usd,dispersion_conditioned,base,adj_ebitda_musd,364.17806490859846,208.6988,11,2022-11-01,2022-10-31,street_pit,disp=0.2228 ref=0.2227 ratio=1.000 b_pt=+6.166,262.0,2023-05-09,102.17806490859846,-0.28057171684473403,0.4622330589267975,4.0,0.3708627173516807,19.0,relative
2022-11-01,2023Q1,1,rw_hl4_usd,dispersion_conditioned,base,adj_ebitda_margin_pct,18.486683513418633,12.31819658298581,11,2022-11-01,2022-10-31,street_pit,disp=0.2228 ref=0.2227 ratio=1.000 b_pt=+6.166,14.411441144114413,2023-05-09,4.07524236930422,-0.22044204772295628,11.568283555099454,6.0,9.86876920344579,21.0,additive
2022-11-01,2022Q4,0,ew_usd,street_plus_bias,base,adj_ebitda_musd,541.646934,409.04014,11,2022-11-01,2022-10-31,street_pit,b_pct=+0.1568 b_pt=+6.021 n_pool=3,506.0,2023-02-14,35.64693399999999,-0.06581212181291507,0.30466622959512274,4.0,0.23423363284309917,19.0,relative
2022-11-01,2022Q4,0,ew_usd,street_plus_bias,base,adj_ebitda_margin_pct,28.094208886640164,22.073472767976654,11,2022-11-01,2022-10-31,street_pit,b_pct=+0.1568 b_pt=+6.021 n_pool=3,26.603575184016822,2023-02-14,1.4906337026233416,-0.05305839750241881,21.663237807403892,7.0,15.658207148820274,22.0,additive
2022-11-01,2022Q4,0,ew_usd,street_plus_flowthrough,base,adj_ebitda_musd,561.9948113230405,409.04014,11,2022-11-01,2022-10-31,street_pit,a=+132.6 m=0.450 rev=1898 leg=guide_cushion,506.0,2023-02-14,55.994811323040494,-0.09963581548238543,0.8914651731680562,5.0,0.5183593727308915,20.0,relative
2022-11-01,2022Q4,0,ew_usd,street_plus_flowthrough,base,adj_ebitda_margin_pct,29.605129187348044,22.073472767976654,11,2022-11-01,2022-10-31,street_pit,a=+132.6 m=0.450 rev=1898 leg=guide_cushion,26.603575184016822,2023-02-14,3.001554003331222,-0.10138628290850216,22.1070882117212,7.0,15.418066081704948,22.0,additive
2022-11-01,2022Q4,0,ew_usd,dispersion_conditioned,base,adj_ebitda_musd,534.0719223912195,409.04014,11,2022-11-01,2022-10-31,street_pit,disp=0.1925 ref=0.2041 ratio=0.943 b_pt=+6.021,506.0,2023-02-14,28.07192239121946,-0.05256206367399363,0.2797970388216222,4.0,0.23431722937619492,19.0,relative
2022-11-01,2022Q4,0,ew_usd,dispersion_conditioned,base,adj_ebitda_margin_pct,27.750281214334926,22.073472767976654,11,2022-11-01,2022-10-31,street_pit,disp=0.1925 ref=0.2041 ratio=0.943 b_pt=+6.021,26.603575184016822,2023-02-14,1.1467060303181036,-0.041322321077083446,20.97931536168576,7.0,15.248294600771452,22.0,additive
2022-11-01,2023Q1,1,ew_usd,street_plus_bias,base,adj_ebitda_musd,374.743846,208.6988,11,2022-11-01,2022-10-31,street_pit,b_pct=+0.2585 b_pt=+6.984 n_pool=3,262.0,2023-05-09,112.74384600000002,-0.3008557637528223,0.47520054790386684,4.0,0.3930112037728623,19.0,relative
2022-11-01,2023Q1,1,ew_usd,street_plus_bias,base,adj_ebitda_margin_pct,19.30219981689675,12.31819658298581,11,2022-11-01,2022-10-31,street_pit,b_pct=+0.2585 b_pt=+6.984 n_pool=3,14.411441144114413,2023-05-09,4.8907586727823364,-0.25337830502101977,12.1567479016521,6.0,10.896285308117045,21.0,additive
2022-11-01,2023Q1,1,ew_usd,street_plus_flowthrough,base,adj_ebitda_musd,487.78890131046046,208.6988,11,2022-11-01,2022-10-31,street_pit,a=+166.0 m=0.450 rev=1945 leg=naive,262.0,2023-05-09,225.78890131046046,-0.4628824081562155,1.3008428566821184,4.0,0.7225162946030868,19.0,relative
2022-11-01,2023Q1,1,ew_usd,street_plus_flowthrough,base,adj_ebitda_margin_pct,25.07341003060463,12.31819658298581,11,2022-11-01,2022-10-31,street_pit,a=+166.0 m=0.450 rev=1945 leg=naive,14.411441144114413,2023-05-09,10.661968886490218,-0.4252301092462576,13.096592159766809,6.0,11.81846646023149,21.0,additive
2022-11-01,2023Q1,1,ew_usd,dispersion_conditioned,base,adj_ebitda_musd,368.38497255294453,208.6988,11,2022-11-01,2022-10-31,street_pit,disp=0.2228 ref=0.2317 ratio=0.962 b_pt=+6.984,262.0,2023-05-09,106.38497255294453,-0.28878749264848147,0.4616729086935123,4.0,0.3764315108334057,19.0,relative
2022-11-01,2023Q1,1,ew_usd,dispersion_conditioned,base,adj_ebitda_margin_pct,19.034739908949447,12.31819658298581,11,2022-11-01,2022-10-31,street_pit,disp=0.2228 ref=0.2317 ratio=0.962 b_pt=+6.984,14.411441144114413,2023-05-09,4.6232987648350345,-0.24288741464028762,11.544619238414189,6.0,10.139790846595657,21.0,additive
2022-11-01,2022Q4,0,rw_hl4_med,street_plus_bias,base,adj_ebitda_musd,439.9956174331236,409.04014,11,2022-11-01,2022-10-31,street_pit,b_pct=+0.0757 b_pt=+5.134 n_pool=3,506.0,2023-02-14,-66.00438256687642,0.150011454550246,0.3191109069217566,4.0,0.23280684039067323,19.0,relative
2022-11-01,2022Q4,0,rw_hl4_med,street_plus_bias,base,adj_ebitda_margin_pct,27.20743367123703,22.073472767976654,11,2022-11-01,2022-10-31,street_pit,b_pct=+0.0757 b_pt=+5.134 n_pool=3,26.603575184016822,2023-02-14,0.603858487220208,-0.02219461396164646,21.377737072260206,7.0,15.094928975007344,22.0,additive
2022-11-01,2022Q4,0,rw_hl4_med,street_plus_flowthrough,base,adj_ebitda_musd,556.5842138780729,409.04014,11,2022-11-01,2022-10-31,street_pit,a=+127.2 m=0.450 rev=1898 leg=guide_cushion,506.0,2023-02-14,50.58421387807289,-0.09088330681465218,0.8905616040857874,5.0,0.5143603690395466,20.0,relative
2022-11-01,2022Q4,0,rw_hl4_med,street_plus_flowthrough,base,adj_ebitda_margin_pct,29.32010620650966,22.073472767976654,11,2022-11-01,2022-10-31,street_pit,a=+127.2 m=0.450 rev=1898 leg=guide_cushion,26.603575184016822,2023-02-14,2.7165310224928376,-0.09265079066765836,22.07405055295359,7.0,15.29649982708439,22.0,additive
2022-11-01,2022Q4,0,rw_hl4_med,dispersion_conditioned,base,adj_ebitda_musd,440.03916522425516,409.04014,11,2022-11-01,2022-10-31,street_pit,disp=0.1925 ref=0.1922 ratio=1.001 b_pt=+5.134,506.0,2023-02-14,-65.96083477574484,0.14989764545646644,0.2873634456957528,4.0,0.2183712414699615,19.0,relative
2022-11-01,2022Q4,0,rw_hl4_med,dispersion_conditioned,base,adj_ebitda_margin_pct,27.21465606532144,22.073472767976654,11,2022-11-01,2022-10-31,street_pit,disp=0.1925 ref=0.1922 ratio=1.001 b_pt=+5.134,26.603575184016822,2023-02-14,0.6110808813046162,-0.022454110014761164,20.857331897690877,7.0,14.861826872107399,22.0,additive
2022-11-01,2023Q1,1,rw_hl4_med,street_plus_bias,base,adj_ebitda_musd,230.73885093363702,208.6988,11,2022-11-01,2022-10-31,street_pit,b_pct=+0.1056 b_pt=+6.978 n_pool=3,262.0,2023-05-09,-31.261149066362975,0.13548281505204351,0.4448941316587184,4.0,0.37136955885379275,19.0,relative
2022-11-01,2023Q1,1,rw_hl4_med,street_plus_bias,base,adj_ebitda_margin_pct,19.295902282146123,12.31819658298581,11,2022-11-01,2022-10-31,street_pit,b_pct=+0.1056 b_pt=+6.978 n_pool=3,14.411441144114413,2023-05-09,4.8844611380317104,-0.253134632763514,12.1567479016521,6.0,10.095755219235308,21.0,additive
2022-11-01,2023Q1,1,rw_hl4_med,street_plus_flowthrough,base,adj_ebitda_musd,469.12887320526437,208.6988,11,2022-11-01,2022-10-31,street_pit,a=+147.4 m=0.450 rev=1945 leg=naive,262.0,2023-05-09,207.12887320526437,-0.44151806685886175,1.3008428566821184,4.0,0.7218660162396997,19.0,relative
2022-11-01,2023Q1,1,rw_hl4_med,street_plus_flowthrough,base,adj_ebitda_margin_pct,24.114244017177022,12.31819658298581,11,2022-11-01,2022-10-31,street_pit,a=+147.4 m=0.450 rev=1945 leg=naive,14.411441144114413,2023-05-09,9.702802873062609,-0.4023681134748045,13.096592159766809,6.0,11.750614977883718,21.0,additive
2022-11-01,2023Q1,1,rw_hl4_med,dispersion_conditioned,base,adj_ebitda_musd,230.74925521734107,208.6988,11,2022-11-01,2022-10-31,street_pit,disp=0.2228 ref=0.2227 ratio=1.000 b_pt=+6.978,262.0,2023-05-09,-31.250744782658927,0.13543161711713458,0.4448941316587184,4.0,0.35783625823083315,19.0,relative
2022-11-01,2023Q1,1,rw_hl4_med,dispersion_conditioned,base,adj_ebitda_margin_pct,19.29919619602663,12.31819658298581,11,2022-11-01,2022-10-31,street_pit,disp=0.2228 ref=0.2227 ratio=1.000 b_pt=+6.978,14.411441144114413,2023-05-09,4.887755051912219,-0.2532621049221999,11.568283555099454,6.0,9.761955651586398,21.0,additive
2022-11-01,2022Q4,0,rw_hl4_from21,street_plus_bias,base,adj_ebitda_musd,509.58532449292113,409.04014,11,2022-11-01,2022-10-31,street_pit,b_pct=+0.2458 b_pt=+11.177 n_pool=7,506.0,2023-02-14,3.5853244929211314,-0.007035768733114178,0.37283788838766224,4.0,0.20683945094981224,19.0,relative
2022-11-01,2022Q4,0,rw_hl4_from21,street_plus_bias,base,adj_ebitda_margin_pct,33.25058259309685,22.073472767976654,11,2022-11-01,2022-10-31,street_pit,b_pct=+0.2458 b_pt=+11.177 n_pool=7,26.603575184016822,2023-02-14,6.647007409080029,-0.19990649458454945,25.753673032055012,7.0,14.672910051937183,22.0,additive
2022-11-01,2022Q4,0,rw_hl4_from21,street_plus_flowthrough,base,adj_ebitda_musd,521.3455884606506,409.04014,11,2022-11-01,2022-10-31,street_pit,a=+79.6 m=0.723 rev=1898 leg=guide_cushion,506.0,2023-02-14,15.34558846065056,-0.029434580056504678,0.5918630020772335,5.0,0.29085055598509846,20.0,relative
2022-11-01,2022Q4,0,rw_hl4_from21,street_plus_flowthrough,base,adj_ebitda_margin_pct,27.463782915176477,22.073472767976654,11,2022-11-01,2022-10-31,street_pit,a=+79.6 m=0.723 rev=1898 leg=guide_cushion,26.603575184016822,2023-02-14,0.8602077311596545,-0.03132153111668767,24.726997066871284,7.0,14.534570388944056,22.0,additive
2022-11-01,2022Q4,0,rw_hl4_from21,dispersion_conditioned,base,adj_ebitda_musd,509.72677024199885,409.04014,11,2022-11-01,2022-10-31,street_pit,disp=0.1925 ref=0.1922 ratio=1.001 b_pt=+11.177,506.0,2023-02-14,3.7267702419988495,-0.0073113096261935295,0.33293638738430686,4.0,0.19454854597474963,19.0,relative
2022-11-01,2022Q4,0,rw_hl4_from21,dispersion_conditioned,base,adj_ebitda_margin_pct,33.26630641597023,22.073472767976654,11,2022-11-01,2022-10-31,street_pit,disp=0.1925 ref=0.1922 ratio=1.001 b_pt=+11.177,26.603575184016822,2023-02-14,6.662731231953405,-0.20028467088112956,24.942155025419275,7.0,14.338052835807394,22.0,additive
2022-11-01,2023Q1,1,rw_hl4_from21,street_plus_bias,base,adj_ebitda_musd,288.2128608614892,208.6988,11,2022-11-01,2022-10-31,street_pit,b_pct=+0.3810 b_pt=+9.504 n_pool=6,262.0,2023-05-09,26.21286086148922,-0.09094965708031577,0.5912837732180233,4.0,0.3578010182792309,19.0,relative
2022-11-01,2023Q1,1,rw_hl4_from21,street_plus_bias,base,adj_ebitda_margin_pct,21.822391379287303,12.31819658298581,11,2022-11-01,2022-10-31,street_pit,b_pct=+0.3810 b_pt=+9.504 n_pool=6,14.411441144114413,2023-05-09,7.410950235172891,-0.3396030300422064,16.27852946083648,6.0,10.148821596975424,21.0,additive
2022-11-01,2023Q1,1,rw_hl4_from21,street_plus_flowthrough,base,adj_ebitda_musd,468.1691457459991,208.6988,11,2022-11-01,2022-10-31,street_pit,a=+63.1 m=0.782 rev=1945 leg=naive,262.0,2023-05-09,206.16914574599912,-0.44037320190650564,1.6957783675569782,5.0,0.9209919578872752,20.0,relative
2022-11-01,2023Q1,1,rw_hl4_from21,street_plus_flowthrough,base,adj_ebitda_margin_pct,24.06491193922457,12.31819658298581,11,2022-11-01,2022-10-31,street_pit,a=+63.1 m=0.782 rev=1945 leg=naive,14.411441144114413,2023-05-09,9.653470795110156,-0.4011429927310681,17.685309049949836,6.0,10.999744686062382,21.0,additive
2022-11-01,2023Q1,1,rw_hl4_from21,dispersion_conditioned,base,adj_ebitda_musd,288.250396475638,208.6988,11,2022-11-01,2022-10-31,street_pit,disp=0.2228 ref=0.2227 ratio=1.000 b_pt=+9.504,262.0,2023-05-09,26.250396475638013,-0.0910680325043598,0.5428909287666982,4.0,0.3398177001035712,19.0,relative
2022-11-01,2023Q1,1,rw_hl4_from21,dispersion_conditioned,base,adj_ebitda_margin_pct,21.826877954174858,12.31819658298581,11,2022-11-01,2022-10-31,street_pit,disp=0.2228 ref=0.2227 ratio=1.000 b_pt=+9.504,14.411441144114413,2023-05-09,7.415436810060445,-0.33973877645850326,15.392799240493272,6.0,9.60153740883803,21.0,additive
2023-02-14,2023Q1,0,rw_hl4,street_plus_bias,base,adj_ebitda_musd,261.3129772497341,226.39181,12,2023-02-14,2023-02-13,street_pit,b_pct=+0.1543 b_pt=+4.806 n_pool=4,262.0,2023-05-09,-0.6870227502658963,0.0026291183755842162,0.3164637361030832,5.0,0.23570539215389635,19.0,relative
2023-02-14,2023Q1,0,rw_hl4,street_plus_bias,base,adj_ebitda_margin_pct,18.218678535752346,13.412775343905574,12,2023-02-14,2023-02-13,street_pit,b_pct=+0.1543 b_pt=+4.806 n_pool=4,14.411441144114413,2023-05-09,3.8072373916379334,-0.20897439867368028,21.241358685292585,8.0,15.220989958983703,22.0,additive
2023-02-14,2023Q1,0,rw_hl4,street_plus_flowthrough,base,adj_ebitda_musd,377.5609469509403,226.39181,12,2023-02-14,2023-02-13,street_pit,a=+68.8 m=0.524 rev=1845 leg=guide_cushion,262.0,2023-05-09,115.56094695094032,-0.3060722987485147,0.8504335871923406,6.0,0.5140043988693758,20.0,relative
2023-02-14,2023Q1,0,rw_hl4,street_plus_flowthrough,base,adj_ebitda_margin_pct,20.462380522043144,13.412775343905574,12,2023-02-14,2023-02-13,street_pit,a=+68.8 m=0.524 rev=1845 leg=guide_cushion,14.411441144114413,2023-05-09,6.0509393779287315,-0.2957104317071195,21.824320200076468,8.0,15.262020767286137,22.0,additive
2023-02-14,2023Q1,0,rw_hl4,dispersion_conditioned,base,adj_ebitda_musd,260.8872830051463,226.39181,12,2023-02-14,2023-02-13,street_pit,disp=0.1891 ref=0.1914 ratio=0.988 b_pt=+4.806,262.0,2023-05-09,-1.112716994853713,0.004265125467352693,0.29716329655161655,5.0,0.22188998417289885,19.0,relative
2023-02-14,2023Q1,0,rw_hl4,dispersion_conditioned,base,adj_ebitda_margin_pct,18.160093858035687,13.412775343905574,12,2023-02-14,2023-02-13,street_pit,disp=0.1891 ref=0.1914 ratio=0.988 b_pt=+4.806,14.411441144114413,2023-05-09,3.748652713921274,-0.20642254072175548,20.767389698046916,8.0,14.976589546148091,22.0,additive
2023-02-14,2023Q2,1,rw_hl4,street_plus_bias,base,adj_ebitda_musd,970.3713805929975,786.379,12,2023-02-14,2023-02-13,street_pit,b_pct=+0.2340 b_pt=+5.741 n_pool=4,819.0,2023-08-03,151.37138059299753,-0.15599324508158297,0.4948315562866768,5.0,0.3811844585242143,19.0,relative
2023-02-14,2023Q2,1,rw_hl4,street_plus_bias,base,adj_ebitda_margin_pct,39.35626667085203,33.615475329807765,12,2023-02-14,2023-02-13,street_pit,b_pct=+0.2340 b_pt=+5.741 n_pool=4,32.971014492753625,2023-08-03,6.385252178098405,-0.1622423242402573,12.71600790082848,7.0,10.303899784449964,21.0,additive
2023-02-14,2023Q2,1,rw_hl4,street_plus_flowthrough,base,adj_ebitda_musd,1017.430742270859,786.379,12,2023-02-14,2023-02-13,street_pit,a=+78.1 m=0.561 rev=2612 leg=naive,819.0,2023-08-03,198.430742270859,-0.19503120362568427,1.2831625409663965,5.0,0.7198174120948829,19.0,relative
2023-02-14,2023Q2,1,rw_hl4,street_plus_flowthrough,base,adj_ebitda_margin_pct,38.94999203257518,33.615475329807765,12,2023-02-14,2023-02-13,street_pit,a=+78.1 m=0.561 rev=2612 leg=naive,32.971014492753625,2023-08-03,5.978977539821557,-0.15350394769840103,14.838941310856335,7.0,11.676447810810814,21.0,additive
2023-02-14,2023Q2,1,rw_hl4,dispersion_conditioned,base,adj_ebitda_musd,878.3751902964988,786.379,12,2023-02-14,2023-02-13,street_pit,disp=0.0602 ref=0.1859 ratio=0.500 b_pt=+5.741,819.0,2023-08-03,59.37519029649877,-0.0675966158338972,0.48314407649343344,5.0,0.36503866345604363,19.0,relative
2023-02-14,2023Q2,1,rw_hl4,dispersion_conditioned,base,adj_ebitda_margin_pct,36.485871000329894,33.615475329807765,12,2023-02-14,2023-02-13,street_pit,disp=0.0602 ref=0.1859 ratio=0.500 b_pt=+5.741,32.971014492753625,2023-08-03,3.514856507576269,-0.09633472934069431,12.08503848868841,7.0,9.86876920344579,21.0,additive
2023-02-14,2023Q1,0,ew,street_plus_bias,base,adj_ebitda_musd,265.5149224617704,226.39181,12,2023-02-14,2023-02-13,street_pit,b_pct=+0.1728 b_pt=+5.772 n_pool=4,262.0,2023-05-09,3.514922461770425,-0.013238135277600094,0.31913474979203343,5.0,0.2455364695753904,19.0,relative
2023-02-14,2023Q1,0,ew,street_plus_bias,base,adj_ebitda_margin_pct,19.18507251213186,13.412775343905574,12,2023-02-14,2023-02-13,street_pit,b_pct=+0.1728 b_pt=+5.772 n_pool=4,14.411441144114413,2023-05-09,4.773631368017448,-0.24882008472987516,21.378690568131496,8.0,15.658207148820274,22.0,additive
2023-02-14,2023Q1,0,ew,street_plus_flowthrough,base,adj_ebitda_musd,383.8729097581168,226.39181,12,2023-02-14,2023-02-13,street_pit,a=+78.9 m=0.500 rev=1845 leg=guide_cushion,262.0,2023-05-09,121.8729097581168,-0.31748244447598684,0.8532158154987993,6.0,0.5183593727308915,20.0,relative
2023-02-14,2023Q1,0,ew,street_plus_flowthrough,base,adj_ebitda_margin_pct,20.804465120157605,13.412775343905574,12,2023-02-14,2023-02-13,street_pit,a=+78.9 m=0.500 rev=1845 leg=guide_cushion,14.411441144114413,2023-05-09,6.393023976043192,-0.30729095600967615,21.90716411833637,8.0,15.418066081704948,22.0,additive
2023-02-14,2023Q1,0,ew,dispersion_conditioned,base,adj_ebitda_musd,263.08514206638165,226.39181,12,2023-02-14,2023-02-13,street_pit,disp=0.1891 ref=0.2016 ratio=0.938 b_pt=+5.772,262.0,2023-05-09,1.0851420663816498,-0.004124680161937233,0.2980371799151645,5.0,0.22830934785698273,19.0,relative
2023-02-14,2023Q1,0,ew,dispersion_conditioned,base,adj_ebitda_margin_pct,18.82657816919278,13.412775343905574,12,2023-02-14,2023-02-13,street_pit,disp=0.1891 ref=0.2016 ratio=0.938 b_pt=+5.772,14.411441144114413,2023-05-09,4.415137025078366,-0.23451617098975308,20.8312457467525,8.0,15.248294600771452,22.0,additive
2023-02-14,2023Q2,1,ew,street_plus_bias,base,adj_ebitda_musd,996.7353685975642,786.379,12,2023-02-14,2023-02-13,street_pit,b_pct=+0.2675 b_pt=+6.811 n_pool=4,819.0,2023-08-03,177.73536859756416,-0.17831750953880876,0.4948315562866768,5.0,0.3978399981745689,19.0,relative
2023-02-14,2023Q2,1,ew,street_plus_bias,base,adj_ebitda_margin_pct,40.42597877979243,33.615475329807765,12,2023-02-14,2023-02-13,street_pit,b_pct=+0.2675 b_pt=+6.811 n_pool=4,32.971014492753625,2023-08-03,7.4549642870388055,-0.18441023599322937,12.788713632844111,7.0,10.896285308117045,21.0,additive
2023-02-14,2023Q2,1,ew,street_plus_flowthrough,base,adj_ebitda_musd,1025.9560840608606,786.379,12,2023-02-14,2023-02-13,street_pit,a=+84.6 m=0.568 rev=2612 leg=naive,819.0,2023-08-03,206.95608406086058,-0.2017202171477973,1.283971144534974,5.0,0.7225162946030868,19.0,relative
2023-02-14,2023Q2,1,ew,street_plus_flowthrough,base,adj_ebitda_margin_pct,39.27636510250463,33.615475329807765,12,2023-02-14,2023-02-13,street_pit,a=+84.6 m=0.568 rev=2612 leg=naive,32.971014492753625,2023-08-03,6.305350609751002,-0.16053803841814562,14.879906701065053,7.0,11.81846646023149,21.0,additive
2023-02-14,2023Q2,1,ew,dispersion_conditioned,base,adj_ebitda_musd,891.5571842987821,786.379,12,2023-02-14,2023-02-13,street_pit,disp=0.0602 ref=0.2072 ratio=0.500 b_pt=+6.811,819.0,2023-08-03,72.55718429878209,-0.0813825356091421,0.48072770731106756,5.0,0.37308322339868777,19.0,relative
2023-02-14,2023Q2,1,ew,dispersion_conditioned,base,adj_ebitda_margin_pct,37.0207270548001,33.615475329807765,12,2023-02-14,2023-02-13,street_pit,disp=0.0602 ref=0.2072 ratio=0.500 b_pt=+6.811,32.971014492753625,2023-08-03,4.049712562046473,-0.10939041137824945,12.077368489367917,7.0,10.139790846595657,21.0,additive
2023-02-14,2023Q1,0,rw_hl4_usd,street_plus_bias,base,adj_ebitda_musd,336.390327824762,226.39181,12,2023-02-14,2023-02-13,street_pit,b_pct=+0.1543 b_pt=+4.806 n_pool=4,262.0,2023-05-09,74.39032782476198,-0.22114288572385654,0.32777795286395556,5.0,0.2229615811244351,19.0,relative
2023-02-14,2023Q1,0,rw_hl4_usd,street_plus_bias,base,adj_ebitda_margin_pct,18.218678535752346,13.412775343905574,12,2023-02-14,2023-02-13,street_pit,b_pct=+0.1543 b_pt=+4.806 n_pool=4,14.411441144114413,2023-05-09,3.8072373916379334,-0.20897439867368028,21.241358685292585,8.0,15.220989958983703,22.0,additive
2023-02-14,2023Q1,0,rw_hl4_usd,street_plus_flowthrough,base,adj_ebitda_musd,377.5609469509403,226.39181,12,2023-02-14,2023-02-13,street_pit,a=+68.8 m=0.524 rev=1845 leg=guide_cushion,262.0,2023-05-09,115.56094695094032,-0.3060722987485147,0.8504335871923406,6.0,0.5140043988693758,20.0,relative
2023-02-14,2023Q1,0,rw_hl4_usd,street_plus_flowthrough,base,adj_ebitda_margin_pct,20.462380522043144,13.412775343905574,12,2023-02-14,2023-02-13,street_pit,a=+68.8 m=0.524 rev=1845 leg=guide_cushion,14.411441144114413,2023-05-09,6.0509393779287315,-0.2957104317071195,21.824320200076468,8.0,15.262020767286137,22.0,additive
2023-02-14,2023Q1,0,rw_hl4_usd,dispersion_conditioned,base,adj_ebitda_musd,335.0494294631374,226.39181,12,2023-02-14,2023-02-13,street_pit,disp=0.1891 ref=0.1914 ratio=0.988 b_pt=+4.806,262.0,2023-05-09,73.04942946313741,-0.21802582854770813,0.3190387963232769,5.0,0.22451747317596615,19.0,relative
2023-02-14,2023Q1,0,rw_hl4_usd,dispersion_conditioned,base,adj_ebitda_margin_pct,18.160093858035687,13.412775343905574,12,2023-02-14,2023-02-13,street_pit,disp=0.1891 ref=0.1914 ratio=0.988 b_pt=+4.806,14.411441144114413,2023-05-09,3.748652713921274,-0.20642254072175548,20.767389698046916,8.0,14.976589546148091,22.0,additive
2023-02-14,2023Q2,1,rw_hl4_usd,street_plus_bias,base,adj_ebitda_musd,924.8566295757015,786.379,12,2023-02-14,2023-02-13,street_pit,b_pct=+0.2340 b_pt=+5.741 n_pool=4,819.0,2023-08-03,105.8566295757015,-0.11445733986279105,0.5272898886353001,5.0,0.3794593086484654,19.0,relative
2023-02-14,2023Q2,1,rw_hl4_usd,street_plus_bias,base,adj_ebitda_margin_pct,39.35626667085203,33.615475329807765,12,2023-02-14,2023-02-13,street_pit,b_pct=+0.2340 b_pt=+5.741 n_pool=4,32.971014492753625,2023-08-03,6.385252178098405,-0.1622423242402573,12.71600790082848,7.0,10.303899784449964,21.0,additive
2023-02-14,2023Q2,1,rw_hl4_usd,street_plus_flowthrough,base,adj_ebitda_musd,1017.430742270859,786.379,12,2023-02-14,2023-02-13,street_pit,a=+78.1 m=0.561 rev=2612 leg=naive,819.0,2023-08-03,198.430742270859,-0.19503120362568427,1.2831625409663965,5.0,0.7198174120948829,19.0,relative
2023-02-14,2023Q2,1,rw_hl4_usd,street_plus_flowthrough,base,adj_ebitda_margin_pct,38.94999203257518,33.615475329807765,12,2023-02-14,2023-02-13,street_pit,a=+78.1 m=0.561 rev=2612 leg=naive,32.971014492753625,2023-08-03,5.978977539821557,-0.15350394769840103,14.838941310856335,7.0,11.676447810810814,21.0,additive
2023-02-14,2023Q2,1,rw_hl4_usd,dispersion_conditioned,base,adj_ebitda_musd,855.6178147878508,786.379,12,2023-02-14,2023-02-13,street_pit,disp=0.0602 ref=0.1859 ratio=0.500 b_pt=+5.741,819.0,2023-08-03,36.61781478785076,-0.04279692890327458,0.5071284514249835,5.0,0.3708627173516807,19.0,relative
2023-02-14,2023Q2,1,rw_hl4_usd,dispersion_conditioned,base,adj_ebitda_margin_pct,36.485871000329894,33.615475329807765,12,2023-02-14,2023-02-13,street_pit,disp=0.0602 ref=0.1859 ratio=0.500 b_pt=+5.741,32.971014492753625,2023-08-03,3.514856507576269,-0.09633472934069431,12.08503848868841,7.0,9.86876920344579,21.0,additive
2023-02-14,2023Q1,0,ew_usd,street_plus_bias,base,adj_ebitda_musd,353.0574483333333,226.39181,12,2023-02-14,2023-02-13,street_pit,b_pct=+0.1728 b_pt=+5.772 n_pool=4,262.0,2023-05-09,91.0574483333333,-0.2579111381538195,0.33325305713202336,5.0,0.23423363284309917,19.0,relative
2023-02-14,2023Q1,0,ew_usd,street_plus_bias,base,adj_ebitda_margin_pct,19.18507251213186,13.412775343905574,12,2023-02-14,2023-02-13,street_pit,b_pct=+0.1728 b_pt=+5.772 n_pool=4,14.411441144114413,2023-05-09,4.773631368017448,-0.24882008472987516,21.378690568131496,8.0,15.658207148820274,22.0,additive
2023-02-14,2023Q1,0,ew_usd,street_plus_flowthrough,base,adj_ebitda_musd,383.8729097581168,226.39181,12,2023-02-14,2023-02-13,street_pit,a=+78.9 m=0.500 rev=1845 leg=guide_cushion,262.0,2023-05-09,121.8729097581168,-0.31748244447598684,0.8532158154987993,6.0,0.5183593727308915,20.0,relative
2023-02-14,2023Q1,0,ew_usd,street_plus_flowthrough,base,adj_ebitda_margin_pct,20.804465120157605,13.412775343905574,12,2023-02-14,2023-02-13,street_pit,a=+78.9 m=0.500 rev=1845 leg=guide_cushion,14.411441144114413,2023-05-09,6.393023976043192,-0.30729095600967615,21.90716411833637,8.0,15.418066081704948,22.0,additive
2023-02-14,2023Q1,0,ew_usd,dispersion_conditioned,base,adj_ebitda_musd,345.1907509918968,226.39181,12,2023-02-14,2023-02-13,street_pit,disp=0.1891 ref=0.2016 ratio=0.938 b_pt=+5.772,262.0,2023-05-09,83.19075099189678,-0.24099936267947586,0.32059399568359437,5.0,0.23431722937619492,19.0,relative
2023-02-14,2023Q1,0,ew_usd,dispersion_conditioned,base,adj_ebitda_margin_pct,18.82657816919278,13.412775343905574,12,2023-02-14,2023-02-13,street_pit,disp=0.1891 ref=0.2016 ratio=0.938 b_pt=+5.772,14.411441144114413,2023-05-09,4.415137025078366,-0.23451617098975308,20.8312457467525,8.0,15.248294600771452,22.0,additive
2023-02-14,2023Q2,1,ew_usd,street_plus_bias,base,adj_ebitda_musd,944.3834916666667,786.379,12,2023-02-14,2023-02-13,street_pit,b_pct=+0.2675 b_pt=+6.811 n_pool=4,819.0,2023-08-03,125.38349166666671,-0.13276755976048193,0.5295353909595106,5.0,0.3930112037728623,19.0,relative
2023-02-14,2023Q2,1,ew_usd,street_plus_bias,base,adj_ebitda_margin_pct,40.42597877979243,33.615475329807765,12,2023-02-14,2023-02-13,street_pit,b_pct=+0.2675 b_pt=+6.811 n_pool=4,32.971014492753625,2023-08-03,7.4549642870388055,-0.18441023599322937,12.788713632844111,7.0,10.896285308117045,21.0,additive
2023-02-14,2023Q2,1,ew_usd,street_plus_flowthrough,base,adj_ebitda_musd,1025.9560840608606,786.379,12,2023-02-14,2023-02-13,street_pit,a=+84.6 m=0.568 rev=2612 leg=naive,819.0,2023-08-03,206.95608406086058,-0.2017202171477973,1.283971144534974,5.0,0.7225162946030868,19.0,relative
2023-02-14,2023Q2,1,ew_usd,street_plus_flowthrough,base,adj_ebitda_margin_pct,39.27636510250463,33.615475329807765,12,2023-02-14,2023-02-13,street_pit,a=+84.6 m=0.568 rev=2612 leg=naive,32.971014492753625,2023-08-03,6.305350609751002,-0.16053803841814562,14.879906701065053,7.0,11.81846646023149,21.0,additive
2023-02-14,2023Q2,1,ew_usd,dispersion_conditioned,base,adj_ebitda_musd,865.3812458333333,786.379,12,2023-02-14,2023-02-13,street_pit,disp=0.0602 ref=0.2072 ratio=0.500 b_pt=+6.811,819.0,2023-08-03,46.38124583333331,-0.053596314984466376,0.5058730910317881,5.0,0.3764315108334057,19.0,relative
2023-02-14,2023Q2,1,ew_usd,dispersion_conditioned,base,adj_ebitda_margin_pct,37.0207270548001,33.615475329807765,12,2023-02-14,2023-02-13,street_pit,disp=0.0602 ref=0.2072 ratio=0.500 b_pt=+6.811,32.971014492753625,2023-08-03,4.049712562046473,-0.10939041137824945,12.077368489367917,7.0,10.139790846595657,21.0,additive
2023-02-14,2023Q1,0,rw_hl4_med,street_plus_bias,base,adj_ebitda_musd,256.4571396689907,226.39181,12,2023-02-14,2023-02-13,street_pit,b_pct=+0.1328 b_pt=+3.112 n_pool=4,262.0,2023-05-09,-5.542860331009308,0.021613203431043004,0.3027210229636542,5.0,0.23280684039067323,19.0,relative
2023-02-14,2023Q1,0,rw_hl4_med,street_plus_bias,base,adj_ebitda_margin_pct,16.524301128405156,13.412775343905574,12,2023-02-14,2023-02-13,street_pit,b_pct=+0.1328 b_pt=+3.112 n_pool=4,14.411441144114413,2023-05-09,2.1128599842907434,-0.1278638030057896,21.055016582099565,8.0,15.094928975007344,22.0,additive
2023-02-14,2023Q1,0,rw_hl4_med,street_plus_flowthrough,base,adj_ebitda_musd,366.80678212857913,226.39181,12,2023-02-14,2023-02-13,street_pit,a=+58.0 m=0.524 rev=1845 leg=guide_cushion,262.0,2023-05-09,104.80678212857913,-0.28572749260628594,0.8513386621630259,6.0,0.5143603690395466,20.0,relative
2023-02-14,2023Q1,0,rw_hl4_med,street_plus_flowthrough,base,adj_ebitda_margin_pct,19.879545314723572,13.412775343905574,12,2023-02-14,2023-02-13,street_pit,a=+58.0 m=0.524 rev=1845 leg=guide_cushion,14.411441144114413,2023-05-09,5.468104170609159,-0.2750618328558685,21.84720460572597,8.0,15.29649982708439,22.0,additive
2023-02-14,2023Q1,0,rw_hl4_med,dispersion_conditioned,base,adj_ebitda_musd,256.09063880977845,226.39181,12,2023-02-14,2023-02-13,street_pit,disp=0.1891 ref=0.1914 ratio=0.988 b_pt=+3.112,262.0,2023-05-09,-5.909361190221546,0.023075272168034955,0.2815758275210038,5.0,0.2183712414699615,19.0,relative
2023-02-14,2023Q1,0,rw_hl4_med,dispersion_conditioned,base,adj_ebitda_margin_pct,16.486371164355685,13.412775343905574,12,2023-02-14,2023-02-13,street_pit,disp=0.1891 ref=0.1914 ratio=0.988 b_pt=+3.112,14.411441144114413,2023-05-09,2.074930020241272,-0.12585729142913926,20.673167079243008,8.0,14.861826872107399,22.0,additive
2023-02-14,2023Q2,1,rw_hl4_med,street_plus_bias,base,adj_ebitda_musd,920.0721448418216,786.379,12,2023-02-14,2023-02-13,street_pit,b_pct=+0.1700 b_pt=+3.632 n_pool=4,819.0,2023-08-03,101.07214484182157,-0.10985241256184086,0.4948315562866768,5.0,0.37136955885379275,19.0,relative
2023-02-14,2023Q2,1,rw_hl4_med,street_plus_bias,base,adj_ebitda_margin_pct,37.24719890297015,33.615475329807765,12,2023-02-14,2023-02-13,street_pit,b_pct=+0.1700 b_pt=+3.632 n_pool=4,32.971014492753625,2023-08-03,4.276184410216523,-0.11480552997706184,12.547448954804425,7.0,10.095755219235308,21.0,additive
2023-02-14,2023Q2,1,rw_hl4_med,street_plus_flowthrough,base,adj_ebitda_musd,1003.4120766938182,786.379,12,2023-02-14,2023-02-13,street_pit,a=+64.1 m=0.561 rev=2612 leg=naive,819.0,2023-08-03,184.41207669381822,-0.18378498821884304,1.2859742894548958,5.0,0.7218660162396997,19.0,relative
2023-02-14,2023Q2,1,rw_hl4_med,street_plus_flowthrough,base,adj_ebitda_margin_pct,38.41331971686122,33.615475329807765,12,2023-02-14,2023-02-13,street_pit,a=+64.1 m=0.561 rev=2612 leg=naive,32.971014492753625,2023-08-03,5.442305224107592,-0.14167755518715908,14.983975689062355,7.0,11.750614977883718,21.0,additive
2023-02-14,2023Q2,1,rw_hl4_med,dispersion_conditioned,base,adj_ebitda_musd,853.2255724209108,786.379,12,2023-02-14,2023-02-13,street_pit,disp=0.0602 ref=0.1859 ratio=0.500 b_pt=+3.632,819.0,2023-08-03,34.225572420910794,-0.04011315826341255,0.48314407649343344,5.0,0.35783625823083315,19.0,relative
2023-02-14,2023Q2,1,rw_hl4_med,dispersion_conditioned,base,adj_ebitda_margin_pct,35.43133711638896,33.615475329807765,12,2023-02-14,2023-02-13,street_pit,disp=0.0602 ref=0.1859 ratio=0.500 b_pt=+3.632,32.971014492753625,2023-08-03,2.460322623635335,-0.06943916949996498,11.948022194039085,7.0,9.761955651586398,21.0,additive
2023-02-14,2023Q1,0,rw_hl4_from21,street_plus_bias,base,adj_ebitda_musd,278.4395810832373,226.39181,12,2023-02-14,2023-02-13,street_pit,b_pct=+0.2299 b_pt=+9.657 n_pool=8,262.0,2023-05-09,16.43958108323727,-0.05904182522930457,0.3425221472524874,5.0,0.20683945094981224,19.0,relative
2023-02-14,2023Q1,0,rw_hl4_from21,street_plus_bias,base,adj_ebitda_margin_pct,23.07010851269861,13.412775343905574,12,2023-02-14,2023-02-13,street_pit,b_pct=+0.2299 b_pt=+9.657 n_pool=8,14.411441144114413,2023-05-09,8.658667368584197,-0.37531975039554577,24.26134420345876,8.0,14.672910051937183,22.0,additive
2023-02-14,2023Q1,0,rw_hl4_from21,street_plus_flowthrough,base,adj_ebitda_musd,414.55143377446564,226.39181,12,2023-02-14,2023-02-13,street_pit,a=+69.5 m=0.754 rev=1845 leg=guide_cushion,262.0,2023-05-09,152.55143377446564,-0.36799157196368637,0.5311689361138628,6.0,0.29085055598509846,20.0,relative
2023-02-14,2023Q1,0,rw_hl4_from21,street_plus_flowthrough,base,adj_ebitda_margin_pct,22.467125512729243,13.412775343905574,12,2023-02-14,2023-02-13,street_pit,a=+69.5 m=0.754 rev=1845 leg=guide_cushion,14.411441144114413,2023-05-09,8.05568436861483,-0.35855429587780174,23.262793580777224,8.0,14.534570388944056,22.0,additive
2023-02-14,2023Q1,0,rw_hl4_from21,dispersion_conditioned,base,adj_ebitda_musd,277.80511097989546,226.39181,12,2023-02-14,2023-02-13,street_pit,disp=0.1891 ref=0.1914 ratio=0.988 b_pt=+9.657,262.0,2023-05-09,15.80511097989546,-0.05689280130285024,0.319032136645256,5.0,0.19454854597474963,19.0,relative
2023-02-14,2023Q1,0,rw_hl4_from21,dispersion_conditioned,base,adj_ebitda_margin_pct,22.95238417895507,13.412775343905574,12,2023-02-14,2023-02-13,street_pit,disp=0.1891 ref=0.1914 ratio=0.988 b_pt=+9.657,14.411441144114413,2023-05-09,8.540943034840659,-0.3721157230660076,23.639963456838583,8.0,14.338052835807394,22.0,additive
2023-02-14,2023Q2,1,rw_hl4_from21,street_plus_bias,base,adj_ebitda_musd,1057.4038411660304,786.379,12,2023-02-14,2023-02-13,street_pit,b_pct=+0.3446 b_pt=+8.478 n_pool=7,819.0,2023-08-03,238.40384116603036,-0.2254614858436067,0.5791595949340329,5.0,0.3578010182792309,19.0,relative
2023-02-14,2023Q2,1,rw_hl4_from21,street_plus_bias,base,adj_ebitda_margin_pct,42.09335017186635,33.615475329807765,12,2023-02-14,2023-02-13,street_pit,b_pct=+0.3446 b_pt=+8.478 n_pool=7,32.971014492753625,2023-08-03,9.122335679112723,-0.2167167888007583,15.712119675642008,7.0,10.148821596975424,21.0,additive
2023-02-14,2023Q2,1,rw_hl4_from21,street_plus_flowthrough,base,adj_ebitda_musd,1055.6453902082935,786.379,12,2023-02-14,2023-02-13,street_pit,a=+77.4 m=0.703 rev=2612 leg=naive,819.0,2023-08-03,236.64539020829352,-0.2241712912340763,1.619148726536862,6.0,0.9209919578872752,20.0,relative
2023-02-14,2023Q2,1,rw_hl4_from21,street_plus_flowthrough,base,adj_ebitda_margin_pct,40.41295179076822,33.615475329807765,12,2023-02-14,2023-02-13,street_pit,a=+77.4 m=0.703 rev=2612 leg=naive,32.971014492753625,2023-08-03,7.441937298014594,-0.1841473331753659,17.70218333012715,7.0,10.999744686062382,21.0,additive
2023-02-14,2023Q2,1,rw_hl4_from21,dispersion_conditioned,base,adj_ebitda_musd,921.8914205830152,786.379,12,2023-02-14,2023-02-13,street_pit,disp=0.0602 ref=0.1859 ratio=0.500 b_pt=+8.478,819.0,2023-08-03,102.89142058301525,-0.11160904449891229,0.5396569701907326,5.0,0.3398177001035712,19.0,relative
2023-02-14,2023Q2,1,rw_hl4_from21,dispersion_conditioned,base,adj_ebitda_margin_pct,37.85441275083706,33.615475329807765,12,2023-02-14,2023-02-13,street_pit,disp=0.0602 ref=0.1859 ratio=0.500 b_pt=+8.478,32.971014492753625,2023-08-03,4.883398258083432,-0.12900472899227444,14.827406963937285,7.0,9.60153740883803,21.0,additive
2023-05-09,2023Q2,0,rw_hl4,street_plus_bias,base,adj_ebitda_musd,960.2334374614579,838.41465,13,2023-05-09,2023-05-08,street_pit,b_pct=+0.1453 b_pt=+3.860 n_pool=5,819.0,2023-08-03,141.23343746145792,-0.1470823988746245,0.31794463937984196,6.0,0.23570539215389635,19.0,relative
2023-05-09,2023Q2,0,rw_hl4,street_plus_bias,base,adj_ebitda_margin_pct,38.5175851568318,34.65743460660639,13,2023-05-09,2023-05-08,street_pit,b_pct=+0.1453 b_pt=+3.860 n_pool=5,32.971014492753625,2023-08-03,5.546570664078175,-0.1440009969860322,21.042103616996044,9.0,15.220989958983703,22.0,additive
2023-05-09,2023Q2,0,rw_hl4,street_plus_flowthrough,base,adj_ebitda_musd,908.4217347215299,838.41465,13,2023-05-09,2023-05-08,street_pit,a=+46.8 m=0.526 rev=2463 leg=guide_cushion,819.0,2023-08-03,89.4217347215299,-0.09843636639643094,0.8372657365110299,7.0,0.5140043988693758,20.0,relative
2023-05-09,2023Q2,0,rw_hl4,street_plus_flowthrough,base,adj_ebitda_margin_pct,36.8777582854654,34.65743460660639,13,2023-05-09,2023-05-08,street_pit,a=+46.8 m=0.526 rev=2463 leg=guide_cushion,32.971014492753625,2023-08-03,3.9067437927117723,-0.1059376701390099,21.745312023449948,9.0,15.262020767286137,22.0,additive
2023-05-09,2023Q2,0,rw_hl4,dispersion_conditioned,base,adj_ebitda_musd,899.324043730729,838.41465,13,2023-05-09,2023-05-08,street_pit,disp=0.0540 ref=0.1603 ratio=0.500 b_pt=+3.860,819.0,2023-08-03,80.32404373072904,-0.0893160193933159,0.3052225335806254,6.0,0.22188998417289885,19.0,relative
2023-05-09,2023Q2,0,rw_hl4,dispersion_conditioned,base,adj_ebitda_margin_pct,36.58750988171909,34.65743460660639,13,2023-05-09,2023-05-08,street_pit,disp=0.0540 ref=0.1603 ratio=0.500 b_pt=+3.860,32.971014492753625,2023-08-03,3.6164953889654683,-0.0988450813038918,20.682750771479423,9.0,14.976589546148091,22.0,additive
2023-05-09,2023Q3,1,rw_hl4,street_plus_bias,base,adj_ebitda_musd,2047.8796410270597,1673.56569,13,2023-05-09,2023-05-08,street_pit,b_pct=+0.2237 b_pt=+4.771 n_pool=5,1834.0,2023-11-01,213.87964102705973,-0.10443955628163482,0.49903204240963606,6.0,0.3811844585242143,19.0,relative
2023-05-09,2023Q3,1,rw_hl4,street_plus_bias,base,adj_ebitda_margin_pct,55.93107578381691,51.16045797814665,13,2023-05-09,2023-05-08,street_pit,b_pct=+0.2237 b_pt=+4.771 n_pool=5,53.98881365911098,2023-11-01,1.9422621247059269,-0.03472599261657505,13.249066820938726,8.0,10.303899784449964,21.0,additive
2023-05-09,2023Q3,1,rw_hl4,street_plus_flowthrough,base,adj_ebitda_musd,1853.1436201120027,1673.56569,13,2023-05-09,2023-05-08,street_pit,a=+48.0 m=0.647 rev=3475 leg=naive,1834.0,2023-11-01,19.143620112002736,-0.010330348875412954,1.2494682678877753,6.0,0.7198174120948829,19.0,relative
2023-05-09,2023Q3,1,rw_hl4,street_plus_flowthrough,base,adj_ebitda_margin_pct,53.33461735604756,51.16045797814665,13,2023-05-09,2023-05-08,street_pit,a=+48.0 m=0.647 rev=3475 leg=naive,53.98881365911098,2023-11-01,-0.6541963030634221,0.012265885376024688,16.31739057155633,8.0,11.676447810810814,21.0,additive
2023-05-09,2023Q3,1,rw_hl4,dispersion_conditioned,base,adj_ebitda_musd,1860.72266551353,1673.56569,13,2023-05-09,2023-05-08,street_pit,disp=0.0362 ref=0.1542 ratio=0.500 b_pt=+4.771,1834.0,2023-11-01,26.722665513530046,-0.014361444619773622,0.49144345926667393,6.0,0.36503866345604363,19.0,relative
2023-05-09,2023Q3,1,rw_hl4,dispersion_conditioned,base,adj_ebitda_margin_pct,53.54576688098178,51.16045797814665,13,2023-05-09,2023-05-08,street_pit,disp=0.0362 ref=0.1542 ratio=0.500 b_pt=+4.771,53.98881365911098,2023-11-01,-0.4430467781292009,0.008274170003279124,12.824350847020437,8.0,9.86876920344579,21.0,additive
2023-05-09,2023Q2,0,ew,street_plus_bias,base,adj_ebitda_musd,981.1328438573021,838.41465,13,2023-05-09,2023-05-08,street_pit,b_pct=+0.1702 b_pt=+5.090 n_pool=5,819.0,2023-08-03,162.13284385730208,-0.16525065374417636,0.32259430503473757,6.0,0.2455364695753904,19.0,relative
2023-05-09,2023Q2,0,ew,street_plus_bias,base,adj_ebitda_margin_pct,39.747784436544464,34.65743460660639,13,2023-05-09,2023-05-08,street_pit,b_pct=+0.1702 b_pt=+5.090 n_pool=5,32.971014492753625,2023-08-03,6.776769943790839,-0.17049428137584988,21.254909939366346,9.0,15.658207148820274,22.0,additive
2023-05-09,2023Q2,0,ew,street_plus_flowthrough,base,adj_ebitda_musd,921.7339587353905,838.41465,13,2023-05-09,2023-05-08,street_pit,a=+59.5 m=0.538 rev=2463 leg=guide_cushion,819.0,2023-08-03,102.7339587353905,-0.11145727871016109,0.8407697779159149,7.0,0.5183593727308915,20.0,relative
2023-05-09,2023Q2,0,ew,street_plus_flowthrough,base,adj_ebitda_margin_pct,37.41817355808721,34.65743460660639,13,2023-05-09,2023-05-08,street_pit,a=+59.5 m=0.538 rev=2463 leg=guide_cushion,32.971014492753625,2023-08-03,4.447159065333587,-0.11885024421167723,21.847368872364346,9.0,15.418066081704948,22.0,additive
2023-05-09,2023Q2,0,ew,dispersion_conditioned,base,adj_ebitda_musd,909.773746928651,838.41465,13,2023-05-09,2023-05-08,street_pit,disp=0.0540 ref=0.1805 ratio=0.500 b_pt=+5.090,819.0,2023-08-03,90.77374692865101,-0.09977617757722568,0.30745294209136215,6.0,0.22830934785698273,19.0,relative
2023-05-09,2023Q2,0,ew,dispersion_conditioned,base,adj_ebitda_margin_pct,37.202609521575425,34.65743460660639,13,2023-05-09,2023-05-08,street_pit,disp=0.0540 ref=0.1805 ratio=0.500 b_pt=+5.090,32.971014492753625,2023-08-03,4.2315950288218005,-0.11374457553488859,20.80855913738866,9.0,15.248294600771452,22.0,additive
2023-05-09,2023Q3,1,ew,street_plus_bias,base,adj_ebitda_musd,2117.8688304143534,1673.56569,13,2023-05-09,2023-05-08,street_pit,b_pct=+0.2655 b_pt=+6.137 n_pool=5,1834.0,2023-11-01,283.8688304143534,-0.13403513302512482,0.5025788762708786,6.0,0.3978399981745689,19.0,relative
2023-05-09,2023Q3,1,ew,street_plus_bias,base,adj_ebitda_margin_pct,57.29706730115188,51.16045797814665,13,2023-05-09,2023-05-08,street_pit,b_pct=+0.2655 b_pt=+6.137 n_pool=5,53.98881365911098,2023-11-01,3.3082536420408957,-0.0577386208032743,13.434192069044608,8.0,10.896285308117045,21.0,additive
2023-05-09,2023Q3,1,ew,street_plus_flowthrough,base,adj_ebitda_musd,1867.2808869575597,1673.56569,13,2023-05-09,2023-05-08,street_pit,a=+56.2 m=0.676 rev=3475 leg=naive,1834.0,2023-11-01,33.28088695755969,-0.017823181927270504,1.2519497561831778,6.0,0.7225162946030868,19.0,relative
2023-05-09,2023Q3,1,ew,street_plus_flowthrough,base,adj_ebitda_margin_pct,53.741496622978055,51.16045797814665,13,2023-05-09,2023-05-08,street_pit,a=+56.2 m=0.676 rev=3475 leg=naive,53.98881365911098,2023-11-01,-0.24731703613292666,0.00460197522722483,16.44922595827172,8.0,11.81846646023149,21.0,additive
2023-05-09,2023Q3,1,ew,dispersion_conditioned,base,adj_ebitda_musd,1895.7172602071767,1673.56569,13,2023-05-09,2023-05-08,street_pit,disp=0.0362 ref=0.1858 ratio=0.500 b_pt=+6.137,1834.0,2023-11-01,61.71726020717665,-0.032556152493136925,0.49197766980887386,6.0,0.37308322339868777,19.0,relative
2023-05-09,2023Q3,1,ew,dispersion_conditioned,base,adj_ebitda_margin_pct,54.22876263964927,51.16045797814665,13,2023-05-09,2023-05-08,street_pit,disp=0.0362 ref=0.1858 ratio=0.500 b_pt=+6.137,53.98881365911098,2023-11-01,0.23994898053828706,-0.004424754850719137,12.915519075819164,8.0,10.139790846595657,21.0,additive
2023-05-09,2023Q2,0,rw_hl4_usd,street_plus_bias,base,adj_ebitda_musd,929.0262692510237,838.41465,13,2023-05-09,2023-05-08,street_pit,b_pct=+0.1453 b_pt=+3.860 n_pool=5,819.0,2023-08-03,110.02626925102368,-0.11843181715381024,0.3628751331462032,6.0,0.2229615811244351,19.0,relative
2023-05-09,2023Q2,0,rw_hl4_usd,street_plus_bias,base,adj_ebitda_margin_pct,38.5175851568318,34.65743460660639,13,2023-05-09,2023-05-08,street_pit,b_pct=+0.1453 b_pt=+3.860 n_pool=5,32.971014492753625,2023-08-03,5.546570664078175,-0.1440009969860322,21.042103616996044,9.0,15.220989958983703,22.0,additive
2023-05-09,2023Q2,0,rw_hl4_usd,street_plus_flowthrough,base,adj_ebitda_musd,908.4217347215299,838.41465,13,2023-05-09,2023-05-08,street_pit,a=+46.8 m=0.526 rev=2463 leg=guide_cushion,819.0,2023-08-03,89.4217347215299,-0.09843636639643094,0.8372657365110299,7.0,0.5140043988693758,20.0,relative
2023-05-09,2023Q2,0,rw_hl4_usd,street_plus_flowthrough,base,adj_ebitda_margin_pct,36.8777582854654,34.65743460660639,13,2023-05-09,2023-05-08,street_pit,a=+46.8 m=0.526 rev=2463 leg=guide_cushion,32.971014492753625,2023-08-03,3.9067437927117723,-0.1059376701390099,21.745312023449948,9.0,15.262020767286137,22.0,additive
2023-05-09,2023Q2,0,rw_hl4_usd,dispersion_conditioned,base,adj_ebitda_musd,883.7204596255118,838.41465,13,2023-05-09,2023-05-08,street_pit,disp=0.0540 ref=0.1603 ratio=0.500 b_pt=+3.860,819.0,2023-08-03,64.72045962551181,-0.07323634857671846,0.36099339974044126,6.0,0.22451747317596615,19.0,relative
2023-05-09,2023Q2,0,rw_hl4_usd,dispersion_conditioned,base,adj_ebitda_margin_pct,36.58750988171909,34.65743460660639,13,2023-05-09,2023-05-08,street_pit,disp=0.0540 ref=0.1603 ratio=0.500 b_pt=+3.860,32.971014492753625,2023-08-03,3.6164953889654683,-0.0988450813038918,20.682750771479423,9.0,14.976589546148091,22.0,additive
2023-05-09,2023Q3,1,rw_hl4_usd,street_plus_bias,base,adj_ebitda_musd,1789.1388341566626,1673.56569,13,2023-05-09,2023-05-08,street_pit,b_pct=+0.2237 b_pt=+4.771 n_pool=5,1834.0,2023-11-01,-44.8611658433374,0.025074166960600053,0.5814140239741676,6.0,0.3794593086484654,19.0,relative
2023-05-09,2023Q3,1,rw_hl4_usd,street_plus_bias,base,adj_ebitda_margin_pct,55.93107578381691,51.16045797814665,13,2023-05-09,2023-05-08,street_pit,b_pct=+0.2237 b_pt=+4.771 n_pool=5,53.98881365911098,2023-11-01,1.9422621247059269,-0.03472599261657505,13.249066820938726,8.0,10.303899784449964,21.0,additive
2023-05-09,2023Q3,1,rw_hl4_usd,street_plus_flowthrough,base,adj_ebitda_musd,1853.1436201120027,1673.56569,13,2023-05-09,2023-05-08,street_pit,a=+48.0 m=0.647 rev=3475 leg=naive,1834.0,2023-11-01,19.143620112002736,-0.010330348875412954,1.2494682678877753,6.0,0.7198174120948829,19.0,relative
2023-05-09,2023Q3,1,rw_hl4_usd,street_plus_flowthrough,base,adj_ebitda_margin_pct,53.33461735604756,51.16045797814665,13,2023-05-09,2023-05-08,street_pit,a=+48.0 m=0.647 rev=3475 leg=naive,53.98881365911098,2023-11-01,-0.6541963030634221,0.012265885376024688,16.31739057155633,8.0,11.676447810810814,21.0,additive
2023-05-09,2023Q3,1,rw_hl4_usd,dispersion_conditioned,base,adj_ebitda_musd,1731.3522620783313,1673.56569,13,2023-05-09,2023-05-08,street_pit,disp=0.0362 ref=0.1542 ratio=0.500 b_pt=+4.771,1834.0,2023-11-01,-102.64773792166875,0.059287610135703606,0.5709954134719273,6.0,0.3708627173516807,19.0,relative
2023-05-09,2023Q3,1,rw_hl4_usd,dispersion_conditioned,base,adj_ebitda_margin_pct,53.54576688098178,51.16045797814665,13,2023-05-09,2023-05-08,street_pit,disp=0.0362 ref=0.1542 ratio=0.500 b_pt=+4.771,53.98881365911098,2023-11-01,-0.4430467781292009,0.008274170003279124,12.824350847020437,8.0,9.86876920344579,21.0,additive
2023-05-09,2023Q2,0,ew_usd,street_plus_bias,base,adj_ebitda_musd,952.0720814285714,838.41465,13,2023-05-09,2023-05-08,street_pit,b_pct=+0.1702 b_pt=+5.090 n_pool=5,819.0,2023-08-03,133.07208142857144,-0.1397710152669308,0.37472231043206145,6.0,0.23423363284309917,19.0,relative
2023-05-09,2023Q2,0,ew_usd,street_plus_bias,base,adj_ebitda_margin_pct,39.747784436544464,34.65743460660639,13,2023-05-09,2023-05-08,street_pit,b_pct=+0.1702 b_pt=+5.090 n_pool=5,32.971014492753625,2023-08-03,6.776769943790839,-0.17049428137584988,21.254909939366346,9.0,15.658207148820274,22.0,additive
2023-05-09,2023Q2,0,ew_usd,street_plus_flowthrough,base,adj_ebitda_musd,921.7339587353905,838.41465,13,2023-05-09,2023-05-08,street_pit,a=+59.5 m=0.538 rev=2463 leg=guide_cushion,819.0,2023-08-03,102.7339587353905,-0.11145727871016109,0.8407697779159149,7.0,0.5183593727308915,20.0,relative
2023-05-09,2023Q2,0,ew_usd,street_plus_flowthrough,base,adj_ebitda_margin_pct,37.41817355808721,34.65743460660639,13,2023-05-09,2023-05-08,street_pit,a=+59.5 m=0.538 rev=2463 leg=guide_cushion,32.971014492753625,2023-08-03,4.447159065333587,-0.11885024421167723,21.847368872364346,9.0,15.418066081704948,22.0,additive
2023-05-09,2023Q2,0,ew_usd,dispersion_conditioned,base,adj_ebitda_musd,895.2433657142858,838.41465,13,2023-05-09,2023-05-08,street_pit,disp=0.0540 ref=0.1805 ratio=0.500 b_pt=+5.090,819.0,2023-08-03,76.2433657142858,-0.08516496031607412,0.36773786828732313,6.0,0.23431722937619492,19.0,relative
2023-05-09,2023Q2,0,ew_usd,dispersion_conditioned,base,adj_ebitda_margin_pct,37.202609521575425,34.65743460660639,13,2023-05-09,2023-05-08,street_pit,disp=0.0540 ref=0.1805 ratio=0.500 b_pt=+5.090,32.971014492753625,2023-08-03,4.2315950288218005,-0.11374457553488859,20.80855913738866,9.0,15.248294600771452,22.0,additive
2023-05-09,2023Q3,1,ew_usd,street_plus_bias,base,adj_ebitda_musd,1816.6125685714285,1673.56569,13,2023-05-09,2023-05-08,street_pit,b_pct=+0.2655 b_pt=+6.137 n_pool=5,1834.0,2023-11-01,-17.387431428571517,0.009571348194648222,0.5875601953949869,6.0,0.3930112037728623,19.0,relative
2023-05-09,2023Q3,1,ew_usd,street_plus_bias,base,adj_ebitda_margin_pct,57.29706730115188,51.16045797814665,13,2023-05-09,2023-05-08,street_pit,b_pct=+0.2655 b_pt=+6.137 n_pool=5,53.98881365911098,2023-11-01,3.3082536420408957,-0.0577386208032743,13.434192069044608,8.0,10.896285308117045,21.0,additive
2023-05-09,2023Q3,1,ew_usd,street_plus_flowthrough,base,adj_ebitda_musd,1867.2808869575597,1673.56569,13,2023-05-09,2023-05-08,street_pit,a=+56.2 m=0.676 rev=3475 leg=naive,1834.0,2023-11-01,33.28088695755969,-0.017823181927270504,1.2519497561831778,6.0,0.7225162946030868,19.0,relative
2023-05-09,2023Q3,1,ew_usd,street_plus_flowthrough,base,adj_ebitda_margin_pct,53.741496622978055,51.16045797814665,13,2023-05-09,2023-05-08,street_pit,a=+56.2 m=0.676 rev=3475 leg=naive,53.98881365911098,2023-11-01,-0.24731703613292666,0.00460197522722483,16.44922595827172,8.0,11.81846646023149,21.0,additive
2023-05-09,2023Q3,1,ew_usd,dispersion_conditioned,base,adj_ebitda_musd,1745.089129285714,1673.56569,13,2023-05-09,2023-05-08,street_pit,disp=0.0362 ref=0.1858 ratio=0.500 b_pt=+6.137,1834.0,2023-11-01,-88.91087071428592,0.05094918604568832,0.5724005507012018,6.0,0.3764315108334057,19.0,relative
2023-05-09,2023Q3,1,ew_usd,dispersion_conditioned,base,adj_ebitda_margin_pct,54.22876263964927,51.16045797814665,13,2023-05-09,2023-05-08,street_pit,disp=0.0362 ref=0.1858 ratio=0.500 b_pt=+6.137,53.98881365911098,2023-11-01,0.23994898053828706,-0.004424754850719137,12.915519075819164,8.0,10.139790846595657,21.0,additive
2023-05-09,2023Q2,0,rw_hl4_med,street_plus_bias,base,adj_ebitda_musd,919.3131377074512,838.41465,13,2023-05-09,2023-05-08,street_pit,b_pct=+0.0965 b_pt=+2.924 n_pool=5,819.0,2023-08-03,100.31313770745123,-0.10911748521032605,0.3060414753431938,6.0,0.23280684039067323,19.0,relative
2023-05-09,2023Q2,0,rw_hl4_med,street_plus_bias,base,adj_ebitda_margin_pct,37.581859854775274,34.65743460660639,13,2023-05-09,2023-05-08,street_pit,b_pct=+0.0965 b_pt=+2.924 n_pool=5,32.971014492753625,2023-08-03,4.610845362021649,-0.12268805694659579,20.717756286416105,9.0,15.094928975007344,22.0,additive
2023-05-09,2023Q2,0,rw_hl4_med,street_plus_flowthrough,base,adj_ebitda_musd,907.6367703209478,838.41465,13,2023-05-09,2023-05-08,street_pit,a=+46.0 m=0.526 rev=2463 leg=guide_cushion,819.0,2023-08-03,88.63677032094779,-0.09765665431294179,0.8350450305027144,7.0,0.5143603690395466,20.0,relative
2023-05-09,2023Q2,0,rw_hl4_med,street_plus_flowthrough,base,adj_ebitda_margin_pct,36.845892329025865,34.65743460660639,13,2023-05-09,2023-05-08,street_pit,a=+46.0 m=0.526 rev=2463 leg=guide_cushion,32.971014492753625,2023-08-03,3.8748778362722405,-0.1051644455145887,21.696970039988706,9.0,15.29649982708439,22.0,additive
2023-05-09,2023Q2,0,rw_hl4_med,dispersion_conditioned,base,adj_ebitda_musd,878.8638938537256,838.41465,13,2023-05-09,2023-05-08,street_pit,disp=0.0540 ref=0.1603 ratio=0.500 b_pt=+2.924,819.0,2023-08-03,59.863893853725585,-0.0681150907124296,0.2921030663612703,6.0,0.2183712414699615,19.0,relative
2023-05-09,2023Q2,0,rw_hl4_med,dispersion_conditioned,base,adj_ebitda_margin_pct,36.11964723069083,34.65743460660639,13,2023-05-09,2023-05-08,street_pit,disp=0.0540 ref=0.1603 ratio=0.500 b_pt=+2.924,32.971014492753625,2023-08-03,3.1486327379372057,-0.08717230037789003,20.426159382550683,9.0,14.861826872107399,22.0,additive
2023-05-09,2023Q3,1,rw_hl4_med,street_plus_bias,base,adj_ebitda_musd,1934.7616902205057,1673.56569,13,2023-05-09,2023-05-08,street_pit,b_pct=+0.1561 b_pt=+3.837 n_pool=5,1834.0,2023-11-01,100.76169022050567,-0.05207963891874545,0.47847258166399703,6.0,0.37136955885379275,19.0,relative
2023-05-09,2023Q3,1,rw_hl4_med,street_plus_bias,base,adj_ebitda_margin_pct,54.99698768595384,51.16045797814665,13,2023-05-09,2023-05-08,street_pit,b_pct=+0.1561 b_pt=+3.837 n_pool=5,53.98881365911098,2023-11-01,1.008174026842859,-0.018331440852720426,13.26888035004479,8.0,10.095755219235308,21.0,additive
2023-05-09,2023Q3,1,rw_hl4_med,street_plus_flowthrough,base,adj_ebitda_musd,1871.5948116866377,1673.56569,13,2023-05-09,2023-05-08,street_pit,a=+66.4 m=0.647 rev=3475 leg=naive,1834.0,2023-11-01,37.59481168663774,-0.020087046326420444,1.2498529649686723,6.0,0.7218660162396997,19.0,relative
2023-05-09,2023Q3,1,rw_hl4_med,street_plus_flowthrough,base,adj_ebitda_margin_pct,53.865654039721754,51.16045797814665,13,2023-05-09,2023-05-08,street_pit,a=+66.4 m=0.647 rev=3475 leg=naive,53.98881365911098,2023-11-01,-0.12315961938922726,0.0022864220547365033,16.335805348772663,8.0,11.750614977883718,21.0,additive
2023-05-09,2023Q3,1,rw_hl4_med,dispersion_conditioned,base,adj_ebitda_musd,1804.1636901102527,1673.56569,13,2023-05-09,2023-05-08,street_pit,disp=0.0362 ref=0.1542 ratio=0.500 b_pt=+3.837,1834.0,2023-11-01,-29.836309889747326,0.016537473874071784,0.47018302185153094,6.0,0.35783625823083315,19.0,relative
2023-05-09,2023Q3,1,rw_hl4_med,dispersion_conditioned,base,adj_ebitda_margin_pct,53.078722832050246,51.16045797814665,13,2023-05-09,2023-05-08,street_pit,disp=0.0362 ref=0.1542 ratio=0.500 b_pt=+3.837,53.98881365911098,2023-11-01,-0.9100908270607349,0.01714605737482433,12.877477582586938,8.0,9.761955651586398,21.0,additive
2023-05-09,2023Q2,0,rw_hl4_from21,street_plus_bias,base,adj_ebitda_musd,1010.510624437571,838.41465,13,2023-05-09,2023-05-08,street_pit,b_pct=+0.2053 b_pt=+7.973 n_pool=9,819.0,2023-08-03,191.51062443757098,-0.1895186649266174,0.3237602588655946,6.0,0.20683945094981224,19.0,relative
2023-05-09,2023Q2,0,rw_hl4_from21,street_plus_bias,base,adj_ebitda_margin_pct,42.63012512485801,34.65743460660639,13,2023-05-09,2023-05-08,street_pit,b_pct=+0.2053 b_pt=+7.973 n_pool=9,32.971014492753625,2023-08-03,9.659110632104387,-0.22657945769134213,23.111345988836916,9.0,14.672910051937183,22.0,additive
2023-05-09,2023Q2,0,rw_hl4_from21,street_plus_flowthrough,base,adj_ebitda_musd,914.5881472034102,838.41465,13,2023-05-09,2023-05-08,street_pit,a=+39.9 m=0.820 rev=2463 leg=guide_cushion,819.0,2023-08-03,95.58814720341024,-0.10451496391648607,0.511102886785128,7.0,0.29085055598509846,20.0,relative
2023-05-09,2023Q2,0,rw_hl4_from21,street_plus_flowthrough,base,adj_ebitda_margin_pct,37.12808636580901,34.65743460660639,13,2023-05-09,2023-05-08,street_pit,a=+39.9 m=0.820 rev=2463 leg=guide_cushion,32.971014492753625,2023-08-03,4.157071873055386,-0.1119656917433699,22.52207192016709,9.0,14.534570388944056,22.0,additive
2023-05-09,2023Q2,0,rw_hl4_from21,dispersion_conditioned,base,adj_ebitda_musd,924.4626372187856,838.41465,13,2023-05-09,2023-05-08,street_pit,disp=0.0540 ref=0.1603 ratio=0.500 b_pt=+7.973,819.0,2023-08-03,105.46263721878563,-0.11407993462674315,0.30954299152995807,6.0,0.19454854597474963,19.0,relative
2023-05-09,2023Q2,0,rw_hl4_from21,dispersion_conditioned,base,adj_ebitda_margin_pct,38.6437798657322,34.65743460660639,13,2023-05-09,2023-05-08,street_pit,disp=0.0540 ref=0.1603 ratio=0.500 b_pt=+7.973,32.971014492753625,2023-08-03,5.672765372978574,-0.1467963380572137,22.628304512692697,9.0,14.338052835807394,22.0,additive
2023-05-09,2023Q3,1,rw_hl4_from21,street_plus_bias,base,adj_ebitda_musd,2194.0920035297595,1673.56569,13,2023-05-09,2023-05-08,street_pit,b_pct=+0.3110 b_pt=+7.125 n_pool=8,1834.0,2023-11-01,360.0920035297595,-0.1641189170510896,0.5521856733842629,6.0,0.3578010182792309,19.0,relative
2023-05-09,2023Q3,1,rw_hl4_from21,street_plus_bias,base,adj_ebitda_margin_pct,58.285566598936285,51.16045797814665,13,2023-05-09,2023-05-08,street_pit,b_pct=+0.3110 b_pt=+7.125 n_pool=8,53.98881365911098,2023-11-01,4.2967529398253035,-0.07371898723042902,15.364927894420102,8.0,10.148821596975424,21.0,additive
2023-05-09,2023Q3,1,rw_hl4_from21,street_plus_flowthrough,base,adj_ebitda_musd,1877.9165163809853,1673.56569,13,2023-05-09,2023-05-08,street_pit,a=+48.3 m=0.767 rev=3475 leg=naive,1834.0,2023-11-01,43.916516380985286,-0.02338576608592735,1.544074182740603,7.0,0.9209919578872752,20.0,relative
2023-05-09,2023Q3,1,rw_hl4_from21,street_plus_flowthrough,base,adj_ebitda_margin_pct,54.047596603294124,51.16045797814665,13,2023-05-09,2023-05-08,street_pit,a=+48.3 m=0.767 rev=3475 leg=naive,53.98881365911098,2023-11-01,0.058782944183143115,-0.0010876143968917562,17.44092927151143,8.0,10.999744686062382,21.0,additive
2023-05-09,2023Q3,1,rw_hl4_from21,dispersion_conditioned,base,adj_ebitda_musd,1933.82884676488,1673.56569,13,2023-05-09,2023-05-08,street_pit,disp=0.0362 ref=0.1542 ratio=0.500 b_pt=+7.125,1834.0,2023-11-01,99.82884676487993,-0.05162237957711957,0.5263291963288653,6.0,0.3398177001035712,19.0,relative
2023-05-09,2023Q3,1,rw_hl4_from21,dispersion_conditioned,base,adj_ebitda_margin_pct,54.72301228854147,51.16045797814665,13,2023-05-09,2023-05-08,street_pit,disp=0.0362 ref=0.1542 ratio=0.500 b_pt=+7.125,53.98881365911098,2023-11-01,0.7341986294304874,-0.01341663403979354,14.74141080996727,8.0,9.60153740883803,21.0,additive
2023-08-03,2023Q3,0,rw_hl4,street_plus_bias,base,adj_ebitda_musd,1827.9247099726717,1650.87045,14,2023-08-03,2023-08-02,street_pit,b_pct=+0.1072 b_pt=+2.743 n_pool=6,1834.0,2023-11-01,-6.075290027328265,0.0033235997052740718,0.33551162873648577,7.0,0.23570539215389635,19.0,relative
2023-08-03,2023Q3,0,rw_hl4,street_plus_bias,base,adj_ebitda_margin_pct,53.99389583688614,51.25115198797289,14,2023-08-03,2023-08-02,street_pit,b_pct=+0.1072 b_pt=+2.743 n_pool=6,53.98881365911098,2023-11-01,0.005082177775157959,-9.412504314398884e-05,20.842652337043965,10.0,15.220989958983703,22.0,additive
2023-08-03,2023Q3,0,rw_hl4,street_plus_flowthrough,base,adj_ebitda_musd,1836.2705690132111,1650.87045,14,2023-08-03,2023-08-02,street_pit,a=+13.8 m=0.710 rev=3463 leg=guide_cushion,1834.0,2023-11-01,2.270569013211116,-0.001236511139222407,0.7953303011178495,8.0,0.5140043988693758,20.0,relative
2023-08-03,2023Q3,0,rw_hl4,street_plus_flowthrough,base,adj_ebitda_margin_pct,53.02725876899898,51.25115198797289,14,2023-08-03,2023-08-02,street_pit,a=+13.8 m=0.710 rev=3463 leg=guide_cushion,53.98881365911098,2023-11-01,-0.9615548901119979,0.01813321888466435,21.262725490092162,10.0,15.262020767286137,22.0,additive
2023-08-03,2023Q3,0,rw_hl4,dispersion_conditioned,base,adj_ebitda_musd,1739.3975799863358,1650.87045,14,2023-08-03,2023-08-02,street_pit,disp=0.0491 ref=0.1367 ratio=0.500 b_pt=+2.743,1834.0,2023-11-01,-94.60242001366419,0.05438803704349593,0.31698103113097936,7.0,0.22188998417289885,19.0,relative
2023-08-03,2023Q3,0,rw_hl4,dispersion_conditioned,base,adj_ebitda_margin_pct,52.622523912429514,51.25115198797289,14,2023-08-03,2023-08-02,street_pit,disp=0.0491 ref=0.1367 ratio=0.500 b_pt=+2.743,53.98881365911098,2023-11-01,-1.366289746681467,0.02596397217577673,20.385986657885816,10.0,14.976589546148091,22.0,additive
2023-08-03,2023Q4,1,rw_hl4,street_plus_bias,base,adj_ebitda_musd,717.3086842099335,608.52669,14,2023-08-03,2023-08-02,street_pit,b_pct=+0.1788 b_pt=+3.627 n_pool=6,738.0,2024-02-13,-20.691315790066483,0.028845762285530707,0.5162655963386519,7.0,0.3811844585242143,19.0,relative
2023-08-03,2023Q4,1,rw_hl4,street_plus_bias,base,adj_ebitda_margin_pct,32.55657423367901,28.92945974033961,14,2023-08-03,2023-08-02,street_pit,b_pct=+0.1788 b_pt=+3.627 n_pool=6,33.27321911632101,2024-02-13,-0.7166448826420009,0.022012293968591168,13.677035022385487,9.0,10.303899784449964,21.0,additive
2023-08-03,2023Q4,1,rw_hl4,street_plus_flowthrough,base,adj_ebitda_musd,729.4890906271719,608.52669,14,2023-08-03,2023-08-02,street_pit,a=+22.9 m=0.690 rev=2246 leg=naive,738.0,2024-02-13,-8.51090937282811,0.011666945376127558,1.1755161090392465,7.0,0.7198174120948829,19.0,relative
2023-08-03,2023Q4,1,rw_hl4,street_plus_flowthrough,base,adj_ebitda_margin_pct,32.48646324234448,28.92945974033961,14,2023-08-03,2023-08-02,street_pit,a=+22.9 m=0.690 rev=2246 leg=naive,33.27321911632101,2024-02-13,-0.7867558739765315,0.02421796020414546,16.358609610934916,9.0,11.676447810810814,21.0,additive
2023-08-03,2023Q4,1,rw_hl4,dispersion_conditioned,base,adj_ebitda_musd,684.271057402749,608.52669,14,2023-08-03,2023-08-02,street_pit,disp=0.0997 ref=0.1432 ratio=0.696 b_pt=+3.627,738.0,2024-02-13,-53.728942597251034,0.07851996955882812,0.49626287267572566,7.0,0.36503866345604363,19.0,relative
2023-08-03,2023Q4,1,rw_hl4,dispersion_conditioned,base,adj_ebitda_margin_pct,31.45500171804172,28.92945974033961,14,2023-08-03,2023-08-02,street_pit,disp=0.0997 ref=0.1432 ratio=0.696 b_pt=+3.627,33.27321911632101,2024-02-13,-1.8182173982792875,0.05780376089556549,12.990050241771707,9.0,9.86876920344579,21.0,additive
2023-08-03,2023Q3,0,ew,street_plus_bias,base,adj_ebitda_musd,1886.281484643309,1650.87045,14,2023-08-03,2023-08-02,street_pit,b_pct=+0.1426 b_pt=+4.243 n_pool=6,1834.0,2023-11-01,52.28148464330911,-0.027716692905563556,0.3417521918451633,7.0,0.2455364695753904,19.0,relative
2023-08-03,2023Q3,0,ew,street_plus_bias,base,adj_ebitda_margin_pct,55.49440557493711,51.25115198797289,14,2023-08-03,2023-08-02,street_pit,b_pct=+0.1426 b_pt=+4.243 n_pool=6,53.98881365911098,2023-11-01,1.5055919158261304,-0.027130517035506396,21.131553940552383,10.0,15.658207148820274,22.0,additive
2023-08-03,2023Q3,0,ew,street_plus_flowthrough,base,adj_ebitda_musd,1850.7616738741385,1650.87045,14,2023-08-03,2023-08-02,street_pit,a=+29.2 m=0.706 rev=3463 leg=guide_cushion,1834.0,2023-11-01,16.761673874138523,-0.00905663549810376,0.7991722093678423,8.0,0.5183593727308915,20.0,relative
2023-08-03,2023Q3,0,ew,street_plus_flowthrough,base,adj_ebitda_margin_pct,53.44572845439074,51.25115198797289,14,2023-08-03,2023-08-02,street_pit,a=+29.2 m=0.706 rev=3463 leg=guide_cushion,53.98881365911098,2023-11-01,-0.5430852047202421,0.010161433297400047,21.391366290592376,10.0,15.418066081704948,22.0,additive
2023-08-03,2023Q3,0,ew,dispersion_conditioned,base,adj_ebitda_musd,1768.5759673216546,1650.87045,14,2023-08-03,2023-08-02,street_pit,disp=0.0491 ref=0.1641 ratio=0.500 b_pt=+4.243,1834.0,2023-11-01,-65.42403267834538,0.036992492201182614,0.3203021193540396,7.0,0.22830934785698273,19.0,relative
2023-08-03,2023Q3,0,ew,dispersion_conditioned,base,adj_ebitda_margin_pct,53.372778781455004,51.25115198797289,14,2023-08-03,2023-08-02,street_pit,disp=0.0491 ref=0.1641 ratio=0.500 b_pt=+4.243,53.98881365911098,2023-11-01,-0.6160348776559772,0.011542117381192485,20.544462278397763,10.0,15.248294600771452,22.0,additive
2023-08-03,2023Q4,1,ew,street_plus_bias,base,adj_ebitda_musd,750.6072562958987,608.52669,14,2023-08-03,2023-08-02,street_pit,b_pct=+0.2335 b_pt=+5.289 n_pool=6,738.0,2024-02-13,12.607256295898651,-0.016796075697579904,0.5225651718899911,7.0,0.3978399981745689,19.0,relative
2023-08-03,2023Q4,1,ew,street_plus_bias,base,adj_ebitda_margin_pct,34.218435293337414,28.92945974033961,14,2023-08-03,2023-08-02,street_pit,b_pct=+0.2335 b_pt=+5.289 n_pool=6,33.27321911632101,2024-02-13,0.9452161770164054,-0.027623009904267803,13.96495682563092,9.0,10.896285308117045,21.0,additive
2023-08-03,2023Q4,1,ew,street_plus_flowthrough,base,adj_ebitda_musd,746.4348303009996,608.52669,14,2023-08-03,2023-08-02,street_pit,a=+31.8 m=0.747 rev=2246 leg=naive,738.0,2024-02-13,8.434830300999579,-0.011300156368102776,1.1780860785996432,7.0,0.7225162946030868,19.0,relative
2023-08-03,2023Q4,1,ew,street_plus_flowthrough,base,adj_ebitda_margin_pct,33.241110784167,28.92945974033961,14,2023-08-03,2023-08-02,street_pit,a=+31.8 m=0.747 rev=2246 leg=naive,33.27321911632101,2024-02-13,-0.0321083321540101,0.0009659223592883848,16.501902644403145,9.0,11.81846646023149,21.0,additive
2023-08-03,2023Q4,1,ew,dispersion_conditioned,base,adj_ebitda_musd,688.9020754399139,608.52669,14,2023-08-03,2023-08-02,street_pit,disp=0.0997 ref=0.1763 ratio=0.566 b_pt=+5.289,738.0,2024-02-13,-49.097924560086085,0.07126981658276099,0.49890851199462183,7.0,0.37308322339868777,19.0,relative
2023-08-03,2023Q4,1,ew,dispersion_conditioned,base,adj_ebitda_margin_pct,31.921448438985106,28.92945974033961,14,2023-08-03,2023-08-02,street_pit,disp=0.0997 ref=0.1763 ratio=0.566 b_pt=+5.289,33.27321911632101,2024-02-13,-1.351770677335903,0.042346783853486114,13.129887744595345,9.0,10.139790846595657,21.0,additive
2023-08-03,2023Q3,0,rw_hl4_usd,street_plus_bias,base,adj_ebitda_musd,1718.5794999990192,1650.87045,14,2023-08-03,2023-08-02,street_pit,b_pct=+0.1072 b_pt=+2.743 n_pool=6,1834.0,2023-11-01,-115.42050000098084,0.0671604077676049,0.3544691310041909,7.0,0.2229615811244351,19.0,relative
2023-08-03,2023Q3,0,rw_hl4_usd,street_plus_bias,base,adj_ebitda_margin_pct,53.99389583688614,51.25115198797289,14,2023-08-03,2023-08-02,street_pit,b_pct=+0.1072 b_pt=+2.743 n_pool=6,53.98881365911098,2023-11-01,0.005082177775157959,-9.412504314398884e-05,20.842652337043965,10.0,15.220989958983703,22.0,additive
2023-08-03,2023Q3,0,rw_hl4_usd,street_plus_flowthrough,base,adj_ebitda_musd,1836.2705690132111,1650.87045,14,2023-08-03,2023-08-02,street_pit,a=+13.8 m=0.710 rev=3463 leg=guide_cushion,1834.0,2023-11-01,2.270569013211116,-0.001236511139222407,0.7953303011178495,8.0,0.5140043988693758,20.0,relative
2023-08-03,2023Q3,0,rw_hl4_usd,street_plus_flowthrough,base,adj_ebitda_margin_pct,53.02725876899898,51.25115198797289,14,2023-08-03,2023-08-02,street_pit,a=+13.8 m=0.710 rev=3463 leg=guide_cushion,53.98881365911098,2023-11-01,-0.9615548901119979,0.01813321888466435,21.262725490092162,10.0,15.262020767286137,22.0,additive
2023-08-03,2023Q3,0,rw_hl4_usd,dispersion_conditioned,base,adj_ebitda_musd,1684.7249749995096,1650.87045,14,2023-08-03,2023-08-02,street_pit,disp=0.0491 ref=0.1367 ratio=0.500 b_pt=+2.743,1834.0,2023-11-01,-149.27502500049036,0.0886049813563985,0.3493146187480004,7.0,0.22451747317596615,19.0,relative
2023-08-03,2023Q3,0,rw_hl4_usd,dispersion_conditioned,base,adj_ebitda_margin_pct,52.622523912429514,51.25115198797289,14,2023-08-03,2023-08-02,street_pit,disp=0.0491 ref=0.1367 ratio=0.500 b_pt=+2.743,53.98881365911098,2023-11-01,-1.366289746681467,0.02596397217577673,20.385986657885816,10.0,14.976589546148091,22.0,additive
2023-08-03,2023Q4,1,rw_hl4_usd,street_plus_bias,base,adj_ebitda_musd,704.352636087863,608.52669,14,2023-08-03,2023-08-02,street_pit,b_pct=+0.1788 b_pt=+3.627 n_pool=6,738.0,2024-02-13,-33.64736391213705,0.047770622537912644,0.5670473684315182,7.0,0.3794593086484654,19.0,relative
2023-08-03,2023Q4,1,rw_hl4_usd,street_plus_bias,base,adj_ebitda_margin_pct,32.55657423367901,28.92945974033961,14,2023-08-03,2023-08-02,street_pit,b_pct=+0.1788 b_pt=+3.627 n_pool=6,33.27321911632101,2024-02-13,-0.7166448826420009,0.022012293968591168,13.677035022385487,9.0,10.303899784449964,21.0,additive
2023-08-03,2023Q4,1,rw_hl4_usd,street_plus_flowthrough,base,adj_ebitda_musd,729.4890906271719,608.52669,14,2023-08-03,2023-08-02,street_pit,a=+22.9 m=0.690 rev=2246 leg=naive,738.0,2024-02-13,-8.51090937282811,0.011666945376127558,1.1755161090392465,7.0,0.7198174120948829,19.0,relative
2023-08-03,2023Q4,1,rw_hl4_usd,street_plus_flowthrough,base,adj_ebitda_margin_pct,32.48646324234448,28.92945974033961,14,2023-08-03,2023-08-02,street_pit,a=+22.9 m=0.690 rev=2246 leg=naive,33.27321911632101,2024-02-13,-0.7867558739765315,0.02421796020414546,16.358609610934916,9.0,11.676447810810814,21.0,additive
2023-08-03,2023Q4,1,rw_hl4_usd,dispersion_conditioned,base,adj_ebitda_musd,675.2498248341316,608.52669,14,2023-08-03,2023-08-02,street_pit,disp=0.0997 ref=0.1432 ratio=0.696 b_pt=+3.627,738.0,2024-02-13,-62.75017516586843,0.09292882849881878,0.5507081881439749,7.0,0.3708627173516807,19.0,relative
2023-08-03,2023Q4,1,rw_hl4_usd,dispersion_conditioned,base,adj_ebitda_margin_pct,31.45500171804172,28.92945974033961,14,2023-08-03,2023-08-02,street_pit,disp=0.0997 ref=0.1432 ratio=0.696 b_pt=+3.627,33.27321911632101,2024-02-13,-1.8182173982792875,0.05780376089556549,12.990050241771707,9.0,9.86876920344579,21.0,additive
2023-08-03,2023Q3,0,ew_usd,street_plus_bias,base,adj_ebitda_musd,1747.8938712499998,1650.87045,14,2023-08-03,2023-08-02,street_pit,b_pct=+0.1426 b_pt=+4.243 n_pool=6,1834.0,2023-11-01,-86.10612875000015,0.049262790016204816,0.36613924416944116,7.0,0.23423363284309917,19.0,relative
2023-08-03,2023Q3,0,ew_usd,street_plus_bias,base,adj_ebitda_margin_pct,55.49440557493711,51.25115198797289,14,2023-08-03,2023-08-02,street_pit,b_pct=+0.1426 b_pt=+4.243 n_pool=6,53.98881365911098,2023-11-01,1.5055919158261304,-0.027130517035506396,21.131553940552383,10.0,15.658207148820274,22.0,additive
2023-08-03,2023Q3,0,ew_usd,street_plus_flowthrough,base,adj_ebitda_musd,1850.7616738741385,1650.87045,14,2023-08-03,2023-08-02,street_pit,a=+29.2 m=0.706 rev=3463 leg=guide_cushion,1834.0,2023-11-01,16.761673874138523,-0.00905663549810376,0.7991722093678423,8.0,0.5183593727308915,20.0,relative
2023-08-03,2023Q3,0,ew_usd,street_plus_flowthrough,base,adj_ebitda_margin_pct,53.44572845439074,51.25115198797289,14,2023-08-03,2023-08-02,street_pit,a=+29.2 m=0.706 rev=3463 leg=guide_cushion,53.98881365911098,2023-11-01,-0.5430852047202421,0.010161433297400047,21.391366290592376,10.0,15.418066081704948,22.0,additive
2023-08-03,2023Q3,0,ew_usd,dispersion_conditioned,base,adj_ebitda_musd,1699.3821606249999,1650.87045,14,2023-08-03,2023-08-02,street_pit,disp=0.0491 ref=0.1641 ratio=0.500 b_pt=+4.243,1834.0,2023-11-01,-134.61783937500013,0.07921575411000559,0.3560743351416148,7.0,0.23431722937619492,19.0,relative
2023-08-03,2023Q3,0,ew_usd,dispersion_conditioned,base,adj_ebitda_margin_pct,53.372778781455004,51.25115198797289,14,2023-08-03,2023-08-02,street_pit,disp=0.0491 ref=0.1641 ratio=0.500 b_pt=+4.243,53.98881365911098,2023-11-01,-0.6160348776559772,0.011542117381192485,20.544462278397763,10.0,15.248294600771452,22.0,additive
2023-08-03,2023Q4,1,ew_usd,street_plus_bias,base,adj_ebitda_musd,737.77033375,608.52669,14,2023-08-03,2023-08-02,street_pit,b_pct=+0.2335 b_pt=+5.289 n_pool=6,738.0,2024-02-13,-0.2296662500000366,0.0003112977568950903,0.5741114723595062,7.0,0.3930112037728623,19.0,relative
2023-08-03,2023Q4,1,ew_usd,street_plus_bias,base,adj_ebitda_margin_pct,34.218435293337414,28.92945974033961,14,2023-08-03,2023-08-02,street_pit,b_pct=+0.2335 b_pt=+5.289 n_pool=6,33.27321911632101,2024-02-13,0.9452161770164054,-0.027623009904267803,13.96495682563092,9.0,10.896285308117045,21.0,additive
2023-08-03,2023Q4,1,ew_usd,street_plus_flowthrough,base,adj_ebitda_musd,746.4348303009996,608.52669,14,2023-08-03,2023-08-02,street_pit,a=+31.8 m=0.747 rev=2246 leg=naive,738.0,2024-02-13,8.434830300999579,-0.011300156368102776,1.1780860785996432,7.0,0.7225162946030868,19.0,relative
2023-08-03,2023Q4,1,ew_usd,street_plus_flowthrough,base,adj_ebitda_margin_pct,33.241110784167,28.92945974033961,14,2023-08-03,2023-08-02,street_pit,a=+31.8 m=0.747 rev=2246 leg=naive,33.27321911632101,2024-02-13,-0.0321083321540101,0.0009659223592883848,16.501902644403145,9.0,11.81846646023149,21.0,additive
2023-08-03,2023Q4,1,ew_usd,dispersion_conditioned,base,adj_ebitda_musd,681.6401913949128,608.52669,14,2023-08-03,2023-08-02,street_pit,disp=0.0997 ref=0.1763 ratio=0.566 b_pt=+5.289,738.0,2024-02-13,-56.35980860508721,0.08268263713991408,0.5531837148311619,7.0,0.3764315108334057,19.0,relative
2023-08-03,2023Q4,1,ew_usd,dispersion_conditioned,base,adj_ebitda_margin_pct,31.921448438985106,28.92945974033961,14,2023-08-03,2023-08-02,street_pit,disp=0.0997 ref=0.1763 ratio=0.566 b_pt=+5.289,33.27321911632101,2024-02-13,-1.351770677335903,0.042346783853486114,13.129887744595345,9.0,10.139790846595657,21.0,additive
2023-08-03,2023Q3,0,rw_hl4_med,street_plus_bias,base,adj_ebitda_musd,1818.4938652550277,1650.87045,14,2023-08-03,2023-08-02,street_pit,b_pct=+0.1015 b_pt=+3.036 n_pool=6,1834.0,2023-11-01,-15.506134744972314,0.008526910671099674,0.321685608918482,7.0,0.23280684039067323,19.0,relative
2023-08-03,2023Q3,0,rw_hl4_med,street_plus_bias,base,adj_ebitda_margin_pct,54.2869244186328,51.25115198797289,14,2023-08-03,2023-08-02,street_pit,b_pct=+0.1015 b_pt=+3.036 n_pool=6,53.98881365911098,2023-11-01,0.2981107595218191,-0.005491391577517657,20.496572438106977,10.0,15.094928975007344,22.0,additive
2023-08-03,2023Q3,0,rw_hl4_med,street_plus_flowthrough,base,adj_ebitda_musd,1852.2390574731492,1650.87045,14,2023-08-03,2023-08-02,street_pit,a=+29.8 m=0.710 rev=3463 leg=guide_cushion,1834.0,2023-11-01,18.23905747314916,-0.009847032109360221,0.7934265257155686,8.0,0.5143603690395466,20.0,relative
2023-08-03,2023Q3,0,rw_hl4_med,street_plus_flowthrough,base,adj_ebitda_margin_pct,53.488391885220494,51.25115198797289,14,2023-08-03,2023-08-02,street_pit,a=+29.8 m=0.710 rev=3463 leg=guide_cushion,53.98881365911098,2023-11-01,-0.500421773890487,0.009355707963034865,21.219978018738914,10.0,15.29649982708439,22.0,additive
2023-08-03,2023Q3,0,rw_hl4_med,dispersion_conditioned,base,adj_ebitda_musd,1734.6821576275138,1650.87045,14,2023-08-03,2023-08-02,street_pit,disp=0.0491 ref=0.1367 ratio=0.500 b_pt=+3.036,1834.0,2023-11-01,-99.31784237248621,0.05725420183506191,0.3052780192835569,7.0,0.2183712414699615,19.0,relative
2023-08-03,2023Q3,0,rw_hl4_med,dispersion_conditioned,base,adj_ebitda_margin_pct,52.76903820330284,51.25115198797289,14,2023-08-03,2023-08-02,street_pit,disp=0.0491 ref=0.1367 ratio=0.500 b_pt=+3.036,53.98881365911098,2023-11-01,-1.21977545580814,0.02311536266984282,20.1375691280682,10.0,14.861826872107399,22.0,additive
2023-08-03,2023Q4,1,rw_hl4_med,street_plus_bias,base,adj_ebitda_musd,708.8563106202421,608.52669,14,2023-08-03,2023-08-02,street_pit,b_pct=+0.1649 b_pt=+3.850 n_pool=6,738.0,2024-02-13,-29.143689379757916,0.04111367697955237,0.4950377841057154,7.0,0.37136955885379275,19.0,relative
2023-08-03,2023Q4,1,rw_hl4_med,street_plus_bias,base,adj_ebitda_margin_pct,32.77914430426896,28.92945974033961,14,2023-08-03,2023-08-02,street_pit,b_pct=+0.1649 b_pt=+3.850 n_pool=6,33.27321911632101,2024-02-13,-0.4940748120520482,0.015072840445920388,13.413909618216282,9.0,10.095755219235308,21.0,additive
2023-08-03,2023Q4,1,rw_hl4_med,street_plus_flowthrough,base,adj_ebitda_musd,749.0424593068166,608.52669,14,2023-08-03,2023-08-02,street_pit,a=+42.5 m=0.690 rev=2246 leg=naive,738.0,2024-02-13,11.042459306816568,-0.014742100624089538,1.174780636195755,7.0,0.7218660162396997,19.0,relative
2023-08-03,2023Q4,1,rw_hl4_med,street_plus_flowthrough,base,adj_ebitda_margin_pct,33.35723677554312,28.92945974033961,14,2023-08-03,2023-08-02,street_pit,a=+42.5 m=0.690 rev=2246 leg=naive,33.27321911632101,2024-02-13,0.08401765922211268,-0.0025187235917488726,16.307901491336033,9.0,11.750614977883718,21.0,additive
2023-08-03,2023Q4,1,rw_hl4_med,dispersion_conditioned,base,adj_ebitda_musd,678.3857112546783,608.52669,14,2023-08-03,2023-08-02,street_pit,disp=0.0997 ref=0.1432 ratio=0.696 b_pt=+3.850,738.0,2024-02-13,-59.61428874532169,0.08787668689994188,0.4775273853551624,7.0,0.35783625823083315,19.0,relative
2023-08-03,2023Q4,1,rw_hl4_med,dispersion_conditioned,base,adj_ebitda_margin_pct,31.60997616323425,28.92945974033961,14,2023-08-03,2023-08-02,street_pit,disp=0.0997 ref=0.1432 ratio=0.696 b_pt=+3.850,33.27321911632101,2024-02-13,-1.6632429530867583,0.052617659200302924,12.904879567505594,9.0,9.761955651586398,21.0,additive
2023-08-03,2023Q3,0,rw_hl4_from21,street_plus_bias,base,adj_ebitda_musd,1912.6825156166547,1650.87045,14,2023-08-03,2023-08-02,street_pit,b_pct=+0.1586 b_pt=+6.273 n_pool=10,1834.0,2023-11-01,78.68251561665465,-0.04113725878405239,0.32291841219897927,7.0,0.20683945094981224,19.0,relative
2023-08-03,2023Q3,0,rw_hl4_from21,street_plus_bias,base,adj_ebitda_margin_pct,57.52383557631187,51.25115198797289,14,2023-08-03,2023-08-02,street_pit,b_pct=+0.1586 b_pt=+6.273 n_pool=10,53.98881365911098,2023-11-01,3.5350219172008863,-0.061453167748372395,22.153978972062053,10.0,14.672910051937183,22.0,additive
2023-08-03,2023Q3,0,rw_hl4_from21,street_plus_flowthrough,base,adj_ebitda_musd,1886.9052488694313,1650.87045,14,2023-08-03,2023-08-02,street_pit,a=+11.4 m=0.929 rev=3463 leg=guide_cushion,1834.0,2023-11-01,52.90524886943126,-0.02803810572954324,0.47458742466364434,8.0,0.29085055598509846,20.0,relative
2023-08-03,2023Q3,0,rw_hl4_from21,street_plus_flowthrough,base,adj_ebitda_margin_pct,54.48947153694859,51.25115198797289,14,2023-08-03,2023-08-02,street_pit,a=+11.4 m=0.929 rev=3463 leg=guide_cushion,53.98881365911098,2023-11-01,0.500657877837611,-0.009188158073768826,21.54793796639103,10.0,14.534570388944056,22.0,additive
2023-08-03,2023Q3,0,rw_hl4_from21,dispersion_conditioned,base,adj_ebitda_musd,1781.7764828083275,1650.87045,14,2023-08-03,2023-08-02,street_pit,disp=0.0491 ref=0.1367 ratio=0.500 b_pt=+6.273,1834.0,2023-11-01,-52.2235171916725,0.029309802714064803,0.3047657341514543,7.0,0.19454854597474963,19.0,relative
2023-08-03,2023Q3,0,rw_hl4_from21,dispersion_conditioned,base,adj_ebitda_margin_pct,54.38749378214238,51.25115198797289,14,2023-08-03,2023-08-02,street_pit,disp=0.0491 ref=0.1367 ratio=0.500 b_pt=+6.273,53.98881365911098,2023-11-01,0.3986801230313972,-0.007330363936760453,21.564217815302875,10.0,14.338052835807394,22.0,additive
2023-08-03,2023Q4,1,rw_hl4_from21,street_plus_bias,base,adj_ebitda_musd,762.163096580103,608.52669,14,2023-08-03,2023-08-02,street_pit,b_pct=+0.2525 b_pt=+5.684 n_pool=9,738.0,2024-02-13,24.163096580103,-0.03170331480036892,0.5417048683115757,7.0,0.3578010182792309,19.0,relative
2023-08-03,2023Q4,1,rw_hl4_from21,street_plus_bias,base,adj_ebitda_margin_pct,34.61330477275532,28.92945974033961,14,2023-08-03,2023-08-02,street_pit,b_pct=+0.2525 b_pt=+5.684 n_pool=9,33.27321911632101,2024-02-13,1.3400856564343115,-0.03871591185043721,15.10666334307064,9.0,10.148821596975424,21.0,additive
2023-08-03,2023Q4,1,rw_hl4_from21,street_plus_flowthrough,base,adj_ebitda_musd,745.8538422121264,608.52669,14,2023-08-03,2023-08-02,street_pit,a=+21.5 m=0.815 rev=2246 leg=naive,738.0,2024-02-13,7.8538422121264375,-0.010530001680802203,1.4570159925259245,8.0,0.9209919578872752,20.0,relative
2023-08-03,2023Q4,1,rw_hl4_from21,street_plus_flowthrough,base,adj_ebitda_margin_pct,33.21523754159775,28.92945974033961,14,2023-08-03,2023-08-02,street_pit,a=+21.5 m=0.815 rev=2246 leg=naive,33.27321911632101,2024-02-13,-0.05798157472325727,0.0017456317947641686,16.842462250823967,9.0,10.999744686062382,21.0,additive
2023-08-03,2023Q4,1,rw_hl4_from21,dispersion_conditioned,base,adj_ebitda_musd,715.502964069618,608.52669,14,2023-08-03,2023-08-02,street_pit,disp=0.0997 ref=0.1432 ratio=0.696 b_pt=+5.684,738.0,2024-02-13,-22.497035930382026,0.0314422679710844,0.5095486356189716,7.0,0.3398177001035712,19.0,relative
2023-08-03,2023Q4,1,rw_hl4_from21,dispersion_conditioned,base,adj_ebitda_margin_pct,32.88709307407631,28.92945974033961,14,2023-08-03,2023-08-02,street_pit,disp=0.0997 ref=0.1432 ratio=0.696 b_pt=+5.684,33.27321911632101,2024-02-13,-0.3861260422446975,0.011740959937534434,14.248518978754744,9.0,9.60153740883803,21.0,additive
2023-11-01,2023Q4,0,rw_hl4,street_plus_bias,base,adj_ebitda_musd,709.2350559359874,643.45629,15,2023-11-01,2023-10-31,street_pit,b_pct=+0.1022 b_pt=+2.606 n_pool=7,738.0,2024-02-13,-28.76494406401264,0.04055770202454401,0.3212058086888243,8.0,0.23570539215389635,19.0,relative
2023-11-01,2023Q4,0,rw_hl4,street_plus_bias,base,adj_ebitda_margin_pct,32.12458993649154,29.518654021988883,15,2023-11-01,2023-10-31,street_pit,b_pct=+0.1022 b_pt=+2.606 n_pool=7,33.27321911632101,2024-02-13,-1.14862917982947,0.035755450329490346,20.137414148843554,11.0,15.220989958983703,22.0,additive
2023-11-01,2023Q4,0,rw_hl4,street_plus_flowthrough,base,adj_ebitda_musd,679.9636469992337,643.45629,15,2023-11-01,2023-10-31,street_pit,a=+16.2 m=0.753 rev=2207 leg=guide_cushion,738.0,2024-02-13,-58.036353000766326,0.0853521408929554,0.75271317623298,9.0,0.5140043988693758,20.0,relative
2023-11-01,2023Q4,0,rw_hl4,street_plus_flowthrough,base,adj_ebitda_margin_pct,30.813105667504345,29.518654021988883,15,2023-11-01,2023-10-31,street_pit,a=+16.2 m=0.753 rev=2207 leg=guide_cushion,33.27321911632101,2024-02-13,-2.4601134488166636,0.0798398407276133,20.451168644595125,11.0,15.262020767286137,22.0,additive
2023-11-01,2023Q4,0,rw_hl4,dispersion_conditioned,base,adj_ebitda_musd,676.3456729679937,643.45629,15,2023-11-01,2023-10-31,street_pit,disp=0.0512 ref=0.1195 ratio=0.500 b_pt=+2.606,738.0,2024-02-13,-61.654327032006336,0.09115801208788676,0.3017873025714178,8.0,0.22188998417289885,19.0,relative
2023-11-01,2023Q4,0,rw_hl4,dispersion_conditioned,base,adj_ebitda_margin_pct,30.821621979240213,29.518654021988883,15,2023-11-01,2023-10-31,street_pit,disp=0.0512 ref=0.1195 ratio=0.500 b_pt=+2.606,33.27321911632101,2024-02-13,-2.451597137080796,0.07954147055375804,19.671892328478034,11.0,14.976589546148091,22.0,additive
2023-11-01,2024Q1,1,rw_hl4,street_plus_bias,base,adj_ebitda_musd,364.87243904573023,315.71333,15,2023-11-01,2023-10-31,street_pit,b_pct=+0.1557 b_pt=+3.323 n_pool=7,424.0,2024-05-08,-59.12756095426977,0.1620499512347635,0.509526527281108,8.0,0.3811844585242143,19.0,relative
2023-11-01,2024Q1,1,rw_hl4,street_plus_bias,base,adj_ebitda_margin_pct,18.535145818133774,15.212387230834388,15,2023-11-01,2023-10-31,street_pit,b_pct=+0.1557 b_pt=+3.323 n_pool=7,19.79458450046685,2024-05-08,-1.2594386823330765,0.06794867948116767,13.35442127502,10.0,10.303899784449964,21.0,additive
2023-11-01,2024Q1,1,rw_hl4,street_plus_flowthrough,base,adj_ebitda_musd,391.560027174172,315.71333,15,2023-11-01,2023-10-31,street_pit,a=+31.3 m=0.674 rev=2141 leg=naive,424.0,2024-05-08,-32.43997282582802,0.08284801965088806,1.1004102302857794,8.0,0.7198174120948829,19.0,relative
2023-11-01,2024Q1,1,rw_hl4,street_plus_flowthrough,base,adj_ebitda_margin_pct,18.28538800608561,15.212387230834388,15,2023-11-01,2023-10-31,street_pit,a=+31.3 m=0.674 rev=2141 leg=naive,19.79458450046685,2024-05-08,-1.5091964943812393,0.08253565600461732,15.686849411423186,10.0,11.676447810810814,21.0,additive
2023-11-01,2024Q1,1,rw_hl4,dispersion_conditioned,base,adj_ebitda_musd,353.5332290006047,315.71333,15,2023-11-01,2023-10-31,street_pit,disp=0.1044 ref=0.1357 ratio=0.769 b_pt=+3.323,424.0,2024-05-08,-70.4667709993953,0.19932149291481394,0.48371705465783255,8.0,0.36503866345604363,19.0,relative
2023-11-01,2024Q1,1,rw_hl4,dispersion_conditioned,base,adj_ebitda_margin_pct,17.768706834962156,15.212387230834388,15,2023-11-01,2023-10-31,street_pit,disp=0.1044 ref=0.1357 ratio=0.769 b_pt=+3.323,19.79458450046685,2024-05-08,-2.0258776655046944,0.11401379314326499,12.597618680899163,10.0,9.86876920344579,21.0,additive
2023-11-01,2023Q4,0,ew,street_plus_bias,base,adj_ebitda_musd,732.6647464894907,643.45629,15,2023-11-01,2023-10-31,street_pit,b_pct=+0.1386 b_pt=+4.076 n_pool=7,738.0,2024-02-13,-5.335253510509347,0.00728198474960462,0.3290658048072346,8.0,0.2455364695753904,19.0,relative
2023-11-01,2023Q4,0,ew,street_plus_bias,base,adj_ebitda_margin_pct,33.59461961830576,29.518654021988883,15,2023-11-01,2023-10-31,street_pit,b_pct=+0.1386 b_pt=+4.076 n_pool=7,33.27321911632101,2024-02-13,0.3214005019847477,-0.009567023101806904,20.47525502885358,11.0,15.658207148820274,22.0,additive
2023-11-01,2023Q4,0,ew,street_plus_flowthrough,base,adj_ebitda_musd,692.9932528229742,643.45629,15,2023-11-01,2023-10-31,street_pit,a=+29.9 m=0.731 rev=2207 leg=guide_cushion,738.0,2024-02-13,-45.00674717702577,0.06494543344208115,0.7563810416473234,9.0,0.5183593727308915,20.0,relative
2023-11-01,2023Q4,0,ew,street_plus_flowthrough,base,adj_ebitda_margin_pct,31.40355285218053,29.518654021988883,15,2023-11-01,2023-10-31,street_pit,a=+29.9 m=0.731 rev=2207 leg=guide_cushion,33.27321911632101,2024-02-13,-1.8696662641404806,0.05953677512035571,20.58455250812078,11.0,15.418066081704948,22.0,additive
2023-11-01,2023Q4,0,ew,dispersion_conditioned,base,adj_ebitda_musd,688.0605182447453,643.45629,15,2023-11-01,2023-10-31,street_pit,disp=0.0512 ref=0.1516 ratio=0.500 b_pt=+4.076,738.0,2024-02-13,-49.93948175525475,0.0725800717103362,0.305975779952139,8.0,0.22830934785698273,19.0,relative
2023-11-01,2023Q4,0,ew,dispersion_conditioned,base,adj_ebitda_margin_pct,31.55663682014732,29.518654021988883,15,2023-11-01,2023-10-31,street_pit,disp=0.0512 ref=0.1516 ratio=0.500 b_pt=+4.076,33.27321911632101,2024-02-13,-1.7165822961736872,0.054396870805881736,19.851732334498443,11.0,15.248294600771452,22.0,additive
2023-11-01,2024Q1,1,ew,street_plus_bias,base,adj_ebitda_musd,383.9959649355622,315.71333,15,2023-11-01,2023-10-31,street_pit,b_pct=+0.2163 b_pt=+5.016 n_pool=7,424.0,2024-05-08,-40.0040350644378,0.10417826935017627,0.5179403485189957,8.0,0.3978399981745689,19.0,relative
2023-11-01,2024Q1,1,ew,street_plus_bias,base,adj_ebitda_margin_pct,20.227960575828472,15.212387230834388,15,2023-11-01,2023-10-31,street_pit,b_pct=+0.2163 b_pt=+5.016 n_pool=7,19.79458450046685,2024-05-08,0.4333760753616218,-0.021424605497772586,13.710702222182983,10.0,10.896285308117045,21.0,additive
2023-11-01,2024Q1,1,ew,street_plus_flowthrough,base,adj_ebitda_musd,400.70168270979667,315.71333,15,2023-11-01,2023-10-31,street_pit,a=+35.7 m=0.747 rev=2141 leg=naive,424.0,2024-05-08,-23.29831729020333,0.05814379698294614,1.102988121972324,8.0,0.7225162946030868,19.0,relative
2023-11-01,2024Q1,1,ew,street_plus_flowthrough,base,adj_ebitda_margin_pct,18.7122924572198,15.212387230834388,15,2023-11-01,2023-10-31,street_pit,a=+35.7 m=0.747 rev=2141 leg=naive,19.79458450046685,2024-05-08,-1.082292043247051,0.05783855963781015,15.836533241413026,10.0,11.81846646023149,21.0,additive
2023-11-01,2024Q1,1,ew,dispersion_conditioned,base,adj_ebitda_musd,357.87703456452977,315.71333,15,2023-11-01,2023-10-31,street_pit,disp=0.1044 ref=0.1691 ratio=0.617 b_pt=+5.016,424.0,2024-05-08,-66.12296543547023,0.18476448346547203,0.4878346174986038,8.0,0.37308322339868777,19.0,relative
2023-11-01,2024Q1,1,ew,dispersion_conditioned,base,adj_ebitda_margin_pct,18.309443355566955,15.212387230834388,15,2023-11-01,2023-10-31,street_pit,disp=0.1044 ref=0.1691 ratio=0.617 b_pt=+5.016,19.79458450046685,2024-05-08,-1.4851411448998952,0.08111339684438534,12.768776949151533,10.0,10.139790846595657,21.0,additive
2023-11-01,2023Q4,0,rw_hl4_usd,street_plus_bias,base,adj_ebitda_musd,725.7953422836586,643.45629,15,2023-11-01,2023-10-31,street_pit,b_pct=+0.1022 b_pt=+2.606 n_pool=7,738.0,2024-02-13,-12.204657716341444,0.016815563569119174,0.3300930727527152,8.0,0.2229615811244351,19.0,relative
2023-11-01,2023Q4,0,rw_hl4_usd,street_plus_bias,base,adj_ebitda_margin_pct,32.12458993649154,29.518654021988883,15,2023-11-01,2023-10-31,street_pit,b_pct=+0.1022 b_pt=+2.606 n_pool=7,33.27321911632101,2024-02-13,-1.14862917982947,0.035755450329490346,20.137414148843554,11.0,15.220989958983703,22.0,additive
2023-11-01,2023Q4,0,rw_hl4_usd,street_plus_flowthrough,base,adj_ebitda_musd,679.9636469992337,643.45629,15,2023-11-01,2023-10-31,street_pit,a=+16.2 m=0.753 rev=2207 leg=guide_cushion,738.0,2024-02-13,-58.036353000766326,0.0853521408929554,0.75271317623298,9.0,0.5140043988693758,20.0,relative
2023-11-01,2023Q4,0,rw_hl4_usd,street_plus_flowthrough,base,adj_ebitda_margin_pct,30.813105667504345,29.518654021988883,15,2023-11-01,2023-10-31,street_pit,a=+16.2 m=0.753 rev=2207 leg=guide_cushion,33.27321911632101,2024-02-13,-2.4601134488166636,0.0798398407276133,20.451168644595125,11.0,15.262020767286137,22.0,additive
2023-11-01,2023Q4,0,rw_hl4_usd,dispersion_conditioned,base,adj_ebitda_musd,684.6258161418292,643.45629,15,2023-11-01,2023-10-31,street_pit,disp=0.0512 ref=0.1195 ratio=0.500 b_pt=+2.606,738.0,2024-02-13,-53.374183858170795,0.07796110313069704,0.3253643523779406,8.0,0.22451747317596615,19.0,relative
2023-11-01,2023Q4,0,rw_hl4_usd,dispersion_conditioned,base,adj_ebitda_margin_pct,30.821621979240213,29.518654021988883,15,2023-11-01,2023-10-31,street_pit,disp=0.0512 ref=0.1195 ratio=0.500 b_pt=+2.606,33.27321911632101,2024-02-13,-2.451597137080796,0.07954147055375804,19.671892328478034,11.0,14.976589546148091,22.0,additive
2023-11-01,2024Q1,1,rw_hl4_usd,street_plus_bias,base,adj_ebitda_musd,416.85608194092345,315.71333,15,2023-11-01,2023-10-31,street_pit,b_pct=+0.1557 b_pt=+3.323 n_pool=7,424.0,2024-05-08,-7.1439180590765545,0.01713761264034752,0.5365293654822817,8.0,0.3794593086484654,19.0,relative
2023-11-01,2024Q1,1,rw_hl4_usd,street_plus_bias,base,adj_ebitda_margin_pct,18.535145818133774,15.212387230834388,15,2023-11-01,2023-10-31,street_pit,b_pct=+0.1557 b_pt=+3.323 n_pool=7,19.79458450046685,2024-05-08,-1.2594386823330765,0.06794867948116767,13.35442127502,10.0,10.303899784449964,21.0,additive
2023-11-01,2024Q1,1,rw_hl4_usd,street_plus_flowthrough,base,adj_ebitda_musd,391.560027174172,315.71333,15,2023-11-01,2023-10-31,street_pit,a=+31.3 m=0.674 rev=2141 leg=naive,424.0,2024-05-08,-32.43997282582802,0.08284801965088806,1.1004102302857794,8.0,0.7198174120948829,19.0,relative
2023-11-01,2024Q1,1,rw_hl4_usd,street_plus_flowthrough,base,adj_ebitda_margin_pct,18.28538800608561,15.212387230834388,15,2023-11-01,2023-10-31,street_pit,a=+31.3 m=0.674 rev=2141 leg=naive,19.79458450046685,2024-05-08,-1.5091964943812393,0.08253565600461732,15.686849411423186,10.0,11.676447810810814,21.0,additive
2023-11-01,2024Q1,1,rw_hl4_usd,dispersion_conditioned,base,adj_ebitda_musd,393.5261451079903,315.71333,15,2023-11-01,2023-10-31,street_pit,disp=0.1044 ref=0.1357 ratio=0.769 b_pt=+3.323,424.0,2024-05-08,-30.473854892009683,0.07743794223290323,0.5208400087106818,8.0,0.3708627173516807,19.0,relative
2023-11-01,2024Q1,1,rw_hl4_usd,dispersion_conditioned,base,adj_ebitda_margin_pct,17.768706834962156,15.212387230834388,15,2023-11-01,2023-10-31,street_pit,disp=0.1044 ref=0.1357 ratio=0.769 b_pt=+3.323,19.79458450046685,2024-05-08,-2.0258776655046944,0.11401379314326499,12.597618680899163,10.0,9.86876920344579,21.0,additive
2023-11-01,2023Q4,0,ew_usd,street_plus_bias,base,adj_ebitda_musd,750.0470588888888,643.45629,15,2023-11-01,2023-10-31,street_pit,b_pct=+0.1386 b_pt=+4.076 n_pool=7,738.0,2024-02-13,12.047058888888841,-0.016061737388498254,0.34108470054698947,8.0,0.23423363284309917,19.0,relative
2023-11-01,2023Q4,0,ew_usd,street_plus_bias,base,adj_ebitda_margin_pct,33.59461961830576,29.518654021988883,15,2023-11-01,2023-10-31,street_pit,b_pct=+0.1386 b_pt=+4.076 n_pool=7,33.27321911632101,2024-02-13,0.3214005019847477,-0.009567023101806904,20.47525502885358,11.0,15.658207148820274,22.0,additive
2023-11-01,2023Q4,0,ew_usd,street_plus_flowthrough,base,adj_ebitda_musd,692.9932528229742,643.45629,15,2023-11-01,2023-10-31,street_pit,a=+29.9 m=0.731 rev=2207 leg=guide_cushion,738.0,2024-02-13,-45.00674717702577,0.06494543344208115,0.7563810416473234,9.0,0.5183593727308915,20.0,relative
2023-11-01,2023Q4,0,ew_usd,street_plus_flowthrough,base,adj_ebitda_margin_pct,31.40355285218053,29.518654021988883,15,2023-11-01,2023-10-31,street_pit,a=+29.9 m=0.731 rev=2207 leg=guide_cushion,33.27321911632101,2024-02-13,-1.8696662641404806,0.05953677512035571,20.58455250812078,11.0,15.418066081704948,22.0,additive
2023-11-01,2023Q4,0,ew_usd,dispersion_conditioned,base,adj_ebitda_musd,696.7516744444445,643.45629,15,2023-11-01,2023-10-31,street_pit,disp=0.0512 ref=0.1516 ratio=0.500 b_pt=+4.076,738.0,2024-02-13,-41.24832555555554,0.05920089906988024,0.3317392236277006,8.0,0.23431722937619492,19.0,relative
2023-11-01,2023Q4,0,ew_usd,dispersion_conditioned,base,adj_ebitda_margin_pct,31.55663682014732,29.518654021988883,15,2023-11-01,2023-10-31,street_pit,disp=0.0512 ref=0.1516 ratio=0.500 b_pt=+4.076,33.27321911632101,2024-02-13,-1.7165822961736872,0.054396870805881736,19.851732334498443,11.0,15.248294600771452,22.0,additive
2023-11-01,2024Q1,1,ew_usd,street_plus_bias,base,adj_ebitda_musd,448.4226033333333,315.71333,15,2023-11-01,2023-10-31,street_pit,b_pct=+0.2163 b_pt=+5.016 n_pool=7,424.0,2024-05-08,24.422603333333313,-0.05446336369261662,0.543575186572783,8.0,0.3930112037728623,19.0,relative
2023-11-01,2024Q1,1,ew_usd,street_plus_bias,base,adj_ebitda_margin_pct,20.227960575828472,15.212387230834388,15,2023-11-01,2023-10-31,street_pit,b_pct=+0.2163 b_pt=+5.016 n_pool=7,19.79458450046685,2024-05-08,0.4333760753616218,-0.021424605497772586,13.710702222182983,10.0,10.896285308117045,21.0,additive
2023-11-01,2024Q1,1,ew_usd,street_plus_flowthrough,base,adj_ebitda_musd,400.70168270979667,315.71333,15,2023-11-01,2023-10-31,street_pit,a=+35.7 m=0.747 rev=2141 leg=naive,424.0,2024-05-08,-23.29831729020333,0.05814379698294614,1.102988121972324,8.0,0.7225162946030868,19.0,relative
2023-11-01,2024Q1,1,ew_usd,street_plus_flowthrough,base,adj_ebitda_margin_pct,18.7122924572198,15.212387230834388,15,2023-11-01,2023-10-31,street_pit,a=+35.7 m=0.747 rev=2141 leg=naive,19.79458450046685,2024-05-08,-1.082292043247051,0.05783855963781015,15.836533241413026,10.0,11.81846646023149,21.0,additive
2023-11-01,2024Q1,1,ew_usd,dispersion_conditioned,base,adj_ebitda_musd,397.65970771492766,315.71333,15,2023-11-01,2023-10-31,street_pit,disp=0.1044 ref=0.1691 ratio=0.617 b_pt=+5.016,424.0,2024-05-08,-26.340292285072337,0.06623827301094098,0.5235440480186094,8.0,0.3764315108334057,19.0,relative
2023-11-01,2024Q1,1,ew_usd,dispersion_conditioned,base,adj_ebitda_margin_pct,18.309443355566955,15.212387230834388,15,2023-11-01,2023-10-31,street_pit,disp=0.1044 ref=0.1691 ratio=0.617 b_pt=+5.016,19.79458450046685,2024-05-08,-1.4851411448998952,0.08111339684438534,12.768776949151533,10.0,10.139790846595657,21.0,additive
2023-11-01,2023Q4,0,rw_hl4_med,street_plus_bias,base,adj_ebitda_musd,711.2781083846235,643.45629,15,2023-11-01,2023-10-31,street_pit,b_pct=+0.1054 b_pt=+1.884 n_pool=7,738.0,2024-02-13,-26.721891615376535,0.03756883742150352,0.31006519685967276,8.0,0.23280684039067323,19.0,relative
2023-11-01,2023Q4,0,rw_hl4_med,street_plus_bias,base,adj_ebitda_margin_pct,31.40301079406273,29.518654021988883,15,2023-11-01,2023-10-31,street_pit,b_pct=+0.1054 b_pt=+1.884 n_pool=7,33.27321911632101,2024-02-13,-1.8702083222582786,0.05955506414728462,19.85785381477514,11.0,15.094928975007344,22.0,additive
2023-11-01,2023Q4,0,rw_hl4_med,street_plus_flowthrough,base,adj_ebitda_musd,698.5868824823415,643.45629,15,2023-11-01,2023-10-31,street_pit,a=+34.9 m=0.753 rev=2207 leg=guide_cushion,738.0,2024-02-13,-39.41311751765852,0.056418347532677604,0.7514939595228695,9.0,0.5143603690395466,20.0,relative
2023-11-01,2023Q4,0,rw_hl4_med,street_plus_flowthrough,base,adj_ebitda_margin_pct,31.65703272940574,29.518654021988883,15,2023-11-01,2023-10-31,street_pit,a=+34.9 m=0.753 rev=2207 leg=guide_cushion,33.27321911632101,2024-02-13,-1.6161863869152704,0.05105299668259877,20.436903181036847,11.0,15.29649982708439,22.0,additive
2023-11-01,2023Q4,0,rw_hl4_med,dispersion_conditioned,base,adj_ebitda_musd,677.3671991923118,643.45629,15,2023-11-01,2023-10-31,street_pit,disp=0.0512 ref=0.1195 ratio=0.500 b_pt=+1.884,738.0,2024-02-13,-60.63280080768823,0.08951245481031034,0.2923746622483845,8.0,0.2183712414699615,19.0,relative
2023-11-01,2023Q4,0,rw_hl4_med,dispersion_conditioned,base,adj_ebitda_margin_pct,30.460832408025805,29.518654021988883,15,2023-11-01,2023-10-31,street_pit,disp=0.0512 ref=0.1195 ratio=0.500 b_pt=+1.884,33.27321911632101,2024-02-13,-2.812386708295204,0.09232796630843865,19.465723962739993,11.0,14.861826872107399,22.0,additive
2023-11-01,2024Q1,1,rw_hl4_med,street_plus_bias,base,adj_ebitda_musd,362.330939085506,315.71333,15,2023-11-01,2023-10-31,street_pit,b_pct=+0.1477 b_pt=+1.947 n_pool=7,424.0,2024-05-08,-61.669060914494025,0.17020092479582827,0.48758106390064926,8.0,0.37136955885379275,19.0,relative
2023-11-01,2024Q1,1,rw_hl4_med,street_plus_bias,base,adj_ebitda_margin_pct,17.159169493027893,15.212387230834388,15,2023-11-01,2023-10-31,street_pit,b_pct=+0.1477 b_pt=+1.947 n_pool=7,19.79458450046685,2024-05-08,-2.635415007438958,0.15358639638764449,13.059248324623995,10.0,10.095755219235308,21.0,additive
2023-11-01,2024Q1,1,rw_hl4_med,street_plus_flowthrough,base,adj_ebitda_musd,412.2682053237321,315.71333,15,2023-11-01,2023-10-31,street_pit,a=+52.0 m=0.674 rev=2141 leg=naive,424.0,2024-05-08,-11.731794676267896,0.028456704942976474,1.100310058424272,8.0,0.7218660162396997,19.0,relative
2023-11-01,2024Q1,1,rw_hl4_med,street_plus_flowthrough,base,adj_ebitda_margin_pct,19.25243531961391,15.212387230834388,15,2023-11-01,2023-10-31,street_pit,a=+52.0 m=0.674 rev=2141 leg=naive,19.79458450046685,2024-05-08,-0.5421491808529417,0.028160031281892595,15.673567070480091,10.0,11.750614977883718,21.0,additive
2023-11-01,2024Q1,1,rw_hl4_med,dispersion_conditioned,base,adj_ebitda_musd,351.57796020766733,315.71333,15,2023-11-01,2023-10-31,street_pit,disp=0.1044 ref=0.1357 ratio=0.769 b_pt=+1.947,424.0,2024-05-08,-72.42203979233267,0.20599141012580824,0.46615028414718773,8.0,0.35783625823083315,19.0,relative
2023-11-01,2024Q1,1,rw_hl4_med,dispersion_conditioned,base,adj_ebitda_margin_pct,16.710117966023986,15.212387230834388,15,2023-11-01,2023-10-31,street_pit,disp=0.1044 ref=0.1357 ratio=0.769 b_pt=+1.947,19.79458450046685,2024-05-08,-3.084466534442864,0.18458675999262164,12.493531999800076,10.0,9.761955651586398,21.0,additive
2023-11-01,2023Q4,0,rw_hl4_from21,street_plus_bias,base,adj_ebitda_musd,735.9505983918317,643.45629,15,2023-11-01,2023-10-31,street_pit,b_pct=+0.1437 b_pt=+5.520 n_pool=11,738.0,2024-02-13,-2.0494016081682958,0.002784699968512161,0.3034273395748338,8.0,0.20683945094981224,19.0,relative
2023-11-01,2023Q4,0,rw_hl4_from21,street_plus_bias,base,adj_ebitda_margin_pct,35.038909120903654,29.518654021988883,15,2023-11-01,2023-10-31,street_pit,b_pct=+0.1437 b_pt=+5.520 n_pool=11,33.27321911632101,2024-02-13,1.7656900045826447,-0.050392265309688655,21.07696799350168,11.0,14.672910051937183,22.0,additive
2023-11-01,2023Q4,0,rw_hl4_from21,street_plus_flowthrough,base,adj_ebitda_musd,680.2660513967724,643.45629,15,2023-11-01,2023-10-31,street_pit,a=+11.7 m=0.932 rev=2207 leg=guide_cushion,738.0,2024-02-13,-57.733948603227645,0.0848696601641139,0.44395907533118456,9.0,0.29085055598509846,20.0,relative
2023-11-01,2023Q4,0,rw_hl4_from21,street_plus_flowthrough,base,adj_ebitda_margin_pct,30.82680936871955,29.518654021988883,15,2023-11-01,2023-10-31,street_pit,a=+11.7 m=0.932 rev=2207 leg=guide_cushion,33.27321911632101,2024-02-13,-2.4464097476014572,0.0793598104279929,20.5439370921948,11.0,14.534570388944056,22.0,additive
2023-11-01,2023Q4,0,rw_hl4_from21,dispersion_conditioned,base,adj_ebitda_musd,689.7034441959158,643.45629,15,2023-11-01,2023-10-31,street_pit,disp=0.0512 ref=0.1195 ratio=0.500 b_pt=+5.520,738.0,2024-02-13,-48.296555804084164,0.07002510457286504,0.2850990648336767,8.0,0.19454854597474963,19.0,relative
2023-11-01,2023Q4,0,rw_hl4_from21,dispersion_conditioned,base,adj_ebitda_margin_pct,32.27878157144627,29.518654021988883,15,2023-11-01,2023-10-31,street_pit,disp=0.0512 ref=0.1195 ratio=0.500 b_pt=+5.520,33.27321911632101,2024-02-13,-0.9944375448747422,0.03080777825128389,20.48746286624247,11.0,14.338052835807394,22.0,additive
2023-11-01,2024Q1,1,rw_hl4_from21,street_plus_bias,base,adj_ebitda_musd,384.1056275448645,315.71333,15,2023-11-01,2023-10-31,street_pit,b_pct=+0.2166 b_pt=+5.034 n_pool=10,424.0,2024-05-08,-39.89437245513551,0.10386302515308965,0.5199936106579708,8.0,0.3578010182792309,19.0,relative
2023-11-01,2024Q1,1,rw_hl4_from21,street_plus_bias,base,adj_ebitda_margin_pct,20.246100911027217,15.212387230834388,15,2023-11-01,2023-10-31,street_pit,b_pct=+0.2166 b_pt=+5.034 n_pool=10,19.79458450046685,2024-05-08,0.45151641056036596,-0.022301400775615154,14.442971381179442,10.0,10.148821596975424,21.0,additive
2023-11-01,2024Q1,1,rw_hl4_from21,street_plus_flowthrough,base,adj_ebitda_musd,395.8875416676543,315.71333,15,2023-11-01,2023-10-31,street_pit,a=+27.1 m=0.803 rev=2141 leg=naive,424.0,2024-05-08,-28.112458332345682,0.07101122256569004,1.3729155638614876,9.0,0.9209919578872752,20.0,relative
2023-11-01,2024Q1,1,rw_hl4_from21,street_plus_flowthrough,base,adj_ebitda_margin_pct,18.48747779085336,15.212387230834388,15,2023-11-01,2023-10-31,street_pit,a=+27.1 m=0.803 rev=2141 leg=naive,19.79458450046685,2024-05-08,-1.307106709613489,0.0707022734199132,15.92401429347758,10.0,10.999744686062382,21.0,additive
2023-11-01,2024Q1,1,rw_hl4_from21,dispersion_conditioned,base,adj_ebitda_musd,368.33002374764106,315.71333,15,2023-11-01,2023-10-31,street_pit,disp=0.1044 ref=0.1357 ratio=0.769 b_pt=+5.034,424.0,2024-05-08,-55.669976252358936,0.15114156507236265,0.48552478016224854,8.0,0.3398177001035712,19.0,relative
2023-11-01,2024Q1,1,rw_hl4_from21,dispersion_conditioned,base,adj_ebitda_margin_pct,19.085007111023007,15.212387230834388,15,2023-11-01,2023-10-31,street_pit,disp=0.1044 ref=0.1357 ratio=0.769 b_pt=+5.034,19.79458450046685,2024-05-08,-0.7095773894438437,0.03717983364198019,13.54249709059428,10.0,9.60153740883803,21.0,additive
2024-02-13,2024Q1,0,rw_hl4,street_plus_bias,base,adj_ebitda_musd,352.55523359408727,319.30748,16,2024-02-13,2024-02-12,street_pit,b_pct=+0.1041 b_pt=+2.654 n_pool=8,424.0,2024-05-08,-71.44476640591273,0.20264843519007392,0.3054611107015982,9.0,0.23570539215389635,19.0,relative
2024-02-13,2024Q1,0,rw_hl4,street_plus_bias,base,adj_ebitda_margin_pct,18.38485101165939,15.7313419717546,16,2024-02-13,2024-02-12,street_pit,b_pct=+0.1041 b_pt=+2.654 n_pool=8,19.79458450046685,2024-05-08,-1.4097334888074613,0.07667908148471958,19.431067620309793,12.0,15.220989958983703,22.0,additive
2024-02-13,2024Q1,0,rw_hl4,street_plus_flowthrough,base,adj_ebitda_musd,397.02182068935235,319.30748,16,2024-02-13,2024-02-12,street_pit,a=+31.6 m=0.638 rev=2102 leg=guide_cushion,424.0,2024-05-08,-26.978179310647647,0.06795137673744289,0.713022850111816,10.0,0.5140043988693758,20.0,relative
2024-02-13,2024Q1,0,rw_hl4,street_plus_flowthrough,base,adj_ebitda_margin_pct,18.888020086075944,15.7313419717546,16,2024-02-13,2024-02-12,street_pit,a=+31.6 m=0.638 rev=2102 leg=guide_cushion,19.79458450046685,2024-05-08,-0.9065644143909068,0.04799679427804171,19.659114118487654,12.0,15.262020767286137,22.0,additive
2024-02-13,2024Q1,0,rw_hl4,dispersion_conditioned,base,adj_ebitda_musd,370.5571435358127,319.30748,16,2024-02-13,2024-02-12,street_pit,disp=0.2116 ref=0.1373 ratio=1.541 b_pt=+2.654,424.0,2024-05-08,-53.44285646418729,0.14422298259923383,0.28598714489568516,9.0,0.22188998417289885,19.0,relative
2024-02-13,2024Q1,0,rw_hl4,dispersion_conditioned,base,adj_ebitda_margin_pct,19.821586598343224,15.7313419717546,16,2024-02-13,2024-02-12,street_pit,disp=0.2116 ref=0.1373 ratio=1.541 b_pt=+2.654,19.79458450046685,2024-05-08,0.0270020978763732,-0.0013622571403355543,18.967122092446782,12.0,14.976589546148091,22.0,additive
2024-02-13,2024Q2,1,rw_hl4,street_plus_bias,base,adj_ebitda_musd,1118.2967517533193,966.6502,16,2024-02-13,2024-02-12,street_pit,b_pct=+0.1569 b_pt=+3.317 n_pool=8,894.0,2024-08-06,224.2967517533193,-0.20056997518919384,0.4872441353108755,9.0,0.3811844585242143,19.0,relative
2024-02-13,2024Q2,1,rw_hl4,street_plus_bias,base,adj_ebitda_margin_pct,38.18071456614776,34.8633663605159,16,2024-02-13,2024-02-12,street_pit,b_pct=+0.1569 b_pt=+3.317 n_pool=8,32.532751091703055,2024-08-06,5.647963474444708,-0.14792712862038393,12.85510524935834,11.0,10.303899784449964,21.0,additive
2024-02-13,2024Q2,1,rw_hl4,street_plus_flowthrough,base,adj_ebitda_musd,1083.164587310973,966.6502,16,2024-02-13,2024-02-12,street_pit,a=+33.3 m=0.671 rev=2897 leg=naive,894.0,2024-08-06,189.16458731097305,-0.17464066821145485,1.0371304788370836,9.0,0.7198174120948829,19.0,relative
2024-02-13,2024Q2,1,rw_hl4,street_plus_flowthrough,base,adj_ebitda_margin_pct,37.393131098824554,34.8633663605159,16,2024-02-13,2024-02-12,street_pit,a=+33.3 m=0.671 rev=2897 leg=naive,32.532751091703055,2024-08-06,4.860380007121499,-0.12998055697117816,15.077065060222807,11.0,11.676447810810814,21.0,additive
2024-02-13,2024Q2,1,rw_hl4,dispersion_conditioned,base,adj_ebitda_musd,1042.4734758766597,966.6502,16,2024-02-13,2024-02-12,street_pit,disp=0.0600 ref=0.1216 ratio=0.500 b_pt=+3.317,894.0,2024-08-06,148.47347587665968,-0.1424242240329444,0.46210527702093024,9.0,0.36503866345604363,19.0,relative
2024-02-13,2024Q2,1,rw_hl4,dispersion_conditioned,base,adj_ebitda_margin_pct,36.522040463331834,34.8633663605159,16,2024-02-13,2024-02-12,street_pit,disp=0.0600 ref=0.1216 ratio=0.500 b_pt=+3.317,32.532751091703055,2024-08-06,3.9892893716287787,-0.10922964108848265,12.137300336051245,11.0,9.86876920344579,21.0,additive
2024-02-13,2024Q1,0,ew,street_plus_bias,base,adj_ebitda_musd,363.87028131937376,319.30748,16,2024-02-13,2024-02-12,street_pit,b_pct=+0.1396 b_pt=+4.044 n_pool=8,424.0,2024-05-08,-60.12971868062624,0.1652504251311735,0.31417809784582795,9.0,0.2455364695753904,19.0,relative
2024-02-13,2024Q1,0,ew,street_plus_bias,base,adj_ebitda_margin_pct,19.775167517873,15.7313419717546,16,2024-02-13,2024-02-12,street_pit,b_pct=+0.1396 b_pt=+4.044 n_pool=8,19.79458450046685,2024-05-08,-0.019416982593849497,0.00098188713578784,19.796571809024865,12.0,15.658207148820274,22.0,additive
2024-02-13,2024Q1,0,ew,street_plus_flowthrough,base,adj_ebitda_musd,406.85943587549224,319.30748,16,2024-02-13,2024-02-12,street_pit,a=+38.1 m=0.685 rev=2102 leg=guide_cushion,424.0,2024-05-08,-17.140564124507762,0.04212895809488648,0.7169254718988991,10.0,0.5183593727308915,20.0,relative
2024-02-13,2024Q1,0,ew,street_plus_flowthrough,base,adj_ebitda_margin_pct,19.35603736762553,15.7313419717546,16,2024-02-13,2024-02-12,street_pit,a=+38.1 m=0.685 rev=2102 leg=guide_cushion,19.79458450046685,2024-05-08,-0.43854713284132174,0.02265686537549394,19.80051854211069,12.0,15.418066081704948,22.0,additive
2024-02-13,2024Q1,0,ew,dispersion_conditioned,base,adj_ebitda_musd,379.1652354940829,319.30748,16,2024-02-13,2024-02-12,street_pit,disp=0.2116 ref=0.1576 ratio=1.343 b_pt=+4.044,424.0,2024-05-08,-44.83476450591712,0.11824597908480139,0.29060609467053267,9.0,0.22830934785698273,19.0,relative
2024-02-13,2024Q1,0,ew,dispersion_conditioned,base,adj_ebitda_margin_pct,21.163099258858722,15.7313419717546,16,2024-02-13,2024-02-12,street_pit,disp=0.2116 ref=0.1576 ratio=1.343 b_pt=+4.044,19.79458450046685,2024-05-08,1.3685147583918713,-0.06466513914870109,19.158694668162394,12.0,15.248294600771452,22.0,additive
2024-02-13,2024Q2,1,ew,street_plus_bias,base,adj_ebitda_musd,1175.340221743916,966.6502,16,2024-02-13,2024-02-12,street_pit,b_pct=+0.2159 b_pt=+4.948 n_pool=8,894.0,2024-08-06,281.3402217439159,-0.23936917714470474,0.49760101236228177,9.0,0.3978399981745689,19.0,relative
2024-02-13,2024Q2,1,ew,street_plus_bias,base,adj_ebitda_margin_pct,39.81175830860872,34.8633663605159,16,2024-02-13,2024-02-12,street_pit,b_pct=+0.2159 b_pt=+4.948 n_pool=8,32.532751091703055,2024-08-06,7.279007216905661,-0.1828356125464492,13.258577571422137,11.0,10.896285308117045,21.0,additive
2024-02-13,2024Q2,1,ew,street_plus_flowthrough,base,adj_ebitda_musd,1095.7307839409978,966.6502,16,2024-02-13,2024-02-12,street_pit,a=+35.3 m=0.757 rev=2897 leg=naive,894.0,2024-08-06,201.73078394099775,-0.18410615718528578,1.0403254834459723,9.0,0.7225162946030868,19.0,relative
2024-02-13,2024Q2,1,ew,street_plus_flowthrough,base,adj_ebitda_margin_pct,37.8269427683573,34.8633663605159,16,2024-02-13,2024-02-12,street_pit,a=+35.3 m=0.757 rev=2897 leg=naive,32.532751091703055,2024-08-06,5.294191676654243,-0.1399582226106546,15.247473241281874,11.0,11.81846646023149,21.0,additive
2024-02-13,2024Q2,1,ew,dispersion_conditioned,base,adj_ebitda_musd,1070.995210871958,966.6502,16,2024-02-13,2024-02-12,street_pit,disp=0.0600 ref=0.1592 ratio=0.500 b_pt=+4.948,894.0,2024-08-06,176.99521087195808,-0.16526237379516961,0.46608356376013627,9.0,0.37308322339868777,19.0,relative
2024-02-13,2024Q2,1,ew,dispersion_conditioned,base,adj_ebitda_margin_pct,37.33756233456231,34.8633663605159,16,2024-02-13,2024-02-12,street_pit,disp=0.0600 ref=0.1592 ratio=0.500 b_pt=+4.948,32.532751091703055,2024-08-06,4.804811242859252,-0.12868572403859302,12.312891720872512,11.0,10.139790846595657,21.0,additive
2024-02-13,2024Q1,0,rw_hl4_usd,street_plus_bias,base,adj_ebitda_musd,399.5618724093626,319.30748,16,2024-02-13,2024-02-12,street_pit,b_pct=+0.1041 b_pt=+2.654 n_pool=8,424.0,2024-05-08,-24.438127590637407,0.06116231121672144,0.31219585686606316,9.0,0.2229615811244351,19.0,relative
2024-02-13,2024Q1,0,rw_hl4_usd,street_plus_bias,base,adj_ebitda_margin_pct,18.38485101165939,15.7313419717546,16,2024-02-13,2024-02-12,street_pit,b_pct=+0.1041 b_pt=+2.654 n_pool=8,19.79458450046685,2024-05-08,-1.4097334888074613,0.07667908148471958,19.431067620309793,12.0,15.220989958983703,22.0,additive
2024-02-13,2024Q1,0,rw_hl4_usd,street_plus_flowthrough,base,adj_ebitda_musd,397.02182068935235,319.30748,16,2024-02-13,2024-02-12,street_pit,a=+31.6 m=0.638 rev=2102 leg=guide_cushion,424.0,2024-05-08,-26.978179310647647,0.06795137673744289,0.713022850111816,10.0,0.5140043988693758,20.0,relative
2024-02-13,2024Q1,0,rw_hl4_usd,street_plus_flowthrough,base,adj_ebitda_margin_pct,18.888020086075944,15.7313419717546,16,2024-02-13,2024-02-12,street_pit,a=+31.6 m=0.638 rev=2102 leg=guide_cushion,19.79458450046685,2024-05-08,-0.9065644143909068,0.04799679427804171,19.659114118487654,12.0,15.262020767286137,22.0,additive
2024-02-13,2024Q1,0,rw_hl4_usd,dispersion_conditioned,base,adj_ebitda_musd,443.0154050064693,319.30748,16,2024-02-13,2024-02-12,street_pit,disp=0.2116 ref=0.1373 ratio=1.541 b_pt=+2.654,424.0,2024-05-08,19.01540500646928,-0.04292267219509349,0.30613207895238226,9.0,0.22451747317596615,19.0,relative
2024-02-13,2024Q1,0,rw_hl4_usd,dispersion_conditioned,base,adj_ebitda_margin_pct,19.821586598343224,15.7313419717546,16,2024-02-13,2024-02-12,street_pit,disp=0.2116 ref=0.1373 ratio=1.541 b_pt=+2.654,19.79458450046685,2024-05-08,0.0270020978763732,-0.0013622571403355543,18.967122092446782,12.0,14.976589546148091,22.0,additive
2024-02-13,2024Q2,1,rw_hl4_usd,street_plus_bias,base,adj_ebitda_musd,1067.2189509972723,966.6502,16,2024-02-13,2024-02-12,street_pit,b_pct=+0.1569 b_pt=+3.317 n_pool=8,894.0,2024-08-06,173.21895099727226,-0.1623087285279241,0.5088190738085857,9.0,0.3794593086484654,19.0,relative
2024-02-13,2024Q2,1,rw_hl4_usd,street_plus_bias,base,adj_ebitda_margin_pct,38.18071456614776,34.8633663605159,16,2024-02-13,2024-02-12,street_pit,b_pct=+0.1569 b_pt=+3.317 n_pool=8,32.532751091703055,2024-08-06,5.647963474444708,-0.14792712862038393,12.85510524935834,11.0,10.303899784449964,21.0,additive
2024-02-13,2024Q2,1,rw_hl4_usd,street_plus_flowthrough,base,adj_ebitda_musd,1083.164587310973,966.6502,16,2024-02-13,2024-02-12,street_pit,a=+33.3 m=0.671 rev=2897 leg=naive,894.0,2024-08-06,189.16458731097305,-0.17464066821145485,1.0371304788370836,9.0,0.7198174120948829,19.0,relative
2024-02-13,2024Q2,1,rw_hl4_usd,street_plus_flowthrough,base,adj_ebitda_margin_pct,37.393131098824554,34.8633663605159,16,2024-02-13,2024-02-12,street_pit,a=+33.3 m=0.671 rev=2897 leg=naive,32.532751091703055,2024-08-06,4.860380007121499,-0.12998055697117816,15.077065060222807,11.0,11.676447810810814,21.0,additive
2024-02-13,2024Q2,1,rw_hl4_usd,dispersion_conditioned,base,adj_ebitda_musd,1016.9345754986361,966.6502,16,2024-02-13,2024-02-12,street_pit,disp=0.0600 ref=0.1216 ratio=0.500 b_pt=+3.317,894.0,2024-08-06,122.93457549863615,-0.12088739871820886,0.49317991571129727,9.0,0.3708627173516807,19.0,relative
2024-02-13,2024Q2,1,rw_hl4_usd,dispersion_conditioned,base,adj_ebitda_margin_pct,36.522040463331834,34.8633663605159,16,2024-02-13,2024-02-12,street_pit,disp=0.0600 ref=0.1216 ratio=0.500 b_pt=+3.317,32.532751091703055,2024-08-06,3.9892893716287787,-0.10922964108848265,12.137300336051245,11.0,9.86876920344579,21.0,additive
2024-02-13,2024Q1,0,ew_usd,street_plus_bias,base,adj_ebitda_musd,424.693543,319.30748,16,2024-02-13,2024-02-12,street_pit,b_pct=+0.1396 b_pt=+4.044 n_pool=8,424.0,2024-05-08,0.6935429999999769,-0.0016330434296242258,0.3234263598406732,9.0,0.23423363284309917,19.0,relative
2024-02-13,2024Q1,0,ew_usd,street_plus_bias,base,adj_ebitda_margin_pct,19.775167517873,15.7313419717546,16,2024-02-13,2024-02-12,street_pit,b_pct=+0.1396 b_pt=+4.044 n_pool=8,19.79458450046685,2024-05-08,-0.019416982593849497,0.00098188713578784,19.796571809024865,12.0,15.658207148820274,22.0,additive
2024-02-13,2024Q1,0,ew_usd,street_plus_flowthrough,base,adj_ebitda_musd,406.85943587549224,319.30748,16,2024-02-13,2024-02-12,street_pit,a=+38.1 m=0.685 rev=2102 leg=guide_cushion,424.0,2024-05-08,-17.140564124507762,0.04212895809488648,0.7169254718988991,10.0,0.5183593727308915,20.0,relative
2024-02-13,2024Q1,0,ew_usd,street_plus_flowthrough,base,adj_ebitda_margin_pct,19.35603736762553,15.7313419717546,16,2024-02-13,2024-02-12,street_pit,a=+38.1 m=0.685 rev=2102 leg=guide_cushion,19.79458450046685,2024-05-08,-0.43854713284132174,0.02265686537549394,19.80051854211069,12.0,15.418066081704948,22.0,additive
2024-02-13,2024Q1,0,ew_usd,dispersion_conditioned,base,adj_ebitda_musd,460.8644065120577,319.30748,16,2024-02-13,2024-02-12,street_pit,disp=0.2116 ref=0.1576 ratio=1.343 b_pt=+4.044,424.0,2024-05-08,36.86440651205771,-0.07998970194087496,0.31254237262011875,9.0,0.23431722937619492,19.0,relative
2024-02-13,2024Q1,0,ew_usd,dispersion_conditioned,base,adj_ebitda_margin_pct,21.163099258858722,15.7313419717546,16,2024-02-13,2024-02-12,street_pit,disp=0.2116 ref=0.1576 ratio=1.343 b_pt=+4.044,19.79458450046685,2024-05-08,1.3685147583918713,-0.06466513914870109,19.158694668162394,12.0,15.248294600771452,22.0,additive
2024-02-13,2024Q2,1,ew_usd,street_plus_bias,base,adj_ebitda_musd,1099.035877,966.6502,16,2024-02-13,2024-02-12,street_pit,b_pct=+0.2159 b_pt=+4.948 n_pool=8,894.0,2024-08-06,205.03587700000003,-0.18655976687465314,0.5176354141073939,9.0,0.3930112037728623,19.0,relative
2024-02-13,2024Q2,1,ew_usd,street_plus_bias,base,adj_ebitda_margin_pct,39.81175830860872,34.8633663605159,16,2024-02-13,2024-02-12,street_pit,b_pct=+0.2159 b_pt=+4.948 n_pool=8,32.532751091703055,2024-08-06,7.279007216905661,-0.1828356125464492,13.258577571422137,11.0,10.896285308117045,21.0,additive
2024-02-13,2024Q2,1,ew_usd,street_plus_flowthrough,base,adj_ebitda_musd,1095.7307839409978,966.6502,16,2024-02-13,2024-02-12,street_pit,a=+35.3 m=0.757 rev=2897 leg=naive,894.0,2024-08-06,201.73078394099775,-0.18410615718528578,1.0403254834459723,9.0,0.7225162946030868,19.0,relative
2024-02-13,2024Q2,1,ew_usd,street_plus_flowthrough,base,adj_ebitda_margin_pct,37.8269427683573,34.8633663605159,16,2024-02-13,2024-02-12,street_pit,a=+35.3 m=0.757 rev=2897 leg=naive,32.532751091703055,2024-08-06,5.294191676654243,-0.1399582226106546,15.247473241281874,11.0,11.81846646023149,21.0,additive
2024-02-13,2024Q2,1,ew_usd,dispersion_conditioned,base,adj_ebitda_musd,1032.8430385000001,966.6502,16,2024-02-13,2024-02-12,street_pit,disp=0.0600 ref=0.1592 ratio=0.500 b_pt=+4.948,894.0,2024-08-06,138.84303850000015,-0.1344280140587888,0.49606854403259176,9.0,0.3764315108334057,19.0,relative
2024-02-13,2024Q2,1,ew_usd,dispersion_conditioned,base,adj_ebitda_margin_pct,37.33756233456231,34.8633663605159,16,2024-02-13,2024-02-12,street_pit,disp=0.0600 ref=0.1592 ratio=0.500 b_pt=+4.948,32.532751091703055,2024-08-06,4.804811242859252,-0.12868572403859302,12.312891720872512,11.0,10.139790846595657,21.0,additive
2024-02-13,2024Q1,0,rw_hl4_med,street_plus_bias,base,adj_ebitda_musd,351.6003050202541,319.30748,16,2024-02-13,2024-02-12,street_pit,b_pct=+0.1011 b_pt=+2.636 n_pool=8,424.0,2024-05-08,-72.3996949797459,0.20591476726840519,0.29648496903956867,9.0,0.23280684039067323,19.0,relative
2024-02-13,2024Q1,0,rw_hl4_med,street_plus_bias,base,adj_ebitda_margin_pct,18.36746341071362,15.7313419717546,16,2024-02-13,2024-02-12,street_pit,b_pct=+0.1011 b_pt=+2.636 n_pool=8,19.79458450046685,2024-05-08,-1.427121089753232,0.07769832218208217,19.151682956692117,12.0,15.094928975007344,22.0,additive
2024-02-13,2024Q1,0,rw_hl4_med,street_plus_flowthrough,base,adj_ebitda_musd,414.6830382872556,319.30748,16,2024-02-13,2024-02-12,street_pit,a=+49.3 m=0.638 rev=2102 leg=guide_cushion,424.0,2024-05-08,-9.316961712744387,0.022467670130000394,0.7128501915996845,10.0,0.5143603690395466,20.0,relative
2024-02-13,2024Q1,0,rw_hl4_med,street_plus_flowthrough,base,adj_ebitda_margin_pct,19.728239477933418,15.7313419717546,16,2024-02-13,2024-02-12,street_pit,a=+49.3 m=0.638 rev=2102 leg=guide_cushion,19.79458450046685,2024-05-08,-0.066345022533433,0.0033629469374416576,19.678063548797578,12.0,15.29649982708439,22.0,additive
2024-02-13,2024Q1,0,rw_hl4_med,dispersion_conditioned,base,adj_ebitda_musd,369.0851713626797,319.30748,16,2024-02-13,2024-02-12,street_pit,disp=0.2116 ref=0.1373 ratio=1.541 b_pt=+2.636,424.0,2024-05-08,-54.914828637320284,0.14878633144369413,0.27820441000300533,9.0,0.2183712414699615,19.0,relative
2024-02-13,2024Q1,0,rw_hl4_med,dispersion_conditioned,base,adj_ebitda_margin_pct,19.794784525967295,15.7313419717546,16,2024-02-13,2024-02-12,street_pit,disp=0.2116 ref=0.1373 ratio=1.541 b_pt=+2.636,19.79458450046685,2024-05-08,0.00020002550044395662,-1.0104959727197382e-05,18.76844981422763,12.0,14.861826872107399,22.0,additive
2024-02-13,2024Q2,1,rw_hl4_med,street_plus_bias,base,adj_ebitda_musd,1108.214361873532,966.6502,16,2024-02-13,2024-02-12,street_pit,b_pct=+0.1464 b_pt=+3.050 n_pool=8,894.0,2024-08-06,214.21436187353197,-0.19329686497780463,0.4682893023625231,9.0,0.37136955885379275,19.0,relative
2024-02-13,2024Q2,1,rw_hl4_med,street_plus_bias,base,adj_ebitda_margin_pct,37.913167583562924,34.8633663605159,16,2024-02-13,2024-02-12,street_pit,b_pct=+0.1464 b_pt=+3.050 n_pool=8,32.532751091703055,2024-08-06,5.380416491859869,-0.1419141906305007,12.608389072978985,11.0,10.095755219235308,21.0,additive
2024-02-13,2024Q2,1,rw_hl4_med,street_plus_flowthrough,base,adj_ebitda_musd,1097.977525846292,966.6502,16,2024-02-13,2024-02-12,street_pit,a=+48.1 m=0.671 rev=2897 leg=naive,894.0,2024-08-06,203.9775258462921,-0.18577568396864186,1.038139305371418,9.0,0.7218660162396997,19.0,relative
2024-02-13,2024Q2,1,rw_hl4_med,street_plus_flowthrough,base,adj_ebitda_margin_pct,37.9045050479906,34.8633663605159,16,2024-02-13,2024-02-12,street_pit,a=+48.1 m=0.671 rev=2897 leg=naive,32.532751091703055,2024-08-06,5.371753956287542,-0.14171808732197944,15.1077993705659,11.0,11.750614977883718,21.0,additive
2024-02-13,2024Q2,1,rw_hl4_med,dispersion_conditioned,base,adj_ebitda_musd,1037.432280936766,966.6502,16,2024-02-13,2024-02-12,street_pit,disp=0.0600 ref=0.1216 ratio=0.500 b_pt=+3.050,894.0,2024-08-06,143.4322809367659,-0.1382570058522291,0.4469502407487469,9.0,0.35783625823083315,19.0,relative
2024-02-13,2024Q2,1,rw_hl4_med,dispersion_conditioned,base,adj_ebitda_margin_pct,36.38826697203941,34.8633663605159,16,2024-02-13,2024-02-12,street_pit,disp=0.0600 ref=0.1216 ratio=0.500 b_pt=+3.050,32.532751091703055,2024-08-06,3.8555158803363554,-0.10595491902098331,12.056422643142357,11.0,9.761955651586398,21.0,additive
2024-02-13,2024Q1,0,rw_hl4_from21,street_plus_bias,base,adj_ebitda_musd,363.2306963429743,319.30748,16,2024-02-13,2024-02-12,street_pit,b_pct=+0.1376 b_pt=+5.051 n_pool=12,424.0,2024-05-08,-60.769303657025716,0.1673022249189131,0.285221210910135,9.0,0.20683945094981224,19.0,relative
2024-02-13,2024Q1,0,rw_hl4_from21,street_plus_bias,base,adj_ebitda_margin_pct,20.78193299704646,15.7313419717546,16,2024-02-13,2024-02-12,street_pit,b_pct=+0.1376 b_pt=+5.051 n_pool=12,19.79458450046685,2024-05-08,0.9873484965796102,-0.047509945139363685,20.11496032627242,12.0,14.672910051937183,22.0,additive
2024-02-13,2024Q1,0,rw_hl4_from21,street_plus_flowthrough,base,adj_ebitda_musd,406.27484452123133,319.30748,16,2024-02-13,2024-02-12,street_pit,a=+26.8 m=0.832 rev=2102 leg=guide_cushion,424.0,2024-05-08,-17.72515547876867,0.043628483815326025,0.41978079172808325,10.0,0.29085055598509846,20.0,relative
2024-02-13,2024Q1,0,rw_hl4_from21,street_plus_flowthrough,base,adj_ebitda_margin_pct,19.3282258654208,15.7313419717546,16,2024-02-13,2024-02-12,street_pit,a=+26.8 m=0.832 rev=2102 leg=guide_cushion,19.79458450046685,2024-05-08,-0.46635863504604913,0.02412837258283429,19.609792218134164,12.0,14.534570388944056,22.0,additive
2024-02-13,2024Q1,0,rw_hl4_from21,dispersion_conditioned,base,adj_ebitda_musd,387.0128078988589,319.30748,16,2024-02-13,2024-02-12,street_pit,disp=0.2116 ref=0.1373 ratio=1.541 b_pt=+5.051,424.0,2024-05-08,-36.98719210114109,0.0955709768416948,0.26744384061879967,9.0,0.19454854597474963,19.0,relative
2024-02-13,2024Q1,0,rw_hl4_from21,dispersion_conditioned,base,adj_ebitda_margin_pct,23.516562406895076,15.7313419717546,16,2024-02-13,2024-02-12,street_pit,disp=0.2116 ref=0.1373 ratio=1.541 b_pt=+5.051,19.79458450046685,2024-05-08,3.7219779064282257,-0.15827049217605627,19.542057076072545,12.0,14.338052835807394,22.0,additive
2024-02-13,2024Q2,1,rw_hl4_from21,street_plus_bias,base,adj_ebitda_musd,1165.8210078892328,966.6502,16,2024-02-13,2024-02-12,street_pit,b_pct=+0.2060 b_pt=+4.722 n_pool=11,894.0,2024-08-06,271.82100788923276,-0.23315844031784605,0.49130497190177724,9.0,0.3578010182792309,19.0,relative
2024-02-13,2024Q2,1,rw_hl4_from21,street_plus_bias,base,adj_ebitda_margin_pct,39.585320299876905,34.8633663605159,16,2024-02-13,2024-02-12,street_pit,b_pct=+0.2060 b_pt=+4.722 n_pool=11,32.532751091703055,2024-08-06,7.05256920817385,-0.17816122630175557,13.751270776358764,11.0,10.148821596975424,21.0,additive
2024-02-13,2024Q2,1,rw_hl4_from21,street_plus_flowthrough,base,adj_ebitda_musd,1093.6392128293278,966.6502,16,2024-02-13,2024-02-12,street_pit,a=+27.7 m=0.801 rev=2897 leg=naive,894.0,2024-08-06,199.6392128293278,-0.1825457705680157,1.301462623145916,10.0,0.9209919578872752,20.0,relative
2024-02-13,2024Q2,1,rw_hl4_from21,street_plus_flowthrough,base,adj_ebitda_margin_pct,37.754737312513,34.8633663605159,16,2024-02-13,2024-02-12,street_pit,a=+27.7 m=0.801 rev=2897 leg=naive,32.532751091703055,2024-08-06,5.221986220809946,-0.13831340362893296,15.139181884668861,11.0,10.999744686062382,21.0,additive
2024-02-13,2024Q2,1,rw_hl4_from21,dispersion_conditioned,base,adj_ebitda_musd,1066.2356039446163,966.6502,16,2024-02-13,2024-02-12,street_pit,disp=0.0600 ref=0.1216 ratio=0.500 b_pt=+4.722,894.0,2024-08-06,172.2356039446163,-0.16153615890092032,0.45908833548142075,9.0,0.3398177001035712,19.0,relative
2024-02-13,2024Q2,1,rw_hl4_from21,dispersion_conditioned,base,adj_ebitda_margin_pct,37.224343330196405,34.8633663605159,16,2024-02-13,2024-02-12,street_pit,disp=0.0600 ref=0.1216 ratio=0.500 b_pt=+4.722,32.532751091703055,2024-08-06,4.6915922384933495,-0.12603559441940582,12.897381303545982,11.0,9.60153740883803,21.0,additive
2024-05-08,2024Q2,0,rw_hl4,street_plus_bias,base,adj_ebitda_musd,1039.4094568988685,917.78807,17,2024-05-08,2024-05-07,street_pit,b_pct=+0.1325 b_pt=+2.735 n_pool=9,894.0,2024-08-06,145.40945689886848,-0.13989622273853952,0.28803215590520365,10.0,0.23570539215389635,19.0,relative
2024-05-08,2024Q2,0,rw_hl4,street_plus_bias,base,adj_ebitda_margin_pct,36.19155097391498,33.45685652561631,17,2024-05-08,2024-05-07,street_pit,b_pct=+0.1325 b_pt=+2.735 n_pool=9,32.532751091703055,2024-08-06,3.658799882211923,-0.10109541547000844,11.080689337545873,12.0,15.220989958983703,22.0,additive
2024-05-08,2024Q2,0,rw_hl4,street_plus_flowthrough,base,adj_ebitda_musd,970.6912307020365,917.78807,17,2024-05-08,2024-05-07,street_pit,a=+30.1 m=0.642 rev=2779 leg=guide_cushion,894.0,2024-08-06,76.69123070203648,-0.07900682346390497,0.6795066429510126,11.0,0.5140043988693758,20.0,relative
2024-05-08,2024Q2,0,rw_hl4,street_plus_flowthrough,base,adj_ebitda_margin_pct,34.93314894893353,33.45685652561631,17,2024-05-08,2024-05-07,street_pit,a=+30.1 m=0.642 rev=2779 leg=guide_cushion,32.532751091703055,2024-08-06,2.400397857230473,-0.0687140418042318,11.38303072636696,12.0,15.262020767286137,22.0,additive
2024-05-08,2024Q2,0,rw_hl4,dispersion_conditioned,base,adj_ebitda_musd,979.8644308168674,917.78807,17,2024-05-08,2024-05-07,street_pit,disp=0.0630 ref=0.1234 ratio=0.510 b_pt=+2.735,894.0,2024-08-06,85.86443081686741,-0.08762888836089933,0.2705143516154585,10.0,0.22188998417289885,19.0,relative
2024-05-08,2024Q2,0,rw_hl4,dispersion_conditioned,base,adj_ebitda_margin_pct,34.85266267143532,33.45685652561631,17,2024-05-08,2024-05-07,street_pit,disp=0.0630 ref=0.1234 ratio=0.510 b_pt=+2.735,32.532751091703055,2024-08-06,2.3199115797322634,-0.06656339578994708,10.718934993462721,12.0,14.976589546148091,22.0,additive
2024-05-08,2024Q3,1,rw_hl4,street_plus_bias,base,adj_ebitda_musd,2373.5932596886782,2016.36668,17,2024-05-08,2024-05-07,street_pit,b_pct=+0.1772 b_pt=+3.347 n_pool=9,1958.0,2024-11-07,415.59325968867824,-0.175090343719289,0.4614066264595972,10.0,0.3811844585242143,19.0,relative
2024-05-08,2024Q3,1,rw_hl4,street_plus_bias,base,adj_ebitda_margin_pct,56.23623447633939,52.888839202705256,17,2024-05-08,2024-05-07,street_pit,b_pct=+0.1772 b_pt=+3.347 n_pool=9,52.46516613076098,2024-11-07,3.7710683455784135,-0.06705762540280036,12.379712993808191,12.0,10.303899784449964,21.0,additive
2024-05-08,2024Q3,1,rw_hl4,street_plus_flowthrough,base,adj_ebitda_musd,2175.888121531959,2016.36668,17,2024-05-08,2024-05-07,street_pit,a=+39.8 m=0.630 rev=4002 leg=naive,1958.0,2024-11-07,217.88812153195886,-0.10013755733844998,0.9814594061126058,10.0,0.7198174120948829,19.0,relative
2024-05-08,2024Q3,1,rw_hl4,street_plus_flowthrough,base,adj_ebitda_margin_pct,54.36450359677912,52.888839202705256,17,2024-05-08,2024-05-07,street_pit,a=+39.8 m=0.630 rev=4002 leg=naive,52.46516613076098,2024-11-07,1.899337466018146,-0.03493708836386167,14.499956925489254,12.0,11.676447810810814,21.0,additive
2024-05-08,2024Q3,1,rw_hl4,dispersion_conditioned,base,adj_ebitda_musd,2194.9799698443394,2016.36668,17,2024-05-08,2024-05-07,street_pit,disp=0.0222 ref=0.1035 ratio=0.500 b_pt=+3.347,1958.0,2024-11-07,236.9799698443394,-0.10796452500709841,0.4375959894205364,10.0,0.36503866345604363,19.0,relative
2024-05-08,2024Q3,1,rw_hl4,dispersion_conditioned,base,adj_ebitda_margin_pct,54.56253683952232,52.888839202705256,17,2024-05-08,2024-05-07,street_pit,disp=0.0222 ref=0.1035 ratio=0.500 b_pt=+3.347,52.46516613076098,2024-11-07,2.0973707087613462,-0.038439757941058916,11.709035345256757,12.0,9.86876920344579,21.0,additive
2024-05-08,2024Q2,0,ew,street_plus_bias,base,adj_ebitda_musd,1063.1584235615733,917.78807,17,2024-05-08,2024-05-07,street_pit,b_pct=+0.1584 b_pt=+4.046 n_pool=9,894.0,2024-08-06,169.15842356157327,-0.15910932915801368,0.29622623568673984,10.0,0.2455364695753904,19.0,relative
2024-05-08,2024Q2,0,ew,street_plus_bias,base,adj_ebitda_margin_pct,37.502447251970516,33.45685652561631,17,2024-05-08,2024-05-07,street_pit,b_pct=+0.1584 b_pt=+4.046 n_pool=9,32.532751091703055,2024-08-06,4.9696961602674605,-0.13251658290130208,11.509609433679719,12.0,15.658207148820274,22.0,additive
2024-05-08,2024Q2,0,ew,street_plus_flowthrough,base,adj_ebitda_musd,978.5051846201961,917.78807,17,2024-05-08,2024-05-07,street_pit,a=+36.0 m=0.697 rev=2779 leg=guide_cushion,894.0,2024-08-06,84.50518462019613,-0.08636150931892772,0.6837442171013287,11.0,0.5183593727308915,20.0,relative
2024-05-08,2024Q2,0,ew,street_plus_flowthrough,base,adj_ebitda_margin_pct,35.21435682170452,33.45685652561631,17,2024-05-08,2024-05-07,street_pit,a=+36.0 m=0.697 rev=2779 leg=guide_cushion,32.532751091703055,2024-08-06,2.681605730001465,-0.07615092172714755,11.539207140884997,12.0,15.418066081704948,22.0,additive
2024-05-08,2024Q2,0,ew,dispersion_conditioned,base,adj_ebitda_musd,990.4732467807864,917.78807,17,2024-05-08,2024-05-07,street_pit,disp=0.0630 ref=0.1490 ratio=0.500 b_pt=+4.046,894.0,2024-08-06,96.47324678078644,-0.09740116362995321,0.27541340829588107,10.0,0.22830934785698273,19.0,relative
2024-05-08,2024Q2,0,ew,dispersion_conditioned,base,adj_ebitda_margin_pct,35.47965188879341,33.45685652561631,17,2024-05-08,2024-05-07,street_pit,disp=0.0630 ref=0.1490 ratio=0.500 b_pt=+4.046,32.532751091703055,2024-08-06,2.9469007970903576,-0.08305889827575119,10.989553199193969,12.0,15.248294600771452,22.0,additive
2024-05-08,2024Q3,1,ew,street_plus_bias,base,adj_ebitda_musd,2477.308033168901,2016.36668,17,2024-05-08,2024-05-07,street_pit,b_pct=+0.2286 b_pt=+4.915 n_pool=9,1958.0,2024-11-07,519.3080331689011,-0.2096259432480091,0.47264576365177624,10.0,0.3978399981745689,19.0,relative
2024-05-08,2024Q3,1,ew,street_plus_bias,base,adj_ebitda_margin_pct,57.80394072548349,52.888839202705256,17,2024-05-08,2024-05-07,street_pit,b_pct=+0.2286 b_pt=+4.915 n_pool=9,52.46516613076098,2024-11-07,5.338774594722516,-0.09236004548680987,12.813019479093578,12.0,10.896285308117045,21.0,additive
2024-05-08,2024Q3,1,ew,street_plus_flowthrough,base,adj_ebitda_musd,2196.279585742409,2016.36668,17,2024-05-08,2024-05-07,street_pit,a=+39.3 m=0.740 rev=4002 leg=naive,1958.0,2024-11-07,238.27958574240893,-0.10849237378030052,0.9849893455000439,10.0,0.7225162946030868,19.0,relative
2024-05-08,2024Q3,1,ew,street_plus_flowthrough,base,adj_ebitda_margin_pct,54.87398375729037,52.888839202705256,17,2024-05-08,2024-05-07,street_pit,a=+39.3 m=0.740 rev=4002 leg=naive,52.46516613076098,2024-11-07,2.408817626529391,-0.04389726171847996,14.669610126155073,12.0,11.81846646023149,21.0,additive
2024-05-08,2024Q3,1,ew,dispersion_conditioned,base,adj_ebitda_musd,2246.837356584451,2016.36668,17,2024-05-08,2024-05-07,street_pit,disp=0.0222 ref=0.1477 ratio=0.500 b_pt=+4.915,1958.0,2024-11-07,288.83735658445084,-0.1285528548552929,0.44163572637906745,10.0,0.37308322339868777,19.0,relative
2024-05-08,2024Q3,1,ew,dispersion_conditioned,base,adj_ebitda_margin_pct,55.34638996409438,52.888839202705256,17,2024-05-08,2024-05-07,street_pit,disp=0.0222 ref=0.1477 ratio=0.500 b_pt=+4.915,52.46516613076098,2024-11-07,2.881223833333401,-0.05205802646211577,11.889812804840416,12.0,10.139790846595657,21.0,additive
2024-05-08,2024Q2,0,rw_hl4_usd,street_plus_bias,base,adj_ebitda_musd,997.8845919836068,917.78807,17,2024-05-08,2024-05-07,street_pit,b_pct=+0.1325 b_pt=+2.735 n_pool=9,894.0,2024-08-06,103.88459198360681,-0.10410481614622769,0.29538814670682434,10.0,0.2229615811244351,19.0,relative
2024-05-08,2024Q2,0,rw_hl4_usd,street_plus_bias,base,adj_ebitda_margin_pct,36.19155097391498,33.45685652561631,17,2024-05-08,2024-05-07,street_pit,b_pct=+0.1325 b_pt=+2.735 n_pool=9,32.532751091703055,2024-08-06,3.658799882211923,-0.10109541547000844,11.080689337545873,12.0,15.220989958983703,22.0,additive
2024-05-08,2024Q2,0,rw_hl4_usd,street_plus_flowthrough,base,adj_ebitda_musd,970.6912307020365,917.78807,17,2024-05-08,2024-05-07,street_pit,a=+30.1 m=0.642 rev=2779 leg=guide_cushion,894.0,2024-08-06,76.69123070203648,-0.07900682346390497,0.6795066429510126,11.0,0.5140043988693758,20.0,relative
2024-05-08,2024Q2,0,rw_hl4_usd,street_plus_flowthrough,base,adj_ebitda_margin_pct,34.93314894893353,33.45685652561631,17,2024-05-08,2024-05-07,street_pit,a=+30.1 m=0.642 rev=2779 leg=guide_cushion,32.532751091703055,2024-08-06,2.400397857230473,-0.0687140418042318,11.38303072636696,12.0,15.262020767286137,22.0,additive
2024-05-08,2024Q2,0,rw_hl4_usd,dispersion_conditioned,base,adj_ebitda_musd,958.669864934348,917.78807,17,2024-05-08,2024-05-07,street_pit,disp=0.0630 ref=0.1234 ratio=0.510 b_pt=+2.735,894.0,2024-08-06,64.66986493434797,-0.06745790944286822,0.29608242448790817,10.0,0.22451747317596615,19.0,relative
2024-05-08,2024Q2,0,rw_hl4_usd,dispersion_conditioned,base,adj_ebitda_margin_pct,34.85266267143532,33.45685652561631,17,2024-05-08,2024-05-07,street_pit,disp=0.0630 ref=0.1234 ratio=0.510 b_pt=+2.735,32.532751091703055,2024-08-06,2.3199115797322634,-0.06656339578994708,10.718934993462721,12.0,14.976589546148091,22.0,additive
2024-05-08,2024Q3,1,rw_hl4_usd,street_plus_bias,base,adj_ebitda_musd,2113.448341397462,2016.36668,17,2024-05-08,2024-05-07,street_pit,b_pct=+0.1772 b_pt=+3.347 n_pool=9,1958.0,2024-11-07,155.44834139746217,-0.07355199479097563,0.48639699701944894,10.0,0.3794593086484654,19.0,relative
2024-05-08,2024Q3,1,rw_hl4_usd,street_plus_bias,base,adj_ebitda_margin_pct,56.23623447633939,52.888839202705256,17,2024-05-08,2024-05-07,street_pit,b_pct=+0.1772 b_pt=+3.347 n_pool=9,52.46516613076098,2024-11-07,3.7710683455784135,-0.06705762540280036,12.379712993808191,12.0,10.303899784449964,21.0,additive
2024-05-08,2024Q3,1,rw_hl4_usd,street_plus_flowthrough,base,adj_ebitda_musd,2175.888121531959,2016.36668,17,2024-05-08,2024-05-07,street_pit,a=+39.8 m=0.630 rev=4002 leg=naive,1958.0,2024-11-07,217.88812153195886,-0.10013755733844998,0.9814594061126058,10.0,0.7198174120948829,19.0,relative
2024-05-08,2024Q3,1,rw_hl4_usd,street_plus_flowthrough,base,adj_ebitda_margin_pct,54.36450359677912,52.888839202705256,17,2024-05-08,2024-05-07,street_pit,a=+39.8 m=0.630 rev=4002 leg=naive,52.46516613076098,2024-11-07,1.899337466018146,-0.03493708836386167,14.499956925489254,12.0,11.676447810810814,21.0,additive
2024-05-08,2024Q3,1,rw_hl4_usd,dispersion_conditioned,base,adj_ebitda_musd,2064.907510698731,2016.36668,17,2024-05-08,2024-05-07,street_pit,disp=0.0222 ref=0.1035 ratio=0.500 b_pt=+3.347,1958.0,2024-11-07,106.90751069873113,-0.051773510505831455,0.47013391595575016,10.0,0.3708627173516807,19.0,relative
2024-05-08,2024Q3,1,rw_hl4_usd,dispersion_conditioned,base,adj_ebitda_margin_pct,54.56253683952232,52.888839202705256,17,2024-05-08,2024-05-07,street_pit,disp=0.0222 ref=0.1035 ratio=0.500 b_pt=+3.347,52.46516613076098,2024-11-07,2.0973707087613462,-0.038439757941058916,11.709035345256757,12.0,9.86876920344579,21.0,additive
2024-05-08,2024Q2,0,ew_usd,street_plus_bias,base,adj_ebitda_musd,1023.1110836363636,917.78807,17,2024-05-08,2024-05-07,street_pit,b_pct=+0.1584 b_pt=+4.046 n_pool=9,894.0,2024-08-06,129.11108363636356,-0.12619458991439536,0.30755785380685674,10.0,0.23423363284309917,19.0,relative
2024-05-08,2024Q2,0,ew_usd,street_plus_bias,base,adj_ebitda_margin_pct,37.502447251970516,33.45685652561631,17,2024-05-08,2024-05-07,street_pit,b_pct=+0.1584 b_pt=+4.046 n_pool=9,32.532751091703055,2024-08-06,4.9696961602674605,-0.13251658290130208,11.509609433679719,12.0,15.658207148820274,22.0,additive
2024-05-08,2024Q2,0,ew_usd,street_plus_flowthrough,base,adj_ebitda_musd,978.5051846201961,917.78807,17,2024-05-08,2024-05-07,street_pit,a=+36.0 m=0.697 rev=2779 leg=guide_cushion,894.0,2024-08-06,84.50518462019613,-0.08636150931892772,0.6837442171013287,11.0,0.5183593727308915,20.0,relative
2024-05-08,2024Q2,0,ew_usd,street_plus_flowthrough,base,adj_ebitda_margin_pct,35.21435682170452,33.45685652561631,17,2024-05-08,2024-05-07,street_pit,a=+36.0 m=0.697 rev=2779 leg=guide_cushion,32.532751091703055,2024-08-06,2.681605730001465,-0.07615092172714755,11.539207140884997,12.0,15.418066081704948,22.0,additive
2024-05-08,2024Q2,0,ew_usd,dispersion_conditioned,base,adj_ebitda_musd,970.4495768181818,917.78807,17,2024-05-08,2024-05-07,street_pit,disp=0.0630 ref=0.1490 ratio=0.500 b_pt=+4.046,894.0,2024-08-06,76.44957681818175,-0.07877748483217173,0.30417023069500115,10.0,0.23431722937619492,19.0,relative
2024-05-08,2024Q2,0,ew_usd,dispersion_conditioned,base,adj_ebitda_margin_pct,35.47965188879341,33.45685652561631,17,2024-05-08,2024-05-07,street_pit,disp=0.0630 ref=0.1490 ratio=0.500 b_pt=+4.046,32.532751091703055,2024-08-06,2.9469007970903576,-0.08305889827575119,10.989553199193969,12.0,15.248294600771452,22.0,additive
2024-05-08,2024Q3,1,ew_usd,street_plus_bias,base,adj_ebitda_musd,2146.5615381818184,2016.36668,17,2024-05-08,2024-05-07,street_pit,b_pct=+0.2286 b_pt=+4.915 n_pool=9,1958.0,2024-11-07,188.56153818181838,-0.08784352781310611,0.49799312271244167,10.0,0.3930112037728623,19.0,relative
2024-05-08,2024Q3,1,ew_usd,street_plus_bias,base,adj_ebitda_margin_pct,57.80394072548349,52.888839202705256,17,2024-05-08,2024-05-07,street_pit,b_pct=+0.2286 b_pt=+4.915 n_pool=9,52.46516613076098,2024-11-07,5.338774594722516,-0.09236004548680987,12.813019479093578,12.0,10.896285308117045,21.0,additive
2024-05-08,2024Q3,1,ew_usd,street_plus_flowthrough,base,adj_ebitda_musd,2196.279585742409,2016.36668,17,2024-05-08,2024-05-07,street_pit,a=+39.3 m=0.740 rev=4002 leg=naive,1958.0,2024-11-07,238.27958574240893,-0.10849237378030052,0.9849893455000439,10.0,0.7225162946030868,19.0,relative
2024-05-08,2024Q3,1,ew_usd,street_plus_flowthrough,base,adj_ebitda_margin_pct,54.87398375729037,52.888839202705256,17,2024-05-08,2024-05-07,street_pit,a=+39.3 m=0.740 rev=4002 leg=naive,52.46516613076098,2024-11-07,2.408817626529391,-0.04389726171847996,14.669610126155073,12.0,11.81846646023149,21.0,additive
2024-05-08,2024Q3,1,ew_usd,dispersion_conditioned,base,adj_ebitda_musd,2081.464109090909,2016.36668,17,2024-05-08,2024-05-07,street_pit,disp=0.0222 ref=0.1477 ratio=0.500 b_pt=+4.915,1958.0,2024-11-07,123.464109090909,-0.059315992311216315,0.47318557198854816,10.0,0.3764315108334057,19.0,relative
2024-05-08,2024Q3,1,ew_usd,dispersion_conditioned,base,adj_ebitda_margin_pct,55.34638996409438,52.888839202705256,17,2024-05-08,2024-05-07,street_pit,disp=0.0222 ref=0.1477 ratio=0.500 b_pt=+4.915,52.46516613076098,2024-11-07,2.881223833333401,-0.05205802646211577,11.889812804840416,12.0,10.139790846595657,21.0,additive
2024-05-08,2024Q2,0,rw_hl4_med,street_plus_bias,base,adj_ebitda_musd,1019.1412477995648,917.78807,17,2024-05-08,2024-05-07,street_pit,b_pct=+0.1104 b_pt=+2.676 n_pool=9,894.0,2024-08-06,125.14124779956478,-0.12279087719171233,0.279532148347612,10.0,0.23280684039067323,19.0,relative
2024-05-08,2024Q2,0,rw_hl4_med,street_plus_bias,base,adj_ebitda_margin_pct,36.13312938936211,33.45685652561631,17,2024-05-08,2024-05-07,street_pit,b_pct=+0.1104 b_pt=+2.676 n_pool=9,32.532751091703055,2024-08-06,3.6003782976590557,-0.09964202820249046,10.781248785915734,12.0,15.094928975007344,22.0,additive
2024-05-08,2024Q2,0,rw_hl4_med,street_plus_flowthrough,base,adj_ebitda_musd,987.3154335851135,917.78807,17,2024-05-08,2024-05-07,street_pit,a=+46.7 m=0.642 rev=2779 leg=guide_cushion,894.0,2024-08-06,93.31543358511351,-0.09451430658413695,0.6807060604403807,11.0,0.5143603690395466,20.0,relative
2024-05-08,2024Q2,0,rw_hl4_med,street_plus_flowthrough,base,adj_ebitda_margin_pct,35.53141927126024,33.45685652561631,17,2024-05-08,2024-05-07,street_pit,a=+46.7 m=0.642 rev=2779 leg=guide_cushion,32.532751091703055,2024-08-06,2.9986681795571855,-0.08439483254705427,11.413054660255577,12.0,15.29649982708439,22.0,additive
2024-05-08,2024Q2,0,rw_hl4_med,dispersion_conditioned,base,adj_ebitda_musd,969.5194027486847,917.78807,17,2024-05-08,2024-05-07,street_pit,disp=0.0630 ref=0.1234 ratio=0.510 b_pt=+2.676,894.0,2024-08-06,75.51940274868468,-0.07789364765117601,0.2634127676890869,10.0,0.2183712414699615,19.0,relative
2024-05-08,2024Q2,0,rw_hl4_med,dispersion_conditioned,base,adj_ebitda_margin_pct,34.82284390801987,33.45685652561631,17,2024-05-08,2024-05-07,street_pit,disp=0.0630 ref=0.1234 ratio=0.510 b_pt=+2.676,32.532751091703055,2024-08-06,2.2900928163168146,-0.06576409503961833,10.506133622394175,12.0,14.861826872107399,22.0,additive
2024-05-08,2024Q3,1,rw_hl4_med,street_plus_bias,base,adj_ebitda_musd,2328.3067547233263,2016.36668,17,2024-05-08,2024-05-07,street_pit,b_pct=+0.1547 b_pt=+3.096 n_pool=9,1958.0,2024-11-07,370.3067547233263,-0.15904551836741543,0.44418812779303596,10.0,0.37136955885379275,19.0,relative
2024-05-08,2024Q3,1,rw_hl4_med,street_plus_bias,base,adj_ebitda_margin_pct,55.98509271076924,52.888839202705256,17,2024-05-08,2024-05-07,street_pit,b_pct=+0.1547 b_pt=+3.096 n_pool=9,52.46516613076098,2024-11-07,3.51992658000826,-0.06287256856379497,12.105170532202218,12.0,10.095755219235308,21.0,additive
2024-05-08,2024Q3,1,rw_hl4_med,street_plus_flowthrough,base,adj_ebitda_musd,2183.3054231596557,2016.36668,17,2024-05-08,2024-05-07,street_pit,a=+47.3 m=0.630 rev=4002 leg=naive,1958.0,2024-11-07,225.30542315965567,-0.1031946427511714,0.9839320769896189,10.0,0.7218660162396997,19.0,relative
2024-05-08,2024Q3,1,rw_hl4_med,street_plus_flowthrough,base,adj_ebitda_margin_pct,54.54982466959854,52.888839202705256,17,2024-05-08,2024-05-07,street_pit,a=+47.3 m=0.630 rev=4002 leg=naive,52.46516613076098,2024-11-07,2.084658538837566,-0.03821567807896875,14.563812404089774,12.0,11.750614977883718,21.0,additive
2024-05-08,2024Q3,1,rw_hl4_med,dispersion_conditioned,base,adj_ebitda_musd,2172.336717361663,2016.36668,17,2024-05-08,2024-05-07,street_pit,disp=0.0222 ref=0.1035 ratio=0.500 b_pt=+3.096,1958.0,2024-11-07,214.33671736166298,-0.0986664340056721,0.4238277096574197,10.0,0.35783625823083315,19.0,relative
2024-05-08,2024Q3,1,rw_hl4_med,dispersion_conditioned,base,adj_ebitda_margin_pct,54.43696595673725,52.888839202705256,17,2024-05-08,2024-05-07,street_pit,disp=0.0222 ref=0.1035 ratio=0.500 b_pt=+3.096,52.46516613076098,2024-11-07,1.9717998259762695,-0.03622170691039839,11.59436572914612,12.0,9.761955651586398,21.0,additive
2024-05-08,2024Q2,0,rw_hl4_from21,street_plus_bias,base,adj_ebitda_musd,1062.9776518452263,917.78807,17,2024-05-08,2024-05-07,street_pit,b_pct=+0.1582 b_pt=+4.710 n_pool=13,894.0,2024-08-06,168.97765184522632,-0.1589663259165397,0.27039423997384704,10.0,0.20683945094981224,19.0,relative
2024-05-08,2024Q2,0,rw_hl4_from21,street_plus_bias,base,adj_ebitda_margin_pct,38.16716796075499,33.45685652561631,17,2024-05-08,2024-05-07,street_pit,b_pct=+0.1582 b_pt=+4.710 n_pool=13,32.532751091703055,2024-08-06,5.6344168690519325,-0.14762470390377058,6.537562003602962,12.0,14.672910051937183,22.0,additive
2024-05-08,2024Q2,0,rw_hl4_from21,street_plus_flowthrough,base,adj_ebitda_musd,970.5705762149562,917.78807,17,2024-05-08,2024-05-07,street_pit,a=+22.9 m=0.841 rev=2779 leg=guide_cushion,894.0,2024-08-06,76.57057621495619,-0.07889233208940571,0.39851843347644406,11.0,0.29085055598509846,20.0,relative
2024-05-08,2024Q2,0,rw_hl4_from21,street_plus_flowthrough,base,adj_ebitda_margin_pct,34.92880684607402,33.45685652561631,17,2024-05-08,2024-05-07,street_pit,a=+22.9 m=0.841 rev=2779 leg=guide_cushion,32.532751091703055,2024-08-06,2.3960557543709626,-0.06859827090372761,8.509290283233282,12.0,14.534570388944056,22.0,additive
2024-05-08,2024Q2,0,rw_hl4_from21,dispersion_conditioned,base,adj_ebitda_musd,991.8937935021403,917.78807,17,2024-05-08,2024-05-07,street_pit,disp=0.0630 ref=0.1234 ratio=0.510 b_pt=+4.710,894.0,2024-08-06,97.89379350214028,-0.09869382603605237,0.25230515677258064,10.0,0.19454854597474963,19.0,relative
2024-05-08,2024Q2,0,rw_hl4_from21,dispersion_conditioned,base,adj_ebitda_margin_pct,35.86103065701824,33.45685652561631,17,2024-05-08,2024-05-07,street_pit,disp=0.0630 ref=0.1234 ratio=0.510 b_pt=+4.710,32.532751091703055,2024-08-06,3.328279565315185,-0.09281048269770853,6.3299728686793495,12.0,14.338052835807394,22.0,additive
2024-05-08,2024Q3,1,rw_hl4_from21,street_plus_bias,base,adj_ebitda_musd,2452.093605563856,2016.36668,17,2024-05-08,2024-05-07,street_pit,b_pct=+0.2161 b_pt=+4.503 n_pool=12,1958.0,2024-11-07,494.0936055638558,-0.20149867217252482,0.4634650619335373,10.0,0.3578010182792309,19.0,relative
2024-05-08,2024Q3,1,rw_hl4_from21,street_plus_bias,base,adj_ebitda_margin_pct,57.39180484557686,52.888839202705256,17,2024-05-08,2024-05-07,street_pit,b_pct=+0.2161 b_pt=+4.503 n_pool=12,52.46516613076098,2024-11-07,4.92663871481588,-0.08584219869146648,13.13320178913704,12.0,10.148821596975424,21.0,additive
2024-05-08,2024Q3,1,rw_hl4_from21,street_plus_flowthrough,base,adj_ebitda_musd,2196.161093822247,2016.36668,17,2024-05-08,2024-05-07,street_pit,a=+33.3 m=0.771 rev=4002 leg=naive,1958.0,2024-11-07,238.16109382224704,-0.10844427327858097,1.2380711165682885,11.0,0.9209919578872752,20.0,relative
2024-05-08,2024Q3,1,rw_hl4_from21,street_plus_flowthrough,base,adj_ebitda_margin_pct,54.871023239993505,52.888839202705256,17,2024-05-08,2024-05-07,street_pit,a=+33.3 m=0.771 rev=4002 leg=naive,52.46516613076098,2024-11-07,2.405857109232528,-0.043845676044892645,14.4433068553261,12.0,10.999744686062382,21.0,additive
2024-05-08,2024Q3,1,rw_hl4_from21,dispersion_conditioned,base,adj_ebitda_musd,2234.2301427819284,2016.36668,17,2024-05-08,2024-05-07,street_pit,disp=0.0222 ref=0.1035 ratio=0.500 b_pt=+4.503,1958.0,2024-11-07,276.2301427819284,-0.12363549192742662,0.43323563264880316,10.0,0.3398177001035712,19.0,relative
2024-05-08,2024Q3,1,rw_hl4_from21,dispersion_conditioned,base,adj_ebitda_margin_pct,55.14032202414106,52.888839202705256,17,2024-05-08,2024-05-07,street_pit,disp=0.0222 ref=0.1035 ratio=0.500 b_pt=+4.503,52.46516613076098,2024-11-07,2.6751558933800794,-0.04851542020753641,12.329520638689207,12.0,9.60153740883803,21.0,additive
2024-08-06,2024Q3,0,rw_hl4,street_plus_bias,base,adj_ebitda_musd,2221.112046617131,2012.40584,18,2024-08-06,2024-08-05,street_pit,b_pct=+0.1037 b_pt=+2.103 n_pool=10,1958.0,2024-11-07,263.112046617131,-0.11845960090931218,0.29067625416126297,11.0,0.23570539215389635,19.0,relative
2024-08-06,2024Q3,0,rw_hl4,street_plus_bias,base,adj_ebitda_margin_pct,54.55339208227281,52.44999321806146,18,2024-08-06,2024-08-05,street_pit,b_pct=+0.1037 b_pt=+2.103 n_pool=10,52.46516613076098,2024-11-07,2.0882259515118307,-0.03827857208883634,7.297706699614649,12.0,15.220989958983703,22.0,additive
2024-08-06,2024Q3,0,rw_hl4,street_plus_flowthrough,base,adj_ebitda_musd,1993.6633267765244,2012.40584,18,2024-08-06,2024-08-05,street_pit,a=+13.7 m=0.753 rev=3794 leg=guide_cushion,1958.0,2024-11-07,35.6633267765244,-0.01788833966976111,0.6553462490286298,12.0,0.5140043988693758,20.0,relative
2024-08-06,2024Q3,0,rw_hl4,street_plus_flowthrough,base,adj_ebitda_margin_pct,52.55039882372761,52.44999321806146,18,2024-08-06,2024-08-05,street_pit,a=+13.7 m=0.753 rev=3794 leg=guide_cushion,52.46516613076098,2024-11-07,0.08523269296663472,-0.0016219228564284816,7.550685217029732,12.0,15.262020767286137,22.0,additive
2024-08-06,2024Q3,0,rw_hl4,dispersion_conditioned,base,adj_ebitda_musd,2116.7589433085654,2012.40584,18,2024-08-06,2024-08-05,street_pit,disp=0.0281 ref=0.1061 ratio=0.500 b_pt=+2.103,1958.0,2024-11-07,158.75894330856545,-0.07500095549870212,0.27151165083144574,11.0,0.22188998417289885,19.0,relative
2024-08-06,2024Q3,0,rw_hl4,dispersion_conditioned,base,adj_ebitda_margin_pct,53.501692650167136,52.44999321806146,18,2024-08-06,2024-08-05,street_pit,disp=0.0281 ref=0.1061 ratio=0.500 b_pt=+2.103,52.46516613076098,2024-11-07,1.0365265194061593,-0.01937371451373926,6.941212118447042,12.0,14.976589546148091,22.0,additive
2024-08-06,2024Q4,1,rw_hl4,street_plus_bias,base,adj_ebitda_musd,886.8071296477164,782.82061,18,2024-08-06,2024-08-05,street_pit,b_pct=+0.1328 b_pt=+2.407 n_pool=10,765.0,2025-02-13,121.80712964771635,-0.13735470270306027,0.46156822433293143,11.0,0.3811844585242143,19.0,relative
2024-08-06,2024Q4,1,rw_hl4,street_plus_bias,base,adj_ebitda_margin_pct,33.81015275408258,31.40268632719389,18,2024-08-06,2024-08-05,street_pit,b_pct=+0.1328 b_pt=+2.407 n_pool=10,30.846774193548388,2025-02-13,2.963378560534192,-0.0876475945580093,9.03022898429489,12.0,10.303899784449964,21.0,additive
2024-08-06,2024Q4,1,rw_hl4,street_plus_flowthrough,base,adj_ebitda_musd,763.8478030322997,782.82061,18,2024-08-06,2024-08-05,street_pit,a=+12.4 m=0.802 rev=2454 leg=naive,765.0,2025-02-13,-1.1521969677003199,0.0015084117060053526,0.9431211817454339,11.0,0.7198174120948829,19.0,relative
2024-08-06,2024Q4,1,rw_hl4,street_plus_flowthrough,base,adj_ebitda_margin_pct,31.13007415069362,31.40268632719389,18,2024-08-06,2024-08-05,street_pit,a=+12.4 m=0.802 rev=2454 leg=naive,30.846774193548388,2025-02-13,0.28329995714523193,-0.009100523043210296,11.946958516858066,12.0,11.676447810810814,21.0,additive
2024-08-06,2024Q4,1,rw_hl4,dispersion_conditioned,base,adj_ebitda_musd,834.8138698238582,782.82061,18,2024-08-06,2024-08-05,street_pit,disp=0.0459 ref=0.0933 ratio=0.500 b_pt=+2.407,765.0,2025-02-13,69.81386982385823,-0.0836280665037209,0.4375290684092862,11.0,0.36503866345604363,19.0,relative
2024-08-06,2024Q4,1,rw_hl4,dispersion_conditioned,base,adj_ebitda_margin_pct,32.606419540638235,31.40268632719389,18,2024-08-06,2024-08-05,street_pit,disp=0.0459 ref=0.0933 ratio=0.500 b_pt=+2.407,30.846774193548388,2025-02-13,1.7596453470898474,-0.05396622419388164,8.32648831617663,12.0,9.86876920344579,21.0,additive
2024-08-06,2024Q3,0,ew,street_plus_bias,base,adj_ebitda_musd,2297.436014748039,2012.40584,18,2024-08-06,2024-08-05,street_pit,b_pct=+0.1416 b_pt=+3.631 n_pool=10,1958.0,2024-11-07,339.4360147480388,-0.14774557923227516,0.2984424503548608,11.0,0.2455364695753904,19.0,relative
2024-08-06,2024Q3,0,ew,street_plus_bias,base,adj_ebitda_margin_pct,56.081442597726706,52.44999321806146,18,2024-08-06,2024-08-05,street_pit,b_pct=+0.1416 b_pt=+3.631 n_pool=10,52.46516613076098,2024-11-07,3.6162764669657292,-0.0644825863861126,7.756841939850519,12.0,15.658207148820274,22.0,additive
2024-08-06,2024Q3,0,ew,street_plus_flowthrough,base,adj_ebitda_musd,2001.1464138242518,2012.40584,18,2024-08-06,2024-08-05,street_pit,a=+22.5 m=0.786 rev=3794 leg=guide_cushion,1958.0,2024-11-07,43.146413824251795,-0.021560848084972273,0.6592726625316804,12.0,0.5183593727308915,20.0,relative
2024-08-06,2024Q3,0,ew,street_plus_flowthrough,base,adj_ebitda_margin_pct,52.74764336522527,52.44999321806146,18,2024-08-06,2024-08-05,street_pit,a=+22.5 m=0.786 rev=3794 leg=guide_cushion,52.46516613076098,2024-11-07,0.2824772344642952,-0.005355257911873301,7.694159880958701,12.0,15.418066081704948,22.0,additive
2024-08-06,2024Q3,0,ew,dispersion_conditioned,base,adj_ebitda_musd,2154.9209273740194,2012.40584,18,2024-08-06,2024-08-05,street_pit,disp=0.0281 ref=0.1389 ratio=0.500 b_pt=+3.631,1958.0,2024-11-07,196.92092737401936,-0.09138197363649281,0.27603845456766934,11.0,0.22830934785698273,19.0,relative
2024-08-06,2024Q3,0,ew,dispersion_conditioned,base,adj_ebitda_margin_pct,54.265717907894086,52.44999321806146,18,2024-08-06,2024-08-05,street_pit,disp=0.0281 ref=0.1389 ratio=0.500 b_pt=+3.631,52.46516613076098,2024-11-07,1.8005517771331085,-0.03318028115262772,7.227251180022027,12.0,15.248294600771452,22.0,additive
2024-08-06,2024Q4,1,ew,street_plus_bias,base,adj_ebitda_musd,940.1563791890666,782.82061,18,2024-08-06,2024-08-05,street_pit,b_pct=+0.2010 b_pt=+4.311 n_pool=10,765.0,2025-02-13,175.15637918906657,-0.18630557965276795,0.47373454791582204,11.0,0.3978399981745689,19.0,relative
2024-08-06,2024Q4,1,ew,street_plus_bias,base,adj_ebitda_margin_pct,35.713978117339536,31.40268632719389,18,2024-08-06,2024-08-05,street_pit,b_pct=+0.2010 b_pt=+4.311 n_pool=10,30.846774193548388,2025-02-13,4.867203923791148,-0.13628288363171914,9.532139431062628,12.0,10.896285308117045,21.0,additive
2024-08-06,2024Q4,1,ew,street_plus_flowthrough,base,adj_ebitda_musd,768.2445323174162,782.82061,18,2024-08-06,2024-08-05,street_pit,a=+18.9 m=0.855 rev=2454 leg=naive,765.0,2025-02-13,3.2445323174162013,-0.00422330674795568,0.9465091212615303,11.0,0.7225162946030868,19.0,relative
2024-08-06,2024Q4,1,ew,street_plus_flowthrough,base,adj_ebitda_margin_pct,31.30925972682915,31.40268632719389,18,2024-08-06,2024-08-05,street_pit,a=+18.9 m=0.855 rev=2454 leg=naive,30.846774193548388,2025-02-13,0.4624855332807627,-0.014771525654579953,12.115619054399543,12.0,11.81846646023149,21.0,additive
2024-08-06,2024Q4,1,ew,dispersion_conditioned,base,adj_ebitda_musd,861.4884945945332,782.82061,18,2024-08-06,2024-08-05,street_pit,disp=0.0459 ref=0.1399 ratio=0.500 b_pt=+4.311,765.0,2025-02-13,96.48849459453322,-0.11200206990570005,0.44282859482975323,11.0,0.37308322339868777,19.0,relative
2024-08-06,2024Q4,1,ew,dispersion_conditioned,base,adj_ebitda_margin_pct,33.55833222226671,31.40268632719389,18,2024-08-06,2024-08-05,street_pit,disp=0.0459 ref=0.1399 ratio=0.500 b_pt=+4.311,30.846774193548388,2025-02-13,2.7115580287183256,-0.08080133454662997,8.559050692011027,12.0,10.139790846595657,21.0,additive
2024-08-06,2024Q3,0,rw_hl4_usd,street_plus_bias,base,adj_ebitda_musd,2074.469262058602,2012.40584,18,2024-08-06,2024-08-05,street_pit,b_pct=+0.1037 b_pt=+2.103 n_pool=10,1958.0,2024-11-07,116.469262058602,-0.05614412524147194,0.28912205542983177,11.0,0.2229615811244351,19.0,relative
2024-08-06,2024Q3,0,rw_hl4_usd,street_plus_bias,base,adj_ebitda_margin_pct,54.55339208227281,52.44999321806146,18,2024-08-06,2024-08-05,street_pit,b_pct=+0.1037 b_pt=+2.103 n_pool=10,52.46516613076098,2024-11-07,2.0882259515118307,-0.03827857208883634,7.297706699614649,12.0,15.220989958983703,22.0,additive
2024-08-06,2024Q3,0,rw_hl4_usd,street_plus_flowthrough,base,adj_ebitda_musd,1993.6633267765244,2012.40584,18,2024-08-06,2024-08-05,street_pit,a=+13.7 m=0.753 rev=3794 leg=guide_cushion,1958.0,2024-11-07,35.6633267765244,-0.01788833966976111,0.6553462490286298,12.0,0.5140043988693758,20.0,relative
2024-08-06,2024Q3,0,rw_hl4_usd,street_plus_flowthrough,base,adj_ebitda_margin_pct,52.55039882372761,52.44999321806146,18,2024-08-06,2024-08-05,street_pit,a=+13.7 m=0.753 rev=3794 leg=guide_cushion,52.46516613076098,2024-11-07,0.08523269296663472,-0.0016219228564284816,7.550685217029732,12.0,15.262020767286137,22.0,additive
2024-08-06,2024Q3,0,rw_hl4_usd,dispersion_conditioned,base,adj_ebitda_musd,2043.437551029301,2012.40584,18,2024-08-06,2024-08-05,street_pit,disp=0.0281 ref=0.1061 ratio=0.500 b_pt=+2.103,1958.0,2024-11-07,85.43755102930095,-0.04181069834322326,0.28810188868416414,11.0,0.22451747317596615,19.0,relative
2024-08-06,2024Q3,0,rw_hl4_usd,dispersion_conditioned,base,adj_ebitda_margin_pct,53.501692650167136,52.44999321806146,18,2024-08-06,2024-08-05,street_pit,disp=0.0281 ref=0.1061 ratio=0.500 b_pt=+2.103,52.46516613076098,2024-11-07,1.0365265194061593,-0.01937371451373926,6.941212118447042,12.0,14.976589546148091,22.0,additive
2024-08-06,2024Q4,1,rw_hl4_usd,street_plus_bias,base,adj_ebitda_musd,851.9373720080305,782.82061,18,2024-08-06,2024-08-05,street_pit,b_pct=+0.1328 b_pt=+2.407 n_pool=10,765.0,2025-02-13,86.93737200803048,-0.1020466701714442,0.47755653004862453,11.0,0.3794593086484654,19.0,relative
2024-08-06,2024Q4,1,rw_hl4_usd,street_plus_bias,base,adj_ebitda_margin_pct,33.81015275408258,31.40268632719389,18,2024-08-06,2024-08-05,street_pit,b_pct=+0.1328 b_pt=+2.407 n_pool=10,30.846774193548388,2025-02-13,2.963378560534192,-0.0876475945580093,9.03022898429489,12.0,10.303899784449964,21.0,additive
2024-08-06,2024Q4,1,rw_hl4_usd,street_plus_flowthrough,base,adj_ebitda_musd,763.8478030322997,782.82061,18,2024-08-06,2024-08-05,street_pit,a=+12.4 m=0.802 rev=2454 leg=naive,765.0,2025-02-13,-1.1521969677003199,0.0015084117060053526,0.9431211817454339,11.0,0.7198174120948829,19.0,relative
2024-08-06,2024Q4,1,rw_hl4_usd,street_plus_flowthrough,base,adj_ebitda_margin_pct,31.13007415069362,31.40268632719389,18,2024-08-06,2024-08-05,street_pit,a=+12.4 m=0.802 rev=2454 leg=naive,30.846774193548388,2025-02-13,0.28329995714523193,-0.009100523043210296,11.946958516858066,12.0,11.676447810810814,21.0,additive
2024-08-06,2024Q4,1,rw_hl4_usd,dispersion_conditioned,base,adj_ebitda_musd,817.3789910040152,782.82061,18,2024-08-06,2024-08-05,street_pit,disp=0.0459 ref=0.0933 ratio=0.500 b_pt=+2.407,765.0,2025-02-13,52.378991004015234,-0.06408164582218623,0.4617142812763333,11.0,0.3708627173516807,19.0,relative
2024-08-06,2024Q4,1,rw_hl4_usd,dispersion_conditioned,base,adj_ebitda_margin_pct,32.606419540638235,31.40268632719389,18,2024-08-06,2024-08-05,street_pit,disp=0.0459 ref=0.0933 ratio=0.500 b_pt=+2.407,30.846774193548388,2025-02-13,1.7596453470898474,-0.05396622419388164,8.32648831617663,12.0,9.86876920344579,21.0,additive
2024-08-06,2024Q3,0,ew_usd,street_plus_bias,base,adj_ebitda_musd,2106.969596666667,2012.40584,18,2024-08-06,2024-08-05,street_pit,b_pct=+0.1416 b_pt=+3.631 n_pool=10,1958.0,2024-11-07,148.9695966666668,-0.07070324930285865,0.3005244162169338,11.0,0.23423363284309917,19.0,relative
2024-08-06,2024Q3,0,ew_usd,street_plus_bias,base,adj_ebitda_margin_pct,56.081442597726706,52.44999321806146,18,2024-08-06,2024-08-05,street_pit,b_pct=+0.1416 b_pt=+3.631 n_pool=10,52.46516613076098,2024-11-07,3.6162764669657292,-0.0644825863861126,7.756841939850519,12.0,15.658207148820274,22.0,additive
2024-08-06,2024Q3,0,ew_usd,street_plus_flowthrough,base,adj_ebitda_musd,2001.1464138242518,2012.40584,18,2024-08-06,2024-08-05,street_pit,a=+22.5 m=0.786 rev=3794 leg=guide_cushion,1958.0,2024-11-07,43.146413824251795,-0.021560848084972273,0.6592726625316804,12.0,0.5183593727308915,20.0,relative
2024-08-06,2024Q3,0,ew_usd,street_plus_flowthrough,base,adj_ebitda_margin_pct,52.74764336522527,52.44999321806146,18,2024-08-06,2024-08-05,street_pit,a=+22.5 m=0.786 rev=3794 leg=guide_cushion,52.46516613076098,2024-11-07,0.2824772344642952,-0.005355257911873301,7.694159880958701,12.0,15.418066081704948,22.0,additive
2024-08-06,2024Q3,0,ew_usd,dispersion_conditioned,base,adj_ebitda_musd,2059.687718333333,2012.40584,18,2024-08-06,2024-08-05,street_pit,disp=0.0281 ref=0.1389 ratio=0.500 b_pt=+3.631,1958.0,2024-11-07,101.68771833333312,-0.04937045428207787,0.29565286775835187,11.0,0.23431722937619492,19.0,relative
2024-08-06,2024Q3,0,ew_usd,dispersion_conditioned,base,adj_ebitda_margin_pct,54.265717907894086,52.44999321806146,18,2024-08-06,2024-08-05,street_pit,disp=0.0281 ref=0.1389 ratio=0.500 b_pt=+3.631,52.46516613076098,2024-11-07,1.8005517771331085,-0.03318028115262772,7.227251180022027,12.0,15.248294600771452,22.0,additive
2024-08-06,2024Q4,1,ew_usd,street_plus_bias,base,adj_ebitda_musd,896.1117133333333,782.82061,18,2024-08-06,2024-08-05,street_pit,b_pct=+0.2010 b_pt=+4.311 n_pool=10,765.0,2025-02-13,131.11171333333334,-0.14631179503906644,0.4886627777742279,11.0,0.3930112037728623,19.0,relative
2024-08-06,2024Q4,1,ew_usd,street_plus_bias,base,adj_ebitda_margin_pct,35.713978117339536,31.40268632719389,18,2024-08-06,2024-08-05,street_pit,b_pct=+0.2010 b_pt=+4.311 n_pool=10,30.846774193548388,2025-02-13,4.867203923791148,-0.13628288363171914,9.532139431062628,12.0,10.896285308117045,21.0,additive
2024-08-06,2024Q4,1,ew_usd,street_plus_flowthrough,base,adj_ebitda_musd,768.2445323174162,782.82061,18,2024-08-06,2024-08-05,street_pit,a=+18.9 m=0.855 rev=2454 leg=naive,765.0,2025-02-13,3.2445323174162013,-0.00422330674795568,0.9465091212615303,11.0,0.7225162946030868,19.0,relative
2024-08-06,2024Q4,1,ew_usd,street_plus_flowthrough,base,adj_ebitda_margin_pct,31.30925972682915,31.40268632719389,18,2024-08-06,2024-08-05,street_pit,a=+18.9 m=0.855 rev=2454 leg=naive,30.846774193548388,2025-02-13,0.4624855332807627,-0.014771525654579953,12.115619054399543,12.0,11.81846646023149,21.0,additive
2024-08-06,2024Q4,1,ew_usd,dispersion_conditioned,base,adj_ebitda_musd,839.4661616666666,782.82061,18,2024-08-06,2024-08-05,street_pit,disp=0.0459 ref=0.1399 ratio=0.500 b_pt=+4.311,765.0,2025-02-13,74.46616166666661,-0.08870656741996885,0.46522909879895225,11.0,0.3764315108334057,19.0,relative
2024-08-06,2024Q4,1,ew_usd,dispersion_conditioned,base,adj_ebitda_margin_pct,33.55833222226671,31.40268632719389,18,2024-08-06,2024-08-05,street_pit,disp=0.0459 ref=0.1399 ratio=0.500 b_pt=+4.311,30.846774193548388,2025-02-13,2.7115580287183256,-0.08080133454662997,8.559050692011027,12.0,10.139790846595657,21.0,additive
2024-08-06,2024Q3,0,rw_hl4_med,street_plus_bias,base,adj_ebitda_musd,2223.171528320318,2012.40584,18,2024-08-06,2024-08-05,street_pit,b_pct=+0.1047 b_pt=+2.708 n_pool=10,1958.0,2024-11-07,265.171528320318,-0.11927623439864043,0.2826879260579893,11.0,0.23280684039067323,19.0,relative
2024-08-06,2024Q3,0,rw_hl4_med,street_plus_bias,base,adj_ebitda_margin_pct,55.15786334642586,52.44999321806146,18,2024-08-06,2024-08-05,street_pit,b_pct=+0.1047 b_pt=+2.708 n_pool=10,52.46516613076098,2024-11-07,2.692697215664886,-0.0488180116541691,7.016340982208964,12.0,15.094928975007344,22.0,additive
2024-08-06,2024Q3,0,rw_hl4_med,street_plus_flowthrough,base,adj_ebitda_musd,1994.522431811987,2012.40584,18,2024-08-06,2024-08-05,street_pit,a=+14.5 m=0.753 rev=3794 leg=guide_cushion,1958.0,2024-11-07,36.52243181198696,-0.01831136678608669,0.6568867079480835,12.0,0.5143603690395466,20.0,relative
2024-08-06,2024Q3,0,rw_hl4_med,street_plus_flowthrough,base,adj_ebitda_margin_pct,52.57304372652472,52.44999321806146,18,2024-08-06,2024-08-05,street_pit,a=+14.5 m=0.753 rev=3794 leg=guide_cushion,52.46516613076098,2024-11-07,0.10787759576374611,-0.002051956442257863,7.571592471885518,12.0,15.29649982708439,22.0,additive
2024-08-06,2024Q3,0,rw_hl4_med,dispersion_conditioned,base,adj_ebitda_musd,2117.788684160159,2012.40584,18,2024-08-06,2024-08-05,street_pit,disp=0.0281 ref=0.1061 ratio=0.500 b_pt=+2.708,1958.0,2024-11-07,159.78868416015894,-0.07545072147910048,0.26532488870002136,11.0,0.2183712414699615,19.0,relative
2024-08-06,2024Q3,0,rw_hl4_med,dispersion_conditioned,base,adj_ebitda_margin_pct,53.80392828224366,52.44999321806146,18,2024-08-06,2024-08-05,street_pit,disp=0.0281 ref=0.1061 ratio=0.500 b_pt=+2.708,52.46516613076098,2024-11-07,1.3387621514826833,-0.024882238048861915,6.735488441388507,12.0,14.861826872107399,22.0,additive
2024-08-06,2024Q4,1,rw_hl4_med,street_plus_bias,base,adj_ebitda_musd,901.5432713057774,782.82061,18,2024-08-06,2024-08-05,street_pit,b_pct=+0.1517 b_pt=+3.133 n_pool=10,765.0,2025-02-13,136.54327130577735,-0.15145503898887824,0.4477704947239355,11.0,0.37136955885379275,19.0,relative
2024-08-06,2024Q4,1,rw_hl4_med,street_plus_bias,base,adj_ebitda_margin_pct,34.535495577665856,31.40268632719389,18,2024-08-06,2024-08-05,street_pit,b_pct=+0.1517 b_pt=+3.133 n_pool=10,30.846774193548388,2025-02-13,3.6887213841174677,-0.10680956860230983,8.777326014227999,12.0,10.095755219235308,21.0,additive
2024-08-06,2024Q4,1,rw_hl4_med,street_plus_flowthrough,base,adj_ebitda_musd,778.5804830359324,782.82061,18,2024-08-06,2024-08-05,street_pit,a=+27.1 m=0.802 rev=2454 leg=naive,765.0,2025-02-13,13.580483035932389,-0.01744261939751912,0.9455732040804208,11.0,0.7218660162396997,19.0,relative
2024-08-06,2024Q4,1,rw_hl4_med,street_plus_flowthrough,base,adj_ebitda_margin_pct,31.730494049960036,31.40268632719389,18,2024-08-06,2024-08-05,street_pit,a=+27.1 m=0.802 rev=2454 leg=naive,30.846774193548388,2025-02-13,0.8837198564116484,-0.027850806704119435,12.007646357478947,12.0,11.750614977883718,21.0,additive
2024-08-06,2024Q4,1,rw_hl4_med,dispersion_conditioned,base,adj_ebitda_musd,842.1819406528888,782.82061,18,2024-08-06,2024-08-05,street_pit,disp=0.0459 ref=0.0933 ratio=0.500 b_pt=+3.133,765.0,2025-02-13,77.18194065288878,-0.0916452098142293,0.4266687989304623,11.0,0.35783625823083315,19.0,relative
2024-08-06,2024Q4,1,rw_hl4_med,dispersion_conditioned,base,adj_ebitda_margin_pct,32.96909095242987,31.40268632719389,18,2024-08-06,2024-08-05,street_pit,disp=0.0459 ref=0.0933 ratio=0.500 b_pt=+3.133,30.846774193548388,2025-02-13,2.1223167588814853,-0.0643729231704846,8.237549491185545,12.0,9.761955651586398,21.0,additive
2024-08-06,2024Q3,0,rw_hl4_from21,street_plus_bias,base,adj_ebitda_musd,2266.031967643578,2012.40584,18,2024-08-06,2024-08-05,street_pit,b_pct=+0.1260 b_pt=+3.787 n_pool=14,1958.0,2024-11-07,308.0319676435779,-0.13593451991937122,0.26700345823436744,11.0,0.20683945094981224,19.0,relative
2024-08-06,2024Q3,0,rw_hl4_from21,street_plus_bias,base,adj_ebitda_margin_pct,56.237462130084474,52.44999321806146,18,2024-08-06,2024-08-05,street_pit,b_pct=+0.1260 b_pt=+3.787 n_pool=14,52.46516613076098,2024-11-07,3.7722959993234966,-0.06707799136806158,3.9523157742749495,12.0,14.672910051937183,22.0,additive
2024-08-06,2024Q3,0,rw_hl4_from21,street_plus_flowthrough,base,adj_ebitda_musd,1986.910893841389,2012.40584,18,2024-08-06,2024-08-05,street_pit,a=+12.4 m=0.880 rev=3794 leg=guide_cushion,1958.0,2024-11-07,28.910893841388997,-0.01455067458284165,0.38063105157405114,12.0,0.29085055598509846,20.0,relative
2024-08-06,2024Q3,0,rw_hl4_from21,street_plus_flowthrough,base,adj_ebitda_margin_pct,52.37241338405682,52.44999321806146,18,2024-08-06,2024-08-05,street_pit,a=+12.4 m=0.880 rev=3794 leg=guide_cushion,52.46516613076098,2024-11-07,-0.09275274670415712,0.0017710229624894325,5.382183636939245,12.0,14.534570388944056,22.0,additive
2024-08-06,2024Q3,0,rw_hl4_from21,dispersion_conditioned,base,adj_ebitda_musd,2139.218903821789,2012.40584,18,2024-08-06,2024-08-05,street_pit,disp=0.0281 ref=0.1061 ratio=0.500 b_pt=+3.787,1958.0,2024-11-07,181.2189038217889,-0.08471265072407275,0.24834416103065088,11.0,0.19454854597474963,19.0,relative
2024-08-06,2024Q3,0,rw_hl4_from21,dispersion_conditioned,base,adj_ebitda_margin_pct,54.343727674072966,52.44999321806146,18,2024-08-06,2024-08-05,street_pit,disp=0.0281 ref=0.1061 ratio=0.500 b_pt=+3.787,52.46516613076098,2024-11-07,1.8785615433119887,-0.03456813920787105,4.221564035709218,12.0,14.338052835807394,22.0,additive
2024-08-06,2024Q4,1,rw_hl4_from21,street_plus_bias,base,adj_ebitda_musd,913.3213908832738,782.82061,18,2024-08-06,2024-08-05,street_pit,b_pct=+0.1667 b_pt=+3.419 n_pool=13,765.0,2025-02-13,148.3213908832738,-0.16239780690982397,0.45444469956325506,11.0,0.3578010182792309,19.0,relative
2024-08-06,2024Q4,1,rw_hl4_from21,street_plus_bias,base,adj_ebitda_margin_pct,34.82146417553624,31.40268632719389,18,2024-08-06,2024-08-05,street_pit,b_pct=+0.1667 b_pt=+3.419 n_pool=13,30.846774193548388,2025-02-13,3.9746899819878543,-0.11414482636201917,8.135410376486178,12.0,10.148821596975424,21.0,additive
2024-08-06,2024Q4,1,rw_hl4_from21,street_plus_flowthrough,base,adj_ebitda_musd,764.4570168965577,782.82061,18,2024-08-06,2024-08-05,street_pit,a=+14.5 m=0.841 rev=2454 leg=naive,765.0,2025-02-13,-0.5429831034423387,0.0007102859826528807,1.1903216642640482,12.0,0.9209919578872752,20.0,relative
2024-08-06,2024Q4,1,rw_hl4_from21,street_plus_flowthrough,base,adj_ebitda_margin_pct,31.15490222860743,31.40268632719389,18,2024-08-06,2024-08-05,street_pit,a=+14.5 m=0.841 rev=2454 leg=naive,30.846774193548388,2025-02-13,0.30812803505904185,-0.009890194255724793,10.376402498568247,12.0,10.999744686062382,21.0,additive
2024-08-06,2024Q4,1,rw_hl4_from21,dispersion_conditioned,base,adj_ebitda_musd,848.0710004416369,782.82061,18,2024-08-06,2024-08-05,street_pit,disp=0.0459 ref=0.0933 ratio=0.500 b_pt=+3.419,765.0,2025-02-13,83.0710004416369,-0.09795288413160841,0.4255484944348035,11.0,0.3398177001035712,19.0,relative
2024-08-06,2024Q4,1,rw_hl4_from21,dispersion_conditioned,base,adj_ebitda_margin_pct,33.11207525136506,31.40268632719389,18,2024-08-06,2024-08-05,street_pit,disp=0.0459 ref=0.0933 ratio=0.500 b_pt=+3.419,30.846774193548388,2025-02-13,2.265301057816675,-0.06841314054223424,7.439107794923593,12.0,9.60153740883803,21.0,additive
2024-11-07,2024Q4,0,rw_hl4,street_plus_bias,base,adj_ebitda_musd,784.2136755116722,725.52906,19,2024-11-07,2024-11-06,street_pit,b_pct=+0.0809 b_pt=+1.728 n_pool=11,765.0,2025-02-13,19.21367551167225,-0.024500561660233733,0.28848958136666947,12.0,0.23570539215389635,19.0,relative
2024-11-07,2024Q4,0,rw_hl4,street_plus_bias,base,adj_ebitda_margin_pct,31.663256529712566,29.934987030644805,19,2024-11-07,2024-11-06,street_pit,b_pct=+0.0809 b_pt=+1.728 n_pool=11,30.846774193548388,2025-02-13,0.816482336164178,-0.02578642962381328,5.695750606526756,12.0,15.220989958983703,22.0,additive
2024-11-07,2024Q4,0,rw_hl4,street_plus_flowthrough,base,adj_ebitda_musd,777.9572482845526,725.52906,19,2024-11-07,2024-11-06,street_pit,a=+17.9 m=0.666 rev=2476 leg=guide_cushion,765.0,2025-02-13,12.957248284552634,-0.016655476008642145,0.2406176563795581,12.0,0.5140043988693758,20.0,relative
2024-11-07,2024Q4,0,rw_hl4,street_plus_flowthrough,base,adj_ebitda_margin_pct,31.426086740784,29.934987030644805,19,2024-11-07,2024-11-06,street_pit,a=+17.9 m=0.666 rev=2476 leg=guide_cushion,30.846774193548388,2025-02-13,0.5793125472356131,-0.018434129327460802,3.690150008426726,12.0,15.262020767286137,22.0,additive
2024-11-07,2024Q4,0,rw_hl4,dispersion_conditioned,base,adj_ebitda_musd,754.8713677558361,725.52906,19,2024-11-07,2024-11-06,street_pit,disp=0.0375 ref=0.0939 ratio=0.500 b_pt=+1.728,765.0,2025-02-13,-10.128632244163896,0.01341769296969808,0.2691114001216656,12.0,0.22188998417289885,19.0,relative
2024-11-07,2024Q4,0,rw_hl4,dispersion_conditioned,base,adj_ebitda_margin_pct,30.799121780178687,29.934987030644805,19,2024-11-07,2024-11-06,street_pit,disp=0.0375 ref=0.0939 ratio=0.500 b_pt=+1.728,30.846774193548388,2025-02-13,-0.0476524133697005,0.0015472003945373736,5.4258437003442825,12.0,14.976589546148091,22.0,additive
2024-11-07,2025Q1,1,rw_hl4,street_plus_bias,base,adj_ebitda_musd,483.0081181169984,437.35165,19,2024-11-07,2024-11-06,street_pit,b_pct=+0.1044 b_pt=+1.918 n_pool=11,417.0,2025-05-01,66.00811811699839,-0.13666047348092258,0.456177929967295,12.0,0.3811844585242143,19.0,relative
2024-11-07,2025Q1,1,rw_hl4,street_plus_bias,base,adj_ebitda_margin_pct,20.602332737463747,18.68422233874973,19,2024-11-07,2024-11-06,street_pit,b_pct=+0.1044 b_pt=+1.918 n_pool=11,18.35387323943662,2025-05-01,2.2484594980271275,-0.109136160777487,7.2197337125263665,12.0,10.303899784449964,21.0,additive
2024-11-07,2025Q1,1,rw_hl4,street_plus_flowthrough,base,adj_ebitda_musd,460.0871864960522,437.35165,19,2024-11-07,2024-11-06,street_pit,a=+13.3 m=0.753 rev=2353 leg=naive,417.0,2025-05-01,43.0871864960522,-0.09365004668831811,0.9058334309467169,12.0,0.7198174120948829,19.0,relative
2024-11-07,2025Q1,1,rw_hl4,street_plus_flowthrough,base,adj_ebitda_margin_pct,19.55125245469682,18.68422233874973,19,2024-11-07,2024-11-06,street_pit,a=+13.3 m=0.753 rev=2353 leg=naive,18.35387323943662,2025-05-01,1.1973792152601987,-0.06124309519478133,9.773714962534205,12.0,11.676447810810814,21.0,additive
2024-11-07,2025Q1,1,rw_hl4,dispersion_conditioned,base,adj_ebitda_musd,479.48701499213746,437.35165,19,2024-11-07,2024-11-06,street_pit,disp=0.0847 ref=0.0918 ratio=0.923 b_pt=+1.918,417.0,2025-05-01,62.48701499213746,-0.1303205572588073,0.4315062228578759,12.0,0.36503866345604363,19.0,relative
2024-11-07,2025Q1,1,rw_hl4,dispersion_conditioned,base,adj_ebitda_margin_pct,20.454404857860077,18.68422233874973,19,2024-11-07,2024-11-06,street_pit,disp=0.0847 ref=0.0918 ratio=0.923 b_pt=+1.918,18.35387323943662,2025-05-01,2.1005316184234566,-0.10269336277541607,6.560854951779704,12.0,9.86876920344579,21.0,additive
2024-11-07,2024Q4,0,ew,street_plus_bias,base,adj_ebitda_musd,818.0924551801306,725.52906,19,2024-11-07,2024-11-06,street_pit,b_pct=+0.1276 b_pt=+3.353 n_pool=11,765.0,2025-02-13,53.09245518013063,-0.0648978667923793,0.2967389838625385,12.0,0.2455364695753904,19.0,relative
2024-11-07,2024Q4,0,ew,street_plus_bias,base,adj_ebitda_margin_pct,33.28826129746654,29.934987030644805,19,2024-11-07,2024-11-06,street_pit,b_pct=+0.1276 b_pt=+3.353 n_pool=11,30.846774193548388,2025-02-13,2.4414871039181527,-0.07334378572977518,6.1260265840470165,12.0,15.658207148820274,22.0,additive
2024-11-07,2024Q4,0,ew,street_plus_flowthrough,base,adj_ebitda_musd,790.0991690069519,725.52906,19,2024-11-07,2024-11-06,street_pit,a=+25.7 m=0.750 rev=2476 leg=guide_cushion,765.0,2025-02-13,25.09916900695191,-0.03176711227085349,0.24412170907563807,12.0,0.5183593727308915,20.0,relative
2024-11-07,2024Q4,0,ew,street_plus_flowthrough,base,adj_ebitda_margin_pct,31.916567489775332,29.934987030644805,19,2024-11-07,2024-11-06,street_pit,a=+25.7 m=0.750 rev=2476 leg=guide_cushion,30.846774193548388,2025-02-13,1.069793296226944,-0.03351843197328974,3.8251716373610276,12.0,15.418066081704948,22.0,additive
2024-11-07,2024Q4,0,ew,dispersion_conditioned,base,adj_ebitda_musd,771.8107575900654,725.52906,19,2024-11-07,2024-11-06,street_pit,disp=0.0375 ref=0.1311 ratio=0.500 b_pt=+3.353,765.0,2025-02-13,6.81075759006535,-0.008824388003260686,0.2738820915360005,12.0,0.22830934785698273,19.0,relative
2024-11-07,2024Q4,0,ew,dispersion_conditioned,base,adj_ebitda_margin_pct,31.611624164055673,29.934987030644805,19,2024-11-07,2024-11-06,street_pit,disp=0.0375 ref=0.1311 ratio=0.500 b_pt=+3.353,30.846774193548388,2025-02-13,0.7648499705072851,-0.024195212702071922,5.693268394548884,12.0,15.248294600771452,22.0,additive
2024-11-07,2025Q1,1,ew,street_plus_bias,base,adj_ebitda_musd,516.8729873888439,437.35165,19,2024-11-07,2024-11-06,street_pit,b_pct=+0.1818 b_pt=+3.947 n_pool=11,417.0,2025-05-01,99.87298738884385,-0.19322539545621364,0.4685247236975157,12.0,0.3978399981745689,19.0,relative
2024-11-07,2025Q1,1,ew,street_plus_bias,base,adj_ebitda_margin_pct,22.63128606258077,18.68422233874973,19,2024-11-07,2024-11-06,street_pit,b_pct=+0.1818 b_pt=+3.947 n_pool=11,18.35387323943662,2025-05-01,4.27741282314415,-0.18900440793846662,7.720166240461221,12.0,10.896285308117045,21.0,additive
2024-11-07,2025Q1,1,ew,street_plus_flowthrough,base,adj_ebitda_musd,467.41474853362433,437.35165,19,2024-11-07,2024-11-06,street_pit,a=+19.6 m=0.841 rev=2353 leg=naive,417.0,2025-05-01,50.41474853362433,-0.10785870298655686,0.9090554900840047,12.0,0.7225162946030868,19.0,relative
2024-11-07,2025Q1,1,ew,street_plus_flowthrough,base,adj_ebitda_margin_pct,19.862634774133042,18.68422233874973,19,2024-11-07,2024-11-06,street_pit,a=+19.6 m=0.841 rev=2353 leg=naive,18.35387323943662,2025-05-01,1.508761534696422,-0.07595978840940432,9.930353173493156,12.0,11.81846646023149,21.0,additive
2024-11-07,2025Q1,1,ew,dispersion_conditioned,base,adj_ebitda_musd,486.8799121722881,437.35165,19,2024-11-07,2024-11-06,street_pit,disp=0.0847 ref=0.1360 ratio=0.623 b_pt=+3.947,417.0,2025-05-01,69.87991217228807,-0.14352597103566733,0.4373929473808149,12.0,0.37308322339868777,19.0,relative
2024-11-07,2025Q1,1,ew,dispersion_conditioned,base,adj_ebitda_margin_pct,21.142571422703355,18.68422233874973,19,2024-11-07,2024-11-06,street_pit,disp=0.0847 ref=0.1360 ratio=0.623 b_pt=+3.947,18.35387323943662,2025-05-01,2.7886981832667352,-0.13189966951097398,6.810260482713711,12.0,10.139790846595657,21.0,additive
2024-11-07,2024Q4,0,rw_hl4_usd,street_plus_bias,base,adj_ebitda_musd,769.061678295962,725.52906,19,2024-11-07,2024-11-06,street_pit,b_pct=+0.0809 b_pt=+1.728 n_pool=11,765.0,2025-02-13,4.061678295961997,-0.005281342720081406,0.27982959953729775,12.0,0.2229615811244351,19.0,relative
2024-11-07,2024Q4,0,rw_hl4_usd,street_plus_bias,base,adj_ebitda_margin_pct,31.663256529712566,29.934987030644805,19,2024-11-07,2024-11-06,street_pit,b_pct=+0.0809 b_pt=+1.728 n_pool=11,30.846774193548388,2025-02-13,0.816482336164178,-0.02578642962381328,5.695750606526756,12.0,15.220989958983703,22.0,additive
2024-11-07,2024Q4,0,rw_hl4_usd,street_plus_flowthrough,base,adj_ebitda_musd,777.9572482845526,725.52906,19,2024-11-07,2024-11-06,street_pit,a=+17.9 m=0.666 rev=2476 leg=guide_cushion,765.0,2025-02-13,12.957248284552634,-0.016655476008642145,0.2406176563795581,12.0,0.5140043988693758,20.0,relative
2024-11-07,2024Q4,0,rw_hl4_usd,street_plus_flowthrough,base,adj_ebitda_margin_pct,31.426086740784,29.934987030644805,19,2024-11-07,2024-11-06,street_pit,a=+17.9 m=0.666 rev=2476 leg=guide_cushion,30.846774193548388,2025-02-13,0.5793125472356131,-0.018434129327460802,3.690150008426726,12.0,15.262020767286137,22.0,additive
2024-11-07,2024Q4,0,rw_hl4_usd,dispersion_conditioned,base,adj_ebitda_musd,747.295369147981,725.52906,19,2024-11-07,2024-11-06,street_pit,disp=0.0375 ref=0.0939 ratio=0.500 b_pt=+1.728,765.0,2025-02-13,-17.704630852019022,0.02369161055046387,0.27891844882867545,12.0,0.22451747317596615,19.0,relative
2024-11-07,2024Q4,0,rw_hl4_usd,dispersion_conditioned,base,adj_ebitda_margin_pct,30.799121780178687,29.934987030644805,19,2024-11-07,2024-11-06,street_pit,disp=0.0375 ref=0.0939 ratio=0.500 b_pt=+1.728,30.846774193548388,2025-02-13,-0.0476524133697005,0.0015472003945373736,5.4258437003442825,12.0,14.976589546148091,22.0,additive
2024-11-07,2025Q1,1,rw_hl4_usd,street_plus_bias,base,adj_ebitda_musd,486.1339401807899,437.35165,19,2024-11-07,2024-11-06,street_pit,b_pct=+0.1044 b_pt=+1.918 n_pool=11,417.0,2025-05-01,69.13394018078992,-0.14221171258908494,0.46256195556505825,12.0,0.3794593086484654,19.0,relative
2024-11-07,2025Q1,1,rw_hl4_usd,street_plus_bias,base,adj_ebitda_margin_pct,20.602332737463747,18.68422233874973,19,2024-11-07,2024-11-06,street_pit,b_pct=+0.1044 b_pt=+1.918 n_pool=11,18.35387323943662,2025-05-01,2.2484594980271275,-0.109136160777487,7.2197337125263665,12.0,10.303899784449964,21.0,additive
2024-11-07,2025Q1,1,rw_hl4_usd,street_plus_flowthrough,base,adj_ebitda_musd,460.0871864960522,437.35165,19,2024-11-07,2024-11-06,street_pit,a=+13.3 m=0.753 rev=2353 leg=naive,417.0,2025-05-01,43.0871864960522,-0.09365004668831811,0.9058334309467169,12.0,0.7198174120948829,19.0,relative
2024-11-07,2025Q1,1,rw_hl4_usd,street_plus_flowthrough,base,adj_ebitda_margin_pct,19.55125245469682,18.68422233874973,19,2024-11-07,2024-11-06,street_pit,a=+13.3 m=0.753 rev=2353 leg=naive,18.35387323943662,2025-05-01,1.1973792152601987,-0.06124309519478133,9.773714962534205,12.0,11.676447810810814,21.0,additive
2024-11-07,2025Q1,1,rw_hl4_usd,dispersion_conditioned,base,adj_ebitda_musd,482.37176843431837,437.35165,19,2024-11-07,2024-11-06,street_pit,disp=0.0847 ref=0.0918 ratio=0.923 b_pt=+1.918,417.0,2025-05-01,65.37176843431837,-0.1355215473046898,0.44816488975876845,12.0,0.3708627173516807,19.0,relative
2024-11-07,2025Q1,1,rw_hl4_usd,dispersion_conditioned,base,adj_ebitda_margin_pct,20.454404857860077,18.68422233874973,19,2024-11-07,2024-11-06,street_pit,disp=0.0847 ref=0.0918 ratio=0.923 b_pt=+1.918,18.35387323943662,2025-05-01,2.1005316184234566,-0.10269336277541607,6.560854951779704,12.0,9.86876920344579,21.0,additive
2024-11-07,2024Q4,0,ew_usd,street_plus_bias,base,adj_ebitda_musd,808.6336169230769,725.52906,19,2024-11-07,2024-11-06,street_pit,b_pct=+0.1276 b_pt=+3.353 n_pool=11,765.0,2025-02-13,43.63361692307694,-0.0539596870695368,0.29030954511005597,12.0,0.23423363284309917,19.0,relative
2024-11-07,2024Q4,0,ew_usd,street_plus_bias,base,adj_ebitda_margin_pct,33.28826129746654,29.934987030644805,19,2024-11-07,2024-11-06,street_pit,b_pct=+0.1276 b_pt=+3.353 n_pool=11,30.846774193548388,2025-02-13,2.4414871039181527,-0.07334378572977518,6.1260265840470165,12.0,15.658207148820274,22.0,additive
2024-11-07,2024Q4,0,ew_usd,street_plus_flowthrough,base,adj_ebitda_musd,790.0991690069519,725.52906,19,2024-11-07,2024-11-06,street_pit,a=+25.7 m=0.750 rev=2476 leg=guide_cushion,765.0,2025-02-13,25.09916900695191,-0.03176711227085349,0.24412170907563807,12.0,0.5183593727308915,20.0,relative
2024-11-07,2024Q4,0,ew_usd,street_plus_flowthrough,base,adj_ebitda_margin_pct,31.916567489775332,29.934987030644805,19,2024-11-07,2024-11-06,street_pit,a=+25.7 m=0.750 rev=2476 leg=guide_cushion,30.846774193548388,2025-02-13,1.069793296226944,-0.03351843197328974,3.8251716373610276,12.0,15.418066081704948,22.0,additive
2024-11-07,2024Q4,0,ew_usd,dispersion_conditioned,base,adj_ebitda_musd,767.0813384615384,725.52906,19,2024-11-07,2024-11-06,street_pit,disp=0.0375 ref=0.1311 ratio=0.500 b_pt=+3.353,765.0,2025-02-13,2.081338461538394,-0.0027133217263670684,0.28587366049999235,12.0,0.23431722937619492,19.0,relative
2024-11-07,2024Q4,0,ew_usd,dispersion_conditioned,base,adj_ebitda_margin_pct,31.611624164055673,29.934987030644805,19,2024-11-07,2024-11-06,street_pit,disp=0.0375 ref=0.1311 ratio=0.500 b_pt=+3.353,30.846774193548388,2025-02-13,0.7648499705072851,-0.024195212702071922,5.693268394548884,12.0,15.248294600771452,22.0,additive
2024-11-07,2025Q1,1,ew_usd,street_plus_bias,base,adj_ebitda_musd,537.4383084615384,437.35165,19,2024-11-07,2024-11-06,street_pit,b_pct=+0.1818 b_pt=+3.947 n_pool=11,417.0,2025-05-01,120.43830846153844,-0.22409699227861712,0.4727726281023336,12.0,0.3930112037728623,19.0,relative
2024-11-07,2025Q1,1,ew_usd,street_plus_bias,base,adj_ebitda_margin_pct,22.63128606258077,18.68422233874973,19,2024-11-07,2024-11-06,street_pit,b_pct=+0.1818 b_pt=+3.947 n_pool=11,18.35387323943662,2025-05-01,4.27741282314415,-0.18900440793846662,7.720166240461221,12.0,10.896285308117045,21.0,additive
2024-11-07,2025Q1,1,ew_usd,street_plus_flowthrough,base,adj_ebitda_musd,467.41474853362433,437.35165,19,2024-11-07,2024-11-06,street_pit,a=+19.6 m=0.841 rev=2353 leg=naive,417.0,2025-05-01,50.41474853362433,-0.10785870298655686,0.9090554900840047,12.0,0.7225162946030868,19.0,relative
2024-11-07,2025Q1,1,ew_usd,street_plus_flowthrough,base,adj_ebitda_margin_pct,19.862634774133042,18.68422233874973,19,2024-11-07,2024-11-06,street_pit,a=+19.6 m=0.841 rev=2353 leg=naive,18.35387323943662,2025-05-01,1.508761534696422,-0.07595978840940432,9.930353173493156,12.0,11.81846646023149,21.0,additive
2024-11-07,2025Q1,1,ew_usd,dispersion_conditioned,base,adj_ebitda_musd,499.6886078908361,437.35165,19,2024-11-07,2024-11-06,street_pit,disp=0.0847 ref=0.1360 ratio=0.623 b_pt=+3.947,417.0,2025-05-01,82.68860789083612,-0.1654802742849415,0.4515828020698977,12.0,0.3764315108334057,19.0,relative
2024-11-07,2025Q1,1,ew_usd,dispersion_conditioned,base,adj_ebitda_margin_pct,21.142571422703355,18.68422233874973,19,2024-11-07,2024-11-06,street_pit,disp=0.0847 ref=0.1360 ratio=0.623 b_pt=+3.947,18.35387323943662,2025-05-01,2.7886981832667352,-0.13189966951097398,6.810260482713711,12.0,10.139790846595657,21.0,additive
2024-11-07,2024Q4,0,rw_hl4_med,street_plus_bias,base,adj_ebitda_musd,783.5745443760611,725.52906,19,2024-11-07,2024-11-06,street_pit,b_pct=+0.0800 b_pt=+1.993 n_pool=11,765.0,2025-02-13,18.574544376061112,-0.023704884888586464,0.28238177484202875,12.0,0.23280684039067323,19.0,relative
2024-11-07,2024Q4,0,rw_hl4_med,street_plus_bias,base,adj_ebitda_margin_pct,31.927799064180306,29.934987030644805,19,2024-11-07,2024-11-06,street_pit,b_pct=+0.0800 b_pt=+1.993 n_pool=11,30.846774193548388,2025-02-13,1.0810248706319179,-0.033858421260384186,5.497477497439467,12.0,15.094928975007344,22.0,additive
2024-11-07,2024Q4,0,rw_hl4_med,street_plus_flowthrough,base,adj_ebitda_musd,781.8440533316692,725.52906,19,2024-11-07,2024-11-06,street_pit,a=+21.8 m=0.666 rev=2476 leg=guide_cushion,765.0,2025-02-13,16.844053331669215,-0.021544006454857212,0.23906922514876672,12.0,0.5143603690395466,20.0,relative
2024-11-07,2024Q4,0,rw_hl4_med,street_plus_flowthrough,base,adj_ebitda_margin_pct,31.58309674721372,29.934987030644805,19,2024-11-07,2024-11-06,street_pit,a=+21.8 m=0.666 rev=2476 leg=guide_cushion,30.846774193548388,2025-02-13,0.7363225536653317,-0.023313817500504985,3.622095919881474,12.0,15.29649982708439,22.0,additive
2024-11-07,2024Q4,0,rw_hl4_med,dispersion_conditioned,base,adj_ebitda_musd,754.5518021880306,725.52906,19,2024-11-07,2024-11-06,street_pit,disp=0.0375 ref=0.0939 ratio=0.500 b_pt=+1.993,765.0,2025-02-13,-10.448197811969408,0.013846892660877685,0.26440695571225736,12.0,0.2183712414699615,19.0,relative
2024-11-07,2024Q4,0,rw_hl4_med,dispersion_conditioned,base,adj_ebitda_margin_pct,30.931393047412556,29.934987030644805,19,2024-11-07,2024-11-06,street_pit,disp=0.0375 ref=0.0939 ratio=0.500 b_pt=+1.993,30.846774193548388,2025-02-13,0.08461885386416768,-0.0027356948888289656,5.26530110157467,12.0,14.861826872107399,22.0,additive
2024-11-07,2025Q1,1,rw_hl4_med,street_plus_bias,base,adj_ebitda_musd,467.58967693250355,437.35165,19,2024-11-07,2024-11-06,street_pit,b_pct=+0.0691 b_pt=+2.059 n_pool=11,417.0,2025-05-01,50.58967693250355,-0.10819245896184781,0.44399420667599243,12.0,0.37136955885379275,19.0,relative
2024-11-07,2025Q1,1,rw_hl4_med,street_plus_bias,base,adj_ebitda_margin_pct,20.743052798176468,18.68422233874973,19,2024-11-07,2024-11-06,street_pit,b_pct=+0.0691 b_pt=+2.059 n_pool=11,18.35387323943662,2025-05-01,2.3891795587398477,-0.11517974629799344,7.008720197072461,12.0,10.095755219235308,21.0,additive
2024-11-07,2025Q1,1,rw_hl4_med,street_plus_flowthrough,base,adj_ebitda_musd,478.2456714193327,437.35165,19,2024-11-07,2024-11-06,street_pit,a=+31.5 m=0.753 rev=2353 leg=naive,417.0,2025-05-01,61.24567141933272,-0.1280632007344017,0.9079648052841017,12.0,0.7218660162396997,19.0,relative
2024-11-07,2025Q1,1,rw_hl4_med,street_plus_flowthrough,base,adj_ebitda_margin_pct,20.322891251320666,18.68422233874973,19,2024-11-07,2024-11-06,street_pit,a=+31.5 m=0.753 rev=2353 leg=naive,18.35387323943662,2025-05-01,1.969018011884046,-0.09688670708977454,9.797972027473115,12.0,11.750614977883718,21.0,additive
2024-11-07,2025Q1,1,rw_hl4_med,dispersion_conditioned,base,adj_ebitda_musd,465.25766975996396,437.35165,19,2024-11-07,2024-11-06,street_pit,disp=0.0847 ref=0.0918 ratio=0.923 b_pt=+2.059,417.0,2025-05-01,48.25766975996396,-0.10372245939515856,0.4221681789024415,12.0,0.35783625823083315,19.0,relative
2024-11-07,2025Q1,1,rw_hl4_med,dispersion_conditioned,base,adj_ebitda_margin_pct,20.58427235231129,18.68422233874973,19,2024-11-07,2024-11-06,street_pit,disp=0.0847 ref=0.0918 ratio=0.923 b_pt=+2.059,18.35387323943662,2025-05-01,2.2303991128746716,-0.10835452789878353,6.507973184106548,12.0,9.761955651586398,21.0,additive
2024-11-07,2024Q4,0,rw_hl4_from21,street_plus_bias,base,adj_ebitda_musd,798.1506393503106,725.52906,19,2024-11-07,2024-11-06,street_pit,b_pct=+0.1001 b_pt=+3.151 n_pool=15,765.0,2025-02-13,33.1506393503106,-0.041534314095513336,0.2610650982433968,12.0,0.20683945094981224,19.0,relative
2024-11-07,2024Q4,0,rw_hl4_from21,street_plus_bias,base,adj_ebitda_margin_pct,33.08578976862628,29.934987030644805,19,2024-11-07,2024-11-06,street_pit,b_pct=+0.1001 b_pt=+3.151 n_pool=15,30.846774193548388,2025-02-13,2.2390155750778895,-0.06767302792938146,3.9809536280427564,12.0,14.672910051937183,22.0,additive
2024-11-07,2024Q4,0,rw_hl4_from21,street_plus_flowthrough,base,adj_ebitda_musd,786.1273052919502,725.52906,19,2024-11-07,2024-11-06,street_pit,a=+21.2 m=0.761 rev=2476 leg=guide_cushion,765.0,2025-02-13,21.127305291950165,-0.026875170407805626,0.14770308450581446,12.0,0.29085055598509846,20.0,relative
2024-11-07,2024Q4,0,rw_hl4_from21,street_plus_flowthrough,base,adj_ebitda_margin_pct,31.756121483384295,29.934987030644805,19,2024-11-07,2024-11-06,street_pit,a=+21.2 m=0.761 rev=2476 leg=guide_cushion,30.846774193548388,2025-02-13,0.9093472898359067,-0.028635338553913203,3.922114983794016,12.0,14.534570388944056,22.0,additive
2024-11-07,2024Q4,0,rw_hl4_from21,dispersion_conditioned,base,adj_ebitda_musd,761.8398496751553,725.52906,19,2024-11-07,2024-11-06,street_pit,disp=0.0375 ref=0.0939 ratio=0.500 b_pt=+3.151,765.0,2025-02-13,-3.1601503248447216,0.004148050704084527,0.2427744397214463,12.0,0.19454854597474963,19.0,relative
2024-11-07,2024Q4,0,rw_hl4_from21,dispersion_conditioned,base,adj_ebitda_margin_pct,31.51038839963554,29.934987030644805,19,2024-11-07,2024-11-06,street_pit,disp=0.0375 ref=0.0939 ratio=0.500 b_pt=+3.151,30.846774193548388,2025-02-13,0.6636142060871535,-0.02106017220958245,4.256977535524336,12.0,14.338052835807394,22.0,additive
2024-11-07,2025Q1,1,rw_hl4_from21,street_plus_bias,base,adj_ebitda_musd,495.65651652320435,437.35165,19,2024-11-07,2024-11-06,street_pit,b_pct=+0.1333 b_pt=+2.781 n_pool=14,417.0,2025-05-01,78.65651652320435,-0.158691581571332,0.4427201891100582,12.0,0.3578010182792309,19.0,relative
2024-11-07,2025Q1,1,rw_hl4_from21,street_plus_bias,base,adj_ebitda_margin_pct,21.46515561245423,18.68422233874973,19,2024-11-07,2024-11-06,street_pit,b_pct=+0.1333 b_pt=+2.781 n_pool=14,18.35387323943662,2025-05-01,3.111282373017609,-0.1449457171050007,3.78435249965861,12.0,10.148821596975424,21.0,additive
2024-11-07,2025Q1,1,rw_hl4_from21,street_plus_flowthrough,base,adj_ebitda_musd,463.1515018312988,437.35165,19,2024-11-07,2024-11-06,street_pit,a=+15.8 m=0.799 rev=2353 leg=naive,417.0,2025-05-01,46.15150183129879,-0.09964666345421735,0.9506196079750654,12.0,0.9209919578872752,20.0,relative
2024-11-07,2025Q1,1,rw_hl4_from21,street_plus_flowthrough,base,adj_ebitda_margin_pct,19.68146951893736,18.68422233874973,19,2024-11-07,2024-11-06,street_pit,a=+15.8 m=0.799 rev=2353 leg=naive,18.35387323943662,2025-05-01,1.3275962795007388,-0.0674541236986057,6.037625458054698,12.0,10.999744686062382,21.0,additive
2024-11-07,2025Q1,1,rw_hl4_from21,dispersion_conditioned,base,adj_ebitda_musd,491.15994777453636,437.35165,19,2024-11-07,2024-11-06,street_pit,disp=0.0847 ref=0.0918 ratio=0.923 b_pt=+2.781,417.0,2025-05-01,74.15994777453636,-0.15098940398246596,0.4145665652377301,12.0,0.3398177001035712,19.0,relative
2024-11-07,2025Q1,1,rw_hl4_from21,dispersion_conditioned,base,adj_ebitda_margin_pct,21.250685390732787,18.68422233874973,19,2024-11-07,2024-11-06,street_pit,disp=0.0847 ref=0.0918 ratio=0.923 b_pt=+2.781,18.35387323943662,2025-05-01,2.8968121512961673,-0.1363161751272003,3.3487962996044356,12.0,9.60153740883803,21.0,additive
2025-02-13,2025Q1,0,rw_hl4,street_plus_bias,base,adj_ebitda_musd,403.6395390507126,375.90479,20,2025-02-13,2025-02-12,street_pit,b_pct=+0.0738 b_pt=+1.546 n_pool=12,417.0,2025-05-01,-13.360460949287415,0.03309998069244857,0.20860571657827556,12.0,0.23570539215389635,19.0,relative
2025-02-13,2025Q1,0,rw_hl4,street_plus_bias,base,adj_ebitda_margin_pct,17.955292211635953,16.40922403505727,20,2025-02-13,2025-02-12,street_pit,b_pct=+0.0738 b_pt=+1.546 n_pool=12,18.35387323943662,2025-05-01,-0.39858102780066673,0.022198526378889305,5.496999430743332,12.0,15.220989958983703,22.0,additive
2025-02-13,2025Q1,0,rw_hl4,street_plus_flowthrough,base,adj_ebitda_musd,397.7207947368383,375.90479,20,2025-02-13,2025-02-12,street_pit,a=+15.0 m=0.668 rev=2301 leg=guide_cushion,417.0,2025-05-01,-19.279205263161714,0.04847421990071776,0.20050062016911138,12.0,0.5140043988693758,20.0,relative
2025-02-13,2025Q1,0,rw_hl4,street_plus_flowthrough,base,adj_ebitda_margin_pct,17.28410881454937,16.40922403505727,20,2025-02-13,2025-02-12,street_pit,a=+15.0 m=0.668 rev=2301 leg=guide_cushion,18.35387323943662,2025-05-01,-1.06976442488725,0.06189294665784262,3.2625618575210202,12.0,15.262020767286137,22.0,additive
2025-02-13,2025Q1,0,rw_hl4,dispersion_conditioned,base,adj_ebitda_musd,429.4520754308133,375.90479,20,2025-02-13,2025-02-12,street_pit,disp=0.2257 ref=0.1169 ratio=1.931 b_pt=+1.546,417.0,2025-05-01,12.452075430813295,-0.02899526197031821,0.1879143334547246,12.0,0.22188998417289885,19.0,relative
2025-02-13,2025Q1,0,rw_hl4,dispersion_conditioned,base,adj_ebitda_margin_pct,19.39420701779057,16.40922403505727,20,2025-02-13,2025-02-12,street_pit,disp=0.2257 ref=0.1169 ratio=1.931 b_pt=+1.546,18.35387323943662,2025-05-01,1.0403337783539506,-0.05364147022869448,5.29018318132588,12.0,14.976589546148091,22.0,additive
2025-02-13,2025Q2,1,rw_hl4,street_plus_bias,base,adj_ebitda_musd,1067.8177144855467,986.36758,20,2025-02-13,2025-02-12,street_pit,b_pct=+0.0826 b_pt=+1.507 n_pool=12,1043.0,2025-08-06,24.81771448554673,-0.023241527227803482,0.3149001697768163,12.0,0.3811844585242143,19.0,relative
2025-02-13,2025Q2,1,rw_hl4,street_plus_bias,base,adj_ebitda_margin_pct,33.685478820450825,32.17864298515607,20,2025-02-13,2025-02-12,street_pit,b_pct=+0.0826 b_pt=+1.507 n_pool=12,33.68863049095607,2025-08-06,-0.003151670505246784,9.35616952943974e-05,7.07869045698827,12.0,10.303899784449964,21.0,additive
2025-02-13,2025Q2,1,rw_hl4,street_plus_flowthrough,base,adj_ebitda_musd,1001.4957527620317,986.36758,20,2025-02-13,2025-02-12,street_pit,a=+9.5 m=0.762 rev=3073 leg=naive,1043.0,2025-08-06,-41.50424723796834,0.04144225986331307,0.5272768379793427,12.0,0.7198174120948829,19.0,relative
2025-02-13,2025Q2,1,rw_hl4,street_plus_flowthrough,base,adj_ebitda_margin_pct,32.59434397488769,32.17864298515607,20,2025-02-13,2025-02-12,street_pit,a=+9.5 m=0.762 rev=3073 leg=naive,33.68863049095607,2025-08-06,-1.0942865160683795,0.03357289586535228,5.562663011536649,12.0,11.676447810810814,21.0,additive
2025-02-13,2025Q2,1,rw_hl4,dispersion_conditioned,base,adj_ebitda_musd,1027.0926472427734,986.36758,20,2025-02-13,2025-02-12,street_pit,disp=0.0397 ref=0.0828 ratio=0.500 b_pt=+1.507,1043.0,2025-08-06,-15.90735275722659,0.01548774864656055,0.2902314878282625,12.0,0.36503866345604363,19.0,relative
2025-02-13,2025Q2,1,rw_hl4,dispersion_conditioned,base,adj_ebitda_margin_pct,32.93206090280345,32.17864298515607,20,2025-02-13,2025-02-12,street_pit,disp=0.0397 ref=0.0828 ratio=0.500 b_pt=+1.507,33.68863049095607,2025-08-06,-0.7565695881526224,0.022973648396484636,6.501673688956551,12.0,9.86876920344579,21.0,additive
2025-02-13,2025Q1,0,ew,street_plus_bias,base,adj_ebitda_musd,421.74694455496405,375.90479,20,2025-02-13,2025-02-12,street_pit,b_pct=+0.1220 b_pt=+3.179 n_pool=12,417.0,2025-05-01,4.746944554964045,-0.011255433183927632,0.21602791286066508,12.0,0.2455364695753904,19.0,relative
2025-02-13,2025Q1,0,ew,street_plus_bias,base,adj_ebitda_margin_pct,19.58810636588485,16.40922403505727,20,2025-02-13,2025-02-12,street_pit,b_pct=+0.1220 b_pt=+3.179 n_pool=12,18.35387323943662,2025-05-01,1.2342331264482311,-0.06300931306957791,5.8788207092886,12.0,15.658207148820274,22.0,additive
2025-02-13,2025Q1,0,ew,street_plus_flowthrough,base,adj_ebitda_musd,406.34678797972697,375.90479,20,2025-02-13,2025-02-12,street_pit,a=+22.6 m=0.764 rev=2301 leg=guide_cushion,417.0,2025-05-01,-10.653212020273031,0.02621704498573396,0.2028637406402323,12.0,0.5183593727308915,20.0,relative
2025-02-13,2025Q1,0,ew,street_plus_flowthrough,base,adj_ebitda_margin_pct,17.658976329189397,16.40922403505727,20,2025-02-13,2025-02-12,street_pit,a=+22.6 m=0.764 rev=2301 leg=guide_cushion,18.35387323943662,2025-05-01,-0.6948969102472233,0.039350916910092515,3.3684853118570186,12.0,15.418066081704948,22.0,additive
2025-02-13,2025Q1,0,ew,dispersion_conditioned,base,adj_ebitda_musd,450.9582083255136,375.90479,20,2025-02-13,2025-02-12,street_pit,disp=0.2257 ref=0.1379 ratio=1.637 b_pt=+3.179,417.0,2025-05-01,33.958208325513624,-0.07530233999200586,0.192248935088871,12.0,0.22830934785698273,19.0,relative
2025-02-13,2025Q1,0,ew,dispersion_conditioned,base,adj_ebitda_margin_pct,21.613734767578038,16.40922403505727,20,2025-02-13,2025-02-12,street_pit,disp=0.2257 ref=0.1379 ratio=1.637 b_pt=+3.179,18.35387323943662,2025-05-01,3.2598615281414176,-0.15082361115263687,5.531909758215196,12.0,15.248294600771452,22.0,additive
2025-02-13,2025Q2,1,ew,street_plus_bias,base,adj_ebitda_musd,1150.1904818632556,986.36758,20,2025-02-13,2025-02-12,street_pit,b_pct=+0.1661 b_pt=+3.625 n_pool=12,1043.0,2025-08-06,107.19048186325563,-0.09319367839804416,0.3275641600613112,12.0,0.3978399981745689,19.0,relative
2025-02-13,2025Q2,1,ew,street_plus_bias,base,adj_ebitda_margin_pct,35.80406557631021,32.17864298515607,20,2025-02-13,2025-02-12,street_pit,b_pct=+0.1661 b_pt=+3.625 n_pool=12,33.68863049095607,2025-08-06,2.115435085354136,-0.059083655760976406,7.566116838064149,12.0,10.896285308117045,21.0,additive
2025-02-13,2025Q2,1,ew,street_plus_flowthrough,base,adj_ebitda_musd,1008.8671555661933,986.36758,20,2025-02-13,2025-02-12,street_pit,a=+16.2 m=0.857 rev=3073 leg=naive,1043.0,2025-08-06,-34.13284443380667,0.03383284334858816,0.529299410437065,12.0,0.7225162946030868,19.0,relative
2025-02-13,2025Q2,1,ew,street_plus_flowthrough,base,adj_ebitda_margin_pct,32.83425117161186,32.17864298515607,20,2025-02-13,2025-02-12,street_pit,a=+16.2 m=0.857 rev=3073 leg=naive,33.68863049095607,2025-08-06,-0.8543793193442113,0.026020977755170982,5.702109974922828,12.0,11.81846646023149,21.0,additive
2025-02-13,2025Q2,1,ew,dispersion_conditioned,base,adj_ebitda_musd,1068.2790309316279,986.36758,20,2025-02-13,2025-02-12,street_pit,disp=0.0397 ref=0.1295 ratio=0.500 b_pt=+3.625,1043.0,2025-08-06,25.279030931627858,-0.02366332222170686,0.2973742448314602,12.0,0.37308322339868777,19.0,relative
2025-02-13,2025Q2,1,ew,dispersion_conditioned,base,adj_ebitda_margin_pct,33.99135428073314,32.17864298515607,20,2025-02-13,2025-02-12,street_pit,disp=0.0397 ref=0.1295 ratio=0.500 b_pt=+3.625,33.68863049095607,2025-08-06,0.30272378977706893,-0.008905905521647828,6.757023598194209,12.0,10.139790846595657,21.0,additive
2025-02-13,2025Q1,0,rw_hl4_usd,street_plus_bias,base,adj_ebitda_musd,417.0487261334675,375.90479,20,2025-02-13,2025-02-12,street_pit,b_pct=+0.0738 b_pt=+1.546 n_pool=12,417.0,2025-05-01,0.04872613346748267,-0.00011683558877939593,0.18087675170236736,12.0,0.2229615811244351,19.0,relative
2025-02-13,2025Q1,0,rw_hl4_usd,street_plus_bias,base,adj_ebitda_margin_pct,17.955292211635953,16.40922403505727,20,2025-02-13,2025-02-12,street_pit,b_pct=+0.0738 b_pt=+1.546 n_pool=12,18.35387323943662,2025-05-01,-0.39858102780066673,0.022198526378889305,5.496999430743332,12.0,15.220989958983703,22.0,additive
2025-02-13,2025Q1,0,rw_hl4_usd,street_plus_flowthrough,base,adj_ebitda_musd,397.7207947368383,375.90479,20,2025-02-13,2025-02-12,street_pit,a=+15.0 m=0.668 rev=2301 leg=guide_cushion,417.0,2025-05-01,-19.279205263161714,0.04847421990071776,0.20050062016911138,12.0,0.5140043988693758,20.0,relative
2025-02-13,2025Q1,0,rw_hl4_usd,street_plus_flowthrough,base,adj_ebitda_margin_pct,17.28410881454937,16.40922403505727,20,2025-02-13,2025-02-12,street_pit,a=+15.0 m=0.668 rev=2301 leg=guide_cushion,18.35387323943662,2025-05-01,-1.06976442488725,0.06189294665784262,3.2625618575210202,12.0,15.262020767286137,22.0,additive
2025-02-13,2025Q1,0,rw_hl4_usd,dispersion_conditioned,base,adj_ebitda_musd,455.34109886500937,375.90479,20,2025-02-13,2025-02-12,street_pit,disp=0.2257 ref=0.1169 ratio=1.931 b_pt=+1.546,417.0,2025-05-01,38.34109886500937,-0.08420302705066385,0.18482700940294716,12.0,0.22451747317596615,19.0,relative
2025-02-13,2025Q1,0,rw_hl4_usd,dispersion_conditioned,base,adj_ebitda_margin_pct,19.39420701779057,16.40922403505727,20,2025-02-13,2025-02-12,street_pit,disp=0.2257 ref=0.1169 ratio=1.931 b_pt=+1.546,18.35387323943662,2025-05-01,1.0403337783539506,-0.05364147022869448,5.29018318132588,12.0,14.976589546148091,22.0,additive
2025-02-13,2025Q2,1,rw_hl4_usd,street_plus_bias,base,adj_ebitda_musd,1024.1991271056193,986.36758,20,2025-02-13,2025-02-12,street_pit,b_pct=+0.0826 b_pt=+1.507 n_pool=12,1043.0,2025-08-06,-18.800872894380745,0.01835665779906681,0.31366297094789825,12.0,0.3794593086484654,19.0,relative
2025-02-13,2025Q2,1,rw_hl4_usd,street_plus_bias,base,adj_ebitda_margin_pct,33.685478820450825,32.17864298515607,20,2025-02-13,2025-02-12,street_pit,b_pct=+0.0826 b_pt=+1.507 n_pool=12,33.68863049095607,2025-08-06,-0.003151670505246784,9.35616952943974e-05,7.07869045698827,12.0,10.303899784449964,21.0,additive
2025-02-13,2025Q2,1,rw_hl4_usd,street_plus_flowthrough,base,adj_ebitda_musd,1001.4957527620317,986.36758,20,2025-02-13,2025-02-12,street_pit,a=+9.5 m=0.762 rev=3073 leg=naive,1043.0,2025-08-06,-41.50424723796834,0.04144225986331307,0.5272768379793427,12.0,0.7198174120948829,19.0,relative
2025-02-13,2025Q2,1,rw_hl4_usd,street_plus_flowthrough,base,adj_ebitda_margin_pct,32.59434397488769,32.17864298515607,20,2025-02-13,2025-02-12,street_pit,a=+9.5 m=0.762 rev=3073 leg=naive,33.68863049095607,2025-08-06,-1.0942865160683795,0.03357289586535228,5.562663011536649,12.0,11.676447810810814,21.0,additive
2025-02-13,2025Q2,1,rw_hl4_usd,dispersion_conditioned,base,adj_ebitda_musd,1005.2833535528097,986.36758,20,2025-02-13,2025-02-12,street_pit,disp=0.0397 ref=0.0828 ratio=0.500 b_pt=+1.507,1043.0,2025-08-06,-37.71664644719033,0.03751842335187838,0.30243534781145753,12.0,0.3708627173516807,19.0,relative
2025-02-13,2025Q2,1,rw_hl4_usd,dispersion_conditioned,base,adj_ebitda_margin_pct,32.93206090280345,32.17864298515607,20,2025-02-13,2025-02-12,street_pit,disp=0.0397 ref=0.0828 ratio=0.500 b_pt=+1.507,33.68863049095607,2025-08-06,-0.7565695881526224,0.022973648396484636,6.501673688956551,12.0,9.86876920344579,21.0,additive
2025-02-13,2025Q1,0,ew_usd,street_plus_bias,base,adj_ebitda_musd,455.89266000000003,375.90479,20,2025-02-13,2025-02-12,street_pit,b_pct=+0.1220 b_pt=+3.179 n_pool=12,417.0,2025-05-01,38.892660000000035,-0.08531100281368875,0.1905917472632008,12.0,0.23423363284309917,19.0,relative
2025-02-13,2025Q1,0,ew_usd,street_plus_bias,base,adj_ebitda_margin_pct,19.58810636588485,16.40922403505727,20,2025-02-13,2025-02-12,street_pit,b_pct=+0.1220 b_pt=+3.179 n_pool=12,18.35387323943662,2025-05-01,1.2342331264482311,-0.06300931306957791,5.8788207092886,12.0,15.658207148820274,22.0,additive
2025-02-13,2025Q1,0,ew_usd,street_plus_flowthrough,base,adj_ebitda_musd,406.34678797972697,375.90479,20,2025-02-13,2025-02-12,street_pit,a=+22.6 m=0.764 rev=2301 leg=guide_cushion,417.0,2025-05-01,-10.653212020273031,0.02621704498573396,0.2028637406402323,12.0,0.5183593727308915,20.0,relative
2025-02-13,2025Q1,0,ew_usd,street_plus_flowthrough,base,adj_ebitda_margin_pct,17.658976329189397,16.40922403505727,20,2025-02-13,2025-02-12,street_pit,a=+22.6 m=0.764 rev=2301 leg=guide_cushion,18.35387323943662,2025-05-01,-0.6948969102472233,0.039350916910092515,3.3684853118570186,12.0,15.418066081704948,22.0,additive
2025-02-13,2025Q1,0,ew_usd,dispersion_conditioned,base,adj_ebitda_musd,506.86205250996477,375.90479,20,2025-02-13,2025-02-12,street_pit,disp=0.2257 ref=0.1379 ratio=1.637 b_pt=+3.179,417.0,2025-05-01,89.86205250996477,-0.17729094546528146,0.19191055744697572,12.0,0.23431722937619492,19.0,relative
2025-02-13,2025Q1,0,ew_usd,dispersion_conditioned,base,adj_ebitda_margin_pct,21.613734767578038,16.40922403505727,20,2025-02-13,2025-02-12,street_pit,disp=0.2257 ref=0.1379 ratio=1.637 b_pt=+3.179,18.35387323943662,2025-05-01,3.2598615281414176,-0.15082361115263687,5.531909758215196,12.0,15.248294600771452,22.0,additive
2025-02-13,2025Q2,1,ew_usd,street_plus_bias,base,adj_ebitda_musd,1078.0322907142856,986.36758,20,2025-02-13,2025-02-12,street_pit,b_pct=+0.1661 b_pt=+3.625 n_pool=12,1043.0,2025-08-06,35.03229071428564,-0.03249651333827286,0.32363261375811675,12.0,0.3930112037728623,19.0,relative
2025-02-13,2025Q2,1,ew_usd,street_plus_bias,base,adj_ebitda_margin_pct,35.80406557631021,32.17864298515607,20,2025-02-13,2025-02-12,street_pit,b_pct=+0.1661 b_pt=+3.625 n_pool=12,33.68863049095607,2025-08-06,2.115435085354136,-0.059083655760976406,7.566116838064149,12.0,10.896285308117045,21.0,additive
2025-02-13,2025Q2,1,ew_usd,street_plus_flowthrough,base,adj_ebitda_musd,1008.8671555661933,986.36758,20,2025-02-13,2025-02-12,street_pit,a=+16.2 m=0.857 rev=3073 leg=naive,1043.0,2025-08-06,-34.13284443380667,0.03383284334858816,0.529299410437065,12.0,0.7225162946030868,19.0,relative
2025-02-13,2025Q2,1,ew_usd,street_plus_flowthrough,base,adj_ebitda_margin_pct,32.83425117161186,32.17864298515607,20,2025-02-13,2025-02-12,street_pit,a=+16.2 m=0.857 rev=3073 leg=naive,33.68863049095607,2025-08-06,-0.8543793193442113,0.026020977755170982,5.702109974922828,12.0,11.81846646023149,21.0,additive
2025-02-13,2025Q2,1,ew_usd,dispersion_conditioned,base,adj_ebitda_musd,1032.1999353571427,986.36758,20,2025-02-13,2025-02-12,street_pit,disp=0.0397 ref=0.1295 ratio=0.500 b_pt=+3.625,1043.0,2025-08-06,-10.80006464285725,0.010463151830290007,0.3065896346223554,12.0,0.3764315108334057,19.0,relative
2025-02-13,2025Q2,1,ew_usd,dispersion_conditioned,base,adj_ebitda_margin_pct,33.99135428073314,32.17864298515607,20,2025-02-13,2025-02-12,street_pit,disp=0.0397 ref=0.1295 ratio=0.500 b_pt=+3.625,33.68863049095607,2025-08-06,0.30272378977706893,-0.008905905521647828,6.757023598194209,12.0,10.139790846595657,21.0,additive
2025-02-13,2025Q1,0,rw_hl4_med,street_plus_bias,base,adj_ebitda_musd,390.7911006695665,375.90479,20,2025-02-13,2025-02-12,street_pit,b_pct=+0.0396 b_pt=+0.669 n_pool=12,417.0,2025-05-01,-26.208899330433496,0.06706626452221709,0.20444785715710523,12.0,0.23280684039067323,19.0,relative
2025-02-13,2025Q1,0,rw_hl4_med,street_plus_bias,base,adj_ebitda_margin_pct,17.077853748269536,16.40922403505727,20,2025-02-13,2025-02-12,street_pit,b_pct=+0.0396 b_pt=+0.669 n_pool=12,18.35387323943662,2025-05-01,-1.2760194911670837,0.07471779006752421,5.338239419973237,12.0,15.094928975007344,22.0,additive
2025-02-13,2025Q1,0,rw_hl4_med,street_plus_flowthrough,base,adj_ebitda_musd,394.161906265155,375.90479,20,2025-02-13,2025-02-12,street_pit,a=+11.4 m=0.668 rev=2301 leg=guide_cushion,417.0,2025-05-01,-22.838093734845017,0.0579408952814473,0.1971109537561838,12.0,0.5143603690395466,20.0,relative
2025-02-13,2025Q1,0,rw_hl4_med,street_plus_flowthrough,base,adj_ebitda_margin_pct,17.12944701054659,16.40922403505727,20,2025-02-13,2025-02-12,street_pit,a=+11.4 m=0.668 rev=2301 leg=guide_cushion,18.35387323943662,2025-05-01,-1.2244262288900316,0.07148077974356992,3.1508020506666736,12.0,15.29649982708439,22.0,additive
2025-02-13,2025Q1,0,rw_hl4_med,dispersion_conditioned,base,adj_ebitda_musd,404.64568558111773,375.90479,20,2025-02-13,2025-02-12,street_pit,disp=0.2257 ref=0.1169 ratio=1.931 b_pt=+0.669,417.0,2025-05-01,-12.354314418882268,0.03053119027116291,0.18499385249542374,12.0,0.2183712414699615,19.0,relative
2025-02-13,2025Q1,0,rw_hl4_med,dispersion_conditioned,base,adj_ebitda_margin_pct,17.700142731867327,16.40922403505727,20,2025-02-13,2025-02-12,street_pit,disp=0.2257 ref=0.1169 ratio=1.931 b_pt=+0.669,18.35387323943662,2025-05-01,-0.6537305075692927,0.03693362915047671,5.15465830720349,12.0,14.861826872107399,22.0,additive
2025-02-13,2025Q2,1,rw_hl4_med,street_plus_bias,base,adj_ebitda_musd,1016.1521074229287,986.36758,20,2025-02-13,2025-02-12,street_pit,b_pct=+0.0302 b_pt=-0.311 n_pool=12,1043.0,2025-08-06,-26.84789257707132,0.026421135557313846,0.30733903978733,12.0,0.37136955885379275,19.0,relative
2025-02-13,2025Q2,1,rw_hl4_med,street_plus_bias,base,adj_ebitda_margin_pct,31.867956000171812,32.17864298515607,20,2025-02-13,2025-02-12,street_pit,b_pct=+0.0302 b_pt=-0.311 n_pool=12,33.68863049095607,2025-08-06,-1.8206744907842598,0.057131825171794715,6.9556888628874916,12.0,10.095755219235308,21.0,additive
2025-02-13,2025Q2,1,rw_hl4_med,street_plus_flowthrough,base,adj_ebitda_musd,994.1365115387167,986.36758,20,2025-02-13,2025-02-12,street_pit,a=+2.2 m=0.762 rev=3073 leg=naive,1043.0,2025-08-06,-48.86348846128328,0.049151688821541084,0.527432817916991,12.0,0.7218660162396997,19.0,relative
2025-02-13,2025Q2,1,rw_hl4_med,street_plus_flowthrough,base,adj_ebitda_margin_pct,32.35483258488393,32.17864298515607,20,2025-02-13,2025-02-12,street_pit,a=+2.2 m=0.762 rev=3073 leg=naive,33.68863049095607,2025-08-06,-1.3337979060721423,0.041224070703283155,5.499823161754357,12.0,11.750614977883718,21.0,additive
2025-02-13,2025Q2,1,rw_hl4_med,dispersion_conditioned,base,adj_ebitda_musd,1001.2598437114642,986.36758,20,2025-02-13,2025-02-12,street_pit,disp=0.0397 ref=0.0828 ratio=0.500 b_pt=-0.311,1043.0,2025-08-06,-41.740156288535786,0.04168763638199402,0.2843952861942479,12.0,0.35783625823083315,19.0,relative
2025-02-13,2025Q2,1,rw_hl4_med,dispersion_conditioned,base,adj_ebitda_margin_pct,32.02329949266394,32.17864298515607,20,2025-02-13,2025-02-12,street_pit,disp=0.0397 ref=0.0828 ratio=0.500 b_pt=-0.311,33.68863049095607,2025-08-06,-1.6653309982921343,0.052003729305708735,6.4949910818358685,12.0,9.761955651586398,21.0,additive
2025-02-13,2025Q1,0,rw_hl4_from21,street_plus_bias,base,adj_ebitda_musd,409.68590633002844,375.90479,20,2025-02-13,2025-02-12,street_pit,b_pct=+0.0899 b_pt=+2.740 n_pool=16,417.0,2025-05-01,-7.314093669971555,0.0178529296638279,0.12515949014660205,12.0,0.20683945094981224,19.0,relative
2025-02-13,2025Q1,0,rw_hl4_from21,street_plus_bias,base,adj_ebitda_margin_pct,19.149298900294447,16.40922403505727,20,2025-02-13,2025-02-12,street_pit,b_pct=+0.0899 b_pt=+2.740 n_pool=16,18.35387323943662,2025-05-01,0.795425660857827,-0.041538108784003325,3.1850162555486228,12.0,14.672910051937183,22.0,additive
2025-02-13,2025Q1,0,rw_hl4_from21,street_plus_flowthrough,base,adj_ebitda_musd,400.74734776726314,375.90479,20,2025-02-13,2025-02-12,street_pit,a=+17.0 m=0.765 rev=2301 leg=guide_cushion,417.0,2025-05-01,-16.252652232736864,0.040555857258413264,0.1390165689447113,12.0,0.29085055598509846,20.0,relative
2025-02-13,2025Q1,0,rw_hl4_from21,street_plus_flowthrough,base,adj_ebitda_margin_pct,17.415636440469658,16.40922403505727,20,2025-02-13,2025-02-12,street_pit,a=+17.0 m=0.765 rev=2301 leg=guide_cushion,18.35387323943662,2025-05-01,-0.9382367989669618,0.05387324213927269,3.1255343179087576,12.0,14.534570388944056,22.0,additive
2025-02-13,2025Q1,0,rw_hl4_from21,dispersion_conditioned,base,adj_ebitda_musd,441.1257543212568,375.90479,20,2025-02-13,2025-02-12,street_pit,disp=0.2257 ref=0.1169 ratio=1.931 b_pt=+2.740,417.0,2025-05-01,24.125754321256807,-0.05469133027242579,0.10834208741480937,12.0,0.19454854597474963,19.0,relative
2025-02-13,2025Q1,0,rw_hl4_from21,dispersion_conditioned,base,adj_ebitda_margin_pct,21.69946735553477,16.40922403505727,20,2025-02-13,2025-02-12,street_pit,disp=0.2257 ref=0.1169 ratio=1.931 b_pt=+2.740,18.35387323943662,2025-05-01,3.3455941160981517,-0.15417862850190234,2.9777822513906513,12.0,14.338052835807394,22.0,additive
2025-02-13,2025Q2,1,rw_hl4_from21,street_plus_bias,base,adj_ebitda_musd,1092.0368925578337,986.36758,20,2025-02-13,2025-02-12,street_pit,b_pct=+0.1071 b_pt=+2.241 n_pool=15,1043.0,2025-08-06,49.03689255783365,-0.04490406220890264,0.2385732620211179,12.0,0.3578010182792309,19.0,relative
2025-02-13,2025Q2,1,rw_hl4_from21,street_plus_bias,base,adj_ebitda_margin_pct,34.419575655809766,32.17864298515607,20,2025-02-13,2025-02-12,street_pit,b_pct=+0.1071 b_pt=+2.241 n_pool=15,33.68863049095607,2025-08-06,0.7309451648536935,-0.02123632121915242,3.772070183360365,12.0,10.148821596975424,21.0,additive
2025-02-13,2025Q2,1,rw_hl4_from21,street_plus_flowthrough,base,adj_ebitda_musd,1004.1837665450524,986.36758,20,2025-02-13,2025-02-12,street_pit,a=+11.9 m=0.804 rev=3073 leg=naive,1043.0,2025-08-06,-38.816233454947564,0.03865451200082326,0.16922370226940567,12.0,0.9209919578872752,20.0,relative
2025-02-13,2025Q2,1,rw_hl4_from21,street_plus_flowthrough,base,adj_ebitda_margin_pct,32.68182716751371,32.17864298515607,20,2025-02-13,2025-02-12,street_pit,a=+11.9 m=0.804 rev=3073 leg=naive,33.68863049095607,2025-08-06,-1.0068033234423623,0.030806212831427704,3.914301965949709,12.0,10.999744686062382,21.0,additive
2025-02-13,2025Q2,1,rw_hl4_from21,dispersion_conditioned,base,adj_ebitda_musd,1039.2022362789169,986.36758,20,2025-02-13,2025-02-12,street_pit,disp=0.0397 ref=0.0828 ratio=0.500 b_pt=+2.241,1043.0,2025-08-06,-3.797763721083129,0.0036544991807194727,0.2156233685772679,12.0,0.3398177001035712,19.0,relative
2025-02-13,2025Q2,1,rw_hl4_from21,dispersion_conditioned,base,adj_ebitda_margin_pct,33.29910932048292,32.17864298515607,20,2025-02-13,2025-02-12,street_pit,disp=0.0397 ref=0.0828 ratio=0.500 b_pt=+2.241,33.68863049095607,2025-08-06,-0.38952117047315227,0.011697645325112305,3.2217778805988093,12.0,9.60153740883803,21.0,additive
2025-05-01,2025Q2,0,rw_hl4,street_plus_bias,base,adj_ebitda_musd,1019.3063944436389,947.84813,21,2025-05-01,2025-04-30,street_pit,b_pct=+0.0754 b_pt=+1.534 n_pool=13,1043.0,2025-08-06,-23.69360555636115,0.02324483166741409,0.16861994271638756,12.0,0.23570539215389635,19.0,relative
2025-05-01,2025Q2,0,rw_hl4,street_plus_bias,base,adj_ebitda_margin_pct,32.72846932837422,31.194649586882434,21,2025-05-01,2025-04-30,street_pit,b_pct=+0.0754 b_pt=+1.534 n_pool=13,33.68863049095607,2025-08-06,-0.9601611625818549,0.029337185095589913,2.593486231194425,12.0,15.220989958983703,22.0,additive
2025-05-01,2025Q2,0,rw_hl4,street_plus_flowthrough,base,adj_ebitda_musd,995.6919192646616,947.84813,21,2025-05-01,2025-04-30,street_pit,a=+20.5 m=0.631 rev=3082 leg=guide_cushion,1043.0,2025-08-06,-47.30808073533842,0.04751276958266004,0.10417675646959516,12.0,0.5140043988693758,20.0,relative
2025-05-01,2025Q2,0,rw_hl4,street_plus_flowthrough,base,adj_ebitda_margin_pct,32.30849598891691,31.194649586882434,21,2025-05-01,2025-04-30,street_pit,a=+20.5 m=0.631 rev=3082 leg=guide_cushion,33.68863049095607,2025-08-06,-1.3801345020391622,0.042717386241458044,2.7085872309403487,12.0,15.262020767286137,22.0,additive
2025-05-01,2025Q2,0,rw_hl4,dispersion_conditioned,base,adj_ebitda_musd,983.5772622218194,947.84813,21,2025-05-01,2025-04-30,street_pit,disp=0.0403 ref=0.1037 ratio=0.500 b_pt=+1.534,1043.0,2025-08-06,-59.42273777818059,0.060414916103234795,0.1511274851791085,12.0,0.22188998417289885,19.0,relative
2025-05-01,2025Q2,0,rw_hl4,dispersion_conditioned,base,adj_ebitda_margin_pct,31.961559457628326,31.194649586882434,21,2025-05-01,2025-04-30,street_pit,disp=0.0403 ref=0.1037 ratio=0.500 b_pt=+1.534,33.68863049095607,2025-08-06,-1.7270710333277464,0.05403588130977588,2.6784168591129367,12.0,14.976589546148091,22.0,additive
2025-05-01,2025Q3,1,rw_hl4,street_plus_bias,base,adj_ebitda_musd,2186.9796985092157,2059.58119,21,2025-05-01,2025-04-30,street_pit,b_pct=+0.0619 b_pt=+1.203 n_pool=13,2051.0,2025-11-06,135.97969850921572,-0.06217693680554426,0.2815129266807892,12.0,0.3811844585242143,19.0,relative
2025-05-01,2025Q3,1,rw_hl4,street_plus_bias,base,adj_ebitda_margin_pct,51.5266558849275,50.32366320226521,21,2025-05-01,2025-04-30,street_pit,b_pct=+0.0619 b_pt=+1.203 n_pool=13,50.085470085470085,2025-11-06,1.4411857994574149,-0.027969713436788113,4.90192140033633,12.0,10.303899784449964,21.0,additive
2025-05-01,2025Q3,1,rw_hl4,street_plus_flowthrough,base,adj_ebitda_musd,1976.244328605121,2059.58119,21,2025-05-01,2025-04-30,street_pit,a=+13.1 m=0.718 rev=3958 leg=naive,2051.0,2025-11-06,-74.75567139487907,0.03782714025428402,0.16853509175346434,12.0,0.7198174120948829,19.0,relative
2025-05-01,2025Q3,1,rw_hl4,street_plus_flowthrough,base,adj_ebitda_margin_pct,49.92408810968905,50.32366320226521,21,2025-05-01,2025-04-30,street_pit,a=+13.1 m=0.718 rev=3958 leg=naive,50.085470085470085,2025-11-06,-0.1613819757810333,0.0032325472911285402,4.645268860661014,12.0,11.676447810810814,21.0,additive
2025-05-01,2025Q3,1,rw_hl4,dispersion_conditioned,base,adj_ebitda_musd,2123.2804442546076,2059.58119,21,2025-05-01,2025-04-30,street_pit,disp=0.0280 ref=0.0735 ratio=0.500 b_pt=+1.203,2051.0,2025-11-06,72.28044425460757,-0.03404187348411347,0.2631934103811113,12.0,0.36503866345604363,19.0,relative
2025-05-01,2025Q3,1,rw_hl4,dispersion_conditioned,base,adj_ebitda_margin_pct,50.92515954359635,50.32366320226521,21,2025-05-01,2025-04-30,street_pit,disp=0.0280 ref=0.0735 ratio=0.500 b_pt=+1.203,50.085470085470085,2025-11-06,0.8396894581262657,-0.016488695679145016,4.533474270994191,12.0,9.86876920344579,21.0,additive
2025-05-01,2025Q2,0,ew,street_plus_bias,base,adj_ebitda_musd,1062.584672741063,947.84813,21,2025-05-01,2025-04-30,street_pit,b_pct=+0.1210 b_pt=+3.097 n_pool=13,1043.0,2025-08-06,19.58467274106306,-0.01843116435186487,0.17339436211256481,12.0,0.2455364695753904,19.0,relative
2025-05-01,2025Q2,0,ew,street_plus_bias,base,adj_ebitda_margin_pct,34.29124970928013,31.194649586882434,21,2025-05-01,2025-04-30,street_pit,b_pct=+0.1210 b_pt=+3.097 n_pool=13,33.68863049095607,2025-08-06,0.6026192183240582,-0.017573556619634445,2.786333819810637,12.0,15.658207148820274,22.0,additive
2025-05-01,2025Q2,0,ew,street_plus_flowthrough,base,adj_ebitda_musd,1006.3173155772246,947.84813,21,2025-05-01,2025-04-30,street_pit,a=+26.3 m=0.742 rev=3082 leg=guide_cushion,1043.0,2025-08-06,-36.682684422775424,0.03645240308891462,0.10253812489351027,12.0,0.5183593727308915,20.0,relative
2025-05-01,2025Q2,0,ew,street_plus_flowthrough,base,adj_ebitda_margin_pct,32.65327188545991,31.194649586882434,21,2025-05-01,2025-04-30,street_pit,a=+26.3 m=0.742 rev=3082 leg=guide_cushion,33.68863049095607,2025-08-06,-1.0353586054961639,0.03170765273164533,2.7617151434032015,12.0,15.418066081704948,22.0,additive
2025-05-01,2025Q2,0,ew,dispersion_conditioned,base,adj_ebitda_musd,1005.2164013705315,947.84813,21,2025-05-01,2025-04-30,street_pit,disp=0.0403 ref=0.1314 ratio=0.500 b_pt=+3.097,1043.0,2025-08-06,-37.78359862946854,0.037587527002099996,0.15585804909800513,12.0,0.22830934785698273,19.0,relative
2025-05-01,2025Q2,0,ew,dispersion_conditioned,base,adj_ebitda_margin_pct,32.742949648081286,31.194649586882434,21,2025-05-01,2025-04-30,street_pit,disp=0.0403 ref=0.1314 ratio=0.500 b_pt=+3.097,33.68863049095607,2025-08-06,-0.9456808428747863,0.02888196857762937,2.9351573748009505,12.0,15.248294600771452,22.0,additive
2025-05-01,2025Q3,1,ew,street_plus_bias,base,adj_ebitda_musd,2370.371709298514,2059.58119,21,2025-05-01,2025-04-30,street_pit,b_pct=+0.1509 b_pt=+3.362 n_pool=13,2051.0,2025-11-06,319.3717092985139,-0.13473486375393362,0.2931787471945967,12.0,0.3978399981745689,19.0,relative
2025-05-01,2025Q3,1,ew,street_plus_bias,base,adj_ebitda_margin_pct,53.685367680721534,50.32366320226521,21,2025-05-01,2025-04-30,street_pit,b_pct=+0.1509 b_pt=+3.362 n_pool=13,50.085470085470085,2025-11-06,3.5998975952514485,-0.06705547062024086,5.298845440882045,12.0,10.896285308117045,21.0,additive
2025-05-01,2025Q3,1,ew,street_plus_flowthrough,base,adj_ebitda_musd,1967.1714159300398,2059.58119,21,2025-05-01,2025-04-30,street_pit,a=+19.5 m=0.834 rev=3958 leg=naive,2051.0,2025-11-06,-83.82858406996024,0.04261376684874607,0.16693464541265526,12.0,0.7225162946030868,19.0,relative
2025-05-01,2025Q3,1,ew,street_plus_flowthrough,base,adj_ebitda_margin_pct,49.694887253678516,50.32366320226521,21,2025-05-01,2025-04-30,street_pit,a=+19.5 m=0.834 rev=3958 leg=naive,50.085470085470085,2025-11-06,-0.39058283179156916,0.007859618028666748,4.747143815966618,12.0,11.81846646023149,21.0,additive
2025-05-01,2025Q3,1,ew,dispersion_conditioned,base,adj_ebitda_musd,2214.9764496492567,2059.58119,21,2025-05-01,2025-04-30,street_pit,disp=0.0280 ref=0.1232 ratio=0.500 b_pt=+3.362,2051.0,2025-11-06,163.97644964925666,-0.07403078695271115,0.26943976530656094,12.0,0.37308322339868777,19.0,relative
2025-05-01,2025Q3,1,ew,dispersion_conditioned,base,adj_ebitda_margin_pct,52.004515441493375,50.32366320226521,21,2025-05-01,2025-04-30,street_pit,disp=0.0280 ref=0.1232 ratio=0.500 b_pt=+3.362,50.085470085470085,2025-11-06,1.9190453560232896,-0.036901514026840054,4.765136613115718,12.0,10.139790846595657,21.0,additive
2025-05-01,2025Q2,0,rw_hl4_usd,street_plus_bias,base,adj_ebitda_musd,987.2685544217716,947.84813,21,2025-05-01,2025-04-30,street_pit,b_pct=+0.0754 b_pt=+1.534 n_pool=13,1043.0,2025-08-06,-55.73144557822843,0.0564501374308124,0.12074218968804082,12.0,0.2229615811244351,19.0,relative
2025-05-01,2025Q2,0,rw_hl4_usd,street_plus_bias,base,adj_ebitda_margin_pct,32.72846932837422,31.194649586882434,21,2025-05-01,2025-04-30,street_pit,b_pct=+0.0754 b_pt=+1.534 n_pool=13,33.68863049095607,2025-08-06,-0.9601611625818549,0.029337185095589913,2.593486231194425,12.0,15.220989958983703,22.0,additive
2025-05-01,2025Q2,0,rw_hl4_usd,street_plus_flowthrough,base,adj_ebitda_musd,995.6919192646616,947.84813,21,2025-05-01,2025-04-30,street_pit,a=+20.5 m=0.631 rev=3082 leg=guide_cushion,1043.0,2025-08-06,-47.30808073533842,0.04751276958266004,0.10417675646959516,12.0,0.5140043988693758,20.0,relative
2025-05-01,2025Q2,0,rw_hl4_usd,street_plus_flowthrough,base,adj_ebitda_margin_pct,32.30849598891691,31.194649586882434,21,2025-05-01,2025-04-30,street_pit,a=+20.5 m=0.631 rev=3082 leg=guide_cushion,33.68863049095607,2025-08-06,-1.3801345020391622,0.042717386241458044,2.7085872309403487,12.0,15.262020767286137,22.0,additive
2025-05-01,2025Q2,0,rw_hl4_usd,dispersion_conditioned,base,adj_ebitda_musd,967.5583422108858,947.84813,21,2025-05-01,2025-04-30,street_pit,disp=0.0403 ref=0.1037 ratio=0.500 b_pt=+1.534,1043.0,2025-08-06,-75.44165778911417,0.07797117186414715,0.135094028037585,12.0,0.22451747317596615,19.0,relative
2025-05-01,2025Q2,0,rw_hl4_usd,dispersion_conditioned,base,adj_ebitda_margin_pct,31.961559457628326,31.194649586882434,21,2025-05-01,2025-04-30,street_pit,disp=0.0403 ref=0.1037 ratio=0.500 b_pt=+1.534,33.68863049095607,2025-08-06,-1.7270710333277464,0.05403588130977588,2.6784168591129367,12.0,14.976589546148091,22.0,additive
2025-05-01,2025Q3,1,rw_hl4_usd,street_plus_bias,base,adj_ebitda_musd,2088.2028351740787,2059.58119,21,2025-05-01,2025-04-30,street_pit,b_pct=+0.0619 b_pt=+1.203 n_pool=13,2051.0,2025-11-06,37.2028351740787,-0.0178157191185776,0.27622817434593633,12.0,0.3794593086484654,19.0,relative
2025-05-01,2025Q3,1,rw_hl4_usd,street_plus_bias,base,adj_ebitda_margin_pct,51.5266558849275,50.32366320226521,21,2025-05-01,2025-04-30,street_pit,b_pct=+0.0619 b_pt=+1.203 n_pool=13,50.085470085470085,2025-11-06,1.4411857994574149,-0.027969713436788113,4.90192140033633,12.0,10.303899784449964,21.0,additive
2025-05-01,2025Q3,1,rw_hl4_usd,street_plus_flowthrough,base,adj_ebitda_musd,1976.244328605121,2059.58119,21,2025-05-01,2025-04-30,street_pit,a=+13.1 m=0.718 rev=3958 leg=naive,2051.0,2025-11-06,-74.75567139487907,0.03782714025428402,0.16853509175346434,12.0,0.7198174120948829,19.0,relative
2025-05-01,2025Q3,1,rw_hl4_usd,street_plus_flowthrough,base,adj_ebitda_margin_pct,49.92408810968905,50.32366320226521,21,2025-05-01,2025-04-30,street_pit,a=+13.1 m=0.718 rev=3958 leg=naive,50.085470085470085,2025-11-06,-0.1613819757810333,0.0032325472911285402,4.645268860661014,12.0,11.676447810810814,21.0,additive
2025-05-01,2025Q3,1,rw_hl4_usd,dispersion_conditioned,base,adj_ebitda_musd,2073.892012587039,2059.58119,21,2025-05-01,2025-04-30,street_pit,disp=0.0280 ref=0.0735 ratio=0.500 b_pt=+1.203,2051.0,2025-11-06,22.892012587039062,-0.011038189282807864,0.2709285886861437,12.0,0.3708627173516807,19.0,relative
2025-05-01,2025Q3,1,rw_hl4_usd,dispersion_conditioned,base,adj_ebitda_margin_pct,50.92515954359635,50.32366320226521,21,2025-05-01,2025-04-30,street_pit,disp=0.0280 ref=0.0735 ratio=0.500 b_pt=+1.203,50.085470085470085,2025-11-06,0.8396894581262657,-0.016488695679145016,4.533474270994191,12.0,9.86876920344579,21.0,additive
2025-05-01,2025Q2,0,ew_usd,street_plus_bias,base,adj_ebitda_musd,1025.243156,947.84813,21,2025-05-01,2025-04-30,street_pit,b_pct=+0.1210 b_pt=+3.097 n_pool=13,1043.0,2025-08-06,-17.756844,0.01731964158559074,0.12802688302500148,12.0,0.23423363284309917,19.0,relative
2025-05-01,2025Q2,0,ew_usd,street_plus_bias,base,adj_ebitda_margin_pct,34.29124970928013,31.194649586882434,21,2025-05-01,2025-04-30,street_pit,b_pct=+0.1210 b_pt=+3.097 n_pool=13,33.68863049095607,2025-08-06,0.6026192183240582,-0.017573556619634445,2.786333819810637,12.0,15.658207148820274,22.0,additive
2025-05-01,2025Q2,0,ew_usd,street_plus_flowthrough,base,adj_ebitda_musd,1006.3173155772246,947.84813,21,2025-05-01,2025-04-30,street_pit,a=+26.3 m=0.742 rev=3082 leg=guide_cushion,1043.0,2025-08-06,-36.682684422775424,0.03645240308891462,0.10253812489351027,12.0,0.5183593727308915,20.0,relative
2025-05-01,2025Q2,0,ew_usd,street_plus_flowthrough,base,adj_ebitda_margin_pct,32.65327188545991,31.194649586882434,21,2025-05-01,2025-04-30,street_pit,a=+26.3 m=0.742 rev=3082 leg=guide_cushion,33.68863049095607,2025-08-06,-1.0353586054961639,0.03170765273164533,2.7617151434032015,12.0,15.418066081704948,22.0,additive
2025-05-01,2025Q2,0,ew_usd,dispersion_conditioned,base,adj_ebitda_musd,986.5456429999999,947.84813,21,2025-05-01,2025-04-30,street_pit,disp=0.0403 ref=0.1314 ratio=0.500 b_pt=+3.097,1043.0,2025-08-06,-56.45435700000007,0.05722427279525277,0.14730493340109513,12.0,0.23431722937619492,19.0,relative
2025-05-01,2025Q2,0,ew_usd,dispersion_conditioned,base,adj_ebitda_margin_pct,32.742949648081286,31.194649586882434,21,2025-05-01,2025-04-30,street_pit,disp=0.0403 ref=0.1314 ratio=0.500 b_pt=+3.097,33.68863049095607,2025-08-06,-0.9456808428747863,0.02888196857762937,2.9351573748009505,12.0,15.248294600771452,22.0,additive
2025-05-01,2025Q3,1,ew_usd,street_plus_bias,base,adj_ebitda_musd,2143.778143333333,2059.58119,21,2025-05-01,2025-04-30,street_pit,b_pct=+0.1509 b_pt=+3.362 n_pool=13,2051.0,2025-11-06,92.77814333333299,-0.043277866052442104,0.28693828715453423,12.0,0.3930112037728623,19.0,relative
2025-05-01,2025Q3,1,ew_usd,street_plus_bias,base,adj_ebitda_margin_pct,53.685367680721534,50.32366320226521,21,2025-05-01,2025-04-30,street_pit,b_pct=+0.1509 b_pt=+3.362 n_pool=13,50.085470085470085,2025-11-06,3.5998975952514485,-0.06705547062024086,5.298845440882045,12.0,10.896285308117045,21.0,additive
2025-05-01,2025Q3,1,ew_usd,street_plus_flowthrough,base,adj_ebitda_musd,1967.1714159300398,2059.58119,21,2025-05-01,2025-04-30,street_pit,a=+19.5 m=0.834 rev=3958 leg=naive,2051.0,2025-11-06,-83.82858406996024,0.04261376684874607,0.16693464541265526,12.0,0.7225162946030868,19.0,relative
2025-05-01,2025Q3,1,ew_usd,street_plus_flowthrough,base,adj_ebitda_margin_pct,49.694887253678516,50.32366320226521,21,2025-05-01,2025-04-30,street_pit,a=+19.5 m=0.834 rev=3958 leg=naive,50.085470085470085,2025-11-06,-0.39058283179156916,0.007859618028666748,4.747143815966618,12.0,11.81846646023149,21.0,additive
2025-05-01,2025Q3,1,ew_usd,dispersion_conditioned,base,adj_ebitda_musd,2101.6796666666664,2059.58119,21,2025-05-01,2025-04-30,street_pit,disp=0.0280 ref=0.1232 ratio=0.500 b_pt=+3.362,2051.0,2025-11-06,50.679666666666435,-0.024113887320918903,0.27567300432493513,12.0,0.3764315108334057,19.0,relative
2025-05-01,2025Q3,1,ew_usd,dispersion_conditioned,base,adj_ebitda_margin_pct,52.004515441493375,50.32366320226521,21,2025-05-01,2025-04-30,street_pit,disp=0.0280 ref=0.1232 ratio=0.500 b_pt=+3.362,50.085470085470085,2025-11-06,1.9190453560232896,-0.036901514026840054,4.765136613115718,12.0,10.139790846595657,21.0,additive
2025-05-01,2025Q2,0,rw_hl4_med,street_plus_bias,base,adj_ebitda_musd,1023.836005188621,947.84813,21,2025-05-01,2025-04-30,street_pit,b_pct=+0.0802 b_pt=+1.435 n_pool=13,1043.0,2025-08-06,-19.163994811378984,0.018717836366624274,0.1663946920838398,12.0,0.23280684039067323,19.0,relative
2025-05-01,2025Q2,0,rw_hl4_med,street_plus_bias,base,adj_ebitda_margin_pct,32.629197555166634,31.194649586882434,21,2025-05-01,2025-04-30,street_pit,b_pct=+0.0802 b_pt=+1.435 n_pool=13,33.68863049095607,2025-08-06,-1.059432935789438,0.03246886271101945,2.475815645200674,12.0,15.094928975007344,22.0,additive
2025-05-01,2025Q2,0,rw_hl4_med,street_plus_flowthrough,base,adj_ebitda_musd,1000.1913923452628,947.84813,21,2025-05-01,2025-04-30,street_pit,a=+25.0 m=0.631 rev=3082 leg=guide_cushion,1043.0,2025-08-06,-42.808607654737216,0.04280041598274398,0.09473382768763897,12.0,0.5143603690395466,20.0,relative
2025-05-01,2025Q2,0,rw_hl4_med,street_plus_flowthrough,base,adj_ebitda_margin_pct,32.45449617749351,31.194649586882434,21,2025-05-01,2025-04-30,street_pit,a=+25.0 m=0.631 rev=3082 leg=guide_cushion,33.68863049095607,2025-08-06,-1.2341343134625617,0.038026605210972564,2.547533546206567,12.0,15.29649982708439,22.0,additive
2025-05-01,2025Q2,0,rw_hl4_med,dispersion_conditioned,base,adj_ebitda_musd,985.8420675943104,947.84813,21,2025-05-01,2025-04-30,street_pit,disp=0.0403 ref=0.1037 ratio=0.500 b_pt=+1.435,1043.0,2025-08-06,-57.15793240568962,0.05797879222700297,0.14815814503210153,12.0,0.2183712414699615,19.0,relative
2025-05-01,2025Q2,0,rw_hl4_med,dispersion_conditioned,base,adj_ebitda_margin_pct,31.911923571024534,31.194649586882434,21,2025-05-01,2025-04-30,street_pit,disp=0.0403 ref=0.1037 ratio=0.500 b_pt=+1.435,33.68863049095607,2025-08-06,-1.776706919931538,0.05567533138443448,2.5215055791403214,12.0,14.861826872107399,22.0,additive
2025-05-01,2025Q3,1,rw_hl4_med,street_plus_bias,base,adj_ebitda_musd,2025.199166699416,2059.58119,21,2025-05-01,2025-04-30,street_pit,b_pct=-0.0167 b_pt=-0.244 n_pool=13,2051.0,2025-11-06,-25.800833300583918,0.012739899228100704,0.2761893787614476,12.0,0.37136955885379275,19.0,relative
2025-05-01,2025Q3,1,rw_hl4_med,street_plus_bias,base,adj_ebitda_margin_pct,50.07996802671534,50.32366320226521,21,2025-05-01,2025-04-30,street_pit,b_pct=-0.0167 b_pt=-0.244 n_pool=13,50.085470085470085,2025-11-06,-0.005502058754743189,0.00010986546061309,4.850127483313419,12.0,10.095755219235308,21.0,additive
2025-05-01,2025Q3,1,rw_hl4_med,street_plus_flowthrough,base,adj_ebitda_musd,1984.6127294496594,2059.58119,21,2025-05-01,2025-04-30,street_pit,a=+21.4 m=0.718 rev=3958 leg=naive,2051.0,2025-11-06,-66.38727055034065,0.03345099503052662,0.15963571630788048,12.0,0.7218660162396997,19.0,relative
2025-05-01,2025Q3,1,rw_hl4_med,street_plus_flowthrough,base,adj_ebitda_margin_pct,50.135491515155024,50.32366320226521,21,2025-05-01,2025-04-30,street_pit,a=+21.4 m=0.718 rev=3958 leg=naive,50.085470085470085,2025-11-06,0.05002142968493928,-0.000997724928453514,4.510296534501691,12.0,11.750614977883718,21.0,additive
2025-05-01,2025Q3,1,rw_hl4_med,dispersion_conditioned,base,adj_ebitda_musd,2042.3901783497079,2059.58119,21,2025-05-01,2025-04-30,street_pit,disp=0.0280 ref=0.0735 ratio=0.500 b_pt=-0.244,2051.0,2025-11-06,-8.609821650292133,0.0042155616206738245,0.2588947184142517,12.0,0.35783625823083315,19.0,relative
2025-05-01,2025Q3,1,rw_hl4_med,dispersion_conditioned,base,adj_ebitda_margin_pct,50.20181561449027,50.32366320226521,21,2025-05-01,2025-04-30,street_pit,disp=0.0280 ref=0.0735 ratio=0.500 b_pt=-0.244,50.085470085470085,2025-11-06,0.11634552902018669,-0.0023175561998319827,4.601343031106195,12.0,9.761955651586398,21.0,additive
2025-05-01,2025Q2,0,rw_hl4_from21,street_plus_bias,base,adj_ebitda_musd,1031.9016238192826,947.84813,21,2025-05-01,2025-04-30,street_pit,b_pct=+0.0887 b_pt=+2.530 n_pool=17,1043.0,2025-08-06,-11.098376180717423,0.010755265739034403,0.11272195371227435,12.0,0.20683945094981224,19.0,relative
2025-05-01,2025Q2,0,rw_hl4_from21,street_plus_bias,base,adj_ebitda_margin_pct,33.72512537311016,31.194649586882434,21,2025-05-01,2025-04-30,street_pit,b_pct=+0.0887 b_pt=+2.530 n_pool=17,33.68863049095607,2025-08-06,0.036494882154087804,-0.0010821273976103774,3.0500474967672364,12.0,14.672910051937183,22.0,additive
2025-05-01,2025Q2,0,rw_hl4_from21,street_plus_flowthrough,base,adj_ebitda_musd,1001.9799600306391,947.84813,21,2025-05-01,2025-04-30,street_pit,a=+22.6 m=0.728 rev=3082 leg=guide_cushion,1043.0,2025-08-06,-41.02003996936094,0.040938982420473335,0.11567436272216362,12.0,0.29085055598509846,20.0,relative
2025-05-01,2025Q2,0,rw_hl4_from21,street_plus_flowthrough,base,adj_ebitda_margin_pct,32.51253213296412,31.194649586882434,21,2025-05-01,2025-04-30,street_pit,a=+22.6 m=0.728 rev=3082 leg=guide_cushion,33.68863049095607,2025-08-06,-1.176098357991954,0.036173693060329803,2.761590549175982,12.0,14.534570388944056,22.0,additive
2025-05-01,2025Q2,0,rw_hl4_from21,dispersion_conditioned,base,adj_ebitda_musd,989.8748769096413,947.84813,21,2025-05-01,2025-04-30,street_pit,disp=0.0403 ref=0.1037 ratio=0.500 b_pt=+2.530,1043.0,2025-08-06,-53.12512309035867,0.053668523496841924,0.10087152524001497,12.0,0.19454854597474963,19.0,relative
2025-05-01,2025Q2,0,rw_hl4_from21,dispersion_conditioned,base,adj_ebitda_margin_pct,32.4598874799963,31.194649586882434,21,2025-05-01,2025-04-30,street_pit,disp=0.0403 ref=0.1037 ratio=0.500 b_pt=+2.530,33.68863049095607,2025-08-06,-1.228743010959775,0.03785419809963919,2.836555369800575,12.0,14.338052835807394,22.0,additive
2025-05-01,2025Q3,1,rw_hl4_from21,street_plus_bias,base,adj_ebitda_musd,2229.9584969367115,2059.58119,21,2025-05-01,2025-04-30,street_pit,b_pct=+0.0827 b_pt=+1.825 n_pool=16,2051.0,2025-11-06,178.95849693671153,-0.08025194064488028,0.1473890144940357,12.0,0.3578010182792309,19.0,relative
2025-05-01,2025Q3,1,rw_hl4_from21,street_plus_bias,base,adj_ebitda_margin_pct,52.1484527800942,50.32366320226521,21,2025-05-01,2025-04-30,street_pit,b_pct=+0.0827 b_pt=+1.825 n_pool=16,50.085470085470085,2025-11-06,2.062982694624118,-0.03955980637284773,3.045638404324738,12.0,10.148821596975424,21.0,additive
2025-05-01,2025Q3,1,rw_hl4_from21,street_plus_flowthrough,base,adj_ebitda_musd,1972.277058295748,2059.58119,21,2025-05-01,2025-04-30,street_pit,a=+15.6 m=0.767 rev=3958 leg=naive,2051.0,2025-11-06,-78.72294170425198,0.0399147479676496,0.16452317387513185,12.0,0.9209919578872752,20.0,relative
2025-05-01,2025Q3,1,rw_hl4_from21,street_plus_flowthrough,base,adj_ebitda_margin_pct,49.82386651784779,50.32366320226521,21,2025-05-01,2025-04-30,street_pit,a=+15.6 m=0.767 rev=3958 leg=naive,50.085470085470085,2025-11-06,-0.261603567622295,0.0052505673667173625,3.8103395581575423,12.0,10.999744686062382,21.0,additive
2025-05-01,2025Q3,1,rw_hl4_from21,dispersion_conditioned,base,adj_ebitda_musd,2144.7698434683557,2059.58119,21,2025-05-01,2025-04-30,street_pit,disp=0.0280 ref=0.0735 ratio=0.500 b_pt=+1.825,2051.0,2025-11-06,93.7698434683557,-0.0437202358816825,0.14024648323579184,12.0,0.3398177001035712,19.0,relative
2025-05-01,2025Q3,1,rw_hl4_from21,dispersion_conditioned,base,adj_ebitda_margin_pct,51.236057991179706,50.32366320226521,21,2025-05-01,2025-04-30,street_pit,disp=0.0280 ref=0.0735 ratio=0.500 b_pt=+1.825,50.085470085470085,2025-11-06,1.1505879057096209,-0.02245660479788858,2.8150116507269627,12.0,9.60153740883803,21.0,additive
2025-08-06,2025Q3,0,rw_hl4,street_plus_bias,base,adj_ebitda_musd,2154.132755546059,2002.87159,22,2025-08-06,2025-08-05,street_pit,b_pct=+0.0755 b_pt=+1.595 n_pool=14,2051.0,2025-11-06,103.13275554605889,-0.04787669435903241,0.09848998026644633,12.0,0.23570539215389635,19.0,relative
2025-08-06,2025Q3,0,rw_hl4,street_plus_bias,base,adj_ebitda_margin_pct,51.10006989404594,49.50517529584093,22,2025-08-06,2025-08-05,street_pit,b_pct=+0.0755 b_pt=+1.595 n_pool=14,50.085470085470085,2025-11-06,1.014599808575852,-0.019855155006237468,2.215200376726814,12.0,15.220989958983703,22.0,additive
2025-08-06,2025Q3,0,rw_hl4,street_plus_flowthrough,base,adj_ebitda_musd,2087.164345230273,2002.87159,22,2025-08-06,2025-08-05,street_pit,a=+24.4 m=0.639 rev=4140 leg=guide_cushion,2051.0,2025-11-06,36.16434523027283,-0.01732702329498781,0.10593170633951725,12.0,0.5140043988693758,20.0,relative
2025-08-06,2025Q3,0,rw_hl4,street_plus_flowthrough,base,adj_ebitda_margin_pct,50.41987487261202,49.50517529584093,22,2025-08-06,2025-08-05,street_pit,a=+24.4 m=0.639 rev=4140 leg=guide_cushion,50.085470085470085,2025-11-06,0.3344047871419349,-0.00663240017923139,2.56339087928648,12.0,15.262020767286137,22.0,additive
2025-08-06,2025Q3,0,rw_hl4,dispersion_conditioned,base,adj_ebitda_musd,2078.5021727730295,2002.87159,22,2025-08-06,2025-08-05,street_pit,disp=0.0249 ref=0.0904 ratio=0.500 b_pt=+1.595,2051.0,2025-11-06,27.502172773029542,-0.013231726737305993,0.07700587103698864,12.0,0.22188998417289885,19.0,relative
2025-08-06,2025Q3,0,rw_hl4,dispersion_conditioned,base,adj_ebitda_margin_pct,50.302622594943436,49.50517529584093,22,2025-08-06,2025-08-05,street_pit,disp=0.0249 ref=0.0904 ratio=0.500 b_pt=+1.595,50.085470085470085,2025-11-06,0.21715250947335107,-0.004316922225346964,2.1079094081081244,12.0,14.976589546148091,22.0,additive
2025-08-06,2025Q4,1,rw_hl4,street_plus_bias,base,adj_ebitda_musd,864.7462199415542,816.80588,22,2025-08-06,2025-08-05,street_pit,b_pct=+0.0587 b_pt=+1.193 n_pool=14,786.0,2026-02-12,78.74621994155416,-0.09106280909429865,0.13534452677206316,12.0,0.3811844585242143,19.0,relative
2025-08-06,2025Q4,1,rw_hl4,street_plus_bias,base,adj_ebitda_margin_pct,31.323447107161364,30.130261574787,22,2025-08-06,2025-08-05,street_pit,b_pct=+0.0587 b_pt=+1.193 n_pool=14,28.293736501079916,2026-02-12,3.029710606081448,-0.09672340964634052,2.495294043647043,12.0,10.303899784449964,21.0,additive
2025-08-06,2025Q4,1,rw_hl4,street_plus_flowthrough,base,adj_ebitda_musd,891.9837396992978,816.80588,22,2025-08-06,2025-08-05,street_pit,a=+15.3 m=0.721 rev=2794 leg=naive,786.0,2026-02-12,105.98373969929776,-0.11881801761882638,0.16044022639165256,12.0,0.7198174120948829,19.0,relative
2025-08-06,2025Q4,1,rw_hl4,street_plus_flowthrough,base,adj_ebitda_margin_pct,31.92427425467917,30.130261574787,22,2025-08-06,2025-08-05,street_pit,a=+15.3 m=0.721 rev=2794 leg=naive,28.293736501079916,2026-02-12,3.6305377535992527,-0.11372342326833385,3.930957028069577,12.0,11.676447810810814,21.0,additive
2025-08-06,2025Q4,1,rw_hl4,dispersion_conditioned,base,adj_ebitda_musd,851.6920028595281,816.80588,22,2025-08-06,2025-08-05,street_pit,disp=0.0507 ref=0.0697 ratio=0.728 b_pt=+1.193,786.0,2026-02-12,65.69200285952809,-0.07713117258230595,0.1206095738883495,12.0,0.36503866345604363,19.0,relative
2025-08-06,2025Q4,1,rw_hl4,dispersion_conditioned,base,adj_ebitda_margin_pct,30.998541130738644,30.130261574787,22,2025-08-06,2025-08-05,street_pit,disp=0.0507 ref=0.0697 ratio=0.728 b_pt=+1.193,28.293736501079916,2026-02-12,2.704804629658728,-0.08725586853429701,2.4179514183414486,12.0,9.86876920344579,21.0,additive
2025-08-06,2025Q3,0,ew,street_plus_bias,base,adj_ebitda_musd,2242.559273738316,2002.87159,22,2025-08-06,2025-08-05,street_pit,b_pct=+0.1197 b_pt=+3.059 n_pool=14,2051.0,2025-11-06,191.55927373831582,-0.08541993782799284,0.09591151034362598,12.0,0.2455364695753904,19.0,relative
2025-08-06,2025Q3,0,ew,street_plus_bias,base,adj_ebitda_margin_pct,52.56411171709337,49.50517529584093,22,2025-08-06,2025-08-05,street_pit,b_pct=+0.1197 b_pt=+3.059 n_pool=14,50.085470085470085,2025-11-06,2.478641631623283,-0.04715463746374415,2.1489819657190616,12.0,15.658207148820274,22.0,additive
2025-08-06,2025Q3,0,ew,street_plus_flowthrough,base,adj_ebitda_musd,2100.4626209650646,2002.87159,22,2025-08-06,2025-08-05,street_pit,a=+27.8 m=0.744 rev=4140 leg=guide_cushion,2051.0,2025-11-06,49.462620965064616,-0.023548441410654042,0.1038620792115038,12.0,0.5183593727308915,20.0,relative
2025-08-06,2025Q3,0,ew,street_plus_flowthrough,base,adj_ebitda_margin_pct,50.741122885544954,49.50517529584093,22,2025-08-06,2025-08-05,street_pit,a=+27.8 m=0.744 rev=4140 leg=guide_cushion,50.085470085470085,2025-11-06,0.6556528000748685,-0.012921527210854267,2.5728952520491135,12.0,15.418066081704948,22.0,additive
2025-08-06,2025Q3,0,ew,dispersion_conditioned,base,adj_ebitda_musd,2122.7154318691582,2002.87159,22,2025-08-06,2025-08-05,street_pit,disp=0.0249 ref=0.1247 ratio=0.500 b_pt=+3.059,2051.0,2025-11-06,71.71543186915824,-0.03378476021442456,0.07802408740054188,12.0,0.22830934785698273,19.0,relative
2025-08-06,2025Q3,0,ew,dispersion_conditioned,base,adj_ebitda_margin_pct,51.03464350646715,49.50517529584093,22,2025-08-06,2025-08-05,street_pit,disp=0.0249 ref=0.1247 ratio=0.500 b_pt=+3.059,50.085470085470085,2025-11-06,0.949173420997063,-0.018598609802707555,2.212029040364445,12.0,15.248294600771452,22.0,additive
2025-08-06,2025Q4,1,ew,street_plus_bias,base,adj_ebitda_musd,934.9711832188602,816.80588,22,2025-08-06,2025-08-05,street_pit,b_pct=+0.1447 b_pt=+3.246 n_pool=14,786.0,2026-02-12,148.97118321886023,-0.15933237932103061,0.14271591807129863,12.0,0.3978399981745689,19.0,relative
2025-08-06,2025Q4,1,ew,street_plus_bias,base,adj_ebitda_margin_pct,33.37623374245231,30.130261574787,22,2025-08-06,2025-08-05,street_pit,b_pct=+0.1447 b_pt=+3.246 n_pool=14,28.293736501079916,2026-02-12,5.082497241372391,-0.15227893238618473,2.588289590012611,12.0,10.896285308117045,21.0,additive
2025-08-06,2025Q4,1,ew,street_plus_flowthrough,base,adj_ebitda_musd,906.3884904654544,816.80588,22,2025-08-06,2025-08-05,street_pit,a=+20.0 m=0.837 rev=2794 leg=naive,786.0,2026-02-12,120.38849046545442,-0.132822174742788,0.1576178129191895,12.0,0.7225162946030868,19.0,relative
2025-08-06,2025Q4,1,ew,street_plus_flowthrough,base,adj_ebitda_margin_pct,32.43982313024961,30.130261574787,22,2025-08-06,2025-08-05,street_pit,a=+20.0 m=0.837 rev=2794 leg=naive,28.293736501079916,2026-02-12,4.146086629169691,-0.12780854607383885,3.9879252888776615,12.0,11.81846646023149,21.0,additive
2025-08-06,2025Q4,1,ew,dispersion_conditioned,base,adj_ebitda_musd,875.8885316094302,816.80588,22,2025-08-06,2025-08-05,street_pit,disp=0.0507 ref=0.1189 ratio=0.500 b_pt=+3.246,786.0,2026-02-12,89.88853160943017,-0.1026255378001828,0.1270458778553138,12.0,0.37308322339868777,19.0,relative
2025-08-06,2025Q4,1,ew,dispersion_conditioned,base,adj_ebitda_margin_pct,31.753247658619653,30.130261574787,22,2025-08-06,2025-08-05,street_pit,disp=0.0507 ref=0.1189 ratio=0.500 b_pt=+3.246,28.293736501079916,2026-02-12,3.459511157539737,-0.10894983702873706,2.5776981019536387,12.0,10.139790846595657,21.0,additive
2025-08-06,2025Q3,0,rw_hl4_usd,street_plus_bias,base,adj_ebitda_musd,2047.879259708162,2002.87159,22,2025-08-06,2025-08-05,street_pit,b_pct=+0.0755 b_pt=+1.595 n_pool=14,2051.0,2025-11-06,-3.1207402918380467,0.0015238888118251914,0.08953378567143098,12.0,0.2229615811244351,19.0,relative
2025-08-06,2025Q3,0,rw_hl4_usd,street_plus_bias,base,adj_ebitda_margin_pct,51.10006989404594,49.50517529584093,22,2025-08-06,2025-08-05,street_pit,b_pct=+0.0755 b_pt=+1.595 n_pool=14,50.085470085470085,2025-11-06,1.014599808575852,-0.019855155006237468,2.215200376726814,12.0,15.220989958983703,22.0,additive
2025-08-06,2025Q3,0,rw_hl4_usd,street_plus_flowthrough,base,adj_ebitda_musd,2087.164345230273,2002.87159,22,2025-08-06,2025-08-05,street_pit,a=+24.4 m=0.639 rev=4140 leg=guide_cushion,2051.0,2025-11-06,36.16434523027283,-0.01732702329498781,0.10593170633951725,12.0,0.5140043988693758,20.0,relative
2025-08-06,2025Q3,0,rw_hl4_usd,street_plus_flowthrough,base,adj_ebitda_margin_pct,50.41987487261202,49.50517529584093,22,2025-08-06,2025-08-05,street_pit,a=+24.4 m=0.639 rev=4140 leg=guide_cushion,50.085470085470085,2025-11-06,0.3344047871419349,-0.00663240017923139,2.56339087928648,12.0,15.262020767286137,22.0,additive
2025-08-06,2025Q3,0,rw_hl4_usd,dispersion_conditioned,base,adj_ebitda_musd,2025.3754248540808,2002.87159,22,2025-08-06,2025-08-05,street_pit,disp=0.0249 ref=0.0904 ratio=0.500 b_pt=+1.595,2051.0,2025-11-06,-25.624575145919152,0.012651765609215548,0.09516586851707816,12.0,0.22451747317596615,19.0,relative
2025-08-06,2025Q3,0,rw_hl4_usd,dispersion_conditioned,base,adj_ebitda_margin_pct,50.302622594943436,49.50517529584093,22,2025-08-06,2025-08-05,street_pit,disp=0.0249 ref=0.0904 ratio=0.500 b_pt=+1.595,50.085470085470085,2025-11-06,0.21715250947335107,-0.004316922225346964,2.1079094081081244,12.0,14.976589546148091,22.0,additive
2025-08-06,2025Q4,1,rw_hl4_usd,street_plus_bias,base,adj_ebitda_musd,847.8730568282708,816.80588,22,2025-08-06,2025-08-05,street_pit,b_pct=+0.0587 b_pt=+1.193 n_pool=14,786.0,2026-02-12,61.87305682827082,-0.0729744344745733,0.11378796691528811,12.0,0.3794593086484654,19.0,relative
2025-08-06,2025Q4,1,rw_hl4_usd,street_plus_bias,base,adj_ebitda_margin_pct,31.323447107161364,30.130261574787,22,2025-08-06,2025-08-05,street_pit,b_pct=+0.0587 b_pt=+1.193 n_pool=14,28.293736501079916,2026-02-12,3.029710606081448,-0.09672340964634052,2.495294043647043,12.0,10.303899784449964,21.0,additive
2025-08-06,2025Q4,1,rw_hl4_usd,street_plus_flowthrough,base,adj_ebitda_musd,891.9837396992978,816.80588,22,2025-08-06,2025-08-05,street_pit,a=+15.3 m=0.721 rev=2794 leg=naive,786.0,2026-02-12,105.98373969929776,-0.11881801761882638,0.16044022639165256,12.0,0.7198174120948829,19.0,relative
2025-08-06,2025Q4,1,rw_hl4_usd,street_plus_flowthrough,base,adj_ebitda_margin_pct,31.92427425467917,30.130261574787,22,2025-08-06,2025-08-05,street_pit,a=+15.3 m=0.721 rev=2794 leg=naive,28.293736501079916,2026-02-12,3.6305377535992527,-0.11372342326833385,3.930957028069577,12.0,11.676447810810814,21.0,additive
2025-08-06,2025Q4,1,rw_hl4_usd,dispersion_conditioned,base,adj_ebitda_musd,839.413424065208,816.80588,22,2025-08-06,2025-08-05,street_pit,disp=0.0507 ref=0.0697 ratio=0.728 b_pt=+1.193,786.0,2026-02-12,53.413424065208005,-0.06363184401618371,0.12271674472028632,12.0,0.3708627173516807,19.0,relative
2025-08-06,2025Q4,1,rw_hl4_usd,dispersion_conditioned,base,adj_ebitda_margin_pct,30.998541130738644,30.130261574787,22,2025-08-06,2025-08-05,street_pit,disp=0.0507 ref=0.0697 ratio=0.728 b_pt=+1.193,28.293736501079916,2026-02-12,2.704804629658728,-0.08725586853429701,2.4179514183414486,12.0,9.86876920344579,21.0,additive
2025-08-06,2025Q3,0,ew_usd,street_plus_bias,base,adj_ebitda_musd,2081.37641875,2002.87159,22,2025-08-06,2025-08-05,street_pit,b_pct=+0.1197 b_pt=+3.059 n_pool=14,2051.0,2025-11-06,30.376418750000084,-0.014594389787620954,0.08961787635628095,12.0,0.23423363284309917,19.0,relative
2025-08-06,2025Q3,0,ew_usd,street_plus_bias,base,adj_ebitda_margin_pct,52.56411171709337,49.50517529584093,22,2025-08-06,2025-08-05,street_pit,b_pct=+0.1197 b_pt=+3.059 n_pool=14,50.085470085470085,2025-11-06,2.478641631623283,-0.04715463746374415,2.1489819657190616,12.0,15.658207148820274,22.0,additive
2025-08-06,2025Q3,0,ew_usd,street_plus_flowthrough,base,adj_ebitda_musd,2100.4626209650646,2002.87159,22,2025-08-06,2025-08-05,street_pit,a=+27.8 m=0.744 rev=4140 leg=guide_cushion,2051.0,2025-11-06,49.462620965064616,-0.023548441410654042,0.1038620792115038,12.0,0.5183593727308915,20.0,relative
2025-08-06,2025Q3,0,ew_usd,street_plus_flowthrough,base,adj_ebitda_margin_pct,50.741122885544954,49.50517529584093,22,2025-08-06,2025-08-05,street_pit,a=+27.8 m=0.744 rev=4140 leg=guide_cushion,50.085470085470085,2025-11-06,0.6556528000748685,-0.012921527210854267,2.5728952520491135,12.0,15.418066081704948,22.0,additive
2025-08-06,2025Q3,0,ew_usd,dispersion_conditioned,base,adj_ebitda_musd,2042.124004375,2002.87159,22,2025-08-06,2025-08-05,street_pit,disp=0.0249 ref=0.1247 ratio=0.500 b_pt=+3.059,2051.0,2025-11-06,-8.875995625000087,0.004346452813827284,0.10491377715233705,12.0,0.23431722937619492,19.0,relative
2025-08-06,2025Q3,0,ew_usd,dispersion_conditioned,base,adj_ebitda_margin_pct,51.03464350646715,49.50517529584093,22,2025-08-06,2025-08-05,street_pit,disp=0.0249 ref=0.1247 ratio=0.500 b_pt=+3.059,50.085470085470085,2025-11-06,0.949173420997063,-0.018598609802707555,2.212029040364445,12.0,15.248294600771452,22.0,additive
2025-08-06,2025Q4,1,ew_usd,street_plus_bias,base,adj_ebitda_musd,899.28005,816.80588,22,2025-08-06,2025-08-05,street_pit,b_pct=+0.1447 b_pt=+3.246 n_pool=14,786.0,2026-02-12,113.28004999999996,-0.12596748921540069,0.11865222570383194,12.0,0.3930112037728623,19.0,relative
2025-08-06,2025Q4,1,ew_usd,street_plus_bias,base,adj_ebitda_margin_pct,33.37623374245231,30.130261574787,22,2025-08-06,2025-08-05,street_pit,b_pct=+0.1447 b_pt=+3.246 n_pool=14,28.293736501079916,2026-02-12,5.082497241372391,-0.15227893238618473,2.588289590012611,12.0,10.896285308117045,21.0,additive
2025-08-06,2025Q4,1,ew_usd,street_plus_flowthrough,base,adj_ebitda_musd,906.3884904654544,816.80588,22,2025-08-06,2025-08-05,street_pit,a=+20.0 m=0.837 rev=2794 leg=naive,786.0,2026-02-12,120.38849046545442,-0.132822174742788,0.1576178129191895,12.0,0.7225162946030868,19.0,relative
2025-08-06,2025Q4,1,ew_usd,street_plus_flowthrough,base,adj_ebitda_margin_pct,32.43982313024961,30.130261574787,22,2025-08-06,2025-08-05,street_pit,a=+20.0 m=0.837 rev=2794 leg=naive,28.293736501079916,2026-02-12,4.146086629169691,-0.12780854607383885,3.9879252888776615,12.0,11.81846646023149,21.0,additive
2025-08-06,2025Q4,1,ew_usd,dispersion_conditioned,base,adj_ebitda_musd,858.042965,816.80588,22,2025-08-06,2025-08-05,street_pit,disp=0.0507 ref=0.1189 ratio=0.500 b_pt=+3.246,786.0,2026-02-12,72.04296499999998,-0.08396195521514471,0.12639664143117255,12.0,0.3764315108334057,19.0,relative
2025-08-06,2025Q4,1,ew_usd,dispersion_conditioned,base,adj_ebitda_margin_pct,31.753247658619653,30.130261574787,22,2025-08-06,2025-08-05,street_pit,disp=0.0507 ref=0.1189 ratio=0.500 b_pt=+3.246,28.293736501079916,2026-02-12,3.459511157539737,-0.10894983702873706,2.5776981019536387,12.0,10.139790846595657,21.0,additive
2025-08-06,2025Q3,0,rw_hl4_med,street_plus_bias,base,adj_ebitda_musd,2151.19355858045,2002.87159,22,2025-08-06,2025-08-05,street_pit,b_pct=+0.0741 b_pt=+1.441 n_pool=14,2051.0,2025-11-06,100.19355858044992,-0.04657579890047947,0.10087824938295331,12.0,0.23280684039067323,19.0,relative
2025-08-06,2025Q3,0,rw_hl4_med,street_plus_bias,base,adj_ebitda_margin_pct,50.94665988118024,49.50517529584093,22,2025-08-06,2025-08-05,street_pit,b_pct=+0.0741 b_pt=+1.441 n_pool=14,50.085470085470085,2025-11-06,0.8611897957101533,-0.016903753802872568,2.133580928941027,12.0,15.094928975007344,22.0,additive
2025-08-06,2025Q3,0,rw_hl4_med,street_plus_flowthrough,base,adj_ebitda_musd,2102.166783724015,2002.87159,22,2025-08-06,2025-08-05,street_pit,a=+39.4 m=0.639 rev=4140 leg=guide_cushion,2051.0,2025-11-06,51.166783724015204,-0.024340021029812253,0.09650524892535184,12.0,0.5143603690395466,20.0,relative
2025-08-06,2025Q3,0,rw_hl4_med,street_plus_flowthrough,base,adj_ebitda_margin_pct,50.782290545995465,49.50517529584093,22,2025-08-06,2025-08-05,street_pit,a=+39.4 m=0.639 rev=4140 leg=guide_cushion,50.085470085470085,2025-11-06,0.6968204605253803,-0.013721721746565274,2.3692728561673615,12.0,15.29649982708439,22.0,additive
2025-08-06,2025Q3,0,rw_hl4_med,dispersion_conditioned,base,adj_ebitda_musd,2077.0325742902246,2002.87159,22,2025-08-06,2025-08-05,street_pit,disp=0.0249 ref=0.0904 ratio=0.500 b_pt=+1.441,2051.0,2025-11-06,26.032574290224602,-0.012533541655754044,0.07853489248749539,12.0,0.2183712414699615,19.0,relative
2025-08-06,2025Q3,0,rw_hl4_med,dispersion_conditioned,base,adj_ebitda_margin_pct,50.22591758851058,49.50517529584093,22,2025-08-06,2025-08-05,street_pit,disp=0.0249 ref=0.0904 ratio=0.500 b_pt=+1.441,50.085470085470085,2025-11-06,0.14044750304049813,-0.00279631532451341,1.977145311959124,12.0,14.861826872107399,22.0,additive
2025-08-06,2025Q4,1,rw_hl4_med,street_plus_bias,base,adj_ebitda_musd,841.8011609650182,816.80588,22,2025-08-06,2025-08-05,street_pit,b_pct=+0.0306 b_pt=-0.245 n_pool=14,786.0,2026-02-12,55.8011609650182,-0.06628781659204319,0.1378358679284326,12.0,0.37136955885379275,19.0,relative
2025-08-06,2025Q4,1,rw_hl4_med,street_plus_bias,base,adj_ebitda_margin_pct,29.885388034938174,30.130261574787,22,2025-08-06,2025-08-05,street_pit,b_pct=+0.0306 b_pt=-0.245 n_pool=14,28.293736501079916,2026-02-12,1.5916515338582577,-0.05325851991607078,2.7109303546044408,12.0,10.095755219235308,21.0,additive
2025-08-06,2025Q4,1,rw_hl4_med,street_plus_flowthrough,base,adj_ebitda_musd,898.3776219107707,816.80588,22,2025-08-06,2025-08-05,street_pit,a=+21.6 m=0.721 rev=2794 leg=naive,786.0,2026-02-12,112.3776219107707,-0.12508951600080298,0.15130699732540479,12.0,0.7218660162396997,19.0,relative
2025-08-06,2025Q4,1,rw_hl4_med,street_plus_flowthrough,base,adj_ebitda_margin_pct,32.1531125621353,30.130261574787,22,2025-08-06,2025-08-05,street_pit,a=+21.6 m=0.721 rev=2794 leg=naive,28.293736501079916,2026-02-12,3.8593760610553822,-0.12003118060801143,3.740414339687222,12.0,11.750614977883718,21.0,additive
2025-08-06,2025Q4,1,rw_hl4_med,dispersion_conditioned,base,adj_ebitda_musd,834.9949133634913,816.80588,22,2025-08-06,2025-08-05,street_pit,disp=0.0507 ref=0.0697 ratio=0.728 b_pt=-0.245,786.0,2026-02-12,48.994913363491264,-0.05867690039707196,0.12269978298464211,12.0,0.35783625823083315,19.0,relative
2025-08-06,2025Q4,1,rw_hl4_med,dispersion_conditioned,base,adj_ebitda_margin_pct,29.95206741916298,30.130261574787,22,2025-08-06,2025-08-05,street_pit,disp=0.0507 ref=0.0697 ratio=0.728 b_pt=-0.245,28.293736501079916,2026-02-12,1.6583309180830632,-0.05536615869868411,2.6723649103947547,12.0,9.761955651586398,21.0,additive
2025-08-06,2025Q3,0,rw_hl4_from21,street_plus_bias,base,adj_ebitda_musd,2176.2366082582435,2002.87159,22,2025-08-06,2025-08-05,street_pit,b_pct=+0.0866 b_pt=+2.425 n_pool=18,2051.0,2025-11-06,125.23660825824345,-0.05754733092118913,0.09613343215536468,12.0,0.20683945094981224,19.0,relative
2025-08-06,2025Q3,0,rw_hl4_from21,street_plus_bias,base,adj_ebitda_margin_pct,51.93053508597954,49.50517529584093,22,2025-08-06,2025-08-05,street_pit,b_pct=+0.0866 b_pt=+2.425 n_pool=18,50.085470085470085,2025-11-06,1.8450650005094573,-0.03552948178667226,3.3233391988033567,12.0,14.672910051937183,22.0,additive
2025-08-06,2025Q3,0,rw_hl4_from21,street_plus_flowthrough,base,adj_ebitda_musd,2096.791746221391,2002.87159,22,2025-08-06,2025-08-05,street_pit,a=+25.4 m=0.730 rev=4140 leg=guide_cushion,2051.0,2025-11-06,45.791746221390895,-0.021838957685669902,0.11709379438268523,12.0,0.29085055598509846,20.0,relative
2025-08-06,2025Q3,0,rw_hl4_from21,street_plus_flowthrough,base,adj_ebitda_margin_pct,50.652445132079094,49.50517529584093,22,2025-08-06,2025-08-05,street_pit,a=+25.4 m=0.730 rev=4140 leg=guide_cushion,50.085470085470085,2025-11-06,0.5669750466090093,-0.011193438838551395,2.8391924817572907,12.0,14.534570388944056,22.0,additive
2025-08-06,2025Q3,0,rw_hl4_from21,dispersion_conditioned,base,adj_ebitda_musd,2089.554099129122,2002.87159,22,2025-08-06,2025-08-05,street_pit,disp=0.0249 ref=0.0904 ratio=0.500 b_pt=+2.425,2051.0,2025-11-06,38.55409912912182,-0.01845087387074129,0.06886193059998523,12.0,0.19454854597474963,19.0,relative
2025-08-06,2025Q3,0,rw_hl4_from21,dispersion_conditioned,base,adj_ebitda_margin_pct,50.717855190910235,49.50517529584093,22,2025-08-06,2025-08-05,street_pit,disp=0.0249 ref=0.0904 ratio=0.500 b_pt=+2.425,50.085470085470085,2025-11-06,0.6323851054401501,-0.012468687862681738,3.0332623943256176,12.0,14.338052835807394,22.0,additive
2025-08-06,2025Q4,1,rw_hl4_from21,street_plus_bias,base,adj_ebitda_musd,878.9598022173935,816.80588,22,2025-08-06,2025-08-05,street_pit,b_pct=+0.0761 b_pt=+1.712 n_pool=17,786.0,2026-02-12,92.95980221739353,-0.10576115310720635,0.09553013087208022,12.0,0.3578010182792309,19.0,relative
2025-08-06,2025Q4,1,rw_hl4_from21,street_plus_bias,base,adj_ebitda_margin_pct,31.842483478957643,30.130261574787,22,2025-08-06,2025-08-05,street_pit,b_pct=+0.0761 b_pt=+1.712 n_pool=17,28.293736501079916,2026-02-12,3.5487469778777267,-0.11144692844773973,2.7108292042497095,12.0,10.148821596975424,21.0,additive
2025-08-06,2025Q4,1,rw_hl4_from21,street_plus_flowthrough,base,adj_ebitda_musd,897.6951213800155,816.80588,22,2025-08-06,2025-08-05,street_pit,a=+17.1 m=0.767 rev=2794 leg=naive,786.0,2026-02-12,111.69512138001551,-0.12442433819658949,0.17407887191795945,12.0,0.9209919578872752,20.0,relative
2025-08-06,2025Q4,1,rw_hl4_from21,street_plus_flowthrough,base,adj_ebitda_margin_pct,32.12868573331201,30.130261574787,22,2025-08-06,2025-08-05,street_pit,a=+17.1 m=0.767 rev=2794 leg=naive,28.293736501079916,2026-02-12,3.834949232232095,-0.11936215704758513,3.98485282913587,12.0,10.999744686062382,21.0,additive
2025-08-06,2025Q4,1,rw_hl4_from21,dispersion_conditioned,base,adj_ebitda_musd,862.0352081466299,816.80588,22,2025-08-06,2025-08-05,street_pit,disp=0.0507 ref=0.0697 ratio=0.728 b_pt=+1.712,786.0,2026-02-12,76.03520814662988,-0.08820429540239438,0.0895764347699517,12.0,0.3398177001035712,19.0,relative
2025-08-06,2025Q4,1,rw_hl4_from21,dispersion_conditioned,base,adj_ebitda_margin_pct,31.376243221652555,30.130261574787,22,2025-08-06,2025-08-05,street_pit,disp=0.0507 ref=0.0697 ratio=0.728 b_pt=+1.712,28.293736501079916,2026-02-12,3.0825067205726384,-0.09824333330146484,2.48955705647096,12.0,9.60153740883803,21.0,additive
2025-11-06,2025Q4,0,rw_hl4,street_plus_bias,base,adj_ebitda_musd,796.8065523444483,747.64762,23,2025-11-06,2025-11-05,street_pit,b_pct=+0.0658 b_pt=+1.400 n_pool=15,786.0,2026-02-12,10.806552344448278,-0.013562328663904832,0.09929324048655791,12.0,0.23570539215389635,19.0,relative
2025-11-06,2025Q4,0,rw_hl4,street_plus_bias,base,adj_ebitda_margin_pct,29.389814109001158,27.98961055592747,23,2025-11-06,2025-11-05,street_pit,b_pct=+0.0658 b_pt=+1.400 n_pool=15,28.293736501079916,2026-02-12,1.0960776079212415,-0.03729447229084537,2.2126494649611983,12.0,15.220989958983703,22.0,additive
2025-11-06,2025Q4,0,rw_hl4,street_plus_flowthrough,base,adj_ebitda_musd,815.7381515801679,747.64762,23,2025-11-06,2025-11-05,street_pit,a=+22.4 m=0.638 rev=2743 leg=guide_cushion,786.0,2026-02-12,29.738151580167937,-0.03645551151746684,0.10553190232459006,12.0,0.5140043988693758,20.0,relative
2025-11-06,2025Q4,0,rw_hl4,street_plus_flowthrough,base,adj_ebitda_margin_pct,29.742076516134162,27.98961055592747,23,2025-11-06,2025-11-05,street_pit,a=+22.4 m=0.638 rev=2743 leg=guide_cushion,28.293736501079916,2026-02-12,1.4483400150542458,-0.04869666764082747,2.4904579526858313,12.0,15.262020767286137,22.0,additive
2025-11-06,2025Q4,0,rw_hl4,dispersion_conditioned,base,adj_ebitda_musd,772.3760590655223,747.64762,23,2025-11-06,2025-11-05,street_pit,disp=0.0413 ref=0.0821 ratio=0.503 b_pt=+1.400,786.0,2026-02-12,-13.623940934477673,0.01763899951917325,0.07557248755634347,12.0,0.22188998417289885,19.0,relative
2025-11-06,2025Q4,0,rw_hl4,dispersion_conditioned,base,adj_ebitda_margin_pct,28.693955556728138,27.98961055592747,23,2025-11-06,2025-11-05,street_pit,disp=0.0413 ref=0.0821 ratio=0.503 b_pt=+1.400,28.293736501079916,2026-02-12,0.4002190556482219,-0.013947852357162338,1.9509430279516777,12.0,14.976589546148091,22.0,additive
2025-11-06,2026Q1,1,rw_hl4,street_plus_bias,base,adj_ebitda_musd,486.46513453064074,464.12047,23,2025-11-06,2025-11-05,street_pit,b_pct=+0.0481 b_pt=+0.962 n_pool=15,519.0,2026-05-07,-32.53486546935926,0.06688015884375775,0.10767411700871761,12.0,0.3811844585242143,19.0,relative
2025-11-06,2026Q1,1,rw_hl4,street_plus_bias,base,adj_ebitda_margin_pct,19.449990489960154,18.48845556222224,23,2025-11-06,2025-11-05,street_pit,b_pct=+0.0481 b_pt=+0.962 n_pool=15,19.38013442867812,2026-05-07,0.06985606128203514,-0.003591573030233275,2.400355076192114,12.0,10.303899784449964,21.0,additive
2025-11-06,2026Q1,1,rw_hl4,street_plus_flowthrough,base,adj_ebitda_musd,462.6282627279524,464.12047,23,2025-11-06,2025-11-05,street_pit,a=+11.2 m=0.731 rev=2493 leg=naive,519.0,2026-05-07,-56.371737272047596,0.12185104502618094,0.16475327719240584,12.0,0.7198174120948829,19.0,relative
2025-11-06,2026Q1,1,rw_hl4,street_plus_flowthrough,base,adj_ebitda_margin_pct,18.55716216638203,18.48845556222224,23,2025-11-06,2025-11-05,street_pit,a=+11.2 m=0.731 rev=2493 leg=naive,19.38013442867812,2026-05-07,-0.8229722622960871,0.04434795875131026,3.6256743631116435,12.0,11.676447810810814,21.0,additive
2025-11-06,2026Q1,1,rw_hl4,dispersion_conditioned,base,adj_ebitda_musd,481.58473526352265,464.12047,23,2025-11-06,2025-11-05,street_pit,disp=0.0522 ref=0.0668 ratio=0.782 b_pt=+0.962,519.0,2026-05-07,-37.415264736477354,0.07769196570568981,0.09972659135059007,12.0,0.36503866345604363,19.0,relative
2025-11-06,2026Q1,1,rw_hl4,dispersion_conditioned,base,adj_ebitda_margin_pct,19.239977296421017,18.48845556222224,23,2025-11-06,2025-11-05,street_pit,disp=0.0522 ref=0.0668 ratio=0.782 b_pt=+0.962,19.38013442867812,2026-05-07,-0.14015713225710158,0.0072846828298063215,2.167440688482814,12.0,9.86876920344579,21.0,additive
2025-11-06,2025Q4,0,ew,street_plus_bias,base,adj_ebitda_musd,832.6509471961052,747.64762,23,2025-11-06,2025-11-05,street_pit,b_pct=+0.1137 b_pt=+2.913 n_pool=15,786.0,2026-02-12,46.65094719610522,-0.05602701510542807,0.0965727960147109,12.0,0.2455364695753904,19.0,relative
2025-11-06,2025Q4,0,ew,street_plus_bias,base,adj_ebitda_margin_pct,30.902744528260897,27.98961055592747,23,2025-11-06,2025-11-05,street_pit,b_pct=+0.1137 b_pt=+2.913 n_pool=15,28.293736501079916,2026-02-12,2.6090080271809803,-0.08442641800941064,2.1129492522511018,12.0,15.658207148820274,22.0,additive
2025-11-06,2025Q4,0,ew,street_plus_flowthrough,base,adj_ebitda_musd,827.7758153065453,747.64762,23,2025-11-06,2025-11-05,street_pit,a=+26.4 m=0.752 rev=2743 leg=guide_cushion,786.0,2026-02-12,41.77581530654527,-0.05046754753408045,0.10322744102432453,12.0,0.5183593727308915,20.0,relative
2025-11-06,2025Q4,0,ew,street_plus_flowthrough,base,adj_ebitda_margin_pct,30.18097362414839,27.98961055592747,23,2025-11-06,2025-11-05,street_pit,a=+26.4 m=0.752 rev=2743 leg=guide_cushion,28.293736501079916,2026-02-12,1.8872371230684735,-0.06253069057912886,2.483106697099033,12.0,15.418066081704948,22.0,additive
2025-11-06,2025Q4,0,ew,dispersion_conditioned,base,adj_ebitda_musd,790.1492835980526,747.64762,23,2025-11-06,2025-11-05,street_pit,disp=0.0413 ref=0.1198 ratio=0.500 b_pt=+2.913,786.0,2026-02-12,4.149283598052648,-0.0052512654053906704,0.07531582286124654,12.0,0.22830934785698273,19.0,relative
2025-11-06,2025Q4,0,ew,dispersion_conditioned,base,adj_ebitda_margin_pct,29.446177542094183,27.98961055592747,23,2025-11-06,2025-11-05,street_pit,disp=0.0413 ref=0.1198 ratio=0.500 b_pt=+2.913,28.293736501079916,2026-02-12,1.1524410410142671,-0.0391372034406442,1.977577009501487,12.0,15.248294600771452,22.0,additive
2025-11-06,2026Q1,1,ew,street_plus_bias,base,adj_ebitda_musd,526.9463327901227,464.12047,23,2025-11-06,2025-11-05,street_pit,b_pct=+0.1354 b_pt=+3.041 n_pool=15,519.0,2026-05-07,7.94633279012271,-0.015079966014845847,0.1085758115149885,12.0,0.3978399981745689,19.0,relative
2025-11-06,2026Q1,1,ew,street_plus_bias,base,adj_ebitda_margin_pct,21.529476830801638,18.48845556222224,23,2025-11-06,2025-11-05,street_pit,b_pct=+0.1354 b_pt=+3.041 n_pool=15,19.38013442867812,2026-05-07,2.1493424021235192,-0.09983254210100045,2.3156182891584662,12.0,10.896285308117045,21.0,additive
2025-11-06,2026Q1,1,ew,street_plus_flowthrough,base,adj_ebitda_musd,466.58629914384306,464.12047,23,2025-11-06,2025-11-05,street_pit,a=+17.2 m=0.851 rev=2493 leg=naive,519.0,2026-05-07,-52.413700856156936,0.11233441906102426,0.16368350657455374,12.0,0.7225162946030868,19.0,relative
2025-11-06,2026Q1,1,ew,street_plus_flowthrough,base,adj_ebitda_margin_pct,18.715928782146104,18.48845556222224,23,2025-11-06,2025-11-05,street_pit,a=+17.2 m=0.851 rev=2493 leg=naive,19.38013442867812,2026-05-07,-0.6642056465320145,0.03548878894888863,3.6731426560276232,12.0,11.81846646023149,21.0,additive
2025-11-06,2026Q1,1,ew,dispersion_conditioned,base,adj_ebitda_musd,495.53340139506133,464.12047,23,2025-11-06,2025-11-05,street_pit,disp=0.0522 ref=0.1152 ratio=0.500 b_pt=+3.041,519.0,2026-05-07,-23.466598604938667,0.047356239839481784,0.1048634703917728,12.0,0.37308322339868777,19.0,relative
2025-11-06,2026Q1,1,ew,dispersion_conditioned,base,adj_ebitda_margin_pct,20.00896619651194,18.48845556222224,23,2025-11-06,2025-11-05,street_pit,disp=0.0522 ref=0.1152 ratio=0.500 b_pt=+3.041,19.38013442867812,2026-05-07,0.6288317678338196,-0.03142749913503484,2.231549260565362,12.0,10.139790846595657,21.0,additive
2025-11-06,2025Q4,0,rw_hl4_usd,street_plus_bias,base,adj_ebitda_musd,791.2225788166703,747.64762,23,2025-11-06,2025-11-05,street_pit,b_pct=+0.0658 b_pt=+1.400 n_pool=15,786.0,2026-02-12,5.222578816670307,-0.006600644314879167,0.08568781699556972,12.0,0.2229615811244351,19.0,relative
2025-11-06,2025Q4,0,rw_hl4_usd,street_plus_bias,base,adj_ebitda_margin_pct,29.389814109001158,27.98961055592747,23,2025-11-06,2025-11-05,street_pit,b_pct=+0.0658 b_pt=+1.400 n_pool=15,28.293736501079916,2026-02-12,1.0960776079212415,-0.03729447229084537,2.2126494649611983,12.0,15.220989958983703,22.0,additive
2025-11-06,2025Q4,0,rw_hl4_usd,street_plus_flowthrough,base,adj_ebitda_musd,815.7381515801679,747.64762,23,2025-11-06,2025-11-05,street_pit,a=+22.4 m=0.638 rev=2743 leg=guide_cushion,786.0,2026-02-12,29.738151580167937,-0.03645551151746684,0.10553190232459006,12.0,0.5140043988693758,20.0,relative
2025-11-06,2025Q4,0,rw_hl4_usd,street_plus_flowthrough,base,adj_ebitda_margin_pct,29.742076516134162,27.98961055592747,23,2025-11-06,2025-11-05,street_pit,a=+22.4 m=0.638 rev=2743 leg=guide_cushion,28.293736501079916,2026-02-12,1.4483400150542458,-0.04869666764082747,2.4904579526858313,12.0,15.262020767286137,22.0,additive
2025-11-06,2025Q4,0,rw_hl4_usd,dispersion_conditioned,base,adj_ebitda_musd,769.5671504391587,747.64762,23,2025-11-06,2025-11-05,street_pit,disp=0.0413 ref=0.0821 ratio=0.503 b_pt=+1.400,786.0,2026-02-12,-16.432849560841305,0.02135336669641341,0.0873574874802558,12.0,0.22451747317596615,19.0,relative
2025-11-06,2025Q4,0,rw_hl4_usd,dispersion_conditioned,base,adj_ebitda_margin_pct,28.693955556728138,27.98961055592747,23,2025-11-06,2025-11-05,street_pit,disp=0.0413 ref=0.0821 ratio=0.503 b_pt=+1.400,28.293736501079916,2026-02-12,0.4002190556482219,-0.013947852357162338,1.9509430279516777,12.0,14.976589546148091,22.0,additive
2025-11-06,2026Q1,1,rw_hl4_usd,street_plus_bias,base,adj_ebitda_musd,488.851784584704,464.12047,23,2025-11-06,2025-11-05,street_pit,b_pct=+0.0481 b_pt=+0.962 n_pool=15,519.0,2026-05-07,-30.148215415296022,0.0616714848262403,0.09681636275255291,12.0,0.3794593086484654,19.0,relative
2025-11-06,2026Q1,1,rw_hl4_usd,street_plus_bias,base,adj_ebitda_margin_pct,19.449990489960154,18.48845556222224,23,2025-11-06,2025-11-05,street_pit,b_pct=+0.0481 b_pt=+0.962 n_pool=15,19.38013442867812,2026-05-07,0.06985606128203514,-0.003591573030233275,2.400355076192114,12.0,10.303899784449964,21.0,additive
2025-11-06,2026Q1,1,rw_hl4_usd,street_plus_flowthrough,base,adj_ebitda_musd,462.6282627279524,464.12047,23,2025-11-06,2025-11-05,street_pit,a=+11.2 m=0.731 rev=2493 leg=naive,519.0,2026-05-07,-56.371737272047596,0.12185104502618094,0.16475327719240584,12.0,0.7198174120948829,19.0,relative
2025-11-06,2026Q1,1,rw_hl4_usd,street_plus_flowthrough,base,adj_ebitda_margin_pct,18.55716216638203,18.48845556222224,23,2025-11-06,2025-11-05,street_pit,a=+11.2 m=0.731 rev=2493 leg=naive,19.38013442867812,2026-05-07,-0.8229722622960871,0.04434795875131026,3.6256743631116435,12.0,11.676447810810814,21.0,additive
2025-11-06,2026Q1,1,rw_hl4_usd,dispersion_conditioned,base,adj_ebitda_musd,483.4501062821032,464.12047,23,2025-11-06,2025-11-05,street_pit,disp=0.0522 ref=0.0668 ratio=0.782 b_pt=+0.962,519.0,2026-05-07,-35.54989371789679,0.07353373855119738,0.1065637486998575,12.0,0.3708627173516807,19.0,relative
2025-11-06,2026Q1,1,rw_hl4_usd,dispersion_conditioned,base,adj_ebitda_margin_pct,19.239977296421017,18.48845556222224,23,2025-11-06,2025-11-05,street_pit,disp=0.0522 ref=0.0668 ratio=0.782 b_pt=+0.962,19.38013442867812,2026-05-07,-0.14015713225710158,0.0072846828298063215,2.167440688482814,12.0,9.86876920344579,21.0,additive
2025-11-06,2025Q4,0,ew_usd,street_plus_bias,base,adj_ebitda_musd,824.3656005882353,747.64762,23,2025-11-06,2025-11-05,street_pit,b_pct=+0.1137 b_pt=+2.913 n_pool=15,786.0,2026-02-12,38.36560058823534,-0.04653954575598396,0.08305722181206251,12.0,0.23423363284309917,19.0,relative
2025-11-06,2025Q4,0,ew_usd,street_plus_bias,base,adj_ebitda_margin_pct,30.902744528260897,27.98961055592747,23,2025-11-06,2025-11-05,street_pit,b_pct=+0.1137 b_pt=+2.913 n_pool=15,28.293736501079916,2026-02-12,2.6090080271809803,-0.08442641800941064,2.1129492522511018,12.0,15.658207148820274,22.0,additive
2025-11-06,2025Q4,0,ew_usd,street_plus_flowthrough,base,adj_ebitda_musd,827.7758153065453,747.64762,23,2025-11-06,2025-11-05,street_pit,a=+26.4 m=0.752 rev=2743 leg=guide_cushion,786.0,2026-02-12,41.77581530654527,-0.05046754753408045,0.10322744102432453,12.0,0.5183593727308915,20.0,relative
2025-11-06,2025Q4,0,ew_usd,street_plus_flowthrough,base,adj_ebitda_margin_pct,30.18097362414839,27.98961055592747,23,2025-11-06,2025-11-05,street_pit,a=+26.4 m=0.752 rev=2743 leg=guide_cushion,28.293736501079916,2026-02-12,1.8872371230684735,-0.06253069057912886,2.483106697099033,12.0,15.418066081704948,22.0,additive
2025-11-06,2025Q4,0,ew_usd,dispersion_conditioned,base,adj_ebitda_musd,786.0066102941176,747.64762,23,2025-11-06,2025-11-05,street_pit,disp=0.0413 ref=0.1198 ratio=0.500 b_pt=+2.913,786.0,2026-02-12,0.006610294117649573,-8.409972678480315e-06,0.09576085507241572,12.0,0.23431722937619492,19.0,relative
2025-11-06,2025Q4,0,ew_usd,dispersion_conditioned,base,adj_ebitda_margin_pct,29.446177542094183,27.98961055592747,23,2025-11-06,2025-11-05,street_pit,disp=0.0413 ref=0.1198 ratio=0.500 b_pt=+2.913,28.293736501079916,2026-02-12,1.1524410410142671,-0.0391372034406442,1.977577009501487,12.0,15.248294600771452,22.0,additive
2025-11-06,2026Q1,1,ew_usd,street_plus_bias,base,adj_ebitda_musd,541.2384423529412,464.12047,23,2025-11-06,2025-11-05,street_pit,b_pct=+0.1354 b_pt=+3.041 n_pool=15,519.0,2026-05-07,22.238442352941206,-0.041088068793235344,0.09598901183786622,12.0,0.3930112037728623,19.0,relative
2025-11-06,2026Q1,1,ew_usd,street_plus_bias,base,adj_ebitda_margin_pct,21.529476830801638,18.48845556222224,23,2025-11-06,2025-11-05,street_pit,b_pct=+0.1354 b_pt=+3.041 n_pool=15,19.38013442867812,2026-05-07,2.1493424021235192,-0.09983254210100045,2.3156182891584662,12.0,10.896285308117045,21.0,additive
2025-11-06,2026Q1,1,ew_usd,street_plus_flowthrough,base,adj_ebitda_musd,466.58629914384306,464.12047,23,2025-11-06,2025-11-05,street_pit,a=+17.2 m=0.851 rev=2493 leg=naive,519.0,2026-05-07,-52.413700856156936,0.11233441906102426,0.16368350657455374,12.0,0.7225162946030868,19.0,relative
2025-11-06,2026Q1,1,ew_usd,street_plus_flowthrough,base,adj_ebitda_margin_pct,18.715928782146104,18.48845556222224,23,2025-11-06,2025-11-05,street_pit,a=+17.2 m=0.851 rev=2493 leg=naive,19.38013442867812,2026-05-07,-0.6642056465320145,0.03548878894888863,3.6731426560276232,12.0,11.81846646023149,21.0,additive
2025-11-06,2026Q1,1,ew_usd,dispersion_conditioned,base,adj_ebitda_musd,502.6794561764706,464.12047,23,2025-11-06,2025-11-05,street_pit,disp=0.0522 ref=0.1152 ratio=0.500 b_pt=+3.041,519.0,2026-05-07,-16.32054382352942,0.03246709930751557,0.10829432509226607,12.0,0.3764315108334057,19.0,relative
2025-11-06,2026Q1,1,ew_usd,dispersion_conditioned,base,adj_ebitda_margin_pct,20.00896619651194,18.48845556222224,23,2025-11-06,2025-11-05,street_pit,disp=0.0522 ref=0.1152 ratio=0.500 b_pt=+3.041,19.38013442867812,2026-05-07,0.6288317678338196,-0.03142749913503484,2.231549260565362,12.0,10.139790846595657,21.0,additive
2025-11-06,2025Q4,0,rw_hl4_med,street_plus_bias,base,adj_ebitda_musd,803.282128757932,747.64762,23,2025-11-06,2025-11-05,street_pit,b_pct=+0.0744 b_pt=+1.447 n_pool=15,786.0,2026-02-12,17.282128757932014,-0.02151439468055183,0.10224811110836175,12.0,0.23280684039067323,19.0,relative
2025-11-06,2025Q4,0,rw_hl4_med,street_plus_bias,base,adj_ebitda_margin_pct,29.436783749009532,27.98961055592747,23,2025-11-06,2025-11-05,street_pit,b_pct=+0.0744 b_pt=+1.447 n_pool=15,28.293736501079916,2026-02-12,1.1430472479296157,-0.038830575299112824,2.086061810803756,12.0,15.094928975007344,22.0,additive
2025-11-06,2025Q4,0,rw_hl4_med,street_plus_flowthrough,base,adj_ebitda_musd,817.9055329999635,747.64762,23,2025-11-06,2025-11-05,street_pit,a=+24.6 m=0.638 rev=2743 leg=guide_cushion,786.0,2026-02-12,31.905532999963498,-0.039008824017779276,0.09575355415907819,12.0,0.5143603690395466,20.0,relative
2025-11-06,2025Q4,0,rw_hl4_med,street_plus_flowthrough,base,adj_ebitda_margin_pct,29.82109994283345,27.98961055592747,23,2025-11-06,2025-11-05,street_pit,a=+24.6 m=0.638 rev=2743 leg=guide_cushion,28.293736501079916,2026-02-12,1.5273634417535327,-0.05121754209876439,2.2623283282675075,12.0,15.29649982708439,22.0,additive
2025-11-06,2025Q4,0,rw_hl4_med,dispersion_conditioned,base,adj_ebitda_musd,775.6334710783169,747.64762,23,2025-11-06,2025-11-05,street_pit,disp=0.0413 ref=0.0821 ratio=0.503 b_pt=+1.447,786.0,2026-02-12,-10.366528921683084,0.013365241841963194,0.07863274336838866,12.0,0.2183712414699615,19.0,relative
2025-11-06,2025Q4,0,rw_hl4_med,dispersion_conditioned,base,adj_ebitda_margin_pct,28.717582715119992,27.98961055592747,23,2025-11-06,2025-11-05,street_pit,disp=0.0413 ref=0.0821 ratio=0.503 b_pt=+1.447,28.293736501079916,2026-02-12,0.4238462140400756,-0.01475911876861824,1.752152302396846,12.0,14.861826872107399,22.0,additive
2025-11-06,2026Q1,1,rw_hl4_med,street_plus_bias,base,adj_ebitda_musd,462.68706783241527,464.12047,23,2025-11-06,2025-11-05,street_pit,b_pct=-0.0031 b_pt=-0.177 n_pool=15,519.0,2026-05-07,-56.312932167584734,0.12170846363050125,0.11741262921493018,12.0,0.37136955885379275,19.0,relative
2025-11-06,2026Q1,1,rw_hl4_med,street_plus_bias,base,adj_ebitda_margin_pct,18.311196500471517,18.48845556222224,23,2025-11-06,2025-11-05,street_pit,b_pct=-0.0031 b_pt=-0.177 n_pool=15,19.38013442867812,2026-05-07,-1.0689379282066014,0.05837619230283919,2.7011041982604076,12.0,10.095755219235308,21.0,additive
2025-11-06,2026Q1,1,rw_hl4_med,street_plus_flowthrough,base,adj_ebitda_musd,473.7024239967564,464.12047,23,2025-11-06,2025-11-05,street_pit,a=+22.3 m=0.731 rev=2493 leg=naive,519.0,2026-05-07,-45.29757600324359,0.09562453918022129,0.15704521761250148,12.0,0.7218660162396997,19.0,relative
2025-11-06,2026Q1,1,rw_hl4_med,street_plus_flowthrough,base,adj_ebitda_margin_pct,19.00137412461838,18.48845556222224,23,2025-11-06,2025-11-05,street_pit,a=+22.3 m=0.731 rev=2493 leg=naive,19.38013442867812,2026-05-07,-0.37876030405973893,0.019933311221371763,3.375049245380109,12.0,11.750614977883718,21.0,additive
2025-11-06,2026Q1,1,rw_hl4_med,dispersion_conditioned,base,adj_ebitda_musd,463.00014368453077,464.12047,23,2025-11-06,2025-11-05,street_pit,disp=0.0522 ref=0.0668 ratio=0.782 b_pt=-0.177,519.0,2026-05-07,-55.99985631546923,0.12094997610546154,0.10621867218445617,12.0,0.35783625823083315,19.0,relative
2025-11-06,2026Q1,1,rw_hl4_med,dispersion_conditioned,base,adj_ebitda_margin_pct,18.349912454066256,18.48845556222224,23,2025-11-06,2025-11-05,street_pit,disp=0.0522 ref=0.0668 ratio=0.782 b_pt=-0.177,19.38013442867812,2026-05-07,-1.0302219746118624,0.05614315475295739,2.4889282269738207,12.0,9.761955651586398,21.0,additive
2025-11-06,2025Q4,0,rw_hl4_from21,street_plus_bias,base,adj_ebitda_musd,803.8020558178233,747.64762,23,2025-11-06,2025-11-05,street_pit,b_pct=+0.0751 b_pt=+2.100 n_pool=19,786.0,2026-02-12,17.802055817823316,-0.02214731312140117,0.09447885650543796,12.0,0.20683945094981224,19.0,relative
2025-11-06,2025Q4,0,rw_hl4_from21,street_plus_bias,base,adj_ebitda_margin_pct,30.089964189713736,27.98961055592747,23,2025-11-06,2025-11-05,street_pit,b_pct=+0.0751 b_pt=+2.100 n_pool=19,28.293736501079916,2026-02-12,1.7962276886338202,-0.059695241819126554,3.1762842806915095,12.0,14.672910051937183,22.0,additive
2025-11-06,2025Q4,0,rw_hl4_from21,street_plus_flowthrough,base,adj_ebitda_musd,822.734922588471,747.64762,23,2025-11-06,2025-11-05,street_pit,a=+22.7 m=0.732 rev=2743 leg=guide_cushion,786.0,2026-02-12,36.73492258847102,-0.044649766990437656,0.11687510112189158,12.0,0.29085055598509846,20.0,relative
2025-11-06,2025Q4,0,rw_hl4_from21,street_plus_flowthrough,base,adj_ebitda_margin_pct,29.99718104727778,27.98961055592747,23,2025-11-06,2025-11-05,street_pit,a=+22.7 m=0.732 rev=2743 leg=guide_cushion,28.293736501079916,2026-02-12,1.703444546197865,-0.056786820852036346,2.7939663484755433,12.0,14.534570388944056,22.0,additive
2025-11-06,2025Q4,0,rw_hl4_from21,dispersion_conditioned,base,adj_ebitda_musd,775.8950102128317,747.64762,23,2025-11-06,2025-11-05,street_pit,disp=0.0413 ref=0.0821 ratio=0.503 b_pt=+2.100,786.0,2026-02-12,-10.104989787168279,0.013023656105735748,0.06847892006727573,12.0,0.19454854597474963,19.0,relative
2025-11-06,2025Q4,0,rw_hl4_from21,dispersion_conditioned,base,adj_ebitda_margin_pct,29.046152355598952,27.98961055592747,23,2025-11-06,2025-11-05,street_pit,disp=0.0413 ref=0.0821 ratio=0.503 b_pt=+2.100,28.293736501079916,2026-02-12,0.752415854519036,-0.02590414886307657,3.0746124263926595,12.0,14.338052835807394,22.0,additive
2025-11-06,2026Q1,1,rw_hl4_from21,street_plus_bias,base,adj_ebitda_musd,493.2732697125777,464.12047,23,2025-11-06,2025-11-05,street_pit,b_pct=+0.0628 b_pt=+1.401 n_pool=18,519.0,2026-05-07,-25.7267302874223,0.0521551275268024,0.0962016065629402,12.0,0.3578010182792309,19.0,relative
2025-11-06,2026Q1,1,rw_hl4_from21,street_plus_bias,base,adj_ebitda_margin_pct,19.889060375675427,18.48845556222224,23,2025-11-06,2025-11-05,street_pit,b_pct=+0.0628 b_pt=+1.401 n_pool=18,19.38013442867812,2026-05-07,0.5089259469973086,-0.025588234807700228,2.760687259760553,12.0,10.148821596975424,21.0,additive
2025-11-06,2026Q1,1,rw_hl4_from21,street_plus_flowthrough,base,adj_ebitda_musd,463.46751853163266,464.12047,23,2025-11-06,2025-11-05,street_pit,a=+12.8 m=0.776 rev=2493 leg=naive,519.0,2026-05-07,-55.53248146836734,0.11981957580178748,0.17261282753669577,12.0,0.9209919578872752,20.0,relative
2025-11-06,2026Q1,1,rw_hl4_from21,street_plus_flowthrough,base,adj_ebitda_margin_pct,18.59082678936926,18.48845556222224,23,2025-11-06,2025-11-05,street_pit,a=+12.8 m=0.776 rev=2493 leg=naive,19.38013442867812,2026-05-07,-0.7893076393088592,0.042456833590650556,4.055072844362214,12.0,10.999744686062382,21.0,additive
2025-11-06,2026Q1,1,rw_hl4_from21,dispersion_conditioned,base,adj_ebitda_musd,486.905874840455,464.12047,23,2025-11-06,2025-11-05,street_pit,disp=0.0522 ref=0.0668 ratio=0.782 b_pt=+1.401,519.0,2026-05-07,-32.094125159545,0.06591443401676211,0.08794331899085556,12.0,0.3398177001035712,19.0,relative
2025-11-06,2026Q1,1,rw_hl4_from21,dispersion_conditioned,base,adj_ebitda_margin_pct,19.583147942050587,18.48845556222224,23,2025-11-06,2025-11-05,street_pit,disp=0.0522 ref=0.0668 ratio=0.782 b_pt=+1.401,19.38013442867812,2026-05-07,0.20301351337246842,-0.010366745631152585,2.4631390881135102,12.0,9.60153740883803,21.0,additive
2026-02-12,2026Q1,0,rw_hl4,street_plus_bias,base,adj_ebitda_musd,498.51258317307474,469.75136,24,2026-02-12,2026-02-11,street_pit,b_pct=+0.0612 b_pt=+1.205 n_pool=16,519.0,2026-05-07,-20.487416826925255,0.041097090662227886,0.09525055939607098,12.0,0.23570539215389635,19.0,relative
2026-02-12,2026Q1,0,rw_hl4,street_plus_bias,base,adj_ebitda_margin_pct,19.735641856887472,18.53076986670196,24,2026-02-12,2026-02-11,street_pit,b_pct=+0.0612 b_pt=+1.205 n_pool=16,19.38013442867812,2026-05-07,0.35550742820935355,-0.01801347180838131,2.209214088983236,12.0,15.220989958983703,22.0,additive
2026-02-12,2026Q1,0,rw_hl4,street_plus_flowthrough,base,adj_ebitda_musd,558.6778468131779,469.75136,24,2026-02-12,2026-02-11,street_pit,a=+18.0 m=0.562 rev=2661 leg=guide_cushion,519.0,2026-05-07,39.677846813177894,-0.07102097754458869,0.10427814578936695,12.0,0.5140043988693758,20.0,relative
2026-02-12,2026Q1,0,rw_hl4,street_plus_flowthrough,base,adj_ebitda_margin_pct,20.993929547715204,18.53076986670196,24,2026-02-12,2026-02-11,street_pit,a=+18.0 m=0.562 rev=2661 leg=guide_cushion,19.38013442867812,2026-05-07,1.6137951190370856,-0.07686960725333658,2.443337232186209,12.0,15.262020767286137,22.0,additive
2026-02-12,2026Q1,0,rw_hl4,dispersion_conditioned,base,adj_ebitda_musd,486.45983777848863,469.75136,24,2026-02-12,2026-02-11,street_pit,disp=0.0440 ref=0.0758 ratio=0.581 b_pt=+1.205,519.0,2026-05-07,-32.540162221511366,0.06689177542407654,0.07250668394951683,12.0,0.22188998417289885,19.0,relative
2026-02-12,2026Q1,0,rw_hl4,dispersion_conditioned,base,adj_ebitda_margin_pct,19.230725385032784,18.53076986670196,24,2026-02-12,2026-02-11,street_pit,disp=0.0440 ref=0.0758 ratio=0.581 b_pt=+1.205,19.38013442867812,2026-05-07,-0.1494090436453348,0.007769287983365292,1.9510237785726847,12.0,14.976589546148091,22.0,additive
2026-02-12,2026Q2,1,rw_hl4,street_plus_bias,base,adj_ebitda_musd,1201.3056077648694,1160.4548,24,2026-02-12,2026-02-11,street_pit,b_pct=+0.0352 b_pt=+0.568 n_pool=16,1261.0,2026-08-06,-59.694392235130636,0.04969126244752742,0.10411713962978096,12.0,0.3811844585242143,19.0,relative
2026-02-12,2026Q2,1,rw_hl4,street_plus_bias,base,adj_ebitda_margin_pct,34.698653098444495,34.13041199273571,24,2026-02-12,2026-02-11,street_pit,b_pct=+0.0352 b_pt=+0.568 n_pool=16,34.950110864745014,2026-08-06,-0.2514577663005184,0.007246902800149169,2.3704695897781494,12.0,10.303899784449964,21.0,additive
2026-02-12,2026Q2,1,rw_hl4,street_plus_flowthrough,base,adj_ebitda_musd,1206.7236653126618,1160.4548,24,2026-02-12,2026-02-11,street_pit,a=+0.6 m=0.672 rev=3468 leg=naive,1261.0,2026-08-06,-54.27633468733825,0.04497826324908871,0.14675418517717434,12.0,0.7198174120948829,19.0,relative
2026-02-12,2026Q2,1,rw_hl4,street_plus_flowthrough,base,adj_ebitda_margin_pct,34.79575924595103,34.13041199273571,24,2026-02-12,2026-02-11,street_pit,a=+0.6 m=0.672 rev=3468 leg=naive,34.950110864745014,2026-08-06,-0.15435161879398152,0.004435931910637736,3.535474822452775,12.0,11.676447810810814,21.0,additive
2026-02-12,2026Q2,1,rw_hl4,dispersion_conditioned,base,adj_ebitda_musd,1180.8802038824347,1160.4548,24,2026-02-12,2026-02-11,street_pit,disp=0.0229 ref=0.0595 ratio=0.500 b_pt=+0.568,1261.0,2026-08-06,-80.11979611756533,0.0678475224278905,0.09727759841065155,12.0,0.36503866345604363,19.0,relative
2026-02-12,2026Q2,1,rw_hl4,dispersion_conditioned,base,adj_ebitda_margin_pct,34.414532545590106,34.13041199273571,24,2026-02-12,2026-02-11,street_pit,disp=0.0229 ref=0.0595 ratio=0.500 b_pt=+0.568,34.950110864745014,2026-08-06,-0.535578319154908,0.0155625626599869,2.1647924434681958,12.0,9.86876920344579,21.0,additive
2026-02-12,2026Q1,0,ew,street_plus_bias,base,adj_ebitda_musd,521.4352660958378,469.75136,24,2026-02-12,2026-02-11,street_pit,b_pct=+0.1100 b_pt=+2.768 n_pool=16,519.0,2026-05-07,2.4352660958378465,-0.004670313371919588,0.09053803651883009,12.0,0.2455364695753904,19.0,relative
2026-02-12,2026Q1,0,ew,street_plus_bias,base,adj_ebitda_margin_pct,21.298958948636443,18.53076986670196,24,2026-02-12,2026-02-11,street_pit,b_pct=+0.1100 b_pt=+2.768 n_pool=16,19.38013442867812,2026-05-07,1.9188245199583243,-0.09009006142439502,2.0881315171676755,12.0,15.658207148820274,22.0,additive
2026-02-12,2026Q1,0,ew,street_plus_flowthrough,base,adj_ebitda_musd,586.4652678955949,469.75136,24,2026-02-12,2026-02-11,street_pit,a=+23.4 m=0.740 rev=2661 leg=guide_cushion,519.0,2026-05-07,67.46526789559493,-0.11503710720616,0.10179551445329328,12.0,0.5183593727308915,20.0,relative
2026-02-12,2026Q1,0,ew,street_plus_flowthrough,base,adj_ebitda_margin_pct,22.038121945614307,18.53076986670196,24,2026-02-12,2026-02-11,street_pit,a=+23.4 m=0.740 rev=2661 leg=guide_cushion,19.38013442867812,2026-05-07,2.6579875169361884,-0.12060862189144661,2.4283103584424373,12.0,15.418066081704948,22.0,additive
2026-02-12,2026Q1,0,ew,dispersion_conditioned,base,adj_ebitda_musd,495.59331304791885,469.75136,24,2026-02-12,2026-02-11,street_pit,disp=0.0440 ref=0.1156 ratio=0.500 b_pt=+2.768,519.0,2026-05-07,-23.406686952081145,0.04722962625974314,0.07062864492247305,12.0,0.22830934785698273,19.0,relative
2026-02-12,2026Q1,0,ew,dispersion_conditioned,base,adj_ebitda_margin_pct,19.9148644076692,18.53076986670196,24,2026-02-12,2026-02-11,street_pit,disp=0.0440 ref=0.1156 ratio=0.500 b_pt=+2.768,19.38013442867812,2026-05-07,0.5347299789910807,-0.026850796874376748,1.9774932372233402,12.0,15.248294600771452,22.0,additive
2026-02-12,2026Q2,1,ew,street_plus_bias,base,adj_ebitda_musd,1305.7254247846663,1160.4548,24,2026-02-12,2026-02-11,street_pit,b_pct=+0.1252 b_pt=+2.770 n_pool=16,1261.0,2026-08-06,44.7254247846663,-0.0342533153875304,0.10128242077272723,12.0,0.3978399981745689,19.0,relative
2026-02-12,2026Q2,1,ew,street_plus_bias,base,adj_ebitda_margin_pct,36.900458464521414,34.13041199273571,24,2026-02-12,2026-02-11,street_pit,b_pct=+0.1252 b_pt=+2.770 n_pool=16,34.950110864745014,2026-08-06,1.9503475997764,-0.05285429181460155,2.2013737267693485,12.0,10.896285308117045,21.0,additive
2026-02-12,2026Q2,1,ew,street_plus_flowthrough,base,adj_ebitda_musd,1229.6341408175354,1160.4548,24,2026-02-12,2026-02-11,street_pit,a=+10.6 m=0.862 rev=3468 leg=naive,1261.0,2026-08-06,-31.365859182464646,0.02550828587242271,0.1466221504149989,12.0,0.7225162946030868,19.0,relative
2026-02-12,2026Q2,1,ew,street_plus_flowthrough,base,adj_ebitda_margin_pct,35.456380573594664,34.13041199273571,24,2026-02-12,2026-02-11,street_pit,a=+10.6 m=0.862 rev=3468 leg=naive,34.950110864745014,2026-08-06,0.5062697088496506,-0.014278662984193113,3.6040583823891543,12.0,11.81846646023149,21.0,additive
2026-02-12,2026Q2,1,ew,dispersion_conditioned,base,adj_ebitda_musd,1233.0901123923331,1160.4548,24,2026-02-12,2026-02-11,street_pit,disp=0.0229 ref=0.1104 ratio=0.500 b_pt=+2.770,1261.0,2026-08-06,-27.90988760766686,0.022634102185377536,0.10012287854366898,12.0,0.37308322339868777,19.0,relative
2026-02-12,2026Q2,1,ew,dispersion_conditioned,base,adj_ebitda_margin_pct,35.51543522862856,34.13041199273571,24,2026-02-12,2026-02-11,street_pit,disp=0.0229 ref=0.1104 ratio=0.500 b_pt=+2.770,34.950110864745014,2026-08-06,0.5653243638835477,-0.015917709025506932,2.1800026209834895,12.0,10.139790846595657,21.0,additive
2026-02-12,2026Q1,0,rw_hl4_usd,street_plus_bias,base,adj_ebitda_musd,510.90772967280236,469.75136,24,2026-02-12,2026-02-11,street_pit,b_pct=+0.0612 b_pt=+1.205 n_pool=16,519.0,2026-05-07,-8.092270327197639,0.015839005474393764,0.08569127646014771,12.0,0.2229615811244351,19.0,relative
2026-02-12,2026Q1,0,rw_hl4_usd,street_plus_bias,base,adj_ebitda_margin_pct,19.735641856887472,18.53076986670196,24,2026-02-12,2026-02-11,street_pit,b_pct=+0.0612 b_pt=+1.205 n_pool=16,19.38013442867812,2026-05-07,0.35550742820935355,-0.01801347180838131,2.209214088983236,12.0,15.220989958983703,22.0,additive
2026-02-12,2026Q1,0,rw_hl4_usd,street_plus_flowthrough,base,adj_ebitda_musd,558.6778468131779,469.75136,24,2026-02-12,2026-02-11,street_pit,a=+18.0 m=0.562 rev=2661 leg=guide_cushion,519.0,2026-05-07,39.677846813177894,-0.07102097754458869,0.10427814578936695,12.0,0.5140043988693758,20.0,relative
2026-02-12,2026Q1,0,rw_hl4_usd,street_plus_flowthrough,base,adj_ebitda_margin_pct,20.993929547715204,18.53076986670196,24,2026-02-12,2026-02-11,street_pit,a=+18.0 m=0.562 rev=2661 leg=guide_cushion,19.38013442867812,2026-05-07,1.6137951190370856,-0.07686960725333658,2.443337232186209,12.0,15.262020767286137,22.0,additive
2026-02-12,2026Q1,0,rw_hl4_usd,dispersion_conditioned,base,adj_ebitda_musd,493.66064522000573,469.75136,24,2026-02-12,2026-02-11,street_pit,disp=0.0440 ref=0.0758 ratio=0.581 b_pt=+1.205,519.0,2026-05-07,-25.339354779994267,0.0513295014000994,0.08794679797732036,12.0,0.22451747317596615,19.0,relative
2026-02-12,2026Q1,0,rw_hl4_usd,dispersion_conditioned,base,adj_ebitda_margin_pct,19.230725385032784,18.53076986670196,24,2026-02-12,2026-02-11,street_pit,disp=0.0440 ref=0.0758 ratio=0.581 b_pt=+1.205,19.38013442867812,2026-05-07,-0.1494090436453348,0.007769287983365292,1.9510237785726847,12.0,14.976589546148091,22.0,additive
2026-02-12,2026Q2,1,rw_hl4_usd,street_plus_bias,base,adj_ebitda_musd,1177.152186336521,1160.4548,24,2026-02-12,2026-02-11,street_pit,b_pct=+0.0352 b_pt=+0.568 n_pool=16,1261.0,2026-08-06,-83.84781366347897,0.07122937427863629,0.09631692684428078,12.0,0.3794593086484654,19.0,relative
2026-02-12,2026Q2,1,rw_hl4_usd,street_plus_bias,base,adj_ebitda_margin_pct,34.698653098444495,34.13041199273571,24,2026-02-12,2026-02-11,street_pit,b_pct=+0.0352 b_pt=+0.568 n_pool=16,34.950110864745014,2026-08-06,-0.2514577663005184,0.007246902800149169,2.3704695897781494,12.0,10.303899784449964,21.0,additive
2026-02-12,2026Q2,1,rw_hl4_usd,street_plus_flowthrough,base,adj_ebitda_musd,1206.7236653126618,1160.4548,24,2026-02-12,2026-02-11,street_pit,a=+0.6 m=0.672 rev=3468 leg=naive,1261.0,2026-08-06,-54.27633468733825,0.04497826324908871,0.14675418517717434,12.0,0.7198174120948829,19.0,relative
2026-02-12,2026Q2,1,rw_hl4_usd,street_plus_flowthrough,base,adj_ebitda_margin_pct,34.79575924595103,34.13041199273571,24,2026-02-12,2026-02-11,street_pit,a=+0.6 m=0.672 rev=3468 leg=naive,34.950110864745014,2026-08-06,-0.15435161879398152,0.004435931910637736,3.535474822452775,12.0,11.676447810810814,21.0,additive
2026-02-12,2026Q2,1,rw_hl4_usd,dispersion_conditioned,base,adj_ebitda_musd,1168.8034931682605,1160.4548,24,2026-02-12,2026-02-11,street_pit,disp=0.0229 ref=0.0595 ratio=0.500 b_pt=+0.568,1261.0,2026-08-06,-92.1965068317395,0.07888110137472615,0.10572253522349619,12.0,0.3708627173516807,19.0,relative
2026-02-12,2026Q2,1,rw_hl4_usd,dispersion_conditioned,base,adj_ebitda_margin_pct,34.414532545590106,34.13041199273571,24,2026-02-12,2026-02-11,street_pit,disp=0.0229 ref=0.0595 ratio=0.500 b_pt=+0.568,34.950110864745014,2026-08-06,-0.535578319154908,0.0155625626599869,2.1647924434681958,12.0,9.86876920344579,21.0,additive
2026-02-12,2026Q1,0,ew_usd,street_plus_bias,base,adj_ebitda_musd,544.3379183333334,469.75136,24,2026-02-12,2026-02-11,street_pit,b_pct=+0.1100 b_pt=+2.768 n_pool=16,519.0,2026-05-07,25.33791833333339,-0.04654814129229434,0.08320058170786203,12.0,0.23423363284309917,19.0,relative
2026-02-12,2026Q1,0,ew_usd,street_plus_bias,base,adj_ebitda_margin_pct,21.298958948636443,18.53076986670196,24,2026-02-12,2026-02-11,street_pit,b_pct=+0.1100 b_pt=+2.768 n_pool=16,19.38013442867812,2026-05-07,1.9188245199583243,-0.09009006142439502,2.0881315171676755,12.0,15.658207148820274,22.0,additive
2026-02-12,2026Q1,0,ew_usd,street_plus_flowthrough,base,adj_ebitda_musd,586.4652678955949,469.75136,24,2026-02-12,2026-02-11,street_pit,a=+23.4 m=0.740 rev=2661 leg=guide_cushion,519.0,2026-05-07,67.46526789559493,-0.11503710720616,0.10179551445329328,12.0,0.5183593727308915,20.0,relative
2026-02-12,2026Q1,0,ew_usd,street_plus_flowthrough,base,adj_ebitda_margin_pct,22.038121945614307,18.53076986670196,24,2026-02-12,2026-02-11,street_pit,a=+23.4 m=0.740 rev=2661 leg=guide_cushion,19.38013442867812,2026-05-07,2.6579875169361884,-0.12060862189144661,2.4283103584424373,12.0,15.418066081704948,22.0,additive
2026-02-12,2026Q1,0,ew_usd,dispersion_conditioned,base,adj_ebitda_musd,507.0446391666667,469.75136,24,2026-02-12,2026-02-11,street_pit,disp=0.0440 ref=0.1156 ratio=0.500 b_pt=+2.768,519.0,2026-05-07,-11.955360833333316,0.023578517372715213,0.096692532641775,12.0,0.23431722937619492,19.0,relative
2026-02-12,2026Q1,0,ew_usd,dispersion_conditioned,base,adj_ebitda_margin_pct,19.9148644076692,18.53076986670196,24,2026-02-12,2026-02-11,street_pit,disp=0.0440 ref=0.1156 ratio=0.500 b_pt=+2.768,19.38013442867812,2026-05-07,0.5347299789910807,-0.026850796874376748,1.9774932372233402,12.0,15.248294600771452,22.0,additive
2026-02-12,2026Q2,1,ew_usd,street_plus_bias,base,adj_ebitda_musd,1231.5770027777778,1160.4548,24,2026-02-12,2026-02-11,street_pit,b_pct=+0.1252 b_pt=+2.770 n_pool=16,1261.0,2026-08-06,-29.422997222222193,0.023890505551711128,0.09433748752293805,12.0,0.3930112037728623,19.0,relative
2026-02-12,2026Q2,1,ew_usd,street_plus_bias,base,adj_ebitda_margin_pct,36.900458464521414,34.13041199273571,24,2026-02-12,2026-02-11,street_pit,b_pct=+0.1252 b_pt=+2.770 n_pool=16,34.950110864745014,2026-08-06,1.9503475997764,-0.05285429181460155,2.2013737267693485,12.0,10.896285308117045,21.0,additive
2026-02-12,2026Q2,1,ew_usd,street_plus_flowthrough,base,adj_ebitda_musd,1229.6341408175354,1160.4548,24,2026-02-12,2026-02-11,street_pit,a=+10.6 m=0.862 rev=3468 leg=naive,1261.0,2026-08-06,-31.365859182464646,0.02550828587242271,0.1466221504149989,12.0,0.7225162946030868,19.0,relative
2026-02-12,2026Q2,1,ew_usd,street_plus_flowthrough,base,adj_ebitda_margin_pct,35.456380573594664,34.13041199273571,24,2026-02-12,2026-02-11,street_pit,a=+10.6 m=0.862 rev=3468 leg=naive,34.950110864745014,2026-08-06,0.5062697088496506,-0.014278662984193113,3.6040583823891543,12.0,11.81846646023149,21.0,additive
2026-02-12,2026Q2,1,ew_usd,dispersion_conditioned,base,adj_ebitda_musd,1196.0159013888888,1160.4548,24,2026-02-12,2026-02-11,street_pit,disp=0.0229 ref=0.1104 ratio=0.500 b_pt=+2.770,1261.0,2026-08-06,-64.98409861111122,0.05433380821747247,0.10669457286474442,12.0,0.3764315108334057,19.0,relative
2026-02-12,2026Q2,1,ew_usd,dispersion_conditioned,base,adj_ebitda_margin_pct,35.51543522862856,34.13041199273571,24,2026-02-12,2026-02-11,street_pit,disp=0.0229 ref=0.1104 ratio=0.500 b_pt=+2.770,34.950110864745014,2026-08-06,0.5653243638835477,-0.015917709025506932,2.1800026209834895,12.0,10.139790846595657,21.0,additive
2026-02-12,2026Q1,0,rw_hl4_med,street_plus_bias,base,adj_ebitda_musd,488.76958329336395,469.75136,24,2026-02-12,2026-02-11,street_pit,b_pct=+0.0405 b_pt=+0.681 n_pool=16,519.0,2026-05-07,-30.23041670663605,0.0618500367861301,0.09196022295022106,12.0,0.23280684039067323,19.0,relative
2026-02-12,2026Q1,0,rw_hl4_med,street_plus_bias,base,adj_ebitda_margin_pct,19.211502195058046,18.53076986670196,24,2026-02-12,2026-02-11,street_pit,b_pct=+0.0405 b_pt=+0.681 n_pool=16,19.38013442867812,2026-05-07,-0.16863223362007318,0.008777670372046797,2.086029809161437,12.0,15.094928975007344,22.0,additive
2026-02-12,2026Q1,0,rw_hl4_med,street_plus_flowthrough,base,adj_ebitda_musd,555.9282784479466,469.75136,24,2026-02-12,2026-02-11,street_pit,a=+15.3 m=0.562 rev=2661 leg=guide_cushion,519.0,2026-05-07,36.92827844794658,-0.06642633569755396,0.09433909988743437,12.0,0.5143603690395466,20.0,relative
2026-02-12,2026Q1,0,rw_hl4_med,street_plus_flowthrough,base,adj_ebitda_margin_pct,20.89060659536339,18.53076986670196,24,2026-02-12,2026-02-11,street_pit,a=+15.3 m=0.562 rev=2661 leg=guide_cushion,19.38013442867812,2026-05-07,1.5104721666852718,-0.07230389217230848,2.205464871143272,12.0,15.29649982708439,22.0,additive
2026-02-12,2026Q1,0,rw_hl4_med,dispersion_conditioned,base,adj_ebitda_musd,480.79976219664195,469.75136,24,2026-02-12,2026-02-11,street_pit,disp=0.0440 ref=0.0758 ratio=0.581 b_pt=+0.681,519.0,2026-05-07,-38.20023780335805,0.07945144903739476,0.06864676005128025,12.0,0.2183712414699615,19.0,relative
2026-02-12,2026Q1,0,rw_hl4_med,dispersion_conditioned,base,adj_ebitda_margin_pct,18.926232914743828,18.53076986670196,24,2026-02-12,2026-02-11,street_pit,disp=0.0440 ref=0.0758 ratio=0.581 b_pt=+0.681,19.38013442867812,2026-05-07,-0.4539015139342908,0.023982665540414727,1.7496595504551984,12.0,14.861826872107399,22.0,additive
2026-02-12,2026Q2,1,rw_hl4_med,street_plus_bias,base,adj_ebitda_musd,1156.8566764698999,1160.4548,24,2026-02-12,2026-02-11,street_pit,b_pct=-0.0031 b_pt=-0.247 n_pool=16,1261.0,2026-08-06,-104.14332353010013,0.09002266715345342,0.1164460929849627,12.0,0.37136955885379275,19.0,relative
2026-02-12,2026Q2,1,rw_hl4_med,street_plus_bias,base,adj_ebitda_margin_pct,33.883776241877335,34.13041199273571,24,2026-02-12,2026-02-11,street_pit,b_pct=-0.0031 b_pt=-0.247 n_pool=16,34.950110864745014,2026-08-06,-1.0663346228676787,0.03147035959792999,2.651067240707422,12.0,10.095755219235308,21.0,additive
2026-02-12,2026Q2,1,rw_hl4_med,street_plus_flowthrough,base,adj_ebitda_musd,1199.2528372673708,1160.4548,24,2026-02-12,2026-02-11,street_pit,a=-6.9 m=0.672 rev=3468 leg=naive,1261.0,2026-08-06,-61.74716273262925,0.0514880272231224,0.13776490769552688,12.0,0.7218660162396997,19.0,relative
2026-02-12,2026Q2,1,rw_hl4_med,street_plus_flowthrough,base,adj_ebitda_margin_pct,34.58033864759516,34.13041199273571,24,2026-02-12,2026-02-11,street_pit,a=-6.9 m=0.672 rev=3468 leg=naive,34.950110864745014,2026-08-06,-0.3697722171498512,0.010693134642727475,3.2449925208700114,12.0,11.750614977883718,21.0,additive
2026-02-12,2026Q2,1,rw_hl4_med,dispersion_conditioned,base,adj_ebitda_musd,1158.65573823495,1160.4548,24,2026-02-12,2026-02-11,street_pit,disp=0.0229 ref=0.0595 ratio=0.500 b_pt=-0.247,1261.0,2026-08-06,-102.34426176505008,0.08833017296488532,0.10593992352825812,12.0,0.35783625823083315,19.0,relative
2026-02-12,2026Q2,1,rw_hl4_med,dispersion_conditioned,base,adj_ebitda_margin_pct,34.00709411730652,34.13041199273571,24,2026-02-12,2026-02-11,street_pit,disp=0.0229 ref=0.0595 ratio=0.500 b_pt=-0.247,34.950110864745014,2026-08-06,-0.9430167474384916,0.02773000081058319,2.4282691321617835,12.0,9.761955651586398,21.0,additive
2026-02-12,2026Q1,0,rw_hl4_from21,street_plus_bias,base,adj_ebitda_musd,502.208379279151,469.75136,24,2026-02-12,2026-02-11,street_pit,b_pct=+0.0691 b_pt=+1.796 n_pool=20,519.0,2026-05-07,-16.791620720848982,0.03343556462548669,0.09408486009139243,12.0,0.20683945094981224,19.0,relative
2026-02-12,2026Q1,0,rw_hl4_from21,street_plus_bias,base,adj_ebitda_margin_pct,20.326433670736137,18.53076986670196,24,2026-02-12,2026-02-11,street_pit,b_pct=+0.0691 b_pt=+1.796 n_pool=20,19.38013442867812,2026-05-07,0.9462992420580179,-0.04655510442151001,3.0881835612490423,12.0,14.672910051937183,22.0,additive
2026-02-12,2026Q1,0,rw_hl4_from21,street_plus_flowthrough,base,adj_ebitda_musd,571.2568437580067,469.75136,24,2026-02-12,2026-02-11,street_pit,a=+16.9 m=0.670 rev=2661 leg=guide_cushion,519.0,2026-05-07,52.25684375800665,-0.09147696754796952,0.11685020102679099,12.0,0.29085055598509846,20.0,relative
2026-02-12,2026Q1,0,rw_hl4_from21,street_plus_flowthrough,base,adj_ebitda_margin_pct,21.466621595819575,18.53076986670196,24,2026-02-12,2026-02-11,street_pit,a=+16.9 m=0.670 rev=2661 leg=guide_cushion,19.38013442867812,2026-05-07,2.086487167141456,-0.09719681123683566,2.799982626380205,12.0,14.534570388944056,22.0,additive
2026-02-12,2026Q1,0,rw_hl4_from21,dispersion_conditioned,base,adj_ebitda_musd,488.6068649317013,469.75136,24,2026-02-12,2026-02-11,street_pit,disp=0.0440 ref=0.0758 ratio=0.581 b_pt=+1.796,519.0,2026-05-07,-30.393135068298704,0.062203659526042676,0.06894127248717408,12.0,0.19454854597474963,19.0,relative
2026-02-12,2026Q1,0,rw_hl4_from21,dispersion_conditioned,base,adj_ebitda_margin_pct,19.57393860075737,18.53076986670196,24,2026-02-12,2026-02-11,street_pit,disp=0.0440 ref=0.0758 ratio=0.581 b_pt=+1.796,19.38013442867812,2026-05-07,0.1938041720792505,-0.009901133135860163,2.8505748206941854,12.0,14.338052835807394,22.0,additive
2026-02-12,2026Q2,1,rw_hl4_from21,street_plus_bias,base,adj_ebitda_musd,1215.7174525660791,1160.4548,24,2026-02-12,2026-02-11,street_pit,b_pct=+0.0476 b_pt=+0.943 n_pool=19,1261.0,2026-08-06,-45.282547433920854,0.037247591813657444,0.09620929902842243,12.0,0.3578010182792309,19.0,relative
2026-02-12,2026Q2,1,rw_hl4_from21,street_plus_bias,base,adj_ebitda_margin_pct,35.07361764804253,34.13041199273571,24,2026-02-12,2026-02-11,street_pit,b_pct=+0.0476 b_pt=+0.943 n_pool=19,34.950110864745014,2026-08-06,0.12350678329751474,-0.0035213585475237785,2.750825607710845,12.0,10.148821596975424,21.0,additive
2026-02-12,2026Q2,1,rw_hl4_from21,street_plus_flowthrough,base,adj_ebitda_musd,1212.3433342983026,1160.4548,24,2026-02-12,2026-02-11,street_pit,a=+1.4 m=0.743 rev=3468 leg=naive,1261.0,2026-08-06,-48.65666570169742,0.04013439454414924,0.1443665213149933,12.0,0.9209919578872752,20.0,relative
2026-02-12,2026Q2,1,rw_hl4_from21,street_plus_flowthrough,base,adj_ebitda_margin_pct,34.957801853291166,34.13041199273571,24,2026-02-12,2026-02-11,street_pit,a=+1.4 m=0.743 rev=3468 leg=naive,34.950110864745014,2026-08-06,0.0076909885461518,-0.00022000778476949368,3.5345378158535024,12.0,10.999744686062382,21.0,additive
2026-02-12,2026Q2,1,rw_hl4_from21,dispersion_conditioned,base,adj_ebitda_musd,1188.0861262830394,1160.4548,24,2026-02-12,2026-02-11,street_pit,disp=0.0229 ref=0.0595 ratio=0.500 b_pt=+0.943,1261.0,2026-08-06,-72.91387371696055,0.06137086538084047,0.08832571523029963,12.0,0.3398177001035712,19.0,relative
2026-02-12,2026Q2,1,rw_hl4_from21,dispersion_conditioned,base,adj_ebitda_margin_pct,34.602014820389115,34.13041199273571,24,2026-02-12,2026-02-11,street_pit,disp=0.0229 ref=0.0595 ratio=0.500 b_pt=+0.943,34.950110864745014,2026-08-06,-0.34809604435589847,0.01005999350508291,2.466301170270898,12.0,9.60153740883803,21.0,additive
2026-05-07,2026Q2,0,rw_hl4,street_plus_bias,base,adj_ebitda_musd,1249.6360081661878,1174.1566,25,2026-05-07,2026-05-06,street_pit,b_pct=+0.0643 b_pt=+1.112 n_pool=17,1261.0,2026-08-06,-11.363991833812179,0.009093841534294933,0.09655417843973424,12.0,0.23570539215389635,19.0,relative
2026-05-07,2026Q2,0,rw_hl4,street_plus_bias,base,adj_ebitda_margin_pct,35.03703993101923,33.925055026742484,25,2026-05-07,2026-05-06,street_pit,b_pct=+0.0643 b_pt=+1.112 n_pool=17,34.950110864745014,2026-08-06,0.08692906627421593,-0.002481061940316942,2.054841469639491,12.0,15.220989958983703,22.0,additive
2026-05-07,2026Q2,0,rw_hl4,street_plus_flowthrough,base,adj_ebitda_musd,1274.1267434296294,1174.1566,25,2026-05-07,2026-05-06,street_pit,a=+16.0 m=0.469 rev=3640 leg=guide_cushion,1261.0,2026-08-06,13.126743429629414,-0.010302541326693726,0.059587477476057055,12.0,0.5140043988693758,20.0,relative
2026-05-07,2026Q2,0,rw_hl4,street_plus_flowthrough,base,adj_ebitda_margin_pct,35.003962304258565,33.925055026742484,25,2026-05-07,2026-05-06,street_pit,a=+16.0 m=0.469 rev=3640 leg=guide_cushion,34.950110864745014,2026-08-06,0.05385143951355076,-0.0015384383929301082,1.807936582776762,12.0,15.262020767286137,22.0,additive
2026-05-07,2026Q2,0,rw_hl4,dispersion_conditioned,base,adj_ebitda_musd,1211.896304083094,1174.1566,25,2026-05-07,2026-05-06,street_pit,disp=0.0198 ref=0.0665 ratio=0.500 b_pt=+1.112,1261.0,2026-08-06,-49.10369591690596,0.04051806722362872,0.07447121217481575,12.0,0.22188998417289885,19.0,relative
2026-05-07,2026Q2,0,rw_hl4,dispersion_conditioned,base,adj_ebitda_margin_pct,34.48104747888085,33.925055026742484,25,2026-05-07,2026-05-06,street_pit,disp=0.0198 ref=0.0665 ratio=0.500 b_pt=+1.112,34.950110864745014,2026-08-06,-0.4690633858641604,0.013603513238727993,1.6787931305159225,12.0,14.976589546148091,22.0,additive
2026-05-07,2026Q3,1,rw_hl4,street_plus_bias,base,adj_ebitda_musd,2393.719516930038,2292.16544,25,2026-05-07,2026-05-06,street_pit,b_pct=+0.0443 b_pt=+0.586 n_pool=17,,2026-11-05,,,0.10899887673157965,12.0,0.3811844585242143,19.0,relative
2026-05-07,2026Q3,1,rw_hl4,street_plus_bias,base,adj_ebitda_margin_pct,50.89502041000684,50.30885078375313,25,2026-05-07,2026-05-06,street_pit,b_pct=+0.0443 b_pt=+0.586 n_pool=17,,2026-11-05,,,2.4043551840586126,12.0,10.303899784449964,21.0,additive
2026-05-07,2026Q3,1,rw_hl4,street_plus_flowthrough,base,adj_ebitda_musd,2440.3110223972067,2292.16544,25,2026-05-07,2026-05-06,street_pit,a=-1.9 m=0.555 rev=4827 leg=naive,,2026-11-05,,,0.10158936998778745,12.0,0.7198174120948829,19.0,relative
2026-05-07,2026Q3,1,rw_hl4,street_plus_flowthrough,base,adj_ebitda_margin_pct,50.55790037839598,50.30885078375313,25,2026-05-07,2026-05-06,street_pit,a=-1.9 m=0.555 rev=4827 leg=naive,,2026-11-05,,,2.508181513181121,12.0,11.676447810810814,21.0,additive
2026-05-07,2026Q3,1,rw_hl4,dispersion_conditioned,base,adj_ebitda_musd,2342.942478465019,2292.16544,25,2026-05-07,2026-05-06,street_pit,disp=0.0162 ref=0.0524 ratio=0.500 b_pt=+0.586,,2026-11-05,,,0.10141472168809289,12.0,0.36503866345604363,19.0,relative
2026-05-07,2026Q3,1,rw_hl4,dispersion_conditioned,base,adj_ebitda_margin_pct,50.60193559687999,50.30885078375313,25,2026-05-07,2026-05-06,street_pit,disp=0.0162 ref=0.0524 ratio=0.500 b_pt=+0.586,,2026-11-05,,,2.0169373485561817,12.0,9.86876920344579,21.0,additive
2026-05-07,2026Q2,0,ew,street_plus_bias,base,adj_ebitda_musd,1303.0037944028436,1174.1566,25,2026-05-07,2026-05-06,street_pit,b_pct=+0.1097 b_pt=+2.667 n_pool=17,1261.0,2026-08-06,42.003794402843596,-0.0322361259293904,0.09087066364968174,12.0,0.2455364695753904,19.0,relative
2026-05-07,2026Q2,0,ew,street_plus_bias,base,adj_ebitda_margin_pct,36.59225334446863,33.925055026742484,25,2026-05-07,2026-05-06,street_pit,b_pct=+0.1097 b_pt=+2.667 n_pool=17,34.950110864745014,2026-08-06,1.642142479723617,-0.04487677936269663,1.9788817078488052,12.0,15.658207148820274,22.0,additive
2026-05-07,2026Q2,0,ew,street_plus_flowthrough,base,adj_ebitda_musd,1322.0049201901543,1174.1566,25,2026-05-07,2026-05-06,street_pit,a=+21.7 m=0.705 rev=3640 leg=guide_cushion,1261.0,2026-08-06,61.00492019015428,-0.04614575880805305,0.059749762938746384,12.0,0.5183593727308915,20.0,relative
2026-05-07,2026Q2,0,ew,street_plus_flowthrough,base,adj_ebitda_margin_pct,36.31931488057359,33.925055026742484,25,2026-05-07,2026-05-06,street_pit,a=+21.7 m=0.705 rev=3640 leg=guide_cushion,34.950110864745014,2026-08-06,1.3692040158285792,-0.03769905958663711,1.855833927993762,12.0,15.418066081704948,22.0,additive
2026-05-07,2026Q2,0,ew,dispersion_conditioned,base,adj_ebitda_musd,1238.580197201422,1174.1566,25,2026-05-07,2026-05-06,street_pit,disp=0.0198 ref=0.1105 ratio=0.500 b_pt=+2.667,1261.0,2026-08-06,-22.419802798578075,0.018101212056543137,0.07270984822337838,12.0,0.22830934785698273,19.0,relative
2026-05-07,2026Q2,0,ew,dispersion_conditioned,base,adj_ebitda_margin_pct,35.25865418560556,33.925055026742484,25,2026-05-07,2026-05-06,street_pit,disp=0.0198 ref=0.1105 ratio=0.500 b_pt=+2.667,34.950110864745014,2026-08-06,0.3085433208605437,-0.008750853598561537,1.7566094468353155,12.0,15.248294600771452,22.0,additive
2026-05-07,2026Q3,1,ew,street_plus_bias,base,adj_ebitda_musd,2578.2246087215767,2292.16544,25,2026-05-07,2026-05-06,street_pit,b_pct=+0.1248 b_pt=+2.671 n_pool=17,,2026-11-05,,,0.10000686547687859,12.0,0.3978399981745689,19.0,relative
2026-05-07,2026Q3,1,ew,street_plus_bias,base,adj_ebitda_margin_pct,52.98003580262674,50.30885078375313,25,2026-05-07,2026-05-06,street_pit,b_pct=+0.1248 b_pt=+2.671 n_pool=17,,2026-11-05,,,2.2570992007631268,12.0,10.896285308117045,21.0,additive
2026-05-07,2026Q3,1,ew,street_plus_flowthrough,base,adj_ebitda_musd,2523.7892325811104,2292.16544,25,2026-05-07,2026-05-06,street_pit,a=+8.0 m=0.826 rev=4827 leg=naive,,2026-11-05,,,0.10108446852143513,12.0,0.7225162946030868,19.0,relative
2026-05-07,2026Q3,1,ew,street_plus_flowthrough,base,adj_ebitda_margin_pct,52.287386085549265,50.30885078375313,25,2026-05-07,2026-05-06,street_pit,a=+8.0 m=0.826 rev=4827 leg=naive,,2026-11-05,,,2.561110017497267,12.0,11.81846646023149,21.0,additive
2026-05-07,2026Q3,1,ew,dispersion_conditioned,base,adj_ebitda_musd,2435.1950243607885,2292.16544,25,2026-05-07,2026-05-06,street_pit,disp=0.0162 ref=0.1057 ratio=0.500 b_pt=+2.671,,2026-11-05,,,0.10293160405767611,12.0,0.37308322339868777,19.0,relative
2026-05-07,2026Q3,1,ew,dispersion_conditioned,base,adj_ebitda_margin_pct,51.64444329318994,50.30885078375313,25,2026-05-07,2026-05-06,street_pit,disp=0.0162 ref=0.1057 ratio=0.500 b_pt=+2.671,,2026-11-05,,,2.0576574119305118,12.0,10.139790846595657,21.0,additive
2026-05-07,2026Q2,0,rw_hl4_usd,street_plus_bias,base,adj_ebitda_musd,1214.6839247655003,1174.1566,25,2026-05-07,2026-05-06,street_pit,b_pct=+0.0643 b_pt=+1.112 n_pool=17,1261.0,2026-08-06,-46.31607523449975,0.03813014586773367,0.0600247876447078,12.0,0.2229615811244351,19.0,relative
2026-05-07,2026Q2,0,rw_hl4_usd,street_plus_bias,base,adj_ebitda_margin_pct,35.03703993101923,33.925055026742484,25,2026-05-07,2026-05-06,street_pit,b_pct=+0.0643 b_pt=+1.112 n_pool=17,34.950110864745014,2026-08-06,0.08692906627421593,-0.002481061940316942,2.054841469639491,12.0,15.220989958983703,22.0,additive
2026-05-07,2026Q2,0,rw_hl4_usd,street_plus_flowthrough,base,adj_ebitda_musd,1274.1267434296294,1174.1566,25,2026-05-07,2026-05-06,street_pit,a=+16.0 m=0.469 rev=3640 leg=guide_cushion,1261.0,2026-08-06,13.126743429629414,-0.010302541326693726,0.059587477476057055,12.0,0.5140043988693758,20.0,relative
2026-05-07,2026Q2,0,rw_hl4_usd,street_plus_flowthrough,base,adj_ebitda_margin_pct,35.003962304258565,33.925055026742484,25,2026-05-07,2026-05-06,street_pit,a=+16.0 m=0.469 rev=3640 leg=guide_cushion,34.950110864745014,2026-08-06,0.05385143951355076,-0.0015384383929301082,1.807936582776762,12.0,15.262020767286137,22.0,additive
2026-05-07,2026Q2,0,rw_hl4_usd,dispersion_conditioned,base,adj_ebitda_musd,1194.42026238275,1174.1566,25,2026-05-07,2026-05-06,street_pit,disp=0.0198 ref=0.0665 ratio=0.500 b_pt=+1.112,1261.0,2026-08-06,-66.57973761724998,0.055742304207423654,0.06342802265709094,12.0,0.22451747317596615,19.0,relative
2026-05-07,2026Q2,0,rw_hl4_usd,dispersion_conditioned,base,adj_ebitda_margin_pct,34.48104747888085,33.925055026742484,25,2026-05-07,2026-05-06,street_pit,disp=0.0198 ref=0.0665 ratio=0.500 b_pt=+1.112,34.950110864745014,2026-08-06,-0.4690633858641604,0.013603513238727993,1.6787931305159225,12.0,14.976589546148091,22.0,additive
2026-05-07,2026Q3,1,rw_hl4_usd,street_plus_bias,base,adj_ebitda_musd,2312.994740828494,2292.16544,25,2026-05-07,2026-05-06,street_pit,b_pct=+0.0443 b_pt=+0.586 n_pool=17,,2026-11-05,,,0.07766302011173347,12.0,0.3794593086484654,19.0,relative
2026-05-07,2026Q3,1,rw_hl4_usd,street_plus_bias,base,adj_ebitda_margin_pct,50.89502041000684,50.30885078375313,25,2026-05-07,2026-05-06,street_pit,b_pct=+0.0443 b_pt=+0.586 n_pool=17,,2026-11-05,,,2.4043551840586126,12.0,10.303899784449964,21.0,additive
2026-05-07,2026Q3,1,rw_hl4_usd,street_plus_flowthrough,base,adj_ebitda_musd,2440.3110223972067,2292.16544,25,2026-05-07,2026-05-06,street_pit,a=-1.9 m=0.555 rev=4827 leg=naive,,2026-11-05,,,0.10158936998778745,12.0,0.7198174120948829,19.0,relative
2026-05-07,2026Q3,1,rw_hl4_usd,street_plus_flowthrough,base,adj_ebitda_margin_pct,50.55790037839598,50.30885078375313,25,2026-05-07,2026-05-06,street_pit,a=-1.9 m=0.555 rev=4827 leg=naive,,2026-11-05,,,2.508181513181121,12.0,11.676447810810814,21.0,additive
2026-05-07,2026Q3,1,rw_hl4_usd,dispersion_conditioned,base,adj_ebitda_musd,2302.580090414247,2292.16544,25,2026-05-07,2026-05-06,street_pit,disp=0.0162 ref=0.0524 ratio=0.500 b_pt=+0.586,,2026-11-05,,,0.07913211635515159,12.0,0.3708627173516807,19.0,relative
2026-05-07,2026Q3,1,rw_hl4_usd,dispersion_conditioned,base,adj_ebitda_margin_pct,50.60193559687999,50.30885078375313,25,2026-05-07,2026-05-06,street_pit,disp=0.0162 ref=0.0524 ratio=0.500 b_pt=+0.586,,2026-11-05,,,2.0169373485561817,12.0,9.86876920344579,21.0,additive
2026-05-07,2026Q2,0,ew_usd,street_plus_bias,base,adj_ebitda_musd,1247.4095836842105,1174.1566,25,2026-05-07,2026-05-06,street_pit,b_pct=+0.1097 b_pt=+2.667 n_pool=17,1261.0,2026-08-06,-13.590416315789525,0.010894910936671165,0.0558848663510958,12.0,0.23423363284309917,19.0,relative
2026-05-07,2026Q2,0,ew_usd,street_plus_bias,base,adj_ebitda_margin_pct,36.59225334446863,33.925055026742484,25,2026-05-07,2026-05-06,street_pit,b_pct=+0.1097 b_pt=+2.667 n_pool=17,34.950110864745014,2026-08-06,1.642142479723617,-0.04487677936269663,1.9788817078488052,12.0,15.658207148820274,22.0,additive
2026-05-07,2026Q2,0,ew_usd,street_plus_flowthrough,base,adj_ebitda_musd,1322.0049201901543,1174.1566,25,2026-05-07,2026-05-06,street_pit,a=+21.7 m=0.705 rev=3640 leg=guide_cushion,1261.0,2026-08-06,61.00492019015428,-0.04614575880805305,0.059749762938746384,12.0,0.5183593727308915,20.0,relative
2026-05-07,2026Q2,0,ew_usd,street_plus_flowthrough,base,adj_ebitda_margin_pct,36.31931488057359,33.925055026742484,25,2026-05-07,2026-05-06,street_pit,a=+21.7 m=0.705 rev=3640 leg=guide_cushion,34.950110864745014,2026-08-06,1.3692040158285792,-0.03769905958663711,1.855833927993762,12.0,15.418066081704948,22.0,additive
2026-05-07,2026Q2,0,ew_usd,dispersion_conditioned,base,adj_ebitda_musd,1210.7830918421053,1174.1566,25,2026-05-07,2026-05-06,street_pit,disp=0.0198 ref=0.1105 ratio=0.500 b_pt=+2.667,1261.0,2026-08-06,-50.21690815789475,0.041474735232298165,0.07517593896882034,12.0,0.23431722937619492,19.0,relative
2026-05-07,2026Q2,0,ew_usd,dispersion_conditioned,base,adj_ebitda_margin_pct,35.25865418560556,33.925055026742484,25,2026-05-07,2026-05-06,street_pit,disp=0.0198 ref=0.1105 ratio=0.500 b_pt=+2.667,34.950110864745014,2026-08-06,0.3085433208605437,-0.008750853598561537,1.7566094468353155,12.0,15.248294600771452,22.0,additive
2026-05-07,2026Q3,1,ew_usd,street_plus_bias,base,adj_ebitda_musd,2362.432765263158,2292.16544,25,2026-05-07,2026-05-06,street_pit,b_pct=+0.1248 b_pt=+2.671 n_pool=17,,2026-11-05,,,0.07434613943008977,12.0,0.3930112037728623,19.0,relative
2026-05-07,2026Q3,1,ew_usd,street_plus_bias,base,adj_ebitda_margin_pct,52.98003580262674,50.30885078375313,25,2026-05-07,2026-05-06,street_pit,b_pct=+0.1248 b_pt=+2.671 n_pool=17,,2026-11-05,,,2.2570992007631268,12.0,10.896285308117045,21.0,additive
2026-05-07,2026Q3,1,ew_usd,street_plus_flowthrough,base,adj_ebitda_musd,2523.7892325811104,2292.16544,25,2026-05-07,2026-05-06,street_pit,a=+8.0 m=0.826 rev=4827 leg=naive,,2026-11-05,,,0.10108446852143513,12.0,0.7225162946030868,19.0,relative
2026-05-07,2026Q3,1,ew_usd,street_plus_flowthrough,base,adj_ebitda_margin_pct,52.287386085549265,50.30885078375313,25,2026-05-07,2026-05-06,street_pit,a=+8.0 m=0.826 rev=4827 leg=naive,,2026-11-05,,,2.561110017497267,12.0,11.81846646023149,21.0,additive
2026-05-07,2026Q3,1,ew_usd,dispersion_conditioned,base,adj_ebitda_musd,2327.299102631579,2292.16544,25,2026-05-07,2026-05-06,street_pit,disp=0.0162 ref=0.1057 ratio=0.500 b_pt=+2.671,,2026-11-05,,,0.08040625809525137,12.0,0.3764315108334057,19.0,relative
2026-05-07,2026Q3,1,ew_usd,dispersion_conditioned,base,adj_ebitda_margin_pct,51.64444329318994,50.30885078375313,25,2026-05-07,2026-05-06,street_pit,disp=0.0162 ref=0.1057 ratio=0.500 b_pt=+2.671,,2026-11-05,,,2.0576574119305118,12.0,10.139790846595657,21.0,additive
2026-05-07,2026Q2,0,rw_hl4_med,street_plus_bias,base,adj_ebitda_musd,1262.157577524345,1174.1566,25,2026-05-07,2026-05-06,street_pit,b_pct=+0.0749 b_pt=+0.636 n_pool=17,1261.0,2026-08-06,1.1575775243450153,-0.000917141841049296,0.0938118681763195,12.0,0.23280684039067323,19.0,relative
2026-05-07,2026Q2,0,rw_hl4_med,street_plus_bias,base,adj_ebitda_margin_pct,34.56087425712123,33.925055026742484,25,2026-05-07,2026-05-06,street_pit,b_pct=+0.0749 b_pt=+0.636 n_pool=17,34.950110864745014,2026-08-06,-0.3892366076237863,0.011262348421165358,2.06906864031802,12.0,15.094928975007344,22.0,additive
2026-05-07,2026Q2,0,rw_hl4_med,street_plus_flowthrough,base,adj_ebitda_musd,1267.9124925947485,1174.1566,25,2026-05-07,2026-05-06,street_pit,a=+9.8 m=0.469 rev=3640 leg=guide_cushion,1261.0,2026-08-06,6.912492594748528,-0.0054518688277944705,0.053679980877426516,12.0,0.5143603690395466,20.0,relative
2026-05-07,2026Q2,0,rw_hl4_med,street_plus_flowthrough,base,adj_ebitda_margin_pct,34.83323878472246,33.925055026742484,25,2026-05-07,2026-05-06,street_pit,a=+9.8 m=0.469 rev=3640 leg=guide_cushion,34.950110864745014,2026-08-06,-0.1168720800225529,0.0033551884378266728,1.6971614591136406,12.0,15.29649982708439,22.0,additive
2026-05-07,2026Q2,0,rw_hl4_med,dispersion_conditioned,base,adj_ebitda_musd,1218.1570887621726,1174.1566,25,2026-05-07,2026-05-06,street_pit,disp=0.0198 ref=0.0665 ratio=0.500 b_pt=+0.636,1261.0,2026-08-06,-42.842911237827366,0.035170267967132185,0.07101139407341386,12.0,0.2183712414699615,19.0,relative
2026-05-07,2026Q2,0,rw_hl4_med,dispersion_conditioned,base,adj_ebitda_margin_pct,34.242964641931856,33.925055026742484,25,2026-05-07,2026-05-06,street_pit,disp=0.0198 ref=0.0665 ratio=0.500 b_pt=+0.636,34.950110864745014,2026-08-06,-0.707146222813158,0.020650846975650783,1.6603119694795674,12.0,14.861826872107399,22.0,additive
2026-05-07,2026Q3,1,rw_hl4_med,street_plus_bias,base,adj_ebitda_musd,2285.035309741951,2292.16544,25,2026-05-07,2026-05-06,street_pit,b_pct=-0.0031 b_pt=-0.178 n_pool=17,,2026-11-05,,,0.11463591694804334,12.0,0.37136955885379275,19.0,relative
2026-05-07,2026Q3,1,rw_hl4_med,street_plus_bias,base,adj_ebitda_margin_pct,50.13054364570886,50.30885078375313,25,2026-05-07,2026-05-06,street_pit,b_pct=-0.0031 b_pt=-0.178 n_pool=17,,2026-11-05,,,2.5806039461691146,12.0,10.095755219235308,21.0,additive
2026-05-07,2026Q3,1,rw_hl4_med,street_plus_flowthrough,base,adj_ebitda_musd,2434.2487960681337,2292.16544,25,2026-05-07,2026-05-06,street_pit,a=-8.0 m=0.555 rev=4827 leg=naive,,2026-11-05,,,0.09447592058682647,12.0,0.7218660162396997,19.0,relative
2026-05-07,2026Q3,1,rw_hl4_med,street_plus_flowthrough,base,adj_ebitda_margin_pct,50.432304324448936,50.30885078375313,25,2026-05-07,2026-05-06,street_pit,a=-8.0 m=0.555 rev=4827 leg=naive,,2026-11-05,,,2.3253491245176514,12.0,11.750614977883718,21.0,additive
2026-05-07,2026Q3,1,rw_hl4_med,dispersion_conditioned,base,adj_ebitda_musd,2288.600374870976,2292.16544,25,2026-05-07,2026-05-06,street_pit,disp=0.0162 ref=0.0524 ratio=0.500 b_pt=-0.178,,2026-11-05,,,0.1042857462152351,12.0,0.35783625823083315,19.0,relative
2026-05-07,2026Q3,1,rw_hl4_med,dispersion_conditioned,base,adj_ebitda_margin_pct,50.219697214731,50.30885078375313,25,2026-05-07,2026-05-06,street_pit,disp=0.0162 ref=0.0524 ratio=0.500 b_pt=-0.178,,2026-11-05,,,2.1517425820060994,12.0,9.761955651586398,21.0,additive
2026-05-07,2026Q2,0,rw_hl4_from21,street_plus_bias,base,adj_ebitda_musd,1257.3060512730451,1174.1566,25,2026-05-07,2026-05-06,street_pit,b_pct=+0.0708 b_pt=+1.609 n_pool=21,1261.0,2026-08-06,-3.6939487269548863,0.002937986915130697,0.0963456268991215,12.0,0.20683945094981224,19.0,relative
2026-05-07,2026Q2,0,rw_hl4_from21,street_plus_bias,base,adj_ebitda_margin_pct,35.53381207170287,33.925055026742484,25,2026-05-07,2026-05-06,street_pit,b_pct=+0.0708 b_pt=+1.609 n_pool=21,34.950110864745014,2026-08-06,0.5837012069578549,-0.01642664192009624,2.666617092993758,12.0,14.672910051937183,22.0,additive
2026-05-07,2026Q2,0,rw_hl4_from21,street_plus_flowthrough,base,adj_ebitda_musd,1291.0191199356148,1174.1566,25,2026-05-07,2026-05-06,street_pit,a=+13.7 m=0.577 rev=3640 leg=guide_cushion,1261.0,2026-08-06,30.019119935614754,-0.023252265959555984,0.05936914144459374,12.0,0.29085055598509846,20.0,relative
2026-05-07,2026Q2,0,rw_hl4_from21,street_plus_flowthrough,base,adj_ebitda_margin_pct,35.46804495027008,33.925055026742484,25,2026-05-07,2026-05-06,street_pit,a=+13.7 m=0.577 rev=3640 leg=guide_cushion,34.950110864745014,2026-08-06,0.5179340855250629,-0.014602837180658246,1.8048118279919316,12.0,14.534570388944056,22.0,additive
2026-05-07,2026Q2,0,rw_hl4_from21,dispersion_conditioned,base,adj_ebitda_musd,1215.7313256365226,1174.1566,25,2026-05-07,2026-05-06,street_pit,disp=0.0198 ref=0.0665 ratio=0.500 b_pt=+1.609,1261.0,2026-08-06,-45.26867436347743,0.03723575547399505,0.07067437562577242,12.0,0.19454854597474963,19.0,relative
2026-05-07,2026Q2,0,rw_hl4_from21,dispersion_conditioned,base,adj_ebitda_margin_pct,34.729433549222676,33.925055026742484,25,2026-05-07,2026-05-06,street_pit,disp=0.0198 ref=0.0665 ratio=0.500 b_pt=+1.609,34.950110864745014,2026-08-06,-0.22067731552233738,0.006354187009977252,2.0852007192947477,12.0,14.338052835807394,22.0,additive
2026-05-07,2026Q3,1,rw_hl4_from21,street_plus_bias,base,adj_ebitda_musd,2417.2365519865107,2292.16544,25,2026-05-07,2026-05-06,street_pit,b_pct=+0.0546 b_pt=+0.900 n_pool=20,,2026-11-05,,,0.10780155611504287,12.0,0.3578010182792309,19.0,relative
2026-05-07,2026Q3,1,rw_hl4_from21,street_plus_bias,base,adj_ebitda_margin_pct,51.20858131726074,50.30885078375313,25,2026-05-07,2026-05-06,street_pit,b_pct=+0.0546 b_pt=+0.900 n_pool=20,,2026-11-05,,,2.6943472041495764,12.0,10.148821596975424,21.0,additive
2026-05-07,2026Q3,1,rw_hl4_from21,street_plus_flowthrough,base,adj_ebitda_musd,2462.117182212039,2292.16544,25,2026-05-07,2026-05-06,street_pit,a=-2.7 m=0.638 rev=4827 leg=naive,,2026-11-05,,,0.10566003519350588,12.0,0.9209919578872752,20.0,relative
2026-05-07,2026Q3,1,rw_hl4_from21,street_plus_flowthrough,base,adj_ebitda_margin_pct,51.00967625673081,50.30885078375313,25,2026-05-07,2026-05-06,street_pit,a=-2.7 m=0.638 rev=4827 leg=naive,,2026-11-05,,,2.7607414384139957,12.0,10.999744686062382,21.0,additive
2026-05-07,2026Q3,1,rw_hl4_from21,dispersion_conditioned,base,adj_ebitda_musd,2354.7009959932557,2292.16544,25,2026-05-07,2026-05-06,street_pit,disp=0.0162 ref=0.0524 ratio=0.500 b_pt=+0.900,,2026-11-05,,,0.09487803048377878,12.0,0.3398177001035712,19.0,relative
2026-05-07,2026Q3,1,rw_hl4_from21,dispersion_conditioned,base,adj_ebitda_margin_pct,50.75871605050693,50.30885078375313,25,2026-05-07,2026-05-06,street_pit,disp=0.0162 ref=0.0524 ratio=0.500 b_pt=+0.900,,2026-11-05,,,1.9460211508702536,12.0,9.60153740883803,21.0,additive
2026-08-06,2026Q3,0,rw_hl4,street_plus_bias,base,adj_ebitda_musd,2470.052794759074,2323.81697,26,2026-08-06,2026-08-05,street_pit,b_pct=+0.0629 b_pt=+1.057 n_pool=18,,2026-11-05,,,0.08676172927852203,12.0,0.23570539215389635,19.0,relative
2026-08-06,2026Q3,0,rw_hl4,street_plus_bias,base,adj_ebitda_margin_pct,51.46678611737024,50.40984632515034,26,2026-08-06,2026-08-05,street_pit,b_pct=+0.0629 b_pt=+1.057 n_pool=18,,2026-11-05,,,1.4431363281595164,12.0,15.220989958983703,22.0,additive
2026-08-06,2026Q3,0,rw_hl4,street_plus_flowthrough,base,adj_ebitda_musd,2429.786550949139,2323.81697,26,2026-08-06,2026-08-05,street_pit,a=+15.9 m=0.464 rev=4804 leg=WS06_v2b_base,,2026-11-05,,,0.052336252783796,12.0,0.5140043988693758,20.0,relative
2026-08-06,2026Q3,0,rw_hl4,street_plus_flowthrough,base,adj_ebitda_margin_pct,50.57803071915557,50.40984632515034,26,2026-08-06,2026-08-05,street_pit,a=+15.9 m=0.464 rev=4804 leg=WS06_v2b_base,,2026-11-05,,,1.406593064248147,12.0,15.262020767286137,22.0,additive
2026-08-06,2026Q3,0,rw_hl4,dispersion_conditioned,base,adj_ebitda_musd,2396.934882379537,2323.81697,26,2026-08-06,2026-08-05,street_pit,disp=0.0132 ref=0.0578 ratio=0.500 b_pt=+1.057,,2026-11-05,,,0.06737524785669505,12.0,0.22188998417289885,19.0,relative
2026-08-06,2026Q3,0,rw_hl4,dispersion_conditioned,base,adj_ebitda_margin_pct,50.93831622126029,50.40984632515034,26,2026-08-06,2026-08-05,street_pit,disp=0.0132 ref=0.0578 ratio=0.500 b_pt=+1.057,,2026-11-05,,,1.3051343719396196,12.0,14.976589546148091,22.0,additive
2026-08-06,2026Q3,0,rw_hl4,street_plus_flowthrough,bear,adj_ebitda_musd,2407.049862740002,2323.81697,26,2026-08-06,2026-08-05,street_pit,scen=bear rev=4755 leg=WS06_v2b_bear,,2026-11-05,,,,0.0,,0.0,relative
2026-08-06,2026Q3,0,rw_hl4,street_plus_flowthrough,bear,adj_ebitda_margin_pct,50.62144821745535,50.40984632515034,26,2026-08-06,2026-08-05,street_pit,scen=bear rev=4755 leg=WS06_v2b_bear,,2026-11-05,,,,0.0,,0.0,additive
2026-08-06,2026Q3,0,rw_hl4,street_plus_flowthrough,bull,adj_ebitda_musd,2464.082270887647,2323.81697,26,2026-08-06,2026-08-05,street_pit,scen=bull rev=4878 leg=WS06_v2b_bull,,2026-11-05,,,,0.0,,0.0,relative
2026-08-06,2026Q3,0,rw_hl4,street_plus_flowthrough,bull,adj_ebitda_margin_pct,50.514191695113716,50.40984632515034,26,2026-08-06,2026-08-05,street_pit,scen=bull rev=4878 leg=WS06_v2b_bull,,2026-11-05,,,,0.0,,0.0,additive
2026-08-06,2026Q4,1,rw_hl4,street_plus_bias,base,adj_ebitda_musd,931.5996408435958,889.05407,26,2026-08-06,2026-08-05,street_pit,b_pct=+0.0479 b_pt=+0.592 n_pool=18,,,,,0.11025197666335645,12.0,0.3811844585242143,19.0,relative
2026-08-06,2026Q4,1,rw_hl4,street_plus_bias,base,adj_ebitda_margin_pct,29.12291761446434,28.530877716752585,26,2026-08-06,2026-08-05,street_pit,b_pct=+0.0479 b_pt=+0.592 n_pool=18,,,,,2.076699420912696,12.0,10.303899784449964,21.0,additive
2026-08-06,2026Q4,1,rw_hl4,street_plus_flowthrough,base,adj_ebitda_musd,919.9189358407398,889.05407,26,2026-08-06,2026-08-05,street_pit,a=-1.7 m=0.524 rev=3178 leg=WS06_v2b_base,,,,,0.0897111936472442,12.0,0.7198174120948829,19.0,relative
2026-08-06,2026Q4,1,rw_hl4,street_plus_flowthrough,base,adj_ebitda_margin_pct,28.94549190058121,28.530877716752585,26,2026-08-06,2026-08-05,street_pit,a=-1.7 m=0.524 rev=3178 leg=WS06_v2b_base,,,,,1.9874055360781426,12.0,11.676447810810814,21.0,additive
2026-08-06,2026Q4,1,rw_hl4,dispersion_conditioned,base,adj_ebitda_musd,912.1597338175424,889.05407,26,2026-08-06,2026-08-05,street_pit,disp=0.0261 ref=0.0481 ratio=0.543 b_pt=+0.592,,,,,0.10361901186182847,12.0,0.36503866345604363,19.0,relative
2026-08-06,2026Q4,1,rw_hl4,dispersion_conditioned,base,adj_ebitda_margin_pct,28.852402955969325,28.530877716752585,26,2026-08-06,2026-08-05,street_pit,disp=0.0261 ref=0.0481 ratio=0.543 b_pt=+0.592,,,,,1.8900404143423024,12.0,9.86876920344579,21.0,additive
2026-08-06,2026Q4,1,rw_hl4,street_plus_flowthrough,bear,adj_ebitda_musd,891.4397249470946,889.05407,26,2026-08-06,2026-08-05,street_pit,scen=bear rev=3124 leg=WS06_v2b_bear,,,,,,0.0,,0.0,relative
2026-08-06,2026Q4,1,rw_hl4,street_plus_flowthrough,bear,adj_ebitda_margin_pct,28.53696547024495,28.530877716752585,26,2026-08-06,2026-08-05,street_pit,scen=bear rev=3124 leg=WS06_v2b_bear,,,,,,0.0,,0.0,additive
2026-08-06,2026Q4,1,rw_hl4,street_plus_flowthrough,bull,adj_ebitda_musd,946.0527111033003,889.05407,26,2026-08-06,2026-08-05,street_pit,scen=bull rev=3228 leg=WS06_v2b_bull,,,,,,0.0,,0.0,relative
2026-08-06,2026Q4,1,rw_hl4,street_plus_flowthrough,bull,adj_ebitda_margin_pct,29.308280438447905,28.530877716752585,26,2026-08-06,2026-08-05,street_pit,scen=bull rev=3228 leg=WS06_v2b_bull,,,,,,0.0,,0.0,additive
2026-08-06,2026Q3,0,ew,street_plus_bias,base,adj_ebitda_musd,2574.447911601935,2323.81697,26,2026-08-06,2026-08-05,street_pit,b_pct=+0.1079 b_pt=+2.585 n_pool=18,,2026-11-05,,,0.08294636367220208,12.0,0.2455364695753904,19.0,relative
2026-08-06,2026Q3,0,ew,street_plus_bias,base,adj_ebitda_margin_pct,52.99493751889031,50.40984632515034,26,2026-08-06,2026-08-05,street_pit,b_pct=+0.1079 b_pt=+2.585 n_pool=18,,2026-11-05,,,1.4142705197486112,12.0,15.658207148820274,22.0,additive
2026-08-06,2026Q3,0,ew,street_plus_flowthrough,base,adj_ebitda_musd,2478.557588688254,2323.81697,26,2026-08-06,2026-08-05,street_pit,a=+21.1 m=0.688 rev=4804 leg=WS06_v2b_base,,2026-11-05,,,0.05365223170743826,12.0,0.5183593727308915,20.0,relative
2026-08-06,2026Q3,0,ew,street_plus_flowthrough,base,adj_ebitda_margin_pct,51.593240488923406,50.40984632515034,26,2026-08-06,2026-08-05,street_pit,a=+21.1 m=0.688 rev=4804 leg=WS06_v2b_base,,2026-11-05,,,1.47283718178082,12.0,15.418066081704948,22.0,additive
2026-08-06,2026Q3,0,ew,dispersion_conditioned,base,adj_ebitda_musd,2449.1324408009677,2323.81697,26,2026-08-06,2026-08-05,street_pit,disp=0.0132 ref=0.1057 ratio=0.500 b_pt=+2.585,,2026-11-05,,,0.06695660816707823,12.0,0.22830934785698273,19.0,relative
2026-08-06,2026Q3,0,ew,dispersion_conditioned,base,adj_ebitda_margin_pct,51.702391922020325,50.40984632515034,26,2026-08-06,2026-08-05,street_pit,disp=0.0132 ref=0.1057 ratio=0.500 b_pt=+2.585,,2026-11-05,,,1.4717391766163088,12.0,15.248294600771452,22.0,additive
2026-08-06,2026Q3,0,ew,street_plus_flowthrough,bear,adj_ebitda_musd,2444.802604667909,2323.81697,26,2026-08-06,2026-08-05,street_pit,scen=bear rev=4755 leg=WS06_v2b_bear,,2026-11-05,,,,0.0,,0.0,relative
2026-08-06,2026Q3,0,ew,street_plus_flowthrough,bear,adj_ebitda_margin_pct,51.41540703823152,50.40984632515034,26,2026-08-06,2026-08-05,street_pit,scen=bear rev=4755 leg=WS06_v2b_bear,,2026-11-05,,,,0.0,,0.0,additive
2026-08-06,2026Q3,0,ew,street_plus_flowthrough,bull,adj_ebitda_musd,2529.4731603775977,2323.81697,26,2026-08-06,2026-08-05,street_pit,scen=bull rev=4878 leg=WS06_v2b_bull,,2026-11-05,,,,0.0,,0.0,relative
2026-08-06,2026Q3,0,ew,street_plus_flowthrough,bull,adj_ebitda_margin_pct,51.8547183349241,50.40984632515034,26,2026-08-06,2026-08-05,street_pit,scen=bull rev=4878 leg=WS06_v2b_bull,,2026-11-05,,,,0.0,,0.0,additive
2026-08-06,2026Q4,1,ew,street_plus_bias,base,adj_ebitda_musd,998.2214288763695,889.05407,26,2026-08-06,2026-08-05,street_pit,b_pct=+0.1228 b_pt=+2.579 n_pool=18,,,,,0.10118273001155477,12.0,0.3978399981745689,19.0,relative
2026-08-06,2026Q4,1,ew,street_plus_bias,base,adj_ebitda_margin_pct,31.10948842828298,28.530877716752585,26,2026-08-06,2026-08-05,street_pit,b_pct=+0.1228 b_pt=+2.579 n_pool=18,,,,,2.016407922148597,12.0,10.896285308117045,21.0,additive
2026-08-06,2026Q4,1,ew,street_plus_flowthrough,base,adj_ebitda_musd,945.1173454859832,889.05407,26,2026-08-06,2026-08-05,street_pit,a=+7.3 m=0.787 rev=3178 leg=WS06_v2b_base,,,,,0.08934236016430362,12.0,0.7225162946030868,19.0,relative
2026-08-06,2026Q4,1,ew,street_plus_flowthrough,base,adj_ebitda_margin_pct,29.738366504936774,28.530877716752585,26,2026-08-06,2026-08-05,street_pit,a=+7.3 m=0.787 rev=3178 leg=WS06_v2b_base,,,,,2.048035579522715,12.0,11.81846646023149,21.0,additive
2026-08-06,2026Q4,1,ew,dispersion_conditioned,base,adj_ebitda_musd,943.6377494381848,889.05407,26,2026-08-06,2026-08-05,street_pit,disp=0.0261 ref=0.1019 ratio=0.500 b_pt=+2.579,,,,,0.1041168524287806,12.0,0.37308322339868777,19.0,relative
2026-08-06,2026Q4,1,ew,dispersion_conditioned,base,adj_ebitda_margin_pct,29.820183072517782,28.530877716752585,26,2026-08-06,2026-08-05,street_pit,disp=0.0261 ref=0.1019 ratio=0.500 b_pt=+2.579,,,,,1.9457879359189827,12.0,10.139790846595657,21.0,additive
2026-08-06,2026Q4,1,ew,street_plus_flowthrough,bear,adj_ebitda_musd,902.3912309265202,889.05407,26,2026-08-06,2026-08-05,street_pit,scen=bear rev=3124 leg=WS06_v2b_bear,,,,,,0.0,,0.0,relative
2026-08-06,2026Q4,1,ew,street_plus_flowthrough,bear,adj_ebitda_margin_pct,28.887547499782166,28.530877716752585,26,2026-08-06,2026-08-05,street_pit,scen=bear rev=3124 leg=WS06_v2b_bear,,,,,,0.0,,0.0,additive
2026-08-06,2026Q4,1,ew,street_plus_flowthrough,bull,adj_ebitda_musd,984.32470554625,889.05407,26,2026-08-06,2026-08-05,street_pit,scen=bull rev=3228 leg=WS06_v2b_bull,,,,,,0.0,,0.0,relative
2026-08-06,2026Q4,1,ew,street_plus_flowthrough,bull,adj_ebitda_margin_pct,30.493929327677936,28.530877716752585,26,2026-08-06,2026-08-05,street_pit,scen=bull rev=3228 leg=WS06_v2b_bull,,,,,,0.0,,0.0,additive
2026-08-06,2026Q3,0,rw_hl4_usd,street_plus_bias,base,adj_ebitda_musd,2368.5179101200724,2323.81697,26,2026-08-06,2026-08-05,street_pit,b_pct=+0.0629 b_pt=+1.057 n_pool=18,,2026-11-05,,,0.04944193550261231,12.0,0.2229615811244351,19.0,relative
2026-08-06,2026Q3,0,rw_hl4_usd,street_plus_bias,base,adj_ebitda_margin_pct,51.46678611737024,50.40984632515034,26,2026-08-06,2026-08-05,street_pit,b_pct=+0.0629 b_pt=+1.057 n_pool=18,,2026-11-05,,,1.4431363281595164,12.0,15.220989958983703,22.0,additive
2026-08-06,2026Q3,0,rw_hl4_usd,street_plus_flowthrough,base,adj_ebitda_musd,2429.786550949139,2323.81697,26,2026-08-06,2026-08-05,street_pit,a=+15.9 m=0.464 rev=4804 leg=WS06_v2b_base,,2026-11-05,,,0.052336252783796,12.0,0.5140043988693758,20.0,relative
2026-08-06,2026Q3,0,rw_hl4_usd,street_plus_flowthrough,base,adj_ebitda_margin_pct,50.57803071915557,50.40984632515034,26,2026-08-06,2026-08-05,street_pit,a=+15.9 m=0.464 rev=4804 leg=WS06_v2b_base,,2026-11-05,,,1.406593064248147,12.0,15.262020767286137,22.0,additive
2026-08-06,2026Q3,0,rw_hl4_usd,dispersion_conditioned,base,adj_ebitda_musd,2346.1674400600364,2323.81697,26,2026-08-06,2026-08-05,street_pit,disp=0.0132 ref=0.0578 ratio=0.500 b_pt=+1.057,,2026-11-05,,,0.060050891623526746,12.0,0.22451747317596615,19.0,relative
2026-08-06,2026Q3,0,rw_hl4_usd,dispersion_conditioned,base,adj_ebitda_margin_pct,50.93831622126029,50.40984632515034,26,2026-08-06,2026-08-05,street_pit,disp=0.0132 ref=0.0578 ratio=0.500 b_pt=+1.057,,2026-11-05,,,1.3051343719396196,12.0,14.976589546148091,22.0,additive
2026-08-06,2026Q3,0,rw_hl4_usd,street_plus_flowthrough,bear,adj_ebitda_musd,2407.049862740002,2323.81697,26,2026-08-06,2026-08-05,street_pit,scen=bear rev=4755 leg=WS06_v2b_bear,,2026-11-05,,,,0.0,,0.0,relative
2026-08-06,2026Q3,0,rw_hl4_usd,street_plus_flowthrough,bear,adj_ebitda_margin_pct,50.62144821745535,50.40984632515034,26,2026-08-06,2026-08-05,street_pit,scen=bear rev=4755 leg=WS06_v2b_bear,,2026-11-05,,,,0.0,,0.0,additive
2026-08-06,2026Q3,0,rw_hl4_usd,street_plus_flowthrough,bull,adj_ebitda_musd,2464.082270887647,2323.81697,26,2026-08-06,2026-08-05,street_pit,scen=bull rev=4878 leg=WS06_v2b_bull,,2026-11-05,,,,0.0,,0.0,relative
2026-08-06,2026Q3,0,rw_hl4_usd,street_plus_flowthrough,bull,adj_ebitda_margin_pct,50.514191695113716,50.40984632515034,26,2026-08-06,2026-08-05,street_pit,scen=bull rev=4878 leg=WS06_v2b_bull,,2026-11-05,,,,0.0,,0.0,additive
2026-08-06,2026Q4,1,rw_hl4_usd,street_plus_bias,base,adj_ebitda_musd,919.0108613417699,889.05407,26,2026-08-06,2026-08-05,street_pit,b_pct=+0.0479 b_pt=+0.592 n_pool=18,,,,,0.08056390188321393,12.0,0.3794593086484654,19.0,relative
2026-08-06,2026Q4,1,rw_hl4_usd,street_plus_bias,base,adj_ebitda_margin_pct,29.12291761446434,28.530877716752585,26,2026-08-06,2026-08-05,street_pit,b_pct=+0.0479 b_pt=+0.592 n_pool=18,,,,,2.076699420912696,12.0,10.303899784449964,21.0,additive
2026-08-06,2026Q4,1,rw_hl4_usd,street_plus_flowthrough,base,adj_ebitda_musd,919.9189358407398,889.05407,26,2026-08-06,2026-08-05,street_pit,a=-1.7 m=0.524 rev=3178 leg=WS06_v2b_base,,,,,0.0897111936472442,12.0,0.7198174120948829,19.0,relative
2026-08-06,2026Q4,1,rw_hl4_usd,street_plus_flowthrough,base,adj_ebitda_margin_pct,28.94549190058121,28.530877716752585,26,2026-08-06,2026-08-05,street_pit,a=-1.7 m=0.524 rev=3178 leg=WS06_v2b_base,,,,,1.9874055360781426,12.0,11.676447810810814,21.0,additive
2026-08-06,2026Q4,1,rw_hl4_usd,dispersion_conditioned,base,adj_ebitda_musd,905.3230149470483,889.05407,26,2026-08-06,2026-08-05,street_pit,disp=0.0261 ref=0.0481 ratio=0.543 b_pt=+0.592,,,,,0.0826052135612044,12.0,0.3708627173516807,19.0,relative
2026-08-06,2026Q4,1,rw_hl4_usd,dispersion_conditioned,base,adj_ebitda_margin_pct,28.852402955969325,28.530877716752585,26,2026-08-06,2026-08-05,street_pit,disp=0.0261 ref=0.0481 ratio=0.543 b_pt=+0.592,,,,,1.8900404143423024,12.0,9.86876920344579,21.0,additive
2026-08-06,2026Q4,1,rw_hl4_usd,street_plus_flowthrough,bear,adj_ebitda_musd,891.4397249470946,889.05407,26,2026-08-06,2026-08-05,street_pit,scen=bear rev=3124 leg=WS06_v2b_bear,,,,,,0.0,,0.0,relative
2026-08-06,2026Q4,1,rw_hl4_usd,street_plus_flowthrough,bear,adj_ebitda_margin_pct,28.53696547024495,28.530877716752585,26,2026-08-06,2026-08-05,street_pit,scen=bear rev=3124 leg=WS06_v2b_bear,,,,,,0.0,,0.0,additive
2026-08-06,2026Q4,1,rw_hl4_usd,street_plus_flowthrough,bull,adj_ebitda_musd,946.0527111033003,889.05407,26,2026-08-06,2026-08-05,street_pit,scen=bull rev=3228 leg=WS06_v2b_bull,,,,,,0.0,,0.0,relative
2026-08-06,2026Q4,1,rw_hl4_usd,street_plus_flowthrough,bull,adj_ebitda_margin_pct,29.308280438447905,28.530877716752585,26,2026-08-06,2026-08-05,street_pit,scen=bull rev=3228 leg=WS06_v2b_bull,,,,,,0.0,,0.0,additive
2026-08-06,2026Q3,0,ew_usd,street_plus_bias,base,adj_ebitda_musd,2397.7494745,2323.81697,26,2026-08-06,2026-08-05,street_pit,b_pct=+0.1079 b_pt=+2.585 n_pool=18,,2026-11-05,,,0.04905755115432299,12.0,0.23423363284309917,19.0,relative
2026-08-06,2026Q3,0,ew_usd,street_plus_bias,base,adj_ebitda_margin_pct,52.99493751889031,50.40984632515034,26,2026-08-06,2026-08-05,street_pit,b_pct=+0.1079 b_pt=+2.585 n_pool=18,,2026-11-05,,,1.4142705197486112,12.0,15.658207148820274,22.0,additive
2026-08-06,2026Q3,0,ew_usd,street_plus_flowthrough,base,adj_ebitda_musd,2478.557588688254,2323.81697,26,2026-08-06,2026-08-05,street_pit,a=+21.1 m=0.688 rev=4804 leg=WS06_v2b_base,,2026-11-05,,,0.05365223170743826,12.0,0.5183593727308915,20.0,relative
2026-08-06,2026Q3,0,ew_usd,street_plus_flowthrough,base,adj_ebitda_margin_pct,51.593240488923406,50.40984632515034,26,2026-08-06,2026-08-05,street_pit,a=+21.1 m=0.688 rev=4804 leg=WS06_v2b_base,,2026-11-05,,,1.47283718178082,12.0,15.418066081704948,22.0,additive
2026-08-06,2026Q3,0,ew_usd,dispersion_conditioned,base,adj_ebitda_musd,2360.7832222499997,2323.81697,26,2026-08-06,2026-08-05,street_pit,disp=0.0132 ref=0.1057 ratio=0.500 b_pt=+2.585,,2026-11-05,,,0.07420341794324171,12.0,0.23431722937619492,19.0,relative
2026-08-06,2026Q3,0,ew_usd,dispersion_conditioned,base,adj_ebitda_margin_pct,51.702391922020325,50.40984632515034,26,2026-08-06,2026-08-05,street_pit,disp=0.0132 ref=0.1057 ratio=0.500 b_pt=+2.585,,2026-11-05,,,1.4717391766163088,12.0,15.248294600771452,22.0,additive
2026-08-06,2026Q3,0,ew_usd,street_plus_flowthrough,bear,adj_ebitda_musd,2444.802604667909,2323.81697,26,2026-08-06,2026-08-05,street_pit,scen=bear rev=4755 leg=WS06_v2b_bear,,2026-11-05,,,,0.0,,0.0,relative
2026-08-06,2026Q3,0,ew_usd,street_plus_flowthrough,bear,adj_ebitda_margin_pct,51.41540703823152,50.40984632515034,26,2026-08-06,2026-08-05,street_pit,scen=bear rev=4755 leg=WS06_v2b_bear,,2026-11-05,,,,0.0,,0.0,additive
2026-08-06,2026Q3,0,ew_usd,street_plus_flowthrough,bull,adj_ebitda_musd,2529.4731603775977,2323.81697,26,2026-08-06,2026-08-05,street_pit,scen=bull rev=4878 leg=WS06_v2b_bull,,2026-11-05,,,,0.0,,0.0,relative
2026-08-06,2026Q3,0,ew_usd,street_plus_flowthrough,bull,adj_ebitda_margin_pct,51.8547183349241,50.40984632515034,26,2026-08-06,2026-08-05,street_pit,scen=bull rev=4878 leg=WS06_v2b_bull,,2026-11-05,,,,0.0,,0.0,additive
2026-08-06,2026Q4,1,ew_usd,street_plus_bias,base,adj_ebitda_musd,960.835289,889.05407,26,2026-08-06,2026-08-05,street_pit,b_pct=+0.1228 b_pt=+2.579 n_pool=18,,,,,0.07949029198768384,12.0,0.3930112037728623,19.0,relative
2026-08-06,2026Q4,1,ew_usd,street_plus_bias,base,adj_ebitda_margin_pct,31.10948842828298,28.530877716752585,26,2026-08-06,2026-08-05,street_pit,b_pct=+0.1228 b_pt=+2.579 n_pool=18,,,,,2.016407922148597,12.0,10.896285308117045,21.0,additive
2026-08-06,2026Q4,1,ew_usd,street_plus_flowthrough,base,adj_ebitda_musd,945.1173454859832,889.05407,26,2026-08-06,2026-08-05,street_pit,a=+7.3 m=0.787 rev=3178 leg=WS06_v2b_base,,,,,0.08934236016430362,12.0,0.7225162946030868,19.0,relative
2026-08-06,2026Q4,1,ew_usd,street_plus_flowthrough,base,adj_ebitda_margin_pct,29.738366504936774,28.530877716752585,26,2026-08-06,2026-08-05,street_pit,a=+7.3 m=0.787 rev=3178 leg=WS06_v2b_base,,,,,2.048035579522715,12.0,11.81846646023149,21.0,additive
2026-08-06,2026Q4,1,ew_usd,dispersion_conditioned,base,adj_ebitda_musd,924.9446795,889.05407,26,2026-08-06,2026-08-05,street_pit,disp=0.0261 ref=0.1019 ratio=0.500 b_pt=+2.579,,,,,0.08357025399289231,12.0,0.3764315108334057,19.0,relative
2026-08-06,2026Q4,1,ew_usd,dispersion_conditioned,base,adj_ebitda_margin_pct,29.820183072517782,28.530877716752585,26,2026-08-06,2026-08-05,street_pit,disp=0.0261 ref=0.1019 ratio=0.500 b_pt=+2.579,,,,,1.9457879359189827,12.0,10.139790846595657,21.0,additive
2026-08-06,2026Q4,1,ew_usd,street_plus_flowthrough,bear,adj_ebitda_musd,902.3912309265202,889.05407,26,2026-08-06,2026-08-05,street_pit,scen=bear rev=3124 leg=WS06_v2b_bear,,,,,,0.0,,0.0,relative
2026-08-06,2026Q4,1,ew_usd,street_plus_flowthrough,bear,adj_ebitda_margin_pct,28.887547499782166,28.530877716752585,26,2026-08-06,2026-08-05,street_pit,scen=bear rev=3124 leg=WS06_v2b_bear,,,,,,0.0,,0.0,additive
2026-08-06,2026Q4,1,ew_usd,street_plus_flowthrough,bull,adj_ebitda_musd,984.32470554625,889.05407,26,2026-08-06,2026-08-05,street_pit,scen=bull rev=3228 leg=WS06_v2b_bull,,,,,,0.0,,0.0,relative
2026-08-06,2026Q4,1,ew_usd,street_plus_flowthrough,bull,adj_ebitda_margin_pct,30.493929327677936,28.530877716752585,26,2026-08-06,2026-08-05,street_pit,scen=bull rev=3228 leg=WS06_v2b_bull,,,,,,0.0,,0.0,additive
2026-08-06,2026Q3,0,rw_hl4_med,street_plus_bias,base,adj_ebitda_musd,2452.479543964106,2323.81697,26,2026-08-06,2026-08-05,street_pit,b_pct=+0.0554 b_pt=+0.684 n_pool=18,,2026-11-05,,,0.08775348537190182,12.0,0.23280684039067323,19.0,relative
2026-08-06,2026Q3,0,rw_hl4_med,street_plus_bias,base,adj_ebitda_margin_pct,51.09389859580897,50.40984632515034,26,2026-08-06,2026-08-05,street_pit,b_pct=+0.0554 b_pt=+0.684 n_pool=18,,2026-11-05,,,1.6779691763704703,12.0,15.094928975007344,22.0,additive
2026-08-06,2026Q3,0,rw_hl4_med,street_plus_flowthrough,base,adj_ebitda_musd,2427.8848511842803,2323.81697,26,2026-08-06,2026-08-05,street_pit,a=+14.0 m=0.464 rev=4804 leg=WS06_v2b_base,,2026-11-05,,,0.047128689284400276,12.0,0.5143603690395466,20.0,relative
2026-08-06,2026Q3,0,rw_hl4_med,street_plus_flowthrough,base,adj_ebitda_margin_pct,50.53844525470888,50.40984632515034,26,2026-08-06,2026-08-05,street_pit,a=+14.0 m=0.464 rev=4804 leg=WS06_v2b_base,,2026-11-05,,,1.3445613127487386,12.0,15.29649982708439,22.0,additive
2026-08-06,2026Q3,0,rw_hl4_med,dispersion_conditioned,base,adj_ebitda_musd,2388.148256982053,2323.81697,26,2026-08-06,2026-08-05,street_pit,disp=0.0132 ref=0.0578 ratio=0.500 b_pt=+0.684,,2026-11-05,,,0.06519733879747897,12.0,0.2183712414699615,19.0,relative
2026-08-06,2026Q3,0,rw_hl4_med,dispersion_conditioned,base,adj_ebitda_margin_pct,50.75187246047966,50.40984632515034,26,2026-08-06,2026-08-05,street_pit,disp=0.0132 ref=0.0578 ratio=0.500 b_pt=+0.684,,2026-11-05,,,1.3483339056889891,12.0,14.861826872107399,22.0,additive
2026-08-06,2026Q3,0,rw_hl4_med,street_plus_flowthrough,bear,adj_ebitda_musd,2405.1481629751434,2323.81697,26,2026-08-06,2026-08-05,street_pit,scen=bear rev=4755 leg=WS06_v2b_bear,,2026-11-05,,,,0.0,,0.0,relative
2026-08-06,2026Q3,0,rw_hl4_med,street_plus_flowthrough,bear,adj_ebitda_margin_pct,50.58145453154876,50.40984632515034,26,2026-08-06,2026-08-05,street_pit,scen=bear rev=4755 leg=WS06_v2b_bear,,2026-11-05,,,,0.0,,0.0,additive
2026-08-06,2026Q3,0,rw_hl4_med,street_plus_flowthrough,bull,adj_ebitda_musd,2462.1805711227885,2323.81697,26,2026-08-06,2026-08-05,street_pit,scen=bull rev=4878 leg=WS06_v2b_bull,,2026-11-05,,,,0.0,,0.0,relative
2026-08-06,2026Q3,0,rw_hl4_med,street_plus_flowthrough,bull,adj_ebitda_margin_pct,50.475206460081765,50.40984632515034,26,2026-08-06,2026-08-05,street_pit,scen=bull rev=4878 leg=WS06_v2b_bull,,2026-11-05,,,,0.0,,0.0,additive
2026-08-06,2026Q4,1,rw_hl4_med,street_plus_bias,base,adj_ebitda_musd,927.2655648040379,889.05407,26,2026-08-06,2026-08-05,street_pit,b_pct=+0.0430 b_pt=+0.615 n_pool=18,,,,,0.11788044640364767,12.0,0.37136955885379275,19.0,relative
2026-08-06,2026Q4,1,rw_hl4_med,street_plus_bias,base,adj_ebitda_margin_pct,29.145842368008132,28.530877716752585,26,2026-08-06,2026-08-05,street_pit,b_pct=+0.0430 b_pt=+0.615 n_pool=18,,,,,2.4830789551187427,12.0,10.095755219235308,21.0,additive
2026-08-06,2026Q4,1,rw_hl4_med,street_plus_flowthrough,base,adj_ebitda_musd,914.2142496891929,889.05407,26,2026-08-06,2026-08-05,street_pit,a=-7.4 m=0.524 rev=3178 leg=WS06_v2b_base,,,,,0.08782917327380502,12.0,0.7218660162396997,19.0,relative
2026-08-06,2026Q4,1,rw_hl4_med,street_plus_flowthrough,base,adj_ebitda_margin_pct,28.76599244648633,28.530877716752585,26,2026-08-06,2026-08-05,street_pit,a=-7.4 m=0.524 rev=3178 leg=WS06_v2b_base,,,,,2.0001322868881353,12.0,11.750614977883718,21.0,additive
2026-08-06,2026Q4,1,rw_hl4_med,dispersion_conditioned,base,adj_ebitda_musd,909.8059822531827,889.05407,26,2026-08-06,2026-08-05,street_pit,disp=0.0261 ref=0.0481 ratio=0.543 b_pt=+0.615,,,,,0.10685641197869238,12.0,0.35783625823083315,19.0,relative
2026-08-06,2026Q4,1,rw_hl4_med,dispersion_conditioned,base,adj_ebitda_margin_pct,28.864852939316126,28.530877716752585,26,2026-08-06,2026-08-05,street_pit,disp=0.0261 ref=0.0481 ratio=0.543 b_pt=+0.615,,,,,2.0941292036020998,12.0,9.761955651586398,21.0,additive
2026-08-06,2026Q4,1,rw_hl4_med,street_plus_flowthrough,bear,adj_ebitda_musd,885.7350387955478,889.05407,26,2026-08-06,2026-08-05,street_pit,scen=bear rev=3124 leg=WS06_v2b_bear,,,,,,0.0,,0.0,relative
2026-08-06,2026Q4,1,rw_hl4_med,street_plus_flowthrough,bear,adj_ebitda_margin_pct,28.354345796508806,28.530877716752585,26,2026-08-06,2026-08-05,street_pit,scen=bear rev=3124 leg=WS06_v2b_bear,,,,,,0.0,,0.0,additive
2026-08-06,2026Q4,1,rw_hl4_med,street_plus_flowthrough,bull,adj_ebitda_musd,940.3480249517535,889.05407,26,2026-08-06,2026-08-05,street_pit,scen=bull rev=3228 leg=WS06_v2b_bull,,,,,,0.0,,0.0,relative
2026-08-06,2026Q4,1,rw_hl4_med,street_plus_flowthrough,bull,adj_ebitda_margin_pct,29.131551869753373,28.530877716752585,26,2026-08-06,2026-08-05,street_pit,scen=bull rev=3228 leg=WS06_v2b_bull,,,,,,0.0,,0.0,additive
2026-08-06,2026Q3,0,rw_hl4_from21,street_plus_bias,base,adj_ebitda_musd,2482.774706559981,2323.81697,26,2026-08-06,2026-08-05,street_pit,b_pct=+0.0684 b_pt=+1.474 n_pool=22,,2026-11-05,,,0.08334619772292981,12.0,0.20683945094981224,19.0,relative
2026-08-06,2026Q3,0,rw_hl4_from21,street_plus_bias,base,adj_ebitda_margin_pct,51.88411097646906,50.40984632515034,26,2026-08-06,2026-08-05,street_pit,b_pct=+0.0684 b_pt=+1.474 n_pool=22,,2026-11-05,,,1.6048659131316516,12.0,14.672910051937183,22.0,additive
2026-08-06,2026Q3,0,rw_hl4_from21,street_plus_flowthrough,base,adj_ebitda_musd,2444.500519124177,2323.81697,26,2026-08-06,2026-08-05,street_pit,a=+13.3 m=0.553 rev=4804 leg=WS06_v2b_base,,2026-11-05,,,0.05270744252859978,12.0,0.29085055598509846,20.0,relative
2026-08-06,2026Q3,0,rw_hl4_from21,street_plus_flowthrough,base,adj_ebitda_margin_pct,50.88431422132866,50.40984632515034,26,2026-08-06,2026-08-05,street_pit,a=+13.3 m=0.553 rev=4804 leg=WS06_v2b_base,,2026-11-05,,,1.4168235413407573,12.0,14.534570388944056,22.0,additive
2026-08-06,2026Q3,0,rw_hl4_from21,dispersion_conditioned,base,adj_ebitda_musd,2403.29583827999,2323.81697,26,2026-08-06,2026-08-05,street_pit,disp=0.0132 ref=0.0578 ratio=0.500 b_pt=+1.474,,2026-11-05,,,0.0621465308721353,12.0,0.19454854597474963,19.0,relative
2026-08-06,2026Q3,0,rw_hl4_from21,dispersion_conditioned,base,adj_ebitda_margin_pct,51.1469786508097,50.40984632515034,26,2026-08-06,2026-08-05,street_pit,disp=0.0132 ref=0.0578 ratio=0.500 b_pt=+1.474,,2026-11-05,,,1.6744461799450494,12.0,14.338052835807394,22.0,additive
2026-08-06,2026Q3,0,rw_hl4_from21,street_plus_flowthrough,bear,adj_ebitda_musd,2417.375305255514,2323.81697,26,2026-08-06,2026-08-05,street_pit,scen=bear rev=4755 leg=WS06_v2b_bear,,2026-11-05,,,,0.0,,0.0,relative
2026-08-06,2026Q3,0,rw_hl4_from21,street_plus_flowthrough,bear,adj_ebitda_margin_pct,50.83859737656181,50.40984632515034,26,2026-08-06,2026-08-05,street_pit,scen=bear rev=4755 leg=WS06_v2b_bear,,2026-11-05,,,,0.0,,0.0,additive
2026-08-06,2026Q3,0,rw_hl4_from21,street_plus_flowthrough,bull,adj_ebitda_musd,2485.415833155618,2323.81697,26,2026-08-06,2026-08-05,street_pit,scen=bull rev=4878 leg=WS06_v2b_bull,,2026-11-05,,,,0.0,,0.0,relative
2026-08-06,2026Q3,0,rw_hl4_from21,street_plus_flowthrough,bull,adj_ebitda_margin_pct,50.95153409503112,50.40984632515034,26,2026-08-06,2026-08-05,street_pit,scen=bull rev=4878 leg=WS06_v2b_bull,,2026-11-05,,,,0.0,,0.0,additive
2026-08-06,2026Q4,1,rw_hl4_from21,street_plus_bias,base,adj_ebitda_musd,939.1929381658848,889.05407,26,2026-08-06,2026-08-05,street_pit,b_pct=+0.0564 b_pt=+0.855 n_pool=21,,,,,0.10764065734384413,12.0,0.3578010182792309,19.0,relative
2026-08-06,2026Q4,1,rw_hl4_from21,street_plus_bias,base,adj_ebitda_margin_pct,29.38549370768405,28.530877716752585,26,2026-08-06,2026-08-05,street_pit,b_pct=+0.0564 b_pt=+0.855 n_pool=21,,,,,2.1655937217265944,12.0,10.148821596975424,21.0,additive
2026-08-06,2026Q4,1,rw_hl4_from21,street_plus_flowthrough,base,adj_ebitda_musd,922.5083031499446,889.05407,26,2026-08-06,2026-08-05,street_pit,a=-2.9 m=0.587 rev=3178 leg=WS06_v2b_base,,,,,0.09070446881248466,12.0,0.9209919578872752,20.0,relative
2026-08-06,2026Q4,1,rw_hl4_from21,street_plus_flowthrough,base,adj_ebitda_margin_pct,29.026967025786366,28.530877716752585,26,2026-08-06,2026-08-05,street_pit,a=-2.9 m=0.587 rev=3178 leg=WS06_v2b_base,,,,,2.0255839479375175,12.0,10.999744686062382,21.0,additive
2026-08-06,2026Q4,1,rw_hl4_from21,dispersion_conditioned,base,adj_ebitda_musd,916.2835044408213,889.05407,26,2026-08-06,2026-08-05,street_pit,disp=0.0261 ref=0.0481 ratio=0.543 b_pt=+0.855,,,,,0.09745620260533887,12.0,0.3398177001035712,19.0,relative
2026-08-06,2026Q4,1,rw_hl4_from21,dispersion_conditioned,base,adj_ebitda_margin_pct,28.995002874507534,28.530877716752585,26,2026-08-06,2026-08-05,street_pit,disp=0.0261 ref=0.0481 ratio=0.543 b_pt=+0.855,,,,,1.759260346804331,12.0,9.60153740883803,21.0,additive
2026-08-06,2026Q4,1,rw_hl4_from21,street_plus_flowthrough,bear,adj_ebitda_musd,890.6482385839238,889.05407,26,2026-08-06,2026-08-05,street_pit,scen=bear rev=3124 leg=WS06_v2b_bear,,,,,,0.0,,0.0,relative
2026-08-06,2026Q4,1,rw_hl4_from21,street_plus_flowthrough,bear,adj_ebitda_margin_pct,28.51162823388013,28.530877716752585,26,2026-08-06,2026-08-05,street_pit,scen=bear rev=3124 leg=WS06_v2b_bear,,,,,,0.0,,0.0,additive
2026-08-06,2026Q4,1,rw_hl4_from21,street_plus_flowthrough,bull,adj_ebitda_musd,951.7444982934289,889.05407,26,2026-08-06,2026-08-05,street_pit,scen=bull rev=3228 leg=WS06_v2b_bull,,,,,,0.0,,0.0,relative
2026-08-06,2026Q4,1,rw_hl4_from21,street_plus_flowthrough,bull,adj_ebitda_margin_pct,29.48460940321532,28.530877716752585,26,2026-08-06,2026-08-05,street_pit,scen=bull rev=3228 leg=WS06_v2b_bull,,,,,,0.0,,0.0,additive
2026-09-11,2026Q3,0,rw_hl4,street_plus_bias,base,adj_ebitda_musd,2510.1303470014473,2361.52179,26,2026-08-06,2026-09-11,street_pit,b_pct=+0.0629 b_pt=+1.057 n_pool=18,,2026-11-05,,,0.08676172927852203,12.0,0.23570539215389635,19.0,relative
2026-09-11,2026Q3,0,rw_hl4,street_plus_bias,base,adj_ebitda_margin_pct,50.832687101721724,49.775747309501824,26,2026-08-06,2026-09-11,street_pit,b_pct=+0.0629 b_pt=+1.057 n_pool=18,,2026-11-05,,,1.4431363281595164,12.0,15.220989958983703,22.0,additive
2026-09-11,2026Q3,0,rw_hl4,street_plus_flowthrough,base,adj_ebitda_musd,2405.1383677143695,2361.52179,26,2026-08-06,2026-09-11,street_pit,a=+15.9 m=0.464 rev=4804 leg=WS06_v2b_base,,2026-11-05,,,0.052336252783796,12.0,0.5140043988693758,20.0,relative
2026-09-11,2026Q3,0,rw_hl4,street_plus_flowthrough,base,adj_ebitda_margin_pct,50.0649582567483,49.775747309501824,26,2026-08-06,2026-09-11,street_pit,a=+15.9 m=0.464 rev=4804 leg=WS06_v2b_base,,2026-11-05,,,1.406593064248147,12.0,15.262020767286137,22.0,additive
2026-09-11,2026Q3,0,rw_hl4,dispersion_conditioned,base,adj_ebitda_musd,2435.8260685007235,2361.52179,26,2026-08-06,2026-09-11,street_pit,disp=0.0085 ref=0.0497 ratio=0.500 b_pt=+1.057,,2026-11-05,,,0.06737524785669505,12.0,0.22188998417289885,19.0,relative
2026-09-11,2026Q3,0,rw_hl4,dispersion_conditioned,base,adj_ebitda_margin_pct,50.30421720561177,49.775747309501824,26,2026-08-06,2026-09-11,street_pit,disp=0.0085 ref=0.0497 ratio=0.500 b_pt=+1.057,,2026-11-05,,,1.3051343719396196,12.0,14.976589546148091,22.0,additive
2026-09-11,2026Q3,0,rw_hl4,street_plus_flowthrough,bear,adj_ebitda_musd,2382.4016795052326,2361.52179,26,2026-08-06,2026-09-11,street_pit,scen=bear rev=4755 leg=WS06_v2b_bear,,2026-11-05,,,,0.0,,0.0,relative
2026-09-11,2026Q3,0,rw_hl4,street_plus_flowthrough,bear,adj_ebitda_margin_pct,50.10308474248649,49.775747309501824,26,2026-08-06,2026-09-11,street_pit,scen=bear rev=4755 leg=WS06_v2b_bear,,2026-11-05,,,,0.0,,0.0,additive
2026-09-11,2026Q3,0,rw_hl4,street_plus_flowthrough,bull,adj_ebitda_musd,2439.4340876528777,2361.52179,26,2026-08-06,2026-09-11,street_pit,scen=bull rev=4878 leg=WS06_v2b_bull,,2026-11-05,,,,0.0,,0.0,relative
2026-09-11,2026Q3,0,rw_hl4,street_plus_flowthrough,bull,adj_ebitda_margin_pct,50.00889888587285,49.775747309501824,26,2026-08-06,2026-09-11,street_pit,scen=bull rev=4878 leg=WS06_v2b_bull,,2026-11-05,,,,0.0,,0.0,additive
2026-09-11,2026Q4,1,rw_hl4,street_plus_bias,base,adj_ebitda_musd,957.4081073073352,913.68388,26,2026-08-06,2026-09-11,street_pit,b_pct=+0.0479 b_pt=+0.592 n_pool=18,,,,,0.11025197666335645,12.0,0.3811844585242143,19.0,relative
2026-09-11,2026Q4,1,rw_hl4,street_plus_bias,base,adj_ebitda_margin_pct,29.489477382275016,28.897437484563262,26,2026-08-06,2026-09-11,street_pit,b_pct=+0.0479 b_pt=+0.592 n_pool=18,,,,,2.076699420912696,12.0,10.303899784449964,21.0,additive
2026-09-11,2026Q4,1,rw_hl4,street_plus_flowthrough,base,adj_ebitda_musd,920.5781052318465,913.68388,26,2026-08-06,2026-09-11,street_pit,a=-1.7 m=0.524 rev=3178 leg=WS06_v2b_base,,,,,0.0897111936472442,12.0,0.7198174120948829,19.0,relative
2026-09-11,2026Q4,1,rw_hl4,street_plus_flowthrough,base,adj_ebitda_margin_pct,28.966232839296595,28.897437484563262,26,2026-08-06,2026-09-11,street_pit,a=-1.7 m=0.524 rev=3178 leg=WS06_v2b_base,,,,,1.9874055360781426,12.0,11.676447810810814,21.0,additive
2026-09-11,2026Q4,1,rw_hl4,dispersion_conditioned,base,adj_ebitda_musd,941.8885131079159,913.68388,26,2026-08-06,2026-09-11,street_pit,disp=0.0290 ref=0.0450 ratio=0.645 b_pt=+0.592,,,,,0.10361901186182847,12.0,0.36503866345604363,19.0,relative
2026-09-11,2026Q4,1,rw_hl4,dispersion_conditioned,base,adj_ebitda_margin_pct,29.279337157319897,28.897437484563262,26,2026-08-06,2026-09-11,street_pit,disp=0.0290 ref=0.0450 ratio=0.645 b_pt=+0.592,,,,,1.8900404143423024,12.0,9.86876920344579,21.0,additive
2026-09-11,2026Q4,1,rw_hl4,street_plus_flowthrough,bear,adj_ebitda_musd,892.0988943382014,913.68388,26,2026-08-06,2026-09-11,street_pit,scen=bear rev=3124 leg=WS06_v2b_bear,,,,,,0.0,,0.0,relative
2026-09-11,2026Q4,1,rw_hl4,street_plus_flowthrough,bear,adj_ebitda_margin_pct,28.558066946459927,28.897437484563262,26,2026-08-06,2026-09-11,street_pit,scen=bear rev=3124 leg=WS06_v2b_bear,,,,,,0.0,,0.0,additive
2026-09-11,2026Q4,1,rw_hl4,street_plus_flowthrough,bull,adj_ebitda_musd,946.7118804944071,913.68388,26,2026-08-06,2026-09-11,street_pit,scen=bull rev=3228 leg=WS06_v2b_bull,,,,,,0.0,,0.0,relative
2026-09-11,2026Q4,1,rw_hl4,street_plus_flowthrough,bull,adj_ebitda_margin_pct,29.328701204800833,28.897437484563262,26,2026-08-06,2026-09-11,street_pit,scen=bull rev=3228 leg=WS06_v2b_bull,,,,,,0.0,,0.0,additive
2026-09-11,2027Q1,2,rw_hl4,street_plus_bias,base,adj_ebitda_musd,551.2165673474545,526.042852708612,26,2026-08-06,2026-09-11,fyalloc,b_pct=+0.0479 b_pt=+0.592 n_pool=18,,,,,0.11025197666335645,12.0,0.3811844585242143,19.0,relative_borrowed_h1
2026-09-11,2027Q1,2,rw_hl4,street_plus_bias,base,adj_ebitda_margin_pct,18.347079716529418,17.755039818817664,26,2026-08-06,2026-09-11,fyalloc,b_pct=+0.0479 b_pt=+0.592 n_pool=18,,,,,2.076699420912696,12.0,10.303899784449964,21.0,additive_borrowed_h1
2026-09-11,2027Q1,2,rw_hl4,street_plus_flowthrough,base,adj_ebitda_musd,571.7780044489768,526.042852708612,26,2026-08-06,2026-09-11,fyalloc,a=-1.7 m=0.524 rev=3053 leg=WS06_v2b_base,,,,,0.0897111936472442,12.0,0.7198174120948829,19.0,relative_borrowed_h1
2026-09-11,2027Q1,2,rw_hl4,street_plus_flowthrough,base,adj_ebitda_margin_pct,18.727605294966605,17.755039818817664,26,2026-08-06,2026-09-11,fyalloc,a=-1.7 m=0.524 rev=3053 leg=WS06_v2b_base,,,,,1.9874055360781426,12.0,11.676447810810814,21.0,additive_borrowed_h1
2026-09-11,2027Q1,2,rw_hl4,dispersion_conditioned,base,adj_ebitda_musd,542.2813417357883,526.042852708612,26,2026-08-06,2026-09-11,fyalloc,disp=0.0290 ref=0.0450 ratio=0.645 b_pt=+0.592,,,,,0.10361901186182847,12.0,0.36503866345604363,19.0,relative_borrowed_h1
2026-09-11,2027Q1,2,rw_hl4,dispersion_conditioned,base,adj_ebitda_margin_pct,18.1369394915743,17.755039818817664,26,2026-08-06,2026-09-11,fyalloc,disp=0.0290 ref=0.0450 ratio=0.645 b_pt=+0.592,,,,,1.8900404143423024,12.0,9.86876920344579,21.0,additive_borrowed_h1
2026-09-11,2027Q1,2,rw_hl4,street_plus_flowthrough,bear,adj_ebitda_musd,541.3762915765075,526.042852708612,26,2026-08-06,2026-09-11,fyalloc,scen=bear rev=2995 leg=WS06_v2b_bear,,,,,,0.0,,0.0,relative
2026-09-11,2027Q1,2,rw_hl4,street_plus_flowthrough,bear,adj_ebitda_margin_pct,18.075019945543115,17.755039818817664,26,2026-08-06,2026-09-11,fyalloc,scen=bear rev=2995 leg=WS06_v2b_bear,,,,,,0.0,,0.0,additive
2026-09-11,2027Q1,2,rw_hl4,street_plus_flowthrough,bull,adj_ebitda_musd,606.8170400643987,526.042852708612,26,2026-08-06,2026-09-11,fyalloc,scen=bull rev=3120 leg=WS06_v2b_bull,,,,,,0.0,,0.0,relative
2026-09-11,2027Q1,2,rw_hl4,street_plus_flowthrough,bull,adj_ebitda_margin_pct,19.449653097690117,17.755039818817664,26,2026-08-06,2026-09-11,fyalloc,scen=bull rev=3120 leg=WS06_v2b_bull,,,,,,0.0,,0.0,additive
2026-09-11,2027Q2,3,rw_hl4,street_plus_bias,base,adj_ebitda_musd,1385.9605659080544,1322.6646168135753,26,2026-08-06,2026-09-11,fyalloc,b_pct=+0.0479 b_pt=+0.592 n_pool=18,,,,,0.11025197666335645,12.0,0.3811844585242143,19.0,relative_borrowed_h1
2026-09-11,2027Q2,3,rw_hl4,street_plus_bias,base,adj_ebitda_margin_pct,33.9952002422856,33.40316034457384,26,2026-08-06,2026-09-11,fyalloc,b_pct=+0.0479 b_pt=+0.592 n_pool=18,,,,,2.076699420912696,12.0,10.303899784449964,21.0,additive_borrowed_h1
2026-09-11,2027Q2,3,rw_hl4,street_plus_flowthrough,base,adj_ebitda_musd,1357.3506483551048,1322.6646168135753,26,2026-08-06,2026-09-11,fyalloc,a=-1.7 m=0.524 rev=4029 leg=WS06_v2b_base,,,,,0.0897111936472442,12.0,0.7198174120948829,19.0,relative_borrowed_h1
2026-09-11,2027Q2,3,rw_hl4,street_plus_flowthrough,base,adj_ebitda_margin_pct,33.689678591786375,33.40316034457384,26,2026-08-06,2026-09-11,fyalloc,a=-1.7 m=0.524 rev=4029 leg=WS06_v2b_base,,,,,1.9874055360781426,12.0,11.676447810810814,21.0,additive_borrowed_h1
2026-09-11,2027Q2,3,rw_hl4,dispersion_conditioned,base,adj_ebitda_musd,1363.4941324246518,1322.6646168135753,26,2026-08-06,2026-09-11,fyalloc,disp=0.0290 ref=0.0450 ratio=0.645 b_pt=+0.592,,,,,0.10361901186182847,12.0,0.36503866345604363,19.0,relative_borrowed_h1
2026-09-11,2027Q2,3,rw_hl4,dispersion_conditioned,base,adj_ebitda_margin_pct,33.78506001733048,33.40316034457384,26,2026-08-06,2026-09-11,fyalloc,disp=0.0290 ref=0.0450 ratio=0.645 b_pt=+0.592,,,,,1.8900404143423024,12.0,9.86876920344579,21.0,additive_borrowed_h1
2026-09-11,2027Q2,3,rw_hl4,street_plus_flowthrough,bear,adj_ebitda_musd,1239.2099227593935,1322.6646168135753,26,2026-08-06,2026-09-11,fyalloc,scen=bear rev=3804 leg=WS06_v2b_bear,,,,,,0.0,,0.0,relative
2026-09-11,2027Q2,3,rw_hl4,street_plus_flowthrough,bear,adj_ebitda_margin_pct,32.57886101458083,33.40316034457384,26,2026-08-06,2026-09-11,fyalloc,scen=bear rev=3804 leg=WS06_v2b_bear,,,,,,0.0,,0.0,additive
2026-09-11,2027Q2,3,rw_hl4,street_plus_flowthrough,bull,adj_ebitda_musd,1441.7510341559866,1322.6646168135753,26,2026-08-06,2026-09-11,fyalloc,scen=bull rev=4190 leg=WS06_v2b_bull,,,,,,0.0,,0.0,relative
2026-09-11,2027Q2,3,rw_hl4,street_plus_flowthrough,bull,adj_ebitda_margin_pct,34.41010945392673,33.40316034457384,26,2026-08-06,2026-09-11,fyalloc,scen=bull rev=4190 leg=WS06_v2b_bull,,,,,,0.0,,0.0,additive
2026-09-11,2027Q3,4,rw_hl4,street_plus_bias,base,adj_ebitda_musd,2948.3044661800623,2813.6572518243697,26,2026-08-06,2026-09-11,fyalloc,b_pct=+0.0479 b_pt=+0.592 n_pool=18,,,,,0.11025197666335645,12.0,0.3811844585242143,19.0,relative_borrowed_h1
2026-09-11,2027Q3,4,rw_hl4,street_plus_bias,base,adj_ebitda_margin_pct,53.253871662426995,52.66183176471524,26,2026-08-06,2026-09-11,fyalloc,b_pct=+0.0479 b_pt=+0.592 n_pool=18,,,,,2.076699420912696,12.0,10.303899784449964,21.0,additive_borrowed_h1
2026-09-11,2027Q3,4,rw_hl4,street_plus_flowthrough,base,adj_ebitda_musd,2779.413677587549,2813.6572518243697,26,2026-08-06,2026-09-11,fyalloc,a=-1.7 m=0.524 rev=5281 leg=WS06_v2b_base,,,,,0.0897111936472442,12.0,0.7198174120948829,19.0,relative_borrowed_h1
2026-09-11,2027Q3,4,rw_hl4,street_plus_flowthrough,base,adj_ebitda_margin_pct,52.63310871337545,52.66183176471524,26,2026-08-06,2026-09-11,fyalloc,a=-1.7 m=0.524 rev=5281 leg=WS06_v2b_base,,,,,1.9874055360781426,12.0,11.676447810810814,21.0,additive_borrowed_h1
2026-09-11,2027Q3,4,rw_hl4,dispersion_conditioned,base,adj_ebitda_musd,2900.5124237456835,2813.6572518243697,26,2026-08-06,2026-09-11,fyalloc,disp=0.0290 ref=0.0450 ratio=0.645 b_pt=+0.592,,,,,0.10361901186182847,12.0,0.36503866345604363,19.0,relative_borrowed_h1
2026-09-11,2027Q3,4,rw_hl4,dispersion_conditioned,base,adj_ebitda_margin_pct,53.04373143747188,52.66183176471524,26,2026-08-06,2026-09-11,fyalloc,disp=0.0290 ref=0.0450 ratio=0.645 b_pt=+0.592,,,,,1.8900404143423024,12.0,9.86876920344579,21.0,additive_borrowed_h1
2026-09-11,2027Q3,4,rw_hl4,street_plus_flowthrough,bear,adj_ebitda_musd,2598.8935424526585,2813.6572518243697,26,2026-08-06,2026-09-11,fyalloc,scen=bear rev=4937 leg=WS06_v2b_bear,,,,,,0.0,,0.0,relative
2026-09-11,2027Q3,4,rw_hl4,street_plus_flowthrough,bear,adj_ebitda_margin_pct,52.64607590284241,52.66183176471524,26,2026-08-06,2026-09-11,fyalloc,scen=bear rev=4937 leg=WS06_v2b_bear,,,,,,0.0,,0.0,additive
2026-09-11,2027Q3,4,rw_hl4,street_plus_flowthrough,bull,adj_ebitda_musd,2925.854035105509,2813.6572518243697,26,2026-08-06,2026-09-11,fyalloc,scen=bull rev=5560 leg=WS06_v2b_bull,,,,,,0.0,,0.0,relative
2026-09-11,2027Q3,4,rw_hl4,street_plus_flowthrough,bull,adj_ebitda_margin_pct,52.62376901684721,52.66183176471524,26,2026-08-06,2026-09-11,fyalloc,scen=bull rev=5560 leg=WS06_v2b_bull,,,,,,0.0,,0.0,additive
2026-09-11,2027Q4,5,rw_hl4,street_plus_bias,base,adj_ebitda_musd,1156.5535220509728,1103.7344486534435,26,2026-08-06,2026-09-11,fyalloc,b_pct=+0.0479 b_pt=+0.592 n_pool=18,,,,,0.11025197666335645,12.0,0.3811844585242143,19.0,relative_borrowed_h1
2026-09-11,2027Q4,5,rw_hl4,street_plus_bias,base,adj_ebitda_margin_pct,31.648315070853197,31.056275173141444,26,2026-08-06,2026-09-11,fyalloc,b_pct=+0.0479 b_pt=+0.592 n_pool=18,,,,,2.076699420912696,12.0,10.303899784449964,21.0,additive_borrowed_h1
2026-09-11,2027Q4,5,rw_hl4,street_plus_flowthrough,base,adj_ebitda_musd,1055.816445491607,1103.7344486534435,26,2026-08-06,2026-09-11,fyalloc,a=-1.7 m=0.524 rev=3466 leg=WS06_v2b_base,,,,,0.0897111936472442,12.0,0.7198174120948829,19.0,relative_borrowed_h1
2026-09-11,2027Q4,5,rw_hl4,street_plus_flowthrough,base,adj_ebitda_margin_pct,30.464175143703724,31.056275173141444,26,2026-08-06,2026-09-11,fyalloc,a=-1.7 m=0.524 rev=3466 leg=WS06_v2b_base,,,,,1.9874055360781426,12.0,11.676447810810814,21.0,additive_borrowed_h1
2026-09-11,2027Q4,5,rw_hl4,dispersion_conditioned,base,adj_ebitda_musd,1137.8057788522844,1103.7344486534435,26,2026-08-06,2026-09-11,fyalloc,disp=0.0290 ref=0.0450 ratio=0.645 b_pt=+0.592,,,,,0.10361901186182847,12.0,0.36503866345604363,19.0,relative_borrowed_h1
2026-09-11,2027Q4,5,rw_hl4,dispersion_conditioned,base,adj_ebitda_margin_pct,31.43817484589808,31.056275173141444,26,2026-08-06,2026-09-11,fyalloc,disp=0.0290 ref=0.0450 ratio=0.645 b_pt=+0.592,,,,,1.8900404143423024,12.0,9.86876920344579,21.0,additive_borrowed_h1
2026-09-11,2027Q4,5,rw_hl4,street_plus_flowthrough,bear,adj_ebitda_musd,923.2012562031881,1103.7344486534435,26,2026-08-06,2026-09-11,fyalloc,scen=bear rev=3213 leg=WS06_v2b_bear,,,,,,0.0,,0.0,relative
2026-09-11,2027Q4,5,rw_hl4,street_plus_flowthrough,bear,adj_ebitda_margin_pct,28.73412310990025,31.056275173141444,26,2026-08-06,2026-09-11,fyalloc,scen=bear rev=3213 leg=WS06_v2b_bear,,,,,,0.0,,0.0,additive
2026-09-11,2027Q4,5,rw_hl4,street_plus_flowthrough,bull,adj_ebitda_musd,1179.1662199889126,1103.7344486534435,26,2026-08-06,2026-09-11,fyalloc,scen=bull rev=3701 leg=WS06_v2b_bull,,,,,,0.0,,0.0,relative
2026-09-11,2027Q4,5,rw_hl4,street_plus_flowthrough,bull,adj_ebitda_margin_pct,31.861151758751443,31.056275173141444,26,2026-08-06,2026-09-11,fyalloc,scen=bull rev=3701 leg=WS06_v2b_bull,,,,,,0.0,,0.0,additive
2026-09-11,2026Q3,0,ew,street_plus_bias,base,adj_ebitda_musd,2616.219314582234,2361.52179,26,2026-08-06,2026-09-11,street_pit,b_pct=+0.1079 b_pt=+2.585 n_pool=18,,2026-11-05,,,0.08294636367220208,12.0,0.2455364695753904,19.0,relative
2026-09-11,2026Q3,0,ew,street_plus_bias,base,adj_ebitda_margin_pct,52.360838503241794,49.775747309501824,26,2026-08-06,2026-09-11,street_pit,b_pct=+0.1079 b_pt=+2.585 n_pool=18,,2026-11-05,,,1.4142705197486112,12.0,15.658207148820274,22.0,additive
2026-09-11,2026Q3,0,ew,street_plus_flowthrough,base,adj_ebitda_musd,2423.6928748823425,2361.52179,26,2026-08-06,2026-09-11,street_pit,a=+21.1 m=0.688 rev=4804 leg=WS06_v2b_base,,2026-11-05,,,0.05365223170743826,12.0,0.5183593727308915,20.0,relative
2026-09-11,2026Q3,0,ew,street_plus_flowthrough,base,adj_ebitda_margin_pct,50.451185776673434,49.775747309501824,26,2026-08-06,2026-09-11,street_pit,a=+21.1 m=0.688 rev=4804 leg=WS06_v2b_base,,2026-11-05,,,1.47283718178082,12.0,15.418066081704948,22.0,additive
2026-09-11,2026Q3,0,ew,dispersion_conditioned,base,adj_ebitda_musd,2488.870552291117,2361.52179,26,2026-08-06,2026-09-11,street_pit,disp=0.0085 ref=0.1010 ratio=0.500 b_pt=+2.585,,2026-11-05,,,0.06695660816707823,12.0,0.22830934785698273,19.0,relative
2026-09-11,2026Q3,0,ew,dispersion_conditioned,base,adj_ebitda_margin_pct,51.06829290637181,49.775747309501824,26,2026-08-06,2026-09-11,street_pit,disp=0.0085 ref=0.1010 ratio=0.500 b_pt=+2.585,,2026-11-05,,,1.4717391766163088,12.0,15.248294600771452,22.0,additive
2026-09-11,2026Q3,0,ew,street_plus_flowthrough,bear,adj_ebitda_musd,2389.9378908619974,2361.52179,26,2026-08-06,2026-09-11,street_pit,scen=bear rev=4755 leg=WS06_v2b_bear,,2026-11-05,,,,0.0,,0.0,relative
2026-09-11,2026Q3,0,ew,street_plus_flowthrough,bear,adj_ebitda_margin_pct,50.261574991840114,49.775747309501824,26,2026-08-06,2026-09-11,street_pit,scen=bear rev=4755 leg=WS06_v2b_bear,,2026-11-05,,,,0.0,,0.0,additive
2026-09-11,2026Q3,0,ew,street_plus_flowthrough,bull,adj_ebitda_musd,2474.6084465716867,2361.52179,26,2026-08-06,2026-09-11,street_pit,scen=bull rev=4878 leg=WS06_v2b_bull,,2026-11-05,,,,0.0,,0.0,relative
2026-09-11,2026Q3,0,ew,street_plus_flowthrough,bull,adj_ebitda_margin_pct,50.729980454524124,49.775747309501824,26,2026-08-06,2026-09-11,street_pit,scen=bull rev=4878 leg=WS06_v2b_bull,,2026-11-05,,,,0.0,,0.0,additive
2026-09-11,2026Q4,1,ew,street_plus_bias,base,adj_ebitda_musd,1025.875544594161,913.68388,26,2026-08-06,2026-09-11,street_pit,b_pct=+0.1228 b_pt=+2.579 n_pool=18,,,,,0.10118273001155477,12.0,0.3978399981745689,19.0,relative
2026-09-11,2026Q4,1,ew,street_plus_bias,base,adj_ebitda_margin_pct,31.476048196093657,28.897437484563262,26,2026-08-06,2026-09-11,street_pit,b_pct=+0.1228 b_pt=+2.579 n_pool=18,,,,,2.016407922148597,12.0,10.896285308117045,21.0,additive
2026-09-11,2026Q4,1,ew,street_plus_flowthrough,base,adj_ebitda_musd,933.7850517414646,913.68388,26,2026-08-06,2026-09-11,street_pit,a=+7.3 m=0.787 rev=3178 leg=WS06_v2b_base,,,,,0.08934236016430362,12.0,0.7225162946030868,19.0,relative
2026-09-11,2026Q4,1,ew,street_plus_flowthrough,base,adj_ebitda_margin_pct,29.38179289391834,28.897437484563262,26,2026-08-06,2026-09-11,street_pit,a=+7.3 m=0.787 rev=3178 leg=WS06_v2b_base,,,,,2.048035579522715,12.0,11.81846646023149,21.0,additive
2026-09-11,2026Q4,1,ew,dispersion_conditioned,base,adj_ebitda_musd,969.7797122970806,913.68388,26,2026-08-06,2026-09-11,street_pit,disp=0.0290 ref=0.0986 ratio=0.500 b_pt=+2.579,,,,,0.1041168524287806,12.0,0.37308322339868777,19.0,relative
2026-09-11,2026Q4,1,ew,dispersion_conditioned,base,adj_ebitda_margin_pct,30.18674284032846,28.897437484563262,26,2026-08-06,2026-09-11,street_pit,disp=0.0290 ref=0.0986 ratio=0.500 b_pt=+2.579,,,,,1.9457879359189827,12.0,10.139790846595657,21.0,additive
2026-09-11,2026Q4,1,ew,street_plus_flowthrough,bear,adj_ebitda_musd,891.0589371820017,913.68388,26,2026-08-06,2026-09-11,street_pit,scen=bear rev=3124 leg=WS06_v2b_bear,,,,,,0.0,,0.0,relative
2026-09-11,2026Q4,1,ew,street_plus_flowthrough,bear,adj_ebitda_margin_pct,28.524775608160226,28.897437484563262,26,2026-08-06,2026-09-11,street_pit,scen=bear rev=3124 leg=WS06_v2b_bear,,,,,,0.0,,0.0,additive
2026-09-11,2026Q4,1,ew,street_plus_flowthrough,bull,adj_ebitda_musd,972.9924118017315,913.68388,26,2026-08-06,2026-09-11,street_pit,scen=bull rev=3228 leg=WS06_v2b_bull,,,,,,0.0,,0.0,relative
2026-09-11,2026Q4,1,ew,street_plus_flowthrough,bull,adj_ebitda_margin_pct,30.142860048791896,28.897437484563262,26,2026-08-06,2026-09-11,street_pit,scen=bull rev=3228 leg=WS06_v2b_bull,,,,,,0.0,,0.0,additive
2026-09-11,2027Q1,2,ew,street_plus_bias,base,adj_ebitda_musd,590.6358969606789,526.042852708612,26,2026-08-06,2026-09-11,fyalloc,b_pct=+0.1228 b_pt=+2.579 n_pool=18,,,,,0.10118273001155477,12.0,0.3978399981745689,19.0,relative_borrowed_h1
2026-09-11,2027Q1,2,ew,street_plus_bias,base,adj_ebitda_margin_pct,20.33365053034806,17.755039818817664,26,2026-08-06,2026-09-11,fyalloc,b_pct=+0.1228 b_pt=+2.579 n_pool=18,,,,,2.016407922148597,12.0,10.896285308117045,21.0,additive_borrowed_h1
2026-09-11,2027Q1,2,ew,street_plus_flowthrough,base,adj_ebitda_musd,604.415367774724,526.042852708612,26,2026-08-06,2026-09-11,fyalloc,a=+7.3 m=0.787 rev=3053 leg=WS06_v2b_base,,,,,0.08934236016430362,12.0,0.7225162946030868,19.0,relative_borrowed_h1
2026-09-11,2027Q1,2,ew,street_plus_flowthrough,base,adj_ebitda_margin_pct,19.796586006846287,17.755039818817664,26,2026-08-06,2026-09-11,fyalloc,a=+7.3 m=0.787 rev=3053 leg=WS06_v2b_base,,,,,2.048035579522715,12.0,11.81846646023149,21.0,additive_borrowed_h1
2026-09-11,2027Q1,2,ew,dispersion_conditioned,base,adj_ebitda_musd,558.3393748346455,526.042852708612,26,2026-08-06,2026-09-11,fyalloc,disp=0.0290 ref=0.0986 ratio=0.500 b_pt=+2.579,,,,,0.1041168524287806,12.0,0.37308322339868777,19.0,relative_borrowed_h1
2026-09-11,2027Q1,2,ew,dispersion_conditioned,base,adj_ebitda_margin_pct,19.044345174582862,17.755039818817664,26,2026-08-06,2026-09-11,fyalloc,disp=0.0290 ref=0.0986 ratio=0.500 b_pt=+2.579,,,,,1.9457879359189827,12.0,10.139790846595657,21.0,additive_borrowed_h1
2026-09-11,2027Q1,2,ew,street_plus_flowthrough,bear,adj_ebitda_musd,558.805007577459,526.042852708612,26,2026-08-06,2026-09-11,fyalloc,scen=bear rev=2995 leg=WS06_v2b_bear,,,,,,0.0,,0.0,relative
2026-09-11,2027Q1,2,ew,street_plus_flowthrough,bear,adj_ebitda_margin_pct,18.656915374367752,17.755039818817664,26,2026-08-06,2026-09-11,fyalloc,scen=bear rev=2995 leg=WS06_v2b_bear,,,,,,0.0,,0.0,additive
2026-09-11,2027Q1,2,ew,street_plus_flowthrough,bull,adj_ebitda_musd,656.9829004689559,526.042852708612,26,2026-08-06,2026-09-11,fyalloc,scen=bull rev=3120 leg=WS06_v2b_bull,,,,,,0.0,,0.0,relative
2026-09-11,2027Q1,2,ew,street_plus_flowthrough,bull,adj_ebitda_margin_pct,21.057565397107812,17.755039818817664,26,2026-08-06,2026-09-11,fyalloc,scen=bull rev=3120 leg=WS06_v2b_bull,,,,,,0.0,,0.0,additive
2026-09-11,2027Q2,3,ew,street_plus_bias,base,adj_ebitda_musd,1485.0752145140766,1322.6646168135753,26,2026-08-06,2026-09-11,fyalloc,b_pct=+0.1228 b_pt=+2.579 n_pool=18,,,,,0.10118273001155477,12.0,0.3978399981745689,19.0,relative_borrowed_h1
2026-09-11,2027Q2,3,ew,street_plus_bias,base,adj_ebitda_margin_pct,35.981771056104236,33.40316034457384,26,2026-08-06,2026-09-11,fyalloc,b_pct=+0.1228 b_pt=+2.579 n_pool=18,,,,,2.016407922148597,12.0,10.896285308117045,21.0,additive_borrowed_h1
2026-09-11,2027Q2,3,ew,street_plus_flowthrough,base,adj_ebitda_musd,1384.4606200809685,1322.6646168135753,26,2026-08-06,2026-09-11,fyalloc,a=+7.3 m=0.787 rev=4029 leg=WS06_v2b_base,,,,,0.08934236016430362,12.0,0.7225162946030868,19.0,relative_borrowed_h1
2026-09-11,2027Q2,3,ew,street_plus_flowthrough,base,adj_ebitda_margin_pct,34.36255279358792,33.40316034457384,26,2026-08-06,2026-09-11,fyalloc,a=+7.3 m=0.787 rev=4029 leg=WS06_v2b_base,,,,,2.048035579522715,12.0,11.81846646023149,21.0,additive_borrowed_h1
2026-09-11,2027Q2,3,ew,dispersion_conditioned,base,adj_ebitda_musd,1403.8699156638259,1322.6646168135753,26,2026-08-06,2026-09-11,fyalloc,disp=0.0290 ref=0.0986 ratio=0.500 b_pt=+2.579,,,,,0.1041168524287806,12.0,0.37308322339868777,19.0,relative_borrowed_h1
2026-09-11,2027Q2,3,ew,dispersion_conditioned,base,adj_ebitda_margin_pct,34.692465700339035,33.40316034457384,26,2026-08-06,2026-09-11,fyalloc,disp=0.0290 ref=0.0986 ratio=0.500 b_pt=+2.579,,,,,1.9457879359189827,12.0,10.139790846595657,21.0,additive_borrowed_h1
2026-09-11,2027Q2,3,ew,street_plus_flowthrough,bear,adj_ebitda_musd,1207.2192563791823,1322.6646168135753,26,2026-08-06,2026-09-11,fyalloc,scen=bear rev=3804 leg=WS06_v2b_bear,,,,,,0.0,,0.0,relative
2026-09-11,2027Q2,3,ew,street_plus_flowthrough,bear,adj_ebitda_margin_pct,31.73782556560381,33.40316034457384,26,2026-08-06,2026-09-11,fyalloc,scen=bear rev=3804 leg=WS06_v2b_bear,,,,,,0.0,,0.0,additive
2026-09-11,2027Q2,3,ew,street_plus_flowthrough,bull,adj_ebitda_musd,1511.0828276294233,1322.6646168135753,26,2026-08-06,2026-09-11,fyalloc,scen=bull rev=4190 leg=WS06_v2b_bull,,,,,,0.0,,0.0,relative
2026-09-11,2027Q2,3,ew,street_plus_flowthrough,bull,adj_ebitda_margin_pct,36.064843555403975,33.40316034457384,26,2026-08-06,2026-09-11,fyalloc,scen=bull rev=4190 leg=WS06_v2b_bull,,,,,,0.0,,0.0,additive
2026-09-11,2027Q3,4,ew,street_plus_bias,base,adj_ebitda_musd,3159.1475221349374,2813.6572518243697,26,2026-08-06,2026-09-11,fyalloc,b_pct=+0.1228 b_pt=+2.579 n_pool=18,,,,,0.10118273001155477,12.0,0.3978399981745689,19.0,relative_borrowed_h1
2026-09-11,2027Q3,4,ew,street_plus_bias,base,adj_ebitda_margin_pct,55.24044247624563,52.66183176471524,26,2026-08-06,2026-09-11,fyalloc,b_pct=+0.1228 b_pt=+2.579 n_pool=18,,,,,2.016407922148597,12.0,10.896285308117045,21.0,additive_borrowed_h1
2026-09-11,2027Q3,4,ew,street_plus_flowthrough,base,adj_ebitda_musd,2772.041182193297,2813.6572518243697,26,2026-08-06,2026-09-11,fyalloc,a=+7.3 m=0.787 rev=5281 leg=WS06_v2b_base,,,,,0.08934236016430362,12.0,0.7225162946030868,19.0,relative_borrowed_h1
2026-09-11,2027Q3,4,ew,street_plus_flowthrough,base,adj_ebitda_margin_pct,52.49349748720081,52.66183176471524,26,2026-08-06,2026-09-11,fyalloc,a=+7.3 m=0.787 rev=5281 leg=WS06_v2b_base,,,,,2.048035579522715,12.0,11.81846646023149,21.0,additive_borrowed_h1
2026-09-11,2027Q3,4,ew,dispersion_conditioned,base,adj_ebitda_musd,2986.402386979654,2813.6572518243697,26,2026-08-06,2026-09-11,fyalloc,disp=0.0290 ref=0.0986 ratio=0.500 b_pt=+2.579,,,,,0.1041168524287806,12.0,0.37308322339868777,19.0,relative_borrowed_h1
2026-09-11,2027Q3,4,ew,dispersion_conditioned,base,adj_ebitda_margin_pct,53.95113712048043,52.66183176471524,26,2026-08-06,2026-09-11,fyalloc,disp=0.0290 ref=0.0986 ratio=0.500 b_pt=+2.579,,,,,1.9457879359189827,12.0,10.139790846595657,21.0,additive_borrowed_h1
2026-09-11,2027Q3,4,ew,street_plus_flowthrough,bear,adj_ebitda_musd,2501.2147185364643,2813.6572518243697,26,2026-08-06,2026-09-11,fyalloc,scen=bear rev=4937 leg=WS06_v2b_bear,,,,,,0.0,,0.0,relative
2026-09-11,2027Q3,4,ew,street_plus_flowthrough,bear,adj_ebitda_margin_pct,50.66738508923591,52.66183176471524,26,2026-08-06,2026-09-11,fyalloc,scen=bear rev=4937 leg=WS06_v2b_bear,,,,,,0.0,,0.0,additive
2026-09-11,2027Q3,4,ew,street_plus_flowthrough,bull,adj_ebitda_musd,2991.7392459776843,2813.6572518243697,26,2026-08-06,2026-09-11,fyalloc,scen=bull rev=5560 leg=WS06_v2b_bull,,,,,,0.0,,0.0,relative
2026-09-11,2027Q3,4,ew,street_plus_flowthrough,bull,adj_ebitda_margin_pct,53.80876597054473,52.66183176471524,26,2026-08-06,2026-09-11,fyalloc,scen=bull rev=5560 leg=WS06_v2b_bull,,,,,,0.0,,0.0,additive
2026-09-11,2027Q4,5,ew,street_plus_bias,base,adj_ebitda_musd,1239.2625101360957,1103.7344486534435,26,2026-08-06,2026-09-11,fyalloc,b_pct=+0.1228 b_pt=+2.579 n_pool=18,,,,,0.10118273001155477,12.0,0.3978399981745689,19.0,relative_borrowed_h1
2026-09-11,2027Q4,5,ew,street_plus_bias,base,adj_ebitda_margin_pct,33.63488588467184,31.056275173141444,26,2026-08-06,2026-09-11,fyalloc,b_pct=+0.1228 b_pt=+2.579 n_pool=18,,,,,2.016407922148597,12.0,10.896285308117045,21.0,additive_borrowed_h1
2026-09-11,2027Q4,5,ew,street_plus_flowthrough,base,adj_ebitda_musd,1041.6032313601927,1103.7344486534435,26,2026-08-06,2026-09-11,fyalloc,a=+7.3 m=0.787 rev=3466 leg=WS06_v2b_base,,,,,0.08934236016430362,12.0,0.7225162946030868,19.0,relative_borrowed_h1
2026-09-11,2027Q4,5,ew,street_plus_flowthrough,base,adj_ebitda_margin_pct,30.054071809451564,31.056275173141444,26,2026-08-06,2026-09-11,fyalloc,a=+7.3 m=0.787 rev=3466 leg=WS06_v2b_base,,,,,2.048035579522715,12.0,11.81846646023149,21.0,additive_borrowed_h1
2026-09-11,2027Q4,5,ew,dispersion_conditioned,base,adj_ebitda_musd,1171.4984793947697,1103.7344486534435,26,2026-08-06,2026-09-11,fyalloc,disp=0.0290 ref=0.0986 ratio=0.500 b_pt=+2.579,,,,,0.1041168524287806,12.0,0.37308322339868777,19.0,relative_borrowed_h1
2026-09-11,2027Q4,5,ew,dispersion_conditioned,base,adj_ebitda_margin_pct,32.34558052890664,31.056275173141444,26,2026-08-06,2026-09-11,fyalloc,disp=0.0290 ref=0.0986 ratio=0.500 b_pt=+2.579,,,,,1.9457879359189827,12.0,10.139790846595657,21.0,additive_borrowed_h1
2026-09-11,2027Q4,5,ew,street_plus_flowthrough,bear,adj_ebitda_musd,842.646462823948,1103.7344486534435,26,2026-08-06,2026-09-11,fyalloc,scen=bear rev=3213 leg=WS06_v2b_bear,,,,,,0.0,,0.0,relative
2026-09-11,2027Q4,5,ew,street_plus_flowthrough,bear,adj_ebitda_margin_pct,26.226900189113596,31.056275173141444,26,2026-08-06,2026-09-11,fyalloc,scen=bear rev=3213 leg=WS06_v2b_bear,,,,,,0.0,,0.0,additive
2026-09-11,2027Q4,5,ew,street_plus_flowthrough,bull,adj_ebitda_musd,1226.6595033101923,1103.7344486534435,26,2026-08-06,2026-09-11,fyalloc,scen=bull rev=3701 leg=WS06_v2b_bull,,,,,,0.0,,0.0,relative
2026-09-11,2027Q4,5,ew,street_plus_flowthrough,bull,adj_ebitda_margin_pct,33.144423516175856,31.056275173141444,26,2026-08-06,2026-09-11,fyalloc,scen=bull rev=3701 leg=WS06_v2b_bull,,,,,,0.0,,0.0,additive
2026-09-11,2026Q3,0,rw_hl4_usd,street_plus_bias,base,adj_ebitda_musd,2406.2227301200724,2361.52179,26,2026-08-06,2026-09-11,street_pit,b_pct=+0.0629 b_pt=+1.057 n_pool=18,,2026-11-05,,,0.04944193550261231,12.0,0.2229615811244351,19.0,relative
2026-09-11,2026Q3,0,rw_hl4_usd,street_plus_bias,base,adj_ebitda_margin_pct,50.832687101721724,49.775747309501824,26,2026-08-06,2026-09-11,street_pit,b_pct=+0.0629 b_pt=+1.057 n_pool=18,,2026-11-05,,,1.4431363281595164,12.0,15.220989958983703,22.0,additive
2026-09-11,2026Q3,0,rw_hl4_usd,street_plus_flowthrough,base,adj_ebitda_musd,2405.1383677143695,2361.52179,26,2026-08-06,2026-09-11,street_pit,a=+15.9 m=0.464 rev=4804 leg=WS06_v2b_base,,2026-11-05,,,0.052336252783796,12.0,0.5140043988693758,20.0,relative
2026-09-11,2026Q3,0,rw_hl4_usd,street_plus_flowthrough,base,adj_ebitda_margin_pct,50.0649582567483,49.775747309501824,26,2026-08-06,2026-09-11,street_pit,a=+15.9 m=0.464 rev=4804 leg=WS06_v2b_base,,2026-11-05,,,1.406593064248147,12.0,15.262020767286137,22.0,additive
2026-09-11,2026Q3,0,rw_hl4_usd,dispersion_conditioned,base,adj_ebitda_musd,2383.8722600600363,2361.52179,26,2026-08-06,2026-09-11,street_pit,disp=0.0085 ref=0.0497 ratio=0.500 b_pt=+1.057,,2026-11-05,,,0.060050891623526746,12.0,0.22451747317596615,19.0,relative
2026-09-11,2026Q3,0,rw_hl4_usd,dispersion_conditioned,base,adj_ebitda_margin_pct,50.30421720561177,49.775747309501824,26,2026-08-06,2026-09-11,street_pit,disp=0.0085 ref=0.0497 ratio=0.500 b_pt=+1.057,,2026-11-05,,,1.3051343719396196,12.0,14.976589546148091,22.0,additive
2026-09-11,2026Q3,0,rw_hl4_usd,street_plus_flowthrough,bear,adj_ebitda_musd,2382.4016795052326,2361.52179,26,2026-08-06,2026-09-11,street_pit,scen=bear rev=4755 leg=WS06_v2b_bear,,2026-11-05,,,,0.0,,0.0,relative
2026-09-11,2026Q3,0,rw_hl4_usd,street_plus_flowthrough,bear,adj_ebitda_margin_pct,50.10308474248649,49.775747309501824,26,2026-08-06,2026-09-11,street_pit,scen=bear rev=4755 leg=WS06_v2b_bear,,2026-11-05,,,,0.0,,0.0,additive
2026-09-11,2026Q3,0,rw_hl4_usd,street_plus_flowthrough,bull,adj_ebitda_musd,2439.4340876528777,2361.52179,26,2026-08-06,2026-09-11,street_pit,scen=bull rev=4878 leg=WS06_v2b_bull,,2026-11-05,,,,0.0,,0.0,relative
2026-09-11,2026Q3,0,rw_hl4_usd,street_plus_flowthrough,bull,adj_ebitda_margin_pct,50.00889888587285,49.775747309501824,26,2026-08-06,2026-09-11,street_pit,scen=bull rev=4878 leg=WS06_v2b_bull,,2026-11-05,,,,0.0,,0.0,additive
2026-09-11,2026Q4,1,rw_hl4_usd,street_plus_bias,base,adj_ebitda_musd,943.6406713417699,913.68388,26,2026-08-06,2026-09-11,street_pit,b_pct=+0.0479 b_pt=+0.592 n_pool=18,,,,,0.08056390188321393,12.0,0.3794593086484654,19.0,relative
2026-09-11,2026Q4,1,rw_hl4_usd,street_plus_bias,base,adj_ebitda_margin_pct,29.489477382275016,28.897437484563262,26,2026-08-06,2026-09-11,street_pit,b_pct=+0.0479 b_pt=+0.592 n_pool=18,,,,,2.076699420912696,12.0,10.303899784449964,21.0,additive
2026-09-11,2026Q4,1,rw_hl4_usd,street_plus_flowthrough,base,adj_ebitda_musd,920.5781052318465,913.68388,26,2026-08-06,2026-09-11,street_pit,a=-1.7 m=0.524 rev=3178 leg=WS06_v2b_base,,,,,0.0897111936472442,12.0,0.7198174120948829,19.0,relative
2026-09-11,2026Q4,1,rw_hl4_usd,street_plus_flowthrough,base,adj_ebitda_margin_pct,28.966232839296595,28.897437484563262,26,2026-08-06,2026-09-11,street_pit,a=-1.7 m=0.524 rev=3178 leg=WS06_v2b_base,,,,,1.9874055360781426,12.0,11.676447810810814,21.0,additive
2026-09-11,2026Q4,1,rw_hl4_usd,dispersion_conditioned,base,adj_ebitda_musd,933.0077276908033,913.68388,26,2026-08-06,2026-09-11,street_pit,disp=0.0290 ref=0.0450 ratio=0.645 b_pt=+0.592,,,,,0.0826052135612044,12.0,0.3708627173516807,19.0,relative
2026-09-11,2026Q4,1,rw_hl4_usd,dispersion_conditioned,base,adj_ebitda_margin_pct,29.279337157319897,28.897437484563262,26,2026-08-06,2026-09-11,street_pit,disp=0.0290 ref=0.0450 ratio=0.645 b_pt=+0.592,,,,,1.8900404143423024,12.0,9.86876920344579,21.0,additive
2026-09-11,2026Q4,1,rw_hl4_usd,street_plus_flowthrough,bear,adj_ebitda_musd,892.0988943382014,913.68388,26,2026-08-06,2026-09-11,street_pit,scen=bear rev=3124 leg=WS06_v2b_bear,,,,,,0.0,,0.0,relative
2026-09-11,2026Q4,1,rw_hl4_usd,street_plus_flowthrough,bear,adj_ebitda_margin_pct,28.558066946459927,28.897437484563262,26,2026-08-06,2026-09-11,street_pit,scen=bear rev=3124 leg=WS06_v2b_bear,,,,,,0.0,,0.0,additive
2026-09-11,2026Q4,1,rw_hl4_usd,street_plus_flowthrough,bull,adj_ebitda_musd,946.7118804944071,913.68388,26,2026-08-06,2026-09-11,street_pit,scen=bull rev=3228 leg=WS06_v2b_bull,,,,,,0.0,,0.0,relative
2026-09-11,2026Q4,1,rw_hl4_usd,street_plus_flowthrough,bull,adj_ebitda_margin_pct,29.328701204800833,28.897437484563262,26,2026-08-06,2026-09-11,street_pit,scen=bull rev=3228 leg=WS06_v2b_bull,,,,,,0.0,,0.0,additive
2026-09-11,2027Q1,2,rw_hl4_usd,street_plus_bias,base,adj_ebitda_musd,555.9996440503819,526.042852708612,26,2026-08-06,2026-09-11,fyalloc,b_pct=+0.0479 b_pt=+0.592 n_pool=18,,,,,0.08056390188321393,12.0,0.3794593086484654,19.0,relative_borrowed_h1
2026-09-11,2027Q1,2,rw_hl4_usd,street_plus_bias,base,adj_ebitda_margin_pct,18.347079716529418,17.755039818817664,26,2026-08-06,2026-09-11,fyalloc,b_pct=+0.0479 b_pt=+0.592 n_pool=18,,,,,2.076699420912696,12.0,10.303899784449964,21.0,additive_borrowed_h1
2026-09-11,2027Q1,2,rw_hl4_usd,street_plus_flowthrough,base,adj_ebitda_musd,571.7780044489768,526.042852708612,26,2026-08-06,2026-09-11,fyalloc,a=-1.7 m=0.524 rev=3053 leg=WS06_v2b_base,,,,,0.0897111936472442,12.0,0.7198174120948829,19.0,relative_borrowed_h1
2026-09-11,2027Q1,2,rw_hl4_usd,street_plus_flowthrough,base,adj_ebitda_margin_pct,18.727605294966605,17.755039818817664,26,2026-08-06,2026-09-11,fyalloc,a=-1.7 m=0.524 rev=3053 leg=WS06_v2b_base,,,,,1.9874055360781426,12.0,11.676447810810814,21.0,additive_borrowed_h1
2026-09-11,2027Q1,2,rw_hl4_usd,dispersion_conditioned,base,adj_ebitda_musd,545.3667003994153,526.042852708612,26,2026-08-06,2026-09-11,fyalloc,disp=0.0290 ref=0.0450 ratio=0.645 b_pt=+0.592,,,,,0.0826052135612044,12.0,0.3708627173516807,19.0,relative_borrowed_h1
2026-09-11,2027Q1,2,rw_hl4_usd,dispersion_conditioned,base,adj_ebitda_margin_pct,18.1369394915743,17.755039818817664,26,2026-08-06,2026-09-11,fyalloc,disp=0.0290 ref=0.0450 ratio=0.645 b_pt=+0.592,,,,,1.8900404143423024,12.0,9.86876920344579,21.0,additive_borrowed_h1
2026-09-11,2027Q1,2,rw_hl4_usd,street_plus_flowthrough,bear,adj_ebitda_musd,541.3762915765075,526.042852708612,26,2026-08-06,2026-09-11,fyalloc,scen=bear rev=2995 leg=WS06_v2b_bear,,,,,,0.0,,0.0,relative
2026-09-11,2027Q1,2,rw_hl4_usd,street_plus_flowthrough,bear,adj_ebitda_margin_pct,18.075019945543115,17.755039818817664,26,2026-08-06,2026-09-11,fyalloc,scen=bear rev=2995 leg=WS06_v2b_bear,,,,,,0.0,,0.0,additive
2026-09-11,2027Q1,2,rw_hl4_usd,street_plus_flowthrough,bull,adj_ebitda_musd,606.8170400643987,526.042852708612,26,2026-08-06,2026-09-11,fyalloc,scen=bull rev=3120 leg=WS06_v2b_bull,,,,,,0.0,,0.0,relative
2026-09-11,2027Q1,2,rw_hl4_usd,street_plus_flowthrough,bull,adj_ebitda_margin_pct,19.449653097690117,17.755039818817664,26,2026-08-06,2026-09-11,fyalloc,scen=bull rev=3120 leg=WS06_v2b_bull,,,,,,0.0,,0.0,additive
2026-09-11,2027Q2,3,rw_hl4_usd,street_plus_bias,base,adj_ebitda_musd,1352.621408155345,1322.6646168135753,26,2026-08-06,2026-09-11,fyalloc,b_pct=+0.0479 b_pt=+0.592 n_pool=18,,,,,0.08056390188321393,12.0,0.3794593086484654,19.0,relative_borrowed_h1
2026-09-11,2027Q2,3,rw_hl4_usd,street_plus_bias,base,adj_ebitda_margin_pct,33.9952002422856,33.40316034457384,26,2026-08-06,2026-09-11,fyalloc,b_pct=+0.0479 b_pt=+0.592 n_pool=18,,,,,2.076699420912696,12.0,10.303899784449964,21.0,additive_borrowed_h1
2026-09-11,2027Q2,3,rw_hl4_usd,street_plus_flowthrough,base,adj_ebitda_musd,1357.3506483551048,1322.6646168135753,26,2026-08-06,2026-09-11,fyalloc,a=-1.7 m=0.524 rev=4029 leg=WS06_v2b_base,,,,,0.0897111936472442,12.0,0.7198174120948829,19.0,relative_borrowed_h1
2026-09-11,2027Q2,3,rw_hl4_usd,street_plus_flowthrough,base,adj_ebitda_margin_pct,33.689678591786375,33.40316034457384,26,2026-08-06,2026-09-11,fyalloc,a=-1.7 m=0.524 rev=4029 leg=WS06_v2b_base,,,,,1.9874055360781426,12.0,11.676447810810814,21.0,additive_borrowed_h1
2026-09-11,2027Q2,3,rw_hl4_usd,dispersion_conditioned,base,adj_ebitda_musd,1341.9884645043787,1322.6646168135753,26,2026-08-06,2026-09-11,fyalloc,disp=0.0290 ref=0.0450 ratio=0.645 b_pt=+0.592,,,,,0.0826052135612044,12.0,0.3708627173516807,19.0,relative_borrowed_h1
2026-09-11,2027Q2,3,rw_hl4_usd,dispersion_conditioned,base,adj_ebitda_margin_pct,33.78506001733048,33.40316034457384,26,2026-08-06,2026-09-11,fyalloc,disp=0.0290 ref=0.0450 ratio=0.645 b_pt=+0.592,,,,,1.8900404143423024,12.0,9.86876920344579,21.0,additive_borrowed_h1
2026-09-11,2027Q2,3,rw_hl4_usd,street_plus_flowthrough,bear,adj_ebitda_musd,1239.2099227593935,1322.6646168135753,26,2026-08-06,2026-09-11,fyalloc,scen=bear rev=3804 leg=WS06_v2b_bear,,,,,,0.0,,0.0,relative
2026-09-11,2027Q2,3,rw_hl4_usd,street_plus_flowthrough,bear,adj_ebitda_margin_pct,32.57886101458083,33.40316034457384,26,2026-08-06,2026-09-11,fyalloc,scen=bear rev=3804 leg=WS06_v2b_bear,,,,,,0.0,,0.0,additive
2026-09-11,2027Q2,3,rw_hl4_usd,street_plus_flowthrough,bull,adj_ebitda_musd,1441.7510341559866,1322.6646168135753,26,2026-08-06,2026-09-11,fyalloc,scen=bull rev=4190 leg=WS06_v2b_bull,,,,,,0.0,,0.0,relative
2026-09-11,2027Q2,3,rw_hl4_usd,street_plus_flowthrough,bull,adj_ebitda_margin_pct,34.41010945392673,33.40316034457384,26,2026-08-06,2026-09-11,fyalloc,scen=bull rev=4190 leg=WS06_v2b_bull,,,,,,0.0,,0.0,additive
2026-09-11,2027Q3,4,rw_hl4_usd,street_plus_bias,base,adj_ebitda_musd,2843.6140431661397,2813.6572518243697,26,2026-08-06,2026-09-11,fyalloc,b_pct=+0.0479 b_pt=+0.592 n_pool=18,,,,,0.08056390188321393,12.0,0.3794593086484654,19.0,relative_borrowed_h1
2026-09-11,2027Q3,4,rw_hl4_usd,street_plus_bias,base,adj_ebitda_margin_pct,53.253871662426995,52.66183176471524,26,2026-08-06,2026-09-11,fyalloc,b_pct=+0.0479 b_pt=+0.592 n_pool=18,,,,,2.076699420912696,12.0,10.303899784449964,21.0,additive_borrowed_h1
2026-09-11,2027Q3,4,rw_hl4_usd,street_plus_flowthrough,base,adj_ebitda_musd,2779.413677587549,2813.6572518243697,26,2026-08-06,2026-09-11,fyalloc,a=-1.7 m=0.524 rev=5281 leg=WS06_v2b_base,,,,,0.0897111936472442,12.0,0.7198174120948829,19.0,relative_borrowed_h1
2026-09-11,2027Q3,4,rw_hl4_usd,street_plus_flowthrough,base,adj_ebitda_margin_pct,52.63310871337545,52.66183176471524,26,2026-08-06,2026-09-11,fyalloc,a=-1.7 m=0.524 rev=5281 leg=WS06_v2b_base,,,,,1.9874055360781426,12.0,11.676447810810814,21.0,additive_borrowed_h1
2026-09-11,2027Q3,4,rw_hl4_usd,dispersion_conditioned,base,adj_ebitda_musd,2832.981099515173,2813.6572518243697,26,2026-08-06,2026-09-11,fyalloc,disp=0.0290 ref=0.0450 ratio=0.645 b_pt=+0.592,,,,,0.0826052135612044,12.0,0.3708627173516807,19.0,relative_borrowed_h1
2026-09-11,2027Q3,4,rw_hl4_usd,dispersion_conditioned,base,adj_ebitda_margin_pct,53.04373143747188,52.66183176471524,26,2026-08-06,2026-09-11,fyalloc,disp=0.0290 ref=0.0450 ratio=0.645 b_pt=+0.592,,,,,1.8900404143423024,12.0,9.86876920344579,21.0,additive_borrowed_h1
2026-09-11,2027Q3,4,rw_hl4_usd,street_plus_flowthrough,bear,adj_ebitda_musd,2598.8935424526585,2813.6572518243697,26,2026-08-06,2026-09-11,fyalloc,scen=bear rev=4937 leg=WS06_v2b_bear,,,,,,0.0,,0.0,relative
2026-09-11,2027Q3,4,rw_hl4_usd,street_plus_flowthrough,bear,adj_ebitda_margin_pct,52.64607590284241,52.66183176471524,26,2026-08-06,2026-09-11,fyalloc,scen=bear rev=4937 leg=WS06_v2b_bear,,,,,,0.0,,0.0,additive
2026-09-11,2027Q3,4,rw_hl4_usd,street_plus_flowthrough,bull,adj_ebitda_musd,2925.854035105509,2813.6572518243697,26,2026-08-06,2026-09-11,fyalloc,scen=bull rev=5560 leg=WS06_v2b_bull,,,,,,0.0,,0.0,relative
2026-09-11,2027Q3,4,rw_hl4_usd,street_plus_flowthrough,bull,adj_ebitda_margin_pct,52.62376901684721,52.66183176471524,26,2026-08-06,2026-09-11,fyalloc,scen=bull rev=5560 leg=WS06_v2b_bull,,,,,,0.0,,0.0,additive
2026-09-11,2027Q4,5,rw_hl4_usd,street_plus_bias,base,adj_ebitda_musd,1133.6912399952132,1103.7344486534435,26,2026-08-06,2026-09-11,fyalloc,b_pct=+0.0479 b_pt=+0.592 n_pool=18,,,,,0.08056390188321393,12.0,0.3794593086484654,19.0,relative_borrowed_h1
2026-09-11,2027Q4,5,rw_hl4_usd,street_plus_bias,base,adj_ebitda_margin_pct,31.648315070853197,31.056275173141444,26,2026-08-06,2026-09-11,fyalloc,b_pct=+0.0479 b_pt=+0.592 n_pool=18,,,,,2.076699420912696,12.0,10.303899784449964,21.0,additive_borrowed_h1
2026-09-11,2027Q4,5,rw_hl4_usd,street_plus_flowthrough,base,adj_ebitda_musd,1055.816445491607,1103.7344486534435,26,2026-08-06,2026-09-11,fyalloc,a=-1.7 m=0.524 rev=3466 leg=WS06_v2b_base,,,,,0.0897111936472442,12.0,0.7198174120948829,19.0,relative_borrowed_h1
2026-09-11,2027Q4,5,rw_hl4_usd,street_plus_flowthrough,base,adj_ebitda_margin_pct,30.464175143703724,31.056275173141444,26,2026-08-06,2026-09-11,fyalloc,a=-1.7 m=0.524 rev=3466 leg=WS06_v2b_base,,,,,1.9874055360781426,12.0,11.676447810810814,21.0,additive_borrowed_h1
2026-09-11,2027Q4,5,rw_hl4_usd,dispersion_conditioned,base,adj_ebitda_musd,1123.0582963442469,1103.7344486534435,26,2026-08-06,2026-09-11,fyalloc,disp=0.0290 ref=0.0450 ratio=0.645 b_pt=+0.592,,,,,0.0826052135612044,12.0,0.3708627173516807,19.0,relative_borrowed_h1
2026-09-11,2027Q4,5,rw_hl4_usd,dispersion_conditioned,base,adj_ebitda_margin_pct,31.43817484589808,31.056275173141444,26,2026-08-06,2026-09-11,fyalloc,disp=0.0290 ref=0.0450 ratio=0.645 b_pt=+0.592,,,,,1.8900404143423024,12.0,9.86876920344579,21.0,additive_borrowed_h1
2026-09-11,2027Q4,5,rw_hl4_usd,street_plus_flowthrough,bear,adj_ebitda_musd,923.2012562031881,1103.7344486534435,26,2026-08-06,2026-09-11,fyalloc,scen=bear rev=3213 leg=WS06_v2b_bear,,,,,,0.0,,0.0,relative
2026-09-11,2027Q4,5,rw_hl4_usd,street_plus_flowthrough,bear,adj_ebitda_margin_pct,28.73412310990025,31.056275173141444,26,2026-08-06,2026-09-11,fyalloc,scen=bear rev=3213 leg=WS06_v2b_bear,,,,,,0.0,,0.0,additive
2026-09-11,2027Q4,5,rw_hl4_usd,street_plus_flowthrough,bull,adj_ebitda_musd,1179.1662199889126,1103.7344486534435,26,2026-08-06,2026-09-11,fyalloc,scen=bull rev=3701 leg=WS06_v2b_bull,,,,,,0.0,,0.0,relative
2026-09-11,2027Q4,5,rw_hl4_usd,street_plus_flowthrough,bull,adj_ebitda_margin_pct,31.861151758751443,31.056275173141444,26,2026-08-06,2026-09-11,fyalloc,scen=bull rev=3701 leg=WS06_v2b_bull,,,,,,0.0,,0.0,additive
2026-09-11,2026Q3,0,ew_usd,street_plus_bias,base,adj_ebitda_musd,2435.4542945,2361.52179,26,2026-08-06,2026-09-11,street_pit,b_pct=+0.1079 b_pt=+2.585 n_pool=18,,2026-11-05,,,0.04905755115432299,12.0,0.23423363284309917,19.0,relative
2026-09-11,2026Q3,0,ew_usd,street_plus_bias,base,adj_ebitda_margin_pct,52.360838503241794,49.775747309501824,26,2026-08-06,2026-09-11,street_pit,b_pct=+0.1079 b_pt=+2.585 n_pool=18,,2026-11-05,,,1.4142705197486112,12.0,15.658207148820274,22.0,additive
2026-09-11,2026Q3,0,ew_usd,street_plus_flowthrough,base,adj_ebitda_musd,2423.6928748823425,2361.52179,26,2026-08-06,2026-09-11,street_pit,a=+21.1 m=0.688 rev=4804 leg=WS06_v2b_base,,2026-11-05,,,0.05365223170743826,12.0,0.5183593727308915,20.0,relative
2026-09-11,2026Q3,0,ew_usd,street_plus_flowthrough,base,adj_ebitda_margin_pct,50.451185776673434,49.775747309501824,26,2026-08-06,2026-09-11,street_pit,a=+21.1 m=0.688 rev=4804 leg=WS06_v2b_base,,2026-11-05,,,1.47283718178082,12.0,15.418066081704948,22.0,additive
2026-09-11,2026Q3,0,ew_usd,dispersion_conditioned,base,adj_ebitda_musd,2398.4880422499996,2361.52179,26,2026-08-06,2026-09-11,street_pit,disp=0.0085 ref=0.1010 ratio=0.500 b_pt=+2.585,,2026-11-05,,,0.07420341794324171,12.0,0.23431722937619492,19.0,relative
2026-09-11,2026Q3,0,ew_usd,dispersion_conditioned,base,adj_ebitda_margin_pct,51.06829290637181,49.775747309501824,26,2026-08-06,2026-09-11,street_pit,disp=0.0085 ref=0.1010 ratio=0.500 b_pt=+2.585,,2026-11-05,,,1.4717391766163088,12.0,15.248294600771452,22.0,additive
2026-09-11,2026Q3,0,ew_usd,street_plus_flowthrough,bear,adj_ebitda_musd,2389.9378908619974,2361.52179,26,2026-08-06,2026-09-11,street_pit,scen=bear rev=4755 leg=WS06_v2b_bear,,2026-11-05,,,,0.0,,0.0,relative
2026-09-11,2026Q3,0,ew_usd,street_plus_flowthrough,bear,adj_ebitda_margin_pct,50.261574991840114,49.775747309501824,26,2026-08-06,2026-09-11,street_pit,scen=bear rev=4755 leg=WS06_v2b_bear,,2026-11-05,,,,0.0,,0.0,additive
2026-09-11,2026Q3,0,ew_usd,street_plus_flowthrough,bull,adj_ebitda_musd,2474.6084465716867,2361.52179,26,2026-08-06,2026-09-11,street_pit,scen=bull rev=4878 leg=WS06_v2b_bull,,2026-11-05,,,,0.0,,0.0,relative
2026-09-11,2026Q3,0,ew_usd,street_plus_flowthrough,bull,adj_ebitda_margin_pct,50.729980454524124,49.775747309501824,26,2026-08-06,2026-09-11,street_pit,scen=bull rev=4878 leg=WS06_v2b_bull,,2026-11-05,,,,0.0,,0.0,additive
2026-09-11,2026Q4,1,ew_usd,street_plus_bias,base,adj_ebitda_musd,985.465099,913.68388,26,2026-08-06,2026-09-11,street_pit,b_pct=+0.1228 b_pt=+2.579 n_pool=18,,,,,0.07949029198768384,12.0,0.3930112037728623,19.0,relative
2026-09-11,2026Q4,1,ew_usd,street_plus_bias,base,adj_ebitda_margin_pct,31.476048196093657,28.897437484563262,26,2026-08-06,2026-09-11,street_pit,b_pct=+0.1228 b_pt=+2.579 n_pool=18,,,,,2.016407922148597,12.0,10.896285308117045,21.0,additive
2026-09-11,2026Q4,1,ew_usd,street_plus_flowthrough,base,adj_ebitda_musd,933.7850517414646,913.68388,26,2026-08-06,2026-09-11,street_pit,a=+7.3 m=0.787 rev=3178 leg=WS06_v2b_base,,,,,0.08934236016430362,12.0,0.7225162946030868,19.0,relative
2026-09-11,2026Q4,1,ew_usd,street_plus_flowthrough,base,adj_ebitda_margin_pct,29.38179289391834,28.897437484563262,26,2026-08-06,2026-09-11,street_pit,a=+7.3 m=0.787 rev=3178 leg=WS06_v2b_base,,,,,2.048035579522715,12.0,11.81846646023149,21.0,additive
2026-09-11,2026Q4,1,ew_usd,dispersion_conditioned,base,adj_ebitda_musd,949.5744895,913.68388,26,2026-08-06,2026-09-11,street_pit,disp=0.0290 ref=0.0986 ratio=0.500 b_pt=+2.579,,,,,0.08357025399289231,12.0,0.3764315108334057,19.0,relative
2026-09-11,2026Q4,1,ew_usd,dispersion_conditioned,base,adj_ebitda_margin_pct,30.18674284032846,28.897437484563262,26,2026-08-06,2026-09-11,street_pit,disp=0.0290 ref=0.0986 ratio=0.500 b_pt=+2.579,,,,,1.9457879359189827,12.0,10.139790846595657,21.0,additive
2026-09-11,2026Q4,1,ew_usd,street_plus_flowthrough,bear,adj_ebitda_musd,891.0589371820017,913.68388,26,2026-08-06,2026-09-11,street_pit,scen=bear rev=3124 leg=WS06_v2b_bear,,,,,,0.0,,0.0,relative
2026-09-11,2026Q4,1,ew_usd,street_plus_flowthrough,bear,adj_ebitda_margin_pct,28.524775608160226,28.897437484563262,26,2026-08-06,2026-09-11,street_pit,scen=bear rev=3124 leg=WS06_v2b_bear,,,,,,0.0,,0.0,additive
2026-09-11,2026Q4,1,ew_usd,street_plus_flowthrough,bull,adj_ebitda_musd,972.9924118017315,913.68388,26,2026-08-06,2026-09-11,street_pit,scen=bull rev=3228 leg=WS06_v2b_bull,,,,,,0.0,,0.0,relative
2026-09-11,2026Q4,1,ew_usd,street_plus_flowthrough,bull,adj_ebitda_margin_pct,30.142860048791896,28.897437484563262,26,2026-08-06,2026-09-11,street_pit,scen=bull rev=3228 leg=WS06_v2b_bull,,,,,,0.0,,0.0,additive
2026-09-11,2027Q1,2,ew_usd,street_plus_bias,base,adj_ebitda_musd,597.824071708612,526.042852708612,26,2026-08-06,2026-09-11,fyalloc,b_pct=+0.1228 b_pt=+2.579 n_pool=18,,,,,0.07949029198768384,12.0,0.3930112037728623,19.0,relative_borrowed_h1
2026-09-11,2027Q1,2,ew_usd,street_plus_bias,base,adj_ebitda_margin_pct,20.33365053034806,17.755039818817664,26,2026-08-06,2026-09-11,fyalloc,b_pct=+0.1228 b_pt=+2.579 n_pool=18,,,,,2.016407922148597,12.0,10.896285308117045,21.0,additive_borrowed_h1
2026-09-11,2027Q1,2,ew_usd,street_plus_flowthrough,base,adj_ebitda_musd,604.415367774724,526.042852708612,26,2026-08-06,2026-09-11,fyalloc,a=+7.3 m=0.787 rev=3053 leg=WS06_v2b_base,,,,,0.08934236016430362,12.0,0.7225162946030868,19.0,relative_borrowed_h1
2026-09-11,2027Q1,2,ew_usd,street_plus_flowthrough,base,adj_ebitda_margin_pct,19.796586006846287,17.755039818817664,26,2026-08-06,2026-09-11,fyalloc,a=+7.3 m=0.787 rev=3053 leg=WS06_v2b_base,,,,,2.048035579522715,12.0,11.81846646023149,21.0,additive_borrowed_h1
2026-09-11,2027Q1,2,ew_usd,dispersion_conditioned,base,adj_ebitda_musd,561.933462208612,526.042852708612,26,2026-08-06,2026-09-11,fyalloc,disp=0.0290 ref=0.0986 ratio=0.500 b_pt=+2.579,,,,,0.08357025399289231,12.0,0.3764315108334057,19.0,relative_borrowed_h1
2026-09-11,2027Q1,2,ew_usd,dispersion_conditioned,base,adj_ebitda_margin_pct,19.044345174582862,17.755039818817664,26,2026-08-06,2026-09-11,fyalloc,disp=0.0290 ref=0.0986 ratio=0.500 b_pt=+2.579,,,,,1.9457879359189827,12.0,10.139790846595657,21.0,additive_borrowed_h1
2026-09-11,2027Q1,2,ew_usd,street_plus_flowthrough,bear,adj_ebitda_musd,558.805007577459,526.042852708612,26,2026-08-06,2026-09-11,fyalloc,scen=bear rev=2995 leg=WS06_v2b_bear,,,,,,0.0,,0.0,relative
2026-09-11,2027Q1,2,ew_usd,street_plus_flowthrough,bear,adj_ebitda_margin_pct,18.656915374367752,17.755039818817664,26,2026-08-06,2026-09-11,fyalloc,scen=bear rev=2995 leg=WS06_v2b_bear,,,,,,0.0,,0.0,additive
2026-09-11,2027Q1,2,ew_usd,street_plus_flowthrough,bull,adj_ebitda_musd,656.9829004689559,526.042852708612,26,2026-08-06,2026-09-11,fyalloc,scen=bull rev=3120 leg=WS06_v2b_bull,,,,,,0.0,,0.0,relative
2026-09-11,2027Q1,2,ew_usd,street_plus_flowthrough,bull,adj_ebitda_margin_pct,21.057565397107812,17.755039818817664,26,2026-08-06,2026-09-11,fyalloc,scen=bull rev=3120 leg=WS06_v2b_bull,,,,,,0.0,,0.0,additive
2026-09-11,2027Q2,3,ew_usd,street_plus_bias,base,adj_ebitda_musd,1394.4458358135753,1322.6646168135753,26,2026-08-06,2026-09-11,fyalloc,b_pct=+0.1228 b_pt=+2.579 n_pool=18,,,,,0.07949029198768384,12.0,0.3930112037728623,19.0,relative_borrowed_h1
2026-09-11,2027Q2,3,ew_usd,street_plus_bias,base,adj_ebitda_margin_pct,35.981771056104236,33.40316034457384,26,2026-08-06,2026-09-11,fyalloc,b_pct=+0.1228 b_pt=+2.579 n_pool=18,,,,,2.016407922148597,12.0,10.896285308117045,21.0,additive_borrowed_h1
2026-09-11,2027Q2,3,ew_usd,street_plus_flowthrough,base,adj_ebitda_musd,1384.4606200809685,1322.6646168135753,26,2026-08-06,2026-09-11,fyalloc,a=+7.3 m=0.787 rev=4029 leg=WS06_v2b_base,,,,,0.08934236016430362,12.0,0.7225162946030868,19.0,relative_borrowed_h1
2026-09-11,2027Q2,3,ew_usd,street_plus_flowthrough,base,adj_ebitda_margin_pct,34.36255279358792,33.40316034457384,26,2026-08-06,2026-09-11,fyalloc,a=+7.3 m=0.787 rev=4029 leg=WS06_v2b_base,,,,,2.048035579522715,12.0,11.81846646023149,21.0,additive_borrowed_h1
2026-09-11,2027Q2,3,ew_usd,dispersion_conditioned,base,adj_ebitda_musd,1358.5552263135753,1322.6646168135753,26,2026-08-06,2026-09-11,fyalloc,disp=0.0290 ref=0.0986 ratio=0.500 b_pt=+2.579,,,,,0.08357025399289231,12.0,0.3764315108334057,19.0,relative_borrowed_h1
2026-09-11,2027Q2,3,ew_usd,dispersion_conditioned,base,adj_ebitda_margin_pct,34.692465700339035,33.40316034457384,26,2026-08-06,2026-09-11,fyalloc,disp=0.0290 ref=0.0986 ratio=0.500 b_pt=+2.579,,,,,1.9457879359189827,12.0,10.139790846595657,21.0,additive_borrowed_h1
2026-09-11,2027Q2,3,ew_usd,street_plus_flowthrough,bear,adj_ebitda_musd,1207.2192563791823,1322.6646168135753,26,2026-08-06,2026-09-11,fyalloc,scen=bear rev=3804 leg=WS06_v2b_bear,,,,,,0.0,,0.0,relative
2026-09-11,2027Q2,3,ew_usd,street_plus_flowthrough,bear,adj_ebitda_margin_pct,31.73782556560381,33.40316034457384,26,2026-08-06,2026-09-11,fyalloc,scen=bear rev=3804 leg=WS06_v2b_bear,,,,,,0.0,,0.0,additive
2026-09-11,2027Q2,3,ew_usd,street_plus_flowthrough,bull,adj_ebitda_musd,1511.0828276294233,1322.6646168135753,26,2026-08-06,2026-09-11,fyalloc,scen=bull rev=4190 leg=WS06_v2b_bull,,,,,,0.0,,0.0,relative
2026-09-11,2027Q2,3,ew_usd,street_plus_flowthrough,bull,adj_ebitda_margin_pct,36.064843555403975,33.40316034457384,26,2026-08-06,2026-09-11,fyalloc,scen=bull rev=4190 leg=WS06_v2b_bull,,,,,,0.0,,0.0,additive
2026-09-11,2027Q3,4,ew_usd,street_plus_bias,base,adj_ebitda_musd,2885.4384708243697,2813.6572518243697,26,2026-08-06,2026-09-11,fyalloc,b_pct=+0.1228 b_pt=+2.579 n_pool=18,,,,,0.07949029198768384,12.0,0.3930112037728623,19.0,relative_borrowed_h1
2026-09-11,2027Q3,4,ew_usd,street_plus_bias,base,adj_ebitda_margin_pct,55.24044247624563,52.66183176471524,26,2026-08-06,2026-09-11,fyalloc,b_pct=+0.1228 b_pt=+2.579 n_pool=18,,,,,2.016407922148597,12.0,10.896285308117045,21.0,additive_borrowed_h1
2026-09-11,2027Q3,4,ew_usd,street_plus_flowthrough,base,adj_ebitda_musd,2772.041182193297,2813.6572518243697,26,2026-08-06,2026-09-11,fyalloc,a=+7.3 m=0.787 rev=5281 leg=WS06_v2b_base,,,,,0.08934236016430362,12.0,0.7225162946030868,19.0,relative_borrowed_h1
2026-09-11,2027Q3,4,ew_usd,street_plus_flowthrough,base,adj_ebitda_margin_pct,52.49349748720081,52.66183176471524,26,2026-08-06,2026-09-11,fyalloc,a=+7.3 m=0.787 rev=5281 leg=WS06_v2b_base,,,,,2.048035579522715,12.0,11.81846646023149,21.0,additive_borrowed_h1
2026-09-11,2027Q3,4,ew_usd,dispersion_conditioned,base,adj_ebitda_musd,2849.54786132437,2813.6572518243697,26,2026-08-06,2026-09-11,fyalloc,disp=0.0290 ref=0.0986 ratio=0.500 b_pt=+2.579,,,,,0.08357025399289231,12.0,0.3764315108334057,19.0,relative_borrowed_h1
2026-09-11,2027Q3,4,ew_usd,dispersion_conditioned,base,adj_ebitda_margin_pct,53.95113712048043,52.66183176471524,26,2026-08-06,2026-09-11,fyalloc,disp=0.0290 ref=0.0986 ratio=0.500 b_pt=+2.579,,,,,1.9457879359189827,12.0,10.139790846595657,21.0,additive_borrowed_h1
2026-09-11,2027Q3,4,ew_usd,street_plus_flowthrough,bear,adj_ebitda_musd,2501.2147185364643,2813.6572518243697,26,2026-08-06,2026-09-11,fyalloc,scen=bear rev=4937 leg=WS06_v2b_bear,,,,,,0.0,,0.0,relative
2026-09-11,2027Q3,4,ew_usd,street_plus_flowthrough,bear,adj_ebitda_margin_pct,50.66738508923591,52.66183176471524,26,2026-08-06,2026-09-11,fyalloc,scen=bear rev=4937 leg=WS06_v2b_bear,,,,,,0.0,,0.0,additive
2026-09-11,2027Q3,4,ew_usd,street_plus_flowthrough,bull,adj_ebitda_musd,2991.7392459776843,2813.6572518243697,26,2026-08-06,2026-09-11,fyalloc,scen=bull rev=5560 leg=WS06_v2b_bull,,,,,,0.0,,0.0,relative
2026-09-11,2027Q3,4,ew_usd,street_plus_flowthrough,bull,adj_ebitda_margin_pct,53.80876597054473,52.66183176471524,26,2026-08-06,2026-09-11,fyalloc,scen=bull rev=5560 leg=WS06_v2b_bull,,,,,,0.0,,0.0,additive
2026-09-11,2027Q4,5,ew_usd,street_plus_bias,base,adj_ebitda_musd,1175.5156676534434,1103.7344486534435,26,2026-08-06,2026-09-11,fyalloc,b_pct=+0.1228 b_pt=+2.579 n_pool=18,,,,,0.07949029198768384,12.0,0.3930112037728623,19.0,relative_borrowed_h1
2026-09-11,2027Q4,5,ew_usd,street_plus_bias,base,adj_ebitda_margin_pct,33.63488588467184,31.056275173141444,26,2026-08-06,2026-09-11,fyalloc,b_pct=+0.1228 b_pt=+2.579 n_pool=18,,,,,2.016407922148597,12.0,10.896285308117045,21.0,additive_borrowed_h1
2026-09-11,2027Q4,5,ew_usd,street_plus_flowthrough,base,adj_ebitda_musd,1041.6032313601927,1103.7344486534435,26,2026-08-06,2026-09-11,fyalloc,a=+7.3 m=0.787 rev=3466 leg=WS06_v2b_base,,,,,0.08934236016430362,12.0,0.7225162946030868,19.0,relative_borrowed_h1
2026-09-11,2027Q4,5,ew_usd,street_plus_flowthrough,base,adj_ebitda_margin_pct,30.054071809451564,31.056275173141444,26,2026-08-06,2026-09-11,fyalloc,a=+7.3 m=0.787 rev=3466 leg=WS06_v2b_base,,,,,2.048035579522715,12.0,11.81846646023149,21.0,additive_borrowed_h1
2026-09-11,2027Q4,5,ew_usd,dispersion_conditioned,base,adj_ebitda_musd,1139.6250581534434,1103.7344486534435,26,2026-08-06,2026-09-11,fyalloc,disp=0.0290 ref=0.0986 ratio=0.500 b_pt=+2.579,,,,,0.08357025399289231,12.0,0.3764315108334057,19.0,relative_borrowed_h1
2026-09-11,2027Q4,5,ew_usd,dispersion_conditioned,base,adj_ebitda_margin_pct,32.34558052890664,31.056275173141444,26,2026-08-06,2026-09-11,fyalloc,disp=0.0290 ref=0.0986 ratio=0.500 b_pt=+2.579,,,,,1.9457879359189827,12.0,10.139790846595657,21.0,additive_borrowed_h1
2026-09-11,2027Q4,5,ew_usd,street_plus_flowthrough,bear,adj_ebitda_musd,842.646462823948,1103.7344486534435,26,2026-08-06,2026-09-11,fyalloc,scen=bear rev=3213 leg=WS06_v2b_bear,,,,,,0.0,,0.0,relative
2026-09-11,2027Q4,5,ew_usd,street_plus_flowthrough,bear,adj_ebitda_margin_pct,26.226900189113596,31.056275173141444,26,2026-08-06,2026-09-11,fyalloc,scen=bear rev=3213 leg=WS06_v2b_bear,,,,,,0.0,,0.0,additive
2026-09-11,2027Q4,5,ew_usd,street_plus_flowthrough,bull,adj_ebitda_musd,1226.6595033101923,1103.7344486534435,26,2026-08-06,2026-09-11,fyalloc,scen=bull rev=3701 leg=WS06_v2b_bull,,,,,,0.0,,0.0,relative
2026-09-11,2027Q4,5,ew_usd,street_plus_flowthrough,bull,adj_ebitda_margin_pct,33.144423516175856,31.056275173141444,26,2026-08-06,2026-09-11,fyalloc,scen=bull rev=3701 leg=WS06_v2b_bull,,,,,,0.0,,0.0,additive
2026-09-11,2026Q3,0,rw_hl4_med,street_plus_bias,base,adj_ebitda_musd,2492.2719634844993,2361.52179,26,2026-08-06,2026-09-11,street_pit,b_pct=+0.0554 b_pt=+0.684 n_pool=18,,2026-11-05,,,0.08775348537190182,12.0,0.23280684039067323,19.0,relative
2026-09-11,2026Q3,0,rw_hl4_med,street_plus_bias,base,adj_ebitda_margin_pct,50.45979958016046,49.775747309501824,26,2026-08-06,2026-09-11,street_pit,b_pct=+0.0554 b_pt=+0.684 n_pool=18,,2026-11-05,,,1.6779691763704703,12.0,15.094928975007344,22.0,additive
2026-09-11,2026Q3,0,rw_hl4_med,street_plus_flowthrough,base,adj_ebitda_musd,2403.236667949511,2361.52179,26,2026-08-06,2026-09-11,street_pit,a=+14.0 m=0.464 rev=4804 leg=WS06_v2b_base,,2026-11-05,,,0.047128689284400276,12.0,0.5143603690395466,20.0,relative
2026-09-11,2026Q3,0,rw_hl4_med,street_plus_flowthrough,base,adj_ebitda_margin_pct,50.02537279230161,49.775747309501824,26,2026-08-06,2026-09-11,street_pit,a=+14.0 m=0.464 rev=4804 leg=WS06_v2b_base,,2026-11-05,,,1.3445613127487386,12.0,15.29649982708439,22.0,additive
2026-09-11,2026Q3,0,rw_hl4_med,dispersion_conditioned,base,adj_ebitda_musd,2426.8968767422493,2361.52179,26,2026-08-06,2026-09-11,street_pit,disp=0.0085 ref=0.0497 ratio=0.500 b_pt=+0.684,,2026-11-05,,,0.06519733879747897,12.0,0.2183712414699615,19.0,relative
2026-09-11,2026Q3,0,rw_hl4_med,dispersion_conditioned,base,adj_ebitda_margin_pct,50.117773444831144,49.775747309501824,26,2026-08-06,2026-09-11,street_pit,disp=0.0085 ref=0.0497 ratio=0.500 b_pt=+0.684,,2026-11-05,,,1.3483339056889891,12.0,14.861826872107399,22.0,additive
2026-09-11,2026Q3,0,rw_hl4_med,street_plus_flowthrough,bear,adj_ebitda_musd,2380.499979740374,2361.52179,26,2026-08-06,2026-09-11,street_pit,scen=bear rev=4755 leg=WS06_v2b_bear,,2026-11-05,,,,0.0,,0.0,relative
2026-09-11,2026Q3,0,rw_hl4_med,street_plus_flowthrough,bear,adj_ebitda_margin_pct,50.06309105657989,49.775747309501824,26,2026-08-06,2026-09-11,street_pit,scen=bear rev=4755 leg=WS06_v2b_bear,,2026-11-05,,,,0.0,,0.0,additive
2026-09-11,2026Q3,0,rw_hl4_med,street_plus_flowthrough,bull,adj_ebitda_musd,2437.532387888019,2361.52179,26,2026-08-06,2026-09-11,street_pit,scen=bull rev=4878 leg=WS06_v2b_bull,,2026-11-05,,,,0.0,,0.0,relative
2026-09-11,2026Q3,0,rw_hl4_med,street_plus_flowthrough,bull,adj_ebitda_margin_pct,49.969913650840894,49.775747309501824,26,2026-08-06,2026-09-11,street_pit,scen=bull rev=4878 leg=WS06_v2b_bull,,2026-11-05,,,,0.0,,0.0,additive
2026-09-11,2026Q4,1,rw_hl4_med,street_plus_bias,base,adj_ebitda_musd,952.9539626769212,913.68388,26,2026-08-06,2026-09-11,street_pit,b_pct=+0.0430 b_pt=+0.615 n_pool=18,,,,,0.11788044640364767,12.0,0.37136955885379275,19.0,relative
2026-09-11,2026Q4,1,rw_hl4_med,street_plus_bias,base,adj_ebitda_margin_pct,29.51240213581881,28.897437484563262,26,2026-08-06,2026-09-11,street_pit,b_pct=+0.0430 b_pt=+0.615 n_pool=18,,,,,2.4830789551187427,12.0,10.095755219235308,21.0,additive
2026-09-11,2026Q4,1,rw_hl4_med,street_plus_flowthrough,base,adj_ebitda_musd,914.8734190802996,913.68388,26,2026-08-06,2026-09-11,street_pit,a=-7.4 m=0.524 rev=3178 leg=WS06_v2b_base,,,,,0.08782917327380502,12.0,0.7218660162396997,19.0,relative
2026-09-11,2026Q4,1,rw_hl4_med,street_plus_flowthrough,base,adj_ebitda_margin_pct,28.78673338520171,28.897437484563262,26,2026-08-06,2026-09-11,street_pit,a=-7.4 m=0.524 rev=3178 leg=WS06_v2b_base,,,,,2.0001322868881353,12.0,11.750614977883718,21.0,additive
2026-09-11,2026Q4,1,rw_hl4_med,dispersion_conditioned,base,adj_ebitda_musd,939.0153344871162,913.68388,26,2026-08-06,2026-09-11,street_pit,disp=0.0290 ref=0.0450 ratio=0.645 b_pt=+0.615,,,,,0.10685641197869238,12.0,0.35783625823083315,19.0,relative
2026-09-11,2026Q4,1,rw_hl4_med,dispersion_conditioned,base,adj_ebitda_margin_pct,29.294124937518898,28.897437484563262,26,2026-08-06,2026-09-11,street_pit,disp=0.0290 ref=0.0450 ratio=0.645 b_pt=+0.615,,,,,2.0941292036020998,12.0,9.761955651586398,21.0,additive
2026-09-11,2026Q4,1,rw_hl4_med,street_plus_flowthrough,bear,adj_ebitda_musd,886.3942081866545,913.68388,26,2026-08-06,2026-09-11,street_pit,scen=bear rev=3124 leg=WS06_v2b_bear,,,,,,0.0,,0.0,relative
2026-09-11,2026Q4,1,rw_hl4_med,street_plus_flowthrough,bear,adj_ebitda_margin_pct,28.375447272723783,28.897437484563262,26,2026-08-06,2026-09-11,street_pit,scen=bear rev=3124 leg=WS06_v2b_bear,,,,,,0.0,,0.0,additive
2026-09-11,2026Q4,1,rw_hl4_med,street_plus_flowthrough,bull,adj_ebitda_musd,941.0071943428602,913.68388,26,2026-08-06,2026-09-11,street_pit,scen=bull rev=3228 leg=WS06_v2b_bull,,,,,,0.0,,0.0,relative
2026-09-11,2026Q4,1,rw_hl4_med,street_plus_flowthrough,bull,adj_ebitda_margin_pct,29.151972636106304,28.897437484563262,26,2026-08-06,2026-09-11,street_pit,scen=bull rev=3228 leg=WS06_v2b_bull,,,,,,0.0,,0.0,additive
2026-09-11,2027Q1,2,rw_hl4_med,street_plus_bias,base,adj_ebitda_musd,548.6521454516017,526.042852708612,26,2026-08-06,2026-09-11,fyalloc,b_pct=+0.0430 b_pt=+0.615 n_pool=18,,,,,0.11788044640364767,12.0,0.37136955885379275,19.0,relative_borrowed_h1
2026-09-11,2027Q1,2,rw_hl4_med,street_plus_bias,base,adj_ebitda_margin_pct,18.370004470073212,17.755039818817664,26,2026-08-06,2026-09-11,fyalloc,b_pct=+0.0430 b_pt=+0.615 n_pool=18,,,,,2.4830789551187427,12.0,10.095755219235308,21.0,additive_borrowed_h1
2026-09-11,2027Q1,2,rw_hl4_med,street_plus_flowthrough,base,adj_ebitda_musd,566.07331829743,526.042852708612,26,2026-08-06,2026-09-11,fyalloc,a=-7.4 m=0.524 rev=3053 leg=WS06_v2b_base,,,,,0.08782917327380502,12.0,0.7218660162396997,19.0,relative_borrowed_h1
2026-09-11,2027Q1,2,rw_hl4_med,street_plus_flowthrough,base,adj_ebitda_margin_pct,18.540758109963765,17.755039818817664,26,2026-08-06,2026-09-11,fyalloc,a=-7.4 m=0.524 rev=3053 leg=WS06_v2b_base,,,,,2.0001322868881353,12.0,11.750614977883718,21.0,additive_borrowed_h1
2026-09-11,2027Q1,2,rw_hl4_med,dispersion_conditioned,base,adj_ebitda_musd,540.6271426072814,526.042852708612,26,2026-08-06,2026-09-11,fyalloc,disp=0.0290 ref=0.0450 ratio=0.645 b_pt=+0.615,,,,,0.10685641197869238,12.0,0.35783625823083315,19.0,relative_borrowed_h1
2026-09-11,2027Q1,2,rw_hl4_med,dispersion_conditioned,base,adj_ebitda_margin_pct,18.1517272717733,17.755039818817664,26,2026-08-06,2026-09-11,fyalloc,disp=0.0290 ref=0.0450 ratio=0.645 b_pt=+0.615,,,,,2.0941292036020998,12.0,9.761955651586398,21.0,additive_borrowed_h1
2026-09-11,2027Q1,2,rw_hl4_med,street_plus_flowthrough,bear,adj_ebitda_musd,535.6716054249606,526.042852708612,26,2026-08-06,2026-09-11,fyalloc,scen=bear rev=2995 leg=WS06_v2b_bear,,,,,,0.0,,0.0,relative
2026-09-11,2027Q1,2,rw_hl4_med,street_plus_flowthrough,bear,adj_ebitda_margin_pct,17.884556643812616,17.755039818817664,26,2026-08-06,2026-09-11,fyalloc,scen=bear rev=2995 leg=WS06_v2b_bear,,,,,,0.0,,0.0,additive
2026-09-11,2027Q1,2,rw_hl4_med,street_plus_flowthrough,bull,adj_ebitda_musd,601.1123539128519,526.042852708612,26,2026-08-06,2026-09-11,fyalloc,scen=bull rev=3120 leg=WS06_v2b_bull,,,,,,0.0,,0.0,relative
2026-09-11,2027Q1,2,rw_hl4_med,street_plus_flowthrough,bull,adj_ebitda_margin_pct,19.26680693590961,17.755039818817664,26,2026-08-06,2026-09-11,fyalloc,scen=bull rev=3120 leg=WS06_v2b_bull,,,,,,0.0,,0.0,additive
2026-09-11,2027Q2,3,rw_hl4_med,street_plus_bias,base,adj_ebitda_musd,1379.5126689605686,1322.6646168135753,26,2026-08-06,2026-09-11,fyalloc,b_pct=+0.0430 b_pt=+0.615 n_pool=18,,,,,0.11788044640364767,12.0,0.37136955885379275,19.0,relative_borrowed_h1
2026-09-11,2027Q2,3,rw_hl4_med,street_plus_bias,base,adj_ebitda_margin_pct,34.01812499582939,33.40316034457384,26,2026-08-06,2026-09-11,fyalloc,b_pct=+0.0430 b_pt=+0.615 n_pool=18,,,,,2.4830789551187427,12.0,10.095755219235308,21.0,additive_borrowed_h1
2026-09-11,2027Q2,3,rw_hl4_med,street_plus_flowthrough,base,adj_ebitda_musd,1351.645962203558,1322.6646168135753,26,2026-08-06,2026-09-11,fyalloc,a=-7.4 m=0.524 rev=4029 leg=WS06_v2b_base,,,,,0.08782917327380502,12.0,0.7218660162396997,19.0,relative_borrowed_h1
2026-09-11,2027Q2,3,rw_hl4_med,street_plus_flowthrough,base,adj_ebitda_margin_pct,33.548087291744984,33.40316034457384,26,2026-08-06,2026-09-11,fyalloc,a=-7.4 m=0.524 rev=4029 leg=WS06_v2b_base,,,,,2.0001322868881353,12.0,11.750614977883718,21.0,additive_borrowed_h1
2026-09-11,2027Q2,3,rw_hl4_med,dispersion_conditioned,base,adj_ebitda_musd,1359.3348692673364,1322.6646168135753,26,2026-08-06,2026-09-11,fyalloc,disp=0.0290 ref=0.0450 ratio=0.645 b_pt=+0.615,,,,,0.10685641197869238,12.0,0.35783625823083315,19.0,relative_borrowed_h1
2026-09-11,2027Q2,3,rw_hl4_med,dispersion_conditioned,base,adj_ebitda_margin_pct,33.79984779752948,33.40316034457384,26,2026-08-06,2026-09-11,fyalloc,disp=0.0290 ref=0.0450 ratio=0.645 b_pt=+0.615,,,,,2.0941292036020998,12.0,9.761955651586398,21.0,additive_borrowed_h1
2026-09-11,2027Q2,3,rw_hl4_med,street_plus_flowthrough,bear,adj_ebitda_musd,1233.5052366078467,1322.6646168135753,26,2026-08-06,2026-09-11,fyalloc,scen=bear rev=3804 leg=WS06_v2b_bear,,,,,,0.0,,0.0,relative
2026-09-11,2027Q2,3,rw_hl4_med,street_plus_flowthrough,bear,adj_ebitda_margin_pct,32.4288846676765,33.40316034457384,26,2026-08-06,2026-09-11,fyalloc,scen=bear rev=3804 leg=WS06_v2b_bear,,,,,,0.0,,0.0,additive
2026-09-11,2027Q2,3,rw_hl4_med,street_plus_flowthrough,bull,adj_ebitda_musd,1436.0463480044398,1322.6646168135753,26,2026-08-06,2026-09-11,fyalloc,scen=bull rev=4190 leg=WS06_v2b_bull,,,,,,0.0,,0.0,relative
2026-09-11,2027Q2,3,rw_hl4_med,street_plus_flowthrough,bull,adj_ebitda_margin_pct,34.27395635243793,33.40316034457384,26,2026-08-06,2026-09-11,fyalloc,scen=bull rev=4190 leg=WS06_v2b_bull,,,,,,0.0,,0.0,additive
2026-09-11,2027Q3,4,rw_hl4_med,street_plus_bias,base,adj_ebitda_musd,2934.588085039531,2813.6572518243697,26,2026-08-06,2026-09-11,fyalloc,b_pct=+0.0430 b_pt=+0.615 n_pool=18,,,,,0.11788044640364767,12.0,0.37136955885379275,19.0,relative_borrowed_h1
2026-09-11,2027Q3,4,rw_hl4_med,street_plus_bias,base,adj_ebitda_margin_pct,53.276796415970786,52.66183176471524,26,2026-08-06,2026-09-11,fyalloc,b_pct=+0.0430 b_pt=+0.615 n_pool=18,,,,,2.4830789551187427,12.0,10.095755219235308,21.0,additive_borrowed_h1
2026-09-11,2027Q3,4,rw_hl4_med,street_plus_flowthrough,base,adj_ebitda_musd,2773.708991436002,2813.6572518243697,26,2026-08-06,2026-09-11,fyalloc,a=-7.4 m=0.524 rev=5281 leg=WS06_v2b_base,,,,,0.08782917327380502,12.0,0.7218660162396997,19.0,relative_borrowed_h1
2026-09-11,2027Q3,4,rw_hl4_med,street_plus_flowthrough,base,adj_ebitda_margin_pct,52.52508040193291,52.66183176471524,26,2026-08-06,2026-09-11,fyalloc,a=-7.4 m=0.524 rev=5281 leg=WS06_v2b_base,,,,,2.0001322868881353,12.0,11.750614977883718,21.0,additive_borrowed_h1
2026-09-11,2027Q3,4,rw_hl4_med,dispersion_conditioned,base,adj_ebitda_musd,2891.6645716174403,2813.6572518243697,26,2026-08-06,2026-09-11,fyalloc,disp=0.0290 ref=0.0450 ratio=0.645 b_pt=+0.615,,,,,0.10685641197869238,12.0,0.35783625823083315,19.0,relative_borrowed_h1
2026-09-11,2027Q3,4,rw_hl4_med,dispersion_conditioned,base,adj_ebitda_margin_pct,53.05851921767088,52.66183176471524,26,2026-08-06,2026-09-11,fyalloc,disp=0.0290 ref=0.0450 ratio=0.645 b_pt=+0.615,,,,,2.0941292036020998,12.0,9.761955651586398,21.0,additive_borrowed_h1
2026-09-11,2027Q3,4,rw_hl4_med,street_plus_flowthrough,bear,adj_ebitda_musd,2593.1888563011116,2813.6572518243697,26,2026-08-06,2026-09-11,fyalloc,scen=bear rev=4937 leg=WS06_v2b_bear,,,,,,0.0,,0.0,relative
2026-09-11,2027Q3,4,rw_hl4_med,street_plus_flowthrough,bear,adj_ebitda_margin_pct,52.53051544019537,52.66183176471524,26,2026-08-06,2026-09-11,fyalloc,scen=bear rev=4937 leg=WS06_v2b_bear,,,,,,0.0,,0.0,additive
2026-09-11,2027Q3,4,rw_hl4_med,street_plus_flowthrough,bull,adj_ebitda_musd,2920.149348953962,2813.6572518243697,26,2026-08-06,2026-09-11,fyalloc,scen=bull rev=5560 leg=WS06_v2b_bull,,,,,,0.0,,0.0,relative
2026-09-11,2027Q3,4,rw_hl4_med,street_plus_flowthrough,bull,adj_ebitda_margin_pct,52.52116578279976,52.66183176471524,26,2026-08-06,2026-09-11,fyalloc,scen=bull rev=5560 leg=WS06_v2b_bull,,,,,,0.0,,0.0,additive
2026-09-11,2027Q4,5,rw_hl4_med,street_plus_bias,base,adj_ebitda_musd,1151.1728942698712,1103.7344486534435,26,2026-08-06,2026-09-11,fyalloc,b_pct=+0.0430 b_pt=+0.615 n_pool=18,,,,,0.11788044640364767,12.0,0.37136955885379275,19.0,relative_borrowed_h1
2026-09-11,2027Q4,5,rw_hl4_med,street_plus_bias,base,adj_ebitda_margin_pct,31.67123982439699,31.056275173141444,26,2026-08-06,2026-09-11,fyalloc,b_pct=+0.0430 b_pt=+0.615 n_pool=18,,,,,2.4830789551187427,12.0,10.095755219235308,21.0,additive_borrowed_h1
2026-09-11,2027Q4,5,rw_hl4_med,street_plus_flowthrough,base,adj_ebitda_musd,1050.1117593400602,1103.7344486534435,26,2026-08-06,2026-09-11,fyalloc,a=-7.4 m=0.524 rev=3466 leg=WS06_v2b_base,,,,,0.08782917327380502,12.0,0.7218660162396997,19.0,relative_borrowed_h1
2026-09-11,2027Q4,5,rw_hl4_med,street_plus_flowthrough,base,adj_ebitda_margin_pct,30.299574034483776,31.056275173141444,26,2026-08-06,2026-09-11,fyalloc,a=-7.4 m=0.524 rev=3466 leg=WS06_v2b_base,,,,,2.0001322868881353,12.0,11.750614977883718,21.0,additive_borrowed_h1
2026-09-11,2027Q4,5,rw_hl4_med,dispersion_conditioned,base,adj_ebitda_musd,1134.3349654885735,1103.7344486534435,26,2026-08-06,2026-09-11,fyalloc,disp=0.0290 ref=0.0450 ratio=0.645 b_pt=+0.615,,,,,0.10685641197869238,12.0,0.35783625823083315,19.0,relative_borrowed_h1
2026-09-11,2027Q4,5,rw_hl4_med,dispersion_conditioned,base,adj_ebitda_margin_pct,31.45296262609708,31.056275173141444,26,2026-08-06,2026-09-11,fyalloc,disp=0.0290 ref=0.0450 ratio=0.645 b_pt=+0.615,,,,,2.0941292036020998,12.0,9.761955651586398,21.0,additive_borrowed_h1
2026-09-11,2027Q4,5,rw_hl4_med,street_plus_flowthrough,bear,adj_ebitda_musd,917.4965700516412,1103.7344486534435,26,2026-08-06,2026-09-11,fyalloc,scen=bear rev=3213 leg=WS06_v2b_bear,,,,,,0.0,,0.0,relative
2026-09-11,2027Q4,5,rw_hl4_med,street_plus_flowthrough,bear,adj_ebitda_margin_pct,28.556567941858088,31.056275173141444,26,2026-08-06,2026-09-11,fyalloc,scen=bear rev=3213 leg=WS06_v2b_bear,,,,,,0.0,,0.0,additive
2026-09-11,2027Q4,5,rw_hl4_med,street_plus_flowthrough,bull,adj_ebitda_musd,1173.4615338373658,1103.7344486534435,26,2026-08-06,2026-09-11,fyalloc,scen=bull rev=3701 leg=WS06_v2b_bull,,,,,,0.0,,0.0,relative
2026-09-11,2027Q4,5,rw_hl4_med,street_plus_flowthrough,bull,adj_ebitda_margin_pct,31.707010749511717,31.056275173141444,26,2026-08-06,2026-09-11,fyalloc,scen=bull rev=3701 leg=WS06_v2b_bull,,,,,,0.0,,0.0,additive
2026-09-11,2026Q3,0,rw_hl4_from21,street_plus_bias,base,adj_ebitda_musd,2523.0586766918445,2361.52179,26,2026-08-06,2026-09-11,street_pit,b_pct=+0.0684 b_pt=+1.474 n_pool=22,,2026-11-05,,,0.08334619772292981,12.0,0.20683945094981224,19.0,relative
2026-09-11,2026Q3,0,rw_hl4_from21,street_plus_bias,base,adj_ebitda_margin_pct,51.250011960820544,49.775747309501824,26,2026-08-06,2026-09-11,street_pit,b_pct=+0.0684 b_pt=+1.474 n_pool=22,,2026-11-05,,,1.6048659131316516,12.0,14.672910051937183,22.0,additive
2026-09-11,2026Q3,0,rw_hl4_from21,street_plus_flowthrough,base,adj_ebitda_musd,2407.8172605905193,2361.52179,26,2026-08-06,2026-09-11,street_pit,a=+13.3 m=0.553 rev=4804 leg=WS06_v2b_base,,2026-11-05,,,0.05270744252859978,12.0,0.29085055598509846,20.0,relative
2026-09-11,2026Q3,0,rw_hl4_from21,street_plus_flowthrough,base,adj_ebitda_margin_pct,50.12072164309609,49.775747309501824,26,2026-08-06,2026-09-11,street_pit,a=+13.3 m=0.553 rev=4804 leg=WS06_v2b_base,,2026-11-05,,,1.4168235413407573,12.0,14.534570388944056,22.0,additive
2026-09-11,2026Q3,0,rw_hl4_from21,dispersion_conditioned,base,adj_ebitda_musd,2442.290233345922,2361.52179,26,2026-08-06,2026-09-11,street_pit,disp=0.0085 ref=0.0497 ratio=0.500 b_pt=+1.474,,2026-11-05,,,0.0621465308721353,12.0,0.19454854597474963,19.0,relative
2026-09-11,2026Q3,0,rw_hl4_from21,dispersion_conditioned,base,adj_ebitda_margin_pct,50.512879635161184,49.775747309501824,26,2026-08-06,2026-09-11,street_pit,disp=0.0085 ref=0.0497 ratio=0.500 b_pt=+1.474,,2026-11-05,,,1.6744461799450494,12.0,14.338052835807394,22.0,additive
2026-09-11,2026Q3,0,rw_hl4_from21,street_plus_flowthrough,bear,adj_ebitda_musd,2380.692046721856,2361.52179,26,2026-08-06,2026-09-11,street_pit,scen=bear rev=4755 leg=WS06_v2b_bear,,2026-11-05,,,,0.0,,0.0,relative
2026-09-11,2026Q3,0,rw_hl4_from21,street_plus_flowthrough,bear,adj_ebitda_margin_pct,50.067130320123155,49.775747309501824,26,2026-08-06,2026-09-11,street_pit,scen=bear rev=4755 leg=WS06_v2b_bear,,2026-11-05,,,,0.0,,0.0,additive
2026-09-11,2026Q3,0,rw_hl4_from21,street_plus_flowthrough,bull,adj_ebitda_musd,2448.732574621961,2361.52179,26,2026-08-06,2026-09-11,street_pit,scen=bull rev=4878 leg=WS06_v2b_bull,,2026-11-05,,,,0.0,,0.0,relative
2026-09-11,2026Q3,0,rw_hl4_from21,street_plus_flowthrough,bull,adj_ebitda_margin_pct,50.199519774947944,49.775747309501824,26,2026-08-06,2026-09-11,street_pit,scen=bull rev=4878 leg=WS06_v2b_bull,,2026-11-05,,,,0.0,,0.0,additive
2026-09-11,2026Q4,1,rw_hl4_from21,street_plus_bias,base,adj_ebitda_musd,965.2117646927883,913.68388,26,2026-08-06,2026-09-11,street_pit,b_pct=+0.0564 b_pt=+0.855 n_pool=21,,,,,0.10764065734384413,12.0,0.3578010182792309,19.0,relative
2026-09-11,2026Q4,1,rw_hl4_from21,street_plus_bias,base,adj_ebitda_margin_pct,29.752053475494726,28.897437484563262,26,2026-08-06,2026-09-11,street_pit,b_pct=+0.0564 b_pt=+0.855 n_pool=21,,,,,2.1655937217265944,12.0,10.148821596975424,21.0,additive
2026-09-11,2026Q4,1,rw_hl4_from21,street_plus_flowthrough,base,adj_ebitda_musd,920.3218449485447,913.68388,26,2026-08-06,2026-09-11,street_pit,a=-2.9 m=0.587 rev=3178 leg=WS06_v2b_base,,,,,0.09070446881248466,12.0,0.9209919578872752,20.0,relative
2026-09-11,2026Q4,1,rw_hl4_from21,street_plus_flowthrough,base,adj_ebitda_margin_pct,28.958169541906184,28.897437484563262,26,2026-08-06,2026-09-11,street_pit,a=-2.9 m=0.587 rev=3178 leg=WS06_v2b_base,,,,,2.0255839479375175,12.0,10.999744686062382,21.0,additive
2026-09-11,2026Q4,1,rw_hl4_from21,dispersion_conditioned,base,adj_ebitda_musd,946.9223194667914,913.68388,26,2026-08-06,2026-09-11,street_pit,disp=0.0290 ref=0.0450 ratio=0.645 b_pt=+0.855,,,,,0.09745620260533887,12.0,0.3398177001035712,19.0,relative
2026-09-11,2026Q4,1,rw_hl4_from21,dispersion_conditioned,base,adj_ebitda_margin_pct,29.4487137896413,28.897437484563262,26,2026-08-06,2026-09-11,street_pit,disp=0.0290 ref=0.0450 ratio=0.645 b_pt=+0.855,,,,,1.759260346804331,12.0,9.60153740883803,21.0,additive
2026-09-11,2026Q4,1,rw_hl4_from21,street_plus_flowthrough,bear,adj_ebitda_musd,888.4617803825239,913.68388,26,2026-08-06,2026-09-11,street_pit,scen=bear rev=3124 leg=WS06_v2b_bear,,,,,,0.0,,0.0,relative
2026-09-11,2026Q4,1,rw_hl4_from21,street_plus_flowthrough,bear,adj_ebitda_margin_pct,28.441634850761393,28.897437484563262,26,2026-08-06,2026-09-11,street_pit,scen=bear rev=3124 leg=WS06_v2b_bear,,,,,,0.0,,0.0,additive
2026-09-11,2026Q4,1,rw_hl4_from21,street_plus_flowthrough,bull,adj_ebitda_musd,949.558040092029,913.68388,26,2026-08-06,2026-09-11,street_pit,scen=bull rev=3228 leg=WS06_v2b_bull,,,,,,0.0,,0.0,relative
2026-09-11,2026Q4,1,rw_hl4_from21,street_plus_flowthrough,bull,adj_ebitda_margin_pct,29.41687392782216,28.897437484563262,26,2026-08-06,2026-09-11,street_pit,scen=bull rev=3228 leg=WS06_v2b_bull,,,,,,0.0,,0.0,additive
2026-09-11,2027Q1,2,rw_hl4_from21,street_plus_bias,base,adj_ebitda_musd,555.7094322019864,526.042852708612,26,2026-08-06,2026-09-11,fyalloc,b_pct=+0.0564 b_pt=+0.855 n_pool=21,,,,,0.10764065734384413,12.0,0.3578010182792309,19.0,relative_borrowed_h1
2026-09-11,2027Q1,2,rw_hl4_from21,street_plus_bias,base,adj_ebitda_margin_pct,18.60965580974913,17.755039818817664,26,2026-08-06,2026-09-11,fyalloc,b_pct=+0.0564 b_pt=+0.855 n_pool=21,,,,,2.1655937217265944,12.0,10.148821596975424,21.0,additive_borrowed_h1
2026-09-11,2027Q1,2,rw_hl4_from21,street_plus_flowthrough,base,adj_ebitda_musd,576.1326685875345,526.042852708612,26,2026-08-06,2026-09-11,fyalloc,a=-2.9 m=0.587 rev=3053 leg=WS06_v2b_base,,,,,0.09070446881248466,12.0,0.9209919578872752,20.0,relative_borrowed_h1
2026-09-11,2027Q1,2,rw_hl4_from21,street_plus_flowthrough,base,adj_ebitda_margin_pct,18.87023483045852,17.755039818817664,26,2026-08-06,2026-09-11,fyalloc,a=-2.9 m=0.587 rev=3053 leg=WS06_v2b_base,,,,,2.0255839479375175,12.0,10.999744686062382,21.0,additive_borrowed_h1
2026-09-11,2027Q1,2,rw_hl4_from21,dispersion_conditioned,base,adj_ebitda_musd,545.1794971207838,526.042852708612,26,2026-08-06,2026-09-11,fyalloc,disp=0.0290 ref=0.0450 ratio=0.645 b_pt=+0.855,,,,,0.09745620260533887,12.0,0.3398177001035712,19.0,relative_borrowed_h1
2026-09-11,2027Q1,2,rw_hl4_from21,dispersion_conditioned,base,adj_ebitda_margin_pct,18.3063161238957,17.755039818817664,26,2026-08-06,2026-09-11,fyalloc,disp=0.0290 ref=0.0450 ratio=0.645 b_pt=+0.855,,,,,1.759260346804331,12.0,9.60153740883803,21.0,additive_borrowed_h1
2026-09-11,2027Q1,2,rw_hl4_from21,street_plus_flowthrough,bear,adj_ebitda_musd,542.121875990376,526.042852708612,26,2026-08-06,2026-09-11,fyalloc,scen=bear rev=2995 leg=WS06_v2b_bear,,,,,,0.0,,0.0,relative
2026-09-11,2027Q1,2,rw_hl4_from21,street_plus_flowthrough,bear,adj_ebitda_margin_pct,18.099912895902122,17.755039818817664,26,2026-08-06,2026-09-11,fyalloc,scen=bear rev=2995 leg=WS06_v2b_bear,,,,,,0.0,,0.0,additive
2026-09-11,2027Q1,2,rw_hl4_from21,street_plus_flowthrough,bull,adj_ebitda_musd,615.3312946031009,526.042852708612,26,2026-08-06,2026-09-11,fyalloc,scen=bull rev=3120 leg=WS06_v2b_bull,,,,,,0.0,,0.0,relative
2026-09-11,2027Q1,2,rw_hl4_from21,street_plus_flowthrough,bull,adj_ebitda_margin_pct,19.7225513293311,17.755039818817664,26,2026-08-06,2026-09-11,fyalloc,scen=bull rev=3120 leg=WS06_v2b_bull,,,,,,0.0,,0.0,additive
2026-09-11,2027Q2,3,rw_hl4_from21,street_plus_bias,base,adj_ebitda_musd,1397.2572755594,1322.6646168135753,26,2026-08-06,2026-09-11,fyalloc,b_pct=+0.0564 b_pt=+0.855 n_pool=21,,,,,0.10764065734384413,12.0,0.3578010182792309,19.0,relative_borrowed_h1
2026-09-11,2027Q2,3,rw_hl4_from21,street_plus_bias,base,adj_ebitda_margin_pct,34.257776335505305,33.40316034457384,26,2026-08-06,2026-09-11,fyalloc,b_pct=+0.0564 b_pt=+0.855 n_pool=21,,,,,2.1655937217265944,12.0,10.148821596975424,21.0,additive_borrowed_h1
2026-09-11,2027Q2,3,rw_hl4_from21,street_plus_flowthrough,base,adj_ebitda_musd,1360.3936378570213,1322.6646168135753,26,2026-08-06,2026-09-11,fyalloc,a=-2.9 m=0.587 rev=4029 leg=WS06_v2b_base,,,,,0.09070446881248466,12.0,0.9209919578872752,20.0,relative_borrowed_h1
2026-09-11,2027Q2,3,rw_hl4_from21,street_plus_flowthrough,base,adj_ebitda_margin_pct,33.765206119180995,33.40316034457384,26,2026-08-06,2026-09-11,fyalloc,a=-2.9 m=0.587 rev=4029 leg=WS06_v2b_base,,,,,2.0255839479375175,12.0,10.999744686062382,21.0,additive_borrowed_h1
2026-09-11,2027Q2,3,rw_hl4_from21,dispersion_conditioned,base,adj_ebitda_musd,1370.781157734517,1322.6646168135753,26,2026-08-06,2026-09-11,fyalloc,disp=0.0290 ref=0.0450 ratio=0.645 b_pt=+0.855,,,,,0.09745620260533887,12.0,0.3398177001035712,19.0,relative_borrowed_h1
2026-09-11,2027Q2,3,rw_hl4_from21,dispersion_conditioned,base,adj_ebitda_margin_pct,33.954436649651875,33.40316034457384,26,2026-08-06,2026-09-11,fyalloc,disp=0.0290 ref=0.0450 ratio=0.645 b_pt=+0.855,,,,,1.759260346804331,12.0,9.60153740883803,21.0,additive_borrowed_h1
2026-09-11,2027Q2,3,rw_hl4_from21,street_plus_flowthrough,bear,adj_ebitda_musd,1228.2280677008696,1322.6646168135753,26,2026-08-06,2026-09-11,fyalloc,scen=bear rev=3804 leg=WS06_v2b_bear,,,,,,0.0,,0.0,relative
2026-09-11,2027Q2,3,rw_hl4_from21,street_plus_flowthrough,bear,adj_ebitda_margin_pct,32.29014776022176,33.40316034457384,26,2026-08-06,2026-09-11,fyalloc,scen=bear rev=3804 leg=WS06_v2b_bear,,,,,,0.0,,0.0,additive
2026-09-11,2027Q2,3,rw_hl4_from21,street_plus_flowthrough,bull,adj_ebitda_musd,1454.813449945747,1322.6646168135753,26,2026-08-06,2026-09-11,fyalloc,scen=bull rev=4190 leg=WS06_v2b_bull,,,,,,0.0,,0.0,relative
2026-09-11,2027Q2,3,rw_hl4_from21,street_plus_flowthrough,bull,adj_ebitda_margin_pct,34.72186865951072,33.40316034457384,26,2026-08-06,2026-09-11,fyalloc,scen=bull rev=4190 leg=WS06_v2b_bull,,,,,,0.0,,0.0,additive
2026-09-11,2027Q3,4,rw_hl4_from21,street_plus_bias,base,adj_ebitda_musd,2972.3355535987575,2813.6572518243697,26,2026-08-06,2026-09-11,fyalloc,b_pct=+0.0564 b_pt=+0.855 n_pool=21,,,,,0.10764065734384413,12.0,0.3578010182792309,19.0,relative_borrowed_h1
2026-09-11,2027Q3,4,rw_hl4_from21,street_plus_bias,base,adj_ebitda_margin_pct,53.5164477556467,52.66183176471524,26,2026-08-06,2026-09-11,fyalloc,b_pct=+0.0564 b_pt=+0.855 n_pool=21,,,,,2.1655937217265944,12.0,10.148821596975424,21.0,additive_borrowed_h1
2026-09-11,2027Q3,4,rw_hl4_from21,street_plus_flowthrough,base,adj_ebitda_musd,2774.273824113183,2813.6572518243697,26,2026-08-06,2026-09-11,fyalloc,a=-2.9 m=0.587 rev=5281 leg=WS06_v2b_base,,,,,0.09070446881248466,12.0,0.9209919578872752,20.0,relative_borrowed_h1
2026-09-11,2027Q3,4,rw_hl4_from21,street_plus_flowthrough,base,adj_ebitda_margin_pct,52.53577650663394,52.66183176471524,26,2026-08-06,2026-09-11,fyalloc,a=-2.9 m=0.587 rev=5281 leg=WS06_v2b_base,,,,,2.0255839479375175,12.0,10.999744686062382,21.0,additive_borrowed_h1
2026-09-11,2027Q3,4,rw_hl4_from21,dispersion_conditioned,base,adj_ebitda_musd,2916.013852714672,2813.6572518243697,26,2026-08-06,2026-09-11,fyalloc,disp=0.0290 ref=0.0450 ratio=0.645 b_pt=+0.855,,,,,0.09745620260533887,12.0,0.3398177001035712,19.0,relative_borrowed_h1
2026-09-11,2027Q3,4,rw_hl4_from21,dispersion_conditioned,base,adj_ebitda_margin_pct,53.21310806979327,52.66183176471524,26,2026-08-06,2026-09-11,fyalloc,disp=0.0290 ref=0.0450 ratio=0.645 b_pt=+0.855,,,,,1.759260346804331,12.0,9.60153740883803,21.0,additive_borrowed_h1
2026-09-11,2027Q3,4,rw_hl4_from21,street_plus_flowthrough,bear,adj_ebitda_musd,2572.323595142907,2813.6572518243697,26,2026-08-06,2026-09-11,fyalloc,scen=bear rev=4937 leg=WS06_v2b_bear,,,,,,0.0,,0.0,relative
2026-09-11,2027Q3,4,rw_hl4_from21,street_plus_flowthrough,bear,adj_ebitda_margin_pct,52.10784552135337,52.66183176471524,26,2026-08-06,2026-09-11,fyalloc,scen=bear rev=4937 leg=WS06_v2b_bear,,,,,,0.0,,0.0,additive
2026-09-11,2027Q3,4,rw_hl4_from21,street_plus_flowthrough,bull,adj_ebitda_musd,2938.098561498531,2813.6572518243697,26,2026-08-06,2026-09-11,fyalloc,scen=bull rev=5560 leg=WS06_v2b_bull,,,,,,0.0,,0.0,relative
2026-09-11,2027Q3,4,rw_hl4_from21,street_plus_flowthrough,bull,adj_ebitda_margin_pct,52.843996383248914,52.66183176471524,26,2026-08-06,2026-09-11,fyalloc,scen=bull rev=5560 leg=WS06_v2b_bull,,,,,,0.0,,0.0,additive
2026-09-11,2027Q4,5,rw_hl4_from21,street_plus_bias,base,adj_ebitda_musd,1165.980377082949,1103.7344486534435,26,2026-08-06,2026-09-11,fyalloc,b_pct=+0.0564 b_pt=+0.855 n_pool=21,,,,,0.10764065734384413,12.0,0.3578010182792309,19.0,relative_borrowed_h1
2026-09-11,2027Q4,5,rw_hl4_from21,street_plus_bias,base,adj_ebitda_margin_pct,31.910891164072908,31.056275173141444,26,2026-08-06,2026-09-11,fyalloc,b_pct=+0.0564 b_pt=+0.855 n_pool=21,,,,,2.1655937217265944,12.0,10.148821596975424,21.0,additive_borrowed_h1
2026-09-11,2027Q4,5,rw_hl4_from21,street_plus_flowthrough,base,adj_ebitda_musd,1049.053259003506,1103.7344486534435,26,2026-08-06,2026-09-11,fyalloc,a=-2.9 m=0.587 rev=3466 leg=WS06_v2b_base,,,,,0.09070446881248466,12.0,0.9209919578872752,20.0,relative_borrowed_h1
2026-09-11,2027Q4,5,rw_hl4_from21,street_plus_flowthrough,base,adj_ebitda_margin_pct,30.269032419243594,31.056275173141444,26,2026-08-06,2026-09-11,fyalloc,a=-2.9 m=0.587 rev=3466 leg=WS06_v2b_base,,,,,2.0255839479375175,12.0,10.999744686062382,21.0,additive_borrowed_h1
2026-09-11,2027Q4,5,rw_hl4_from21,dispersion_conditioned,base,adj_ebitda_musd,1143.8866407430967,1103.7344486534435,26,2026-08-06,2026-09-11,fyalloc,disp=0.0290 ref=0.0450 ratio=0.645 b_pt=+0.855,,,,,0.09745620260533887,12.0,0.3398177001035712,19.0,relative_borrowed_h1
2026-09-11,2027Q4,5,rw_hl4_from21,dispersion_conditioned,base,adj_ebitda_margin_pct,31.60755147821948,31.056275173141444,26,2026-08-06,2026-09-11,fyalloc,disp=0.0290 ref=0.0450 ratio=0.645 b_pt=+0.855,,,,,1.759260346804331,12.0,9.60153740883803,21.0,additive_borrowed_h1
2026-09-11,2027Q4,5,rw_hl4_from21,street_plus_flowthrough,bear,adj_ebitda_musd,900.6949175823645,1103.7344486534435,26,2026-08-06,2026-09-11,fyalloc,scen=bear rev=3213 leg=WS06_v2b_bear,,,,,,0.0,,0.0,relative
2026-09-11,2027Q4,5,rw_hl4_from21,street_plus_flowthrough,bear,adj_ebitda_margin_pct,28.033625899418208,31.056275173141444,26,2026-08-06,2026-09-11,fyalloc,scen=bear rev=3213 leg=WS06_v2b_bear,,,,,,0.0,,0.0,additive
2026-09-11,2027Q4,5,rw_hl4_from21,street_plus_flowthrough,bull,adj_ebitda_musd,1187.046260086453,1103.7344486534435,26,2026-08-06,2026-09-11,fyalloc,scen=bull rev=3701 leg=WS06_v2b_bull,,,,,,0.0,,0.0,relative
2026-09-11,2027Q4,5,rw_hl4_from21,street_plus_flowthrough,bull,adj_ebitda_margin_pct,32.07407098011036,31.056275173141444,26,2026-08-06,2026-09-11,fyalloc,scen=bull rev=3701 leg=WS06_v2b_bull,,,,,,0.0,,0.0,additive
