market,interval,snapshot0,snapshot1,listing_id,init_u,reopened
mexico-city,1,2025-09-27,2025-12-29,728372,36,0
mexico-city,1,2025-09-27,2025-12-29,6657150,16,0
mexico-city,1,2025-09-27,2025-12-29,9093531,16,2
mexico-city,1,2025-09-27,2025-12-29,9615553,7,7
mexico-city,1,2025-09-27,2025-12-29,10257549,16,0
mexico-city,1,2025-09-27,2025-12-29,10884709,3,0
mexico-city,1,2025-09-27,2025-12-29,11546411,39,0
mexico-city,1,2025-09-27,2025-12-29,11572034,15,3
mexico-city,1,2025-09-27,2025-12-29,11790186,14,5
mexico-city,1,2025-09-27,2025-12-29,11826745,27,4
mexico-city,1,2025-09-27,2025-12-29,12223480,12,0
mexico-city,1,2025-09-27,2025-12-29,13317884,6,0
mexico-city,1,2025-09-27,2025-12-29,13728290,3,0
mexico-city,1,2025-09-27,2025-12-29,15172326,14,0
mexico-city,1,2025-09-27,2025-12-29,15361532,7,0
mexico-city,1,2025-09-27,2025-12-29,16622843,12,12
mexico-city,1,2025-09-27,2025-12-29,17324127,2,0
mexico-city,1,2025-09-27,2025-12-29,17443995,24,5
mexico-city,1,2025-09-27,2025-12-29,17481070,6,0
mexico-city,1,2025-09-27,2025-12-29,17572873,24,5
mexico-city,1,2025-09-27,2025-12-29,17633843,11,0
mexico-city,1,2025-09-27,2025-12-29,17878320,28,11
mexico-city,1,2025-09-27,2025-12-29,18237993,6,1
mexico-city,1,2025-09-27,2025-12-29,18314796,11,0
mexico-city,1,2025-09-27,2025-12-29,18360341,32,0
mexico-city,1,2025-09-27,2025-12-29,19038180,7,0
mexico-city,1,2025-09-27,2025-12-29,19475345,5,0
mexico-city,1,2025-09-27,2025-12-29,19873111,11,0
mexico-city,1,2025-09-27,2025-12-29,19947512,1,0
mexico-city,1,2025-09-27,2025-12-29,20390849,23,0
mexico-city,1,2025-09-27,2025-12-29,20527710,4,4
mexico-city,1,2025-09-27,2025-12-29,21082292,2,0
mexico-city,1,2025-09-27,2025-12-29,21513004,9,0
mexico-city,1,2025-09-27,2025-12-29,21514335,11,4
mexico-city,1,2025-09-27,2025-12-29,21527653,2,0
mexico-city,1,2025-09-27,2025-12-29,21728742,21,9
mexico-city,1,2025-09-27,2025-12-29,22015445,4,0
mexico-city,1,2025-09-27,2025-12-29,22159588,7,0
mexico-city,1,2025-09-27,2025-12-29,22192283,6,0
mexico-city,1,2025-09-27,2025-12-29,23085822,33,3
mexico-city,1,2025-09-27,2025-12-29,23453920,6,0
mexico-city,1,2025-09-27,2025-12-29,23463390,17,3
mexico-city,1,2025-09-27,2025-12-29,23559493,7,0
mexico-city,1,2025-09-27,2025-12-29,23649272,18,0
mexico-city,1,2025-09-27,2025-12-29,23842322,17,0
mexico-city,1,2025-09-27,2025-12-29,25457640,2,0
mexico-city,1,2025-09-27,2025-12-29,26103209,7,0
mexico-city,1,2025-09-27,2025-12-29,26449125,9,0
mexico-city,1,2025-09-27,2025-12-29,28765693,18,7
mexico-city,1,2025-09-27,2025-12-29,29037729,12,0
mexico-city,1,2025-09-27,2025-12-29,29899716,30,6
mexico-city,1,2025-09-27,2025-12-29,30269685,8,0
mexico-city,1,2025-09-27,2025-12-29,30537467,1,0
mexico-city,1,2025-09-27,2025-12-29,30744835,4,0
mexico-city,1,2025-09-27,2025-12-29,31627198,4,0
mexico-city,1,2025-09-27,2025-12-29,31898385,15,0
mexico-city,1,2025-09-27,2025-12-29,32406227,2,0
mexico-city,1,2025-09-27,2025-12-29,32442544,8,0
mexico-city,1,2025-09-27,2025-12-29,32894594,23,0
mexico-city,1,2025-09-27,2025-12-29,32919197,13,0
mexico-city,1,2025-09-27,2025-12-29,33037873,14,0
mexico-city,1,2025-09-27,2025-12-29,33073306,13,0
mexico-city,1,2025-09-27,2025-12-29,33192154,7,0
mexico-city,1,2025-09-27,2025-12-29,33551782,2,0
mexico-city,1,2025-09-27,2025-12-29,33716213,11,1
mexico-city,1,2025-09-27,2025-12-29,33716386,8,0
mexico-city,1,2025-09-27,2025-12-29,33881469,8,0
mexico-city,1,2025-09-27,2025-12-29,34123530,10,0
mexico-city,1,2025-09-27,2025-12-29,34198075,3,0
mexico-city,1,2025-09-27,2025-12-29,37095453,3,0
mexico-city,1,2025-09-27,2025-12-29,37556163,4,0
mexico-city,1,2025-09-27,2025-12-29,37720632,3,0
mexico-city,1,2025-09-27,2025-12-29,38238693,14,2
mexico-city,1,2025-09-27,2025-12-29,39399217,4,0
mexico-city,1,2025-09-27,2025-12-29,39952255,7,0
mexico-city,1,2025-09-27,2025-12-29,40229764,12,0
mexico-city,1,2025-09-27,2025-12-29,40724349,12,0
mexico-city,1,2025-09-27,2025-12-29,41478322,4,0
mexico-city,1,2025-09-27,2025-12-29,41738776,7,0
mexico-city,1,2025-09-27,2025-12-29,42203693,1,0
mexico-city,1,2025-09-27,2025-12-29,42618382,17,0
mexico-city,1,2025-09-27,2025-12-29,42745369,3,0
mexico-city,1,2025-09-27,2025-12-29,43947179,17,0
mexico-city,1,2025-09-27,2025-12-29,44207522,6,0
mexico-city,1,2025-09-27,2025-12-29,45112029,10,0
mexico-city,1,2025-09-27,2025-12-29,45225995,6,1
mexico-city,1,2025-09-27,2025-12-29,45298891,19,0
mexico-city,1,2025-09-27,2025-12-29,45485116,17,14
mexico-city,1,2025-09-27,2025-12-29,45940324,9,2
mexico-city,1,2025-09-27,2025-12-29,46056354,9,0
mexico-city,1,2025-09-27,2025-12-29,46068574,14,0
mexico-city,1,2025-09-27,2025-12-29,46727704,16,0
mexico-city,1,2025-09-27,2025-12-29,46818713,10,0
mexico-city,1,2025-09-27,2025-12-29,47701438,5,0
mexico-city,1,2025-09-27,2025-12-29,47786030,17,8
mexico-city,1,2025-09-27,2025-12-29,47967558,1,0
mexico-city,1,2025-09-27,2025-12-29,48069893,3,0
mexico-city,1,2025-09-27,2025-12-29,48532809,2,0
mexico-city,1,2025-09-27,2025-12-29,48563023,4,0
mexico-city,1,2025-09-27,2025-12-29,48792074,9,0
mexico-city,1,2025-09-27,2025-12-29,49288695,9,1
mexico-city,1,2025-09-27,2025-12-29,49345226,37,0
mexico-city,1,2025-09-27,2025-12-29,49731067,8,0
mexico-city,1,2025-09-27,2025-12-29,50067975,13,0
mexico-city,1,2025-09-27,2025-12-29,50142166,3,0
mexico-city,1,2025-09-27,2025-12-29,50151095,16,0
mexico-city,1,2025-09-27,2025-12-29,50342131,21,0
mexico-city,1,2025-09-27,2025-12-29,50400718,20,0
mexico-city,1,2025-09-27,2025-12-29,50416016,1,0
mexico-city,1,2025-09-27,2025-12-29,50546235,5,0
mexico-city,1,2025-09-27,2025-12-29,50637732,4,0
mexico-city,1,2025-09-27,2025-12-29,50679923,3,0
mexico-city,1,2025-09-27,2025-12-29,50913477,5,0
mexico-city,1,2025-09-27,2025-12-29,51375107,4,0
mexico-city,1,2025-09-27,2025-12-29,51450971,11,1
mexico-city,1,2025-09-27,2025-12-29,51640848,4,4
mexico-city,1,2025-09-27,2025-12-29,51641576,14,0
mexico-city,1,2025-09-27,2025-12-29,51769249,2,0
mexico-city,1,2025-09-27,2025-12-29,51784377,12,4
mexico-city,1,2025-09-27,2025-12-29,52185451,18,0
mexico-city,1,2025-09-27,2025-12-29,52669857,11,2
mexico-city,1,2025-09-27,2025-12-29,52862815,12,12
mexico-city,1,2025-09-27,2025-12-29,52964236,7,5
mexico-city,1,2025-09-27,2025-12-29,53132132,1,0
mexico-city,1,2025-09-27,2025-12-29,53293578,8,0
mexico-city,1,2025-09-27,2025-12-29,53311209,8,0
mexico-city,1,2025-09-27,2025-12-29,53404245,11,0
mexico-city,1,2025-09-27,2025-12-29,53476495,11,7
mexico-city,1,2025-09-27,2025-12-29,53495688,14,0
mexico-city,1,2025-09-27,2025-12-29,53632693,69,8
mexico-city,1,2025-09-27,2025-12-29,53642576,21,0
mexico-city,1,2025-09-27,2025-12-29,53665585,28,0
mexico-city,1,2025-09-27,2025-12-29,53795925,3,0
mexico-city,1,2025-09-27,2025-12-29,53952357,5,2
mexico-city,1,2025-09-27,2025-12-29,54295759,3,0
mexico-city,1,2025-09-27,2025-12-29,558149537987884746,7,0
mexico-city,1,2025-09-27,2025-12-29,565207661736258430,4,0
mexico-city,1,2025-09-27,2025-12-29,577048103373140729,16,0
mexico-city,1,2025-09-27,2025-12-29,579970081878632673,3,0
mexico-city,1,2025-09-27,2025-12-29,583321513569316109,24,8
mexico-city,1,2025-09-27,2025-12-29,587686958879189729,13,0
mexico-city,1,2025-09-27,2025-12-29,598483691201868631,5,0
mexico-city,1,2025-09-27,2025-12-29,603678418045160422,59,4
mexico-city,1,2025-09-27,2025-12-29,614664774615616268,2,0
mexico-city,1,2025-09-27,2025-12-29,623897759935175861,5,1
mexico-city,1,2025-09-27,2025-12-29,623967217368518311,2,2
mexico-city,1,2025-09-27,2025-12-29,624536276766115586,16,0
mexico-city,1,2025-09-27,2025-12-29,627036691647455692,11,0
mexico-city,1,2025-09-27,2025-12-29,639921504912725226,13,6
mexico-city,1,2025-09-27,2025-12-29,645671840112294133,14,0
mexico-city,1,2025-09-27,2025-12-29,649462397535974744,3,3
mexico-city,1,2025-09-27,2025-12-29,655936383978238771,7,0
mexico-city,1,2025-09-27,2025-12-29,656486757343242827,26,0
mexico-city,1,2025-09-27,2025-12-29,660228763797080257,4,0
mexico-city,1,2025-09-27,2025-12-29,668717503857355834,1,0
mexico-city,1,2025-09-27,2025-12-29,669629589169355355,16,0
mexico-city,1,2025-09-27,2025-12-29,673134020795724672,23,0
mexico-city,1,2025-09-27,2025-12-29,674671336871209253,5,0
mexico-city,1,2025-09-27,2025-12-29,680659099049252456,30,0
mexico-city,1,2025-09-27,2025-12-29,681273879535606133,3,0
mexico-city,1,2025-09-27,2025-12-29,684886563342888880,14,0
mexico-city,1,2025-09-27,2025-12-29,687144022646307024,13,0
mexico-city,1,2025-09-27,2025-12-29,690480798638836071,7,0
mexico-city,1,2025-09-27,2025-12-29,693466163030170413,9,0
mexico-city,1,2025-09-27,2025-12-29,695693213615485522,23,0
mexico-city,1,2025-09-27,2025-12-29,697023734010216650,3,0
mexico-city,1,2025-09-27,2025-12-29,708124276122887105,2,0
mexico-city,1,2025-09-27,2025-12-29,709417466409892796,5,2
mexico-city,1,2025-09-27,2025-12-29,716820156510655715,3,0
mexico-city,1,2025-09-27,2025-12-29,718335702606934003,6,0
mexico-city,1,2025-09-27,2025-12-29,719761630825339749,6,6
mexico-city,1,2025-09-27,2025-12-29,722480993016117860,8,0
mexico-city,1,2025-09-27,2025-12-29,734203188482933686,6,0
mexico-city,1,2025-09-27,2025-12-29,735460714939290476,5,2
mexico-city,1,2025-09-27,2025-12-29,739868806270755060,8,1
mexico-city,1,2025-09-27,2025-12-29,753752448117605665,8,0
mexico-city,1,2025-09-27,2025-12-29,754776957696011352,9,9
mexico-city,1,2025-09-27,2025-12-29,757986049491817640,7,0
mexico-city,1,2025-09-27,2025-12-29,758766463313304614,5,0
mexico-city,1,2025-09-27,2025-12-29,758833761780564518,24,0
mexico-city,1,2025-09-27,2025-12-29,763303349469947957,2,0
mexico-city,1,2025-09-27,2025-12-29,766068872704118130,6,2
mexico-city,1,2025-09-27,2025-12-29,768142919066780211,9,0
mexico-city,1,2025-09-27,2025-12-29,780619522718665320,2,0
mexico-city,1,2025-09-27,2025-12-29,790565173048865781,11,0
mexico-city,1,2025-09-27,2025-12-29,798408930154123534,9,6
mexico-city,1,2025-09-27,2025-12-29,803199335180295012,7,0
mexico-city,1,2025-09-27,2025-12-29,805277838265286762,8,3
mexico-city,1,2025-09-27,2025-12-29,813850100230220802,4,1
mexico-city,1,2025-09-27,2025-12-29,822713127964809541,4,0
mexico-city,1,2025-09-27,2025-12-29,824874708231292250,1,1
mexico-city,1,2025-09-27,2025-12-29,828256051141858727,1,0
mexico-city,1,2025-09-27,2025-12-29,833186396352143887,7,6
mexico-city,1,2025-09-27,2025-12-29,838317161114938687,5,0
mexico-city,1,2025-09-27,2025-12-29,849310790991650241,24,0
mexico-city,1,2025-09-27,2025-12-29,850271154906261413,4,0
mexico-city,1,2025-09-27,2025-12-29,851571290681560131,7,0
mexico-city,1,2025-09-27,2025-12-29,851572661449134265,4,1
mexico-city,1,2025-09-27,2025-12-29,858878397277212406,12,12
mexico-city,1,2025-09-27,2025-12-29,859561223445138116,7,0
mexico-city,1,2025-09-27,2025-12-29,860147126555897881,4,0
mexico-city,1,2025-09-27,2025-12-29,863180984181188292,3,0
mexico-city,1,2025-09-27,2025-12-29,869012972423695142,9,0
mexico-city,1,2025-09-27,2025-12-29,869114130716956267,1,0
mexico-city,1,2025-09-27,2025-12-29,869251048199639861,7,1
mexico-city,1,2025-09-27,2025-12-29,869627159695932058,10,0
mexico-city,1,2025-09-27,2025-12-29,869635347384191818,2,0
mexico-city,1,2025-09-27,2025-12-29,870969125871101749,57,2
mexico-city,1,2025-09-27,2025-12-29,871836217823420175,17,0
mexico-city,1,2025-09-27,2025-12-29,881244230165732168,4,0
mexico-city,1,2025-09-27,2025-12-29,882139493614522299,29,0
mexico-city,1,2025-09-27,2025-12-29,887753562448451285,4,4
mexico-city,1,2025-09-27,2025-12-29,887809745311260033,4,4
mexico-city,1,2025-09-27,2025-12-29,895111068274892064,8,0
mexico-city,1,2025-09-27,2025-12-29,898099817927010082,4,0
mexico-city,1,2025-09-27,2025-12-29,899258375274835002,7,0
mexico-city,1,2025-09-27,2025-12-29,908077375836724601,3,1
mexico-city,1,2025-09-27,2025-12-29,912409343733491779,4,0
mexico-city,1,2025-09-27,2025-12-29,918781199587108798,14,0
mexico-city,1,2025-09-27,2025-12-29,919780730823507230,4,0
mexico-city,1,2025-09-27,2025-12-29,923988124566655570,14,0
mexico-city,1,2025-09-27,2025-12-29,929895072880882363,3,0
mexico-city,1,2025-09-27,2025-12-29,934881813989667122,2,0
mexico-city,1,2025-09-27,2025-12-29,937863530687106883,4,4
mexico-city,1,2025-09-27,2025-12-29,937884704625004500,13,0
mexico-city,1,2025-09-27,2025-12-29,939247836105652729,1,0
mexico-city,1,2025-09-27,2025-12-29,943016048397024676,5,0
mexico-city,1,2025-09-27,2025-12-29,945661231777635144,1,1
mexico-city,1,2025-09-27,2025-12-29,949329625353076613,10,2
mexico-city,1,2025-09-27,2025-12-29,955855418078319464,22,0
mexico-city,1,2025-09-27,2025-12-29,958059412400128364,12,0
mexico-city,1,2025-09-27,2025-12-29,958966749668311108,16,2
mexico-city,1,2025-09-27,2025-12-29,959434918249272961,10,0
mexico-city,1,2025-09-27,2025-12-29,968254142618478543,8,0
mexico-city,1,2025-09-27,2025-12-29,969295127417551603,16,0
mexico-city,1,2025-09-27,2025-12-29,970915616510060491,7,0
mexico-city,1,2025-09-27,2025-12-29,970980712779479990,6,0
mexico-city,1,2025-09-27,2025-12-29,982846437382597393,12,0
mexico-city,1,2025-09-27,2025-12-29,985644096255442657,1,0
mexico-city,1,2025-09-27,2025-12-29,994983306500463758,4,0
mexico-city,1,2025-09-27,2025-12-29,1004548006766131656,52,12
mexico-city,1,2025-09-27,2025-12-29,1004703643681133874,1,0
mexico-city,1,2025-09-27,2025-12-29,1005808379637263209,15,0
mexico-city,1,2025-09-27,2025-12-29,1006591212604637049,15,1
mexico-city,1,2025-09-27,2025-12-29,1006608553672668103,5,0
mexico-city,1,2025-09-27,2025-12-29,1011810881157874753,13,0
mexico-city,1,2025-09-27,2025-12-29,1013705643825582653,3,1
mexico-city,1,2025-09-27,2025-12-29,1021004929001839439,4,0
mexico-city,1,2025-09-27,2025-12-29,1025368816079669041,12,0
mexico-city,1,2025-09-27,2025-12-29,1039303093873639608,20,7
mexico-city,1,2025-09-27,2025-12-29,1056723078314575295,16,0
mexico-city,1,2025-09-27,2025-12-29,1058231554874706424,7,0
mexico-city,1,2025-09-27,2025-12-29,1067371675305607657,3,0
mexico-city,1,2025-09-27,2025-12-29,1069011574590087281,8,0
mexico-city,1,2025-09-27,2025-12-29,1071218849891602435,4,0
mexico-city,1,2025-09-27,2025-12-29,1071313457629313416,6,0
mexico-city,1,2025-09-27,2025-12-29,1074114422919256452,14,0
mexico-city,1,2025-09-27,2025-12-29,1074908384571247289,5,0
mexico-city,1,2025-09-27,2025-12-29,1095948478035255449,19,0
mexico-city,1,2025-09-27,2025-12-29,1097177100460415230,5,2
mexico-city,1,2025-09-27,2025-12-29,1105090367610179840,24,0
mexico-city,1,2025-09-27,2025-12-29,1105415143945865625,6,0
mexico-city,1,2025-09-27,2025-12-29,1107204114975586539,8,0
mexico-city,1,2025-09-27,2025-12-29,1108820727815025970,9,0
mexico-city,1,2025-09-27,2025-12-29,1111969165434941965,8,0
mexico-city,1,2025-09-27,2025-12-29,1113929172538311431,2,2
mexico-city,1,2025-09-27,2025-12-29,1115982098415777384,46,24
mexico-city,1,2025-09-27,2025-12-29,1120558581948503739,7,0
mexico-city,1,2025-09-27,2025-12-29,1136217301571000364,2,0
mexico-city,1,2025-09-27,2025-12-29,1136515407171315870,13,3
mexico-city,1,2025-09-27,2025-12-29,1139330318121717594,5,5
mexico-city,1,2025-09-27,2025-12-29,1140513005432267062,3,0
mexico-city,1,2025-09-27,2025-12-29,1152896347614533938,17,0
mexico-city,1,2025-09-27,2025-12-29,1157295678145929289,7,0
mexico-city,1,2025-09-27,2025-12-29,1166808403564499807,6,0
mexico-city,1,2025-09-27,2025-12-29,1173112308103556552,9,1
mexico-city,1,2025-09-27,2025-12-29,1173948600010318322,8,0
mexico-city,1,2025-09-27,2025-12-29,1182014858085020088,8,1
mexico-city,1,2025-09-27,2025-12-29,1184738128482172855,3,0
mexico-city,1,2025-09-27,2025-12-29,1184739489904926303,13,3
mexico-city,1,2025-09-27,2025-12-29,1190076264517210542,3,2
mexico-city,1,2025-09-27,2025-12-29,1192738479595642114,28,4
mexico-city,1,2025-09-27,2025-12-29,1196621348482462687,3,0
mexico-city,1,2025-09-27,2025-12-29,1198503632429004272,2,0
mexico-city,1,2025-09-27,2025-12-29,1213489237952749296,4,0
mexico-city,1,2025-09-27,2025-12-29,1224056493349160314,20,0
mexico-city,1,2025-09-27,2025-12-29,1227577617552581352,2,0
mexico-city,1,2025-09-27,2025-12-29,1233458877921301015,19,0
mexico-city,1,2025-09-27,2025-12-29,1237683857557920017,8,0
mexico-city,1,2025-09-27,2025-12-29,1244436735922015062,11,0
mexico-city,1,2025-09-27,2025-12-29,1244937445643444816,9,0
mexico-city,1,2025-09-27,2025-12-29,1245039986551100849,6,1
mexico-city,1,2025-09-27,2025-12-29,1245225567367184700,8,0
mexico-city,1,2025-09-27,2025-12-29,1273107649081881402,1,0
mexico-city,1,2025-09-27,2025-12-29,1282860274906293991,3,0
mexico-city,1,2025-09-27,2025-12-29,1284241387875866533,15,0
mexico-city,1,2025-09-27,2025-12-29,1285782980689376639,10,10
mexico-city,1,2025-09-27,2025-12-29,1289860571440010292,12,0
mexico-city,1,2025-09-27,2025-12-29,1297561127080370074,16,0
mexico-city,1,2025-09-27,2025-12-29,1298089886796119975,5,2
mexico-city,1,2025-09-27,2025-12-29,1299364524696181635,17,17
mexico-city,1,2025-09-27,2025-12-29,1299690677092334838,4,0
mexico-city,1,2025-09-27,2025-12-29,1305284898595962088,21,0
mexico-city,1,2025-09-27,2025-12-29,1307670695412780667,4,0
mexico-city,1,2025-09-27,2025-12-29,1309003088126476832,11,0
mexico-city,1,2025-09-27,2025-12-29,1309284468353844644,2,0
mexico-city,1,2025-09-27,2025-12-29,1313869640454813411,8,0
mexico-city,1,2025-09-27,2025-12-29,1314779563246588639,25,6
mexico-city,1,2025-09-27,2025-12-29,1321030824875638646,36,20
mexico-city,1,2025-09-27,2025-12-29,1326338399412078934,4,1
mexico-city,1,2025-09-27,2025-12-29,1330544759058511284,6,1
mexico-city,1,2025-09-27,2025-12-29,1330868165512849909,6,0
mexico-city,1,2025-09-27,2025-12-29,1344422775360011227,3,0
mexico-city,1,2025-09-27,2025-12-29,1345717922512918626,2,0
mexico-city,1,2025-09-27,2025-12-29,1348228754094620910,11,0
mexico-city,1,2025-09-27,2025-12-29,1348531196640517558,32,1
mexico-city,1,2025-09-27,2025-12-29,1351537162956371739,2,0
mexico-city,1,2025-09-27,2025-12-29,1351622023376846221,3,0
mexico-city,1,2025-09-27,2025-12-29,1351705092308905477,48,2
mexico-city,1,2025-09-27,2025-12-29,1362443145120514976,8,1
mexico-city,1,2025-09-27,2025-12-29,1370387311449178964,4,0
mexico-city,1,2025-09-27,2025-12-29,1374980509987772853,3,0
mexico-city,1,2025-09-27,2025-12-29,1376969480976075673,38,10
mexico-city,1,2025-09-27,2025-12-29,1384142931516533074,10,6
mexico-city,1,2025-09-27,2025-12-29,1385063154117937880,2,0
mexico-city,1,2025-09-27,2025-12-29,1385095942161630921,6,0
mexico-city,1,2025-09-27,2025-12-29,1391660151852770764,2,0
mexico-city,1,2025-09-27,2025-12-29,1395319996193276517,38,0
mexico-city,1,2025-09-27,2025-12-29,1396673482057076919,5,1
mexico-city,1,2025-09-27,2025-12-29,1404617427987335373,4,0
mexico-city,1,2025-09-27,2025-12-29,1405781220652858157,15,0
mexico-city,1,2025-09-27,2025-12-29,1407231325723955923,32,0
mexico-city,1,2025-09-27,2025-12-29,1413749828356773069,2,0
mexico-city,1,2025-09-27,2025-12-29,1415265771328918692,8,0
mexico-city,1,2025-09-27,2025-12-29,1417702522013183273,3,0
mexico-city,1,2025-09-27,2025-12-29,1422478475376562527,10,0
mexico-city,1,2025-09-27,2025-12-29,1424314459994199012,1,0
mexico-city,1,2025-09-27,2025-12-29,1430394996701986076,17,0
mexico-city,1,2025-09-27,2025-12-29,1432263191542074861,5,5
mexico-city,1,2025-09-27,2025-12-29,1432963285969977402,17,0
mexico-city,1,2025-09-27,2025-12-29,1442358739002204616,11,11
mexico-city,1,2025-09-27,2025-12-29,1442438451589369593,7,2
mexico-city,1,2025-09-27,2025-12-29,1447113108503295551,24,0
mexico-city,1,2025-09-27,2025-12-29,1452964202361162045,4,0
mexico-city,1,2025-09-27,2025-12-29,1453710551526486837,1,0
mexico-city,1,2025-09-27,2025-12-29,1455452275903223930,9,1
mexico-city,1,2025-09-27,2025-12-29,1456777720313737174,1,0
mexico-city,1,2025-09-27,2025-12-29,1457561075376244496,7,0
mexico-city,1,2025-09-27,2025-12-29,1460203259106281983,56,4
mexico-city,1,2025-09-27,2025-12-29,1464720045413248996,2,0
mexico-city,1,2025-09-27,2025-12-29,1465510299879230310,6,0
mexico-city,1,2025-09-27,2025-12-29,1467106796623131201,24,2
mexico-city,1,2025-09-27,2025-12-29,1467634737285429125,1,0
mexico-city,1,2025-09-27,2025-12-29,1478530945929072897,45,1
mexico-city,1,2025-09-27,2025-12-29,1478936823429005810,6,0
mexico-city,1,2025-09-27,2025-12-29,1479968356781443626,14,0
mexico-city,1,2025-09-27,2025-12-29,1495740764204349805,3,3
mexico-city,1,2025-09-27,2025-12-29,1497976807654480905,29,25
mexico-city,1,2025-09-27,2025-12-29,1506158550747934309,3,3
mexico-city,1,2025-09-27,2025-12-29,1511676589136821250,4,0
mexico-city,2,2025-12-29,2026-03-30,287940,7,7
mexico-city,2,2025-12-29,2026-03-30,728372,29,0
mexico-city,2,2025-12-29,2026-03-30,6810808,1,1
mexico-city,2,2025-12-29,2026-03-30,9093531,15,0
mexico-city,2,2025-12-29,2026-03-30,10257549,14,0
mexico-city,2,2025-12-29,2026-03-30,10884709,15,0
mexico-city,2,2025-12-29,2026-03-30,11546411,41,2
mexico-city,2,2025-12-29,2026-03-30,11572034,28,18
mexico-city,2,2025-12-29,2026-03-30,11790186,4,0
mexico-city,2,2025-12-29,2026-03-30,11826745,47,0
mexico-city,2,2025-12-29,2026-03-30,12223480,14,7
mexico-city,2,2025-12-29,2026-03-30,12712047,4,0
mexico-city,2,2025-12-29,2026-03-30,13728290,3,0
mexico-city,2,2025-12-29,2026-03-30,13764151,5,0
mexico-city,2,2025-12-29,2026-03-30,13812210,3,0
mexico-city,2,2025-12-29,2026-03-30,13952338,21,0
mexico-city,2,2025-12-29,2026-03-30,14362672,21,0
mexico-city,2,2025-12-29,2026-03-30,15361532,7,0
mexico-city,2,2025-12-29,2026-03-30,15553735,17,0
mexico-city,2,2025-12-29,2026-03-30,15554178,19,0
mexico-city,2,2025-12-29,2026-03-30,16536455,25,0
mexico-city,2,2025-12-29,2026-03-30,17225322,34,0
mexico-city,2,2025-12-29,2026-03-30,17324127,4,1
mexico-city,2,2025-12-29,2026-03-30,17443995,16,0
mexico-city,2,2025-12-29,2026-03-30,17633843,12,0
mexico-city,2,2025-12-29,2026-03-30,17878320,7,1
mexico-city,2,2025-12-29,2026-03-30,18286593,5,5
mexico-city,2,2025-12-29,2026-03-30,18313708,4,4
mexico-city,2,2025-12-29,2026-03-30,18314796,6,6
mexico-city,2,2025-12-29,2026-03-30,18360341,13,0
mexico-city,2,2025-12-29,2026-03-30,19038180,4,0
mexico-city,2,2025-12-29,2026-03-30,19144158,10,0
mexico-city,2,2025-12-29,2026-03-30,19873111,4,4
mexico-city,2,2025-12-29,2026-03-30,19947512,7,0
mexico-city,2,2025-12-29,2026-03-30,20390849,23,0
mexico-city,2,2025-12-29,2026-03-30,20654177,8,0
mexico-city,2,2025-12-29,2026-03-30,21082292,5,0
mexico-city,2,2025-12-29,2026-03-30,21107757,9,0
mexico-city,2,2025-12-29,2026-03-30,21513004,6,0
mexico-city,2,2025-12-29,2026-03-30,21514335,11,0
mexico-city,2,2025-12-29,2026-03-30,21728742,11,8
mexico-city,2,2025-12-29,2026-03-30,21765818,4,0
mexico-city,2,2025-12-29,2026-03-30,21977730,16,16
mexico-city,2,2025-12-29,2026-03-30,22015445,6,0
mexico-city,2,2025-12-29,2026-03-30,22159588,15,0
mexico-city,2,2025-12-29,2026-03-30,22192283,14,0
mexico-city,2,2025-12-29,2026-03-30,22346356,7,3
mexico-city,2,2025-12-29,2026-03-30,22882850,8,0
mexico-city,2,2025-12-29,2026-03-30,23085822,33,0
mexico-city,2,2025-12-29,2026-03-30,23292366,3,0
mexico-city,2,2025-12-29,2026-03-30,23453920,17,0
mexico-city,2,2025-12-29,2026-03-30,23463390,23,0
mexico-city,2,2025-12-29,2026-03-30,23559493,11,0
mexico-city,2,2025-12-29,2026-03-30,23649272,11,6
mexico-city,2,2025-12-29,2026-03-30,23842322,6,0
mexico-city,2,2025-12-29,2026-03-30,24225479,4,0
mexico-city,2,2025-12-29,2026-03-30,26103209,16,0
mexico-city,2,2025-12-29,2026-03-30,26714356,5,0
mexico-city,2,2025-12-29,2026-03-30,28765693,16,16
mexico-city,2,2025-12-29,2026-03-30,28967865,5,0
mexico-city,2,2025-12-29,2026-03-30,29037729,15,5
mexico-city,2,2025-12-29,2026-03-30,29369122,7,0
mexico-city,2,2025-12-29,2026-03-30,29899716,7,0
mexico-city,2,2025-12-29,2026-03-30,30269685,5,0
mexico-city,2,2025-12-29,2026-03-30,30537467,1,0
mexico-city,2,2025-12-29,2026-03-30,30744835,6,0
mexico-city,2,2025-12-29,2026-03-30,31627198,22,1
mexico-city,2,2025-12-29,2026-03-30,31898385,22,2
mexico-city,2,2025-12-29,2026-03-30,32161887,11,0
mexico-city,2,2025-12-29,2026-03-30,32442544,6,0
mexico-city,2,2025-12-29,2026-03-30,32524460,1,0
mexico-city,2,2025-12-29,2026-03-30,32590316,4,0
mexico-city,2,2025-12-29,2026-03-30,32844702,10,6
mexico-city,2,2025-12-29,2026-03-30,32894594,11,0
mexico-city,2,2025-12-29,2026-03-30,32919197,32,32
mexico-city,2,2025-12-29,2026-03-30,32986966,6,0
mexico-city,2,2025-12-29,2026-03-30,33037873,5,0
mexico-city,2,2025-12-29,2026-03-30,33073306,28,5
mexico-city,2,2025-12-29,2026-03-30,33551782,6,0
mexico-city,2,2025-12-29,2026-03-30,33716213,24,2
mexico-city,2,2025-12-29,2026-03-30,33716386,19,3
mexico-city,2,2025-12-29,2026-03-30,33881469,23,8
mexico-city,2,2025-12-29,2026-03-30,34123530,24,0
mexico-city,2,2025-12-29,2026-03-30,37090494,15,4
mexico-city,2,2025-12-29,2026-03-30,37095453,26,0
mexico-city,2,2025-12-29,2026-03-30,37556163,4,0
mexico-city,2,2025-12-29,2026-03-30,37707132,6,0
mexico-city,2,2025-12-29,2026-03-30,38485920,3,0
mexico-city,2,2025-12-29,2026-03-30,38642146,6,0
mexico-city,2,2025-12-29,2026-03-30,39399217,4,0
mexico-city,2,2025-12-29,2026-03-30,40229764,22,0
mexico-city,2,2025-12-29,2026-03-30,40333279,7,0
mexico-city,2,2025-12-29,2026-03-30,40724349,34,7
mexico-city,2,2025-12-29,2026-03-30,40758281,9,1
mexico-city,2,2025-12-29,2026-03-30,41478322,2,0
mexico-city,2,2025-12-29,2026-03-30,42618382,11,0
mexico-city,2,2025-12-29,2026-03-30,42745369,4,0
mexico-city,2,2025-12-29,2026-03-30,42936860,2,0
mexico-city,2,2025-12-29,2026-03-30,43442676,6,0
mexico-city,2,2025-12-29,2026-03-30,43947179,19,0
mexico-city,2,2025-12-29,2026-03-30,44207522,2,0
mexico-city,2,2025-12-29,2026-03-30,45225995,8,0
mexico-city,2,2025-12-29,2026-03-30,45298891,24,0
mexico-city,2,2025-12-29,2026-03-30,45485116,7,0
mexico-city,2,2025-12-29,2026-03-30,45735725,3,1
mexico-city,2,2025-12-29,2026-03-30,45940324,2,0
mexico-city,2,2025-12-29,2026-03-30,46056031,2,0
mexico-city,2,2025-12-29,2026-03-30,46056354,8,0
mexico-city,2,2025-12-29,2026-03-30,46068574,31,2
mexico-city,2,2025-12-29,2026-03-30,46598777,6,0
mexico-city,2,2025-12-29,2026-03-30,46727704,24,1
mexico-city,2,2025-12-29,2026-03-30,46818713,45,5
mexico-city,2,2025-12-29,2026-03-30,47967558,1,0
mexico-city,2,2025-12-29,2026-03-30,48069893,11,0
mexico-city,2,2025-12-29,2026-03-30,48532809,2,0
mexico-city,2,2025-12-29,2026-03-30,48792074,9,0
mexico-city,2,2025-12-29,2026-03-30,48845499,17,1
mexico-city,2,2025-12-29,2026-03-30,49142012,2,0
mexico-city,2,2025-12-29,2026-03-30,49288695,24,1
mexico-city,2,2025-12-29,2026-03-30,49345226,21,0
mexico-city,2,2025-12-29,2026-03-30,49731067,4,0
mexico-city,2,2025-12-29,2026-03-30,50067975,18,11
mexico-city,2,2025-12-29,2026-03-30,50112326,4,0
mexico-city,2,2025-12-29,2026-03-30,50142166,3,0
mexico-city,2,2025-12-29,2026-03-30,50151095,16,0
mexico-city,2,2025-12-29,2026-03-30,50400718,20,11
mexico-city,2,2025-12-29,2026-03-30,50637732,5,1
mexico-city,2,2025-12-29,2026-03-30,50679923,3,0
mexico-city,2,2025-12-29,2026-03-30,51129102,10,0
mexico-city,2,2025-12-29,2026-03-30,51450971,28,0
mexico-city,2,2025-12-29,2026-03-30,51640848,3,0
mexico-city,2,2025-12-29,2026-03-30,51641576,14,0
mexico-city,2,2025-12-29,2026-03-30,51820053,12,0
mexico-city,2,2025-12-29,2026-03-30,52132566,14,3
mexico-city,2,2025-12-29,2026-03-30,52185451,20,0
mexico-city,2,2025-12-29,2026-03-30,52676526,3,3
mexico-city,2,2025-12-29,2026-03-30,52740321,12,0
mexico-city,2,2025-12-29,2026-03-30,53293578,4,0
mexico-city,2,2025-12-29,2026-03-30,53311209,3,0
mexico-city,2,2025-12-29,2026-03-30,53404245,6,6
mexico-city,2,2025-12-29,2026-03-30,53495688,6,0
mexico-city,2,2025-12-29,2026-03-30,53606473,4,0
mexico-city,2,2025-12-29,2026-03-30,53632693,39,0
mexico-city,2,2025-12-29,2026-03-30,53642576,22,2
mexico-city,2,2025-12-29,2026-03-30,53665585,23,1
mexico-city,2,2025-12-29,2026-03-30,53795925,5,3
mexico-city,2,2025-12-29,2026-03-30,53829242,6,0
mexico-city,2,2025-12-29,2026-03-30,54195554,8,0
mexico-city,2,2025-12-29,2026-03-30,558149537987884746,7,0
mexico-city,2,2025-12-29,2026-03-30,577048103373140729,7,2
mexico-city,2,2025-12-29,2026-03-30,579970081878632673,4,0
mexico-city,2,2025-12-29,2026-03-30,583321513569316109,5,0
mexico-city,2,2025-12-29,2026-03-30,587686958879189729,5,0
mexico-city,2,2025-12-29,2026-03-30,595207622430823791,6,0
mexico-city,2,2025-12-29,2026-03-30,603678418045160422,72,3
mexico-city,2,2025-12-29,2026-03-30,610309536107494030,1,1
mexico-city,2,2025-12-29,2026-03-30,623897759935175861,46,0
mexico-city,2,2025-12-29,2026-03-30,623967217368518311,2,0
mexico-city,2,2025-12-29,2026-03-30,624536276766115586,39,0
mexico-city,2,2025-12-29,2026-03-30,627036691647455692,31,7
mexico-city,2,2025-12-29,2026-03-30,628351060617782520,3,3
mexico-city,2,2025-12-29,2026-03-30,639921504912725226,16,5
mexico-city,2,2025-12-29,2026-03-30,645671840112294133,9,0
mexico-city,2,2025-12-29,2026-03-30,656486757343242827,25,1
mexico-city,2,2025-12-29,2026-03-30,657142341091267516,8,0
mexico-city,2,2025-12-29,2026-03-30,668717503857355834,4,4
mexico-city,2,2025-12-29,2026-03-30,669629589169355355,2,2
mexico-city,2,2025-12-29,2026-03-30,673134020795724672,26,9
mexico-city,2,2025-12-29,2026-03-30,674671336871209253,17,4
mexico-city,2,2025-12-29,2026-03-30,680659099049252456,16,4
mexico-city,2,2025-12-29,2026-03-30,681273879535606133,8,0
mexico-city,2,2025-12-29,2026-03-30,684886563342888880,14,0
mexico-city,2,2025-12-29,2026-03-30,689004284399530393,6,0
mexico-city,2,2025-12-29,2026-03-30,689180756965506213,11,0
mexico-city,2,2025-12-29,2026-03-30,690480798638836071,13,0
mexico-city,2,2025-12-29,2026-03-30,691277853291804930,2,0
mexico-city,2,2025-12-29,2026-03-30,693466163030170413,1,0
mexico-city,2,2025-12-29,2026-03-30,693847790205385402,5,3
mexico-city,2,2025-12-29,2026-03-30,695693213615485522,5,0
mexico-city,2,2025-12-29,2026-03-30,697023734010216650,4,0
mexico-city,2,2025-12-29,2026-03-30,704180494258082931,4,0
mexico-city,2,2025-12-29,2026-03-30,709417466409892796,7,6
mexico-city,2,2025-12-29,2026-03-30,717531170922048476,14,0
mexico-city,2,2025-12-29,2026-03-30,719761630825339749,5,2
mexico-city,2,2025-12-29,2026-03-30,722480993016117860,19,0
mexico-city,2,2025-12-29,2026-03-30,722484384536107924,7,0
mexico-city,2,2025-12-29,2026-03-30,729665419150528622,2,0
mexico-city,2,2025-12-29,2026-03-30,734203188482933686,29,0
mexico-city,2,2025-12-29,2026-03-30,739868806270755060,14,0
mexico-city,2,2025-12-29,2026-03-30,753752448117605665,1,0
mexico-city,2,2025-12-29,2026-03-30,756428698433648858,10,0
mexico-city,2,2025-12-29,2026-03-30,756744466408757530,8,0
mexico-city,2,2025-12-29,2026-03-30,757986049491817640,6,0
mexico-city,2,2025-12-29,2026-03-30,758833761780564518,42,7
mexico-city,2,2025-12-29,2026-03-30,766068872704118130,19,8
mexico-city,2,2025-12-29,2026-03-30,768142919066780211,27,5
mexico-city,2,2025-12-29,2026-03-30,771726375291095823,5,0
mexico-city,2,2025-12-29,2026-03-30,772639774768616880,3,3
mexico-city,2,2025-12-29,2026-03-30,780619522718665320,8,0
mexico-city,2,2025-12-29,2026-03-30,790565173048865781,7,0
mexico-city,2,2025-12-29,2026-03-30,803199335180295012,7,3
mexico-city,2,2025-12-29,2026-03-30,805277838265286762,3,3
mexico-city,2,2025-12-29,2026-03-30,813850100230220802,8,7
mexico-city,2,2025-12-29,2026-03-30,822713127964809541,9,7
mexico-city,2,2025-12-29,2026-03-30,833186396352143887,8,0
mexico-city,2,2025-12-29,2026-03-30,838317161114938687,12,1
mexico-city,2,2025-12-29,2026-03-30,849310790991650241,10,1
mexico-city,2,2025-12-29,2026-03-30,850271154906261413,2,0
mexico-city,2,2025-12-29,2026-03-30,859561223445138116,4,0
mexico-city,2,2025-12-29,2026-03-30,860147126555897881,2,0
mexico-city,2,2025-12-29,2026-03-30,861821981814971940,1,1
mexico-city,2,2025-12-29,2026-03-30,863180984181188292,3,0
mexico-city,2,2025-12-29,2026-03-30,868097290115908253,9,0
mexico-city,2,2025-12-29,2026-03-30,869012972423695142,16,0
mexico-city,2,2025-12-29,2026-03-30,869251048199639861,6,0
mexico-city,2,2025-12-29,2026-03-30,869627159695932058,21,1
mexico-city,2,2025-12-29,2026-03-30,870969125871101749,72,9
mexico-city,2,2025-12-29,2026-03-30,871836217823420175,11,0
mexico-city,2,2025-12-29,2026-03-30,877638366368428752,2,0
mexico-city,2,2025-12-29,2026-03-30,881244230165732168,3,0
mexico-city,2,2025-12-29,2026-03-30,882139493614522299,11,0
mexico-city,2,2025-12-29,2026-03-30,887753562448451285,3,0
mexico-city,2,2025-12-29,2026-03-30,887809745311260033,3,0
mexico-city,2,2025-12-29,2026-03-30,890609763019922856,6,0
mexico-city,2,2025-12-29,2026-03-30,895111068274892064,3,0
mexico-city,2,2025-12-29,2026-03-30,898099817927010082,12,0
mexico-city,2,2025-12-29,2026-03-30,903587501768520541,2,0
mexico-city,2,2025-12-29,2026-03-30,904744240556848288,4,0
mexico-city,2,2025-12-29,2026-03-30,907188295889699633,4,0
mexico-city,2,2025-12-29,2026-03-30,912409343733491779,3,0
mexico-city,2,2025-12-29,2026-03-30,913352223472269893,4,4
mexico-city,2,2025-12-29,2026-03-30,918781199587108798,15,4
mexico-city,2,2025-12-29,2026-03-30,919780730823507230,2,0
mexico-city,2,2025-12-29,2026-03-30,923366111203510586,6,6
mexico-city,2,2025-12-29,2026-03-30,923988124566655570,12,5
mexico-city,2,2025-12-29,2026-03-30,928439519955570720,20,0
mexico-city,2,2025-12-29,2026-03-30,929895072880882363,8,3
mexico-city,2,2025-12-29,2026-03-30,931378559821851085,1,0
mexico-city,2,2025-12-29,2026-03-30,932590282532979704,6,0
mexico-city,2,2025-12-29,2026-03-30,943016048397024676,17,6
mexico-city,2,2025-12-29,2026-03-30,943629182578700668,4,0
mexico-city,2,2025-12-29,2026-03-30,950960608979435877,4,0
mexico-city,2,2025-12-29,2026-03-30,955855418078319464,17,7
mexico-city,2,2025-12-29,2026-03-30,958059412400128364,22,0
mexico-city,2,2025-12-29,2026-03-30,958966749668311108,13,5
mexico-city,2,2025-12-29,2026-03-30,959434918249272961,10,4
mexico-city,2,2025-12-29,2026-03-30,968094976868231750,13,0
mexico-city,2,2025-12-29,2026-03-30,968811835360280002,5,5
mexico-city,2,2025-12-29,2026-03-30,969295127417551603,25,8
mexico-city,2,2025-12-29,2026-03-30,970915616510060491,3,1
mexico-city,2,2025-12-29,2026-03-30,974669556946373390,18,4
mexico-city,2,2025-12-29,2026-03-30,975709481894052982,4,0
mexico-city,2,2025-12-29,2026-03-30,984908604971413233,6,0
mexico-city,2,2025-12-29,2026-03-30,994983306500463758,12,6
mexico-city,2,2025-12-29,2026-03-30,1004548006766131656,52,0
mexico-city,2,2025-12-29,2026-03-30,1004703643681133874,5,0
mexico-city,2,2025-12-29,2026-03-30,1005135240073326662,10,0
mexico-city,2,2025-12-29,2026-03-30,1005808379637263209,13,8
mexico-city,2,2025-12-29,2026-03-30,1006591212604637049,7,3
mexico-city,2,2025-12-29,2026-03-30,1008056896739799418,5,2
mexico-city,2,2025-12-29,2026-03-30,1010887502120691447,8,0
mexico-city,2,2025-12-29,2026-03-30,1011810881157874753,7,3
mexico-city,2,2025-12-29,2026-03-30,1013724052547294559,4,0
mexico-city,2,2025-12-29,2026-03-30,1013896195086705715,3,0
mexico-city,2,2025-12-29,2026-03-30,1015436684917612878,9,0
mexico-city,2,2025-12-29,2026-03-30,1016729496534006518,3,0
mexico-city,2,2025-12-29,2026-03-30,1021272352216604688,4,4
mexico-city,2,2025-12-29,2026-03-30,1022157193531874299,4,0
mexico-city,2,2025-12-29,2026-03-30,1025368816079669041,17,0
mexico-city,2,2025-12-29,2026-03-30,1039303093873639608,18,0
mexico-city,2,2025-12-29,2026-03-30,1047188332154301023,1,0
mexico-city,2,2025-12-29,2026-03-30,1049321571056623499,12,12
mexico-city,2,2025-12-29,2026-03-30,1050034171628824375,14,1
mexico-city,2,2025-12-29,2026-03-30,1056723078314575295,46,11
mexico-city,2,2025-12-29,2026-03-30,1065302767159387936,9,9
mexico-city,2,2025-12-29,2026-03-30,1069011574590087281,4,0
mexico-city,2,2025-12-29,2026-03-30,1069821388722561719,5,0
mexico-city,2,2025-12-29,2026-03-30,1071313457629313416,6,2
mexico-city,2,2025-12-29,2026-03-30,1074114422919256452,29,0
mexico-city,2,2025-12-29,2026-03-30,1074908384571247289,3,0
mexico-city,2,2025-12-29,2026-03-30,1082902101213506129,24,3
mexico-city,2,2025-12-29,2026-03-30,1084186517490797426,8,0
mexico-city,2,2025-12-29,2026-03-30,1084963654275138002,8,8
mexico-city,2,2025-12-29,2026-03-30,1095948478035255449,18,0
mexico-city,2,2025-12-29,2026-03-30,1100065015297582258,2,0
mexico-city,2,2025-12-29,2026-03-30,1105090367610179840,39,0
mexico-city,2,2025-12-29,2026-03-30,1107204114975586539,23,4
mexico-city,2,2025-12-29,2026-03-30,1111969165434941965,8,8
mexico-city,2,2025-12-29,2026-03-30,1115982098415777384,25,10
mexico-city,2,2025-12-29,2026-03-30,1128988832693006271,3,0
mexico-city,2,2025-12-29,2026-03-30,1134787524788245656,7,0
mexico-city,2,2025-12-29,2026-03-30,1136217301571000364,16,0
mexico-city,2,2025-12-29,2026-03-30,1136515407171315870,9,1
mexico-city,2,2025-12-29,2026-03-30,1139330318121717594,18,0
mexico-city,2,2025-12-29,2026-03-30,1140513005432267062,5,0
mexico-city,2,2025-12-29,2026-03-30,1150996870136950810,10,1
mexico-city,2,2025-12-29,2026-03-30,1152896347614533938,3,0
mexico-city,2,2025-12-29,2026-03-30,1153876032208061733,5,0
mexico-city,2,2025-12-29,2026-03-30,1157295678145929289,10,0
mexico-city,2,2025-12-29,2026-03-30,1164732057942148354,6,3
mexico-city,2,2025-12-29,2026-03-30,1166808403564499807,31,3
mexico-city,2,2025-12-29,2026-03-30,1180489565194364943,13,0
mexico-city,2,2025-12-29,2026-03-30,1184739489904926303,11,0
mexico-city,2,2025-12-29,2026-03-30,1192738479595642114,26,0
mexico-city,2,2025-12-29,2026-03-30,1195734211345440954,12,8
mexico-city,2,2025-12-29,2026-03-30,1196008981679081054,3,0
mexico-city,2,2025-12-29,2026-03-30,1198280519172347768,15,2
mexico-city,2,2025-12-29,2026-03-30,1198379468766138768,15,0
mexico-city,2,2025-12-29,2026-03-30,1198503632429004272,4,4
mexico-city,2,2025-12-29,2026-03-30,1207113117880755082,4,0
mexico-city,2,2025-12-29,2026-03-30,1213489237952749296,3,0
mexico-city,2,2025-12-29,2026-03-30,1224056493349160314,21,0
mexico-city,2,2025-12-29,2026-03-30,1227577617552581352,10,0
mexico-city,2,2025-12-29,2026-03-30,1237683857557920017,13,5
mexico-city,2,2025-12-29,2026-03-30,1242157350715293070,5,0
mexico-city,2,2025-12-29,2026-03-30,1243119887091445955,9,0
mexico-city,2,2025-12-29,2026-03-30,1244436735922015062,9,0
mexico-city,2,2025-12-29,2026-03-30,1244937445643444816,9,0
mexico-city,2,2025-12-29,2026-03-30,1245039986551100849,2,2
mexico-city,2,2025-12-29,2026-03-30,1245225567367184700,9,0
mexico-city,2,2025-12-29,2026-03-30,1245911065064702724,6,0
mexico-city,2,2025-12-29,2026-03-30,1256026592163994433,2,2
mexico-city,2,2025-12-29,2026-03-30,1256625500890036278,4,0
mexico-city,2,2025-12-29,2026-03-30,1259528898807369033,6,3
mexico-city,2,2025-12-29,2026-03-30,1267387248855051794,5,0
mexico-city,2,2025-12-29,2026-03-30,1269773833030039836,1,0
mexico-city,2,2025-12-29,2026-03-30,1273418489171689366,19,0
mexico-city,2,2025-12-29,2026-03-30,1284241387875866533,6,0
mexico-city,2,2025-12-29,2026-03-30,1289860571440010292,3,3
mexico-city,2,2025-12-29,2026-03-30,1297561127080370074,15,0
mexico-city,2,2025-12-29,2026-03-30,1299364524696181635,5,5
mexico-city,2,2025-12-29,2026-03-30,1299690677092334838,4,0
mexico-city,2,2025-12-29,2026-03-30,1301181598446920630,6,3
mexico-city,2,2025-12-29,2026-03-30,1305284898595962088,20,0
mexico-city,2,2025-12-29,2026-03-30,1306245522861884961,9,0
mexico-city,2,2025-12-29,2026-03-30,1306575515516592005,11,3
mexico-city,2,2025-12-29,2026-03-30,1307670695412780667,11,5
mexico-city,2,2025-12-29,2026-03-30,1308733360982476700,4,0
mexico-city,2,2025-12-29,2026-03-30,1308931698162211450,11,5
mexico-city,2,2025-12-29,2026-03-30,1309284468353844644,4,0
mexico-city,2,2025-12-29,2026-03-30,1310736846739757666,1,0
mexico-city,2,2025-12-29,2026-03-30,1313869640454813411,5,5
mexico-city,2,2025-12-29,2026-03-30,1314710778506278367,4,0
mexico-city,2,2025-12-29,2026-03-30,1314779563246588639,19,0
mexico-city,2,2025-12-29,2026-03-30,1317529565205411583,5,1
mexico-city,2,2025-12-29,2026-03-30,1318342980668316619,13,5
mexico-city,2,2025-12-29,2026-03-30,1321030824875638646,18,3
mexico-city,2,2025-12-29,2026-03-30,1322090352059969732,6,5
mexico-city,2,2025-12-29,2026-03-30,1324060136291526938,11,5
mexico-city,2,2025-12-29,2026-03-30,1334177942761267372,4,0
mexico-city,2,2025-12-29,2026-03-30,1337120027206139833,6,0
mexico-city,2,2025-12-29,2026-03-30,1344422775360011227,5,0
mexico-city,2,2025-12-29,2026-03-30,1348228754094620910,25,0
mexico-city,2,2025-12-29,2026-03-30,1348531196640517558,48,3
mexico-city,2,2025-12-29,2026-03-30,1351537162956371739,5,0
mexico-city,2,2025-12-29,2026-03-30,1351705092308905477,22,0
mexico-city,2,2025-12-29,2026-03-30,1356029562415094861,8,0
mexico-city,2,2025-12-29,2026-03-30,1360410892898720114,12,0
mexico-city,2,2025-12-29,2026-03-30,1368978695955943789,6,0
mexico-city,2,2025-12-29,2026-03-30,1370387311449178964,12,0
mexico-city,2,2025-12-29,2026-03-30,1374980509987772853,9,0
mexico-city,2,2025-12-29,2026-03-30,1376969480976075673,18,1
mexico-city,2,2025-12-29,2026-03-30,1377206287298069189,4,0
mexico-city,2,2025-12-29,2026-03-30,1379853698839314872,22,14
mexico-city,2,2025-12-29,2026-03-30,1384142931516533074,10,0
mexico-city,2,2025-12-29,2026-03-30,1385063154117937880,34,8
mexico-city,2,2025-12-29,2026-03-30,1385095942161630921,2,0
mexico-city,2,2025-12-29,2026-03-30,1385928276994794550,20,7
mexico-city,2,2025-12-29,2026-03-30,1389502305283200496,8,4
mexico-city,2,2025-12-29,2026-03-30,1389945373788282859,5,0
mexico-city,2,2025-12-29,2026-03-30,1394494873628241061,2,0
mexico-city,2,2025-12-29,2026-03-30,1395319996193276517,53,2
mexico-city,2,2025-12-29,2026-03-30,1405781220652858157,35,3
mexico-city,2,2025-12-29,2026-03-30,1407231325723955923,30,5
mexico-city,2,2025-12-29,2026-03-30,1412596433634265871,2,2
mexico-city,2,2025-12-29,2026-03-30,1413749828356773069,5,0
mexico-city,2,2025-12-29,2026-03-30,1415265771328918692,10,1
mexico-city,2,2025-12-29,2026-03-30,1417702522013183273,3,2
mexico-city,2,2025-12-29,2026-03-30,1422478475376562527,25,0
mexico-city,2,2025-12-29,2026-03-30,1429327705265042889,12,6
mexico-city,2,2025-12-29,2026-03-30,1430394996701986076,12,0
mexico-city,2,2025-12-29,2026-03-30,1432963285969977402,36,4
mexico-city,2,2025-12-29,2026-03-30,1433312367531314604,4,0
mexico-city,2,2025-12-29,2026-03-30,1445697274926422787,4,0
mexico-city,2,2025-12-29,2026-03-30,1447113108503295551,10,1
mexico-city,2,2025-12-29,2026-03-30,1452938315374970213,6,0
mexico-city,2,2025-12-29,2026-03-30,1453174230423476852,11,5
mexico-city,2,2025-12-29,2026-03-30,1453710551526486837,7,0
mexico-city,2,2025-12-29,2026-03-30,1455452275903223930,2,2
mexico-city,2,2025-12-29,2026-03-30,1455938020068669199,46,6
mexico-city,2,2025-12-29,2026-03-30,1456161400193492691,3,0
mexico-city,2,2025-12-29,2026-03-30,1456777720313737174,4,0
mexico-city,2,2025-12-29,2026-03-30,1460203259106281983,43,4
mexico-city,2,2025-12-29,2026-03-30,1464720045413248996,10,2
mexico-city,2,2025-12-29,2026-03-30,1465510299879230310,8,0
mexico-city,2,2025-12-29,2026-03-30,1465519129688805450,8,0
mexico-city,2,2025-12-29,2026-03-30,1467106796623131201,18,2
mexico-city,2,2025-12-29,2026-03-30,1472570840876724625,2,0
mexico-city,2,2025-12-29,2026-03-30,1477148123070293962,4,0
mexico-city,2,2025-12-29,2026-03-30,1478530945929072897,15,3
mexico-city,2,2025-12-29,2026-03-30,1478936823429005810,4,0
mexico-city,2,2025-12-29,2026-03-30,1479276509979933174,7,5
mexico-city,2,2025-12-29,2026-03-30,1481424207105087193,3,0
mexico-city,2,2025-12-29,2026-03-30,1487016214233116403,11,0
mexico-city,2,2025-12-29,2026-03-30,1491015720842165542,22,9
mexico-city,2,2025-12-29,2026-03-30,1500370578091142325,3,0
mexico-city,2,2025-12-29,2026-03-30,1502527728271739934,1,0
mexico-city,2,2025-12-29,2026-03-30,1503721897620542746,8,2
mexico-city,2,2025-12-29,2026-03-30,1506158550747934309,21,4
mexico-city,2,2025-12-29,2026-03-30,1508224514468707966,10,2
mexico-city,2,2025-12-29,2026-03-30,1508340392335486175,11,0
mexico-city,2,2025-12-29,2026-03-30,1511676589136821250,7,0
mexico-city,3,2026-03-30,2026-06-15,287940,12,3
mexico-city,3,2026-03-30,2026-06-15,728372,63,8
mexico-city,3,2026-03-30,2026-06-15,5738254,5,0
mexico-city,3,2026-03-30,2026-06-15,6657150,11,0
mexico-city,3,2026-03-30,2026-06-15,7544493,5,0
mexico-city,3,2026-03-30,2026-06-15,9093531,26,15
mexico-city,3,2026-03-30,2026-06-15,10257549,13,1
mexico-city,3,2026-03-30,2026-06-15,10404253,4,0
mexico-city,3,2026-03-30,2026-06-15,10884709,47,8
mexico-city,3,2026-03-30,2026-06-15,11546411,13,0
mexico-city,3,2026-03-30,2026-06-15,11572034,31,0
mexico-city,3,2026-03-30,2026-06-15,11790186,17,4
mexico-city,3,2026-03-30,2026-06-15,11826745,51,9
mexico-city,3,2026-03-30,2026-06-15,12152011,8,0
mexico-city,3,2026-03-30,2026-06-15,12223480,11,0
mexico-city,3,2026-03-30,2026-06-15,12712047,9,0
mexico-city,3,2026-03-30,2026-06-15,13317884,11,0
mexico-city,3,2026-03-30,2026-06-15,13391519,7,2
mexico-city,3,2026-03-30,2026-06-15,13658546,3,0
mexico-city,3,2026-03-30,2026-06-15,13728290,24,0
mexico-city,3,2026-03-30,2026-06-15,13812210,24,6
mexico-city,3,2026-03-30,2026-06-15,13952338,16,0
mexico-city,3,2026-03-30,2026-06-15,14362672,22,4
mexico-city,3,2026-03-30,2026-06-15,15172326,4,0
mexico-city,3,2026-03-30,2026-06-15,15361532,17,0
mexico-city,3,2026-03-30,2026-06-15,15434803,4,0
mexico-city,3,2026-03-30,2026-06-15,15553735,17,0
mexico-city,3,2026-03-30,2026-06-15,15554178,17,0
mexico-city,3,2026-03-30,2026-06-15,16019290,3,0
mexico-city,3,2026-03-30,2026-06-15,16340339,18,2
mexico-city,3,2026-03-30,2026-06-15,16622843,16,0
mexico-city,3,2026-03-30,2026-06-15,16754530,2,2
mexico-city,3,2026-03-30,2026-06-15,17155875,11,0
mexico-city,3,2026-03-30,2026-06-15,17225322,23,0
mexico-city,3,2026-03-30,2026-06-15,17324127,4,0
mexico-city,3,2026-03-30,2026-06-15,17443995,26,0
mexico-city,3,2026-03-30,2026-06-15,17572873,22,5
mexico-city,3,2026-03-30,2026-06-15,17633843,8,4
mexico-city,3,2026-03-30,2026-06-15,17878320,15,0
mexico-city,3,2026-03-30,2026-06-15,17902530,5,0
mexico-city,3,2026-03-30,2026-06-15,18025865,4,0
mexico-city,3,2026-03-30,2026-06-15,18237993,8,5
mexico-city,3,2026-03-30,2026-06-15,18313708,7,0
mexico-city,3,2026-03-30,2026-06-15,18314796,4,0
mexico-city,3,2026-03-30,2026-06-15,18360341,31,0
mexico-city,3,2026-03-30,2026-06-15,19038180,26,5
mexico-city,3,2026-03-30,2026-06-15,19144158,5,0
mexico-city,3,2026-03-30,2026-06-15,19385145,13,0
mexico-city,3,2026-03-30,2026-06-15,19475345,13,0
mexico-city,3,2026-03-30,2026-06-15,19873111,8,0
mexico-city,3,2026-03-30,2026-06-15,19947512,7,0
mexico-city,3,2026-03-30,2026-06-15,20390849,44,2
mexico-city,3,2026-03-30,2026-06-15,20654177,17,0
mexico-city,3,2026-03-30,2026-06-15,20862378,1,0
mexico-city,3,2026-03-30,2026-06-15,20908035,28,0
mexico-city,3,2026-03-30,2026-06-15,21082292,12,5
mexico-city,3,2026-03-30,2026-06-15,21112105,7,0
mexico-city,3,2026-03-30,2026-06-15,21311657,17,0
mexico-city,3,2026-03-30,2026-06-15,21383477,7,3
mexico-city,3,2026-03-30,2026-06-15,21513004,24,2
mexico-city,3,2026-03-30,2026-06-15,21514335,27,3
mexico-city,3,2026-03-30,2026-06-15,21527653,2,0
mexico-city,3,2026-03-30,2026-06-15,21531006,8,0
mexico-city,3,2026-03-30,2026-06-15,21728682,13,0
mexico-city,3,2026-03-30,2026-06-15,21728742,9,0
mexico-city,3,2026-03-30,2026-06-15,21765818,34,0
mexico-city,3,2026-03-30,2026-06-15,21977730,4,0
mexico-city,3,2026-03-30,2026-06-15,22159588,15,3
mexico-city,3,2026-03-30,2026-06-15,22192283,18,3
mexico-city,3,2026-03-30,2026-06-15,22346356,22,4
mexico-city,3,2026-03-30,2026-06-15,22503312,1,0
mexico-city,3,2026-03-30,2026-06-15,22700005,4,0
mexico-city,3,2026-03-30,2026-06-15,22908545,14,0
mexico-city,3,2026-03-30,2026-06-15,23085822,52,4
mexico-city,3,2026-03-30,2026-06-15,23292366,2,0
mexico-city,3,2026-03-30,2026-06-15,23356590,3,0
mexico-city,3,2026-03-30,2026-06-15,23453920,25,0
mexico-city,3,2026-03-30,2026-06-15,23463390,100,8
mexico-city,3,2026-03-30,2026-06-15,23559493,20,0
mexico-city,3,2026-03-30,2026-06-15,23636928,6,0
mexico-city,3,2026-03-30,2026-06-15,23649272,5,0
mexico-city,3,2026-03-30,2026-06-15,23649534,5,1
mexico-city,3,2026-03-30,2026-06-15,23807303,24,13
mexico-city,3,2026-03-30,2026-06-15,23842322,19,0
mexico-city,3,2026-03-30,2026-06-15,24121424,8,0
mexico-city,3,2026-03-30,2026-06-15,24225479,2,1
mexico-city,3,2026-03-30,2026-06-15,25198140,7,0
mexico-city,3,2026-03-30,2026-06-15,26103209,23,3
mexico-city,3,2026-03-30,2026-06-15,26449125,6,0
mexico-city,3,2026-03-30,2026-06-15,26474493,6,5
mexico-city,3,2026-03-30,2026-06-15,26950887,7,3
mexico-city,3,2026-03-30,2026-06-15,27809590,6,0
mexico-city,3,2026-03-30,2026-06-15,28732808,2,0
mexico-city,3,2026-03-30,2026-06-15,28765693,14,0
mexico-city,3,2026-03-30,2026-06-15,28967865,9,0
mexico-city,3,2026-03-30,2026-06-15,29395851,6,1
mexico-city,3,2026-03-30,2026-06-15,29899716,31,0
mexico-city,3,2026-03-30,2026-06-15,30535165,7,0
mexico-city,3,2026-03-30,2026-06-15,30537467,2,0
mexico-city,3,2026-03-30,2026-06-15,30744835,21,4
mexico-city,3,2026-03-30,2026-06-15,31189720,6,0
mexico-city,3,2026-03-30,2026-06-15,31315726,14,14
mexico-city,3,2026-03-30,2026-06-15,31627198,18,2
mexico-city,3,2026-03-30,2026-06-15,31898385,36,6
mexico-city,3,2026-03-30,2026-06-15,32220831,3,0
mexico-city,3,2026-03-30,2026-06-15,32442544,18,0
mexico-city,3,2026-03-30,2026-06-15,32524460,6,1
mexico-city,3,2026-03-30,2026-06-15,32894594,49,4
mexico-city,3,2026-03-30,2026-06-15,32919197,6,5
mexico-city,3,2026-03-30,2026-06-15,33037873,13,1
mexico-city,3,2026-03-30,2026-06-15,33073306,32,9
mexico-city,3,2026-03-30,2026-06-15,33105638,4,0
mexico-city,3,2026-03-30,2026-06-15,33516336,11,3
mexico-city,3,2026-03-30,2026-06-15,33551782,9,3
mexico-city,3,2026-03-30,2026-06-15,33716213,29,0
mexico-city,3,2026-03-30,2026-06-15,33716386,8,0
mexico-city,3,2026-03-30,2026-06-15,33881469,20,5
mexico-city,3,2026-03-30,2026-06-15,33973545,4,0
mexico-city,3,2026-03-30,2026-06-15,34123530,28,4
mexico-city,3,2026-03-30,2026-06-15,34198075,15,0
mexico-city,3,2026-03-30,2026-06-15,35256381,13,2
mexico-city,3,2026-03-30,2026-06-15,35769472,7,0
mexico-city,3,2026-03-30,2026-06-15,36072484,9,0
mexico-city,3,2026-03-30,2026-06-15,36363769,1,0
mexico-city,3,2026-03-30,2026-06-15,36592713,4,0
mexico-city,3,2026-03-30,2026-06-15,36831240,13,0
mexico-city,3,2026-03-30,2026-06-15,37090494,53,11
mexico-city,3,2026-03-30,2026-06-15,37095453,30,0
mexico-city,3,2026-03-30,2026-06-15,37540252,4,4
mexico-city,3,2026-03-30,2026-06-15,37556163,16,8
mexico-city,3,2026-03-30,2026-06-15,37564035,23,0
mexico-city,3,2026-03-30,2026-06-15,37707132,25,0
mexico-city,3,2026-03-30,2026-06-15,38190989,7,0
mexico-city,3,2026-03-30,2026-06-15,38238693,16,0
mexico-city,3,2026-03-30,2026-06-15,38485920,13,2
mexico-city,3,2026-03-30,2026-06-15,38617604,4,0
mexico-city,3,2026-03-30,2026-06-15,38642146,13,0
mexico-city,3,2026-03-30,2026-06-15,38873624,7,1
mexico-city,3,2026-03-30,2026-06-15,39383127,3,0
mexico-city,3,2026-03-30,2026-06-15,39399217,18,7
mexico-city,3,2026-03-30,2026-06-15,39822436,3,1
mexico-city,3,2026-03-30,2026-06-15,39952255,25,6
mexico-city,3,2026-03-30,2026-06-15,40229764,33,0
mexico-city,3,2026-03-30,2026-06-15,40348052,2,0
mexico-city,3,2026-03-30,2026-06-15,40491650,1,0
mexico-city,3,2026-03-30,2026-06-15,40724349,64,17
mexico-city,3,2026-03-30,2026-06-15,41294785,7,0
mexico-city,3,2026-03-30,2026-06-15,41429079,13,6
mexico-city,3,2026-03-30,2026-06-15,41478322,12,1
mexico-city,3,2026-03-30,2026-06-15,42136595,10,0
mexico-city,3,2026-03-30,2026-06-15,42203693,17,0
mexico-city,3,2026-03-30,2026-06-15,42618382,40,3
mexico-city,3,2026-03-30,2026-06-15,42745369,7,1
mexico-city,3,2026-03-30,2026-06-15,42817158,2,0
mexico-city,3,2026-03-30,2026-06-15,42936860,11,0
mexico-city,3,2026-03-30,2026-06-15,43180589,2,0
mexico-city,3,2026-03-30,2026-06-15,43442676,5,0
mexico-city,3,2026-03-30,2026-06-15,43947179,18,0
mexico-city,3,2026-03-30,2026-06-15,44064588,6,0
mexico-city,3,2026-03-30,2026-06-15,44207522,17,0
mexico-city,3,2026-03-30,2026-06-15,44464920,12,0
mexico-city,3,2026-03-30,2026-06-15,44522997,7,0
mexico-city,3,2026-03-30,2026-06-15,45112029,12,0
mexico-city,3,2026-03-30,2026-06-15,45225995,18,6
mexico-city,3,2026-03-30,2026-06-15,45298891,26,2
mexico-city,3,2026-03-30,2026-06-15,45485116,22,10
mexico-city,3,2026-03-30,2026-06-15,45491796,39,0
mexico-city,3,2026-03-30,2026-06-15,45735725,4,0
mexico-city,3,2026-03-30,2026-06-15,45940324,6,0
mexico-city,3,2026-03-30,2026-06-15,46055198,5,0
mexico-city,3,2026-03-30,2026-06-15,46056031,2,2
mexico-city,3,2026-03-30,2026-06-15,46056354,7,0
mexico-city,3,2026-03-30,2026-06-15,46068574,65,7
mexico-city,3,2026-03-30,2026-06-15,46282758,6,1
mexico-city,3,2026-03-30,2026-06-15,46299585,2,0
mexico-city,3,2026-03-30,2026-06-15,46334652,2,0
mexico-city,3,2026-03-30,2026-06-15,46598777,27,0
mexico-city,3,2026-03-30,2026-06-15,46691090,19,7
mexico-city,3,2026-03-30,2026-06-15,46717456,6,0
mexico-city,3,2026-03-30,2026-06-15,46727704,46,0
mexico-city,3,2026-03-30,2026-06-15,46794739,2,0
mexico-city,3,2026-03-30,2026-06-15,46818713,31,25
mexico-city,3,2026-03-30,2026-06-15,47532091,10,4
mexico-city,3,2026-03-30,2026-06-15,47701438,5,0
mexico-city,3,2026-03-30,2026-06-15,47967558,10,0
mexico-city,3,2026-03-30,2026-06-15,48069893,10,0
mexico-city,3,2026-03-30,2026-06-15,48195263,2,0
mexico-city,3,2026-03-30,2026-06-15,48302002,11,0
mexico-city,3,2026-03-30,2026-06-15,48563023,9,6
mexico-city,3,2026-03-30,2026-06-15,48792074,9,0
mexico-city,3,2026-03-30,2026-06-15,48845499,35,0
mexico-city,3,2026-03-30,2026-06-15,49142012,30,0
mexico-city,3,2026-03-30,2026-06-15,49288695,42,1
mexico-city,3,2026-03-30,2026-06-15,49345226,40,0
mexico-city,3,2026-03-30,2026-06-15,49519196,9,0
mexico-city,3,2026-03-30,2026-06-15,49731067,5,0
mexico-city,3,2026-03-30,2026-06-15,50044148,20,0
mexico-city,3,2026-03-30,2026-06-15,50067975,9,0
mexico-city,3,2026-03-30,2026-06-15,50112326,16,0
mexico-city,3,2026-03-30,2026-06-15,50142166,15,0
mexico-city,3,2026-03-30,2026-06-15,50151095,16,0
mexico-city,3,2026-03-30,2026-06-15,50342131,43,1
mexico-city,3,2026-03-30,2026-06-15,50400718,15,0
mexico-city,3,2026-03-30,2026-06-15,50416016,1,0
mexico-city,3,2026-03-30,2026-06-15,50546235,6,2
mexico-city,3,2026-03-30,2026-06-15,50573979,10,0
mexico-city,3,2026-03-30,2026-06-15,50637732,2,0
mexico-city,3,2026-03-30,2026-06-15,50913477,8,0
mexico-city,3,2026-03-30,2026-06-15,50919079,8,0
mexico-city,3,2026-03-30,2026-06-15,51129102,2,0
mexico-city,3,2026-03-30,2026-06-15,51218202,5,1
mexico-city,3,2026-03-30,2026-06-15,51450971,52,2
mexico-city,3,2026-03-30,2026-06-15,51640848,25,0
mexico-city,3,2026-03-30,2026-06-15,51641576,21,1
mexico-city,3,2026-03-30,2026-06-15,51784377,11,0
mexico-city,3,2026-03-30,2026-06-15,51820053,6,0
mexico-city,3,2026-03-30,2026-06-15,52132566,5,2
mexico-city,3,2026-03-30,2026-06-15,52185451,36,1
mexico-city,3,2026-03-30,2026-06-15,52669857,11,0
mexico-city,3,2026-03-30,2026-06-15,52676526,2,0
mexico-city,3,2026-03-30,2026-06-15,52862815,6,0
mexico-city,3,2026-03-30,2026-06-15,52865721,7,3
mexico-city,3,2026-03-30,2026-06-15,52948949,2,2
mexico-city,3,2026-03-30,2026-06-15,52964236,16,0
mexico-city,3,2026-03-30,2026-06-15,52990252,5,1
mexico-city,3,2026-03-30,2026-06-15,53091694,4,0
mexico-city,3,2026-03-30,2026-06-15,53230461,2,2
mexico-city,3,2026-03-30,2026-06-15,53293578,17,0
mexico-city,3,2026-03-30,2026-06-15,53311209,14,0
mexico-city,3,2026-03-30,2026-06-15,53404245,4,0
mexico-city,3,2026-03-30,2026-06-15,53495688,40,0
mexico-city,3,2026-03-30,2026-06-15,53570151,1,0
mexico-city,3,2026-03-30,2026-06-15,53632693,73,7
mexico-city,3,2026-03-30,2026-06-15,53642576,36,4
mexico-city,3,2026-03-30,2026-06-15,53664143,8,0
mexico-city,3,2026-03-30,2026-06-15,53665585,44,0
mexico-city,3,2026-03-30,2026-06-15,53795925,7,0
mexico-city,3,2026-03-30,2026-06-15,53829242,8,0
mexico-city,3,2026-03-30,2026-06-15,53843555,6,0
mexico-city,3,2026-03-30,2026-06-15,53949279,2,0
mexico-city,3,2026-03-30,2026-06-15,53952357,1,0
mexico-city,3,2026-03-30,2026-06-15,54295759,3,0
mexico-city,3,2026-03-30,2026-06-15,54354809,1,0
mexico-city,3,2026-03-30,2026-06-15,515927973075176969,11,0
mexico-city,3,2026-03-30,2026-06-15,555180119451324170,24,4
mexico-city,3,2026-03-30,2026-06-15,577048103373140729,5,1
mexico-city,3,2026-03-30,2026-06-15,578160415606794634,5,0
mexico-city,3,2026-03-30,2026-06-15,579970081878632673,10,1
mexico-city,3,2026-03-30,2026-06-15,583321513569316109,16,3
mexico-city,3,2026-03-30,2026-06-15,587686958879189729,12,3
mexico-city,3,2026-03-30,2026-06-15,594101850083291889,4,1
mexico-city,3,2026-03-30,2026-06-15,598483691201868631,14,9
mexico-city,3,2026-03-30,2026-06-15,600194877009397891,5,0
mexico-city,3,2026-03-30,2026-06-15,603678418045160422,78,12
mexico-city,3,2026-03-30,2026-06-15,614059510436340627,2,0
mexico-city,3,2026-03-30,2026-06-15,623897759935175861,37,2
mexico-city,3,2026-03-30,2026-06-15,623967217368518311,9,2
mexico-city,3,2026-03-30,2026-06-15,624536276766115586,18,2
mexico-city,3,2026-03-30,2026-06-15,627036691647455692,40,1
mexico-city,3,2026-03-30,2026-06-15,634894010679606075,5,0
mexico-city,3,2026-03-30,2026-06-15,639921504912725226,24,0
mexico-city,3,2026-03-30,2026-06-15,645671840112294133,19,0
mexico-city,3,2026-03-30,2026-06-15,649462397535974744,5,0
mexico-city,3,2026-03-30,2026-06-15,655936383978238771,7,0
mexico-city,3,2026-03-30,2026-06-15,656486757343242827,39,6
mexico-city,3,2026-03-30,2026-06-15,657142341091267516,22,0
mexico-city,3,2026-03-30,2026-06-15,668717503857355834,16,0
mexico-city,3,2026-03-30,2026-06-15,673134020795724672,19,0
mexico-city,3,2026-03-30,2026-06-15,674671336871209253,12,0
mexico-city,3,2026-03-30,2026-06-15,679955292054614267,4,0
mexico-city,3,2026-03-30,2026-06-15,680094876479401946,7,0
mexico-city,3,2026-03-30,2026-06-15,680659099049252456,8,1
mexico-city,3,2026-03-30,2026-06-15,681273879535606133,14,0
mexico-city,3,2026-03-30,2026-06-15,684886563342888880,14,0
mexico-city,3,2026-03-30,2026-06-15,687144022646307024,17,7
mexico-city,3,2026-03-30,2026-06-15,689004284399530393,10,0
mexico-city,3,2026-03-30,2026-06-15,691277853291804930,3,0
mexico-city,3,2026-03-30,2026-06-15,691730251197611185,1,0
mexico-city,3,2026-03-30,2026-06-15,693466163030170413,6,0
mexico-city,3,2026-03-30,2026-06-15,693847790205385402,13,0
mexico-city,3,2026-03-30,2026-06-15,695693213615485522,39,2
mexico-city,3,2026-03-30,2026-06-15,699522998794104923,21,6
mexico-city,3,2026-03-30,2026-06-15,704180494258082931,15,0
mexico-city,3,2026-03-30,2026-06-15,704291373053286436,2,0
mexico-city,3,2026-03-30,2026-06-15,708124276122887105,12,0
mexico-city,3,2026-03-30,2026-06-15,708210442700508134,13,0
mexico-city,3,2026-03-30,2026-06-15,717531170922048476,24,0
mexico-city,3,2026-03-30,2026-06-15,718335702606934003,2,0
mexico-city,3,2026-03-30,2026-06-15,719761630825339749,10,0
mexico-city,3,2026-03-30,2026-06-15,722480993016117860,17,0
mexico-city,3,2026-03-30,2026-06-15,722484384536107924,1,0
mexico-city,3,2026-03-30,2026-06-15,729665419150528622,19,0
mexico-city,3,2026-03-30,2026-06-15,734203188482933686,51,13
mexico-city,3,2026-03-30,2026-06-15,739868806270755060,24,5
mexico-city,3,2026-03-30,2026-06-15,745525250364215201,1,0
mexico-city,3,2026-03-30,2026-06-15,751852406172294945,5,0
mexico-city,3,2026-03-30,2026-06-15,754776957696011352,13,0
mexico-city,3,2026-03-30,2026-06-15,756428698433648858,55,10
mexico-city,3,2026-03-30,2026-06-15,757986049491817640,20,0
mexico-city,3,2026-03-30,2026-06-15,758766463313304614,32,3
mexico-city,3,2026-03-30,2026-06-15,758833761780564518,41,0
mexico-city,3,2026-03-30,2026-06-15,760066658796863406,27,5
mexico-city,3,2026-03-30,2026-06-15,763303349469947957,7,0
mexico-city,3,2026-03-30,2026-06-15,766068872704118130,25,3
mexico-city,3,2026-03-30,2026-06-15,766565617983038853,27,0
mexico-city,3,2026-03-30,2026-06-15,768142919066780211,17,0
mexico-city,3,2026-03-30,2026-06-15,772639774768616880,8,0
mexico-city,3,2026-03-30,2026-06-15,773346034268435984,1,0
mexico-city,3,2026-03-30,2026-06-15,780534446456257950,19,14
mexico-city,3,2026-03-30,2026-06-15,780619522718665320,36,9
mexico-city,3,2026-03-30,2026-06-15,786399338119374130,2,0
mexico-city,3,2026-03-30,2026-06-15,790565173048865781,25,4
mexico-city,3,2026-03-30,2026-06-15,796641581171958060,3,0
mexico-city,3,2026-03-30,2026-06-15,798408930154123534,3,0
mexico-city,3,2026-03-30,2026-06-15,803199335180295012,32,0
mexico-city,3,2026-03-30,2026-06-15,805277838265286762,3,0
mexico-city,3,2026-03-30,2026-06-15,813850100230220802,4,1
mexico-city,3,2026-03-30,2026-06-15,816930959925266697,3,0
mexico-city,3,2026-03-30,2026-06-15,821906400087617264,6,0
mexico-city,3,2026-03-30,2026-06-15,823177705087737021,6,0
mexico-city,3,2026-03-30,2026-06-15,828256051141858727,8,0
mexico-city,3,2026-03-30,2026-06-15,828264272349225724,25,1
mexico-city,3,2026-03-30,2026-06-15,833186396352143887,11,0
mexico-city,3,2026-03-30,2026-06-15,838317161114938687,2,0
mexico-city,3,2026-03-30,2026-06-15,841273813150943812,20,0
mexico-city,3,2026-03-30,2026-06-15,842013161435394238,4,0
mexico-city,3,2026-03-30,2026-06-15,844388355622975205,9,0
mexico-city,3,2026-03-30,2026-06-15,849310790991650241,13,0
mexico-city,3,2026-03-30,2026-06-15,850271154906261413,23,0
mexico-city,3,2026-03-30,2026-06-15,851571290681560131,3,0
mexico-city,3,2026-03-30,2026-06-15,851572661449134265,22,10
mexico-city,3,2026-03-30,2026-06-15,858878397277212406,8,8
mexico-city,3,2026-03-30,2026-06-15,860147126555897881,18,2
mexico-city,3,2026-03-30,2026-06-15,861821981814971940,12,3
mexico-city,3,2026-03-30,2026-06-15,863180984181188292,4,0
mexico-city,3,2026-03-30,2026-06-15,868097290115908253,9,0
mexico-city,3,2026-03-30,2026-06-15,869012972423695142,28,0
mexico-city,3,2026-03-30,2026-06-15,869114130716956267,11,3
mexico-city,3,2026-03-30,2026-06-15,869251048199639861,19,3
mexico-city,3,2026-03-30,2026-06-15,869524146812816995,2,0
mexico-city,3,2026-03-30,2026-06-15,869627159695932058,37,7
mexico-city,3,2026-03-30,2026-06-15,870969125871101749,118,8
mexico-city,3,2026-03-30,2026-06-15,871836217823420175,24,0
mexico-city,3,2026-03-30,2026-06-15,877638366368428752,16,7
mexico-city,3,2026-03-30,2026-06-15,881244230165732168,22,0
mexico-city,3,2026-03-30,2026-06-15,882139493614522299,47,3
mexico-city,3,2026-03-30,2026-06-15,884076326728580894,28,0
mexico-city,3,2026-03-30,2026-06-15,887753562448451285,1,0
mexico-city,3,2026-03-30,2026-06-15,887809745311260033,1,0
mexico-city,3,2026-03-30,2026-06-15,888509714210275418,2,0
mexico-city,3,2026-03-30,2026-06-15,890609763019922856,17,4
mexico-city,3,2026-03-30,2026-06-15,890972893606080158,7,3
mexico-city,3,2026-03-30,2026-06-15,891393869192763127,4,0
mexico-city,3,2026-03-30,2026-06-15,895111068274892064,31,0
mexico-city,3,2026-03-30,2026-06-15,895233619751182010,2,0
mexico-city,3,2026-03-30,2026-06-15,897425713593945635,14,0
mexico-city,3,2026-03-30,2026-06-15,898099817927010082,15,0
mexico-city,3,2026-03-30,2026-06-15,903587501768520541,2,0
mexico-city,3,2026-03-30,2026-06-15,907188295889699633,4,0
mexico-city,3,2026-03-30,2026-06-15,912409343733491779,9,1
mexico-city,3,2026-03-30,2026-06-15,918781199587108798,8,0
mexico-city,3,2026-03-30,2026-06-15,919780730823507230,7,0
mexico-city,3,2026-03-30,2026-06-15,923988124566655570,16,0
mexico-city,3,2026-03-30,2026-06-15,925285499662350128,12,12
mexico-city,3,2026-03-30,2026-06-15,927565571264816879,9,0
mexico-city,3,2026-03-30,2026-06-15,928221765842455602,6,3
mexico-city,3,2026-03-30,2026-06-15,928439519955570720,28,1
mexico-city,3,2026-03-30,2026-06-15,929895072880882363,9,0
mexico-city,3,2026-03-30,2026-06-15,931378559821851085,25,0
mexico-city,3,2026-03-30,2026-06-15,932590282532979704,7,2
mexico-city,3,2026-03-30,2026-06-15,934748993551413527,4,4
mexico-city,3,2026-03-30,2026-06-15,937863530687106883,9,1
mexico-city,3,2026-03-30,2026-06-15,938636026251098200,6,0
mexico-city,3,2026-03-30,2026-06-15,939247836105652729,2,0
mexico-city,3,2026-03-30,2026-06-15,939307655476343069,20,0
mexico-city,3,2026-03-30,2026-06-15,943016048397024676,25,0
mexico-city,3,2026-03-30,2026-06-15,945661231777635144,17,11
mexico-city,3,2026-03-30,2026-06-15,949329625353076613,7,2
mexico-city,3,2026-03-30,2026-06-15,950960608979435877,4,4
mexico-city,3,2026-03-30,2026-06-15,953632136595926962,3,0
mexico-city,3,2026-03-30,2026-06-15,955855418078319464,21,2
mexico-city,3,2026-03-30,2026-06-15,958059412400128364,22,0
mexico-city,3,2026-03-30,2026-06-15,958966749668311108,19,0
mexico-city,3,2026-03-30,2026-06-15,959434918249272961,43,1
mexico-city,3,2026-03-30,2026-06-15,968094976868231750,37,6
mexico-city,3,2026-03-30,2026-06-15,968254142618478543,49,0
mexico-city,3,2026-03-30,2026-06-15,968811835360280002,9,0
mexico-city,3,2026-03-30,2026-06-15,969295127417551603,9,0
mexico-city,3,2026-03-30,2026-06-15,970915616510060491,27,0
mexico-city,3,2026-03-30,2026-06-15,970980712779479990,2,2
mexico-city,3,2026-03-30,2026-06-15,970983652189213917,9,0
mexico-city,3,2026-03-30,2026-06-15,974669556946373390,8,0
mexico-city,3,2026-03-30,2026-06-15,975709481894052982,10,0
mexico-city,3,2026-03-30,2026-06-15,979019107907284680,10,0
mexico-city,3,2026-03-30,2026-06-15,982686722638522687,10,3
mexico-city,3,2026-03-30,2026-06-15,985789824383675595,17,0
mexico-city,3,2026-03-30,2026-06-15,992306785999145659,2,0
mexico-city,3,2026-03-30,2026-06-15,994983306500463758,33,0
mexico-city,3,2026-03-30,2026-06-15,995167819544608289,9,0
mexico-city,3,2026-03-30,2026-06-15,996520714696916282,3,0
mexico-city,3,2026-03-30,2026-06-15,1000110805434249533,18,1
mexico-city,3,2026-03-30,2026-06-15,1003749961340353834,1,0
mexico-city,3,2026-03-30,2026-06-15,1004548006766131656,90,4
mexico-city,3,2026-03-30,2026-06-15,1004703643681133874,19,5
mexico-city,3,2026-03-30,2026-06-15,1005135240073326662,9,0
mexico-city,3,2026-03-30,2026-06-15,1005808379637263209,15,0
mexico-city,3,2026-03-30,2026-06-15,1006591212604637049,4,0
mexico-city,3,2026-03-30,2026-06-15,1006608553672668103,4,0
mexico-city,3,2026-03-30,2026-06-15,1008056896739799418,31,12
mexico-city,3,2026-03-30,2026-06-15,1010887502120691447,11,0
mexico-city,3,2026-03-30,2026-06-15,1011810881157874753,26,2
mexico-city,3,2026-03-30,2026-06-15,1013215351296604206,2,0
mexico-city,3,2026-03-30,2026-06-15,1013705526462613921,2,2
mexico-city,3,2026-03-30,2026-06-15,1013708926782156432,6,2
mexico-city,3,2026-03-30,2026-06-15,1013724052547294559,4,0
mexico-city,3,2026-03-30,2026-06-15,1013896195086705715,7,0
mexico-city,3,2026-03-30,2026-06-15,1015436684917612878,26,0
mexico-city,3,2026-03-30,2026-06-15,1021004929001839439,11,11
mexico-city,3,2026-03-30,2026-06-15,1021272352216604688,4,4
mexico-city,3,2026-03-30,2026-06-15,1025368816079669041,26,2
mexico-city,3,2026-03-30,2026-06-15,1036144352124680939,3,0
mexico-city,3,2026-03-30,2026-06-15,1039303093873639608,66,1
mexico-city,3,2026-03-30,2026-06-15,1047188332154301023,4,0
mexico-city,3,2026-03-30,2026-06-15,1049321571056623499,3,0
mexico-city,3,2026-03-30,2026-06-15,1050034171628824375,2,0
mexico-city,3,2026-03-30,2026-06-15,1056723078314575295,69,13
mexico-city,3,2026-03-30,2026-06-15,1060235246905343733,6,0
mexico-city,3,2026-03-30,2026-06-15,1061930847636294248,5,0
mexico-city,3,2026-03-30,2026-06-15,1065302767159387936,8,0
mexico-city,3,2026-03-30,2026-06-15,1065543276615932015,15,0
mexico-city,3,2026-03-30,2026-06-15,1067371675305607657,3,0
mexico-city,3,2026-03-30,2026-06-15,1069011574590087281,15,0
mexico-city,3,2026-03-30,2026-06-15,1071313457629313416,10,0
mexico-city,3,2026-03-30,2026-06-15,1074114422919256452,22,3
mexico-city,3,2026-03-30,2026-06-15,1074901747609791523,12,0
mexico-city,3,2026-03-30,2026-06-15,1074908384571247289,36,0
mexico-city,3,2026-03-30,2026-06-15,1077145087443101361,1,0
mexico-city,3,2026-03-30,2026-06-15,1081127985453093737,34,7
mexico-city,3,2026-03-30,2026-06-15,1081880885267067131,4,4
mexico-city,3,2026-03-30,2026-06-15,1082902101213506129,5,0
mexico-city,3,2026-03-30,2026-06-15,1084186517490797426,21,1
mexico-city,3,2026-03-30,2026-06-15,1084963654275138002,4,0
mexico-city,3,2026-03-30,2026-06-15,1095900448563171248,1,0
mexico-city,3,2026-03-30,2026-06-15,1095948478035255449,10,0
mexico-city,3,2026-03-30,2026-06-15,1096470668467095046,23,0
mexico-city,3,2026-03-30,2026-06-15,1100065015297582258,3,0
mexico-city,3,2026-03-30,2026-06-15,1105090367610179840,40,2
mexico-city,3,2026-03-30,2026-06-15,1107204114975586539,18,0
mexico-city,3,2026-03-30,2026-06-15,1108820727815025970,19,3
mexico-city,3,2026-03-30,2026-06-15,1109039435692414910,10,0
mexico-city,3,2026-03-30,2026-06-15,1111818825116135740,3,1
mexico-city,3,2026-03-30,2026-06-15,1111913677015248068,3,0
mexico-city,3,2026-03-30,2026-06-15,1111928438150682291,1,1
mexico-city,3,2026-03-30,2026-06-15,1111969165434941965,2,1
mexico-city,3,2026-03-30,2026-06-15,1113236744448592645,3,0
mexico-city,3,2026-03-30,2026-06-15,1115982098415777384,11,0
mexico-city,3,2026-03-30,2026-06-15,1118175965894565797,19,14
mexico-city,3,2026-03-30,2026-06-15,1118176220387018952,19,13
mexico-city,3,2026-03-30,2026-06-15,1119927196481104147,8,1
mexico-city,3,2026-03-30,2026-06-15,1128988832693006271,11,0
mexico-city,3,2026-03-30,2026-06-15,1134787524788245656,10,9
mexico-city,3,2026-03-30,2026-06-15,1136217301571000364,7,1
mexico-city,3,2026-03-30,2026-06-15,1136515407171315870,31,0
mexico-city,3,2026-03-30,2026-06-15,1138578495230021869,19,3
mexico-city,3,2026-03-30,2026-06-15,1139330318121717594,22,0
mexico-city,3,2026-03-30,2026-06-15,1140513005432267062,21,0
mexico-city,3,2026-03-30,2026-06-15,1150996870136950810,15,0
mexico-city,3,2026-03-30,2026-06-15,1151445378330806124,33,0
mexico-city,3,2026-03-30,2026-06-15,1151599111114279934,1,0
mexico-city,3,2026-03-30,2026-06-15,1152896347614533938,14,0
mexico-city,3,2026-03-30,2026-06-15,1153876032208061733,2,2
mexico-city,3,2026-03-30,2026-06-15,1155055105240156017,5,0
mexico-city,3,2026-03-30,2026-06-15,1157295678145929289,18,2
mexico-city,3,2026-03-30,2026-06-15,1166808403564499807,44,2
mexico-city,3,2026-03-30,2026-06-15,1173112308103556552,20,6
mexico-city,3,2026-03-30,2026-06-15,1173519039251056081,7,0
mexico-city,3,2026-03-30,2026-06-15,1173948600010318322,26,2
mexico-city,3,2026-03-30,2026-06-15,1174161074290491767,8,0
mexico-city,3,2026-03-30,2026-06-15,1176268828912549213,3,0
mexico-city,3,2026-03-30,2026-06-15,1176433842231646098,10,1
mexico-city,3,2026-03-30,2026-06-15,1179335028845109123,2,0
mexico-city,3,2026-03-30,2026-06-15,1180489565194364943,10,0
mexico-city,3,2026-03-30,2026-06-15,1184739489904926303,22,0
mexico-city,3,2026-03-30,2026-06-15,1190884079214352534,10,0
mexico-city,3,2026-03-30,2026-06-15,1192738479595642114,41,14
mexico-city,3,2026-03-30,2026-06-15,1193727132677970399,3,1
mexico-city,3,2026-03-30,2026-06-15,1196008981679081054,26,1
mexico-city,3,2026-03-30,2026-06-15,1196621348482462687,2,0
mexico-city,3,2026-03-30,2026-06-15,1198280519172347768,9,5
mexico-city,3,2026-03-30,2026-06-15,1198379468766138768,11,7
mexico-city,3,2026-03-30,2026-06-15,1198503632429004272,37,0
mexico-city,3,2026-03-30,2026-06-15,1200788927306913123,22,0
mexico-city,3,2026-03-30,2026-06-15,1207113117880755082,12,0
mexico-city,3,2026-03-30,2026-06-15,1210235092362667031,4,0
mexico-city,3,2026-03-30,2026-06-15,1210414034959605046,5,0
mexico-city,3,2026-03-30,2026-06-15,1213011165625495467,6,0
mexico-city,3,2026-03-30,2026-06-15,1213489237952749296,18,5
mexico-city,3,2026-03-30,2026-06-15,1219826877164717089,8,0
mexico-city,3,2026-03-30,2026-06-15,1224056493349160314,28,0
mexico-city,3,2026-03-30,2026-06-15,1227577617552581352,21,4
mexico-city,3,2026-03-30,2026-06-15,1233458877921301015,1,0
mexico-city,3,2026-03-30,2026-06-15,1237683857557920017,18,3
mexico-city,3,2026-03-30,2026-06-15,1239499877210192245,5,0
mexico-city,3,2026-03-30,2026-06-15,1242157350715293070,18,0
mexico-city,3,2026-03-30,2026-06-15,1244436735922015062,22,12
mexico-city,3,2026-03-30,2026-06-15,1245225567367184700,21,2
mexico-city,3,2026-03-30,2026-06-15,1245911065064702724,13,0
mexico-city,3,2026-03-30,2026-06-15,1252324055910599446,5,0
mexico-city,3,2026-03-30,2026-06-15,1256026592163994433,5,0
mexico-city,3,2026-03-30,2026-06-15,1256625500890036278,27,0
mexico-city,3,2026-03-30,2026-06-15,1260346322232524366,8,0
mexico-city,3,2026-03-30,2026-06-15,1269773833030039836,2,2
mexico-city,3,2026-03-30,2026-06-15,1272399798949884286,2,0
mexico-city,3,2026-03-30,2026-06-15,1273418489171689366,15,15
mexico-city,3,2026-03-30,2026-06-15,1276153669547948686,2,0
mexico-city,3,2026-03-30,2026-06-15,1279945783846192116,9,0
mexico-city,3,2026-03-30,2026-06-15,1280602693608435457,3,0
mexico-city,3,2026-03-30,2026-06-15,1282860274906293991,19,2
mexico-city,3,2026-03-30,2026-06-15,1282966754525683144,11,2
mexico-city,3,2026-03-30,2026-06-15,1284241387875866533,44,1
mexico-city,3,2026-03-30,2026-06-15,1284440999109111968,4,0
mexico-city,3,2026-03-30,2026-06-15,1285782980689376639,5,0
mexico-city,3,2026-03-30,2026-06-15,1289860571440010292,8,8
mexico-city,3,2026-03-30,2026-06-15,1292080297216871439,26,0
mexico-city,3,2026-03-30,2026-06-15,1297561127080370074,47,0
mexico-city,3,2026-03-30,2026-06-15,1298089886796119975,5,0
mexico-city,3,2026-03-30,2026-06-15,1299364524696181635,2,0
mexico-city,3,2026-03-30,2026-06-15,1299690677092334838,7,0
mexico-city,3,2026-03-30,2026-06-15,1304668110407667655,3,0
mexico-city,3,2026-03-30,2026-06-15,1305284898595962088,57,3
mexico-city,3,2026-03-30,2026-06-15,1306245522861884961,5,0
mexico-city,3,2026-03-30,2026-06-15,1306575515516592005,8,0
mexico-city,3,2026-03-30,2026-06-15,1307670695412780667,6,0
mexico-city,3,2026-03-30,2026-06-15,1308931698162211450,6,0
mexico-city,3,2026-03-30,2026-06-15,1309003088126476832,5,0
mexico-city,3,2026-03-30,2026-06-15,1309284468353844644,5,0
mexico-city,3,2026-03-30,2026-06-15,1310736846739757666,5,0
mexico-city,3,2026-03-30,2026-06-15,1313869640454813411,14,0
mexico-city,3,2026-03-30,2026-06-15,1314779563246588639,47,2
mexico-city,3,2026-03-30,2026-06-15,1318342980668316619,6,0
mexico-city,3,2026-03-30,2026-06-15,1321030824875638646,11,0
mexico-city,3,2026-03-30,2026-06-15,1324060136291526938,6,0
mexico-city,3,2026-03-30,2026-06-15,1328365342851343701,2,0
mexico-city,3,2026-03-30,2026-06-15,1329391851680842987,12,5
mexico-city,3,2026-03-30,2026-06-15,1330544759058511284,5,0
mexico-city,3,2026-03-30,2026-06-15,1330761217935103923,10,0
mexico-city,3,2026-03-30,2026-06-15,1330868165512849909,7,0
mexico-city,3,2026-03-30,2026-06-15,1334177942761267372,10,4
mexico-city,3,2026-03-30,2026-06-15,1337120027206139833,3,0
mexico-city,3,2026-03-30,2026-06-15,1344420593779919520,3,3
mexico-city,3,2026-03-30,2026-06-15,1345717922512918626,6,0
mexico-city,3,2026-03-30,2026-06-15,1348228754094620910,35,0
mexico-city,3,2026-03-30,2026-06-15,1348531196640517558,57,8
mexico-city,3,2026-03-30,2026-06-15,1351537162956371739,7,0
mexico-city,3,2026-03-30,2026-06-15,1351705092308905477,69,13
mexico-city,3,2026-03-30,2026-06-15,1353901432301385052,13,0
mexico-city,3,2026-03-30,2026-06-15,1356029562415094861,19,0
mexico-city,3,2026-03-30,2026-06-15,1360410892898720114,15,0
mexico-city,3,2026-03-30,2026-06-15,1360470827740656649,10,0
mexico-city,3,2026-03-30,2026-06-15,1362443145120514976,1,0
mexico-city,3,2026-03-30,2026-06-15,1366144372336678594,5,0
mexico-city,3,2026-03-30,2026-06-15,1368978695955943789,6,0
mexico-city,3,2026-03-30,2026-06-15,1369011801532208833,2,0
mexico-city,3,2026-03-30,2026-06-15,1369825684186884706,28,3
mexico-city,3,2026-03-30,2026-06-15,1370387311449178964,21,0
mexico-city,3,2026-03-30,2026-06-15,1374980509987772853,22,0
mexico-city,3,2026-03-30,2026-06-15,1376969480976075673,23,9
mexico-city,3,2026-03-30,2026-06-15,1377206287298069189,1,1
mexico-city,3,2026-03-30,2026-06-15,1378389421631111214,3,0
mexico-city,3,2026-03-30,2026-06-15,1379853698839314872,8,0
mexico-city,3,2026-03-30,2026-06-15,1384142931516533074,11,0
mexico-city,3,2026-03-30,2026-06-15,1385006481629481653,3,0
mexico-city,3,2026-03-30,2026-06-15,1385063154117937880,27,10
mexico-city,3,2026-03-30,2026-06-15,1385095942161630921,16,0
mexico-city,3,2026-03-30,2026-06-15,1385546664913544036,1,0
mexico-city,3,2026-03-30,2026-06-15,1385928276994794550,16,6
mexico-city,3,2026-03-30,2026-06-15,1387135827251508862,1,0
mexico-city,3,2026-03-30,2026-06-15,1389137873295461778,1,0
mexico-city,3,2026-03-30,2026-06-15,1389502305283200496,15,0
mexico-city,3,2026-03-30,2026-06-15,1389945373788282859,3,0
mexico-city,3,2026-03-30,2026-06-15,1390103225515995734,3,0
mexico-city,3,2026-03-30,2026-06-15,1392855793087013844,14,7
mexico-city,3,2026-03-30,2026-06-15,1394494873628241061,10,0
mexico-city,3,2026-03-30,2026-06-15,1395319996193276517,55,16
mexico-city,3,2026-03-30,2026-06-15,1396673482057076919,3,0
mexico-city,3,2026-03-30,2026-06-15,1396688204101810722,3,3
mexico-city,3,2026-03-30,2026-06-15,1396713025787479293,5,1
mexico-city,3,2026-03-30,2026-06-15,1404617427987335373,10,0
mexico-city,3,2026-03-30,2026-06-15,1405781220652858157,22,6
mexico-city,3,2026-03-30,2026-06-15,1407231325723955923,49,5
mexico-city,3,2026-03-30,2026-06-15,1413749828356773069,10,0
mexico-city,3,2026-03-30,2026-06-15,1415265771328918692,17,1
mexico-city,3,2026-03-30,2026-06-15,1417577925460221059,31,0
mexico-city,3,2026-03-30,2026-06-15,1417702522013183273,5,0
mexico-city,3,2026-03-30,2026-06-15,1418299669899035106,1,0
mexico-city,3,2026-03-30,2026-06-15,1419718257148540926,20,0
mexico-city,3,2026-03-30,2026-06-15,1422478475376562527,12,5
mexico-city,3,2026-03-30,2026-06-15,1424745453966821812,8,0
mexico-city,3,2026-03-30,2026-06-15,1427613587984084000,4,0
mexico-city,3,2026-03-30,2026-06-15,1430394996701986076,53,0
mexico-city,3,2026-03-30,2026-06-15,1432263191542074861,3,0
mexico-city,3,2026-03-30,2026-06-15,1432963285969977402,67,4
mexico-city,3,2026-03-30,2026-06-15,1433312367531314604,15,0
mexico-city,3,2026-03-30,2026-06-15,1438761444474188625,17,0
mexico-city,3,2026-03-30,2026-06-15,1445697274926422787,3,0
mexico-city,3,2026-03-30,2026-06-15,1448782051974459160,78,6
mexico-city,3,2026-03-30,2026-06-15,1451816512385216330,5,0
mexico-city,3,2026-03-30,2026-06-15,1452938315374970213,12,0
mexico-city,3,2026-03-30,2026-06-15,1452971469590743417,1,0
mexico-city,3,2026-03-30,2026-06-15,1453174230423476852,6,0
mexico-city,3,2026-03-30,2026-06-15,1453710551526486837,27,0
mexico-city,3,2026-03-30,2026-06-15,1455452275903223930,12,0
mexico-city,3,2026-03-30,2026-06-15,1455938020068669199,18,4
mexico-city,3,2026-03-30,2026-06-15,1456161400193492691,12,0
mexico-city,3,2026-03-30,2026-06-15,1456223263166055534,4,0
mexico-city,3,2026-03-30,2026-06-15,1456777720313737174,9,0
mexico-city,3,2026-03-30,2026-06-15,1457561075376244496,10,0
mexico-city,3,2026-03-30,2026-06-15,1458225604385118083,10,6
mexico-city,3,2026-03-30,2026-06-15,1460203259106281983,52,5
mexico-city,3,2026-03-30,2026-06-15,1464720045413248996,11,0
mexico-city,3,2026-03-30,2026-06-15,1465510299879230310,19,2
mexico-city,3,2026-03-30,2026-06-15,1465519129688805450,8,2
mexico-city,3,2026-03-30,2026-06-15,1467106796623131201,49,5
mexico-city,3,2026-03-30,2026-06-15,1470357792825634965,15,0
mexico-city,3,2026-03-30,2026-06-15,1472033837903068684,2,0
mexico-city,3,2026-03-30,2026-06-15,1474869207592297127,15,4
mexico-city,3,2026-03-30,2026-06-15,1477148123070293962,3,0
mexico-city,3,2026-03-30,2026-06-15,1478530945929072897,1,0
mexico-city,3,2026-03-30,2026-06-15,1478936823429005810,8,0
mexico-city,3,2026-03-30,2026-06-15,1479276509979933174,13,9
mexico-city,3,2026-03-30,2026-06-15,1479748154196956526,21,0
mexico-city,3,2026-03-30,2026-06-15,1482248785797137922,9,1
mexico-city,3,2026-03-30,2026-06-15,1483482220100849271,14,0
mexico-city,3,2026-03-30,2026-06-15,1487016214233116403,11,0
mexico-city,3,2026-03-30,2026-06-15,1491015720842165542,4,4
mexico-city,3,2026-03-30,2026-06-15,1492386097566215161,1,0
mexico-city,3,2026-03-30,2026-06-15,1495703124145844408,24,2
mexico-city,3,2026-03-30,2026-06-15,1496802465157898737,12,12
mexico-city,3,2026-03-30,2026-06-15,1497976807654480905,9,0
mexico-city,3,2026-03-30,2026-06-15,1500370578091142325,13,3
mexico-city,3,2026-03-30,2026-06-15,1502527728271739934,1,0
mexico-city,3,2026-03-30,2026-06-15,1502591829187102530,5,0
mexico-city,3,2026-03-30,2026-06-15,1503721897620542746,7,0
mexico-city,3,2026-03-30,2026-06-15,1505920219446746383,18,5
mexico-city,3,2026-03-30,2026-06-15,1506158550747934309,82,0
mexico-city,3,2026-03-30,2026-06-15,1508340392335486175,40,0
mexico-city,3,2026-03-30,2026-06-15,1511676589136821250,27,0
mexico-city,3,2026-03-30,2026-06-15,1511974541165405385,5,0
mexico-city,3,2026-03-30,2026-06-15,1516199212135471884,11,0
mexico-city,4,2026-06-15,2026-08-30,287940,13,0
mexico-city,4,2026-06-15,2026-08-30,728372,55,2
mexico-city,4,2026-06-15,2026-08-30,4983049,11,0
mexico-city,4,2026-06-15,2026-08-30,6657150,6,0
mexico-city,4,2026-06-15,2026-08-30,7544493,8,0
mexico-city,4,2026-06-15,2026-08-30,9093531,10,0
mexico-city,4,2026-06-15,2026-08-30,9153157,10,0
mexico-city,4,2026-06-15,2026-08-30,9591180,3,0
mexico-city,4,2026-06-15,2026-08-30,10257549,7,0
mexico-city,4,2026-06-15,2026-08-30,10404253,4,0
mexico-city,4,2026-06-15,2026-08-30,10884709,18,0
mexico-city,4,2026-06-15,2026-08-30,11790186,28,4
mexico-city,4,2026-06-15,2026-08-30,11826745,61,0
mexico-city,4,2026-06-15,2026-08-30,12223480,28,0
mexico-city,4,2026-06-15,2026-08-30,12712047,28,14
mexico-city,4,2026-06-15,2026-08-30,13317884,19,1
mexico-city,4,2026-06-15,2026-08-30,13658546,3,0
mexico-city,4,2026-06-15,2026-08-30,13728290,7,0
mexico-city,4,2026-06-15,2026-08-30,13812210,16,0
mexico-city,4,2026-06-15,2026-08-30,13952338,8,0
mexico-city,4,2026-06-15,2026-08-30,14362672,18,0
mexico-city,4,2026-06-15,2026-08-30,15027346,2,0
mexico-city,4,2026-06-15,2026-08-30,15172326,7,1
mexico-city,4,2026-06-15,2026-08-30,15361532,6,0
mexico-city,4,2026-06-15,2026-08-30,16340339,8,0
mexico-city,4,2026-06-15,2026-08-30,16536455,29,0
mexico-city,4,2026-06-15,2026-08-30,16622843,11,0
mexico-city,4,2026-06-15,2026-08-30,16754530,6,0
mexico-city,4,2026-06-15,2026-08-30,17155875,8,1
mexico-city,4,2026-06-15,2026-08-30,17324127,12,4
mexico-city,4,2026-06-15,2026-08-30,17443995,12,0
mexico-city,4,2026-06-15,2026-08-30,17481070,7,2
mexico-city,4,2026-06-15,2026-08-30,17572873,23,0
mexico-city,4,2026-06-15,2026-08-30,17633843,20,7
mexico-city,4,2026-06-15,2026-08-30,17878320,53,7
mexico-city,4,2026-06-15,2026-08-30,17902530,6,0
mexico-city,4,2026-06-15,2026-08-30,18237993,3,0
mexico-city,4,2026-06-15,2026-08-30,18314796,4,4
mexico-city,4,2026-06-15,2026-08-30,18360341,10,0
mexico-city,4,2026-06-15,2026-08-30,19038180,5,0
mexico-city,4,2026-06-15,2026-08-30,19144158,15,0
mexico-city,4,2026-06-15,2026-08-30,19385145,19,0
mexico-city,4,2026-06-15,2026-08-30,19475345,16,0
mexico-city,4,2026-06-15,2026-08-30,19873111,11,0
mexico-city,4,2026-06-15,2026-08-30,19947512,27,0
mexico-city,4,2026-06-15,2026-08-30,20126097,1,0
mexico-city,4,2026-06-15,2026-08-30,20390849,48,0
mexico-city,4,2026-06-15,2026-08-30,20654177,6,0
mexico-city,4,2026-06-15,2026-08-30,20862378,4,3
mexico-city,4,2026-06-15,2026-08-30,20908035,37,2
mexico-city,4,2026-06-15,2026-08-30,21082292,3,0
mexico-city,4,2026-06-15,2026-08-30,21107757,53,12
mexico-city,4,2026-06-15,2026-08-30,21112105,17,0
mexico-city,4,2026-06-15,2026-08-30,21121870,6,0
mexico-city,4,2026-06-15,2026-08-30,21311657,19,0
mexico-city,4,2026-06-15,2026-08-30,21383477,22,0
mexico-city,4,2026-06-15,2026-08-30,21513004,36,0
mexico-city,4,2026-06-15,2026-08-30,21514335,12,0
mexico-city,4,2026-06-15,2026-08-30,21527653,12,2
mexico-city,4,2026-06-15,2026-08-30,21531006,4,0
mexico-city,4,2026-06-15,2026-08-30,21728742,9,0
mexico-city,4,2026-06-15,2026-08-30,21765818,28,0
mexico-city,4,2026-06-15,2026-08-30,21977730,4,0
mexico-city,4,2026-06-15,2026-08-30,22015445,44,1
mexico-city,4,2026-06-15,2026-08-30,22159588,22,4
mexico-city,4,2026-06-15,2026-08-30,22192283,9,0
mexico-city,4,2026-06-15,2026-08-30,22346356,17,2
mexico-city,4,2026-06-15,2026-08-30,22867014,11,6
mexico-city,4,2026-06-15,2026-08-30,22882850,23,2
mexico-city,4,2026-06-15,2026-08-30,22908545,10,0
mexico-city,4,2026-06-15,2026-08-30,22925708,3,0
mexico-city,4,2026-06-15,2026-08-30,23292366,9,0
mexico-city,4,2026-06-15,2026-08-30,23453920,11,0
mexico-city,4,2026-06-15,2026-08-30,23463390,103,8
mexico-city,4,2026-06-15,2026-08-30,23559493,23,2
mexico-city,4,2026-06-15,2026-08-30,23649272,71,9
mexico-city,4,2026-06-15,2026-08-30,23649534,5,0
mexico-city,4,2026-06-15,2026-08-30,23842322,46,5
mexico-city,4,2026-06-15,2026-08-30,24121424,17,0
mexico-city,4,2026-06-15,2026-08-30,24225479,4,0
mexico-city,4,2026-06-15,2026-08-30,24285131,4,0
mexico-city,4,2026-06-15,2026-08-30,24286271,5,2
mexico-city,4,2026-06-15,2026-08-30,24572874,3,0
mexico-city,4,2026-06-15,2026-08-30,24854024,5,5
mexico-city,4,2026-06-15,2026-08-30,24918324,5,1
mexico-city,4,2026-06-15,2026-08-30,25036185,13,0
mexico-city,4,2026-06-15,2026-08-30,25198140,12,0
mexico-city,4,2026-06-15,2026-08-30,25457640,7,0
mexico-city,4,2026-06-15,2026-08-30,26449125,5,0
mexico-city,4,2026-06-15,2026-08-30,26950887,12,0
mexico-city,4,2026-06-15,2026-08-30,28732808,3,0
mexico-city,4,2026-06-15,2026-08-30,28765693,7,0
mexico-city,4,2026-06-15,2026-08-30,28967865,10,4
mexico-city,4,2026-06-15,2026-08-30,29899716,11,0
mexico-city,4,2026-06-15,2026-08-30,30017508,24,2
mexico-city,4,2026-06-15,2026-08-30,30537467,5,0
mexico-city,4,2026-06-15,2026-08-30,30744835,23,0
mexico-city,4,2026-06-15,2026-08-30,31627198,8,3
mexico-city,4,2026-06-15,2026-08-30,31898385,36,0
mexico-city,4,2026-06-15,2026-08-30,32442544,18,0
mexico-city,4,2026-06-15,2026-08-30,32524460,7,2
mexico-city,4,2026-06-15,2026-08-30,32844702,3,0
mexico-city,4,2026-06-15,2026-08-30,32919197,6,0
mexico-city,4,2026-06-15,2026-08-30,33037873,38,6
mexico-city,4,2026-06-15,2026-08-30,33073306,32,4
mexico-city,4,2026-06-15,2026-08-30,33105638,2,2
mexico-city,4,2026-06-15,2026-08-30,33192154,4,0
mexico-city,4,2026-06-15,2026-08-30,33592353,6,0
mexico-city,4,2026-06-15,2026-08-30,33716213,44,4
mexico-city,4,2026-06-15,2026-08-30,33716386,3,0
mexico-city,4,2026-06-15,2026-08-30,33809292,1,0
mexico-city,4,2026-06-15,2026-08-30,34123530,28,0
mexico-city,4,2026-06-15,2026-08-30,35256381,29,0
mexico-city,4,2026-06-15,2026-08-30,36039157,4,0
mexico-city,4,2026-06-15,2026-08-30,36072484,4,0
mexico-city,4,2026-06-15,2026-08-30,36363769,1,0
mexico-city,4,2026-06-15,2026-08-30,36730636,7,0
mexico-city,4,2026-06-15,2026-08-30,36831240,8,0
mexico-city,4,2026-06-15,2026-08-30,37090494,32,13
mexico-city,4,2026-06-15,2026-08-30,37095453,18,0
mexico-city,4,2026-06-15,2026-08-30,37243764,4,0
mexico-city,4,2026-06-15,2026-08-30,37540252,7,0
mexico-city,4,2026-06-15,2026-08-30,37556163,8,0
mexico-city,4,2026-06-15,2026-08-30,37564035,18,0
mexico-city,4,2026-06-15,2026-08-30,37707132,9,0
mexico-city,4,2026-06-15,2026-08-30,38190989,9,6
mexico-city,4,2026-06-15,2026-08-30,38238693,27,0
mexico-city,4,2026-06-15,2026-08-30,38485920,4,0
mexico-city,4,2026-06-15,2026-08-30,38642146,15,0
mexico-city,4,2026-06-15,2026-08-30,38873624,14,0
mexico-city,4,2026-06-15,2026-08-30,39399217,11,0
mexico-city,4,2026-06-15,2026-08-30,39822436,3,0
mexico-city,4,2026-06-15,2026-08-30,39952255,21,7
mexico-city,4,2026-06-15,2026-08-30,39974538,3,0
mexico-city,4,2026-06-15,2026-08-30,40333279,28,6
mexico-city,4,2026-06-15,2026-08-30,40491650,1,0
mexico-city,4,2026-06-15,2026-08-30,40724349,53,5
mexico-city,4,2026-06-15,2026-08-30,40758281,6,0
mexico-city,4,2026-06-15,2026-08-30,41429079,16,0
mexico-city,4,2026-06-15,2026-08-30,41478322,18,0
mexico-city,4,2026-06-15,2026-08-30,41738776,2,0
mexico-city,4,2026-06-15,2026-08-30,42004336,1,0
mexico-city,4,2026-06-15,2026-08-30,42203693,23,0
mexico-city,4,2026-06-15,2026-08-30,42618382,34,6
mexico-city,4,2026-06-15,2026-08-30,42745369,20,13
mexico-city,4,2026-06-15,2026-08-30,42936860,29,0
mexico-city,4,2026-06-15,2026-08-30,43180589,5,2
mexico-city,4,2026-06-15,2026-08-30,43442676,12,0
mexico-city,4,2026-06-15,2026-08-30,43947179,18,0
mexico-city,4,2026-06-15,2026-08-30,44207522,16,3
mexico-city,4,2026-06-15,2026-08-30,44282152,8,0
mexico-city,4,2026-06-15,2026-08-30,44522997,8,0
mexico-city,4,2026-06-15,2026-08-30,45112029,23,0
mexico-city,4,2026-06-15,2026-08-30,45225995,7,0
mexico-city,4,2026-06-15,2026-08-30,45298891,27,0
mexico-city,4,2026-06-15,2026-08-30,45485116,14,0
mexico-city,4,2026-06-15,2026-08-30,45491796,39,3
mexico-city,4,2026-06-15,2026-08-30,45940324,30,0
mexico-city,4,2026-06-15,2026-08-30,46055198,9,0
mexico-city,4,2026-06-15,2026-08-30,46056354,19,0
mexico-city,4,2026-06-15,2026-08-30,46068574,76,12
mexico-city,4,2026-06-15,2026-08-30,46282758,7,0
mexico-city,4,2026-06-15,2026-08-30,46334652,7,3
mexico-city,4,2026-06-15,2026-08-30,46358958,8,0
mexico-city,4,2026-06-15,2026-08-30,46598777,13,0
mexico-city,4,2026-06-15,2026-08-30,46691090,10,0
mexico-city,4,2026-06-15,2026-08-30,46727704,10,0
mexico-city,4,2026-06-15,2026-08-30,46818713,7,6
mexico-city,4,2026-06-15,2026-08-30,47532091,6,0
mexico-city,4,2026-06-15,2026-08-30,47701438,1,0
mexico-city,4,2026-06-15,2026-08-30,47780714,10,5
mexico-city,4,2026-06-15,2026-08-30,47786030,7,1
mexico-city,4,2026-06-15,2026-08-30,47967558,6,0
mexico-city,4,2026-06-15,2026-08-30,47996611,7,0
mexico-city,4,2026-06-15,2026-08-30,48069893,17,2
mexico-city,4,2026-06-15,2026-08-30,48195263,5,2
mexico-city,4,2026-06-15,2026-08-30,48316262,5,5
mexico-city,4,2026-06-15,2026-08-30,48542219,6,0
mexico-city,4,2026-06-15,2026-08-30,48563023,5,0
mexico-city,4,2026-06-15,2026-08-30,48792074,12,0
mexico-city,4,2026-06-15,2026-08-30,48845499,20,0
mexico-city,4,2026-06-15,2026-08-30,49142012,40,0
mexico-city,4,2026-06-15,2026-08-30,49288695,42,0
mexico-city,4,2026-06-15,2026-08-30,49345226,46,0
mexico-city,4,2026-06-15,2026-08-30,49348221,5,0
mexico-city,4,2026-06-15,2026-08-30,49731067,5,0
mexico-city,4,2026-06-15,2026-08-30,50044148,15,4
mexico-city,4,2026-06-15,2026-08-30,50067975,22,12
mexico-city,4,2026-06-15,2026-08-30,50112326,13,2
mexico-city,4,2026-06-15,2026-08-30,50142166,33,4
mexico-city,4,2026-06-15,2026-08-30,50151095,4,0
mexico-city,4,2026-06-15,2026-08-30,50342131,37,3
mexico-city,4,2026-06-15,2026-08-30,50400718,27,11
mexico-city,4,2026-06-15,2026-08-30,50416016,3,0
mexico-city,4,2026-06-15,2026-08-30,50546235,23,13
mexico-city,4,2026-06-15,2026-08-30,50573979,10,0
mexico-city,4,2026-06-15,2026-08-30,50637732,5,0
mexico-city,4,2026-06-15,2026-08-30,50679923,3,0
mexico-city,4,2026-06-15,2026-08-30,50913477,9,0
mexico-city,4,2026-06-15,2026-08-30,51450971,27,0
mexico-city,4,2026-06-15,2026-08-30,51640848,14,7
mexico-city,4,2026-06-15,2026-08-30,51641576,14,1
mexico-city,4,2026-06-15,2026-08-30,51658881,6,0
mexico-city,4,2026-06-15,2026-08-30,51784377,7,0
mexico-city,4,2026-06-15,2026-08-30,52132566,5,3
mexico-city,4,2026-06-15,2026-08-30,52185451,6,2
mexico-city,4,2026-06-15,2026-08-30,52370272,12,3
mexico-city,4,2026-06-15,2026-08-30,52669857,4,0
mexico-city,4,2026-06-15,2026-08-30,52676526,6,0
mexico-city,4,2026-06-15,2026-08-30,52691256,1,0
mexico-city,4,2026-06-15,2026-08-30,52760890,3,0
mexico-city,4,2026-06-15,2026-08-30,52865721,2,0
mexico-city,4,2026-06-15,2026-08-30,52964236,34,0
mexico-city,4,2026-06-15,2026-08-30,52990252,6,0
mexico-city,4,2026-06-15,2026-08-30,53311209,21,10
mexico-city,4,2026-06-15,2026-08-30,53404245,5,4
mexico-city,4,2026-06-15,2026-08-30,53495688,85,27
mexico-city,4,2026-06-15,2026-08-30,53642576,50,2
mexico-city,4,2026-06-15,2026-08-30,53664143,6,0
mexico-city,4,2026-06-15,2026-08-30,53665585,46,0
mexico-city,4,2026-06-15,2026-08-30,53795925,3,0
mexico-city,4,2026-06-15,2026-08-30,53827608,3,0
mexico-city,4,2026-06-15,2026-08-30,53829242,14,0
mexico-city,4,2026-06-15,2026-08-30,53952357,3,0
mexico-city,4,2026-06-15,2026-08-30,54354809,3,0
mexico-city,4,2026-06-15,2026-08-30,515927973075176969,17,0
mexico-city,4,2026-06-15,2026-08-30,547700633340191333,5,0
mexico-city,4,2026-06-15,2026-08-30,555180119451324170,16,0
mexico-city,4,2026-06-15,2026-08-30,565207661736258430,3,0
mexico-city,4,2026-06-15,2026-08-30,571179545523143035,8,0
mexico-city,4,2026-06-15,2026-08-30,572444453541018765,4,0
mexico-city,4,2026-06-15,2026-08-30,577048103373140729,21,1
mexico-city,4,2026-06-15,2026-08-30,578160415606794634,7,4
mexico-city,4,2026-06-15,2026-08-30,579970081878632673,17,0
mexico-city,4,2026-06-15,2026-08-30,583321513569316109,24,0
mexico-city,4,2026-06-15,2026-08-30,587686958879189729,32,12
mexico-city,4,2026-06-15,2026-08-30,598483691201868631,5,5
mexico-city,4,2026-06-15,2026-08-30,600194877009397891,5,0
mexico-city,4,2026-06-15,2026-08-30,603678418045160422,83,4
mexico-city,4,2026-06-15,2026-08-30,614059510436340627,6,0
mexico-city,4,2026-06-15,2026-08-30,614664774615616268,8,0
mexico-city,4,2026-06-15,2026-08-30,623897759935175861,30,1
mexico-city,4,2026-06-15,2026-08-30,623967217368518311,7,0
mexico-city,4,2026-06-15,2026-08-30,624536276766115586,25,1
mexico-city,4,2026-06-15,2026-08-30,627036691647455692,62,2
mexico-city,4,2026-06-15,2026-08-30,627619954236686377,2,0
mexico-city,4,2026-06-15,2026-08-30,634894010679606075,12,0
mexico-city,4,2026-06-15,2026-08-30,638527431055146156,4,0
mexico-city,4,2026-06-15,2026-08-30,639921504912725226,13,2
mexico-city,4,2026-06-15,2026-08-30,645671840112294133,10,0
mexico-city,4,2026-06-15,2026-08-30,647044690763131071,3,0
mexico-city,4,2026-06-15,2026-08-30,649812021057759050,21,0
mexico-city,4,2026-06-15,2026-08-30,655936383978238771,7,0
mexico-city,4,2026-06-15,2026-08-30,656486757343242827,42,4
mexico-city,4,2026-06-15,2026-08-30,657142341091267516,10,0
mexico-city,4,2026-06-15,2026-08-30,663690242070681234,5,0
mexico-city,4,2026-06-15,2026-08-30,668717503857355834,14,2
mexico-city,4,2026-06-15,2026-08-30,673134020795724672,38,1
mexico-city,4,2026-06-15,2026-08-30,679955292054614267,4,0
mexico-city,4,2026-06-15,2026-08-30,680659099049252456,2,0
mexico-city,4,2026-06-15,2026-08-30,681273879535606133,11,1
mexico-city,4,2026-06-15,2026-08-30,684886563342888880,24,0
mexico-city,4,2026-06-15,2026-08-30,687144022646307024,17,4
mexico-city,4,2026-06-15,2026-08-30,687872706580016451,4,0
mexico-city,4,2026-06-15,2026-08-30,689004284399530393,16,1
mexico-city,4,2026-06-15,2026-08-30,689180756965506213,9,9
mexico-city,4,2026-06-15,2026-08-30,690480798638836071,20,0
mexico-city,4,2026-06-15,2026-08-30,690719787402092699,7,0
mexico-city,4,2026-06-15,2026-08-30,691730251197611185,12,0
mexico-city,4,2026-06-15,2026-08-30,693466163030170413,14,0
mexico-city,4,2026-06-15,2026-08-30,693847790205385402,7,0
mexico-city,4,2026-06-15,2026-08-30,699522998794104923,4,0
mexico-city,4,2026-06-15,2026-08-30,704180494258082931,16,0
mexico-city,4,2026-06-15,2026-08-30,716820156510655715,24,3
mexico-city,4,2026-06-15,2026-08-30,717531170922048476,5,0
mexico-city,4,2026-06-15,2026-08-30,718335702606934003,2,0
mexico-city,4,2026-06-15,2026-08-30,719761630825339749,4,0
mexico-city,4,2026-06-15,2026-08-30,722480993016117860,7,0
mexico-city,4,2026-06-15,2026-08-30,724710778433754490,3,0
mexico-city,4,2026-06-15,2026-08-30,729665419150528622,14,0
mexico-city,4,2026-06-15,2026-08-30,734203188482933686,29,0
mexico-city,4,2026-06-15,2026-08-30,735460714939290476,4,2
mexico-city,4,2026-06-15,2026-08-30,739791939793627059,5,0
mexico-city,4,2026-06-15,2026-08-30,739868806270755060,22,4
mexico-city,4,2026-06-15,2026-08-30,745525250364215201,2,2
mexico-city,4,2026-06-15,2026-08-30,751852406172294945,5,4
mexico-city,4,2026-06-15,2026-08-30,753752448117605665,3,0
mexico-city,4,2026-06-15,2026-08-30,754776957696011352,9,0
mexico-city,4,2026-06-15,2026-08-30,755032284539473108,6,0
mexico-city,4,2026-06-15,2026-08-30,756428698433648858,32,6
mexico-city,4,2026-06-15,2026-08-30,757986049491817640,8,0
mexico-city,4,2026-06-15,2026-08-30,758766463313304614,29,4
mexico-city,4,2026-06-15,2026-08-30,758833761780564518,37,2
mexico-city,4,2026-06-15,2026-08-30,760066658796863406,37,15
mexico-city,4,2026-06-15,2026-08-30,763303349469947957,24,0
mexico-city,4,2026-06-15,2026-08-30,766068872704118130,31,0
mexico-city,4,2026-06-15,2026-08-30,766565617983038853,18,4
mexico-city,4,2026-06-15,2026-08-30,768142919066780211,7,0
mexico-city,4,2026-06-15,2026-08-30,771726375291095823,5,0
mexico-city,4,2026-06-15,2026-08-30,772358836157182733,6,0
mexico-city,4,2026-06-15,2026-08-30,772639774768616880,7,0
mexico-city,4,2026-06-15,2026-08-30,773080231228257680,2,0
mexico-city,4,2026-06-15,2026-08-30,776078463098111481,9,0
mexico-city,4,2026-06-15,2026-08-30,780619522718665320,32,0
mexico-city,4,2026-06-15,2026-08-30,790565173048865781,23,3
mexico-city,4,2026-06-15,2026-08-30,798408930154123534,8,0
mexico-city,4,2026-06-15,2026-08-30,801409059894775546,3,0
mexico-city,4,2026-06-15,2026-08-30,803199335180295012,35,8
mexico-city,4,2026-06-15,2026-08-30,805277838265286762,14,0
mexico-city,4,2026-06-15,2026-08-30,813850100230220802,3,1
mexico-city,4,2026-06-15,2026-08-30,816930959925266697,9,0
mexico-city,4,2026-06-15,2026-08-30,822713127964809541,6,0
mexico-city,4,2026-06-15,2026-08-30,828256051141858727,4,0
mexico-city,4,2026-06-15,2026-08-30,828264272349225724,4,0
mexico-city,4,2026-06-15,2026-08-30,838317161114938687,1,0
mexico-city,4,2026-06-15,2026-08-30,841273813150943812,10,0
mexico-city,4,2026-06-15,2026-08-30,842013161435394238,4,0
mexico-city,4,2026-06-15,2026-08-30,849310790991650241,9,0
mexico-city,4,2026-06-15,2026-08-30,850271154906261413,8,0
mexico-city,4,2026-06-15,2026-08-30,851571290681560131,6,0
mexico-city,4,2026-06-15,2026-08-30,851572661449134265,2,2
mexico-city,4,2026-06-15,2026-08-30,856173561837114843,4,0
mexico-city,4,2026-06-15,2026-08-30,858878397277212406,7,0
mexico-city,4,2026-06-15,2026-08-30,860147126555897881,3,0
mexico-city,4,2026-06-15,2026-08-30,861821981814971940,3,0
mexico-city,4,2026-06-15,2026-08-30,863180984181188292,15,7
mexico-city,4,2026-06-15,2026-08-30,869012972423695142,26,5
mexico-city,4,2026-06-15,2026-08-30,869114130716956267,11,0
mexico-city,4,2026-06-15,2026-08-30,869251048199639861,17,0
mexico-city,4,2026-06-15,2026-08-30,869627159695932058,31,0
mexico-city,4,2026-06-15,2026-08-30,870969125871101749,70,6
mexico-city,4,2026-06-15,2026-08-30,871836217823420175,27,3
mexico-city,4,2026-06-15,2026-08-30,876312979100261415,5,0
mexico-city,4,2026-06-15,2026-08-30,881244230165732168,13,0
mexico-city,4,2026-06-15,2026-08-30,882139493614522299,1,0
mexico-city,4,2026-06-15,2026-08-30,884076326728580894,38,0
mexico-city,4,2026-06-15,2026-08-30,887753562448451285,1,1
mexico-city,4,2026-06-15,2026-08-30,887809745311260033,9,1
mexico-city,4,2026-06-15,2026-08-30,890609763019922856,4,0
mexico-city,4,2026-06-15,2026-08-30,895111068274892064,30,3
mexico-city,4,2026-06-15,2026-08-30,898099817927010082,20,2
mexico-city,4,2026-06-15,2026-08-30,903587501768520541,5,0
mexico-city,4,2026-06-15,2026-08-30,904744240556848288,16,0
mexico-city,4,2026-06-15,2026-08-30,907188295889699633,4,0
mexico-city,4,2026-06-15,2026-08-30,913352223472269893,15,0
mexico-city,4,2026-06-15,2026-08-30,918781199587108798,16,0
mexico-city,4,2026-06-15,2026-08-30,919780730823507230,25,3
mexico-city,4,2026-06-15,2026-08-30,923988124566655570,3,0
mexico-city,4,2026-06-15,2026-08-30,925285499662350128,8,0
mexico-city,4,2026-06-15,2026-08-30,927565571264816879,24,6
mexico-city,4,2026-06-15,2026-08-30,928439519955570720,13,0
mexico-city,4,2026-06-15,2026-08-30,929895072880882363,9,0
mexico-city,4,2026-06-15,2026-08-30,931378559821851085,25,0
mexico-city,4,2026-06-15,2026-08-30,931798307947916303,8,0
mexico-city,4,2026-06-15,2026-08-30,932590282532979704,6,0
mexico-city,4,2026-06-15,2026-08-30,937863530687106883,7,0
mexico-city,4,2026-06-15,2026-08-30,937884704625004500,4,0
mexico-city,4,2026-06-15,2026-08-30,939247836105652729,6,0
mexico-city,4,2026-06-15,2026-08-30,939307655476343069,49,9
mexico-city,4,2026-06-15,2026-08-30,943016048397024676,44,0
mexico-city,4,2026-06-15,2026-08-30,945661231777635144,5,0
mexico-city,4,2026-06-15,2026-08-30,953632136595926962,3,0
mexico-city,4,2026-06-15,2026-08-30,955855418078319464,22,0
mexico-city,4,2026-06-15,2026-08-30,958059412400128364,16,7
mexico-city,4,2026-06-15,2026-08-30,958966749668311108,19,0
mexico-city,4,2026-06-15,2026-08-30,959434918249272961,32,0
mexico-city,4,2026-06-15,2026-08-30,968094976868231750,16,0
mexico-city,4,2026-06-15,2026-08-30,968254142618478543,34,7
mexico-city,4,2026-06-15,2026-08-30,968811835360280002,3,3
mexico-city,4,2026-06-15,2026-08-30,968975929983928061,25,25
mexico-city,4,2026-06-15,2026-08-30,969295127417551603,10,0
mexico-city,4,2026-06-15,2026-08-30,970653899476484343,7,0
mexico-city,4,2026-06-15,2026-08-30,970915616510060491,28,0
mexico-city,4,2026-06-15,2026-08-30,974669556946373390,23,0
mexico-city,4,2026-06-15,2026-08-30,982686722638522687,3,0
mexico-city,4,2026-06-15,2026-08-30,984908604971413233,14,0
mexico-city,4,2026-06-15,2026-08-30,985644096255442657,2,0
mexico-city,4,2026-06-15,2026-08-30,985789824383675595,5,0
mexico-city,4,2026-06-15,2026-08-30,992306785999145659,10,4
mexico-city,4,2026-06-15,2026-08-30,994983306500463758,13,2
mexico-city,4,2026-06-15,2026-08-30,995167819544608289,14,0
mexico-city,4,2026-06-15,2026-08-30,996520714696916282,8,0
mexico-city,4,2026-06-15,2026-08-30,1003749961340353834,13,0
mexico-city,4,2026-06-15,2026-08-30,1003982113911548936,5,0
mexico-city,4,2026-06-15,2026-08-30,1004548006766131656,84,3
mexico-city,4,2026-06-15,2026-08-30,1004703643681133874,43,7
mexico-city,4,2026-06-15,2026-08-30,1005808379637263209,6,0
mexico-city,4,2026-06-15,2026-08-30,1006608553672668103,23,8
mexico-city,4,2026-06-15,2026-08-30,1008056896739799418,3,0
mexico-city,4,2026-06-15,2026-08-30,1010887502120691447,7,0
mexico-city,4,2026-06-15,2026-08-30,1011810881157874753,27,0
mexico-city,4,2026-06-15,2026-08-30,1013705526462613921,4,0
mexico-city,4,2026-06-15,2026-08-30,1013708926782156432,6,0
mexico-city,4,2026-06-15,2026-08-30,1013724052547294559,7,0
mexico-city,4,2026-06-15,2026-08-30,1013896195086705715,9,0
mexico-city,4,2026-06-15,2026-08-30,1015436684917612878,4,0
mexico-city,4,2026-06-15,2026-08-30,1016729496534006518,3,2
mexico-city,4,2026-06-15,2026-08-30,1025368816079669041,44,2
mexico-city,4,2026-06-15,2026-08-30,1032568528183222255,1,0
mexico-city,4,2026-06-15,2026-08-30,1039303093873639608,68,7
mexico-city,4,2026-06-15,2026-08-30,1040940191092405287,4,0
mexico-city,4,2026-06-15,2026-08-30,1047188332154301023,4,4
mexico-city,4,2026-06-15,2026-08-30,1049321571056623499,3,3
mexico-city,4,2026-06-15,2026-08-30,1056723078314575295,51,10
mexico-city,4,2026-06-15,2026-08-30,1058231554874706424,5,0
mexico-city,4,2026-06-15,2026-08-30,1061930847636294248,7,2
mexico-city,4,2026-06-15,2026-08-30,1065302767159387936,4,0
mexico-city,4,2026-06-15,2026-08-30,1065543276615932015,6,6
mexico-city,4,2026-06-15,2026-08-30,1067371675305607657,3,0
mexico-city,4,2026-06-15,2026-08-30,1069011574590087281,9,0
mexico-city,4,2026-06-15,2026-08-30,1071313457629313416,31,0
mexico-city,4,2026-06-15,2026-08-30,1074114422919256452,10,0
mexico-city,4,2026-06-15,2026-08-30,1074908384571247289,11,3
mexico-city,4,2026-06-15,2026-08-30,1077145087443101361,12,1
mexico-city,4,2026-06-15,2026-08-30,1081127985453093737,3,0
mexico-city,4,2026-06-15,2026-08-30,1084186517490797426,9,0
mexico-city,4,2026-06-15,2026-08-30,1084963654275138002,12,0
mexico-city,4,2026-06-15,2026-08-30,1095948478035255449,20,0
mexico-city,4,2026-06-15,2026-08-30,1096470668467095046,30,5
mexico-city,4,2026-06-15,2026-08-30,1100065015297582258,4,1
mexico-city,4,2026-06-15,2026-08-30,1105090367610179840,67,0
mexico-city,4,2026-06-15,2026-08-30,1105415143945865625,4,0
mexico-city,4,2026-06-15,2026-08-30,1107204114975586539,22,0
mexico-city,4,2026-06-15,2026-08-30,1108820727815025970,20,0
mexico-city,4,2026-06-15,2026-08-30,1109039435692414910,9,1
mexico-city,4,2026-06-15,2026-08-30,1112642571550552967,4,0
mexico-city,4,2026-06-15,2026-08-30,1113236744448592645,5,0
mexico-city,4,2026-06-15,2026-08-30,1113426862484384069,9,9
mexico-city,4,2026-06-15,2026-08-30,1115982098415777384,16,3
mexico-city,4,2026-06-15,2026-08-30,1118175965894565797,4,2
mexico-city,4,2026-06-15,2026-08-30,1118176220387018952,5,1
mexico-city,4,2026-06-15,2026-08-30,1119927196481104147,13,0
mexico-city,4,2026-06-15,2026-08-30,1120558581948503739,6,0
mexico-city,4,2026-06-15,2026-08-30,1134787524788245656,2,0
mexico-city,4,2026-06-15,2026-08-30,1136217301571000364,26,0
mexico-city,4,2026-06-15,2026-08-30,1136515407171315870,11,5
mexico-city,4,2026-06-15,2026-08-30,1137707461920461321,6,0
mexico-city,4,2026-06-15,2026-08-30,1138514783830338778,5,0
mexico-city,4,2026-06-15,2026-08-30,1138578495230021869,8,0
mexico-city,4,2026-06-15,2026-08-30,1138683251349157761,4,0
mexico-city,4,2026-06-15,2026-08-30,1139330318121717594,13,1
mexico-city,4,2026-06-15,2026-08-30,1140513005432267062,10,0
mexico-city,4,2026-06-15,2026-08-30,1141355814119333291,9,1
mexico-city,4,2026-06-15,2026-08-30,1148963853824817739,11,9
mexico-city,4,2026-06-15,2026-08-30,1150996870136950810,15,0
mexico-city,4,2026-06-15,2026-08-30,1151445378330806124,23,2
mexico-city,4,2026-06-15,2026-08-30,1152896347614533938,11,0
mexico-city,4,2026-06-15,2026-08-30,1153876032208061733,19,0
mexico-city,4,2026-06-15,2026-08-30,1157295678145929289,25,5
mexico-city,4,2026-06-15,2026-08-30,1161825925599398616,7,0
mexico-city,4,2026-06-15,2026-08-30,1166808403564499807,18,3
mexico-city,4,2026-06-15,2026-08-30,1171450891491535692,9,0
mexico-city,4,2026-06-15,2026-08-30,1172520289468549244,4,0
mexico-city,4,2026-06-15,2026-08-30,1173112308103556552,58,13
mexico-city,4,2026-06-15,2026-08-30,1173519039251056081,4,0
mexico-city,4,2026-06-15,2026-08-30,1173948600010318322,39,2
mexico-city,4,2026-06-15,2026-08-30,1176433842231646098,10,0
mexico-city,4,2026-06-15,2026-08-30,1182014858085020088,4,0
mexico-city,4,2026-06-15,2026-08-30,1182065145170665267,10,0
mexico-city,4,2026-06-15,2026-08-30,1184738128482172855,14,0
mexico-city,4,2026-06-15,2026-08-30,1184739489904926303,20,4
mexico-city,4,2026-06-15,2026-08-30,1190884079214352534,9,0
mexico-city,4,2026-06-15,2026-08-30,1192738479595642114,11,0
mexico-city,4,2026-06-15,2026-08-30,1193727132677970399,5,0
mexico-city,4,2026-06-15,2026-08-30,1195290458075999558,3,0
mexico-city,4,2026-06-15,2026-08-30,1195734211345440954,4,0
mexico-city,4,2026-06-15,2026-08-30,1196008981679081054,17,0
mexico-city,4,2026-06-15,2026-08-30,1198280519172347768,3,3
mexico-city,4,2026-06-15,2026-08-30,1198379468766138768,5,5
mexico-city,4,2026-06-15,2026-08-30,1198503632429004272,11,0
mexico-city,4,2026-06-15,2026-08-30,1200788927306913123,26,0
mexico-city,4,2026-06-15,2026-08-30,1202928458717850707,8,0
mexico-city,4,2026-06-15,2026-08-30,1210414034959605046,3,0
mexico-city,4,2026-06-15,2026-08-30,1213011165625495467,28,12
mexico-city,4,2026-06-15,2026-08-30,1213489237952749296,49,6
mexico-city,4,2026-06-15,2026-08-30,1217700479502518344,2,0
mexico-city,4,2026-06-15,2026-08-30,1219826877164717089,15,0
mexico-city,4,2026-06-15,2026-08-30,1220258277141771304,4,0
mexico-city,4,2026-06-15,2026-08-30,1224056493349160314,29,1
mexico-city,4,2026-06-15,2026-08-30,1224338493256728069,4,0
mexico-city,4,2026-06-15,2026-08-30,1233458877921301015,44,8
mexico-city,4,2026-06-15,2026-08-30,1234807201381286622,4,0
mexico-city,4,2026-06-15,2026-08-30,1237683857557920017,34,6
mexico-city,4,2026-06-15,2026-08-30,1239461291965707951,3,0
mexico-city,4,2026-06-15,2026-08-30,1241309505814497791,10,0
mexico-city,4,2026-06-15,2026-08-30,1242146351145816014,5,0
mexico-city,4,2026-06-15,2026-08-30,1242157350715293070,25,0
mexico-city,4,2026-06-15,2026-08-30,1245225567367184700,19,0
mexico-city,4,2026-06-15,2026-08-30,1256026592163994433,2,0
mexico-city,4,2026-06-15,2026-08-30,1256625500890036278,1,0
mexico-city,4,2026-06-15,2026-08-30,1260346322232524366,7,0
mexico-city,4,2026-06-15,2026-08-30,1267387248855051794,8,2
mexico-city,4,2026-06-15,2026-08-30,1272459037305729922,9,0
mexico-city,4,2026-06-15,2026-08-30,1279945783846192116,4,0
mexico-city,4,2026-06-15,2026-08-30,1282860274906293991,9,0
mexico-city,4,2026-06-15,2026-08-30,1284241387875866533,43,4
mexico-city,4,2026-06-15,2026-08-30,1284440999109111968,4,0
mexico-city,4,2026-06-15,2026-08-30,1285782980689376639,3,0
mexico-city,4,2026-06-15,2026-08-30,1289860571440010292,5,5
mexico-city,4,2026-06-15,2026-08-30,1292080297216871439,14,0
mexico-city,4,2026-06-15,2026-08-30,1297561127080370074,35,3
mexico-city,4,2026-06-15,2026-08-30,1298089886796119975,7,7
mexico-city,4,2026-06-15,2026-08-30,1299364524696181635,23,23
mexico-city,4,2026-06-15,2026-08-30,1299690677092334838,18,0
mexico-city,4,2026-06-15,2026-08-30,1305284898595962088,80,4
mexico-city,4,2026-06-15,2026-08-30,1306245522861884961,3,3
mexico-city,4,2026-06-15,2026-08-30,1306575515516592005,8,6
mexico-city,4,2026-06-15,2026-08-30,1307670695412780667,6,6
mexico-city,4,2026-06-15,2026-08-30,1308931698162211450,6,6
mexico-city,4,2026-06-15,2026-08-30,1309003088126476832,50,1
mexico-city,4,2026-06-15,2026-08-30,1309284468353844644,26,1
mexico-city,4,2026-06-15,2026-08-30,1313869640454813411,24,1
mexico-city,4,2026-06-15,2026-08-30,1314710778506278367,5,0
mexico-city,4,2026-06-15,2026-08-30,1314779563246588639,25,2
mexico-city,4,2026-06-15,2026-08-30,1318342980668316619,6,6
mexico-city,4,2026-06-15,2026-08-30,1321030824875638646,36,0
mexico-city,4,2026-06-15,2026-08-30,1322090352059969732,6,0
mexico-city,4,2026-06-15,2026-08-30,1327141530478583810,7,7
mexico-city,4,2026-06-15,2026-08-30,1328365342851343701,2,0
mexico-city,4,2026-06-15,2026-08-30,1330544759058511284,3,0
mexico-city,4,2026-06-15,2026-08-30,1330868165512849909,3,0
mexico-city,4,2026-06-15,2026-08-30,1334177942761267372,14,14
mexico-city,4,2026-06-15,2026-08-30,1344422775360011227,7,0
mexico-city,4,2026-06-15,2026-08-30,1345717922512918626,28,1
mexico-city,4,2026-06-15,2026-08-30,1348228754094620910,30,0
mexico-city,4,2026-06-15,2026-08-30,1348531196640517558,67,4
mexico-city,4,2026-06-15,2026-08-30,1351537162956371739,5,0
mexico-city,4,2026-06-15,2026-08-30,1351705092308905477,80,8
mexico-city,4,2026-06-15,2026-08-30,1356029562415094861,48,0
mexico-city,4,2026-06-15,2026-08-30,1357361351575548804,2,0
mexico-city,4,2026-06-15,2026-08-30,1360410892898720114,6,0
mexico-city,4,2026-06-15,2026-08-30,1360470827740656649,6,0
mexico-city,4,2026-06-15,2026-08-30,1369825684186884706,16,3
mexico-city,4,2026-06-15,2026-08-30,1370387311449178964,13,0
mexico-city,4,2026-06-15,2026-08-30,1370602325115023598,10,0
mexico-city,4,2026-06-15,2026-08-30,1376969480976075673,10,2
mexico-city,4,2026-06-15,2026-08-30,1377206287298069189,4,0
mexico-city,4,2026-06-15,2026-08-30,1379853698839314872,8,0
mexico-city,4,2026-06-15,2026-08-30,1384142931516533074,3,0
mexico-city,4,2026-06-15,2026-08-30,1385006481629481653,6,0
mexico-city,4,2026-06-15,2026-08-30,1385063154117937880,8,0
mexico-city,4,2026-06-15,2026-08-30,1385095942161630921,17,7
mexico-city,4,2026-06-15,2026-08-30,1385106633866926011,1,1
mexico-city,4,2026-06-15,2026-08-30,1385928276994794550,2,0
mexico-city,4,2026-06-15,2026-08-30,1387135827251508862,3,0
mexico-city,4,2026-06-15,2026-08-30,1389137873295461778,1,0
mexico-city,4,2026-06-15,2026-08-30,1389502305283200496,5,0
mexico-city,4,2026-06-15,2026-08-30,1389945373788282859,3,0
mexico-city,4,2026-06-15,2026-08-30,1390103225515995734,3,3
mexico-city,4,2026-06-15,2026-08-30,1391660151852770764,13,0
mexico-city,4,2026-06-15,2026-08-30,1394494873628241061,5,0
mexico-city,4,2026-06-15,2026-08-30,1395319996193276517,16,7
mexico-city,4,2026-06-15,2026-08-30,1396673482057076919,9,1
mexico-city,4,2026-06-15,2026-08-30,1400858400367259701,5,0
mexico-city,4,2026-06-15,2026-08-30,1404617427987335373,13,0
mexico-city,4,2026-06-15,2026-08-30,1404749709812314404,2,0
mexico-city,4,2026-06-15,2026-08-30,1405781220652858157,7,0
mexico-city,4,2026-06-15,2026-08-30,1407231325723955923,24,0
mexico-city,4,2026-06-15,2026-08-30,1413749828356773069,18,0
mexico-city,4,2026-06-15,2026-08-30,1415265771328918692,16,3
mexico-city,4,2026-06-15,2026-08-30,1417577925460221059,63,2
mexico-city,4,2026-06-15,2026-08-30,1417702522013183273,2,0
mexico-city,4,2026-06-15,2026-08-30,1418299669899035106,3,0
mexico-city,4,2026-06-15,2026-08-30,1419718257148540926,13,0
mexico-city,4,2026-06-15,2026-08-30,1422478475376562527,12,5
mexico-city,4,2026-06-15,2026-08-30,1424745453966821812,13,0
mexico-city,4,2026-06-15,2026-08-30,1430394996701986076,47,0
mexico-city,4,2026-06-15,2026-08-30,1432263191542074861,3,3
mexico-city,4,2026-06-15,2026-08-30,1432963285969977402,38,0
mexico-city,4,2026-06-15,2026-08-30,1433312367531314604,5,0
mexico-city,4,2026-06-15,2026-08-30,1438761444474188625,5,0
mexico-city,4,2026-06-15,2026-08-30,1441394948171313111,5,0
mexico-city,4,2026-06-15,2026-08-30,1450290478323189423,3,2
mexico-city,4,2026-06-15,2026-08-30,1452938315374970213,6,0
mexico-city,4,2026-06-15,2026-08-30,1452964202361162045,12,9
mexico-city,4,2026-06-15,2026-08-30,1453174230423476852,6,6
mexico-city,4,2026-06-15,2026-08-30,1453710551526486837,28,3
mexico-city,4,2026-06-15,2026-08-30,1455452275903223930,7,0
mexico-city,4,2026-06-15,2026-08-30,1455938020068669199,14,3
mexico-city,4,2026-06-15,2026-08-30,1456161400193492691,2,0
mexico-city,4,2026-06-15,2026-08-30,1456223263166055534,4,0
mexico-city,4,2026-06-15,2026-08-30,1456777720313737174,5,2
mexico-city,4,2026-06-15,2026-08-30,1457561075376244496,5,0
mexico-city,4,2026-06-15,2026-08-30,1458225604385118083,4,0
mexico-city,4,2026-06-15,2026-08-30,1460203259106281983,28,10
mexico-city,4,2026-06-15,2026-08-30,1464720045413248996,6,0
mexico-city,4,2026-06-15,2026-08-30,1465510299879230310,6,0
mexico-city,4,2026-06-15,2026-08-30,1467106796623131201,56,8
mexico-city,4,2026-06-15,2026-08-30,1470357792825634965,13,0
mexico-city,4,2026-06-15,2026-08-30,1470581014836803254,4,0
mexico-city,4,2026-06-15,2026-08-30,1471323650962934432,4,0
mexico-city,4,2026-06-15,2026-08-30,1474869207592297127,8,1
mexico-city,4,2026-06-15,2026-08-30,1478936823429005810,9,0
mexico-city,4,2026-06-15,2026-08-30,1479276509979933174,1,1
mexico-city,4,2026-06-15,2026-08-30,1479318409576761677,6,0
mexico-city,4,2026-06-15,2026-08-30,1479748154196956526,13,0
mexico-city,4,2026-06-15,2026-08-30,1479968356781443626,3,0
mexico-city,4,2026-06-15,2026-08-30,1480588731309988735,3,0
mexico-city,4,2026-06-15,2026-08-30,1481457578390577952,8,8
mexico-city,4,2026-06-15,2026-08-30,1481623211513357614,12,0
mexico-city,4,2026-06-15,2026-08-30,1482248785797137922,6,0
mexico-city,4,2026-06-15,2026-08-30,1483482220100849271,8,0
mexico-city,4,2026-06-15,2026-08-30,1486209770994692882,10,0
mexico-city,4,2026-06-15,2026-08-30,1495703124145844408,33,1
mexico-city,4,2026-06-15,2026-08-30,1497976807654480905,8,0
mexico-city,4,2026-06-15,2026-08-30,1498587645718461899,4,0
mexico-city,4,2026-06-15,2026-08-30,1499527163285145540,4,0
mexico-city,4,2026-06-15,2026-08-30,1500370578091142325,5,0
mexico-city,4,2026-06-15,2026-08-30,1502591829187102530,19,2
mexico-city,4,2026-06-15,2026-08-30,1503721897620542746,7,1
mexico-city,4,2026-06-15,2026-08-30,1505920219446746383,7,0
mexico-city,4,2026-06-15,2026-08-30,1506158550747934309,48,5
mexico-city,4,2026-06-15,2026-08-30,1508340392335486175,55,12
mexico-city,4,2026-06-15,2026-08-30,1509001611039460443,7,0
mexico-city,4,2026-06-15,2026-08-30,1509771255193855757,15,0
mexico-city,4,2026-06-15,2026-08-30,1511676589136821250,46,1
mexico-city,4,2026-06-15,2026-08-30,1516199212135471884,18,1
