market,interval,snapshot0,snapshot1,listing_id,init_u,reopened
rio-de-janeiro,1,2025-09-26,2025-12-28,51703,17,7
rio-de-janeiro,1,2025-09-26,2025-12-28,76245,7,0
rio-de-janeiro,1,2025-09-26,2025-12-28,99971,14,0
rio-de-janeiro,1,2025-09-26,2025-12-28,216700,8,0
rio-de-janeiro,1,2025-09-26,2025-12-28,239531,7,0
rio-de-janeiro,1,2025-09-26,2025-12-28,272335,22,0
rio-de-janeiro,1,2025-09-26,2025-12-28,286792,3,2
rio-de-janeiro,1,2025-09-26,2025-12-28,326205,26,0
rio-de-janeiro,1,2025-09-26,2025-12-28,469673,19,0
rio-de-janeiro,1,2025-09-26,2025-12-28,519865,22,0
rio-de-janeiro,1,2025-09-26,2025-12-28,609019,11,0
rio-de-janeiro,1,2025-09-26,2025-12-28,658035,23,0
rio-de-janeiro,1,2025-09-26,2025-12-28,720736,10,0
rio-de-janeiro,1,2025-09-26,2025-12-28,842292,15,0
rio-de-janeiro,1,2025-09-26,2025-12-28,875689,12,2
rio-de-janeiro,1,2025-09-26,2025-12-28,1151855,11,0
rio-de-janeiro,1,2025-09-26,2025-12-28,1483182,21,0
rio-de-janeiro,1,2025-09-26,2025-12-28,1724741,10,0
rio-de-janeiro,1,2025-09-26,2025-12-28,1731827,10,9
rio-de-janeiro,1,2025-09-26,2025-12-28,1891080,9,0
rio-de-janeiro,1,2025-09-26,2025-12-28,1922676,8,0
rio-de-janeiro,1,2025-09-26,2025-12-28,1958020,9,0
rio-de-janeiro,1,2025-09-26,2025-12-28,1974856,7,0
rio-de-janeiro,1,2025-09-26,2025-12-28,2011161,12,0
rio-de-janeiro,1,2025-09-26,2025-12-28,2049221,20,3
rio-de-janeiro,1,2025-09-26,2025-12-28,2101210,10,0
rio-de-janeiro,1,2025-09-26,2025-12-28,2115137,3,0
rio-de-janeiro,1,2025-09-26,2025-12-28,2188972,12,0
rio-de-janeiro,1,2025-09-26,2025-12-28,2200957,60,11
rio-de-janeiro,1,2025-09-26,2025-12-28,2252657,6,0
rio-de-janeiro,1,2025-09-26,2025-12-28,2376850,10,0
rio-de-janeiro,1,2025-09-26,2025-12-28,2461715,18,0
rio-de-janeiro,1,2025-09-26,2025-12-28,2473323,8,0
rio-de-janeiro,1,2025-09-26,2025-12-28,2634018,8,0
rio-de-janeiro,1,2025-09-26,2025-12-28,2650674,5,0
rio-de-janeiro,1,2025-09-26,2025-12-28,2664963,33,0
rio-de-janeiro,1,2025-09-26,2025-12-28,2678905,9,0
rio-de-janeiro,1,2025-09-26,2025-12-28,2689614,3,0
rio-de-janeiro,1,2025-09-26,2025-12-28,2712999,39,0
rio-de-janeiro,1,2025-09-26,2025-12-28,2721919,7,0
rio-de-janeiro,1,2025-09-26,2025-12-28,2770005,3,3
rio-de-janeiro,1,2025-09-26,2025-12-28,2948815,25,0
rio-de-janeiro,1,2025-09-26,2025-12-28,3006105,3,0
rio-de-janeiro,1,2025-09-26,2025-12-28,3051070,4,0
rio-de-janeiro,1,2025-09-26,2025-12-28,3090760,1,1
rio-de-janeiro,1,2025-09-26,2025-12-28,3152757,17,0
rio-de-janeiro,1,2025-09-26,2025-12-28,3242422,9,0
rio-de-janeiro,1,2025-09-26,2025-12-28,3345093,3,0
rio-de-janeiro,1,2025-09-26,2025-12-28,3395314,8,2
rio-de-janeiro,1,2025-09-26,2025-12-28,3425766,6,0
rio-de-janeiro,1,2025-09-26,2025-12-28,3533170,10,2
rio-de-janeiro,1,2025-09-26,2025-12-28,3547476,35,0
rio-de-janeiro,1,2025-09-26,2025-12-28,3880347,5,0
rio-de-janeiro,1,2025-09-26,2025-12-28,3883433,21,2
rio-de-janeiro,1,2025-09-26,2025-12-28,4151435,9,0
rio-de-janeiro,1,2025-09-26,2025-12-28,4348487,9,0
rio-de-janeiro,1,2025-09-26,2025-12-28,4587146,4,0
rio-de-janeiro,1,2025-09-26,2025-12-28,4748029,3,0
rio-de-janeiro,1,2025-09-26,2025-12-28,4875052,9,0
rio-de-janeiro,1,2025-09-26,2025-12-28,4911751,1,0
rio-de-janeiro,1,2025-09-26,2025-12-28,4958207,19,0
rio-de-janeiro,1,2025-09-26,2025-12-28,5050565,43,5
rio-de-janeiro,1,2025-09-26,2025-12-28,5227607,10,5
rio-de-janeiro,1,2025-09-26,2025-12-28,5794726,56,0
rio-de-janeiro,1,2025-09-26,2025-12-28,7115731,7,0
rio-de-janeiro,1,2025-09-26,2025-12-28,7162238,25,5
rio-de-janeiro,1,2025-09-26,2025-12-28,7957886,2,0
rio-de-janeiro,1,2025-09-26,2025-12-28,8489194,7,0
rio-de-janeiro,1,2025-09-26,2025-12-28,8629526,7,0
rio-de-janeiro,1,2025-09-26,2025-12-28,8884882,47,0
rio-de-janeiro,1,2025-09-26,2025-12-28,8972171,11,0
rio-de-janeiro,1,2025-09-26,2025-12-28,9074422,20,0
rio-de-janeiro,1,2025-09-26,2025-12-28,9193844,4,0
rio-de-janeiro,1,2025-09-26,2025-12-28,9206396,10,0
rio-de-janeiro,1,2025-09-26,2025-12-28,9844789,6,0
rio-de-janeiro,1,2025-09-26,2025-12-28,9964602,35,0
rio-de-janeiro,1,2025-09-26,2025-12-28,9985669,6,0
rio-de-janeiro,1,2025-09-26,2025-12-28,10035945,35,0
rio-de-janeiro,1,2025-09-26,2025-12-28,10175849,5,0
rio-de-janeiro,1,2025-09-26,2025-12-28,10510333,8,0
rio-de-janeiro,1,2025-09-26,2025-12-28,10548128,4,0
rio-de-janeiro,1,2025-09-26,2025-12-28,10631556,3,0
rio-de-janeiro,1,2025-09-26,2025-12-28,10744466,13,0
rio-de-janeiro,1,2025-09-26,2025-12-28,10827501,2,1
rio-de-janeiro,1,2025-09-26,2025-12-28,10896807,5,0
rio-de-janeiro,1,2025-09-26,2025-12-28,11015689,12,0
rio-de-janeiro,1,2025-09-26,2025-12-28,11018889,5,0
rio-de-janeiro,1,2025-09-26,2025-12-28,11019374,16,0
rio-de-janeiro,1,2025-09-26,2025-12-28,11021520,12,0
rio-de-janeiro,1,2025-09-26,2025-12-28,11636188,13,0
rio-de-janeiro,1,2025-09-26,2025-12-28,11825042,4,0
rio-de-janeiro,1,2025-09-26,2025-12-28,11843741,20,0
rio-de-janeiro,1,2025-09-26,2025-12-28,11928722,8,0
rio-de-janeiro,1,2025-09-26,2025-12-28,12126910,29,0
rio-de-janeiro,1,2025-09-26,2025-12-28,12265728,10,0
rio-de-janeiro,1,2025-09-26,2025-12-28,12722802,7,0
rio-de-janeiro,1,2025-09-26,2025-12-28,12805746,1,1
rio-de-janeiro,1,2025-09-26,2025-12-28,12925602,54,3
rio-de-janeiro,1,2025-09-26,2025-12-28,12963509,6,0
rio-de-janeiro,1,2025-09-26,2025-12-28,12979798,19,3
rio-de-janeiro,1,2025-09-26,2025-12-28,13002148,48,1
rio-de-janeiro,1,2025-09-26,2025-12-28,13032033,31,0
rio-de-janeiro,1,2025-09-26,2025-12-28,13063480,8,0
rio-de-janeiro,1,2025-09-26,2025-12-28,13080786,34,3
rio-de-janeiro,1,2025-09-26,2025-12-28,13179065,5,0
rio-de-janeiro,1,2025-09-26,2025-12-28,13239892,20,3
rio-de-janeiro,1,2025-09-26,2025-12-28,13506747,7,0
rio-de-janeiro,1,2025-09-26,2025-12-28,13668071,4,0
rio-de-janeiro,1,2025-09-26,2025-12-28,13698823,16,0
rio-de-janeiro,1,2025-09-26,2025-12-28,13749304,45,0
rio-de-janeiro,1,2025-09-26,2025-12-28,13772015,11,0
rio-de-janeiro,1,2025-09-26,2025-12-28,13801713,11,0
rio-de-janeiro,1,2025-09-26,2025-12-28,13831108,4,0
rio-de-janeiro,1,2025-09-26,2025-12-28,14015653,6,0
rio-de-janeiro,1,2025-09-26,2025-12-28,14027889,12,0
rio-de-janeiro,1,2025-09-26,2025-12-28,14122253,2,0
rio-de-janeiro,1,2025-09-26,2025-12-28,14228713,15,1
rio-de-janeiro,1,2025-09-26,2025-12-28,14802815,15,0
rio-de-janeiro,1,2025-09-26,2025-12-28,14992196,6,0
rio-de-janeiro,1,2025-09-26,2025-12-28,15537171,12,0
rio-de-janeiro,1,2025-09-26,2025-12-28,15668815,5,5
rio-de-janeiro,1,2025-09-26,2025-12-28,15812387,3,0
rio-de-janeiro,1,2025-09-26,2025-12-28,16047655,7,0
rio-de-janeiro,1,2025-09-26,2025-12-28,16301344,2,0
rio-de-janeiro,1,2025-09-26,2025-12-28,16312220,16,0
rio-de-janeiro,1,2025-09-26,2025-12-28,16347789,4,0
rio-de-janeiro,1,2025-09-26,2025-12-28,16348530,9,0
rio-de-janeiro,1,2025-09-26,2025-12-28,16379058,14,0
rio-de-janeiro,1,2025-09-26,2025-12-28,16472297,8,0
rio-de-janeiro,1,2025-09-26,2025-12-28,16593214,11,0
rio-de-janeiro,1,2025-09-26,2025-12-28,16991073,4,0
rio-de-janeiro,1,2025-09-26,2025-12-28,17088470,30,2
rio-de-janeiro,1,2025-09-26,2025-12-28,17210513,12,0
rio-de-janeiro,1,2025-09-26,2025-12-28,17715558,11,0
rio-de-janeiro,1,2025-09-26,2025-12-28,18087389,8,0
rio-de-janeiro,1,2025-09-26,2025-12-28,18520346,13,0
rio-de-janeiro,1,2025-09-26,2025-12-28,18719160,4,0
rio-de-janeiro,1,2025-09-26,2025-12-28,19017652,23,0
rio-de-janeiro,1,2025-09-26,2025-12-28,19030679,15,0
rio-de-janeiro,1,2025-09-26,2025-12-28,19046964,16,0
rio-de-janeiro,1,2025-09-26,2025-12-28,19790169,15,5
rio-de-janeiro,1,2025-09-26,2025-12-28,20204915,14,0
rio-de-janeiro,1,2025-09-26,2025-12-28,20424433,2,0
rio-de-janeiro,1,2025-09-26,2025-12-28,20942386,9,1
rio-de-janeiro,1,2025-09-26,2025-12-28,21560625,11,0
rio-de-janeiro,1,2025-09-26,2025-12-28,21645715,13,0
rio-de-janeiro,1,2025-09-26,2025-12-28,21683987,20,0
rio-de-janeiro,1,2025-09-26,2025-12-28,21725316,12,0
rio-de-janeiro,1,2025-09-26,2025-12-28,21889834,5,0
rio-de-janeiro,1,2025-09-26,2025-12-28,22062531,4,0
rio-de-janeiro,1,2025-09-26,2025-12-28,22305212,4,0
rio-de-janeiro,1,2025-09-26,2025-12-28,22560716,5,0
rio-de-janeiro,1,2025-09-26,2025-12-28,22795593,46,35
rio-de-janeiro,1,2025-09-26,2025-12-28,22927866,16,0
rio-de-janeiro,1,2025-09-26,2025-12-28,23049612,29,1
rio-de-janeiro,1,2025-09-26,2025-12-28,23247845,1,0
rio-de-janeiro,1,2025-09-26,2025-12-28,23417111,2,0
rio-de-janeiro,1,2025-09-26,2025-12-28,23876447,15,0
rio-de-janeiro,1,2025-09-26,2025-12-28,23920933,6,3
rio-de-janeiro,1,2025-09-26,2025-12-28,24712881,11,0
rio-de-janeiro,1,2025-09-26,2025-12-28,24864865,61,14
rio-de-janeiro,1,2025-09-26,2025-12-28,24865992,7,4
rio-de-janeiro,1,2025-09-26,2025-12-28,24936051,16,0
rio-de-janeiro,1,2025-09-26,2025-12-28,26157518,31,0
rio-de-janeiro,1,2025-09-26,2025-12-28,26198816,3,0
rio-de-janeiro,1,2025-09-26,2025-12-28,27028645,7,0
rio-de-janeiro,1,2025-09-26,2025-12-28,27359280,11,0
rio-de-janeiro,1,2025-09-26,2025-12-28,27661759,15,0
rio-de-janeiro,1,2025-09-26,2025-12-28,27783243,9,0
rio-de-janeiro,1,2025-09-26,2025-12-28,27955091,12,0
rio-de-janeiro,1,2025-09-26,2025-12-28,28719990,6,0
rio-de-janeiro,1,2025-09-26,2025-12-28,29054445,1,0
rio-de-janeiro,1,2025-09-26,2025-12-28,29363926,5,0
rio-de-janeiro,1,2025-09-26,2025-12-28,29438607,42,5
rio-de-janeiro,1,2025-09-26,2025-12-28,29519833,4,0
rio-de-janeiro,1,2025-09-26,2025-12-28,29588547,13,0
rio-de-janeiro,1,2025-09-26,2025-12-28,29651948,32,0
rio-de-janeiro,1,2025-09-26,2025-12-28,29681588,10,0
rio-de-janeiro,1,2025-09-26,2025-12-28,29765982,24,0
rio-de-janeiro,1,2025-09-26,2025-12-28,29906976,19,0
rio-de-janeiro,1,2025-09-26,2025-12-28,30035291,25,0
rio-de-janeiro,1,2025-09-26,2025-12-28,30390854,11,0
rio-de-janeiro,1,2025-09-26,2025-12-28,30508447,33,0
rio-de-janeiro,1,2025-09-26,2025-12-28,30852959,32,0
rio-de-janeiro,1,2025-09-26,2025-12-28,30853578,38,0
rio-de-janeiro,1,2025-09-26,2025-12-28,30882039,5,0
rio-de-janeiro,1,2025-09-26,2025-12-28,30959647,15,6
rio-de-janeiro,1,2025-09-26,2025-12-28,31144715,6,0
rio-de-janeiro,1,2025-09-26,2025-12-28,31232639,12,0
rio-de-janeiro,1,2025-09-26,2025-12-28,31879296,24,0
rio-de-janeiro,1,2025-09-26,2025-12-28,32080593,11,0
rio-de-janeiro,1,2025-09-26,2025-12-28,32386573,14,10
rio-de-janeiro,1,2025-09-26,2025-12-28,32395230,8,0
rio-de-janeiro,1,2025-09-26,2025-12-28,32514974,20,0
rio-de-janeiro,1,2025-09-26,2025-12-28,32576948,16,0
rio-de-janeiro,1,2025-09-26,2025-12-28,32812306,6,0
rio-de-janeiro,1,2025-09-26,2025-12-28,32938534,8,3
rio-de-janeiro,1,2025-09-26,2025-12-28,33407567,10,0
rio-de-janeiro,1,2025-09-26,2025-12-28,33551658,12,0
rio-de-janeiro,1,2025-09-26,2025-12-28,34152734,11,9
rio-de-janeiro,1,2025-09-26,2025-12-28,34511627,30,6
rio-de-janeiro,1,2025-09-26,2025-12-28,35006845,5,0
rio-de-janeiro,1,2025-09-26,2025-12-28,35619970,8,0
rio-de-janeiro,1,2025-09-26,2025-12-28,35873987,15,0
rio-de-janeiro,1,2025-09-26,2025-12-28,36199812,6,1
rio-de-janeiro,1,2025-09-26,2025-12-28,36385131,17,0
rio-de-janeiro,1,2025-09-26,2025-12-28,36630998,24,21
rio-de-janeiro,1,2025-09-26,2025-12-28,36755067,25,6
rio-de-janeiro,1,2025-09-26,2025-12-28,36964340,5,0
rio-de-janeiro,1,2025-09-26,2025-12-28,38266134,7,0
rio-de-janeiro,1,2025-09-26,2025-12-28,38382103,4,0
rio-de-janeiro,1,2025-09-26,2025-12-28,38408005,4,0
rio-de-janeiro,1,2025-09-26,2025-12-28,38412133,20,0
rio-de-janeiro,1,2025-09-26,2025-12-28,38695607,11,0
rio-de-janeiro,1,2025-09-26,2025-12-28,38729256,9,0
rio-de-janeiro,1,2025-09-26,2025-12-28,38780307,15,1
rio-de-janeiro,1,2025-09-26,2025-12-28,38781254,47,0
rio-de-janeiro,1,2025-09-26,2025-12-28,39292067,30,0
rio-de-janeiro,1,2025-09-26,2025-12-28,39774856,15,0
rio-de-janeiro,1,2025-09-26,2025-12-28,39818654,30,0
rio-de-janeiro,1,2025-09-26,2025-12-28,39819121,5,0
rio-de-janeiro,1,2025-09-26,2025-12-28,39924077,15,0
rio-de-janeiro,1,2025-09-26,2025-12-28,39941220,7,7
rio-de-janeiro,1,2025-09-26,2025-12-28,40397455,36,0
rio-de-janeiro,1,2025-09-26,2025-12-28,40513629,20,0
rio-de-janeiro,1,2025-09-26,2025-12-28,40679321,7,2
rio-de-janeiro,1,2025-09-26,2025-12-28,40778811,4,0
rio-de-janeiro,1,2025-09-26,2025-12-28,40819178,6,0
rio-de-janeiro,1,2025-09-26,2025-12-28,40819928,11,0
rio-de-janeiro,1,2025-09-26,2025-12-28,40855586,15,0
rio-de-janeiro,1,2025-09-26,2025-12-28,40860701,5,0
rio-de-janeiro,1,2025-09-26,2025-12-28,40862162,5,0
rio-de-janeiro,1,2025-09-26,2025-12-28,40980696,16,0
rio-de-janeiro,1,2025-09-26,2025-12-28,40984844,7,0
rio-de-janeiro,1,2025-09-26,2025-12-28,41020158,14,0
rio-de-janeiro,1,2025-09-26,2025-12-28,41027097,16,0
rio-de-janeiro,1,2025-09-26,2025-12-28,41070890,7,0
rio-de-janeiro,1,2025-09-26,2025-12-28,41122887,34,0
rio-de-janeiro,1,2025-09-26,2025-12-28,41449539,4,0
rio-de-janeiro,1,2025-09-26,2025-12-28,41910399,11,0
rio-de-janeiro,1,2025-09-26,2025-12-28,41932562,4,0
rio-de-janeiro,1,2025-09-26,2025-12-28,42062056,6,0
rio-de-janeiro,1,2025-09-26,2025-12-28,42292413,6,0
rio-de-janeiro,1,2025-09-26,2025-12-28,42296142,5,0
rio-de-janeiro,1,2025-09-26,2025-12-28,42407927,1,1
rio-de-janeiro,1,2025-09-26,2025-12-28,42815337,5,0
rio-de-janeiro,1,2025-09-26,2025-12-28,43096444,8,0
rio-de-janeiro,1,2025-09-26,2025-12-28,43212629,12,12
rio-de-janeiro,1,2025-09-26,2025-12-28,43816926,9,1
rio-de-janeiro,1,2025-09-26,2025-12-28,43924925,15,0
rio-de-janeiro,1,2025-09-26,2025-12-28,44051299,10,0
rio-de-janeiro,1,2025-09-26,2025-12-28,44086036,30,0
rio-de-janeiro,1,2025-09-26,2025-12-28,44448815,13,0
rio-de-janeiro,1,2025-09-26,2025-12-28,44507351,5,0
rio-de-janeiro,1,2025-09-26,2025-12-28,44930161,9,0
rio-de-janeiro,1,2025-09-26,2025-12-28,44969693,5,0
rio-de-janeiro,1,2025-09-26,2025-12-28,45089892,5,0
rio-de-janeiro,1,2025-09-26,2025-12-28,45172851,6,0
rio-de-janeiro,1,2025-09-26,2025-12-28,45190777,17,0
rio-de-janeiro,1,2025-09-26,2025-12-28,45298347,4,0
rio-de-janeiro,1,2025-09-26,2025-12-28,45329462,10,0
rio-de-janeiro,1,2025-09-26,2025-12-28,45423421,34,5
rio-de-janeiro,1,2025-09-26,2025-12-28,45690819,6,0
rio-de-janeiro,1,2025-09-26,2025-12-28,45829636,1,1
rio-de-janeiro,1,2025-09-26,2025-12-28,45918844,5,0
rio-de-janeiro,1,2025-09-26,2025-12-28,46019316,5,0
rio-de-janeiro,1,2025-09-26,2025-12-28,46153816,10,3
rio-de-janeiro,1,2025-09-26,2025-12-28,46171575,6,2
rio-de-janeiro,1,2025-09-26,2025-12-28,46255086,11,0
rio-de-janeiro,1,2025-09-26,2025-12-28,46543934,58,0
rio-de-janeiro,1,2025-09-26,2025-12-28,46713068,8,0
rio-de-janeiro,1,2025-09-26,2025-12-28,46870109,11,0
rio-de-janeiro,1,2025-09-26,2025-12-28,46887839,24,9
rio-de-janeiro,1,2025-09-26,2025-12-28,47019384,38,0
rio-de-janeiro,1,2025-09-26,2025-12-28,47023768,14,4
rio-de-janeiro,1,2025-09-26,2025-12-28,47290111,37,0
rio-de-janeiro,1,2025-09-26,2025-12-28,47312391,36,0
rio-de-janeiro,1,2025-09-26,2025-12-28,47314302,9,0
rio-de-janeiro,1,2025-09-26,2025-12-28,47422465,4,0
rio-de-janeiro,1,2025-09-26,2025-12-28,47495343,8,0
rio-de-janeiro,1,2025-09-26,2025-12-28,47566052,3,0
rio-de-janeiro,1,2025-09-26,2025-12-28,47916186,17,0
rio-de-janeiro,1,2025-09-26,2025-12-28,47920760,9,2
rio-de-janeiro,1,2025-09-26,2025-12-28,47920761,4,0
rio-de-janeiro,1,2025-09-26,2025-12-28,48006614,5,0
rio-de-janeiro,1,2025-09-26,2025-12-28,48039165,7,0
rio-de-janeiro,1,2025-09-26,2025-12-28,48251904,25,0
rio-de-janeiro,1,2025-09-26,2025-12-28,48277670,4,0
rio-de-janeiro,1,2025-09-26,2025-12-28,48488631,15,2
rio-de-janeiro,1,2025-09-26,2025-12-28,48598139,25,0
rio-de-janeiro,1,2025-09-26,2025-12-28,48714207,8,0
rio-de-janeiro,1,2025-09-26,2025-12-28,48956089,23,6
rio-de-janeiro,1,2025-09-26,2025-12-28,48956118,7,0
rio-de-janeiro,1,2025-09-26,2025-12-28,48977683,12,0
rio-de-janeiro,1,2025-09-26,2025-12-28,49124606,14,0
rio-de-janeiro,1,2025-09-26,2025-12-28,49422507,4,0
rio-de-janeiro,1,2025-09-26,2025-12-28,49441183,66,5
rio-de-janeiro,1,2025-09-26,2025-12-28,49520838,10,0
rio-de-janeiro,1,2025-09-26,2025-12-28,50045454,13,0
rio-de-janeiro,1,2025-09-26,2025-12-28,50465012,11,0
rio-de-janeiro,1,2025-09-26,2025-12-28,50618079,7,0
rio-de-janeiro,1,2025-09-26,2025-12-28,50771144,20,0
rio-de-janeiro,1,2025-09-26,2025-12-28,50852168,8,0
rio-de-janeiro,1,2025-09-26,2025-12-28,51159561,21,0
rio-de-janeiro,1,2025-09-26,2025-12-28,51388652,9,0
rio-de-janeiro,1,2025-09-26,2025-12-28,51492579,21,0
rio-de-janeiro,1,2025-09-26,2025-12-28,51762355,6,0
rio-de-janeiro,1,2025-09-26,2025-12-28,51768719,3,0
rio-de-janeiro,1,2025-09-26,2025-12-28,51864193,8,0
rio-de-janeiro,1,2025-09-26,2025-12-28,52253387,21,2
rio-de-janeiro,1,2025-09-26,2025-12-28,52263234,5,0
rio-de-janeiro,1,2025-09-26,2025-12-28,52281790,6,0
rio-de-janeiro,1,2025-09-26,2025-12-28,52319819,8,0
rio-de-janeiro,1,2025-09-26,2025-12-28,52451370,15,0
rio-de-janeiro,1,2025-09-26,2025-12-28,52470694,20,0
rio-de-janeiro,1,2025-09-26,2025-12-28,52675722,14,0
rio-de-janeiro,1,2025-09-26,2025-12-28,52780214,29,0
rio-de-janeiro,1,2025-09-26,2025-12-28,52883332,10,2
rio-de-janeiro,1,2025-09-26,2025-12-28,53026084,22,0
rio-de-janeiro,1,2025-09-26,2025-12-28,53134880,8,0
rio-de-janeiro,1,2025-09-26,2025-12-28,53171558,3,0
rio-de-janeiro,1,2025-09-26,2025-12-28,53235170,4,1
rio-de-janeiro,1,2025-09-26,2025-12-28,53293089,3,0
rio-de-janeiro,1,2025-09-26,2025-12-28,53306274,6,0
rio-de-janeiro,1,2025-09-26,2025-12-28,53318245,12,0
rio-de-janeiro,1,2025-09-26,2025-12-28,53404265,8,0
rio-de-janeiro,1,2025-09-26,2025-12-28,53581631,30,5
rio-de-janeiro,1,2025-09-26,2025-12-28,53627310,22,0
rio-de-janeiro,1,2025-09-26,2025-12-28,53641157,2,0
rio-de-janeiro,1,2025-09-26,2025-12-28,53642938,15,0
rio-de-janeiro,1,2025-09-26,2025-12-28,53699487,14,0
rio-de-janeiro,1,2025-09-26,2025-12-28,53732741,16,0
rio-de-janeiro,1,2025-09-26,2025-12-28,53784190,9,0
rio-de-janeiro,1,2025-09-26,2025-12-28,53791516,3,0
rio-de-janeiro,1,2025-09-26,2025-12-28,53842746,8,0
rio-de-janeiro,1,2025-09-26,2025-12-28,53886878,5,2
rio-de-janeiro,1,2025-09-26,2025-12-28,53932752,38,0
rio-de-janeiro,1,2025-09-26,2025-12-28,53935896,7,0
rio-de-janeiro,1,2025-09-26,2025-12-28,54000352,6,0
rio-de-janeiro,1,2025-09-26,2025-12-28,54039299,9,0
rio-de-janeiro,1,2025-09-26,2025-12-28,54050183,11,3
rio-de-janeiro,1,2025-09-26,2025-12-28,54082938,7,2
rio-de-janeiro,1,2025-09-26,2025-12-28,54125284,25,8
rio-de-janeiro,1,2025-09-26,2025-12-28,54181670,25,3
rio-de-janeiro,1,2025-09-26,2025-12-28,54190040,11,0
rio-de-janeiro,1,2025-09-26,2025-12-28,54350081,10,0
rio-de-janeiro,1,2025-09-26,2025-12-28,511554050783757464,20,0
rio-de-janeiro,1,2025-09-26,2025-12-28,541762628136618142,6,0
rio-de-janeiro,1,2025-09-26,2025-12-28,547715332363899857,30,0
rio-de-janeiro,1,2025-09-26,2025-12-28,552822847514447367,17,0
rio-de-janeiro,1,2025-09-26,2025-12-28,553440715632846154,22,0
rio-de-janeiro,1,2025-09-26,2025-12-28,555222284791989554,15,0
rio-de-janeiro,1,2025-09-26,2025-12-28,558553896114979094,17,0
rio-de-janeiro,1,2025-09-26,2025-12-28,559437367789966887,4,0
rio-de-janeiro,1,2025-09-26,2025-12-28,565364001479899347,7,0
rio-de-janeiro,1,2025-09-26,2025-12-28,566495266643832791,4,0
rio-de-janeiro,1,2025-09-26,2025-12-28,568115968082167747,33,0
rio-de-janeiro,1,2025-09-26,2025-12-28,568985043362521772,3,0
rio-de-janeiro,1,2025-09-26,2025-12-28,575491340740448832,11,11
rio-de-janeiro,1,2025-09-26,2025-12-28,577334016313224109,8,0
rio-de-janeiro,1,2025-09-26,2025-12-28,582429799815242395,14,0
rio-de-janeiro,1,2025-09-26,2025-12-28,582726179465692037,4,0
rio-de-janeiro,1,2025-09-26,2025-12-28,583139236165542661,5,2
rio-de-janeiro,1,2025-09-26,2025-12-28,584919114900808588,5,0
rio-de-janeiro,1,2025-09-26,2025-12-28,590549803298394739,6,0
rio-de-janeiro,1,2025-09-26,2025-12-28,592566514097312468,31,0
rio-de-janeiro,1,2025-09-26,2025-12-28,596178150973931737,5,0
rio-de-janeiro,1,2025-09-26,2025-12-28,600009051217940772,6,0
rio-de-janeiro,1,2025-09-26,2025-12-28,600466017199464589,47,0
rio-de-janeiro,1,2025-09-26,2025-12-28,600884195760619334,16,0
rio-de-janeiro,1,2025-09-26,2025-12-28,601501730115809269,4,0
rio-de-janeiro,1,2025-09-26,2025-12-28,603462491397771613,28,0
rio-de-janeiro,1,2025-09-26,2025-12-28,603673910096218176,57,2
rio-de-janeiro,1,2025-09-26,2025-12-28,607445547939583212,8,0
rio-de-janeiro,1,2025-09-26,2025-12-28,607768328867771834,10,2
rio-de-janeiro,1,2025-09-26,2025-12-28,610515121473096131,14,0
rio-de-janeiro,1,2025-09-26,2025-12-28,623006851590842002,18,0
rio-de-janeiro,1,2025-09-26,2025-12-28,624073269983353580,23,0
rio-de-janeiro,1,2025-09-26,2025-12-28,625176033471139975,40,5
rio-de-janeiro,1,2025-09-26,2025-12-28,627569820320939949,34,0
rio-de-janeiro,1,2025-09-26,2025-12-28,640459864145611465,9,0
rio-de-janeiro,1,2025-09-26,2025-12-28,641325995715972294,21,0
rio-de-janeiro,1,2025-09-26,2025-12-28,653531093869596704,14,0
rio-de-janeiro,1,2025-09-26,2025-12-28,655716567014470144,11,0
rio-de-janeiro,1,2025-09-26,2025-12-28,656608917498168174,43,0
rio-de-janeiro,1,2025-09-26,2025-12-28,657286278830339980,5,0
rio-de-janeiro,1,2025-09-26,2025-12-28,658099279539622307,18,0
rio-de-janeiro,1,2025-09-26,2025-12-28,661517312633340105,23,1
rio-de-janeiro,1,2025-09-26,2025-12-28,664385719184525038,8,2
rio-de-janeiro,1,2025-09-26,2025-12-28,664998739862713397,27,5
rio-de-janeiro,1,2025-09-26,2025-12-28,668728495239464899,3,0
rio-de-janeiro,1,2025-09-26,2025-12-28,669720085577872820,7,0
rio-de-janeiro,1,2025-09-26,2025-12-28,673834999646856862,14,5
rio-de-janeiro,1,2025-09-26,2025-12-28,673932949032528440,6,0
rio-de-janeiro,1,2025-09-26,2025-12-28,675430764478723624,17,0
rio-de-janeiro,1,2025-09-26,2025-12-28,682452729146468645,6,0
rio-de-janeiro,1,2025-09-26,2025-12-28,688620403203223289,6,2
rio-de-janeiro,1,2025-09-26,2025-12-28,689171033597823718,13,4
rio-de-janeiro,1,2025-09-26,2025-12-28,690769330273423626,10,0
rio-de-janeiro,1,2025-09-26,2025-12-28,694835085901091497,9,0
rio-de-janeiro,1,2025-09-26,2025-12-28,694839547462282187,10,6
rio-de-janeiro,1,2025-09-26,2025-12-28,695761446242271318,41,1
rio-de-janeiro,1,2025-09-26,2025-12-28,700824307898165932,14,0
rio-de-janeiro,1,2025-09-26,2025-12-28,701215694521627871,1,0
rio-de-janeiro,1,2025-09-26,2025-12-28,702332800099907350,46,1
rio-de-janeiro,1,2025-09-26,2025-12-28,704383380938416247,19,0
rio-de-janeiro,1,2025-09-26,2025-12-28,706272811656752602,11,0
rio-de-janeiro,1,2025-09-26,2025-12-28,708047306124418885,15,0
rio-de-janeiro,1,2025-09-26,2025-12-28,708790700743852729,12,0
rio-de-janeiro,1,2025-09-26,2025-12-28,709237644419965344,4,0
rio-de-janeiro,1,2025-09-26,2025-12-28,712839769464004712,7,0
rio-de-janeiro,1,2025-09-26,2025-12-28,713153621555720114,3,0
rio-de-janeiro,1,2025-09-26,2025-12-28,717236561181788602,2,0
rio-de-janeiro,1,2025-09-26,2025-12-28,720068853493980125,10,0
rio-de-janeiro,1,2025-09-26,2025-12-28,720150108128628282,18,0
rio-de-janeiro,1,2025-09-26,2025-12-28,722550644261081400,7,2
rio-de-janeiro,1,2025-09-26,2025-12-28,723785711208804203,10,0
rio-de-janeiro,1,2025-09-26,2025-12-28,726225755882074061,9,0
rio-de-janeiro,1,2025-09-26,2025-12-28,731242180083592456,9,2
rio-de-janeiro,1,2025-09-26,2025-12-28,731711821911358195,6,0
rio-de-janeiro,1,2025-09-26,2025-12-28,741717430993387687,29,0
rio-de-janeiro,1,2025-09-26,2025-12-28,747583010203782067,5,0
rio-de-janeiro,1,2025-09-26,2025-12-28,750798014779240660,6,0
rio-de-janeiro,1,2025-09-26,2025-12-28,750969498344152576,27,0
rio-de-janeiro,1,2025-09-26,2025-12-28,752318531145700331,21,0
rio-de-janeiro,1,2025-09-26,2025-12-28,754707295486024453,18,0
rio-de-janeiro,1,2025-09-26,2025-12-28,755732220409480334,9,0
rio-de-janeiro,1,2025-09-26,2025-12-28,757808213217113456,13,0
rio-de-janeiro,1,2025-09-26,2025-12-28,758599053024738370,13,0
rio-de-janeiro,1,2025-09-26,2025-12-28,760296280457659439,4,0
rio-de-janeiro,1,2025-09-26,2025-12-28,760408868723383419,10,0
rio-de-janeiro,1,2025-09-26,2025-12-28,760738328609822189,16,0
rio-de-janeiro,1,2025-09-26,2025-12-28,760904324599181535,5,0
rio-de-janeiro,1,2025-09-26,2025-12-28,760983155361368371,15,0
rio-de-janeiro,1,2025-09-26,2025-12-28,762491782314625330,20,0
rio-de-janeiro,1,2025-09-26,2025-12-28,762494777628141432,4,1
rio-de-janeiro,1,2025-09-26,2025-12-28,765050313621150856,8,0
rio-de-janeiro,1,2025-09-26,2025-12-28,765110782170430640,9,2
rio-de-janeiro,1,2025-09-26,2025-12-28,768892727834435619,6,0
rio-de-janeiro,1,2025-09-26,2025-12-28,771098962082745806,5,0
rio-de-janeiro,1,2025-09-26,2025-12-28,772418979090315566,3,0
rio-de-janeiro,1,2025-09-26,2025-12-28,774827712506825560,15,0
rio-de-janeiro,1,2025-09-26,2025-12-28,774926456628039431,28,0
rio-de-janeiro,1,2025-09-26,2025-12-28,775170693704609855,7,0
rio-de-janeiro,1,2025-09-26,2025-12-28,775403032136544664,9,0
rio-de-janeiro,1,2025-09-26,2025-12-28,776259335928693061,18,11
rio-de-janeiro,1,2025-09-26,2025-12-28,776862912591244078,14,0
rio-de-janeiro,1,2025-09-26,2025-12-28,777084368000139519,37,0
rio-de-janeiro,1,2025-09-26,2025-12-28,779218949916492566,7,0
rio-de-janeiro,1,2025-09-26,2025-12-28,779631055504855969,20,0
rio-de-janeiro,1,2025-09-26,2025-12-28,780556483620059927,8,1
rio-de-janeiro,1,2025-09-26,2025-12-28,781994341937717698,15,0
rio-de-janeiro,1,2025-09-26,2025-12-28,784657058818724860,15,0
rio-de-janeiro,1,2025-09-26,2025-12-28,786784978594618127,9,0
rio-de-janeiro,1,2025-09-26,2025-12-28,786962087242243569,5,0
rio-de-janeiro,1,2025-09-26,2025-12-28,789749389256750270,4,0
rio-de-janeiro,1,2025-09-26,2025-12-28,791603070671449360,24,2
rio-de-janeiro,1,2025-09-26,2025-12-28,793613597860520531,14,0
rio-de-janeiro,1,2025-09-26,2025-12-28,795012130129968332,40,0
rio-de-janeiro,1,2025-09-26,2025-12-28,797650221585770256,14,8
rio-de-janeiro,1,2025-09-26,2025-12-28,803199051910470332,9,0
rio-de-janeiro,1,2025-09-26,2025-12-28,803407571748956618,4,0
rio-de-janeiro,1,2025-09-26,2025-12-28,806613579524378128,5,0
rio-de-janeiro,1,2025-09-26,2025-12-28,807224173919682370,17,0
rio-de-janeiro,1,2025-09-26,2025-12-28,812939750380298559,12,0
rio-de-janeiro,1,2025-09-26,2025-12-28,813081285094207335,4,0
rio-de-janeiro,1,2025-09-26,2025-12-28,813473997965382108,13,6
rio-de-janeiro,1,2025-09-26,2025-12-28,815174999785259158,5,0
rio-de-janeiro,1,2025-09-26,2025-12-28,816123192635060597,6,0
rio-de-janeiro,1,2025-09-26,2025-12-28,816164224266123456,1,1
rio-de-janeiro,1,2025-09-26,2025-12-28,816724295083488542,6,0
rio-de-janeiro,1,2025-09-26,2025-12-28,818982601492014920,22,0
rio-de-janeiro,1,2025-09-26,2025-12-28,819070477625517948,5,2
rio-de-janeiro,1,2025-09-26,2025-12-28,820467819369891302,8,0
rio-de-janeiro,1,2025-09-26,2025-12-28,820544186418537450,8,0
rio-de-janeiro,1,2025-09-26,2025-12-28,822226711819307413,13,0
rio-de-janeiro,1,2025-09-26,2025-12-28,823962276085788623,2,0
rio-de-janeiro,1,2025-09-26,2025-12-28,824470918294314746,1,0
rio-de-janeiro,1,2025-09-26,2025-12-28,825547613862061307,11,0
rio-de-janeiro,1,2025-09-26,2025-12-28,825776672953731111,12,0
rio-de-janeiro,1,2025-09-26,2025-12-28,828955847375640089,9,1
rio-de-janeiro,1,2025-09-26,2025-12-28,828964003636311587,15,2
rio-de-janeiro,1,2025-09-26,2025-12-28,829709925665566615,4,0
rio-de-janeiro,1,2025-09-26,2025-12-28,830657680920864062,38,1
rio-de-janeiro,1,2025-09-26,2025-12-28,832482146450214846,46,0
rio-de-janeiro,1,2025-09-26,2025-12-28,839763252060025073,23,0
rio-de-janeiro,1,2025-09-26,2025-12-28,839844100624059196,15,0
rio-de-janeiro,1,2025-09-26,2025-12-28,840014779844345698,3,0
rio-de-janeiro,1,2025-09-26,2025-12-28,842597269048229316,10,0
rio-de-janeiro,1,2025-09-26,2025-12-28,844856183120647310,4,2
rio-de-janeiro,1,2025-09-26,2025-12-28,847228149246511658,9,0
rio-de-janeiro,1,2025-09-26,2025-12-28,849054546965361200,6,0
rio-de-janeiro,1,2025-09-26,2025-12-28,852900198645139176,26,3
rio-de-janeiro,1,2025-09-26,2025-12-28,854270388938420331,5,0
rio-de-janeiro,1,2025-09-26,2025-12-28,855913725138101115,1,0
rio-de-janeiro,1,2025-09-26,2025-12-28,856588008082125449,13,0
rio-de-janeiro,1,2025-09-26,2025-12-28,859953873463220769,14,2
rio-de-janeiro,1,2025-09-26,2025-12-28,860686958880047235,19,4
rio-de-janeiro,1,2025-09-26,2025-12-28,862284782744887473,30,6
rio-de-janeiro,1,2025-09-26,2025-12-28,863132729379850161,6,0
rio-de-janeiro,1,2025-09-26,2025-12-28,864246134624271871,14,0
rio-de-janeiro,1,2025-09-26,2025-12-28,868942237083950650,22,0
rio-de-janeiro,1,2025-09-26,2025-12-28,871008032689111144,18,6
rio-de-janeiro,1,2025-09-26,2025-12-28,871691738759118551,21,0
rio-de-janeiro,1,2025-09-26,2025-12-28,871890728598871718,3,0
rio-de-janeiro,1,2025-09-26,2025-12-28,872457876541465663,2,0
rio-de-janeiro,1,2025-09-26,2025-12-28,872497168826373192,20,0
rio-de-janeiro,1,2025-09-26,2025-12-28,872776940857312727,4,0
rio-de-janeiro,1,2025-09-26,2025-12-28,874595503862935621,5,0
rio-de-janeiro,1,2025-09-26,2025-12-28,876731032349992072,12,0
rio-de-janeiro,1,2025-09-26,2025-12-28,884042298357441137,7,0
rio-de-janeiro,1,2025-09-26,2025-12-28,884338542847187861,5,0
rio-de-janeiro,1,2025-09-26,2025-12-28,886840610886680390,12,0
rio-de-janeiro,1,2025-09-26,2025-12-28,892468328069343601,9,0
rio-de-janeiro,1,2025-09-26,2025-12-28,894212973013077477,2,0
rio-de-janeiro,1,2025-09-26,2025-12-28,899866479786463765,14,0
rio-de-janeiro,1,2025-09-26,2025-12-28,902977559602534227,8,5
rio-de-janeiro,1,2025-09-26,2025-12-28,903458315846588657,27,0
rio-de-janeiro,1,2025-09-26,2025-12-28,903753179690792385,14,0
rio-de-janeiro,1,2025-09-26,2025-12-28,906760226370514657,7,0
rio-de-janeiro,1,2025-09-26,2025-12-28,910261209419116456,10,1
rio-de-janeiro,1,2025-09-26,2025-12-28,915168390135783978,18,0
rio-de-janeiro,1,2025-09-26,2025-12-28,916732216123435660,4,0
rio-de-janeiro,1,2025-09-26,2025-12-28,919694077291090301,5,0
rio-de-janeiro,1,2025-09-26,2025-12-28,922520696288348979,7,0
rio-de-janeiro,1,2025-09-26,2025-12-28,923095003504556323,77,7
rio-de-janeiro,1,2025-09-26,2025-12-28,926275761085152834,9,1
rio-de-janeiro,1,2025-09-26,2025-12-28,929114565403951735,3,0
rio-de-janeiro,1,2025-09-26,2025-12-28,937728071822510185,16,7
rio-de-janeiro,1,2025-09-26,2025-12-28,938589639585002595,20,0
rio-de-janeiro,1,2025-09-26,2025-12-28,941796120027944441,3,0
rio-de-janeiro,1,2025-09-26,2025-12-28,943492512075698285,17,0
rio-de-janeiro,1,2025-09-26,2025-12-28,954486134956378483,14,0
rio-de-janeiro,1,2025-09-26,2025-12-28,955905180248418457,17,0
rio-de-janeiro,1,2025-09-26,2025-12-28,957274139958655870,9,0
rio-de-janeiro,1,2025-09-26,2025-12-28,957448278272057749,21,2
rio-de-janeiro,1,2025-09-26,2025-12-28,961659051511319807,3,0
rio-de-janeiro,1,2025-09-26,2025-12-28,961731864911509906,31,0
rio-de-janeiro,1,2025-09-26,2025-12-28,962303973858176446,16,0
rio-de-janeiro,1,2025-09-26,2025-12-28,963097172074285793,10,0
rio-de-janeiro,1,2025-09-26,2025-12-28,967533352109410898,25,1
rio-de-janeiro,1,2025-09-26,2025-12-28,968381810637897720,10,0
rio-de-janeiro,1,2025-09-26,2025-12-28,968892794407052383,23,0
rio-de-janeiro,1,2025-09-26,2025-12-28,969781892259518973,6,0
rio-de-janeiro,1,2025-09-26,2025-12-28,973004865256347528,7,0
rio-de-janeiro,1,2025-09-26,2025-12-28,973066818943636241,17,0
rio-de-janeiro,1,2025-09-26,2025-12-28,973074972062964944,13,0
rio-de-janeiro,1,2025-09-26,2025-12-28,973844590480836540,13,5
rio-de-janeiro,1,2025-09-26,2025-12-28,974517913207577453,4,0
rio-de-janeiro,1,2025-09-26,2025-12-28,974696159088185930,15,0
rio-de-janeiro,1,2025-09-26,2025-12-28,975444984749027484,13,0
rio-de-janeiro,1,2025-09-26,2025-12-28,975510849553881654,16,0
rio-de-janeiro,1,2025-09-26,2025-12-28,976282995617797216,6,1
rio-de-janeiro,1,2025-09-26,2025-12-28,978992441190457265,13,0
rio-de-janeiro,1,2025-09-26,2025-12-28,981954798756419710,19,0
rio-de-janeiro,1,2025-09-26,2025-12-28,982860125082437072,29,1
rio-de-janeiro,1,2025-09-26,2025-12-28,987125204853926910,18,0
rio-de-janeiro,1,2025-09-26,2025-12-28,989075962463492672,3,0
rio-de-janeiro,1,2025-09-26,2025-12-28,989102984894566612,20,0
rio-de-janeiro,1,2025-09-26,2025-12-28,991895332500990996,11,0
rio-de-janeiro,1,2025-09-26,2025-12-28,994808212880236159,10,1
rio-de-janeiro,1,2025-09-26,2025-12-28,995148140300072491,3,0
rio-de-janeiro,1,2025-09-26,2025-12-28,996627777399432636,4,0
rio-de-janeiro,1,2025-09-26,2025-12-28,998677572574352637,12,0
rio-de-janeiro,1,2025-09-26,2025-12-28,1001506418267362607,3,0
rio-de-janeiro,1,2025-09-26,2025-12-28,1001701424522192991,39,11
rio-de-janeiro,1,2025-09-26,2025-12-28,1002179183482563697,3,0
rio-de-janeiro,1,2025-09-26,2025-12-28,1002263954419984978,6,0
rio-de-janeiro,1,2025-09-26,2025-12-28,1003612933235345552,3,3
rio-de-janeiro,1,2025-09-26,2025-12-28,1004410407555930038,7,0
rio-de-janeiro,1,2025-09-26,2025-12-28,1004539157458538041,15,0
rio-de-janeiro,1,2025-09-26,2025-12-28,1006573027775426123,5,0
rio-de-janeiro,1,2025-09-26,2025-12-28,1007241288742998691,8,3
rio-de-janeiro,1,2025-09-26,2025-12-28,1007551375876604795,18,6
rio-de-janeiro,1,2025-09-26,2025-12-28,1008667182513081714,18,0
rio-de-janeiro,1,2025-09-26,2025-12-28,1008813085076411690,9,3
rio-de-janeiro,1,2025-09-26,2025-12-28,1010748000631478758,3,0
rio-de-janeiro,1,2025-09-26,2025-12-28,1011605431127953606,7,0
rio-de-janeiro,1,2025-09-26,2025-12-28,1013904140043177101,18,0
rio-de-janeiro,1,2025-09-26,2025-12-28,1015846231955846125,8,1
rio-de-janeiro,1,2025-09-26,2025-12-28,1016699539086659728,12,2
rio-de-janeiro,1,2025-09-26,2025-12-28,1016919858718678033,23,0
rio-de-janeiro,1,2025-09-26,2025-12-28,1017368239075878199,6,0
rio-de-janeiro,1,2025-09-26,2025-12-28,1018962111708591741,21,0
rio-de-janeiro,1,2025-09-26,2025-12-28,1019828024663663645,9,2
rio-de-janeiro,1,2025-09-26,2025-12-28,1020150812428764177,17,0
rio-de-janeiro,1,2025-09-26,2025-12-28,1020363426640389267,7,0
rio-de-janeiro,1,2025-09-26,2025-12-28,1021822593043900938,5,0
rio-de-janeiro,1,2025-09-26,2025-12-28,1025593120425273373,5,0
rio-de-janeiro,1,2025-09-26,2025-12-28,1025616204184694956,4,0
rio-de-janeiro,1,2025-09-26,2025-12-28,1026008594383164881,4,0
rio-de-janeiro,1,2025-09-26,2025-12-28,1027831118099367482,4,0
rio-de-janeiro,1,2025-09-26,2025-12-28,1028379983856774822,5,0
rio-de-janeiro,1,2025-09-26,2025-12-28,1030335072381147839,6,0
rio-de-janeiro,1,2025-09-26,2025-12-28,1031772295738265495,9,0
rio-de-janeiro,1,2025-09-26,2025-12-28,1032561929098590087,9,1
rio-de-janeiro,1,2025-09-26,2025-12-28,1032665563090143527,1,0
rio-de-janeiro,1,2025-09-26,2025-12-28,1032729008696037350,6,0
rio-de-janeiro,1,2025-09-26,2025-12-28,1037199005716710932,3,0
rio-de-janeiro,1,2025-09-26,2025-12-28,1037744896554074798,12,0
rio-de-janeiro,1,2025-09-26,2025-12-28,1038819967140257899,8,0
rio-de-janeiro,1,2025-09-26,2025-12-28,1039285702352881521,3,0
rio-de-janeiro,1,2025-09-26,2025-12-28,1039364901364302384,6,0
rio-de-janeiro,1,2025-09-26,2025-12-28,1039704548636987508,24,0
rio-de-janeiro,1,2025-09-26,2025-12-28,1040024900352316094,12,0
rio-de-janeiro,1,2025-09-26,2025-12-28,1040614095120773119,33,0
rio-de-janeiro,1,2025-09-26,2025-12-28,1041095761576083246,7,0
rio-de-janeiro,1,2025-09-26,2025-12-28,1042616253429800329,5,0
rio-de-janeiro,1,2025-09-26,2025-12-28,1044371188943409739,4,0
rio-de-janeiro,1,2025-09-26,2025-12-28,1045269719338057594,4,0
rio-de-janeiro,1,2025-09-26,2025-12-28,1046972455578770939,11,0
rio-de-janeiro,1,2025-09-26,2025-12-28,1047161364865031235,11,0
rio-de-janeiro,1,2025-09-26,2025-12-28,1047176999377221340,4,0
rio-de-janeiro,1,2025-09-26,2025-12-28,1047319808270480073,7,0
rio-de-janeiro,1,2025-09-26,2025-12-28,1048056039659024286,5,0
rio-de-janeiro,1,2025-09-26,2025-12-28,1049182537885616375,10,0
rio-de-janeiro,1,2025-09-26,2025-12-28,1049349802329639103,6,0
rio-de-janeiro,1,2025-09-26,2025-12-28,1049448842986187706,9,0
rio-de-janeiro,1,2025-09-26,2025-12-28,1049500465025431748,17,0
rio-de-janeiro,1,2025-09-26,2025-12-28,1049774602485298524,27,0
rio-de-janeiro,1,2025-09-26,2025-12-28,1050227817118384190,16,5
rio-de-janeiro,1,2025-09-26,2025-12-28,1050509869636511914,13,0
rio-de-janeiro,1,2025-09-26,2025-12-28,1050673710062389284,37,4
rio-de-janeiro,1,2025-09-26,2025-12-28,1051088613202592966,6,0
rio-de-janeiro,1,2025-09-26,2025-12-28,1051416760194330713,23,1
rio-de-janeiro,1,2025-09-26,2025-12-28,1051708772559571919,25,11
rio-de-janeiro,1,2025-09-26,2025-12-28,1052076267057484440,4,0
rio-de-janeiro,1,2025-09-26,2025-12-28,1052222141929310859,21,2
rio-de-janeiro,1,2025-09-26,2025-12-28,1052906470142742507,4,0
rio-de-janeiro,1,2025-09-26,2025-12-28,1052936974945191398,8,0
rio-de-janeiro,1,2025-09-26,2025-12-28,1053428487620174682,15,1
rio-de-janeiro,1,2025-09-26,2025-12-28,1053532422169448082,4,0
rio-de-janeiro,1,2025-09-26,2025-12-28,1053655074004481557,22,0
rio-de-janeiro,1,2025-09-26,2025-12-28,1054353928123425066,3,0
rio-de-janeiro,1,2025-09-26,2025-12-28,1055104284300080828,5,0
rio-de-janeiro,1,2025-09-26,2025-12-28,1055715241012270732,16,0
rio-de-janeiro,1,2025-09-26,2025-12-28,1055793287484137453,13,4
rio-de-janeiro,1,2025-09-26,2025-12-28,1055870528020156562,39,1
rio-de-janeiro,1,2025-09-26,2025-12-28,1056534896769630484,2,0
rio-de-janeiro,1,2025-09-26,2025-12-28,1060812392970539206,11,0
rio-de-janeiro,1,2025-09-26,2025-12-28,1060841969610377656,16,0
rio-de-janeiro,1,2025-09-26,2025-12-28,1062438068202011411,4,0
rio-de-janeiro,1,2025-09-26,2025-12-28,1062502504525407432,6,1
rio-de-janeiro,1,2025-09-26,2025-12-28,1063254573368216299,3,0
rio-de-janeiro,1,2025-09-26,2025-12-28,1065796427860490150,18,7
rio-de-janeiro,1,2025-09-26,2025-12-28,1067997899324865036,9,0
rio-de-janeiro,1,2025-09-26,2025-12-28,1068850031968919699,5,0
rio-de-janeiro,1,2025-09-26,2025-12-28,1069109748163185731,9,0
rio-de-janeiro,1,2025-09-26,2025-12-28,1069352046379154552,9,3
rio-de-janeiro,1,2025-09-26,2025-12-28,1069508000687548834,78,1
rio-de-janeiro,1,2025-09-26,2025-12-28,1069614903975746540,5,0
rio-de-janeiro,1,2025-09-26,2025-12-28,1070175221432276349,7,0
rio-de-janeiro,1,2025-09-26,2025-12-28,1070487803975021334,14,0
rio-de-janeiro,1,2025-09-26,2025-12-28,1073070229590234439,19,0
rio-de-janeiro,1,2025-09-26,2025-12-28,1073145112413776992,10,5
rio-de-janeiro,1,2025-09-26,2025-12-28,1073918681069248194,5,0
rio-de-janeiro,1,2025-09-26,2025-12-28,1074442086316051711,14,0
rio-de-janeiro,1,2025-09-26,2025-12-28,1074689004220799800,15,6
rio-de-janeiro,1,2025-09-26,2025-12-28,1076055701449116247,10,0
rio-de-janeiro,1,2025-09-26,2025-12-28,1076202430169606587,1,0
rio-de-janeiro,1,2025-09-26,2025-12-28,1079155443097216449,7,0
rio-de-janeiro,1,2025-09-26,2025-12-28,1079188682869240094,1,0
rio-de-janeiro,1,2025-09-26,2025-12-28,1079929507092661295,6,0
rio-de-janeiro,1,2025-09-26,2025-12-28,1080279227762448318,5,0
rio-de-janeiro,1,2025-09-26,2025-12-28,1080998258235771439,6,0
rio-de-janeiro,1,2025-09-26,2025-12-28,1081099414853093010,5,0
rio-de-janeiro,1,2025-09-26,2025-12-28,1081106746177050540,7,0
rio-de-janeiro,1,2025-09-26,2025-12-28,1081250330462511133,6,6
rio-de-janeiro,1,2025-09-26,2025-12-28,1081337459013176146,30,1
rio-de-janeiro,1,2025-09-26,2025-12-28,1082254132538933487,10,10
rio-de-janeiro,1,2025-09-26,2025-12-28,1082345258296011094,10,10
rio-de-janeiro,1,2025-09-26,2025-12-28,1083572485377705417,18,0
rio-de-janeiro,1,2025-09-26,2025-12-28,1083688482569069733,20,4
rio-de-janeiro,1,2025-09-26,2025-12-28,1084158641380777862,5,0
rio-de-janeiro,1,2025-09-26,2025-12-28,1086098117578515966,7,7
rio-de-janeiro,1,2025-09-26,2025-12-28,1086353210661368514,9,0
rio-de-janeiro,1,2025-09-26,2025-12-28,1086594163615276567,16,0
rio-de-janeiro,1,2025-09-26,2025-12-28,1087748437106041452,5,0
rio-de-janeiro,1,2025-09-26,2025-12-28,1087811662577785968,9,0
rio-de-janeiro,1,2025-09-26,2025-12-28,1089171519494794885,13,8
rio-de-janeiro,1,2025-09-26,2025-12-28,1091316669945307930,18,0
rio-de-janeiro,1,2025-09-26,2025-12-28,1091507654281907323,14,0
rio-de-janeiro,1,2025-09-26,2025-12-28,1093639864280939554,11,1
rio-de-janeiro,1,2025-09-26,2025-12-28,1094373672052952090,6,0
rio-de-janeiro,1,2025-09-26,2025-12-28,1096553512269210573,6,0
rio-de-janeiro,1,2025-09-26,2025-12-28,1098593686893865111,22,1
rio-de-janeiro,1,2025-09-26,2025-12-28,1103502320632316339,4,1
rio-de-janeiro,1,2025-09-26,2025-12-28,1103532198381186512,3,0
rio-de-janeiro,1,2025-09-26,2025-12-28,1107849434904428212,8,0
rio-de-janeiro,1,2025-09-26,2025-12-28,1111011133929088201,18,1
rio-de-janeiro,1,2025-09-26,2025-12-28,1115796071871682501,13,0
rio-de-janeiro,1,2025-09-26,2025-12-28,1116687226507925303,24,2
rio-de-janeiro,1,2025-09-26,2025-12-28,1118244517839671517,14,0
rio-de-janeiro,1,2025-09-26,2025-12-28,1118304950322866247,19,0
rio-de-janeiro,1,2025-09-26,2025-12-28,1119029934435378921,13,0
rio-de-janeiro,1,2025-09-26,2025-12-28,1119876211568852069,37,0
rio-de-janeiro,1,2025-09-26,2025-12-28,1126147210373761919,6,0
rio-de-janeiro,1,2025-09-26,2025-12-28,1127782504767596495,2,0
rio-de-janeiro,1,2025-09-26,2025-12-28,1129142752287296712,22,0
rio-de-janeiro,1,2025-09-26,2025-12-28,1129814579740097515,4,0
rio-de-janeiro,1,2025-09-26,2025-12-28,1130738833280769726,14,3
rio-de-janeiro,1,2025-09-26,2025-12-28,1131383271592712811,18,5
rio-de-janeiro,1,2025-09-26,2025-12-28,1135397450019612422,2,0
rio-de-janeiro,1,2025-09-26,2025-12-28,1138669660120006776,41,0
rio-de-janeiro,1,2025-09-26,2025-12-28,1139165299901042158,11,0
rio-de-janeiro,1,2025-09-26,2025-12-28,1144155769547998255,27,0
rio-de-janeiro,1,2025-09-26,2025-12-28,1144229616617704638,18,0
rio-de-janeiro,1,2025-09-26,2025-12-28,1145558900079543147,6,0
rio-de-janeiro,1,2025-09-26,2025-12-28,1145886092069109875,7,0
rio-de-janeiro,1,2025-09-26,2025-12-28,1147714266781723330,20,1
rio-de-janeiro,1,2025-09-26,2025-12-28,1148694904121446349,3,0
rio-de-janeiro,1,2025-09-26,2025-12-28,1151468814949645135,4,0
rio-de-janeiro,1,2025-09-26,2025-12-28,1151599290309461309,8,0
rio-de-janeiro,1,2025-09-26,2025-12-28,1157841112787396139,17,0
rio-de-janeiro,1,2025-09-26,2025-12-28,1158837577392508603,6,1
rio-de-janeiro,1,2025-09-26,2025-12-28,1158845384344198600,7,3
rio-de-janeiro,1,2025-09-26,2025-12-28,1158906925719457683,8,0
rio-de-janeiro,1,2025-09-26,2025-12-28,1159550629739881809,13,0
rio-de-janeiro,1,2025-09-26,2025-12-28,1161562262660495735,6,0
rio-de-janeiro,1,2025-09-26,2025-12-28,1164620242186785706,7,6
rio-de-janeiro,1,2025-09-26,2025-12-28,1165873065723636706,9,0
rio-de-janeiro,1,2025-09-26,2025-12-28,1165915406655967444,21,0
rio-de-janeiro,1,2025-09-26,2025-12-28,1166125661263273849,6,0
rio-de-janeiro,1,2025-09-26,2025-12-28,1171178814411417210,32,0
rio-de-janeiro,1,2025-09-26,2025-12-28,1171742927174083264,61,0
rio-de-janeiro,1,2025-09-26,2025-12-28,1174193233131490633,10,10
rio-de-janeiro,1,2025-09-26,2025-12-28,1176232887372031993,6,0
rio-de-janeiro,1,2025-09-26,2025-12-28,1178884083199749697,25,16
rio-de-janeiro,1,2025-09-26,2025-12-28,1179097625102704082,8,6
rio-de-janeiro,1,2025-09-26,2025-12-28,1179791373048173756,6,0
rio-de-janeiro,1,2025-09-26,2025-12-28,1181896553088261975,11,4
rio-de-janeiro,1,2025-09-26,2025-12-28,1181950625816786524,9,0
rio-de-janeiro,1,2025-09-26,2025-12-28,1183192753413981844,13,0
rio-de-janeiro,1,2025-09-26,2025-12-28,1183257716297674921,29,2
rio-de-janeiro,1,2025-09-26,2025-12-28,1186777695389716116,4,0
rio-de-janeiro,1,2025-09-26,2025-12-28,1187617314551127509,15,0
rio-de-janeiro,1,2025-09-26,2025-12-28,1190851109218277613,12,8
rio-de-janeiro,1,2025-09-26,2025-12-28,1196558727004979561,5,0
rio-de-janeiro,1,2025-09-26,2025-12-28,1197100895752934657,4,0
rio-de-janeiro,1,2025-09-26,2025-12-28,1197760987279407586,6,0
rio-de-janeiro,1,2025-09-26,2025-12-28,1199185725201661043,3,0
rio-de-janeiro,1,2025-09-26,2025-12-28,1201557030740409249,20,4
rio-de-janeiro,1,2025-09-26,2025-12-28,1204361007231481994,11,0
rio-de-janeiro,1,2025-09-26,2025-12-28,1205874249571142193,19,0
rio-de-janeiro,1,2025-09-26,2025-12-28,1206582154243496187,10,0
rio-de-janeiro,1,2025-09-26,2025-12-28,1207305767195140860,8,8
rio-de-janeiro,1,2025-09-26,2025-12-28,1210907543727624143,6,0
rio-de-janeiro,1,2025-09-26,2025-12-28,1211771582489437123,13,0
rio-de-janeiro,1,2025-09-26,2025-12-28,1213416663904613318,5,0
rio-de-janeiro,1,2025-09-26,2025-12-28,1213985326243471666,4,0
rio-de-janeiro,1,2025-09-26,2025-12-28,1217464736882645593,6,4
rio-de-janeiro,1,2025-09-26,2025-12-28,1217947024399520475,5,3
rio-de-janeiro,1,2025-09-26,2025-12-28,1218170189846512105,14,6
rio-de-janeiro,1,2025-09-26,2025-12-28,1218993463104426783,16,1
rio-de-janeiro,1,2025-09-26,2025-12-28,1219419170937187405,5,0
rio-de-janeiro,1,2025-09-26,2025-12-28,1220194855279336701,29,0
rio-de-janeiro,1,2025-09-26,2025-12-28,1221114919765330744,15,0
rio-de-janeiro,1,2025-09-26,2025-12-28,1221163229356173331,5,0
rio-de-janeiro,1,2025-09-26,2025-12-28,1221281470431390859,12,6
rio-de-janeiro,1,2025-09-26,2025-12-28,1222501023750408721,4,0
rio-de-janeiro,1,2025-09-26,2025-12-28,1223226563379625119,5,0
rio-de-janeiro,1,2025-09-26,2025-12-28,1223398382685179148,1,0
rio-de-janeiro,1,2025-09-26,2025-12-28,1223451911044020059,9,3
rio-de-janeiro,1,2025-09-26,2025-12-28,1224073528382610129,7,0
rio-de-janeiro,1,2025-09-26,2025-12-28,1224617718994605985,12,0
rio-de-janeiro,1,2025-09-26,2025-12-28,1225455827048299343,28,14
rio-de-janeiro,1,2025-09-26,2025-12-28,1226779831541205575,11,0
rio-de-janeiro,1,2025-09-26,2025-12-28,1229066823753166999,21,1
rio-de-janeiro,1,2025-09-26,2025-12-28,1229237553920397000,4,0
rio-de-janeiro,1,2025-09-26,2025-12-28,1229307183255182860,13,0
rio-de-janeiro,1,2025-09-26,2025-12-28,1229666875582186825,7,2
rio-de-janeiro,1,2025-09-26,2025-12-28,1229671843772061210,7,3
rio-de-janeiro,1,2025-09-26,2025-12-28,1230466526182784009,21,7
rio-de-janeiro,1,2025-09-26,2025-12-28,1231292941682947154,31,5
rio-de-janeiro,1,2025-09-26,2025-12-28,1234003953182288442,4,0
rio-de-janeiro,1,2025-09-26,2025-12-28,1234133938275638281,25,4
rio-de-janeiro,1,2025-09-26,2025-12-28,1235698807170720070,7,0
rio-de-janeiro,1,2025-09-26,2025-12-28,1236140384450646118,6,0
rio-de-janeiro,1,2025-09-26,2025-12-28,1236901307564184577,10,0
rio-de-janeiro,1,2025-09-26,2025-12-28,1237757945250645224,11,0
rio-de-janeiro,1,2025-09-26,2025-12-28,1238196108249450919,7,0
rio-de-janeiro,1,2025-09-26,2025-12-28,1238705629522069059,11,3
rio-de-janeiro,1,2025-09-26,2025-12-28,1242030384614437258,10,0
rio-de-janeiro,1,2025-09-26,2025-12-28,1242102883772880111,8,8
rio-de-janeiro,1,2025-09-26,2025-12-28,1242121878637188538,14,2
rio-de-janeiro,1,2025-09-26,2025-12-28,1244478399469685633,5,0
rio-de-janeiro,1,2025-09-26,2025-12-28,1244975174852741383,8,1
rio-de-janeiro,1,2025-09-26,2025-12-28,1245862208064395558,4,0
rio-de-janeiro,1,2025-09-26,2025-12-28,1246360972171817113,11,0
rio-de-janeiro,1,2025-09-26,2025-12-28,1247174678632807806,19,7
rio-de-janeiro,1,2025-09-26,2025-12-28,1247805423280890307,16,1
rio-de-janeiro,1,2025-09-26,2025-12-28,1254418187664749993,3,0
rio-de-janeiro,1,2025-09-26,2025-12-28,1255744198462175488,14,0
rio-de-janeiro,1,2025-09-26,2025-12-28,1257244132304939731,18,0
rio-de-janeiro,1,2025-09-26,2025-12-28,1257818107445098812,12,0
rio-de-janeiro,1,2025-09-26,2025-12-28,1257980664650262938,1,0
rio-de-janeiro,1,2025-09-26,2025-12-28,1259651552138237279,16,1
rio-de-janeiro,1,2025-09-26,2025-12-28,1259692372169206405,12,0
rio-de-janeiro,1,2025-09-26,2025-12-28,1260933572203254408,12,0
rio-de-janeiro,1,2025-09-26,2025-12-28,1262979093347158656,10,0
rio-de-janeiro,1,2025-09-26,2025-12-28,1263617206816635903,37,13
rio-de-janeiro,1,2025-09-26,2025-12-28,1263799090249341246,1,1
rio-de-janeiro,1,2025-09-26,2025-12-28,1266646663408909492,1,0
rio-de-janeiro,1,2025-09-26,2025-12-28,1266951186531555567,33,0
rio-de-janeiro,1,2025-09-26,2025-12-28,1268813926871471398,23,3
rio-de-janeiro,1,2025-09-26,2025-12-28,1269097042967925341,14,0
rio-de-janeiro,1,2025-09-26,2025-12-28,1269534896228831697,5,0
rio-de-janeiro,1,2025-09-26,2025-12-28,1272730252089416961,68,1
rio-de-janeiro,1,2025-09-26,2025-12-28,1273117242987584208,9,0
rio-de-janeiro,1,2025-09-26,2025-12-28,1273230588335977870,6,0
rio-de-janeiro,1,2025-09-26,2025-12-28,1273398757496985891,7,0
rio-de-janeiro,1,2025-09-26,2025-12-28,1275270278734798560,14,0
rio-de-janeiro,1,2025-09-26,2025-12-28,1275339740358563212,14,0
rio-de-janeiro,1,2025-09-26,2025-12-28,1276600508829378441,4,0
rio-de-janeiro,1,2025-09-26,2025-12-28,1277674926313034073,25,1
rio-de-janeiro,1,2025-09-26,2025-12-28,1281155747110953966,13,0
rio-de-janeiro,1,2025-09-26,2025-12-28,1283486125571130340,9,2
rio-de-janeiro,1,2025-09-26,2025-12-28,1284407265510275189,10,5
rio-de-janeiro,1,2025-09-26,2025-12-28,1285219002772585077,15,0
rio-de-janeiro,1,2025-09-26,2025-12-28,1286121137008436352,6,0
rio-de-janeiro,1,2025-09-26,2025-12-28,1286346987473556307,26,3
rio-de-janeiro,1,2025-09-26,2025-12-28,1286912174936559268,14,0
rio-de-janeiro,1,2025-09-26,2025-12-28,1287219644412515193,8,0
rio-de-janeiro,1,2025-09-26,2025-12-28,1287243027254720238,6,0
rio-de-janeiro,1,2025-09-26,2025-12-28,1287803444581535076,8,0
rio-de-janeiro,1,2025-09-26,2025-12-28,1289308110649069536,4,0
rio-de-janeiro,1,2025-09-26,2025-12-28,1289865286579070561,4,0
rio-de-janeiro,1,2025-09-26,2025-12-28,1292799003711978610,3,1
rio-de-janeiro,1,2025-09-26,2025-12-28,1293469013327616243,14,0
rio-de-janeiro,1,2025-09-26,2025-12-28,1293561270488961416,12,4
rio-de-janeiro,1,2025-09-26,2025-12-28,1295720082853525013,13,0
rio-de-janeiro,1,2025-09-26,2025-12-28,1295888638549714971,9,0
rio-de-janeiro,1,2025-09-26,2025-12-28,1296456049892682171,2,0
rio-de-janeiro,1,2025-09-26,2025-12-28,1296535017207866404,4,0
rio-de-janeiro,1,2025-09-26,2025-12-28,1299515205382056223,8,1
rio-de-janeiro,1,2025-09-26,2025-12-28,1300229730995459920,9,0
rio-de-janeiro,1,2025-09-26,2025-12-28,1300319644218698315,5,0
rio-de-janeiro,1,2025-09-26,2025-12-28,1301721120205076562,15,0
rio-de-janeiro,1,2025-09-26,2025-12-28,1302083963688687907,5,0
rio-de-janeiro,1,2025-09-26,2025-12-28,1303337462475171765,15,1
rio-de-janeiro,1,2025-09-26,2025-12-28,1303788367911985426,27,0
rio-de-janeiro,1,2025-09-26,2025-12-28,1305098822445156264,14,0
rio-de-janeiro,1,2025-09-26,2025-12-28,1306065609725051830,7,0
rio-de-janeiro,1,2025-09-26,2025-12-28,1306083952408470757,8,1
rio-de-janeiro,1,2025-09-26,2025-12-28,1306791359295139736,4,0
rio-de-janeiro,1,2025-09-26,2025-12-28,1307426798106828393,14,4
rio-de-janeiro,1,2025-09-26,2025-12-28,1307914454831696767,4,0
rio-de-janeiro,1,2025-09-26,2025-12-28,1308007447305920469,14,0
rio-de-janeiro,1,2025-09-26,2025-12-28,1308069414873555018,9,0
rio-de-janeiro,1,2025-09-26,2025-12-28,1308180139409124863,6,0
rio-de-janeiro,1,2025-09-26,2025-12-28,1308882532733832440,7,0
rio-de-janeiro,1,2025-09-26,2025-12-28,1309411182358283876,4,0
rio-de-janeiro,1,2025-09-26,2025-12-28,1309591990012905310,15,0
rio-de-janeiro,1,2025-09-26,2025-12-28,1309605857728208491,13,0
rio-de-janeiro,1,2025-09-26,2025-12-28,1309627990458414332,1,0
rio-de-janeiro,1,2025-09-26,2025-12-28,1309754132683579102,13,1
rio-de-janeiro,1,2025-09-26,2025-12-28,1309810387903650151,19,0
rio-de-janeiro,1,2025-09-26,2025-12-28,1310389588890907685,24,2
rio-de-janeiro,1,2025-09-26,2025-12-28,1310506607356150871,13,0
rio-de-janeiro,1,2025-09-26,2025-12-28,1310833649326564625,6,0
rio-de-janeiro,1,2025-09-26,2025-12-28,1310987040108319292,12,4
rio-de-janeiro,1,2025-09-26,2025-12-28,1311129430540664091,13,0
rio-de-janeiro,1,2025-09-26,2025-12-28,1311442034606044004,10,3
rio-de-janeiro,1,2025-09-26,2025-12-28,1312445397308770672,18,0
rio-de-janeiro,1,2025-09-26,2025-12-28,1314039288502837137,12,2
rio-de-janeiro,1,2025-09-26,2025-12-28,1314128806516965262,9,9
rio-de-janeiro,1,2025-09-26,2025-12-28,1315283914048254349,19,0
rio-de-janeiro,1,2025-09-26,2025-12-28,1315832718393101217,37,0
rio-de-janeiro,1,2025-09-26,2025-12-28,1316027505038993388,3,0
rio-de-janeiro,1,2025-09-26,2025-12-28,1317449313147010276,11,0
rio-de-janeiro,1,2025-09-26,2025-12-28,1317765794951427743,13,1
rio-de-janeiro,1,2025-09-26,2025-12-28,1318067126762227308,8,0
rio-de-janeiro,1,2025-09-26,2025-12-28,1318218426944048565,23,0
rio-de-janeiro,1,2025-09-26,2025-12-28,1318268529775173375,16,0
rio-de-janeiro,1,2025-09-26,2025-12-28,1318735896824013040,11,6
rio-de-janeiro,1,2025-09-26,2025-12-28,1318785168193940593,9,4
rio-de-janeiro,1,2025-09-26,2025-12-28,1318873303317456525,6,0
rio-de-janeiro,1,2025-09-26,2025-12-28,1319228660283714743,1,0
rio-de-janeiro,1,2025-09-26,2025-12-28,1319751883840051841,7,0
rio-de-janeiro,1,2025-09-26,2025-12-28,1320513433018168434,12,0
rio-de-janeiro,1,2025-09-26,2025-12-28,1320890742694588623,9,0
rio-de-janeiro,1,2025-09-26,2025-12-28,1321259891606477925,31,0
rio-de-janeiro,1,2025-09-26,2025-12-28,1321581132544376213,4,0
rio-de-janeiro,1,2025-09-26,2025-12-28,1321674119529563728,15,0
rio-de-janeiro,1,2025-09-26,2025-12-28,1322493892074702625,7,7
rio-de-janeiro,1,2025-09-26,2025-12-28,1322792302472687867,16,6
rio-de-janeiro,1,2025-09-26,2025-12-28,1323276325667189872,6,0
rio-de-janeiro,1,2025-09-26,2025-12-28,1323326317248532423,5,0
rio-de-janeiro,1,2025-09-26,2025-12-28,1323387359662817121,8,0
rio-de-janeiro,1,2025-09-26,2025-12-28,1323428621722443342,9,0
rio-de-janeiro,1,2025-09-26,2025-12-28,1323575495740086350,3,0
rio-de-janeiro,1,2025-09-26,2025-12-28,1323956740997838617,4,0
rio-de-janeiro,1,2025-09-26,2025-12-28,1325229050953198083,7,0
rio-de-janeiro,1,2025-09-26,2025-12-28,1326425973617138404,20,0
rio-de-janeiro,1,2025-09-26,2025-12-28,1327590774939113910,10,0
rio-de-janeiro,1,2025-09-26,2025-12-28,1328368583973767021,35,1
rio-de-janeiro,1,2025-09-26,2025-12-28,1328447158683149522,5,0
rio-de-janeiro,1,2025-09-26,2025-12-28,1328538221575201993,15,0
rio-de-janeiro,1,2025-09-26,2025-12-28,1328871578142923232,2,2
rio-de-janeiro,1,2025-09-26,2025-12-28,1329111589834516917,21,0
rio-de-janeiro,1,2025-09-26,2025-12-28,1329589921519241359,11,0
rio-de-janeiro,1,2025-09-26,2025-12-28,1330281806262179897,65,0
rio-de-janeiro,1,2025-09-26,2025-12-28,1330638156516514426,6,4
rio-de-janeiro,1,2025-09-26,2025-12-28,1331947387004327388,7,0
rio-de-janeiro,1,2025-09-26,2025-12-28,1334059637939248955,14,8
rio-de-janeiro,1,2025-09-26,2025-12-28,1334237851998872218,2,0
rio-de-janeiro,1,2025-09-26,2025-12-28,1334326421162413061,6,5
rio-de-janeiro,1,2025-09-26,2025-12-28,1334683460033210890,9,0
rio-de-janeiro,1,2025-09-26,2025-12-28,1335047060850712152,34,0
rio-de-janeiro,1,2025-09-26,2025-12-28,1335704697807695483,12,0
rio-de-janeiro,1,2025-09-26,2025-12-28,1336948192197317450,1,0
rio-de-janeiro,1,2025-09-26,2025-12-28,1337597478501440996,23,8
rio-de-janeiro,1,2025-09-26,2025-12-28,1337830712914259428,5,0
rio-de-janeiro,1,2025-09-26,2025-12-28,1337857598807726760,11,0
rio-de-janeiro,1,2025-09-26,2025-12-28,1339506772878276032,31,0
rio-de-janeiro,1,2025-09-26,2025-12-28,1339783806337537030,7,0
rio-de-janeiro,1,2025-09-26,2025-12-28,1340534997418417649,12,3
rio-de-janeiro,1,2025-09-26,2025-12-28,1341421778857311318,20,0
rio-de-janeiro,1,2025-09-26,2025-12-28,1342071871060480605,19,0
rio-de-janeiro,1,2025-09-26,2025-12-28,1342883280657489284,9,0
rio-de-janeiro,1,2025-09-26,2025-12-28,1343015806393113147,6,0
rio-de-janeiro,1,2025-09-26,2025-12-28,1344979091321564691,11,5
rio-de-janeiro,1,2025-09-26,2025-12-28,1345124338000003383,7,0
rio-de-janeiro,1,2025-09-26,2025-12-28,1346719860790557283,9,0
rio-de-janeiro,1,2025-09-26,2025-12-28,1347376132488377774,5,0
rio-de-janeiro,1,2025-09-26,2025-12-28,1349324247931933887,11,0
rio-de-janeiro,1,2025-09-26,2025-12-28,1349547175364718340,60,7
rio-de-janeiro,1,2025-09-26,2025-12-28,1350248564966040619,6,0
rio-de-janeiro,1,2025-09-26,2025-12-28,1350812109197802529,5,0
rio-de-janeiro,1,2025-09-26,2025-12-28,1351548257359270543,17,0
rio-de-janeiro,1,2025-09-26,2025-12-28,1352978718175239974,1,1
rio-de-janeiro,1,2025-09-26,2025-12-28,1353035615242765417,8,0
rio-de-janeiro,1,2025-09-26,2025-12-28,1353729662285914757,3,0
rio-de-janeiro,1,2025-09-26,2025-12-28,1355264485733217528,4,0
rio-de-janeiro,1,2025-09-26,2025-12-28,1355267002755114198,4,0
rio-de-janeiro,1,2025-09-26,2025-12-28,1355311679626744704,1,0
rio-de-janeiro,1,2025-09-26,2025-12-28,1355824657924835763,7,0
rio-de-janeiro,1,2025-09-26,2025-12-28,1356069851767337670,4,0
rio-de-janeiro,1,2025-09-26,2025-12-28,1356493763231173529,14,0
rio-de-janeiro,1,2025-09-26,2025-12-28,1356689769588841223,11,0
rio-de-janeiro,1,2025-09-26,2025-12-28,1358401544638025737,29,6
rio-de-janeiro,1,2025-09-26,2025-12-28,1358690784007983028,2,0
rio-de-janeiro,1,2025-09-26,2025-12-28,1358924911588507143,19,0
rio-de-janeiro,1,2025-09-26,2025-12-28,1359255744606917967,8,0
rio-de-janeiro,1,2025-09-26,2025-12-28,1360233843659866616,3,0
rio-de-janeiro,1,2025-09-26,2025-12-28,1360440056260049885,4,0
rio-de-janeiro,1,2025-09-26,2025-12-28,1360465702987560919,9,0
rio-de-janeiro,1,2025-09-26,2025-12-28,1362288265930495402,2,0
rio-de-janeiro,1,2025-09-26,2025-12-28,1363186265044125130,2,0
rio-de-janeiro,1,2025-09-26,2025-12-28,1363869368120748269,3,0
rio-de-janeiro,1,2025-09-26,2025-12-28,1364084427718724730,1,0
rio-de-janeiro,1,2025-09-26,2025-12-28,1364158465013458910,12,0
rio-de-janeiro,1,2025-09-26,2025-12-28,1364651869271465931,22,0
rio-de-janeiro,1,2025-09-26,2025-12-28,1364659062410032545,7,1
rio-de-janeiro,1,2025-09-26,2025-12-28,1364749794097652347,10,0
rio-de-janeiro,1,2025-09-26,2025-12-28,1365296652619151489,1,0
rio-de-janeiro,1,2025-09-26,2025-12-28,1365812539266477737,3,2
rio-de-janeiro,1,2025-09-26,2025-12-28,1365881039037783174,15,8
rio-de-janeiro,1,2025-09-26,2025-12-28,1365892123523389888,2,0
rio-de-janeiro,1,2025-09-26,2025-12-28,1365965468014517260,4,0
rio-de-janeiro,1,2025-09-26,2025-12-28,1366596347002518525,13,6
rio-de-janeiro,1,2025-09-26,2025-12-28,1366602259545476200,15,0
rio-de-janeiro,1,2025-09-26,2025-12-28,1366866076080246024,25,0
rio-de-janeiro,1,2025-09-26,2025-12-28,1368990071449887977,29,0
rio-de-janeiro,1,2025-09-26,2025-12-28,1369163025716229275,50,5
rio-de-janeiro,1,2025-09-26,2025-12-28,1369641527200968381,10,0
rio-de-janeiro,1,2025-09-26,2025-12-28,1371925109154269899,8,0
rio-de-janeiro,1,2025-09-26,2025-12-28,1373918930725199439,13,0
rio-de-janeiro,1,2025-09-26,2025-12-28,1373968786576456454,9,0
rio-de-janeiro,1,2025-09-26,2025-12-28,1374002326151049979,9,0
rio-de-janeiro,1,2025-09-26,2025-12-28,1376096741436407237,14,5
rio-de-janeiro,1,2025-09-26,2025-12-28,1376772644592195428,16,0
rio-de-janeiro,1,2025-09-26,2025-12-28,1377582184332335980,6,0
rio-de-janeiro,1,2025-09-26,2025-12-28,1378578632974748513,12,1
rio-de-janeiro,1,2025-09-26,2025-12-28,1378875043898085520,10,0
rio-de-janeiro,1,2025-09-26,2025-12-28,1381265482689970926,34,5
rio-de-janeiro,1,2025-09-26,2025-12-28,1381894267338797999,20,0
rio-de-janeiro,1,2025-09-26,2025-12-28,1383353358398660000,9,0
rio-de-janeiro,1,2025-09-26,2025-12-28,1388596068489865360,19,0
rio-de-janeiro,1,2025-09-26,2025-12-28,1388723625082903906,3,0
rio-de-janeiro,1,2025-09-26,2025-12-28,1390103068560606018,7,0
rio-de-janeiro,1,2025-09-26,2025-12-28,1390674541582790147,3,0
rio-de-janeiro,1,2025-09-26,2025-12-28,1391567709183948013,2,0
rio-de-janeiro,1,2025-09-26,2025-12-28,1392026356360950531,12,8
rio-de-janeiro,1,2025-09-26,2025-12-28,1392876912325153500,15,0
rio-de-janeiro,1,2025-09-26,2025-12-28,1394525715127033183,6,1
rio-de-janeiro,1,2025-09-26,2025-12-28,1394869268984963748,8,0
rio-de-janeiro,1,2025-09-26,2025-12-28,1395669217963680982,7,0
rio-de-janeiro,1,2025-09-26,2025-12-28,1395733769098995230,6,0
rio-de-janeiro,1,2025-09-26,2025-12-28,1396230158796573982,11,3
rio-de-janeiro,1,2025-09-26,2025-12-28,1397365228202952767,1,1
rio-de-janeiro,1,2025-09-26,2025-12-28,1398552163828390458,3,0
rio-de-janeiro,1,2025-09-26,2025-12-28,1399378259444570596,33,0
rio-de-janeiro,1,2025-09-26,2025-12-28,1399395531297014655,17,0
rio-de-janeiro,1,2025-09-26,2025-12-28,1399461708147394746,12,0
rio-de-janeiro,1,2025-09-26,2025-12-28,1399598586903484842,10,0
rio-de-janeiro,1,2025-09-26,2025-12-28,1400819309053819205,7,0
rio-de-janeiro,1,2025-09-26,2025-12-28,1400906226086772121,6,0
rio-de-janeiro,1,2025-09-26,2025-12-28,1402187607132580185,48,15
rio-de-janeiro,1,2025-09-26,2025-12-28,1402908123690154291,5,0
rio-de-janeiro,1,2025-09-26,2025-12-28,1403743110669962812,7,0
rio-de-janeiro,1,2025-09-26,2025-12-28,1405070920866312031,15,0
rio-de-janeiro,1,2025-09-26,2025-12-28,1406591522310295797,11,0
rio-de-janeiro,1,2025-09-26,2025-12-28,1406764885652426828,6,0
rio-de-janeiro,1,2025-09-26,2025-12-28,1407583468644201672,3,0
rio-de-janeiro,1,2025-09-26,2025-12-28,1408339868340031937,10,7
rio-de-janeiro,1,2025-09-26,2025-12-28,1408967042292441812,4,0
rio-de-janeiro,1,2025-09-26,2025-12-28,1408997246993803415,1,1
rio-de-janeiro,1,2025-09-26,2025-12-28,1409600547192421643,13,0
rio-de-janeiro,1,2025-09-26,2025-12-28,1410142129215291215,7,0
rio-de-janeiro,1,2025-09-26,2025-12-28,1410249050161045342,9,5
rio-de-janeiro,1,2025-09-26,2025-12-28,1411161617393691087,6,0
rio-de-janeiro,1,2025-09-26,2025-12-28,1411577303928208896,5,1
rio-de-janeiro,1,2025-09-26,2025-12-28,1414647917630590189,9,0
rio-de-janeiro,1,2025-09-26,2025-12-28,1416290815097148178,18,0
rio-de-janeiro,1,2025-09-26,2025-12-28,1419759227489681845,21,2
rio-de-janeiro,1,2025-09-26,2025-12-28,1420510387949930622,12,0
rio-de-janeiro,1,2025-09-26,2025-12-28,1420563117818708498,19,0
rio-de-janeiro,1,2025-09-26,2025-12-28,1420977321959863788,6,0
rio-de-janeiro,1,2025-09-26,2025-12-28,1421021294729438197,14,0
rio-de-janeiro,1,2025-09-26,2025-12-28,1423302852902656092,7,0
rio-de-janeiro,1,2025-09-26,2025-12-28,1423968651471993581,9,0
rio-de-janeiro,1,2025-09-26,2025-12-28,1425455135255178956,17,0
rio-de-janeiro,1,2025-09-26,2025-12-28,1426015684702776404,31,8
rio-de-janeiro,1,2025-09-26,2025-12-28,1426883174427636615,3,0
rio-de-janeiro,1,2025-09-26,2025-12-28,1427559466049079652,3,1
rio-de-janeiro,1,2025-09-26,2025-12-28,1427674078174660489,18,0
rio-de-janeiro,1,2025-09-26,2025-12-28,1429650805384298702,12,0
rio-de-janeiro,1,2025-09-26,2025-12-28,1430409409547368012,5,2
rio-de-janeiro,1,2025-09-26,2025-12-28,1430736535146559321,17,0
rio-de-janeiro,1,2025-09-26,2025-12-28,1430745767872955944,6,0
rio-de-janeiro,1,2025-09-26,2025-12-28,1431151349841488862,4,0
rio-de-janeiro,1,2025-09-26,2025-12-28,1432015120027082950,4,0
rio-de-janeiro,1,2025-09-26,2025-12-28,1437299059728307700,8,0
rio-de-janeiro,1,2025-09-26,2025-12-28,1437929964656482089,15,11
rio-de-janeiro,1,2025-09-26,2025-12-28,1439079936058408907,53,8
rio-de-janeiro,1,2025-09-26,2025-12-28,1439498763022206199,10,7
rio-de-janeiro,1,2025-09-26,2025-12-28,1440601746212243027,10,0
rio-de-janeiro,1,2025-09-26,2025-12-28,1441317123160556640,3,0
rio-de-janeiro,1,2025-09-26,2025-12-28,1443453930368931782,6,1
rio-de-janeiro,1,2025-09-26,2025-12-28,1445022385215465614,7,0
rio-de-janeiro,1,2025-09-26,2025-12-28,1445599651846357519,8,0
rio-de-janeiro,1,2025-09-26,2025-12-28,1449483228638076381,9,0
rio-de-janeiro,1,2025-09-26,2025-12-28,1449836422986444435,3,0
rio-de-janeiro,1,2025-09-26,2025-12-28,1450147945355148967,11,0
rio-de-janeiro,1,2025-09-26,2025-12-28,1454433947077926087,21,5
rio-de-janeiro,1,2025-09-26,2025-12-28,1456039249686752168,7,0
rio-de-janeiro,1,2025-09-26,2025-12-28,1456367914442431599,3,2
rio-de-janeiro,1,2025-09-26,2025-12-28,1457611468187486272,6,0
rio-de-janeiro,1,2025-09-26,2025-12-28,1459037246397291184,26,1
rio-de-janeiro,1,2025-09-26,2025-12-28,1461694504305612352,10,1
rio-de-janeiro,1,2025-09-26,2025-12-28,1462443566612357069,4,0
rio-de-janeiro,1,2025-09-26,2025-12-28,1465343997247361690,12,2
rio-de-janeiro,1,2025-09-26,2025-12-28,1466028401672400742,4,0
rio-de-janeiro,1,2025-09-26,2025-12-28,1466780271998899425,10,0
rio-de-janeiro,1,2025-09-26,2025-12-28,1468387069961992526,23,0
rio-de-janeiro,1,2025-09-26,2025-12-28,1471349179682000099,11,1
rio-de-janeiro,1,2025-09-26,2025-12-28,1471763475071579867,15,0
rio-de-janeiro,1,2025-09-26,2025-12-28,1474421553236226665,25,0
rio-de-janeiro,1,2025-09-26,2025-12-28,1475514408218858793,10,0
rio-de-janeiro,1,2025-09-26,2025-12-28,1476391526227175117,7,0
rio-de-janeiro,1,2025-09-26,2025-12-28,1476700854814903797,15,7
rio-de-janeiro,1,2025-09-26,2025-12-28,1477705492117708585,10,0
rio-de-janeiro,1,2025-09-26,2025-12-28,1479031726966021213,1,0
rio-de-janeiro,1,2025-09-26,2025-12-28,1481124274248091691,4,0
rio-de-janeiro,1,2025-09-26,2025-12-28,1482051637008642215,7,0
rio-de-janeiro,1,2025-09-26,2025-12-28,1482079838844509828,2,0
rio-de-janeiro,1,2025-09-26,2025-12-28,1487140966631283557,20,0
rio-de-janeiro,1,2025-09-26,2025-12-28,1487240540293000947,11,0
rio-de-janeiro,1,2025-09-26,2025-12-28,1488318818075787044,5,0
rio-de-janeiro,1,2025-09-26,2025-12-28,1488706110585725820,15,0
rio-de-janeiro,1,2025-09-26,2025-12-28,1490745998535177825,5,0
rio-de-janeiro,1,2025-09-26,2025-12-28,1490808865699678885,15,5
rio-de-janeiro,1,2025-09-26,2025-12-28,1491512011104493474,18,8
rio-de-janeiro,1,2025-09-26,2025-12-28,1494270340873513129,28,0
rio-de-janeiro,1,2025-09-26,2025-12-28,1494368119110509401,6,0
rio-de-janeiro,1,2025-09-26,2025-12-28,1495165290375916258,22,5
rio-de-janeiro,1,2025-09-26,2025-12-28,1495811029739782822,16,16
rio-de-janeiro,1,2025-09-26,2025-12-28,1496536466395681425,5,1
rio-de-janeiro,1,2025-09-26,2025-12-28,1496732587772885413,7,3
rio-de-janeiro,1,2025-09-26,2025-12-28,1497164877359120293,6,0
rio-de-janeiro,1,2025-09-26,2025-12-28,1498432102514906293,8,0
rio-de-janeiro,1,2025-09-26,2025-12-28,1499440916954215793,9,0
rio-de-janeiro,1,2025-09-26,2025-12-28,1500748618686680992,7,0
rio-de-janeiro,1,2025-09-26,2025-12-28,1502111628305882278,2,0
rio-de-janeiro,1,2025-09-26,2025-12-28,1503719386809284497,5,0
rio-de-janeiro,1,2025-09-26,2025-12-28,1503844677620118696,3,0
rio-de-janeiro,1,2025-09-26,2025-12-28,1505185993119729009,32,0
rio-de-janeiro,1,2025-09-26,2025-12-28,1505886526803770492,7,0
rio-de-janeiro,1,2025-09-26,2025-12-28,1507495807544893291,10,5
rio-de-janeiro,1,2025-09-26,2025-12-28,1507588706780595933,34,0
rio-de-janeiro,1,2025-09-26,2025-12-28,1507837895268163272,13,0
rio-de-janeiro,1,2025-09-26,2025-12-28,1508349294361286503,44,0
rio-de-janeiro,1,2025-09-26,2025-12-28,1509643154229821242,3,0
rio-de-janeiro,1,2025-09-26,2025-12-28,1510454313714609834,3,1
rio-de-janeiro,1,2025-09-26,2025-12-28,1510895282205021012,4,0
rio-de-janeiro,1,2025-09-26,2025-12-28,1510931076071627495,16,7
rio-de-janeiro,1,2025-09-26,2025-12-28,1510931516665876475,6,6
rio-de-janeiro,1,2025-09-26,2025-12-28,1512391712631964252,8,0
rio-de-janeiro,1,2025-09-26,2025-12-28,1513993395647849752,16,0
rio-de-janeiro,1,2025-09-26,2025-12-28,1516162069634778530,6,0
rio-de-janeiro,1,2025-09-26,2025-12-28,1516990707914939147,13,4
rio-de-janeiro,1,2025-09-26,2025-12-28,1518066546821174800,5,0
rio-de-janeiro,2,2025-12-28,2026-03-30,51703,28,0
rio-de-janeiro,2,2025-12-28,2026-03-30,272335,31,4
rio-de-janeiro,2,2025-12-28,2026-03-30,286792,4,4
rio-de-janeiro,2,2025-12-28,2026-03-30,326205,46,1
rio-de-janeiro,2,2025-12-28,2026-03-30,519865,16,0
rio-de-janeiro,2,2025-12-28,2026-03-30,609019,11,11
rio-de-janeiro,2,2025-12-28,2026-03-30,658035,6,0
rio-de-janeiro,2,2025-12-28,2026-03-30,842292,30,0
rio-de-janeiro,2,2025-12-28,2026-03-30,1676910,8,2
rio-de-janeiro,2,2025-12-28,2026-03-30,2011161,17,6
rio-de-janeiro,2,2025-12-28,2026-03-30,2049221,24,0
rio-de-janeiro,2,2025-12-28,2026-03-30,2105881,25,25
rio-de-janeiro,2,2025-12-28,2026-03-30,2188972,12,0
rio-de-janeiro,2,2025-12-28,2026-03-30,2200957,36,12
rio-de-janeiro,2,2025-12-28,2026-03-30,2395010,3,0
rio-de-janeiro,2,2025-12-28,2026-03-30,2411318,1,0
rio-de-janeiro,2,2025-12-28,2026-03-30,2461715,36,0
rio-de-janeiro,2,2025-12-28,2026-03-30,2473323,12,0
rio-de-janeiro,2,2025-12-28,2026-03-30,2650674,3,0
rio-de-janeiro,2,2025-12-28,2026-03-30,2712999,5,1
rio-de-janeiro,2,2025-12-28,2026-03-30,2721919,12,0
rio-de-janeiro,2,2025-12-28,2026-03-30,2948815,15,4
rio-de-janeiro,2,2025-12-28,2026-03-30,3006105,5,0
rio-de-janeiro,2,2025-12-28,2026-03-30,3038880,3,0
rio-de-janeiro,2,2025-12-28,2026-03-30,3395314,16,0
rio-de-janeiro,2,2025-12-28,2026-03-30,3547476,32,0
rio-de-janeiro,2,2025-12-28,2026-03-30,3880347,21,0
rio-de-janeiro,2,2025-12-28,2026-03-30,3883433,11,2
rio-de-janeiro,2,2025-12-28,2026-03-30,4348487,13,0
rio-de-janeiro,2,2025-12-28,2026-03-30,5794726,66,2
rio-de-janeiro,2,2025-12-28,2026-03-30,7162238,12,0
rio-de-janeiro,2,2025-12-28,2026-03-30,8629526,24,1
rio-de-janeiro,2,2025-12-28,2026-03-30,8884882,11,0
rio-de-janeiro,2,2025-12-28,2026-03-30,9074422,37,0
rio-de-janeiro,2,2025-12-28,2026-03-30,9964602,12,0
rio-de-janeiro,2,2025-12-28,2026-03-30,10035945,20,0
rio-de-janeiro,2,2025-12-28,2026-03-30,10548128,17,0
rio-de-janeiro,2,2025-12-28,2026-03-30,10744466,20,0
rio-de-janeiro,2,2025-12-28,2026-03-30,10751409,17,0
rio-de-janeiro,2,2025-12-28,2026-03-30,10827501,4,0
rio-de-janeiro,2,2025-12-28,2026-03-30,10896807,7,0
rio-de-janeiro,2,2025-12-28,2026-03-30,11031871,4,0
rio-de-janeiro,2,2025-12-28,2026-03-30,11843741,6,0
rio-de-janeiro,2,2025-12-28,2026-03-30,11928722,11,7
rio-de-janeiro,2,2025-12-28,2026-03-30,12264351,9,6
rio-de-janeiro,2,2025-12-28,2026-03-30,12925602,12,0
rio-de-janeiro,2,2025-12-28,2026-03-30,13032033,24,1
rio-de-janeiro,2,2025-12-28,2026-03-30,13063480,4,0
rio-de-janeiro,2,2025-12-28,2026-03-30,13080786,9,0
rio-de-janeiro,2,2025-12-28,2026-03-30,13239892,9,0
rio-de-janeiro,2,2025-12-28,2026-03-30,13749304,4,0
rio-de-janeiro,2,2025-12-28,2026-03-30,14015653,4,4
rio-de-janeiro,2,2025-12-28,2026-03-30,14027889,12,12
rio-de-janeiro,2,2025-12-28,2026-03-30,14177542,2,2
rio-de-janeiro,2,2025-12-28,2026-03-30,14228713,8,0
rio-de-janeiro,2,2025-12-28,2026-03-30,15668815,33,0
rio-de-janeiro,2,2025-12-28,2026-03-30,16047655,5,0
rio-de-janeiro,2,2025-12-28,2026-03-30,16348530,8,0
rio-de-janeiro,2,2025-12-28,2026-03-30,16593214,8,6
rio-de-janeiro,2,2025-12-28,2026-03-30,16884347,2,2
rio-de-janeiro,2,2025-12-28,2026-03-30,17088470,18,0
rio-de-janeiro,2,2025-12-28,2026-03-30,18375433,9,2
rio-de-janeiro,2,2025-12-28,2026-03-30,19017652,12,0
rio-de-janeiro,2,2025-12-28,2026-03-30,19030679,17,0
rio-de-janeiro,2,2025-12-28,2026-03-30,20424433,2,0
rio-de-janeiro,2,2025-12-28,2026-03-30,20538187,3,0
rio-de-janeiro,2,2025-12-28,2026-03-30,20638064,11,2
rio-de-janeiro,2,2025-12-28,2026-03-30,22062531,17,0
rio-de-janeiro,2,2025-12-28,2026-03-30,22927866,15,1
rio-de-janeiro,2,2025-12-28,2026-03-30,23049612,15,0
rio-de-janeiro,2,2025-12-28,2026-03-30,23766876,9,0
rio-de-janeiro,2,2025-12-28,2026-03-30,24712881,33,5
rio-de-janeiro,2,2025-12-28,2026-03-30,24864865,31,1
rio-de-janeiro,2,2025-12-28,2026-03-30,26157518,9,0
rio-de-janeiro,2,2025-12-28,2026-03-30,26198816,4,0
rio-de-janeiro,2,2025-12-28,2026-03-30,27359280,1,0
rio-de-janeiro,2,2025-12-28,2026-03-30,27661759,12,0
rio-de-janeiro,2,2025-12-28,2026-03-30,27783243,12,0
rio-de-janeiro,2,2025-12-28,2026-03-30,28461842,3,0
rio-de-janeiro,2,2025-12-28,2026-03-30,28719990,1,0
rio-de-janeiro,2,2025-12-28,2026-03-30,29095271,17,2
rio-de-janeiro,2,2025-12-28,2026-03-30,29438607,14,0
rio-de-janeiro,2,2025-12-28,2026-03-30,29651948,42,0
rio-de-janeiro,2,2025-12-28,2026-03-30,30390854,12,0
rio-de-janeiro,2,2025-12-28,2026-03-30,30852959,9,1
rio-de-janeiro,2,2025-12-28,2026-03-30,32080593,4,0
rio-de-janeiro,2,2025-12-28,2026-03-30,32576948,7,3
rio-de-janeiro,2,2025-12-28,2026-03-30,33551658,23,0
rio-de-janeiro,2,2025-12-28,2026-03-30,35758937,3,3
rio-de-janeiro,2,2025-12-28,2026-03-30,36385131,11,1
rio-de-janeiro,2,2025-12-28,2026-03-30,36755067,28,8
rio-de-janeiro,2,2025-12-28,2026-03-30,38100747,14,9
rio-de-janeiro,2,2025-12-28,2026-03-30,38266134,8,0
rio-de-janeiro,2,2025-12-28,2026-03-30,38780307,10,6
rio-de-janeiro,2,2025-12-28,2026-03-30,38781254,7,2
rio-de-janeiro,2,2025-12-28,2026-03-30,39818654,5,0
rio-de-janeiro,2,2025-12-28,2026-03-30,39941220,16,0
rio-de-janeiro,2,2025-12-28,2026-03-30,40397455,17,0
rio-de-janeiro,2,2025-12-28,2026-03-30,40679321,8,0
rio-de-janeiro,2,2025-12-28,2026-03-30,40819178,2,0
rio-de-janeiro,2,2025-12-28,2026-03-30,40819928,12,7
rio-de-janeiro,2,2025-12-28,2026-03-30,40980696,16,0
rio-de-janeiro,2,2025-12-28,2026-03-30,40984844,5,0
rio-de-janeiro,2,2025-12-28,2026-03-30,41020158,13,1
rio-de-janeiro,2,2025-12-28,2026-03-30,41070890,3,0
rio-de-janeiro,2,2025-12-28,2026-03-30,41195099,6,0
rio-de-janeiro,2,2025-12-28,2026-03-30,41209402,4,0
rio-de-janeiro,2,2025-12-28,2026-03-30,41252355,2,1
rio-de-janeiro,2,2025-12-28,2026-03-30,42296142,5,0
rio-de-janeiro,2,2025-12-28,2026-03-30,42815337,3,0
rio-de-janeiro,2,2025-12-28,2026-03-30,43096444,7,0
rio-de-janeiro,2,2025-12-28,2026-03-30,43778415,3,1
rio-de-janeiro,2,2025-12-28,2026-03-30,43924925,1,0
rio-de-janeiro,2,2025-12-28,2026-03-30,44086036,11,0
rio-de-janeiro,2,2025-12-28,2026-03-30,44448815,1,0
rio-de-janeiro,2,2025-12-28,2026-03-30,44930161,1,0
rio-de-janeiro,2,2025-12-28,2026-03-30,44969693,5,0
rio-de-janeiro,2,2025-12-28,2026-03-30,45055282,5,0
rio-de-janeiro,2,2025-12-28,2026-03-30,45735389,5,5
rio-de-janeiro,2,2025-12-28,2026-03-30,46153816,6,0
rio-de-janeiro,2,2025-12-28,2026-03-30,46543934,25,1
rio-de-janeiro,2,2025-12-28,2026-03-30,46713068,7,0
rio-de-janeiro,2,2025-12-28,2026-03-30,46887839,10,2
rio-de-janeiro,2,2025-12-28,2026-03-30,46960003,18,3
rio-de-janeiro,2,2025-12-28,2026-03-30,47019384,33,0
rio-de-janeiro,2,2025-12-28,2026-03-30,47023768,18,0
rio-de-janeiro,2,2025-12-28,2026-03-30,47217911,12,0
rio-de-janeiro,2,2025-12-28,2026-03-30,47290111,5,0
rio-de-janeiro,2,2025-12-28,2026-03-30,47293708,3,0
rio-de-janeiro,2,2025-12-28,2026-03-30,47312391,17,0
rio-de-janeiro,2,2025-12-28,2026-03-30,47314302,8,0
rio-de-janeiro,2,2025-12-28,2026-03-30,47420131,5,0
rio-de-janeiro,2,2025-12-28,2026-03-30,47916186,4,0
rio-de-janeiro,2,2025-12-28,2026-03-30,47919819,6,0
rio-de-janeiro,2,2025-12-28,2026-03-30,47920760,1,0
rio-de-janeiro,2,2025-12-28,2026-03-30,47920761,2,0
rio-de-janeiro,2,2025-12-28,2026-03-30,48251904,30,0
rio-de-janeiro,2,2025-12-28,2026-03-30,48488631,27,0
rio-de-janeiro,2,2025-12-28,2026-03-30,48598139,8,0
rio-de-janeiro,2,2025-12-28,2026-03-30,48625377,25,17
rio-de-janeiro,2,2025-12-28,2026-03-30,48977683,10,5
rio-de-janeiro,2,2025-12-28,2026-03-30,49124606,4,0
rio-de-janeiro,2,2025-12-28,2026-03-30,49441183,17,7
rio-de-janeiro,2,2025-12-28,2026-03-30,49569127,5,5
rio-de-janeiro,2,2025-12-28,2026-03-30,51159561,9,0
rio-de-janeiro,2,2025-12-28,2026-03-30,51388652,11,0
rio-de-janeiro,2,2025-12-28,2026-03-30,52319819,2,0
rio-de-janeiro,2,2025-12-28,2026-03-30,52451370,1,1
rio-de-janeiro,2,2025-12-28,2026-03-30,52470694,4,1
rio-de-janeiro,2,2025-12-28,2026-03-30,52780214,23,7
rio-de-janeiro,2,2025-12-28,2026-03-30,52990170,4,0
rio-de-janeiro,2,2025-12-28,2026-03-30,53171558,16,0
rio-de-janeiro,2,2025-12-28,2026-03-30,53627310,12,0
rio-de-janeiro,2,2025-12-28,2026-03-30,53732741,17,0
rio-de-janeiro,2,2025-12-28,2026-03-30,54050183,11,0
rio-de-janeiro,2,2025-12-28,2026-03-30,54125284,60,3
rio-de-janeiro,2,2025-12-28,2026-03-30,54181670,4,0
rio-de-janeiro,2,2025-12-28,2026-03-30,54190040,6,0
rio-de-janeiro,2,2025-12-28,2026-03-30,54196848,2,0
rio-de-janeiro,2,2025-12-28,2026-03-30,546524429944295138,3,0
rio-de-janeiro,2,2025-12-28,2026-03-30,547715332363899857,29,8
rio-de-janeiro,2,2025-12-28,2026-03-30,552822847514447367,27,6
rio-de-janeiro,2,2025-12-28,2026-03-30,565364001479899347,6,0
rio-de-janeiro,2,2025-12-28,2026-03-30,566495266643832791,4,0
rio-de-janeiro,2,2025-12-28,2026-03-30,568985043362521772,3,0
rio-de-janeiro,2,2025-12-28,2026-03-30,582429799815242395,2,0
rio-de-janeiro,2,2025-12-28,2026-03-30,582640465596168502,3,0
rio-de-janeiro,2,2025-12-28,2026-03-30,586260354844869274,3,0
rio-de-janeiro,2,2025-12-28,2026-03-30,590549803298394739,14,0
rio-de-janeiro,2,2025-12-28,2026-03-30,592566514097312468,7,0
rio-de-janeiro,2,2025-12-28,2026-03-30,600466017199464589,6,0
rio-de-janeiro,2,2025-12-28,2026-03-30,600884195760619334,12,0
rio-de-janeiro,2,2025-12-28,2026-03-30,603462491397771613,6,0
rio-de-janeiro,2,2025-12-28,2026-03-30,603673910096218176,45,15
rio-de-janeiro,2,2025-12-28,2026-03-30,607211710229057662,3,0
rio-de-janeiro,2,2025-12-28,2026-03-30,607768328867771834,7,0
rio-de-janeiro,2,2025-12-28,2026-03-30,623006851590842002,3,0
rio-de-janeiro,2,2025-12-28,2026-03-30,627569820320939949,30,0
rio-de-janeiro,2,2025-12-28,2026-03-30,641325995715972294,3,0
rio-de-janeiro,2,2025-12-28,2026-03-30,645085313599283737,8,1
rio-de-janeiro,2,2025-12-28,2026-03-30,653531093869596704,4,0
rio-de-janeiro,2,2025-12-28,2026-03-30,656608917498168174,22,0
rio-de-janeiro,2,2025-12-28,2026-03-30,669473361346690434,2,0
rio-de-janeiro,2,2025-12-28,2026-03-30,673834999646856862,4,0
rio-de-janeiro,2,2025-12-28,2026-03-30,673932949032528440,4,1
rio-de-janeiro,2,2025-12-28,2026-03-30,674651335992555832,2,0
rio-de-janeiro,2,2025-12-28,2026-03-30,688620403203223289,2,0
rio-de-janeiro,2,2025-12-28,2026-03-30,690769330273423626,3,0
rio-de-janeiro,2,2025-12-28,2026-03-30,693326065510669463,4,0
rio-de-janeiro,2,2025-12-28,2026-03-30,696346998065233904,7,4
rio-de-janeiro,2,2025-12-28,2026-03-30,700438132489375099,3,0
rio-de-janeiro,2,2025-12-28,2026-03-30,700824307898165932,8,0
rio-de-janeiro,2,2025-12-28,2026-03-30,702332800099907350,13,4
rio-de-janeiro,2,2025-12-28,2026-03-30,702935675993443718,7,0
rio-de-janeiro,2,2025-12-28,2026-03-30,704328171243788763,4,0
rio-de-janeiro,2,2025-12-28,2026-03-30,705951188308406408,2,0
rio-de-janeiro,2,2025-12-28,2026-03-30,706272811656752602,3,0
rio-de-janeiro,2,2025-12-28,2026-03-30,707509891958532049,8,0
rio-de-janeiro,2,2025-12-28,2026-03-30,708790700743852729,20,0
rio-de-janeiro,2,2025-12-28,2026-03-30,712959670947961350,2,0
rio-de-janeiro,2,2025-12-28,2026-03-30,713068506449921383,3,0
rio-de-janeiro,2,2025-12-28,2026-03-30,717236561181788602,3,1
rio-de-janeiro,2,2025-12-28,2026-03-30,726225755882074061,5,1
rio-de-janeiro,2,2025-12-28,2026-03-30,731242180083592456,4,0
rio-de-janeiro,2,2025-12-28,2026-03-30,741717430993387687,15,9
rio-de-janeiro,2,2025-12-28,2026-03-30,750798014779240660,7,0
rio-de-janeiro,2,2025-12-28,2026-03-30,752318531145700331,11,3
rio-de-janeiro,2,2025-12-28,2026-03-30,757175669655810607,7,0
rio-de-janeiro,2,2025-12-28,2026-03-30,757808213217113456,5,0
rio-de-janeiro,2,2025-12-28,2026-03-30,758792730805075874,3,0
rio-de-janeiro,2,2025-12-28,2026-03-30,760408868723383419,3,1
rio-de-janeiro,2,2025-12-28,2026-03-30,762491782314625330,22,0
rio-de-janeiro,2,2025-12-28,2026-03-30,771069864193194667,8,6
rio-de-janeiro,2,2025-12-28,2026-03-30,776259335928693061,4,4
rio-de-janeiro,2,2025-12-28,2026-03-30,777084368000139519,6,5
rio-de-janeiro,2,2025-12-28,2026-03-30,779218949916492566,9,0
rio-de-janeiro,2,2025-12-28,2026-03-30,779631055504855969,5,3
rio-de-janeiro,2,2025-12-28,2026-03-30,780556483620059927,12,0
rio-de-janeiro,2,2025-12-28,2026-03-30,781221887905306026,12,0
rio-de-janeiro,2,2025-12-28,2026-03-30,789749389256750270,4,0
rio-de-janeiro,2,2025-12-28,2026-03-30,791289703251813996,7,0
rio-de-janeiro,2,2025-12-28,2026-03-30,791603070671449360,11,4
rio-de-janeiro,2,2025-12-28,2026-03-30,792148275037668943,18,9
rio-de-janeiro,2,2025-12-28,2026-03-30,795012130129968332,29,0
rio-de-janeiro,2,2025-12-28,2026-03-30,803199051910470332,3,0
rio-de-janeiro,2,2025-12-28,2026-03-30,803407571748956618,4,0
rio-de-janeiro,2,2025-12-28,2026-03-30,813473997965382108,2,0
rio-de-janeiro,2,2025-12-28,2026-03-30,815174999785259158,9,0
rio-de-janeiro,2,2025-12-28,2026-03-30,816724295083488542,3,0
rio-de-janeiro,2,2025-12-28,2026-03-30,820599629400883119,14,11
rio-de-janeiro,2,2025-12-28,2026-03-30,828964003636311587,12,0
rio-de-janeiro,2,2025-12-28,2026-03-30,830657680920864062,22,1
rio-de-janeiro,2,2025-12-28,2026-03-30,832482146450214846,11,0
rio-de-janeiro,2,2025-12-28,2026-03-30,835749224161307287,3,3
rio-de-janeiro,2,2025-12-28,2026-03-30,839844100624059196,4,0
rio-de-janeiro,2,2025-12-28,2026-03-30,842597269048229316,11,0
rio-de-janeiro,2,2025-12-28,2026-03-30,852900198645139176,21,13
rio-de-janeiro,2,2025-12-28,2026-03-30,856588008082125449,13,8
rio-de-janeiro,2,2025-12-28,2026-03-30,866127521138383828,13,0
rio-de-janeiro,2,2025-12-28,2026-03-30,867113006349860681,8,0
rio-de-janeiro,2,2025-12-28,2026-03-30,867950919074162449,5,1
rio-de-janeiro,2,2025-12-28,2026-03-30,871008032689111144,4,0
rio-de-janeiro,2,2025-12-28,2026-03-30,871890728598871718,3,0
rio-de-janeiro,2,2025-12-28,2026-03-30,872578435440929146,5,0
rio-de-janeiro,2,2025-12-28,2026-03-30,874595503862935621,6,0
rio-de-janeiro,2,2025-12-28,2026-03-30,876731032349992072,5,0
rio-de-janeiro,2,2025-12-28,2026-03-30,892468328069343601,13,0
rio-de-janeiro,2,2025-12-28,2026-03-30,902977559602534227,8,0
rio-de-janeiro,2,2025-12-28,2026-03-30,903458315846588657,3,3
rio-de-janeiro,2,2025-12-28,2026-03-30,923095003504556323,36,9
rio-de-janeiro,2,2025-12-28,2026-03-30,929114565403951735,9,0
rio-de-janeiro,2,2025-12-28,2026-03-30,938589639585002595,10,0
rio-de-janeiro,2,2025-12-28,2026-03-30,939793241770542524,23,0
rio-de-janeiro,2,2025-12-28,2026-03-30,947011621753225283,4,0
rio-de-janeiro,2,2025-12-28,2026-03-30,961659051511319807,16,0
rio-de-janeiro,2,2025-12-28,2026-03-30,961731864911509906,4,0
rio-de-janeiro,2,2025-12-28,2026-03-30,962303973858176446,13,1
rio-de-janeiro,2,2025-12-28,2026-03-30,967915190523327489,2,0
rio-de-janeiro,2,2025-12-28,2026-03-30,968892794407052383,1,0
rio-de-janeiro,2,2025-12-28,2026-03-30,973912286239928721,16,15
rio-de-janeiro,2,2025-12-28,2026-03-30,982860125082437072,9,3
rio-de-janeiro,2,2025-12-28,2026-03-30,988263170799769852,3,0
rio-de-janeiro,2,2025-12-28,2026-03-30,989075962463492672,3,0
rio-de-janeiro,2,2025-12-28,2026-03-30,993587182178480628,5,5
rio-de-janeiro,2,2025-12-28,2026-03-30,998677572574352637,5,5
rio-de-janeiro,2,2025-12-28,2026-03-30,1001701424522192991,3,0
rio-de-janeiro,2,2025-12-28,2026-03-30,1008735510767275037,4,4
rio-de-janeiro,2,2025-12-28,2026-03-30,1008813085076411690,3,0
rio-de-janeiro,2,2025-12-28,2026-03-30,1015846231955846125,9,0
rio-de-janeiro,2,2025-12-28,2026-03-30,1026143930713046345,5,5
rio-de-janeiro,2,2025-12-28,2026-03-30,1027831118099367482,22,18
rio-de-janeiro,2,2025-12-28,2026-03-30,1031772295738265495,4,0
rio-de-janeiro,2,2025-12-28,2026-03-30,1037744896554074798,10,0
rio-de-janeiro,2,2025-12-28,2026-03-30,1038435261470015261,7,0
rio-de-janeiro,2,2025-12-28,2026-03-30,1039704548636987508,44,7
rio-de-janeiro,2,2025-12-28,2026-03-30,1040024900352316094,11,0
rio-de-janeiro,2,2025-12-28,2026-03-30,1040614095120773119,82,0
rio-de-janeiro,2,2025-12-28,2026-03-30,1047161364865031235,3,0
rio-de-janeiro,2,2025-12-28,2026-03-30,1047176999377221340,5,0
rio-de-janeiro,2,2025-12-28,2026-03-30,1049222763437147904,7,7
rio-de-janeiro,2,2025-12-28,2026-03-30,1049448842986187706,7,0
rio-de-janeiro,2,2025-12-28,2026-03-30,1049774602485298524,8,0
rio-de-janeiro,2,2025-12-28,2026-03-30,1050227817118384190,5,0
rio-de-janeiro,2,2025-12-28,2026-03-30,1051416760194330713,13,1
rio-de-janeiro,2,2025-12-28,2026-03-30,1051708772559571919,14,2
rio-de-janeiro,2,2025-12-28,2026-03-30,1052222141929310859,14,0
rio-de-janeiro,2,2025-12-28,2026-03-30,1053428487620174682,11,0
rio-de-janeiro,2,2025-12-28,2026-03-30,1055870528020156562,1,1
rio-de-janeiro,2,2025-12-28,2026-03-30,1056534896769630484,12,7
rio-de-janeiro,2,2025-12-28,2026-03-30,1059984077935427127,7,0
rio-de-janeiro,2,2025-12-28,2026-03-30,1062502504525407432,6,0
rio-de-janeiro,2,2025-12-28,2026-03-30,1069508000687548834,60,5
rio-de-janeiro,2,2025-12-28,2026-03-30,1069614903975746540,5,0
rio-de-janeiro,2,2025-12-28,2026-03-30,1070487803975021334,25,0
rio-de-janeiro,2,2025-12-28,2026-03-30,1073070229590234439,8,0
rio-de-janeiro,2,2025-12-28,2026-03-30,1081106746177050540,5,0
rio-de-janeiro,2,2025-12-28,2026-03-30,1081124859071399092,1,1
rio-de-janeiro,2,2025-12-28,2026-03-30,1081250330462511133,3,0
rio-de-janeiro,2,2025-12-28,2026-03-30,1081337459013176146,22,0
rio-de-janeiro,2,2025-12-28,2026-03-30,1081418229968075342,3,0
rio-de-janeiro,2,2025-12-28,2026-03-30,1084158641380777862,2,0
rio-de-janeiro,2,2025-12-28,2026-03-30,1091316669945307930,15,0
rio-de-janeiro,2,2025-12-28,2026-03-30,1091507654281907323,3,0
rio-de-janeiro,2,2025-12-28,2026-03-30,1094373672052952090,13,0
rio-de-janeiro,2,2025-12-28,2026-03-30,1098593686893865111,7,0
rio-de-janeiro,2,2025-12-28,2026-03-30,1103502320632316339,1,1
rio-de-janeiro,2,2025-12-28,2026-03-30,1105062149499073835,6,1
rio-de-janeiro,2,2025-12-28,2026-03-30,1105907261345358718,18,0
rio-de-janeiro,2,2025-12-28,2026-03-30,1107849434904428212,4,3
rio-de-janeiro,2,2025-12-28,2026-03-30,1111011133929088201,12,1
rio-de-janeiro,2,2025-12-28,2026-03-30,1119876211568852069,22,4
rio-de-janeiro,2,2025-12-28,2026-03-30,1129142752287296712,11,11
rio-de-janeiro,2,2025-12-28,2026-03-30,1131383271592712811,2,0
rio-de-janeiro,2,2025-12-28,2026-03-30,1136371009834484243,6,1
rio-de-janeiro,2,2025-12-28,2026-03-30,1138669660120006776,30,8
rio-de-janeiro,2,2025-12-28,2026-03-30,1144155769547998255,11,0
rio-de-janeiro,2,2025-12-28,2026-03-30,1144229616617704638,3,0
rio-de-janeiro,2,2025-12-28,2026-03-30,1145886092069109875,5,0
rio-de-janeiro,2,2025-12-28,2026-03-30,1147714266781723330,5,0
rio-de-janeiro,2,2025-12-28,2026-03-30,1147848108801227192,6,0
rio-de-janeiro,2,2025-12-28,2026-03-30,1151599290309461309,5,0
rio-de-janeiro,2,2025-12-28,2026-03-30,1152352030488311266,19,8
rio-de-janeiro,2,2025-12-28,2026-03-30,1157841112787396139,4,4
rio-de-janeiro,2,2025-12-28,2026-03-30,1161562262660495735,2,0
rio-de-janeiro,2,2025-12-28,2026-03-30,1171178814411417210,2,0
rio-de-janeiro,2,2025-12-28,2026-03-30,1171742927174083264,78,6
rio-de-janeiro,2,2025-12-28,2026-03-30,1174193233131490633,6,0
rio-de-janeiro,2,2025-12-28,2026-03-30,1178884083199749697,7,7
rio-de-janeiro,2,2025-12-28,2026-03-30,1188355773737303828,7,7
rio-de-janeiro,2,2025-12-28,2026-03-30,1190851109218277613,3,0
rio-de-janeiro,2,2025-12-28,2026-03-30,1196558727004979561,6,0
rio-de-janeiro,2,2025-12-28,2026-03-30,1198776882431111541,11,0
rio-de-janeiro,2,2025-12-28,2026-03-30,1200896900388427237,23,1
rio-de-janeiro,2,2025-12-28,2026-03-30,1205874249571142193,24,2
rio-de-janeiro,2,2025-12-28,2026-03-30,1215340844874165262,7,1
rio-de-janeiro,2,2025-12-28,2026-03-30,1218993463104426783,15,0
rio-de-janeiro,2,2025-12-28,2026-03-30,1220194855279336701,3,0
rio-de-janeiro,2,2025-12-28,2026-03-30,1222501023750408721,8,0
rio-de-janeiro,2,2025-12-28,2026-03-30,1223226563379625119,3,0
rio-de-janeiro,2,2025-12-28,2026-03-30,1223398382685179148,1,1
rio-de-janeiro,2,2025-12-28,2026-03-30,1229066823753166999,15,0
rio-de-janeiro,2,2025-12-28,2026-03-30,1229307183255182860,7,3
rio-de-janeiro,2,2025-12-28,2026-03-30,1230466526182784009,9,0
rio-de-janeiro,2,2025-12-28,2026-03-30,1231292941682947154,11,6
rio-de-janeiro,2,2025-12-28,2026-03-30,1238705629522069059,14,14
rio-de-janeiro,2,2025-12-28,2026-03-30,1242121878637188538,17,5
rio-de-janeiro,2,2025-12-28,2026-03-30,1245222338240810832,4,0
rio-de-janeiro,2,2025-12-28,2026-03-30,1245862208064395558,18,0
rio-de-janeiro,2,2025-12-28,2026-03-30,1246360972171817113,11,6
rio-de-janeiro,2,2025-12-28,2026-03-30,1247174678632807806,2,0
rio-de-janeiro,2,2025-12-28,2026-03-30,1254418187664749993,5,5
rio-de-janeiro,2,2025-12-28,2026-03-30,1259651552138237279,5,5
rio-de-janeiro,2,2025-12-28,2026-03-30,1260068642448092205,3,0
rio-de-janeiro,2,2025-12-28,2026-03-30,1263617206816635903,4,0
rio-de-janeiro,2,2025-12-28,2026-03-30,1267388260855205867,14,14
rio-de-janeiro,2,2025-12-28,2026-03-30,1268813926871471398,28,2
rio-de-janeiro,2,2025-12-28,2026-03-30,1269097042967925341,2,0
rio-de-janeiro,2,2025-12-28,2026-03-30,1272730252089416961,90,16
rio-de-janeiro,2,2025-12-28,2026-03-30,1275460799957584799,5,0
rio-de-janeiro,2,2025-12-28,2026-03-30,1276033887951616638,3,0
rio-de-janeiro,2,2025-12-28,2026-03-30,1278593996100910667,5,0
rio-de-janeiro,2,2025-12-28,2026-03-30,1281155747110953966,2,2
rio-de-janeiro,2,2025-12-28,2026-03-30,1283469522596760110,3,0
rio-de-janeiro,2,2025-12-28,2026-03-30,1286346987473556307,23,9
rio-de-janeiro,2,2025-12-28,2026-03-30,1287219644412515193,67,2
rio-de-janeiro,2,2025-12-28,2026-03-30,1287333005320718154,23,0
rio-de-janeiro,2,2025-12-28,2026-03-30,1290150505142527281,10,0
rio-de-janeiro,2,2025-12-28,2026-03-30,1295720082853525013,11,8
rio-de-janeiro,2,2025-12-28,2026-03-30,1300229730995459920,6,0
rio-de-janeiro,2,2025-12-28,2026-03-30,1307426798106828393,7,0
rio-de-janeiro,2,2025-12-28,2026-03-30,1308040527182025866,14,2
rio-de-janeiro,2,2025-12-28,2026-03-30,1308069414873555018,4,0
rio-de-janeiro,2,2025-12-28,2026-03-30,1309591990012905310,13,0
rio-de-janeiro,2,2025-12-28,2026-03-30,1309810387903650151,5,5
rio-de-janeiro,2,2025-12-28,2026-03-30,1310223338254274811,30,11
rio-de-janeiro,2,2025-12-28,2026-03-30,1310227667880215447,4,0
rio-de-janeiro,2,2025-12-28,2026-03-30,1310506607356150871,18,0
rio-de-janeiro,2,2025-12-28,2026-03-30,1315832718393101217,8,0
rio-de-janeiro,2,2025-12-28,2026-03-30,1316027505038993388,10,2
rio-de-janeiro,2,2025-12-28,2026-03-30,1316248122729866431,10,8
rio-de-janeiro,2,2025-12-28,2026-03-30,1317765794951427743,2,0
rio-de-janeiro,2,2025-12-28,2026-03-30,1318067126762227308,6,0
rio-de-janeiro,2,2025-12-28,2026-03-30,1318268529775173375,11,0
rio-de-janeiro,2,2025-12-28,2026-03-30,1318785168193940593,12,2
rio-de-janeiro,2,2025-12-28,2026-03-30,1320890742694588623,30,1
rio-de-janeiro,2,2025-12-28,2026-03-30,1321116064333598082,15,0
rio-de-janeiro,2,2025-12-28,2026-03-30,1322493892074702625,13,0
rio-de-janeiro,2,2025-12-28,2026-03-30,1323180235735936961,3,0
rio-de-janeiro,2,2025-12-28,2026-03-30,1324659557083997524,6,0
rio-de-janeiro,2,2025-12-28,2026-03-30,1326901295648311845,16,0
rio-de-janeiro,2,2025-12-28,2026-03-30,1328368583973767021,25,7
rio-de-janeiro,2,2025-12-28,2026-03-30,1329111589834516917,6,5
rio-de-janeiro,2,2025-12-28,2026-03-30,1330281806262179897,5,1
rio-de-janeiro,2,2025-12-28,2026-03-30,1330638156516514426,22,4
rio-de-janeiro,2,2025-12-28,2026-03-30,1332705685582673572,10,10
rio-de-janeiro,2,2025-12-28,2026-03-30,1334059637939248955,16,0
rio-de-janeiro,2,2025-12-28,2026-03-30,1334237851998872218,11,0
rio-de-janeiro,2,2025-12-28,2026-03-30,1334683460033210890,3,0
rio-de-janeiro,2,2025-12-28,2026-03-30,1335047060850712152,39,3
rio-de-janeiro,2,2025-12-28,2026-03-30,1342071871060480605,26,0
rio-de-janeiro,2,2025-12-28,2026-03-30,1343705378820992337,5,0
rio-de-janeiro,2,2025-12-28,2026-03-30,1349547175364718340,57,15
rio-de-janeiro,2,2025-12-28,2026-03-30,1350248564966040619,3,0
rio-de-janeiro,2,2025-12-28,2026-03-30,1351548257359270543,8,8
rio-de-janeiro,2,2025-12-28,2026-03-30,1355264485733217528,12,7
rio-de-janeiro,2,2025-12-28,2026-03-30,1356069851767337670,7,0
rio-de-janeiro,2,2025-12-28,2026-03-30,1356689769588841223,4,0
rio-de-janeiro,2,2025-12-28,2026-03-30,1358162397568919289,20,3
rio-de-janeiro,2,2025-12-28,2026-03-30,1358401544638025737,4,0
rio-de-janeiro,2,2025-12-28,2026-03-30,1362288265930495402,11,0
rio-de-janeiro,2,2025-12-28,2026-03-30,1363186265044125130,18,11
rio-de-janeiro,2,2025-12-28,2026-03-30,1364651869271465931,15,8
rio-de-janeiro,2,2025-12-28,2026-03-30,1366602259545476200,5,0
rio-de-janeiro,2,2025-12-28,2026-03-30,1366686106842875720,3,0
rio-de-janeiro,2,2025-12-28,2026-03-30,1368216371472705173,2,0
rio-de-janeiro,2,2025-12-28,2026-03-30,1368990071449887977,4,0
rio-de-janeiro,2,2025-12-28,2026-03-30,1369641527200968381,18,9
rio-de-janeiro,2,2025-12-28,2026-03-30,1373968786576456454,12,0
rio-de-janeiro,2,2025-12-28,2026-03-30,1376096741436407237,9,0
rio-de-janeiro,2,2025-12-28,2026-03-30,1376772644592195428,11,8
rio-de-janeiro,2,2025-12-28,2026-03-30,1378875043898085520,7,0
rio-de-janeiro,2,2025-12-28,2026-03-30,1381265482689970926,2,2
rio-de-janeiro,2,2025-12-28,2026-03-30,1381680439457664732,6,2
rio-de-janeiro,2,2025-12-28,2026-03-30,1381894267338797999,15,5
rio-de-janeiro,2,2025-12-28,2026-03-30,1383353358398660000,2,1
rio-de-janeiro,2,2025-12-28,2026-03-30,1384972713336572303,3,0
rio-de-janeiro,2,2025-12-28,2026-03-30,1388648690496480736,8,8
rio-de-janeiro,2,2025-12-28,2026-03-30,1392876912325153500,7,0
rio-de-janeiro,2,2025-12-28,2026-03-30,1394525715127033183,1,0
rio-de-janeiro,2,2025-12-28,2026-03-30,1399378259444570596,2,0
rio-de-janeiro,2,2025-12-28,2026-03-30,1402187607132580185,7,2
rio-de-janeiro,2,2025-12-28,2026-03-30,1403743110669962812,6,0
rio-de-janeiro,2,2025-12-28,2026-03-30,1406764885652426828,5,2
rio-de-janeiro,2,2025-12-28,2026-03-30,1412233921120003246,14,0
rio-de-janeiro,2,2025-12-28,2026-03-30,1419759227489681845,20,0
rio-de-janeiro,2,2025-12-28,2026-03-30,1420510387949930622,5,5
rio-de-janeiro,2,2025-12-28,2026-03-30,1420563117818708498,13,9
rio-de-janeiro,2,2025-12-28,2026-03-30,1421021294729438197,5,0
rio-de-janeiro,2,2025-12-28,2026-03-30,1423302852902656092,27,1
rio-de-janeiro,2,2025-12-28,2026-03-30,1425455135255178956,22,0
rio-de-janeiro,2,2025-12-28,2026-03-30,1429835316032726984,15,0
rio-de-janeiro,2,2025-12-28,2026-03-30,1430523667426190090,26,0
rio-de-janeiro,2,2025-12-28,2026-03-30,1432015120027082950,2,0
rio-de-janeiro,2,2025-12-28,2026-03-30,1435591111337315492,10,10
rio-de-janeiro,2,2025-12-28,2026-03-30,1436389178679867677,8,0
rio-de-janeiro,2,2025-12-28,2026-03-30,1439079936058408907,46,12
rio-de-janeiro,2,2025-12-28,2026-03-30,1439498763022206199,19,1
rio-de-janeiro,2,2025-12-28,2026-03-30,1441781530734187973,4,4
rio-de-janeiro,2,2025-12-28,2026-03-30,1445175085078063957,7,0
rio-de-janeiro,2,2025-12-28,2026-03-30,1445599651846357519,3,3
rio-de-janeiro,2,2025-12-28,2026-03-30,1446578590012763116,3,0
rio-de-janeiro,2,2025-12-28,2026-03-30,1446736076103609141,6,6
rio-de-janeiro,2,2025-12-28,2026-03-30,1449483228638076381,3,0
rio-de-janeiro,2,2025-12-28,2026-03-30,1450147945355148967,15,2
rio-de-janeiro,2,2025-12-28,2026-03-30,1454433947077926087,3,0
rio-de-janeiro,2,2025-12-28,2026-03-30,1457611468187486272,9,2
rio-de-janeiro,2,2025-12-28,2026-03-30,1462443566612357069,4,4
rio-de-janeiro,2,2025-12-28,2026-03-30,1463374340894518708,21,14
rio-de-janeiro,2,2025-12-28,2026-03-30,1471349179682000099,9,0
rio-de-janeiro,2,2025-12-28,2026-03-30,1475581728076165892,2,0
rio-de-janeiro,2,2025-12-28,2026-03-30,1482695380010795556,1,1
rio-de-janeiro,2,2025-12-28,2026-03-30,1483510475995658891,7,0
rio-de-janeiro,2,2025-12-28,2026-03-30,1487140966631283557,16,0
rio-de-janeiro,2,2025-12-28,2026-03-30,1487240540293000947,9,0
rio-de-janeiro,2,2025-12-28,2026-03-30,1488706110585725820,20,0
rio-de-janeiro,2,2025-12-28,2026-03-30,1490808865699678885,5,0
rio-de-janeiro,2,2025-12-28,2026-03-30,1494270340873513129,3,0
rio-de-janeiro,2,2025-12-28,2026-03-30,1496732587772885413,8,0
rio-de-janeiro,2,2025-12-28,2026-03-30,1498776035933270476,4,0
rio-de-janeiro,2,2025-12-28,2026-03-30,1499523930979876850,2,0
rio-de-janeiro,2,2025-12-28,2026-03-30,1500748618686680992,2,0
rio-de-janeiro,2,2025-12-28,2026-03-30,1501675983373903967,9,0
rio-de-janeiro,2,2025-12-28,2026-03-30,1503610339785762046,1,1
rio-de-janeiro,2,2025-12-28,2026-03-30,1503844677620118696,9,0
rio-de-janeiro,2,2025-12-28,2026-03-30,1505185993119729009,14,2
rio-de-janeiro,2,2025-12-28,2026-03-30,1507588706780595933,12,0
rio-de-janeiro,2,2025-12-28,2026-03-30,1508349294361286503,7,0
rio-de-janeiro,2,2025-12-28,2026-03-30,1513993395647849752,3,0
rio-de-janeiro,3,2026-03-30,2026-06-24,51703,7,0
rio-de-janeiro,3,2026-03-30,2026-06-24,99971,44,11
rio-de-janeiro,3,2026-03-30,2026-06-24,108072,13,0
rio-de-janeiro,3,2026-03-30,2026-06-24,239531,6,4
rio-de-janeiro,3,2026-03-30,2026-06-24,272335,84,0
rio-de-janeiro,3,2026-03-30,2026-06-24,326205,22,0
rio-de-janeiro,3,2026-03-30,2026-06-24,380887,5,0
rio-de-janeiro,3,2026-03-30,2026-06-24,658035,33,0
rio-de-janeiro,3,2026-03-30,2026-06-24,720736,5,0
rio-de-janeiro,3,2026-03-30,2026-06-24,842292,31,0
rio-de-janeiro,3,2026-03-30,2026-06-24,1724741,16,0
rio-de-janeiro,3,2026-03-30,2026-06-24,1856688,13,0
rio-de-janeiro,3,2026-03-30,2026-06-24,1922676,4,0
rio-de-janeiro,3,2026-03-30,2026-06-24,1958020,9,0
rio-de-janeiro,3,2026-03-30,2026-06-24,2011161,37,0
rio-de-janeiro,3,2026-03-30,2026-06-24,2049221,62,0
rio-de-janeiro,3,2026-03-30,2026-06-24,2088615,13,0
rio-de-janeiro,3,2026-03-30,2026-06-24,2115137,7,0
rio-de-janeiro,3,2026-03-30,2026-06-24,2188972,5,0
rio-de-janeiro,3,2026-03-30,2026-06-24,2200957,24,0
rio-de-janeiro,3,2026-03-30,2026-06-24,2291281,10,0
rio-de-janeiro,3,2026-03-30,2026-06-24,2395010,7,2
rio-de-janeiro,3,2026-03-30,2026-06-24,2411318,1,0
rio-de-janeiro,3,2026-03-30,2026-06-24,2461715,45,0
rio-de-janeiro,3,2026-03-30,2026-06-24,2473323,12,0
rio-de-janeiro,3,2026-03-30,2026-06-24,2560415,6,0
rio-de-janeiro,3,2026-03-30,2026-06-24,2634018,1,1
rio-de-janeiro,3,2026-03-30,2026-06-24,2650674,3,0
rio-de-janeiro,3,2026-03-30,2026-06-24,2664963,19,7
rio-de-janeiro,3,2026-03-30,2026-06-24,2712999,14,2
rio-de-janeiro,3,2026-03-30,2026-06-24,2721919,6,0
rio-de-janeiro,3,2026-03-30,2026-06-24,2940697,25,0
rio-de-janeiro,3,2026-03-30,2026-06-24,2948815,8,1
rio-de-janeiro,3,2026-03-30,2026-06-24,3006105,6,0
rio-de-janeiro,3,2026-03-30,2026-06-24,3038880,3,0
rio-de-janeiro,3,2026-03-30,2026-06-24,3090760,1,0
rio-de-janeiro,3,2026-03-30,2026-06-24,3152757,7,0
rio-de-janeiro,3,2026-03-30,2026-06-24,3162011,5,4
rio-de-janeiro,3,2026-03-30,2026-06-24,3162169,7,0
rio-de-janeiro,3,2026-03-30,2026-06-24,3185647,1,0
rio-de-janeiro,3,2026-03-30,2026-06-24,3303047,3,1
rio-de-janeiro,3,2026-03-30,2026-06-24,3395314,68,14
rio-de-janeiro,3,2026-03-30,2026-06-24,3425766,49,5
rio-de-janeiro,3,2026-03-30,2026-06-24,3547476,61,0
rio-de-janeiro,3,2026-03-30,2026-06-24,3880347,41,6
rio-de-janeiro,3,2026-03-30,2026-06-24,3883433,10,0
rio-de-janeiro,3,2026-03-30,2026-06-24,4151435,12,1
rio-de-janeiro,3,2026-03-30,2026-06-24,4348487,5,0
rio-de-janeiro,3,2026-03-30,2026-06-24,4875052,10,0
rio-de-janeiro,3,2026-03-30,2026-06-24,4911751,10,0
rio-de-janeiro,3,2026-03-30,2026-06-24,4958207,6,0
rio-de-janeiro,3,2026-03-30,2026-06-24,5227607,12,12
rio-de-janeiro,3,2026-03-30,2026-06-24,5285438,13,0
rio-de-janeiro,3,2026-03-30,2026-06-24,5794726,63,0
rio-de-janeiro,3,2026-03-30,2026-06-24,7162238,22,8
rio-de-janeiro,3,2026-03-30,2026-06-24,8629526,34,6
rio-de-janeiro,3,2026-03-30,2026-06-24,8884882,17,0
rio-de-janeiro,3,2026-03-30,2026-06-24,9074422,37,0
rio-de-janeiro,3,2026-03-30,2026-06-24,9744607,4,0
rio-de-janeiro,3,2026-03-30,2026-06-24,9952847,4,4
rio-de-janeiro,3,2026-03-30,2026-06-24,9964602,12,0
rio-de-janeiro,3,2026-03-30,2026-06-24,10035945,20,0
rio-de-janeiro,3,2026-03-30,2026-06-24,10631556,2,0
rio-de-janeiro,3,2026-03-30,2026-06-24,10744466,22,0
rio-de-janeiro,3,2026-03-30,2026-06-24,10751409,36,2
rio-de-janeiro,3,2026-03-30,2026-06-24,10827501,4,0
rio-de-janeiro,3,2026-03-30,2026-06-24,10896807,7,0
rio-de-janeiro,3,2026-03-30,2026-06-24,11018889,12,0
rio-de-janeiro,3,2026-03-30,2026-06-24,11031871,12,6
rio-de-janeiro,3,2026-03-30,2026-06-24,11928722,4,0
rio-de-janeiro,3,2026-03-30,2026-06-24,12126910,40,0
rio-de-janeiro,3,2026-03-30,2026-06-24,12264351,4,0
rio-de-janeiro,3,2026-03-30,2026-06-24,12749184,14,0
rio-de-janeiro,3,2026-03-30,2026-06-24,12925602,37,0
rio-de-janeiro,3,2026-03-30,2026-06-24,13032033,33,1
rio-de-janeiro,3,2026-03-30,2026-06-24,13080786,7,0
rio-de-janeiro,3,2026-03-30,2026-06-24,13749304,49,6
rio-de-janeiro,3,2026-03-30,2026-06-24,13801713,17,0
rio-de-janeiro,3,2026-03-30,2026-06-24,13998449,4,0
rio-de-janeiro,3,2026-03-30,2026-06-24,14015653,4,0
rio-de-janeiro,3,2026-03-30,2026-06-24,14122253,6,0
rio-de-janeiro,3,2026-03-30,2026-06-24,14127755,17,5
rio-de-janeiro,3,2026-03-30,2026-06-24,14228713,10,0
rio-de-janeiro,3,2026-03-30,2026-06-24,15374605,8,8
rio-de-janeiro,3,2026-03-30,2026-06-24,15668815,51,0
rio-de-janeiro,3,2026-03-30,2026-06-24,16047655,5,1
rio-de-janeiro,3,2026-03-30,2026-06-24,16348530,18,0
rio-de-janeiro,3,2026-03-30,2026-06-24,16593214,12,0
rio-de-janeiro,3,2026-03-30,2026-06-24,17088470,28,0
rio-de-janeiro,3,2026-03-30,2026-06-24,18375433,7,0
rio-de-janeiro,3,2026-03-30,2026-06-24,18979697,27,0
rio-de-janeiro,3,2026-03-30,2026-06-24,19017652,14,0
rio-de-janeiro,3,2026-03-30,2026-06-24,19030679,18,0
rio-de-janeiro,3,2026-03-30,2026-06-24,20424433,7,1
rio-de-janeiro,3,2026-03-30,2026-06-24,20538187,4,0
rio-de-janeiro,3,2026-03-30,2026-06-24,20638064,12,0
rio-de-janeiro,3,2026-03-30,2026-06-24,20994311,13,0
rio-de-janeiro,3,2026-03-30,2026-06-24,21645715,17,1
rio-de-janeiro,3,2026-03-30,2026-06-24,21683987,9,0
rio-de-janeiro,3,2026-03-30,2026-06-24,21725316,4,0
rio-de-janeiro,3,2026-03-30,2026-06-24,21889834,6,0
rio-de-janeiro,3,2026-03-30,2026-06-24,22062531,17,0
rio-de-janeiro,3,2026-03-30,2026-06-24,22795593,7,0
rio-de-janeiro,3,2026-03-30,2026-06-24,22927866,19,0
rio-de-janeiro,3,2026-03-30,2026-06-24,23049612,59,0
rio-de-janeiro,3,2026-03-30,2026-06-24,23876447,7,0
rio-de-janeiro,3,2026-03-30,2026-06-24,24712881,66,0
rio-de-janeiro,3,2026-03-30,2026-06-24,24864865,70,1
rio-de-janeiro,3,2026-03-30,2026-06-24,24936051,12,12
rio-de-janeiro,3,2026-03-30,2026-06-24,26157518,25,0
rio-de-janeiro,3,2026-03-30,2026-06-24,26198816,5,0
rio-de-janeiro,3,2026-03-30,2026-06-24,27359280,3,0
rio-de-janeiro,3,2026-03-30,2026-06-24,27661759,16,0
rio-de-janeiro,3,2026-03-30,2026-06-24,27783243,25,0
rio-de-janeiro,3,2026-03-30,2026-06-24,27955091,5,0
rio-de-janeiro,3,2026-03-30,2026-06-24,28461842,1,1
rio-de-janeiro,3,2026-03-30,2026-06-24,28719990,1,0
rio-de-janeiro,3,2026-03-30,2026-06-24,28956102,6,0
rio-de-janeiro,3,2026-03-30,2026-06-24,29095271,55,13
rio-de-janeiro,3,2026-03-30,2026-06-24,29438607,21,0
rio-de-janeiro,3,2026-03-30,2026-06-24,29519833,17,13
rio-de-janeiro,3,2026-03-30,2026-06-24,29541573,11,0
rio-de-janeiro,3,2026-03-30,2026-06-24,29651948,51,0
rio-de-janeiro,3,2026-03-30,2026-06-24,29765982,9,0
rio-de-janeiro,3,2026-03-30,2026-06-24,30035291,8,0
rio-de-janeiro,3,2026-03-30,2026-06-24,30372795,7,0
rio-de-janeiro,3,2026-03-30,2026-06-24,30390854,31,0
rio-de-janeiro,3,2026-03-30,2026-06-24,30852959,14,0
rio-de-janeiro,3,2026-03-30,2026-06-24,30882039,10,0
rio-de-janeiro,3,2026-03-30,2026-06-24,31232639,4,0
rio-de-janeiro,3,2026-03-30,2026-06-24,32047598,9,1
rio-de-janeiro,3,2026-03-30,2026-06-24,32386573,3,0
rio-de-janeiro,3,2026-03-30,2026-06-24,32514974,14,0
rio-de-janeiro,3,2026-03-30,2026-06-24,32574376,10,0
rio-de-janeiro,3,2026-03-30,2026-06-24,32576948,13,0
rio-de-janeiro,3,2026-03-30,2026-06-24,32812306,3,3
rio-de-janeiro,3,2026-03-30,2026-06-24,33551658,31,0
rio-de-janeiro,3,2026-03-30,2026-06-24,34511627,10,0
rio-de-janeiro,3,2026-03-30,2026-06-24,36385131,15,15
rio-de-janeiro,3,2026-03-30,2026-06-24,36630998,4,4
rio-de-janeiro,3,2026-03-30,2026-06-24,37050418,7,0
rio-de-janeiro,3,2026-03-30,2026-06-24,38100747,10,5
rio-de-janeiro,3,2026-03-30,2026-06-24,38266134,11,6
rio-de-janeiro,3,2026-03-30,2026-06-24,38412133,5,0
rio-de-janeiro,3,2026-03-30,2026-06-24,38780307,32,6
rio-de-janeiro,3,2026-03-30,2026-06-24,38781254,29,0
rio-de-janeiro,3,2026-03-30,2026-06-24,39292067,19,8
rio-de-janeiro,3,2026-03-30,2026-06-24,39470919,17,0
rio-de-janeiro,3,2026-03-30,2026-06-24,39818654,18,0
rio-de-janeiro,3,2026-03-30,2026-06-24,39882295,9,0
rio-de-janeiro,3,2026-03-30,2026-06-24,39893452,7,0
rio-de-janeiro,3,2026-03-30,2026-06-24,39941220,35,0
rio-de-janeiro,3,2026-03-30,2026-06-24,40036383,6,0
rio-de-janeiro,3,2026-03-30,2026-06-24,40734733,1,0
rio-de-janeiro,3,2026-03-30,2026-06-24,40819178,12,0
rio-de-janeiro,3,2026-03-30,2026-06-24,40819928,9,7
rio-de-janeiro,3,2026-03-30,2026-06-24,40855586,2,0
rio-de-janeiro,3,2026-03-30,2026-06-24,40934325,3,2
rio-de-janeiro,3,2026-03-30,2026-06-24,40979718,7,0
rio-de-janeiro,3,2026-03-30,2026-06-24,40984844,4,0
rio-de-janeiro,3,2026-03-30,2026-06-24,41020158,13,0
rio-de-janeiro,3,2026-03-30,2026-06-24,41027097,3,0
rio-de-janeiro,3,2026-03-30,2026-06-24,41070890,23,0
rio-de-janeiro,3,2026-03-30,2026-06-24,41122887,14,11
rio-de-janeiro,3,2026-03-30,2026-06-24,41305718,3,0
rio-de-janeiro,3,2026-03-30,2026-06-24,42135373,6,0
rio-de-janeiro,3,2026-03-30,2026-06-24,42296142,6,0
rio-de-janeiro,3,2026-03-30,2026-06-24,42489487,4,0
rio-de-janeiro,3,2026-03-30,2026-06-24,42623671,2,1
rio-de-janeiro,3,2026-03-30,2026-06-24,43096444,2,1
rio-de-janeiro,3,2026-03-30,2026-06-24,43727125,8,0
rio-de-janeiro,3,2026-03-30,2026-06-24,43778415,5,5
rio-de-janeiro,3,2026-03-30,2026-06-24,43924925,4,0
rio-de-janeiro,3,2026-03-30,2026-06-24,44051299,3,0
rio-de-janeiro,3,2026-03-30,2026-06-24,44086036,24,4
rio-de-janeiro,3,2026-03-30,2026-06-24,44448815,6,1
rio-de-janeiro,3,2026-03-30,2026-06-24,44556914,4,0
rio-de-janeiro,3,2026-03-30,2026-06-24,44930161,14,8
rio-de-janeiro,3,2026-03-30,2026-06-24,45055282,9,0
rio-de-janeiro,3,2026-03-30,2026-06-24,45172851,8,0
rio-de-janeiro,3,2026-03-30,2026-06-24,45190777,7,0
rio-de-janeiro,3,2026-03-30,2026-06-24,45329462,3,3
rio-de-janeiro,3,2026-03-30,2026-06-24,45423421,27,0
rio-de-janeiro,3,2026-03-30,2026-06-24,46032067,3,0
rio-de-janeiro,3,2026-03-30,2026-06-24,46543934,14,0
rio-de-janeiro,3,2026-03-30,2026-06-24,46713068,15,2
rio-de-janeiro,3,2026-03-30,2026-06-24,46790887,2,0
rio-de-janeiro,3,2026-03-30,2026-06-24,46870109,9,3
rio-de-janeiro,3,2026-03-30,2026-06-24,46887839,29,3
rio-de-janeiro,3,2026-03-30,2026-06-24,46960003,10,0
rio-de-janeiro,3,2026-03-30,2026-06-24,47019384,39,3
rio-de-janeiro,3,2026-03-30,2026-06-24,47023768,18,0
rio-de-janeiro,3,2026-03-30,2026-06-24,47217911,11,0
rio-de-janeiro,3,2026-03-30,2026-06-24,47293708,12,2
rio-de-janeiro,3,2026-03-30,2026-06-24,47312391,18,0
rio-de-janeiro,3,2026-03-30,2026-06-24,47314302,15,1
rio-de-janeiro,3,2026-03-30,2026-06-24,47420131,29,6
rio-de-janeiro,3,2026-03-30,2026-06-24,47916186,13,6
rio-de-janeiro,3,2026-03-30,2026-06-24,47920760,7,0
rio-de-janeiro,3,2026-03-30,2026-06-24,47920761,5,3
rio-de-janeiro,3,2026-03-30,2026-06-24,48251904,30,0
rio-de-janeiro,3,2026-03-30,2026-06-24,48277670,4,0
rio-de-janeiro,3,2026-03-30,2026-06-24,48488631,35,0
rio-de-janeiro,3,2026-03-30,2026-06-24,48956089,42,3
rio-de-janeiro,3,2026-03-30,2026-06-24,48977683,10,0
rio-de-janeiro,3,2026-03-30,2026-06-24,49124606,4,0
rio-de-janeiro,3,2026-03-30,2026-06-24,49422507,9,0
rio-de-janeiro,3,2026-03-30,2026-06-24,49441183,5,0
rio-de-janeiro,3,2026-03-30,2026-06-24,49520838,5,0
rio-de-janeiro,3,2026-03-30,2026-06-24,49569127,13,0
rio-de-janeiro,3,2026-03-30,2026-06-24,50045454,4,0
rio-de-janeiro,3,2026-03-30,2026-06-24,50465012,9,1
rio-de-janeiro,3,2026-03-30,2026-06-24,50771144,8,0
rio-de-janeiro,3,2026-03-30,2026-06-24,51388652,18,0
rio-de-janeiro,3,2026-03-30,2026-06-24,51467402,11,11
rio-de-janeiro,3,2026-03-30,2026-06-24,51492579,26,0
rio-de-janeiro,3,2026-03-30,2026-06-24,52253387,13,0
rio-de-janeiro,3,2026-03-30,2026-06-24,52281790,7,0
rio-de-janeiro,3,2026-03-30,2026-06-24,52319819,6,0
rio-de-janeiro,3,2026-03-30,2026-06-24,52470694,4,0
rio-de-janeiro,3,2026-03-30,2026-06-24,52675722,1,0
rio-de-janeiro,3,2026-03-30,2026-06-24,52780214,32,2
rio-de-janeiro,3,2026-03-30,2026-06-24,52990170,17,0
rio-de-janeiro,3,2026-03-30,2026-06-24,53026084,32,3
rio-de-janeiro,3,2026-03-30,2026-06-24,53065194,8,0
rio-de-janeiro,3,2026-03-30,2026-06-24,53171558,14,0
rio-de-janeiro,3,2026-03-30,2026-06-24,53306274,4,4
rio-de-janeiro,3,2026-03-30,2026-06-24,53581631,4,0
rio-de-janeiro,3,2026-03-30,2026-06-24,53627310,25,8
rio-de-janeiro,3,2026-03-30,2026-06-24,53642938,14,0
rio-de-janeiro,3,2026-03-30,2026-06-24,53699487,7,0
rio-de-janeiro,3,2026-03-30,2026-06-24,53732741,30,1
rio-de-janeiro,3,2026-03-30,2026-06-24,53791516,1,1
rio-de-janeiro,3,2026-03-30,2026-06-24,53886878,15,0
rio-de-janeiro,3,2026-03-30,2026-06-24,53932752,21,0
rio-de-janeiro,3,2026-03-30,2026-06-24,53935896,4,4
rio-de-janeiro,3,2026-03-30,2026-06-24,54000352,5,0
rio-de-janeiro,3,2026-03-30,2026-06-24,54039299,4,0
rio-de-janeiro,3,2026-03-30,2026-06-24,54050183,48,15
rio-de-janeiro,3,2026-03-30,2026-06-24,54125284,31,0
rio-de-janeiro,3,2026-03-30,2026-06-24,54196848,2,2
rio-de-janeiro,3,2026-03-30,2026-06-24,54350081,6,6
rio-de-janeiro,3,2026-03-30,2026-06-24,511554050783757464,12,0
rio-de-janeiro,3,2026-03-30,2026-06-24,514368049586080261,18,14
rio-de-janeiro,3,2026-03-30,2026-06-24,547715332363899857,6,0
rio-de-janeiro,3,2026-03-30,2026-06-24,552822847514447367,37,7
rio-de-janeiro,3,2026-03-30,2026-06-24,553440715632846154,2,2
rio-de-janeiro,3,2026-03-30,2026-06-24,559437367789966887,7,7
rio-de-janeiro,3,2026-03-30,2026-06-24,565364001479899347,12,0
rio-de-janeiro,3,2026-03-30,2026-06-24,568985043362521772,18,0
rio-de-janeiro,3,2026-03-30,2026-06-24,569524743771707099,11,0
rio-de-janeiro,3,2026-03-30,2026-06-24,570100697815514194,6,0
rio-de-janeiro,3,2026-03-30,2026-06-24,575491340740448832,20,15
rio-de-janeiro,3,2026-03-30,2026-06-24,582429799815242395,19,0
rio-de-janeiro,3,2026-03-30,2026-06-24,582640465596168502,3,3
rio-de-janeiro,3,2026-03-30,2026-06-24,586260354844869274,3,2
rio-de-janeiro,3,2026-03-30,2026-06-24,590549803298394739,44,0
rio-de-janeiro,3,2026-03-30,2026-06-24,592566514097312468,19,0
rio-de-janeiro,3,2026-03-30,2026-06-24,600009051217940772,5,0
rio-de-janeiro,3,2026-03-30,2026-06-24,600466017199464589,7,0
rio-de-janeiro,3,2026-03-30,2026-06-24,601501730115809269,24,1
rio-de-janeiro,3,2026-03-30,2026-06-24,603462491397771613,18,0
rio-de-janeiro,3,2026-03-30,2026-06-24,603673910096218176,67,11
rio-de-janeiro,3,2026-03-30,2026-06-24,607211710229057662,3,0
rio-de-janeiro,3,2026-03-30,2026-06-24,607768328867771834,7,0
rio-de-janeiro,3,2026-03-30,2026-06-24,610515121473096131,17,1
rio-de-janeiro,3,2026-03-30,2026-06-24,623006851590842002,8,1
rio-de-janeiro,3,2026-03-30,2026-06-24,624073269983353580,8,8
rio-de-janeiro,3,2026-03-30,2026-06-24,625176033471139975,3,0
rio-de-janeiro,3,2026-03-30,2026-06-24,627569820320939949,61,0
rio-de-janeiro,3,2026-03-30,2026-06-24,640395032735790419,6,0
rio-de-janeiro,3,2026-03-30,2026-06-24,640459864145611465,14,0
rio-de-janeiro,3,2026-03-30,2026-06-24,641260160148987599,2,0
rio-de-janeiro,3,2026-03-30,2026-06-24,641325995715972294,10,0
rio-de-janeiro,3,2026-03-30,2026-06-24,645085313599283737,6,0
rio-de-janeiro,3,2026-03-30,2026-06-24,653531093869596704,11,0
rio-de-janeiro,3,2026-03-30,2026-06-24,655716567014470144,12,0
rio-de-janeiro,3,2026-03-30,2026-06-24,656608917498168174,45,0
rio-de-janeiro,3,2026-03-30,2026-06-24,664998739862713397,8,3
rio-de-janeiro,3,2026-03-30,2026-06-24,669473361346690434,7,6
rio-de-janeiro,3,2026-03-30,2026-06-24,674651335992555832,3,0
rio-de-janeiro,3,2026-03-30,2026-06-24,675430764478723624,5,0
rio-de-janeiro,3,2026-03-30,2026-06-24,688620403203223289,9,0
rio-de-janeiro,3,2026-03-30,2026-06-24,689171033597823718,21,0
rio-de-janeiro,3,2026-03-30,2026-06-24,689252795165382057,10,0
rio-de-janeiro,3,2026-03-30,2026-06-24,690769330273423626,11,0
rio-de-janeiro,3,2026-03-30,2026-06-24,691203013172269169,2,0
rio-de-janeiro,3,2026-03-30,2026-06-24,696346998065233904,7,0
rio-de-janeiro,3,2026-03-30,2026-06-24,700438132489375099,3,0
rio-de-janeiro,3,2026-03-30,2026-06-24,700762352625659716,10,0
rio-de-janeiro,3,2026-03-30,2026-06-24,700824307898165932,5,0
rio-de-janeiro,3,2026-03-30,2026-06-24,701608878333709464,2,0
rio-de-janeiro,3,2026-03-30,2026-06-24,702332800099907350,14,3
rio-de-janeiro,3,2026-03-30,2026-06-24,703973293620197060,1,0
rio-de-janeiro,3,2026-03-30,2026-06-24,704328171243788763,4,0
rio-de-janeiro,3,2026-03-30,2026-06-24,707509891958532049,8,3
rio-de-janeiro,3,2026-03-30,2026-06-24,708047306124418885,12,0
rio-de-janeiro,3,2026-03-30,2026-06-24,708790700743852729,3,0
rio-de-janeiro,3,2026-03-30,2026-06-24,712959670947961350,6,0
rio-de-janeiro,3,2026-03-30,2026-06-24,713068506449921383,3,0
rio-de-janeiro,3,2026-03-30,2026-06-24,720150108128628282,4,0
rio-de-janeiro,3,2026-03-30,2026-06-24,722550644261081400,17,0
rio-de-janeiro,3,2026-03-30,2026-06-24,741717430993387687,4,0
rio-de-janeiro,3,2026-03-30,2026-06-24,744110339177354250,16,0
rio-de-janeiro,3,2026-03-30,2026-06-24,744683422158297505,14,0
rio-de-janeiro,3,2026-03-30,2026-06-24,746327635260798814,17,0
rio-de-janeiro,3,2026-03-30,2026-06-24,750791507248939502,2,0
rio-de-janeiro,3,2026-03-30,2026-06-24,750798014779240660,14,0
rio-de-janeiro,3,2026-03-30,2026-06-24,750969498344152576,37,0
rio-de-janeiro,3,2026-03-30,2026-06-24,752318531145700331,12,5
rio-de-janeiro,3,2026-03-30,2026-06-24,757175669655810607,18,0
rio-de-janeiro,3,2026-03-30,2026-06-24,757808213217113456,15,0
rio-de-janeiro,3,2026-03-30,2026-06-24,758792730805075874,3,0
rio-de-janeiro,3,2026-03-30,2026-06-24,760408868723383419,11,11
rio-de-janeiro,3,2026-03-30,2026-06-24,762491782314625330,30,0
rio-de-janeiro,3,2026-03-30,2026-06-24,768892727834435619,22,0
rio-de-janeiro,3,2026-03-30,2026-06-24,774926456628039431,12,4
rio-de-janeiro,3,2026-03-30,2026-06-24,775170693704609855,7,3
rio-de-janeiro,3,2026-03-30,2026-06-24,775403032136544664,4,0
rio-de-janeiro,3,2026-03-30,2026-06-24,776259335928693061,3,1
rio-de-janeiro,3,2026-03-30,2026-06-24,779218949916492566,10,7
rio-de-janeiro,3,2026-03-30,2026-06-24,779631055504855969,32,12
rio-de-janeiro,3,2026-03-30,2026-06-24,780203482712486116,25,6
rio-de-janeiro,3,2026-03-30,2026-06-24,781994341937717698,2,0
rio-de-janeiro,3,2026-03-30,2026-06-24,783493769216852616,5,0
rio-de-janeiro,3,2026-03-30,2026-06-24,787493009480575104,2,2
rio-de-janeiro,3,2026-03-30,2026-06-24,789749389256750270,1,1
rio-de-janeiro,3,2026-03-30,2026-06-24,791603070671449360,31,0
rio-de-janeiro,3,2026-03-30,2026-06-24,793613597860520531,10,0
rio-de-janeiro,3,2026-03-30,2026-06-24,794166420383829714,5,0
rio-de-janeiro,3,2026-03-30,2026-06-24,795012130129968332,63,4
rio-de-janeiro,3,2026-03-30,2026-06-24,801532154829794406,4,0
rio-de-janeiro,3,2026-03-30,2026-06-24,802952211269657980,6,1
rio-de-janeiro,3,2026-03-30,2026-06-24,803199051910470332,24,18
rio-de-janeiro,3,2026-03-30,2026-06-24,803407571748956618,4,0
rio-de-janeiro,3,2026-03-30,2026-06-24,812939750380298559,3,0
rio-de-janeiro,3,2026-03-30,2026-06-24,815174999785259158,9,0
rio-de-janeiro,3,2026-03-30,2026-06-24,816724295083488542,3,0
rio-de-janeiro,3,2026-03-30,2026-06-24,818982601492014920,6,2
rio-de-janeiro,3,2026-03-30,2026-06-24,820544186418537450,2,0
rio-de-janeiro,3,2026-03-30,2026-06-24,825547613862061307,8,0
rio-de-janeiro,3,2026-03-30,2026-06-24,825776672953731111,9,0
rio-de-janeiro,3,2026-03-30,2026-06-24,828955847375640089,11,0
rio-de-janeiro,3,2026-03-30,2026-06-24,828964003636311587,4,0
rio-de-janeiro,3,2026-03-30,2026-06-24,830657680920864062,35,0
rio-de-janeiro,3,2026-03-30,2026-06-24,832482146450214846,35,4
rio-de-janeiro,3,2026-03-30,2026-06-24,835749224161307287,7,0
rio-de-janeiro,3,2026-03-30,2026-06-24,839844100624059196,3,0
rio-de-janeiro,3,2026-03-30,2026-06-24,842597269048229316,19,0
rio-de-janeiro,3,2026-03-30,2026-06-24,852900198645139176,19,0
rio-de-janeiro,3,2026-03-30,2026-06-24,855913725138101115,19,0
rio-de-janeiro,3,2026-03-30,2026-06-24,856588008082125449,26,15
rio-de-janeiro,3,2026-03-30,2026-06-24,857267832795773546,11,0
rio-de-janeiro,3,2026-03-30,2026-06-24,862284782744887473,4,0
rio-de-janeiro,3,2026-03-30,2026-06-24,867113006349860681,24,0
rio-de-janeiro,3,2026-03-30,2026-06-24,867950919074162449,9,3
rio-de-janeiro,3,2026-03-30,2026-06-24,868942237083950650,7,0
rio-de-janeiro,3,2026-03-30,2026-06-24,871008032689111144,4,4
rio-de-janeiro,3,2026-03-30,2026-06-24,871890728598871718,3,0
rio-de-janeiro,3,2026-03-30,2026-06-24,872497168826373192,4,2
rio-de-janeiro,3,2026-03-30,2026-06-24,872776940857312727,22,0
rio-de-janeiro,3,2026-03-30,2026-06-24,874595503862935621,16,0
rio-de-janeiro,3,2026-03-30,2026-06-24,876731032349992072,21,8
rio-de-janeiro,3,2026-03-30,2026-06-24,884338542847187861,6,0
rio-de-janeiro,3,2026-03-30,2026-06-24,885562929947077664,2,0
rio-de-janeiro,3,2026-03-30,2026-06-24,892468328069343601,28,0
rio-de-janeiro,3,2026-03-30,2026-06-24,894212973013077477,2,0
rio-de-janeiro,3,2026-03-30,2026-06-24,896959060404765829,17,0
rio-de-janeiro,3,2026-03-30,2026-06-24,902977559602534227,7,0
rio-de-janeiro,3,2026-03-30,2026-06-24,903458315846588657,10,10
rio-de-janeiro,3,2026-03-30,2026-06-24,903753179690792385,6,0
rio-de-janeiro,3,2026-03-30,2026-06-24,910261209419116456,15,0
rio-de-janeiro,3,2026-03-30,2026-06-24,915168390135783978,3,0
rio-de-janeiro,3,2026-03-30,2026-06-24,916442909765799423,16,13
rio-de-janeiro,3,2026-03-30,2026-06-24,922520696288348979,7,0
rio-de-janeiro,3,2026-03-30,2026-06-24,923095003504556323,78,13
rio-de-janeiro,3,2026-03-30,2026-06-24,929114565403951735,4,0
rio-de-janeiro,3,2026-03-30,2026-06-24,937728071822510185,14,0
rio-de-janeiro,3,2026-03-30,2026-06-24,938589639585002595,13,0
rio-de-janeiro,3,2026-03-30,2026-06-24,942364760260926105,10,0
rio-de-janeiro,3,2026-03-30,2026-06-24,942587218462781381,3,3
rio-de-janeiro,3,2026-03-30,2026-06-24,947011621753225283,12,0
rio-de-janeiro,3,2026-03-30,2026-06-24,950000260994010327,21,0
rio-de-janeiro,3,2026-03-30,2026-06-24,955905180248418457,3,0
rio-de-janeiro,3,2026-03-30,2026-06-24,957448278272057749,43,4
rio-de-janeiro,3,2026-03-30,2026-06-24,958716221431254520,29,12
rio-de-janeiro,3,2026-03-30,2026-06-24,959562058810418614,16,12
rio-de-janeiro,3,2026-03-30,2026-06-24,961659051511319807,11,0
rio-de-janeiro,3,2026-03-30,2026-06-24,961731864911509906,8,0
rio-de-janeiro,3,2026-03-30,2026-06-24,962303973858176446,19,0
rio-de-janeiro,3,2026-03-30,2026-06-24,963097172074285793,12,1
rio-de-janeiro,3,2026-03-30,2026-06-24,967533352109410898,9,0
rio-de-janeiro,3,2026-03-30,2026-06-24,967915190523327489,5,0
rio-de-janeiro,3,2026-03-30,2026-06-24,968892794407052383,28,0
rio-de-janeiro,3,2026-03-30,2026-06-24,973066818943636241,9,0
rio-de-janeiro,3,2026-03-30,2026-06-24,975510849553881654,4,0
rio-de-janeiro,3,2026-03-30,2026-06-24,987125204853926910,2,2
rio-de-janeiro,3,2026-03-30,2026-06-24,988263170799769852,3,0
rio-de-janeiro,3,2026-03-30,2026-06-24,989075962463492672,20,0
rio-de-janeiro,3,2026-03-30,2026-06-24,993587182178480628,2,0
rio-de-janeiro,3,2026-03-30,2026-06-24,1001701424522192991,7,7
rio-de-janeiro,3,2026-03-30,2026-06-24,1002263954419984978,15,0
rio-de-janeiro,3,2026-03-30,2026-06-24,1004539157458538041,3,0
rio-de-janeiro,3,2026-03-30,2026-06-24,1006573027775426123,10,0
rio-de-janeiro,3,2026-03-30,2026-06-24,1008667182513081714,7,0
rio-de-janeiro,3,2026-03-30,2026-06-24,1008735510767275037,35,6
rio-de-janeiro,3,2026-03-30,2026-06-24,1008813085076411690,3,0
rio-de-janeiro,3,2026-03-30,2026-06-24,1012964523757123691,12,0
rio-de-janeiro,3,2026-03-30,2026-06-24,1015846231955846125,9,3
rio-de-janeiro,3,2026-03-30,2026-06-24,1016919858718678033,7,0
rio-de-janeiro,3,2026-03-30,2026-06-24,1018962111708591741,27,0
rio-de-janeiro,3,2026-03-30,2026-06-24,1019478417657482913,10,1
rio-de-janeiro,3,2026-03-30,2026-06-24,1019828024663663645,6,1
rio-de-janeiro,3,2026-03-30,2026-06-24,1020150812428764177,14,0
rio-de-janeiro,3,2026-03-30,2026-06-24,1021575593281892830,3,0
rio-de-janeiro,3,2026-03-30,2026-06-24,1023226296907754237,17,6
rio-de-janeiro,3,2026-03-30,2026-06-24,1024030766945815134,3,0
rio-de-janeiro,3,2026-03-30,2026-06-24,1026143930713046345,12,0
rio-de-janeiro,3,2026-03-30,2026-06-24,1027831118099367482,15,0
rio-de-janeiro,3,2026-03-30,2026-06-24,1031772295738265495,12,1
rio-de-janeiro,3,2026-03-30,2026-06-24,1037199005716710932,2,0
rio-de-janeiro,3,2026-03-30,2026-06-24,1037744896554074798,37,13
rio-de-janeiro,3,2026-03-30,2026-06-24,1038435261470015261,5,5
rio-de-janeiro,3,2026-03-30,2026-06-24,1039364901364302384,3,0
rio-de-janeiro,3,2026-03-30,2026-06-24,1039704548636987508,35,7
rio-de-janeiro,3,2026-03-30,2026-06-24,1040024900352316094,9,0
rio-de-janeiro,3,2026-03-30,2026-06-24,1041095761576083246,5,0
rio-de-janeiro,3,2026-03-30,2026-06-24,1046427076167002689,12,0
rio-de-janeiro,3,2026-03-30,2026-06-24,1047078130026948400,4,0
rio-de-janeiro,3,2026-03-30,2026-06-24,1049448842986187706,58,13
rio-de-janeiro,3,2026-03-30,2026-06-24,1049774602485298524,19,4
rio-de-janeiro,3,2026-03-30,2026-06-24,1050227817118384190,8,0
rio-de-janeiro,3,2026-03-30,2026-06-24,1050673710062389284,12,3
rio-de-janeiro,3,2026-03-30,2026-06-24,1051416760194330713,28,10
rio-de-janeiro,3,2026-03-30,2026-06-24,1051708772559571919,35,16
rio-de-janeiro,3,2026-03-30,2026-06-24,1052222141929310859,9,0
rio-de-janeiro,3,2026-03-30,2026-06-24,1053428487620174682,2,0
rio-de-janeiro,3,2026-03-30,2026-06-24,1055104284300080828,40,3
rio-de-janeiro,3,2026-03-30,2026-06-24,1055870528020156562,4,0
rio-de-janeiro,3,2026-03-30,2026-06-24,1056534896769630484,6,3
rio-de-janeiro,3,2026-03-30,2026-06-24,1057777977582953040,14,0
rio-de-janeiro,3,2026-03-30,2026-06-24,1059984077935427127,76,3
rio-de-janeiro,3,2026-03-30,2026-06-24,1061539955031048745,11,0
rio-de-janeiro,3,2026-03-30,2026-06-24,1062502504525407432,3,0
rio-de-janeiro,3,2026-03-30,2026-06-24,1065796427860490150,2,1
rio-de-janeiro,3,2026-03-30,2026-06-24,1069109748163185731,3,0
rio-de-janeiro,3,2026-03-30,2026-06-24,1069508000687548834,98,27
rio-de-janeiro,3,2026-03-30,2026-06-24,1069777850889888778,3,0
rio-de-janeiro,3,2026-03-30,2026-06-24,1070175221432276349,13,0
rio-de-janeiro,3,2026-03-30,2026-06-24,1071533080541668179,4,4
rio-de-janeiro,3,2026-03-30,2026-06-24,1073070229590234439,3,0
rio-de-janeiro,3,2026-03-30,2026-06-24,1074689004220799800,4,0
rio-de-janeiro,3,2026-03-30,2026-06-24,1077798039789297124,7,0
rio-de-janeiro,3,2026-03-30,2026-06-24,1080279227762448318,10,0
rio-de-janeiro,3,2026-03-30,2026-06-24,1081106746177050540,16,0
rio-de-janeiro,3,2026-03-30,2026-06-24,1081124859071399092,20,3
rio-de-janeiro,3,2026-03-30,2026-06-24,1081250330462511133,3,0
rio-de-janeiro,3,2026-03-30,2026-06-24,1081337459013176146,15,0
rio-de-janeiro,3,2026-03-30,2026-06-24,1083572485377705417,17,0
rio-de-janeiro,3,2026-03-30,2026-06-24,1083688482569069733,4,0
rio-de-janeiro,3,2026-03-30,2026-06-24,1086594163615276567,22,0
rio-de-janeiro,3,2026-03-30,2026-06-24,1087574566304769391,3,0
rio-de-janeiro,3,2026-03-30,2026-06-24,1087748437106041452,1,1
rio-de-janeiro,3,2026-03-30,2026-06-24,1087774648745318841,3,0
rio-de-janeiro,3,2026-03-30,2026-06-24,1087811662577785968,4,0
rio-de-janeiro,3,2026-03-30,2026-06-24,1091316669945307930,15,0
rio-de-janeiro,3,2026-03-30,2026-06-24,1091507654281907323,4,0
rio-de-janeiro,3,2026-03-30,2026-06-24,1094373672052952090,13,1
rio-de-janeiro,3,2026-03-30,2026-06-24,1096553512269210573,5,5
rio-de-janeiro,3,2026-03-30,2026-06-24,1098593686893865111,7,0
rio-de-janeiro,3,2026-03-30,2026-06-24,1103502320632316339,3,2
rio-de-janeiro,3,2026-03-30,2026-06-24,1107849434904428212,20,3
rio-de-janeiro,3,2026-03-30,2026-06-24,1108054371680762039,13,0
rio-de-janeiro,3,2026-03-30,2026-06-24,1111011133929088201,14,1
rio-de-janeiro,3,2026-03-30,2026-06-24,1115466506197049219,16,0
rio-de-janeiro,3,2026-03-30,2026-06-24,1118244517839671517,16,16
rio-de-janeiro,3,2026-03-30,2026-06-24,1118304950322866247,7,0
rio-de-janeiro,3,2026-03-30,2026-06-24,1119029934435378921,4,4
rio-de-janeiro,3,2026-03-30,2026-06-24,1119876211568852069,12,1
rio-de-janeiro,3,2026-03-30,2026-06-24,1131383271592712811,23,0
rio-de-janeiro,3,2026-03-30,2026-06-24,1137468247973358681,34,0
rio-de-janeiro,3,2026-03-30,2026-06-24,1138212238417249517,4,0
rio-de-janeiro,3,2026-03-30,2026-06-24,1138669660120006776,24,3
rio-de-janeiro,3,2026-03-30,2026-06-24,1139165299901042158,3,0
rio-de-janeiro,3,2026-03-30,2026-06-24,1142589446387060678,3,0
rio-de-janeiro,3,2026-03-30,2026-06-24,1144155769547998255,11,0
rio-de-janeiro,3,2026-03-30,2026-06-24,1145886092069109875,23,0
rio-de-janeiro,3,2026-03-30,2026-06-24,1147714266781723330,14,0
rio-de-janeiro,3,2026-03-30,2026-06-24,1147848108801227192,7,4
rio-de-janeiro,3,2026-03-30,2026-06-24,1148694904121446349,4,0
rio-de-janeiro,3,2026-03-30,2026-06-24,1151599290309461309,64,20
rio-de-janeiro,3,2026-03-30,2026-06-24,1152352030488311266,11,0
rio-de-janeiro,3,2026-03-30,2026-06-24,1158906925719457683,5,2
rio-de-janeiro,3,2026-03-30,2026-06-24,1161562262660495735,9,0
rio-de-janeiro,3,2026-03-30,2026-06-24,1164620242186785706,2,0
rio-de-janeiro,3,2026-03-30,2026-06-24,1165873065723636706,11,1
rio-de-janeiro,3,2026-03-30,2026-06-24,1165915406655967444,5,0
rio-de-janeiro,3,2026-03-30,2026-06-24,1171742927174083264,59,5
rio-de-janeiro,3,2026-03-30,2026-06-24,1174193233131490633,6,0
rio-de-janeiro,3,2026-03-30,2026-06-24,1180773634582052996,12,0
rio-de-janeiro,3,2026-03-30,2026-06-24,1181896553088261975,14,0
rio-de-janeiro,3,2026-03-30,2026-06-24,1182073470995355461,17,17
rio-de-janeiro,3,2026-03-30,2026-06-24,1183257716297674921,9,0
rio-de-janeiro,3,2026-03-30,2026-06-24,1187617314551127509,37,6
rio-de-janeiro,3,2026-03-30,2026-06-24,1188355773737303828,1,0
rio-de-janeiro,3,2026-03-30,2026-06-24,1190851109218277613,12,0
rio-de-janeiro,3,2026-03-30,2026-06-24,1196558727004979561,15,0
rio-de-janeiro,3,2026-03-30,2026-06-24,1198087289864932850,12,0
rio-de-janeiro,3,2026-03-30,2026-06-24,1198518168820078991,13,0
rio-de-janeiro,3,2026-03-30,2026-06-24,1198776882431111541,5,5
rio-de-janeiro,3,2026-03-30,2026-06-24,1204370494065304975,7,0
rio-de-janeiro,3,2026-03-30,2026-06-24,1205874249571142193,5,0
rio-de-janeiro,3,2026-03-30,2026-06-24,1207305767195140860,22,0
rio-de-janeiro,3,2026-03-30,2026-06-24,1211771582489437123,6,0
rio-de-janeiro,3,2026-03-30,2026-06-24,1213416663904613318,10,0
rio-de-janeiro,3,2026-03-30,2026-06-24,1214399074966107070,10,0
rio-de-janeiro,3,2026-03-30,2026-06-24,1215340844874165262,6,0
rio-de-janeiro,3,2026-03-30,2026-06-24,1218993463104426783,7,0
rio-de-janeiro,3,2026-03-30,2026-06-24,1220194855279336701,3,0
rio-de-janeiro,3,2026-03-30,2026-06-24,1221114919765330744,3,0
rio-de-janeiro,3,2026-03-30,2026-06-24,1221163229356173331,14,0
rio-de-janeiro,3,2026-03-30,2026-06-24,1221281470431390859,5,4
rio-de-janeiro,3,2026-03-30,2026-06-24,1221629190407943870,7,0
rio-de-janeiro,3,2026-03-30,2026-06-24,1222501023750408721,5,0
rio-de-janeiro,3,2026-03-30,2026-06-24,1223226563379625119,5,0
rio-de-janeiro,3,2026-03-30,2026-06-24,1225455827048299343,25,3
rio-de-janeiro,3,2026-03-30,2026-06-24,1226779831541205575,20,0
rio-de-janeiro,3,2026-03-30,2026-06-24,1227019012538686742,7,0
rio-de-janeiro,3,2026-03-30,2026-06-24,1229066823753166999,27,0
rio-de-janeiro,3,2026-03-30,2026-06-24,1229307183255182860,19,0
rio-de-janeiro,3,2026-03-30,2026-06-24,1229671843772061210,19,0
rio-de-janeiro,3,2026-03-30,2026-06-24,1231292941682947154,37,12
rio-de-janeiro,3,2026-03-30,2026-06-24,1231765527360046728,3,0
rio-de-janeiro,3,2026-03-30,2026-06-24,1234133938275638281,7,0
rio-de-janeiro,3,2026-03-30,2026-06-24,1235698807170720070,7,0
rio-de-janeiro,3,2026-03-30,2026-06-24,1236140384450646118,11,11
rio-de-janeiro,3,2026-03-30,2026-06-24,1236901307564184577,3,0
rio-de-janeiro,3,2026-03-30,2026-06-24,1238196108249450919,10,4
rio-de-janeiro,3,2026-03-30,2026-06-24,1238705629522069059,39,31
rio-de-janeiro,3,2026-03-30,2026-06-24,1242121878637188538,13,4
rio-de-janeiro,3,2026-03-30,2026-06-24,1245222338240810832,25,0
rio-de-janeiro,3,2026-03-30,2026-06-24,1245862208064395558,38,35
rio-de-janeiro,3,2026-03-30,2026-06-24,1246360972171817113,16,0
rio-de-janeiro,3,2026-03-30,2026-06-24,1247174678632807806,11,1
rio-de-janeiro,3,2026-03-30,2026-06-24,1247805423280890307,48,4
rio-de-janeiro,3,2026-03-30,2026-06-24,1247906655057785009,2,0
rio-de-janeiro,3,2026-03-30,2026-06-24,1251989629644799011,120,8
rio-de-janeiro,3,2026-03-30,2026-06-24,1255744198462175488,8,0
rio-de-janeiro,3,2026-03-30,2026-06-24,1257261434207206430,2,0
rio-de-janeiro,3,2026-03-30,2026-06-24,1259692372169206405,28,0
rio-de-janeiro,3,2026-03-30,2026-06-24,1260068642448092205,3,0
rio-de-janeiro,3,2026-03-30,2026-06-24,1260933572203254408,7,0
rio-de-janeiro,3,2026-03-30,2026-06-24,1262376901391976235,12,0
rio-de-janeiro,3,2026-03-30,2026-06-24,1262979093347158656,6,0
rio-de-janeiro,3,2026-03-30,2026-06-24,1263799090249341246,15,0
rio-de-janeiro,3,2026-03-30,2026-06-24,1266951186531555567,6,6
rio-de-janeiro,3,2026-03-30,2026-06-24,1267388260855205867,8,0
rio-de-janeiro,3,2026-03-30,2026-06-24,1268813926871471398,9,0
rio-de-janeiro,3,2026-03-30,2026-06-24,1269097042967925341,14,0
rio-de-janeiro,3,2026-03-30,2026-06-24,1271693013999120439,2,1
rio-de-janeiro,3,2026-03-30,2026-06-24,1272730252089416961,47,0
rio-de-janeiro,3,2026-03-30,2026-06-24,1275270278734798560,4,0
rio-de-janeiro,3,2026-03-30,2026-06-24,1276033887951616638,3,0
rio-de-janeiro,3,2026-03-30,2026-06-24,1278593996100910667,4,0
rio-de-janeiro,3,2026-03-30,2026-06-24,1280621607989981838,3,0
rio-de-janeiro,3,2026-03-30,2026-06-24,1283251587177715562,3,0
rio-de-janeiro,3,2026-03-30,2026-06-24,1283469522596760110,3,0
rio-de-janeiro,3,2026-03-30,2026-06-24,1283486125571130340,12,1
rio-de-janeiro,3,2026-03-30,2026-06-24,1284193579687287835,21,0
rio-de-janeiro,3,2026-03-30,2026-06-24,1284874883792917422,2,0
rio-de-janeiro,3,2026-03-30,2026-06-24,1286346987473556307,39,4
rio-de-janeiro,3,2026-03-30,2026-06-24,1287219644412515193,110,5
rio-de-janeiro,3,2026-03-30,2026-06-24,1287333005320718154,37,10
rio-de-janeiro,3,2026-03-30,2026-06-24,1290150505142527281,10,0
rio-de-janeiro,3,2026-03-30,2026-06-24,1300229730995459920,7,0
rio-de-janeiro,3,2026-03-30,2026-06-24,1303528025938728945,2,0
rio-de-janeiro,3,2026-03-30,2026-06-24,1303788367911985426,7,0
rio-de-janeiro,3,2026-03-30,2026-06-24,1305325723888298381,7,0
rio-de-janeiro,3,2026-03-30,2026-06-24,1307426798106828393,11,0
rio-de-janeiro,3,2026-03-30,2026-06-24,1308007447305920469,26,0
rio-de-janeiro,3,2026-03-30,2026-06-24,1308040527182025866,29,1
rio-de-janeiro,3,2026-03-30,2026-06-24,1308882532733832440,7,0
rio-de-janeiro,3,2026-03-30,2026-06-24,1309591990012905310,17,0
rio-de-janeiro,3,2026-03-30,2026-06-24,1309754132683579102,5,0
rio-de-janeiro,3,2026-03-30,2026-06-24,1310227667880215447,6,0
rio-de-janeiro,3,2026-03-30,2026-06-24,1310506607356150871,10,0
rio-de-janeiro,3,2026-03-30,2026-06-24,1312445397308770672,5,0
rio-de-janeiro,3,2026-03-30,2026-06-24,1312503297140890834,34,7
rio-de-janeiro,3,2026-03-30,2026-06-24,1313909505986955221,2,0
rio-de-janeiro,3,2026-03-30,2026-06-24,1314039288502837137,1,0
rio-de-janeiro,3,2026-03-30,2026-06-24,1315283914048254349,6,0
rio-de-janeiro,3,2026-03-30,2026-06-24,1315832718393101217,7,0
rio-de-janeiro,3,2026-03-30,2026-06-24,1316027505038993388,3,0
rio-de-janeiro,3,2026-03-30,2026-06-24,1316045428528042562,17,6
rio-de-janeiro,3,2026-03-30,2026-06-24,1318067126762227308,9,5
rio-de-janeiro,3,2026-03-30,2026-06-24,1318268529775173375,22,6
rio-de-janeiro,3,2026-03-30,2026-06-24,1318735896824013040,7,0
rio-de-janeiro,3,2026-03-30,2026-06-24,1318785168193940593,5,1
rio-de-janeiro,3,2026-03-30,2026-06-24,1319228660283714743,4,0
rio-de-janeiro,3,2026-03-30,2026-06-24,1320890742694588623,21,2
rio-de-janeiro,3,2026-03-30,2026-06-24,1321171456317930051,47,14
rio-de-janeiro,3,2026-03-30,2026-06-24,1321259891606477925,12,0
rio-de-janeiro,3,2026-03-30,2026-06-24,1321828979145051806,6,0
rio-de-janeiro,3,2026-03-30,2026-06-24,1323180235735936961,3,3
rio-de-janeiro,3,2026-03-30,2026-06-24,1323276325667189872,2,0
rio-de-janeiro,3,2026-03-30,2026-06-24,1324659557083997524,6,0
rio-de-janeiro,3,2026-03-30,2026-06-24,1325229050953198083,1,0
rio-de-janeiro,3,2026-03-30,2026-06-24,1326425973617138404,5,0
rio-de-janeiro,3,2026-03-30,2026-06-24,1326901295648311845,39,8
rio-de-janeiro,3,2026-03-30,2026-06-24,1328331583813977947,5,0
rio-de-janeiro,3,2026-03-30,2026-06-24,1328368583973767021,9,4
rio-de-janeiro,3,2026-03-30,2026-06-24,1328871578142923232,11,0
rio-de-janeiro,3,2026-03-30,2026-06-24,1329111589834516917,20,0
rio-de-janeiro,3,2026-03-30,2026-06-24,1329950400820222262,8,0
rio-de-janeiro,3,2026-03-30,2026-06-24,1330281806262179897,44,0
rio-de-janeiro,3,2026-03-30,2026-06-24,1330638156516514426,5,0
rio-de-janeiro,3,2026-03-30,2026-06-24,1331234872516209311,2,0
rio-de-janeiro,3,2026-03-30,2026-06-24,1333533537569671247,10,0
rio-de-janeiro,3,2026-03-30,2026-06-24,1334059637939248955,19,19
rio-de-janeiro,3,2026-03-30,2026-06-24,1334683460033210890,9,0
rio-de-janeiro,3,2026-03-30,2026-06-24,1335047060850712152,69,3
rio-de-janeiro,3,2026-03-30,2026-06-24,1335704697807695483,38,2
rio-de-janeiro,3,2026-03-30,2026-06-24,1337830712914259428,8,0
rio-de-janeiro,3,2026-03-30,2026-06-24,1341421778857311318,4,0
rio-de-janeiro,3,2026-03-30,2026-06-24,1342071871060480605,54,0
rio-de-janeiro,3,2026-03-30,2026-06-24,1344979091321564691,6,0
rio-de-janeiro,3,2026-03-30,2026-06-24,1346511648930614517,2,2
rio-de-janeiro,3,2026-03-30,2026-06-24,1346719860790557283,2,0
rio-de-janeiro,3,2026-03-30,2026-06-24,1349324247931933887,20,0
rio-de-janeiro,3,2026-03-30,2026-06-24,1349547175364718340,82,19
rio-de-janeiro,3,2026-03-30,2026-06-24,1350248564966040619,17,1
rio-de-janeiro,3,2026-03-30,2026-06-24,1351548257359270543,8,0
rio-de-janeiro,3,2026-03-30,2026-06-24,1354661176871042574,10,0
rio-de-janeiro,3,2026-03-30,2026-06-24,1355267002755114198,10,0
rio-de-janeiro,3,2026-03-30,2026-06-24,1355824657924835763,4,0
rio-de-janeiro,3,2026-03-30,2026-06-24,1356069851767337670,7,0
rio-de-janeiro,3,2026-03-30,2026-06-24,1356689769588841223,9,0
rio-de-janeiro,3,2026-03-30,2026-06-24,1358162397568919289,40,6
rio-de-janeiro,3,2026-03-30,2026-06-24,1358401544638025737,13,0
rio-de-janeiro,3,2026-03-30,2026-06-24,1358690784007983028,11,0
rio-de-janeiro,3,2026-03-30,2026-06-24,1358869799879197466,4,0
rio-de-janeiro,3,2026-03-30,2026-06-24,1359255744606917967,4,0
rio-de-janeiro,3,2026-03-30,2026-06-24,1360175904318837932,9,0
rio-de-janeiro,3,2026-03-30,2026-06-24,1360218168350129522,6,0
rio-de-janeiro,3,2026-03-30,2026-06-24,1361665831807906388,15,9
rio-de-janeiro,3,2026-03-30,2026-06-24,1362288265930495402,4,0
rio-de-janeiro,3,2026-03-30,2026-06-24,1363186265044125130,12,7
rio-de-janeiro,3,2026-03-30,2026-06-24,1364651869271465931,20,0
rio-de-janeiro,3,2026-03-30,2026-06-24,1365272081593836656,50,0
rio-de-janeiro,3,2026-03-30,2026-06-24,1365892123523389888,6,0
rio-de-janeiro,3,2026-03-30,2026-06-24,1366568311449824174,8,0
rio-de-janeiro,3,2026-03-30,2026-06-24,1366866076080246024,16,0
rio-de-janeiro,3,2026-03-30,2026-06-24,1368216371472705173,7,0
rio-de-janeiro,3,2026-03-30,2026-06-24,1368990071449887977,5,0
rio-de-janeiro,3,2026-03-30,2026-06-24,1371925109154269899,12,0
rio-de-janeiro,3,2026-03-30,2026-06-24,1373395643651113305,6,6
rio-de-janeiro,3,2026-03-30,2026-06-24,1376096741436407237,7,0
rio-de-janeiro,3,2026-03-30,2026-06-24,1376772644592195428,2,0
rio-de-janeiro,3,2026-03-30,2026-06-24,1378578632974748513,5,0
rio-de-janeiro,3,2026-03-30,2026-06-24,1378875043898085520,14,0
rio-de-janeiro,3,2026-03-30,2026-06-24,1381265482689970926,8,3
rio-de-janeiro,3,2026-03-30,2026-06-24,1381680439457664732,14,0
rio-de-janeiro,3,2026-03-30,2026-06-24,1381894267338797999,58,5
rio-de-janeiro,3,2026-03-30,2026-06-24,1383353358398660000,20,2
rio-de-janeiro,3,2026-03-30,2026-06-24,1389673431139826968,12,7
rio-de-janeiro,3,2026-03-30,2026-06-24,1392876912325153500,7,7
rio-de-janeiro,3,2026-03-30,2026-06-24,1395669217963680982,3,0
rio-de-janeiro,3,2026-03-30,2026-06-24,1395733769098995230,5,3
rio-de-janeiro,3,2026-03-30,2026-06-24,1398898986699443060,13,0
rio-de-janeiro,3,2026-03-30,2026-06-24,1399378259444570596,25,0
rio-de-janeiro,3,2026-03-30,2026-06-24,1402187607132580185,3,0
rio-de-janeiro,3,2026-03-30,2026-06-24,1406573310778298451,7,0
rio-de-janeiro,3,2026-03-30,2026-06-24,1406591522310295797,4,0
rio-de-janeiro,3,2026-03-30,2026-06-24,1406617461125340618,6,0
rio-de-janeiro,3,2026-03-30,2026-06-24,1406764885652426828,28,3
rio-de-janeiro,3,2026-03-30,2026-06-24,1409600547192421643,6,0
rio-de-janeiro,3,2026-03-30,2026-06-24,1411161617393691087,18,0
rio-de-janeiro,3,2026-03-30,2026-06-24,1412233921120003246,14,0
rio-de-janeiro,3,2026-03-30,2026-06-24,1419759227489681845,25,3
rio-de-janeiro,3,2026-03-30,2026-06-24,1420563117818708498,9,0
rio-de-janeiro,3,2026-03-30,2026-06-24,1421021294729438197,3,0
rio-de-janeiro,3,2026-03-30,2026-06-24,1423302852902656092,44,4
rio-de-janeiro,3,2026-03-30,2026-06-24,1423968651471993581,11,3
rio-de-janeiro,3,2026-03-30,2026-06-24,1425455135255178956,41,1
rio-de-janeiro,3,2026-03-30,2026-06-24,1426883174427636615,8,0
rio-de-janeiro,3,2026-03-30,2026-06-24,1427559466049079652,5,0
rio-de-janeiro,3,2026-03-30,2026-06-24,1427674078174660489,3,0
rio-de-janeiro,3,2026-03-30,2026-06-24,1429835316032726984,8,0
rio-de-janeiro,3,2026-03-30,2026-06-24,1430523667426190090,46,0
rio-de-janeiro,3,2026-03-30,2026-06-24,1432015120027082950,7,0
rio-de-janeiro,3,2026-03-30,2026-06-24,1436389178679867677,1,0
rio-de-janeiro,3,2026-03-30,2026-06-24,1437299059728307700,1,1
rio-de-janeiro,3,2026-03-30,2026-06-24,1437929964656482089,6,0
rio-de-janeiro,3,2026-03-30,2026-06-24,1439079936058408907,11,3
rio-de-janeiro,3,2026-03-30,2026-06-24,1439498763022206199,31,12
rio-de-janeiro,3,2026-03-30,2026-06-24,1440601746212243027,12,0
rio-de-janeiro,3,2026-03-30,2026-06-24,1441317123160556640,5,0
rio-de-janeiro,3,2026-03-30,2026-06-24,1443580055833754792,14,0
rio-de-janeiro,3,2026-03-30,2026-06-24,1445022385215465614,7,0
rio-de-janeiro,3,2026-03-30,2026-06-24,1445175085078063957,2,0
rio-de-janeiro,3,2026-03-30,2026-06-24,1445568394997799174,2,0
rio-de-janeiro,3,2026-03-30,2026-06-24,1446578590012763116,10,0
rio-de-janeiro,3,2026-03-30,2026-06-24,1446589121241571750,11,0
rio-de-janeiro,3,2026-03-30,2026-06-24,1446736076103609141,3,0
rio-de-janeiro,3,2026-03-30,2026-06-24,1449483228638076381,5,0
rio-de-janeiro,3,2026-03-30,2026-06-24,1449836422986444435,14,0
rio-de-janeiro,3,2026-03-30,2026-06-24,1450056591137996249,9,0
rio-de-janeiro,3,2026-03-30,2026-06-24,1450126652082775865,7,0
rio-de-janeiro,3,2026-03-30,2026-06-24,1450147945355148967,15,0
rio-de-janeiro,3,2026-03-30,2026-06-24,1454433947077926087,6,3
rio-de-janeiro,3,2026-03-30,2026-06-24,1456038596376638983,13,0
rio-de-janeiro,3,2026-03-30,2026-06-24,1457611468187486272,5,0
rio-de-janeiro,3,2026-03-30,2026-06-24,1459037246397291184,3,0
rio-de-janeiro,3,2026-03-30,2026-06-24,1461694504305612352,12,0
rio-de-janeiro,3,2026-03-30,2026-06-24,1462443566612357069,10,6
rio-de-janeiro,3,2026-03-30,2026-06-24,1463374340894518708,2,0
rio-de-janeiro,3,2026-03-30,2026-06-24,1465343997247361690,14,0
rio-de-janeiro,3,2026-03-30,2026-06-24,1466780271998899425,6,6
rio-de-janeiro,3,2026-03-30,2026-06-24,1471349179682000099,35,0
rio-de-janeiro,3,2026-03-30,2026-06-24,1472460550148078355,7,1
rio-de-janeiro,3,2026-03-30,2026-06-24,1475581728076165892,2,0
rio-de-janeiro,3,2026-03-30,2026-06-24,1476391526227175117,12,2
rio-de-janeiro,3,2026-03-30,2026-06-24,1482079838844509828,7,0
rio-de-janeiro,3,2026-03-30,2026-06-24,1483510475995658891,7,0
rio-de-janeiro,3,2026-03-30,2026-06-24,1486352034815997204,9,0
rio-de-janeiro,3,2026-03-30,2026-06-24,1487140966631283557,17,0
rio-de-janeiro,3,2026-03-30,2026-06-24,1487240540293000947,17,3
rio-de-janeiro,3,2026-03-30,2026-06-24,1488659648422563919,2,0
rio-de-janeiro,3,2026-03-30,2026-06-24,1489172289780213515,5,0
rio-de-janeiro,3,2026-03-30,2026-06-24,1490808865699678885,23,0
rio-de-janeiro,3,2026-03-30,2026-06-24,1493749422288939550,5,5
rio-de-janeiro,3,2026-03-30,2026-06-24,1494270340873513129,21,0
rio-de-janeiro,3,2026-03-30,2026-06-24,1494368119110509401,2,0
rio-de-janeiro,3,2026-03-30,2026-06-24,1495165290375916258,15,1
rio-de-janeiro,3,2026-03-30,2026-06-24,1496732587772885413,24,8
rio-de-janeiro,3,2026-03-30,2026-06-24,1497164877359120293,6,0
rio-de-janeiro,3,2026-03-30,2026-06-24,1498432102514906293,7,0
rio-de-janeiro,3,2026-03-30,2026-06-24,1498776035933270476,7,0
rio-de-janeiro,3,2026-03-30,2026-06-24,1499260987851222462,33,0
rio-de-janeiro,3,2026-03-30,2026-06-24,1499523930979876850,2,0
rio-de-janeiro,3,2026-03-30,2026-06-24,1500748618686680992,2,0
rio-de-janeiro,3,2026-03-30,2026-06-24,1503610339785762046,6,4
rio-de-janeiro,3,2026-03-30,2026-06-24,1503844677620118696,26,0
rio-de-janeiro,3,2026-03-30,2026-06-24,1505886526803770492,2,0
rio-de-janeiro,3,2026-03-30,2026-06-24,1507495807544893291,6,0
rio-de-janeiro,3,2026-03-30,2026-06-24,1507837895268163272,3,0
rio-de-janeiro,3,2026-03-30,2026-06-24,1508349294361286503,14,0
rio-de-janeiro,3,2026-03-30,2026-06-24,1510895282205021012,15,7
rio-de-janeiro,3,2026-03-30,2026-06-24,1510901461446177144,1,0
rio-de-janeiro,3,2026-03-30,2026-06-24,1513993395647849752,7,0
rio-de-janeiro,3,2026-03-30,2026-06-24,1516990707914939147,14,0
rio-de-janeiro,3,2026-03-30,2026-06-24,1517463300024839642,9,0
rio-de-janeiro,3,2026-03-30,2026-06-24,1518066546821174800,5,0
rio-de-janeiro,4,2026-06-24,2026-08-30,51703,33,3
rio-de-janeiro,4,2026-06-24,2026-08-30,99971,19,0
rio-de-janeiro,4,2026-06-24,2026-08-30,108072,19,0
rio-de-janeiro,4,2026-06-24,2026-08-30,216700,4,0
rio-de-janeiro,4,2026-06-24,2026-08-30,272335,67,9
rio-de-janeiro,4,2026-06-24,2026-08-30,326205,19,0
rio-de-janeiro,4,2026-06-24,2026-08-30,469673,13,0
rio-de-janeiro,4,2026-06-24,2026-08-30,519865,39,0
rio-de-janeiro,4,2026-06-24,2026-08-30,609019,5,0
rio-de-janeiro,4,2026-06-24,2026-08-30,658035,64,0
rio-de-janeiro,4,2026-06-24,2026-08-30,720736,5,0
rio-de-janeiro,4,2026-06-24,2026-08-30,842292,40,0
rio-de-janeiro,4,2026-06-24,2026-08-30,875689,7,0
rio-de-janeiro,4,2026-06-24,2026-08-30,1288700,13,0
rio-de-janeiro,4,2026-06-24,2026-08-30,1483182,13,0
rio-de-janeiro,4,2026-06-24,2026-08-30,1597516,7,0
rio-de-janeiro,4,2026-06-24,2026-08-30,1676910,4,0
rio-de-janeiro,4,2026-06-24,2026-08-30,1724741,23,0
rio-de-janeiro,4,2026-06-24,2026-08-30,1731827,3,0
rio-de-janeiro,4,2026-06-24,2026-08-30,1856688,19,0
rio-de-janeiro,4,2026-06-24,2026-08-30,1958020,14,0
rio-de-janeiro,4,2026-06-24,2026-08-30,1974856,13,0
rio-de-janeiro,4,2026-06-24,2026-08-30,2011161,35,6
rio-de-janeiro,4,2026-06-24,2026-08-30,2049221,75,13
rio-de-janeiro,4,2026-06-24,2026-08-30,2088615,13,0
rio-de-janeiro,4,2026-06-24,2026-08-30,2101210,12,0
rio-de-janeiro,4,2026-06-24,2026-08-30,2105881,7,0
rio-de-janeiro,4,2026-06-24,2026-08-30,2115137,30,0
rio-de-janeiro,4,2026-06-24,2026-08-30,2200957,58,0
rio-de-janeiro,4,2026-06-24,2026-08-30,2291281,43,3
rio-de-janeiro,4,2026-06-24,2026-08-30,2411318,1,0
rio-de-janeiro,4,2026-06-24,2026-08-30,2461715,48,0
rio-de-janeiro,4,2026-06-24,2026-08-30,2473323,18,0
rio-de-janeiro,4,2026-06-24,2026-08-30,2560415,6,6
rio-de-janeiro,4,2026-06-24,2026-08-30,2613692,3,0
rio-de-janeiro,4,2026-06-24,2026-08-30,2650674,6,5
rio-de-janeiro,4,2026-06-24,2026-08-30,2664963,4,0
rio-de-janeiro,4,2026-06-24,2026-08-30,2712999,21,0
rio-de-janeiro,4,2026-06-24,2026-08-30,2721919,12,0
rio-de-janeiro,4,2026-06-24,2026-08-30,2798072,13,0
rio-de-janeiro,4,2026-06-24,2026-08-30,2798890,3,0
rio-de-janeiro,4,2026-06-24,2026-08-30,2942332,5,0
rio-de-janeiro,4,2026-06-24,2026-08-30,2948815,16,2
rio-de-janeiro,4,2026-06-24,2026-08-30,3006105,16,4
rio-de-janeiro,4,2026-06-24,2026-08-30,3038880,6,0
rio-de-janeiro,4,2026-06-24,2026-08-30,3051070,10,10
rio-de-janeiro,4,2026-06-24,2026-08-30,3152757,9,0
rio-de-janeiro,4,2026-06-24,2026-08-30,3162169,7,0
rio-de-janeiro,4,2026-06-24,2026-08-30,3198652,5,0
rio-de-janeiro,4,2026-06-24,2026-08-30,3242422,3,0
rio-de-janeiro,4,2026-06-24,2026-08-30,3303047,18,0
rio-de-janeiro,4,2026-06-24,2026-08-30,3395314,35,1
rio-de-janeiro,4,2026-06-24,2026-08-30,3425766,32,0
rio-de-janeiro,4,2026-06-24,2026-08-30,3533170,6,0
rio-de-janeiro,4,2026-06-24,2026-08-30,3547476,62,3
rio-de-janeiro,4,2026-06-24,2026-08-30,3880347,21,0
rio-de-janeiro,4,2026-06-24,2026-08-30,4120750,14,7
rio-de-janeiro,4,2026-06-24,2026-08-30,4151435,18,0
rio-de-janeiro,4,2026-06-24,2026-08-30,4348487,5,0
rio-de-janeiro,4,2026-06-24,2026-08-30,4587146,9,4
rio-de-janeiro,4,2026-06-24,2026-08-30,4911751,24,0
rio-de-janeiro,4,2026-06-24,2026-08-30,4958207,20,0
rio-de-janeiro,4,2026-06-24,2026-08-30,5050565,5,0
rio-de-janeiro,4,2026-06-24,2026-08-30,5611566,12,0
rio-de-janeiro,4,2026-06-24,2026-08-30,5794726,66,0
rio-de-janeiro,4,2026-06-24,2026-08-30,7052988,14,0
rio-de-janeiro,4,2026-06-24,2026-08-30,7115731,10,0
rio-de-janeiro,4,2026-06-24,2026-08-30,7162238,26,2
rio-de-janeiro,4,2026-06-24,2026-08-30,7548040,53,0
rio-de-janeiro,4,2026-06-24,2026-08-30,8489194,7,0
rio-de-janeiro,4,2026-06-24,2026-08-30,8629526,36,0
rio-de-janeiro,4,2026-06-24,2026-08-30,8884882,11,0
rio-de-janeiro,4,2026-06-24,2026-08-30,9074422,47,8
rio-de-janeiro,4,2026-06-24,2026-08-30,9206396,12,0
rio-de-janeiro,4,2026-06-24,2026-08-30,9744607,5,0
rio-de-janeiro,4,2026-06-24,2026-08-30,9841294,4,0
rio-de-janeiro,4,2026-06-24,2026-08-30,9952847,4,4
rio-de-janeiro,4,2026-06-24,2026-08-30,9964602,11,3
rio-de-janeiro,4,2026-06-24,2026-08-30,10035945,36,5
rio-de-janeiro,4,2026-06-24,2026-08-30,10399958,5,0
rio-de-janeiro,4,2026-06-24,2026-08-30,10548128,8,0
rio-de-janeiro,4,2026-06-24,2026-08-30,10631556,13,2
rio-de-janeiro,4,2026-06-24,2026-08-30,10744466,21,0
rio-de-janeiro,4,2026-06-24,2026-08-30,10751409,77,0
rio-de-janeiro,4,2026-06-24,2026-08-30,10810351,6,0
rio-de-janeiro,4,2026-06-24,2026-08-30,10827501,9,0
rio-de-janeiro,4,2026-06-24,2026-08-30,10896807,13,0
rio-de-janeiro,4,2026-06-24,2026-08-30,10984513,2,2
rio-de-janeiro,4,2026-06-24,2026-08-30,10986866,6,0
rio-de-janeiro,4,2026-06-24,2026-08-30,11015689,12,0
rio-de-janeiro,4,2026-06-24,2026-08-30,11018889,12,0
rio-de-janeiro,4,2026-06-24,2026-08-30,11019374,28,0
rio-de-janeiro,4,2026-06-24,2026-08-30,11031871,30,0
rio-de-janeiro,4,2026-06-24,2026-08-30,11843741,5,0
rio-de-janeiro,4,2026-06-24,2026-08-30,11928722,7,0
rio-de-janeiro,4,2026-06-24,2026-08-30,12107922,5,0
rio-de-janeiro,4,2026-06-24,2026-08-30,12126910,45,0
rio-de-janeiro,4,2026-06-24,2026-08-30,12264351,31,0
rio-de-janeiro,4,2026-06-24,2026-08-30,12265728,3,0
rio-de-janeiro,4,2026-06-24,2026-08-30,12671891,7,7
rio-de-janeiro,4,2026-06-24,2026-08-30,12722802,9,9
rio-de-janeiro,4,2026-06-24,2026-08-30,12749184,21,0
rio-de-janeiro,4,2026-06-24,2026-08-30,12805746,12,0
rio-de-janeiro,4,2026-06-24,2026-08-30,12925602,63,0
rio-de-janeiro,4,2026-06-24,2026-08-30,12963509,8,0
rio-de-janeiro,4,2026-06-24,2026-08-30,13002148,5,0
rio-de-janeiro,4,2026-06-24,2026-08-30,13032033,79,0
rio-de-janeiro,4,2026-06-24,2026-08-30,13063480,23,0
rio-de-janeiro,4,2026-06-24,2026-08-30,13080786,11,0
rio-de-janeiro,4,2026-06-24,2026-08-30,13239892,1,1
rio-de-janeiro,4,2026-06-24,2026-08-30,13292815,7,0
rio-de-janeiro,4,2026-06-24,2026-08-30,13441363,9,0
rio-de-janeiro,4,2026-06-24,2026-08-30,13749304,48,0
rio-de-janeiro,4,2026-06-24,2026-08-30,13801713,9,0
rio-de-janeiro,4,2026-06-24,2026-08-30,13998449,4,0
rio-de-janeiro,4,2026-06-24,2026-08-30,14015653,3,0
rio-de-janeiro,4,2026-06-24,2026-08-30,14027889,7,7
rio-de-janeiro,4,2026-06-24,2026-08-30,14122253,27,0
rio-de-janeiro,4,2026-06-24,2026-08-30,14127755,6,3
rio-de-janeiro,4,2026-06-24,2026-08-30,14177542,9,0
rio-de-janeiro,4,2026-06-24,2026-08-30,15396650,4,0
rio-de-janeiro,4,2026-06-24,2026-08-30,15465749,25,0
rio-de-janeiro,4,2026-06-24,2026-08-30,15537171,22,0
rio-de-janeiro,4,2026-06-24,2026-08-30,15668815,45,0
rio-de-janeiro,4,2026-06-24,2026-08-30,15812387,4,0
rio-de-janeiro,4,2026-06-24,2026-08-30,16301344,4,0
rio-de-janeiro,4,2026-06-24,2026-08-30,16348530,24,0
rio-de-janeiro,4,2026-06-24,2026-08-30,16379058,10,0
rio-de-janeiro,4,2026-06-24,2026-08-30,16472624,1,0
rio-de-janeiro,4,2026-06-24,2026-08-30,16490197,12,10
rio-de-janeiro,4,2026-06-24,2026-08-30,16593214,12,0
rio-de-janeiro,4,2026-06-24,2026-08-30,16884347,8,8
rio-de-janeiro,4,2026-06-24,2026-08-30,17088470,12,0
rio-de-janeiro,4,2026-06-24,2026-08-30,17329201,3,0
rio-de-janeiro,4,2026-06-24,2026-08-30,17715558,3,0
rio-de-janeiro,4,2026-06-24,2026-08-30,18375433,7,0
rio-de-janeiro,4,2026-06-24,2026-08-30,18979697,27,0
rio-de-janeiro,4,2026-06-24,2026-08-30,19017652,29,0
rio-de-janeiro,4,2026-06-24,2026-08-30,19030679,10,0
rio-de-janeiro,4,2026-06-24,2026-08-30,19406797,5,1
rio-de-janeiro,4,2026-06-24,2026-08-30,20204915,4,4
rio-de-janeiro,4,2026-06-24,2026-08-30,20256334,11,3
rio-de-janeiro,4,2026-06-24,2026-08-30,20266851,4,0
rio-de-janeiro,4,2026-06-24,2026-08-30,20424433,7,0
rio-de-janeiro,4,2026-06-24,2026-08-30,20538187,6,1
rio-de-janeiro,4,2026-06-24,2026-08-30,20638064,12,5
rio-de-janeiro,4,2026-06-24,2026-08-30,20942386,3,0
rio-de-janeiro,4,2026-06-24,2026-08-30,20994311,13,0
rio-de-janeiro,4,2026-06-24,2026-08-30,21645715,19,0
rio-de-janeiro,4,2026-06-24,2026-08-30,21683987,16,0
rio-de-janeiro,4,2026-06-24,2026-08-30,21889834,3,1
rio-de-janeiro,4,2026-06-24,2026-08-30,22062531,25,0
rio-de-janeiro,4,2026-06-24,2026-08-30,22771302,16,1
rio-de-janeiro,4,2026-06-24,2026-08-30,22795593,1,0
rio-de-janeiro,4,2026-06-24,2026-08-30,22927866,15,0
rio-de-janeiro,4,2026-06-24,2026-08-30,23034206,5,0
rio-de-janeiro,4,2026-06-24,2026-08-30,23049612,38,0
rio-de-janeiro,4,2026-06-24,2026-08-30,23078798,4,0
rio-de-janeiro,4,2026-06-24,2026-08-30,23247845,6,0
rio-de-janeiro,4,2026-06-24,2026-08-30,23876447,13,0
rio-de-janeiro,4,2026-06-24,2026-08-30,24712881,60,3
rio-de-janeiro,4,2026-06-24,2026-08-30,24864865,35,4
rio-de-janeiro,4,2026-06-24,2026-08-30,25246713,4,0
rio-de-janeiro,4,2026-06-24,2026-08-30,26081875,5,0
rio-de-janeiro,4,2026-06-24,2026-08-30,26157518,4,0
rio-de-janeiro,4,2026-06-24,2026-08-30,26198816,6,0
rio-de-janeiro,4,2026-06-24,2026-08-30,27661759,33,0
rio-de-janeiro,4,2026-06-24,2026-08-30,27783243,13,0
rio-de-janeiro,4,2026-06-24,2026-08-30,27844987,6,0
rio-de-janeiro,4,2026-06-24,2026-08-30,27955091,6,0
rio-de-janeiro,4,2026-06-24,2026-08-30,27972858,5,0
rio-de-janeiro,4,2026-06-24,2026-08-30,28461842,7,0
rio-de-janeiro,4,2026-06-24,2026-08-30,28588055,9,1
rio-de-janeiro,4,2026-06-24,2026-08-30,28719990,37,0
rio-de-janeiro,4,2026-06-24,2026-08-30,28956102,6,0
rio-de-janeiro,4,2026-06-24,2026-08-30,28961580,2,0
rio-de-janeiro,4,2026-06-24,2026-08-30,29095271,31,0
rio-de-janeiro,4,2026-06-24,2026-08-30,29363926,26,2
rio-de-janeiro,4,2026-06-24,2026-08-30,29438607,21,7
rio-de-janeiro,4,2026-06-24,2026-08-30,29519833,8,0
rio-de-janeiro,4,2026-06-24,2026-08-30,29541573,13,0
rio-de-janeiro,4,2026-06-24,2026-08-30,29651948,79,1
rio-de-janeiro,4,2026-06-24,2026-08-30,29681588,26,1
rio-de-janeiro,4,2026-06-24,2026-08-30,29765982,32,12
rio-de-janeiro,4,2026-06-24,2026-08-30,30035291,28,5
rio-de-janeiro,4,2026-06-24,2026-08-30,30372795,20,8
rio-de-janeiro,4,2026-06-24,2026-08-30,30508447,10,0
rio-de-janeiro,4,2026-06-24,2026-08-30,30683838,4,0
rio-de-janeiro,4,2026-06-24,2026-08-30,30852959,24,0
rio-de-janeiro,4,2026-06-24,2026-08-30,30853578,44,1
rio-de-janeiro,4,2026-06-24,2026-08-30,30882039,10,0
rio-de-janeiro,4,2026-06-24,2026-08-30,31232639,4,0
rio-de-janeiro,4,2026-06-24,2026-08-30,32047598,9,0
rio-de-janeiro,4,2026-06-24,2026-08-30,32080593,18,5
rio-de-janeiro,4,2026-06-24,2026-08-30,32386573,3,0
rio-de-janeiro,4,2026-06-24,2026-08-30,32514974,16,0
rio-de-janeiro,4,2026-06-24,2026-08-30,32538907,6,0
rio-de-janeiro,4,2026-06-24,2026-08-30,32574376,10,3
rio-de-janeiro,4,2026-06-24,2026-08-30,33407567,6,2
rio-de-janeiro,4,2026-06-24,2026-08-30,33551658,13,0
rio-de-janeiro,4,2026-06-24,2026-08-30,34511627,5,0
rio-de-janeiro,4,2026-06-24,2026-08-30,35404195,7,0
rio-de-janeiro,4,2026-06-24,2026-08-30,35619970,10,0
rio-de-janeiro,4,2026-06-24,2026-08-30,35758937,6,0
rio-de-janeiro,4,2026-06-24,2026-08-30,35873987,12,0
rio-de-janeiro,4,2026-06-24,2026-08-30,36385131,9,0
rio-de-janeiro,4,2026-06-24,2026-08-30,36547715,4,0
rio-de-janeiro,4,2026-06-24,2026-08-30,36630998,2,0
rio-de-janeiro,4,2026-06-24,2026-08-30,37050418,7,0
rio-de-janeiro,4,2026-06-24,2026-08-30,38100747,13,0
rio-de-janeiro,4,2026-06-24,2026-08-30,38266134,5,2
rio-de-janeiro,4,2026-06-24,2026-08-30,38408005,8,0
rio-de-janeiro,4,2026-06-24,2026-08-30,38412133,9,0
rio-de-janeiro,4,2026-06-24,2026-08-30,38630639,10,0
rio-de-janeiro,4,2026-06-24,2026-08-30,38695607,8,0
rio-de-janeiro,4,2026-06-24,2026-08-30,38729256,1,0
rio-de-janeiro,4,2026-06-24,2026-08-30,38780307,26,12
rio-de-janeiro,4,2026-06-24,2026-08-30,38781254,71,0
rio-de-janeiro,4,2026-06-24,2026-08-30,39292067,39,6
rio-de-janeiro,4,2026-06-24,2026-08-30,39470919,20,0
rio-de-janeiro,4,2026-06-24,2026-08-30,39818654,42,0
rio-de-janeiro,4,2026-06-24,2026-08-30,39882295,6,0
rio-de-janeiro,4,2026-06-24,2026-08-30,39924077,5,0
rio-de-janeiro,4,2026-06-24,2026-08-30,39941220,49,0
rio-de-janeiro,4,2026-06-24,2026-08-30,40397455,29,0
rio-de-janeiro,4,2026-06-24,2026-08-30,40679321,14,0
rio-de-janeiro,4,2026-06-24,2026-08-30,40734733,1,0
rio-de-janeiro,4,2026-06-24,2026-08-30,40819178,20,0
rio-de-janeiro,4,2026-06-24,2026-08-30,40819928,15,0
rio-de-janeiro,4,2026-06-24,2026-08-30,40855586,10,1
rio-de-janeiro,4,2026-06-24,2026-08-30,40860701,14,0
rio-de-janeiro,4,2026-06-24,2026-08-30,40979718,13,13
rio-de-janeiro,4,2026-06-24,2026-08-30,40980696,26,4
rio-de-janeiro,4,2026-06-24,2026-08-30,40984844,12,2
rio-de-janeiro,4,2026-06-24,2026-08-30,41020158,17,0
rio-de-janeiro,4,2026-06-24,2026-08-30,41027097,4,0
rio-de-janeiro,4,2026-06-24,2026-08-30,41070890,32,0
rio-de-janeiro,4,2026-06-24,2026-08-30,41122887,5,0
rio-de-janeiro,4,2026-06-24,2026-08-30,41209402,7,0
rio-de-janeiro,4,2026-06-24,2026-08-30,41252355,1,0
rio-de-janeiro,4,2026-06-24,2026-08-30,41305718,3,0
rio-de-janeiro,4,2026-06-24,2026-08-30,41336065,7,0
rio-de-janeiro,4,2026-06-24,2026-08-30,41803083,3,0
rio-de-janeiro,4,2026-06-24,2026-08-30,41910399,7,0
rio-de-janeiro,4,2026-06-24,2026-08-30,42135373,11,0
rio-de-janeiro,4,2026-06-24,2026-08-30,42292413,5,0
rio-de-janeiro,4,2026-06-24,2026-08-30,42296142,15,0
rio-de-janeiro,4,2026-06-24,2026-08-30,42337681,4,0
rio-de-janeiro,4,2026-06-24,2026-08-30,42608391,13,0
rio-de-janeiro,4,2026-06-24,2026-08-30,42623671,2,0
rio-de-janeiro,4,2026-06-24,2026-08-30,43096444,45,0
rio-de-janeiro,4,2026-06-24,2026-08-30,43575791,4,0
rio-de-janeiro,4,2026-06-24,2026-08-30,43727125,3,1
rio-de-janeiro,4,2026-06-24,2026-08-30,43778415,15,6
rio-de-janeiro,4,2026-06-24,2026-08-30,43924925,14,0
rio-de-janeiro,4,2026-06-24,2026-08-30,44051299,13,1
rio-de-janeiro,4,2026-06-24,2026-08-30,44086036,15,0
rio-de-janeiro,4,2026-06-24,2026-08-30,44193946,7,2
rio-de-janeiro,4,2026-06-24,2026-08-30,44448815,21,0
rio-de-janeiro,4,2026-06-24,2026-08-30,44507351,5,0
rio-de-janeiro,4,2026-06-24,2026-08-30,44556914,7,3
rio-de-janeiro,4,2026-06-24,2026-08-30,44930161,11,0
rio-de-janeiro,4,2026-06-24,2026-08-30,44969693,16,5
rio-de-janeiro,4,2026-06-24,2026-08-30,45055282,37,0
rio-de-janeiro,4,2026-06-24,2026-08-30,45089892,2,0
rio-de-janeiro,4,2026-06-24,2026-08-30,45172851,23,0
rio-de-janeiro,4,2026-06-24,2026-08-30,45190777,20,0
rio-de-janeiro,4,2026-06-24,2026-08-30,45381597,3,0
rio-de-janeiro,4,2026-06-24,2026-08-30,45423421,22,7
rio-de-janeiro,4,2026-06-24,2026-08-30,45829636,32,9
rio-de-janeiro,4,2026-06-24,2026-08-30,46063290,2,0
rio-de-janeiro,4,2026-06-24,2026-08-30,46151940,4,0
rio-de-janeiro,4,2026-06-24,2026-08-30,46153816,19,19
rio-de-janeiro,4,2026-06-24,2026-08-30,46233710,6,0
rio-de-janeiro,4,2026-06-24,2026-08-30,46255086,5,0
rio-de-janeiro,4,2026-06-24,2026-08-30,46543934,33,2
rio-de-janeiro,4,2026-06-24,2026-08-30,46659291,1,1
rio-de-janeiro,4,2026-06-24,2026-08-30,46713068,27,0
rio-de-janeiro,4,2026-06-24,2026-08-30,46790887,2,0
rio-de-janeiro,4,2026-06-24,2026-08-30,46801478,3,0
rio-de-janeiro,4,2026-06-24,2026-08-30,46870109,12,0
rio-de-janeiro,4,2026-06-24,2026-08-30,46887839,38,5
rio-de-janeiro,4,2026-06-24,2026-08-30,47019384,60,0
rio-de-janeiro,4,2026-06-24,2026-08-30,47023768,8,0
rio-de-janeiro,4,2026-06-24,2026-08-30,47199443,9,0
rio-de-janeiro,4,2026-06-24,2026-08-30,47217911,11,0
rio-de-janeiro,4,2026-06-24,2026-08-30,47290111,84,0
rio-de-janeiro,4,2026-06-24,2026-08-30,47293708,26,0
rio-de-janeiro,4,2026-06-24,2026-08-30,47312391,49,8
rio-de-janeiro,4,2026-06-24,2026-08-30,47314302,19,0
rio-de-janeiro,4,2026-06-24,2026-08-30,47420131,28,1
rio-de-janeiro,4,2026-06-24,2026-08-30,47422465,4,0
rio-de-janeiro,4,2026-06-24,2026-08-30,47495343,14,9
rio-de-janeiro,4,2026-06-24,2026-08-30,47919819,6,3
rio-de-janeiro,4,2026-06-24,2026-08-30,47920761,2,0
rio-de-janeiro,4,2026-06-24,2026-08-30,48006614,5,0
rio-de-janeiro,4,2026-06-24,2026-08-30,48251904,43,2
rio-de-janeiro,4,2026-06-24,2026-08-30,48277670,20,0
rio-de-janeiro,4,2026-06-24,2026-08-30,48488631,27,0
rio-de-janeiro,4,2026-06-24,2026-08-30,48956089,23,0
rio-de-janeiro,4,2026-06-24,2026-08-30,48977683,11,3
rio-de-janeiro,4,2026-06-24,2026-08-30,49124606,34,0
rio-de-janeiro,4,2026-06-24,2026-08-30,49422507,13,0
rio-de-janeiro,4,2026-06-24,2026-08-30,49441183,40,3
rio-de-janeiro,4,2026-06-24,2026-08-30,49506761,1,0
rio-de-janeiro,4,2026-06-24,2026-08-30,49520838,7,0
rio-de-janeiro,4,2026-06-24,2026-08-30,49569127,25,0
rio-de-janeiro,4,2026-06-24,2026-08-30,50045454,49,5
rio-de-janeiro,4,2026-06-24,2026-08-30,50461346,7,1
rio-de-janeiro,4,2026-06-24,2026-08-30,50465012,45,3
rio-de-janeiro,4,2026-06-24,2026-08-30,50771144,9,1
rio-de-janeiro,4,2026-06-24,2026-08-30,50790166,3,0
rio-de-janeiro,4,2026-06-24,2026-08-30,50990314,8,0
rio-de-janeiro,4,2026-06-24,2026-08-30,51159561,19,6
rio-de-janeiro,4,2026-06-24,2026-08-30,51233072,10,0
rio-de-janeiro,4,2026-06-24,2026-08-30,51388652,36,8
rio-de-janeiro,4,2026-06-24,2026-08-30,51492579,30,1
rio-de-janeiro,4,2026-06-24,2026-08-30,51762355,6,0
rio-de-janeiro,4,2026-06-24,2026-08-30,51768719,3,0
rio-de-janeiro,4,2026-06-24,2026-08-30,52239715,2,0
rio-de-janeiro,4,2026-06-24,2026-08-30,52253387,11,0
rio-de-janeiro,4,2026-06-24,2026-08-30,52263234,11,0
rio-de-janeiro,4,2026-06-24,2026-08-30,52319819,9,2
rio-de-janeiro,4,2026-06-24,2026-08-30,52451370,5,0
rio-de-janeiro,4,2026-06-24,2026-08-30,52470694,11,3
rio-de-janeiro,4,2026-06-24,2026-08-30,52586547,8,0
rio-de-janeiro,4,2026-06-24,2026-08-30,52675722,10,0
rio-de-janeiro,4,2026-06-24,2026-08-30,52780214,11,0
rio-de-janeiro,4,2026-06-24,2026-08-30,52883332,14,1
rio-de-janeiro,4,2026-06-24,2026-08-30,52990170,23,0
rio-de-janeiro,4,2026-06-24,2026-08-30,53026084,41,2
rio-de-janeiro,4,2026-06-24,2026-08-30,53043141,6,0
rio-de-janeiro,4,2026-06-24,2026-08-30,53065194,5,1
rio-de-janeiro,4,2026-06-24,2026-08-30,53152108,5,0
rio-de-janeiro,4,2026-06-24,2026-08-30,53171558,24,0
rio-de-janeiro,4,2026-06-24,2026-08-30,53285252,10,0
rio-de-janeiro,4,2026-06-24,2026-08-30,53306274,7,0
rio-de-janeiro,4,2026-06-24,2026-08-30,53318245,5,1
rio-de-janeiro,4,2026-06-24,2026-08-30,53414502,1,1
rio-de-janeiro,4,2026-06-24,2026-08-30,53581631,30,0
rio-de-janeiro,4,2026-06-24,2026-08-30,53627310,39,0
rio-de-janeiro,4,2026-06-24,2026-08-30,53642938,13,11
rio-de-janeiro,4,2026-06-24,2026-08-30,53699487,9,0
rio-de-janeiro,4,2026-06-24,2026-08-30,53732741,33,0
rio-de-janeiro,4,2026-06-24,2026-08-30,53791516,8,1
rio-de-janeiro,4,2026-06-24,2026-08-30,53886878,11,0
rio-de-janeiro,4,2026-06-24,2026-08-30,53931378,7,0
rio-de-janeiro,4,2026-06-24,2026-08-30,53932752,41,0
rio-de-janeiro,4,2026-06-24,2026-08-30,54000352,10,0
rio-de-janeiro,4,2026-06-24,2026-08-30,54039299,11,0
rio-de-janeiro,4,2026-06-24,2026-08-30,54050183,13,0
rio-de-janeiro,4,2026-06-24,2026-08-30,54067798,5,0
rio-de-janeiro,4,2026-06-24,2026-08-30,54106800,7,0
rio-de-janeiro,4,2026-06-24,2026-08-30,54125284,14,0
rio-de-janeiro,4,2026-06-24,2026-08-30,54190040,5,0
rio-de-janeiro,4,2026-06-24,2026-08-30,54350081,19,2
rio-de-janeiro,4,2026-06-24,2026-08-30,511554050783757464,21,4
rio-de-janeiro,4,2026-06-24,2026-08-30,547715332363899857,2,0
rio-de-janeiro,4,2026-06-24,2026-08-30,552822847514447367,52,0
rio-de-janeiro,4,2026-06-24,2026-08-30,553440715632846154,3,0
rio-de-janeiro,4,2026-06-24,2026-08-30,565364001479899347,26,0
rio-de-janeiro,4,2026-06-24,2026-08-30,566495266643832791,4,0
rio-de-janeiro,4,2026-06-24,2026-08-30,568985043362521772,9,0
rio-de-janeiro,4,2026-06-24,2026-08-30,569524743771707099,11,5
rio-de-janeiro,4,2026-06-24,2026-08-30,570100697815514194,6,0
rio-de-janeiro,4,2026-06-24,2026-08-30,575491340740448832,20,0
rio-de-janeiro,4,2026-06-24,2026-08-30,577334016313224109,5,0
rio-de-janeiro,4,2026-06-24,2026-08-30,582429799815242395,34,0
rio-de-janeiro,4,2026-06-24,2026-08-30,582726179465692037,2,0
rio-de-janeiro,4,2026-06-24,2026-08-30,586260354844869274,6,2
rio-de-janeiro,4,2026-06-24,2026-08-30,587711875071883569,7,0
rio-de-janeiro,4,2026-06-24,2026-08-30,588235675505978964,7,0
rio-de-janeiro,4,2026-06-24,2026-08-30,590549803298394739,38,1
rio-de-janeiro,4,2026-06-24,2026-08-30,596178150973931737,27,0
rio-de-janeiro,4,2026-06-24,2026-08-30,598578722243819110,4,0
rio-de-janeiro,4,2026-06-24,2026-08-30,600009051217940772,6,2
rio-de-janeiro,4,2026-06-24,2026-08-30,600466017199464589,14,0
rio-de-janeiro,4,2026-06-24,2026-08-30,600884195760619334,15,0
rio-de-janeiro,4,2026-06-24,2026-08-30,601501730115809269,21,1
rio-de-janeiro,4,2026-06-24,2026-08-30,603462491397771613,21,0
rio-de-janeiro,4,2026-06-24,2026-08-30,603673910096218176,63,9
rio-de-janeiro,4,2026-06-24,2026-08-30,607445547939583212,14,5
rio-de-janeiro,4,2026-06-24,2026-08-30,607768328867771834,22,7
rio-de-janeiro,4,2026-06-24,2026-08-30,610515121473096131,14,0
rio-de-janeiro,4,2026-06-24,2026-08-30,623006851590842002,13,0
rio-de-janeiro,4,2026-06-24,2026-08-30,624073269983353580,5,0
rio-de-janeiro,4,2026-06-24,2026-08-30,625176033471139975,36,14
rio-de-janeiro,4,2026-06-24,2026-08-30,627569820320939949,39,0
rio-de-janeiro,4,2026-06-24,2026-08-30,627709339689087759,2,0
rio-de-janeiro,4,2026-06-24,2026-08-30,635402410053024588,1,1
rio-de-janeiro,4,2026-06-24,2026-08-30,640395032735790419,11,0
rio-de-janeiro,4,2026-06-24,2026-08-30,640459864145611465,8,0
rio-de-janeiro,4,2026-06-24,2026-08-30,641260160148987599,2,2
rio-de-janeiro,4,2026-06-24,2026-08-30,641325995715972294,11,0
rio-de-janeiro,4,2026-06-24,2026-08-30,642248432719713375,1,0
rio-de-janeiro,4,2026-06-24,2026-08-30,645085313599283737,15,0
rio-de-janeiro,4,2026-06-24,2026-08-30,645396262148872961,1,0
rio-de-janeiro,4,2026-06-24,2026-08-30,653531093869596704,20,0
rio-de-janeiro,4,2026-06-24,2026-08-30,655716567014470144,13,0
rio-de-janeiro,4,2026-06-24,2026-08-30,656608917498168174,43,0
rio-de-janeiro,4,2026-06-24,2026-08-30,657286278830339980,13,0
rio-de-janeiro,4,2026-06-24,2026-08-30,661517312633340105,7,0
rio-de-janeiro,4,2026-06-24,2026-08-30,664385719184525038,5,0
rio-de-janeiro,4,2026-06-24,2026-08-30,664998739862713397,17,0
rio-de-janeiro,4,2026-06-24,2026-08-30,666127878633328502,2,0
rio-de-janeiro,4,2026-06-24,2026-08-30,669473361346690434,1,0
rio-de-janeiro,4,2026-06-24,2026-08-30,671748385426762263,5,1
rio-de-janeiro,4,2026-06-24,2026-08-30,673932949032528440,29,6
rio-de-janeiro,4,2026-06-24,2026-08-30,674651335992555832,11,0
rio-de-janeiro,4,2026-06-24,2026-08-30,675430764478723624,13,0
rio-de-janeiro,4,2026-06-24,2026-08-30,688620403203223289,14,6
rio-de-janeiro,4,2026-06-24,2026-08-30,689171033597823718,21,0
rio-de-janeiro,4,2026-06-24,2026-08-30,690769330273423626,14,0
rio-de-janeiro,4,2026-06-24,2026-08-30,691203013172269169,6,2
rio-de-janeiro,4,2026-06-24,2026-08-30,694835085901091497,3,0
rio-de-janeiro,4,2026-06-24,2026-08-30,694885247501576130,1,0
rio-de-janeiro,4,2026-06-24,2026-08-30,694958286435579550,1,0
rio-de-janeiro,4,2026-06-24,2026-08-30,696346998065233904,7,0
rio-de-janeiro,4,2026-06-24,2026-08-30,696591674713835297,19,0
rio-de-janeiro,4,2026-06-24,2026-08-30,699762056365156173,2,0
rio-de-janeiro,4,2026-06-24,2026-08-30,700438132489375099,6,0
rio-de-janeiro,4,2026-06-24,2026-08-30,700762352625659716,10,10
rio-de-janeiro,4,2026-06-24,2026-08-30,700824307898165932,13,0
rio-de-janeiro,4,2026-06-24,2026-08-30,701215694521627871,6,0
rio-de-janeiro,4,2026-06-24,2026-08-30,701966384159760906,8,0
rio-de-janeiro,4,2026-06-24,2026-08-30,702332800099907350,18,4
rio-de-janeiro,4,2026-06-24,2026-08-30,703973293620197060,9,0
rio-de-janeiro,4,2026-06-24,2026-08-30,704218154426240261,19,1
rio-de-janeiro,4,2026-06-24,2026-08-30,704328171243788763,9,0
rio-de-janeiro,4,2026-06-24,2026-08-30,704484397952225929,8,2
rio-de-janeiro,4,2026-06-24,2026-08-30,706272811656752602,3,0
rio-de-janeiro,4,2026-06-24,2026-08-30,707509891958532049,5,0
rio-de-janeiro,4,2026-06-24,2026-08-30,707775114845981701,2,0
rio-de-janeiro,4,2026-06-24,2026-08-30,708790700743852729,6,1
rio-de-janeiro,4,2026-06-24,2026-08-30,709237644419965344,6,0
rio-de-janeiro,4,2026-06-24,2026-08-30,712839769464004712,12,0
rio-de-janeiro,4,2026-06-24,2026-08-30,712959670947961350,8,0
rio-de-janeiro,4,2026-06-24,2026-08-30,713068506449921383,8,0
rio-de-janeiro,4,2026-06-24,2026-08-30,717236561181788602,17,10
rio-de-janeiro,4,2026-06-24,2026-08-30,720150108128628282,3,0
rio-de-janeiro,4,2026-06-24,2026-08-30,722550644261081400,17,0
rio-de-janeiro,4,2026-06-24,2026-08-30,723785711208804203,4,0
rio-de-janeiro,4,2026-06-24,2026-08-30,726225755882074061,20,4
rio-de-janeiro,4,2026-06-24,2026-08-30,731711821911358195,4,0
rio-de-janeiro,4,2026-06-24,2026-08-30,741717430993387687,27,2
rio-de-janeiro,4,2026-06-24,2026-08-30,744110339177354250,25,0
rio-de-janeiro,4,2026-06-24,2026-08-30,745062629735982253,3,1
rio-de-janeiro,4,2026-06-24,2026-08-30,750791507248939502,10,0
rio-de-janeiro,4,2026-06-24,2026-08-30,750798014779240660,51,3
rio-de-janeiro,4,2026-06-24,2026-08-30,750969498344152576,40,0
rio-de-janeiro,4,2026-06-24,2026-08-30,752318531145700331,14,0
rio-de-janeiro,4,2026-06-24,2026-08-30,754707295486024453,19,0
rio-de-janeiro,4,2026-06-24,2026-08-30,754998655423831416,3,0
rio-de-janeiro,4,2026-06-24,2026-08-30,757175669655810607,18,0
rio-de-janeiro,4,2026-06-24,2026-08-30,757808213217113456,19,0
rio-de-janeiro,4,2026-06-24,2026-08-30,758792730805075874,5,0
rio-de-janeiro,4,2026-06-24,2026-08-30,760408868723383419,12,1
rio-de-janeiro,4,2026-06-24,2026-08-30,760738328609822189,4,0
rio-de-janeiro,4,2026-06-24,2026-08-30,760904324599181535,20,0
rio-de-janeiro,4,2026-06-24,2026-08-30,760983155361368371,6,0
rio-de-janeiro,4,2026-06-24,2026-08-30,762491782314625330,38,0
rio-de-janeiro,4,2026-06-24,2026-08-30,762494777628141432,7,0
rio-de-janeiro,4,2026-06-24,2026-08-30,765110782170430640,19,3
rio-de-janeiro,4,2026-06-24,2026-08-30,768892727834435619,9,0
rio-de-janeiro,4,2026-06-24,2026-08-30,774827712506825560,10,7
rio-de-janeiro,4,2026-06-24,2026-08-30,775170693704609855,11,0
rio-de-janeiro,4,2026-06-24,2026-08-30,775403032136544664,6,0
rio-de-janeiro,4,2026-06-24,2026-08-30,776259335928693061,8,0
rio-de-janeiro,4,2026-06-24,2026-08-30,779218949916492566,14,2
rio-de-janeiro,4,2026-06-24,2026-08-30,779631055504855969,43,15
rio-de-janeiro,4,2026-06-24,2026-08-30,780203482712486116,40,0
rio-de-janeiro,4,2026-06-24,2026-08-30,781994341937717698,6,0
rio-de-janeiro,4,2026-06-24,2026-08-30,783493769216852616,5,0
rio-de-janeiro,4,2026-06-24,2026-08-30,786784978594618127,1,0
rio-de-janeiro,4,2026-06-24,2026-08-30,786962087242243569,4,3
rio-de-janeiro,4,2026-06-24,2026-08-30,791289703251813996,10,10
rio-de-janeiro,4,2026-06-24,2026-08-30,791603070671449360,43,1
rio-de-janeiro,4,2026-06-24,2026-08-30,792148275037668943,2,0
rio-de-janeiro,4,2026-06-24,2026-08-30,793613597860520531,58,3
rio-de-janeiro,4,2026-06-24,2026-08-30,795012130129968332,50,7
rio-de-janeiro,4,2026-06-24,2026-08-30,801532154829794406,20,18
rio-de-janeiro,4,2026-06-24,2026-08-30,803407571748956618,10,0
rio-de-janeiro,4,2026-06-24,2026-08-30,807224173919682370,10,0
rio-de-janeiro,4,2026-06-24,2026-08-30,811165295776254420,6,0
rio-de-janeiro,4,2026-06-24,2026-08-30,812939750380298559,11,10
rio-de-janeiro,4,2026-06-24,2026-08-30,813081285094207335,4,4
rio-de-janeiro,4,2026-06-24,2026-08-30,815174999785259158,11,0
rio-de-janeiro,4,2026-06-24,2026-08-30,816123192635060597,8,1
rio-de-janeiro,4,2026-06-24,2026-08-30,816724295083488542,1,0
rio-de-janeiro,4,2026-06-24,2026-08-30,818982601492014920,8,0
rio-de-janeiro,4,2026-06-24,2026-08-30,819070477625517948,4,4
rio-de-janeiro,4,2026-06-24,2026-08-30,820467819369891302,16,0
rio-de-janeiro,4,2026-06-24,2026-08-30,820544186418537450,2,0
rio-de-janeiro,4,2026-06-24,2026-08-30,820599629400883119,9,0
rio-de-janeiro,4,2026-06-24,2026-08-30,824470918294314746,9,0
rio-de-janeiro,4,2026-06-24,2026-08-30,825547613862061307,12,0
rio-de-janeiro,4,2026-06-24,2026-08-30,825776672953731111,27,10
rio-de-janeiro,4,2026-06-24,2026-08-30,828955847375640089,11,0
rio-de-janeiro,4,2026-06-24,2026-08-30,828964003636311587,9,0
rio-de-janeiro,4,2026-06-24,2026-08-30,829709925665566615,5,1
rio-de-janeiro,4,2026-06-24,2026-08-30,830657680920864062,34,6
rio-de-janeiro,4,2026-06-24,2026-08-30,832482146450214846,26,0
rio-de-janeiro,4,2026-06-24,2026-08-30,835749224161307287,35,15
rio-de-janeiro,4,2026-06-24,2026-08-30,838243296456585543,21,0
rio-de-janeiro,4,2026-06-24,2026-08-30,840014779844345698,8,0
rio-de-janeiro,4,2026-06-24,2026-08-30,842597269048229316,19,0
rio-de-janeiro,4,2026-06-24,2026-08-30,849172473400628876,5,0
rio-de-janeiro,4,2026-06-24,2026-08-30,852900198645139176,19,8
rio-de-janeiro,4,2026-06-24,2026-08-30,856588008082125449,23,8
rio-de-janeiro,4,2026-06-24,2026-08-30,857267832795773546,11,0
rio-de-janeiro,4,2026-06-24,2026-08-30,859953873463220769,1,0
rio-de-janeiro,4,2026-06-24,2026-08-30,862284782744887473,5,0
rio-de-janeiro,4,2026-06-24,2026-08-30,863132729379850161,4,0
rio-de-janeiro,4,2026-06-24,2026-08-30,864246134624271871,3,0
rio-de-janeiro,4,2026-06-24,2026-08-30,867113006349860681,27,0
rio-de-janeiro,4,2026-06-24,2026-08-30,867950919074162449,8,6
rio-de-janeiro,4,2026-06-24,2026-08-30,868942237083950650,7,0
rio-de-janeiro,4,2026-06-24,2026-08-30,868954905626070365,9,3
rio-de-janeiro,4,2026-06-24,2026-08-30,871691738759118551,35,0
rio-de-janeiro,4,2026-06-24,2026-08-30,871890728598871718,8,0
rio-de-janeiro,4,2026-06-24,2026-08-30,872457876541465663,6,0
rio-de-janeiro,4,2026-06-24,2026-08-30,872497168826373192,19,2
rio-de-janeiro,4,2026-06-24,2026-08-30,872578435440929146,5,0
rio-de-janeiro,4,2026-06-24,2026-08-30,872776940857312727,33,0
rio-de-janeiro,4,2026-06-24,2026-08-30,874595503862935621,58,7
rio-de-janeiro,4,2026-06-24,2026-08-30,876731032349992072,32,3
rio-de-janeiro,4,2026-06-24,2026-08-30,881791662469582731,10,0
rio-de-janeiro,4,2026-06-24,2026-08-30,884042298357441137,8,0
rio-de-janeiro,4,2026-06-24,2026-08-30,884338542847187861,15,5
rio-de-janeiro,4,2026-06-24,2026-08-30,885298254065295460,9,0
rio-de-janeiro,4,2026-06-24,2026-08-30,885562929947077664,6,0
rio-de-janeiro,4,2026-06-24,2026-08-30,892468328069343601,31,0
rio-de-janeiro,4,2026-06-24,2026-08-30,895902515849243015,11,0
rio-de-janeiro,4,2026-06-24,2026-08-30,896959060404765829,7,0
rio-de-janeiro,4,2026-06-24,2026-08-30,902977559602534227,10,8
rio-de-janeiro,4,2026-06-24,2026-08-30,903458315846588657,3,0
rio-de-janeiro,4,2026-06-24,2026-08-30,903753179690792385,14,0
rio-de-janeiro,4,2026-06-24,2026-08-30,908066724851143054,2,0
rio-de-janeiro,4,2026-06-24,2026-08-30,910261209419116456,17,0
rio-de-janeiro,4,2026-06-24,2026-08-30,915168390135783978,1,1
rio-de-janeiro,4,2026-06-24,2026-08-30,916442909765799423,8,1
rio-de-janeiro,4,2026-06-24,2026-08-30,916732216123435660,4,0
rio-de-janeiro,4,2026-06-24,2026-08-30,922520696288348979,15,0
rio-de-janeiro,4,2026-06-24,2026-08-30,923095003504556323,48,11
rio-de-janeiro,4,2026-06-24,2026-08-30,925988417932817365,8,0
rio-de-janeiro,4,2026-06-24,2026-08-30,926275761085152834,9,0
rio-de-janeiro,4,2026-06-24,2026-08-30,933344607193884769,9,0
rio-de-janeiro,4,2026-06-24,2026-08-30,935042532293069757,3,0
rio-de-janeiro,4,2026-06-24,2026-08-30,937728071822510185,22,3
rio-de-janeiro,4,2026-06-24,2026-08-30,938589639585002595,40,4
rio-de-janeiro,4,2026-06-24,2026-08-30,939793241770542524,14,2
rio-de-janeiro,4,2026-06-24,2026-08-30,941796120027944441,20,6
rio-de-janeiro,4,2026-06-24,2026-08-30,942587218462781381,14,10
rio-de-janeiro,4,2026-06-24,2026-08-30,943363125680024201,7,2
rio-de-janeiro,4,2026-06-24,2026-08-30,943492512075698285,6,0
rio-de-janeiro,4,2026-06-24,2026-08-30,944375615604843976,5,0
rio-de-janeiro,4,2026-06-24,2026-08-30,947011621753225283,9,0
rio-de-janeiro,4,2026-06-24,2026-08-30,948686771989475358,7,0
rio-de-janeiro,4,2026-06-24,2026-08-30,950000260994010327,26,5
rio-de-janeiro,4,2026-06-24,2026-08-30,954486134956378483,11,1
rio-de-janeiro,4,2026-06-24,2026-08-30,955905180248418457,8,0
rio-de-janeiro,4,2026-06-24,2026-08-30,957448278272057749,41,0
rio-de-janeiro,4,2026-06-24,2026-08-30,958716221431254520,23,16
rio-de-janeiro,4,2026-06-24,2026-08-30,959562058810418614,52,9
rio-de-janeiro,4,2026-06-24,2026-08-30,961659051511319807,11,1
rio-de-janeiro,4,2026-06-24,2026-08-30,961731864911509906,32,1
rio-de-janeiro,4,2026-06-24,2026-08-30,962303973858176446,32,5
rio-de-janeiro,4,2026-06-24,2026-08-30,963097172074285793,10,9
rio-de-janeiro,4,2026-06-24,2026-08-30,967915190523327489,7,1
rio-de-janeiro,4,2026-06-24,2026-08-30,968892794407052383,32,3
rio-de-janeiro,4,2026-06-24,2026-08-30,969595959584808112,2,0
rio-de-janeiro,4,2026-06-24,2026-08-30,971918598476566310,14,6
rio-de-janeiro,4,2026-06-24,2026-08-30,973066818943636241,34,10
rio-de-janeiro,4,2026-06-24,2026-08-30,973074972062964944,9,0
rio-de-janeiro,4,2026-06-24,2026-08-30,973365296410291940,20,4
rio-de-janeiro,4,2026-06-24,2026-08-30,973912286239928721,4,0
rio-de-janeiro,4,2026-06-24,2026-08-30,975444984749027484,7,0
rio-de-janeiro,4,2026-06-24,2026-08-30,975510849553881654,33,0
rio-de-janeiro,4,2026-06-24,2026-08-30,976282995617797216,23,0
rio-de-janeiro,4,2026-06-24,2026-08-30,978992441190457265,4,0
rio-de-janeiro,4,2026-06-24,2026-08-30,981954798756419710,4,0
rio-de-janeiro,4,2026-06-24,2026-08-30,988263170799769852,6,0
rio-de-janeiro,4,2026-06-24,2026-08-30,989075962463492672,21,8
rio-de-janeiro,4,2026-06-24,2026-08-30,989102984894566612,11,0
rio-de-janeiro,4,2026-06-24,2026-08-30,994808212880236159,30,11
rio-de-janeiro,4,2026-06-24,2026-08-30,995148140300072491,4,3
rio-de-janeiro,4,2026-06-24,2026-08-30,1002179183482563697,13,0
rio-de-janeiro,4,2026-06-24,2026-08-30,1002263954419984978,4,0
rio-de-janeiro,4,2026-06-24,2026-08-30,1003612933235345552,3,3
rio-de-janeiro,4,2026-06-24,2026-08-30,1004410407555930038,3,0
rio-de-janeiro,4,2026-06-24,2026-08-30,1004539157458538041,12,0
rio-de-janeiro,4,2026-06-24,2026-08-30,1006339352953374728,5,5
rio-de-janeiro,4,2026-06-24,2026-08-30,1007202898665824146,3,0
rio-de-janeiro,4,2026-06-24,2026-08-30,1007551375876604795,10,0
rio-de-janeiro,4,2026-06-24,2026-08-30,1008667182513081714,12,4
rio-de-janeiro,4,2026-06-24,2026-08-30,1008735510767275037,4,0
rio-de-janeiro,4,2026-06-24,2026-08-30,1008813085076411690,8,0
rio-de-janeiro,4,2026-06-24,2026-08-30,1010748000631478758,7,0
rio-de-janeiro,4,2026-06-24,2026-08-30,1012119080049425015,12,0
rio-de-janeiro,4,2026-06-24,2026-08-30,1012962557193072429,1,0
rio-de-janeiro,4,2026-06-24,2026-08-30,1012964523757123691,18,0
rio-de-janeiro,4,2026-06-24,2026-08-30,1013904140043177101,5,0
rio-de-janeiro,4,2026-06-24,2026-08-30,1015846231955846125,17,0
rio-de-janeiro,4,2026-06-24,2026-08-30,1016511638803578168,9,2
rio-de-janeiro,4,2026-06-24,2026-08-30,1016643399218308776,17,0
rio-de-janeiro,4,2026-06-24,2026-08-30,1016699539086659728,7,0
rio-de-janeiro,4,2026-06-24,2026-08-30,1016919858718678033,13,0
rio-de-janeiro,4,2026-06-24,2026-08-30,1018962111708591741,23,2
rio-de-janeiro,4,2026-06-24,2026-08-30,1019478417657482913,11,0
rio-de-janeiro,4,2026-06-24,2026-08-30,1019828024663663645,19,0
rio-de-janeiro,4,2026-06-24,2026-08-30,1020150812428764177,9,6
rio-de-janeiro,4,2026-06-24,2026-08-30,1021575593281892830,5,0
rio-de-janeiro,4,2026-06-24,2026-08-30,1021822593043900938,8,0
rio-de-janeiro,4,2026-06-24,2026-08-30,1023432629289315631,6,4
rio-de-janeiro,4,2026-06-24,2026-08-30,1024030766945815134,8,0
rio-de-janeiro,4,2026-06-24,2026-08-30,1025616204184694956,5,0
rio-de-janeiro,4,2026-06-24,2026-08-30,1026008594383164881,8,0
rio-de-janeiro,4,2026-06-24,2026-08-30,1026143930713046345,5,0
rio-de-janeiro,4,2026-06-24,2026-08-30,1026752996264751723,5,0
rio-de-janeiro,4,2026-06-24,2026-08-30,1027584979759244753,4,0
rio-de-janeiro,4,2026-06-24,2026-08-30,1027831118099367482,4,0
rio-de-janeiro,4,2026-06-24,2026-08-30,1030335072381147839,16,0
rio-de-janeiro,4,2026-06-24,2026-08-30,1031772295738265495,14,1
rio-de-janeiro,4,2026-06-24,2026-08-30,1032561929098590087,4,0
rio-de-janeiro,4,2026-06-24,2026-08-30,1032729008696037350,9,0
rio-de-janeiro,4,2026-06-24,2026-08-30,1034230015851196985,3,0
rio-de-janeiro,4,2026-06-24,2026-08-30,1036607163621517728,8,6
rio-de-janeiro,4,2026-06-24,2026-08-30,1037199005716710932,6,0
rio-de-janeiro,4,2026-06-24,2026-08-30,1037258446792627192,2,2
rio-de-janeiro,4,2026-06-24,2026-08-30,1037744896554074798,37,1
rio-de-janeiro,4,2026-06-24,2026-08-30,1038435261470015261,1,0
rio-de-janeiro,4,2026-06-24,2026-08-30,1038819967140257899,3,0
rio-de-janeiro,4,2026-06-24,2026-08-30,1039364901364302384,26,3
rio-de-janeiro,4,2026-06-24,2026-08-30,1039704548636987508,33,7
rio-de-janeiro,4,2026-06-24,2026-08-30,1040024900352316094,6,0
rio-de-janeiro,4,2026-06-24,2026-08-30,1041095761576083246,14,0
rio-de-janeiro,4,2026-06-24,2026-08-30,1042808192024088858,10,0
rio-de-janeiro,4,2026-06-24,2026-08-30,1042901235934030159,4,0
rio-de-janeiro,4,2026-06-24,2026-08-30,1044371188943409739,2,0
rio-de-janeiro,4,2026-06-24,2026-08-30,1044985354896560040,4,0
rio-de-janeiro,4,2026-06-24,2026-08-30,1046427076167002689,17,0
rio-de-janeiro,4,2026-06-24,2026-08-30,1046577937624983162,19,0
rio-de-janeiro,4,2026-06-24,2026-08-30,1046972455578770939,7,0
rio-de-janeiro,4,2026-06-24,2026-08-30,1047078130026948400,7,4
rio-de-janeiro,4,2026-06-24,2026-08-30,1047176999377221340,10,0
rio-de-janeiro,4,2026-06-24,2026-08-30,1048056039659024286,9,1
rio-de-janeiro,4,2026-06-24,2026-08-30,1049222763437147904,3,3
rio-de-janeiro,4,2026-06-24,2026-08-30,1049225536371482667,2,0
rio-de-janeiro,4,2026-06-24,2026-08-30,1049421780950348170,5,0
rio-de-janeiro,4,2026-06-24,2026-08-30,1049448842986187706,39,2
rio-de-janeiro,4,2026-06-24,2026-08-30,1049774602485298524,34,8
rio-de-janeiro,4,2026-06-24,2026-08-30,1049882578688558444,5,0
rio-de-janeiro,4,2026-06-24,2026-08-30,1050227817118384190,7,3
rio-de-janeiro,4,2026-06-24,2026-08-30,1050673710062389284,46,12
rio-de-janeiro,4,2026-06-24,2026-08-30,1051416760194330713,31,0
rio-de-janeiro,4,2026-06-24,2026-08-30,1051708772559571919,55,2
rio-de-janeiro,4,2026-06-24,2026-08-30,1052076267057484440,5,0
rio-de-janeiro,4,2026-06-24,2026-08-30,1052222141929310859,14,0
rio-de-janeiro,4,2026-06-24,2026-08-30,1052351046583643643,7,0
rio-de-janeiro,4,2026-06-24,2026-08-30,1052936974945191398,14,1
rio-de-janeiro,4,2026-06-24,2026-08-30,1053428487620174682,18,0
rio-de-janeiro,4,2026-06-24,2026-08-30,1054353928123425066,5,0
rio-de-janeiro,4,2026-06-24,2026-08-30,1055104284300080828,47,3
rio-de-janeiro,4,2026-06-24,2026-08-30,1055715241012270732,12,1
rio-de-janeiro,4,2026-06-24,2026-08-30,1055870528020156562,11,0
rio-de-janeiro,4,2026-06-24,2026-08-30,1057519891533832289,5,0
rio-de-janeiro,4,2026-06-24,2026-08-30,1057777977582953040,6,0
rio-de-janeiro,4,2026-06-24,2026-08-30,1059984077935427127,6,0
rio-de-janeiro,4,2026-06-24,2026-08-30,1060812392970539206,7,0
rio-de-janeiro,4,2026-06-24,2026-08-30,1062502504525407432,21,0
rio-de-janeiro,4,2026-06-24,2026-08-30,1064569382722382785,9,0
rio-de-janeiro,4,2026-06-24,2026-08-30,1065170330742136172,5,0
rio-de-janeiro,4,2026-06-24,2026-08-30,1067332800668499993,13,13
rio-de-janeiro,4,2026-06-24,2026-08-30,1069109748163185731,9,0
rio-de-janeiro,4,2026-06-24,2026-08-30,1069508000687548834,69,3
rio-de-janeiro,4,2026-06-24,2026-08-30,1069777850889888778,8,0
rio-de-janeiro,4,2026-06-24,2026-08-30,1069797971907504836,10,0
rio-de-janeiro,4,2026-06-24,2026-08-30,1070175221432276349,44,15
rio-de-janeiro,4,2026-06-24,2026-08-30,1070487803975021334,27,7
rio-de-janeiro,4,2026-06-24,2026-08-30,1071147737503037018,5,0
rio-de-janeiro,4,2026-06-24,2026-08-30,1073070229590234439,8,0
rio-de-janeiro,4,2026-06-24,2026-08-30,1074442086316051711,29,0
rio-de-janeiro,4,2026-06-24,2026-08-30,1074624304249831910,5,0
rio-de-janeiro,4,2026-06-24,2026-08-30,1076202430169606587,11,0
rio-de-janeiro,4,2026-06-24,2026-08-30,1076303874293858227,6,0
rio-de-janeiro,4,2026-06-24,2026-08-30,1077425706375046858,8,0
rio-de-janeiro,4,2026-06-24,2026-08-30,1077798039789297124,42,0
rio-de-janeiro,4,2026-06-24,2026-08-30,1079155443097216449,3,0
rio-de-janeiro,4,2026-06-24,2026-08-30,1080279227762448318,22,0
rio-de-janeiro,4,2026-06-24,2026-08-30,1081099414853093010,8,0
rio-de-janeiro,4,2026-06-24,2026-08-30,1081106746177050540,13,6
rio-de-janeiro,4,2026-06-24,2026-08-30,1081124859071399092,34,0
rio-de-janeiro,4,2026-06-24,2026-08-30,1081250330462511133,9,0
rio-de-janeiro,4,2026-06-24,2026-08-30,1081337459013176146,46,0
rio-de-janeiro,4,2026-06-24,2026-08-30,1081418229968075342,8,0
rio-de-janeiro,4,2026-06-24,2026-08-30,1082254132538933487,1,0
rio-de-janeiro,4,2026-06-24,2026-08-30,1082345258296011094,2,0
rio-de-janeiro,4,2026-06-24,2026-08-30,1083572485377705417,13,0
rio-de-janeiro,4,2026-06-24,2026-08-30,1083688482569069733,3,0
rio-de-janeiro,4,2026-06-24,2026-08-30,1086594163615276567,48,16
rio-de-janeiro,4,2026-06-24,2026-08-30,1087574566304769391,6,0
rio-de-janeiro,4,2026-06-24,2026-08-30,1087748437106041452,5,0
rio-de-janeiro,4,2026-06-24,2026-08-30,1087811662577785968,36,21
rio-de-janeiro,4,2026-06-24,2026-08-30,1091316669945307930,8,0
rio-de-janeiro,4,2026-06-24,2026-08-30,1091507654281907323,19,0
rio-de-janeiro,4,2026-06-24,2026-08-30,1093639864280939554,5,0
rio-de-janeiro,4,2026-06-24,2026-08-30,1094373672052952090,1,0
rio-de-janeiro,4,2026-06-24,2026-08-30,1096553512269210573,7,0
rio-de-janeiro,4,2026-06-24,2026-08-30,1098593686893865111,4,0
rio-de-janeiro,4,2026-06-24,2026-08-30,1101564333699190472,5,0
rio-de-janeiro,4,2026-06-24,2026-08-30,1103502320632316339,21,0
rio-de-janeiro,4,2026-06-24,2026-08-30,1105062149499073835,20,0
rio-de-janeiro,4,2026-06-24,2026-08-30,1105907261345358718,75,9
rio-de-janeiro,4,2026-06-24,2026-08-30,1107849434904428212,19,0
rio-de-janeiro,4,2026-06-24,2026-08-30,1108054371680762039,5,0
rio-de-janeiro,4,2026-06-24,2026-08-30,1110319917209836543,10,0
rio-de-janeiro,4,2026-06-24,2026-08-30,1111011133929088201,21,0
rio-de-janeiro,4,2026-06-24,2026-08-30,1115466506197049219,21,1
rio-de-janeiro,4,2026-06-24,2026-08-30,1116687226507925303,2,0
rio-de-janeiro,4,2026-06-24,2026-08-30,1118244517839671517,7,0
rio-de-janeiro,4,2026-06-24,2026-08-30,1118304950322866247,22,0
rio-de-janeiro,4,2026-06-24,2026-08-30,1119876211568852069,17,0
rio-de-janeiro,4,2026-06-24,2026-08-30,1129142752287296712,11,2
rio-de-janeiro,4,2026-06-24,2026-08-30,1129814579740097515,4,0
rio-de-janeiro,4,2026-06-24,2026-08-30,1131383271592712811,31,5
rio-de-janeiro,4,2026-06-24,2026-08-30,1132679846861767760,7,7
rio-de-janeiro,4,2026-06-24,2026-08-30,1135397450019612422,4,0
rio-de-janeiro,4,2026-06-24,2026-08-30,1136076892050662745,19,0
rio-de-janeiro,4,2026-06-24,2026-08-30,1138669660120006776,79,4
rio-de-janeiro,4,2026-06-24,2026-08-30,1139165299901042158,8,0
rio-de-janeiro,4,2026-06-24,2026-08-30,1139301469384693135,2,0
rio-de-janeiro,4,2026-06-24,2026-08-30,1142589446387060678,6,0
rio-de-janeiro,4,2026-06-24,2026-08-30,1144155769547998255,15,0
rio-de-janeiro,4,2026-06-24,2026-08-30,1145040047386681819,9,0
rio-de-janeiro,4,2026-06-24,2026-08-30,1145558900079543147,4,0
rio-de-janeiro,4,2026-06-24,2026-08-30,1145886092069109875,7,0
rio-de-janeiro,4,2026-06-24,2026-08-30,1147055185493125316,5,5
rio-de-janeiro,4,2026-06-24,2026-08-30,1147714266781723330,21,0
rio-de-janeiro,4,2026-06-24,2026-08-30,1147848108801227192,3,3
rio-de-janeiro,4,2026-06-24,2026-08-30,1148694904121446349,4,0
rio-de-janeiro,4,2026-06-24,2026-08-30,1150069467248880184,4,0
rio-de-janeiro,4,2026-06-24,2026-08-30,1151468814949645135,1,1
rio-de-janeiro,4,2026-06-24,2026-08-30,1151599290309461309,38,8
rio-de-janeiro,4,2026-06-24,2026-08-30,1152352030488311266,11,0
rio-de-janeiro,4,2026-06-24,2026-08-30,1158837577392508603,5,1
rio-de-janeiro,4,2026-06-24,2026-08-30,1158845384344198600,14,0
rio-de-janeiro,4,2026-06-24,2026-08-30,1158906925719457683,7,0
rio-de-janeiro,4,2026-06-24,2026-08-30,1159550629739881809,4,0
rio-de-janeiro,4,2026-06-24,2026-08-30,1161562262660495735,17,4
rio-de-janeiro,4,2026-06-24,2026-08-30,1164620242186785706,5,0
rio-de-janeiro,4,2026-06-24,2026-08-30,1165915406655967444,17,0
rio-de-janeiro,4,2026-06-24,2026-08-30,1166079535442148322,17,0
rio-de-janeiro,4,2026-06-24,2026-08-30,1166125661263273849,3,0
rio-de-janeiro,4,2026-06-24,2026-08-30,1171178814411417210,28,0
rio-de-janeiro,4,2026-06-24,2026-08-30,1171742927174083264,49,6
rio-de-janeiro,4,2026-06-24,2026-08-30,1174193233131490633,5,4
rio-de-janeiro,4,2026-06-24,2026-08-30,1176232887372031993,5,0
rio-de-janeiro,4,2026-06-24,2026-08-30,1177473462598257359,2,0
rio-de-janeiro,4,2026-06-24,2026-08-30,1178884083199749697,7,0
rio-de-janeiro,4,2026-06-24,2026-08-30,1179967107618572626,11,0
rio-de-janeiro,4,2026-06-24,2026-08-30,1180773634582052996,3,0
rio-de-janeiro,4,2026-06-24,2026-08-30,1181896553088261975,14,3
rio-de-janeiro,4,2026-06-24,2026-08-30,1182073470995355461,30,14
rio-de-janeiro,4,2026-06-24,2026-08-30,1183966602466680068,3,0
rio-de-janeiro,4,2026-06-24,2026-08-30,1187617314551127509,13,0
rio-de-janeiro,4,2026-06-24,2026-08-30,1188355773737303828,6,1
rio-de-janeiro,4,2026-06-24,2026-08-30,1190851109218277613,12,0
rio-de-janeiro,4,2026-06-24,2026-08-30,1196558727004979561,20,6
rio-de-janeiro,4,2026-06-24,2026-08-30,1197100895752934657,11,4
rio-de-janeiro,4,2026-06-24,2026-08-30,1198087289864932850,6,0
rio-de-janeiro,4,2026-06-24,2026-08-30,1198518168820078991,4,0
rio-de-janeiro,4,2026-06-24,2026-08-30,1200059253562686659,8,0
rio-de-janeiro,4,2026-06-24,2026-08-30,1201557030740409249,5,0
rio-de-janeiro,4,2026-06-24,2026-08-30,1202105890285957762,1,0
rio-de-janeiro,4,2026-06-24,2026-08-30,1205874249571142193,20,0
rio-de-janeiro,4,2026-06-24,2026-08-30,1207305767195140860,31,6
rio-de-janeiro,4,2026-06-24,2026-08-30,1210907543727624143,4,4
rio-de-janeiro,4,2026-06-24,2026-08-30,1212297409543388795,4,0
rio-de-janeiro,4,2026-06-24,2026-08-30,1213416663904613318,10,0
rio-de-janeiro,4,2026-06-24,2026-08-30,1213985326243471666,5,0
rio-de-janeiro,4,2026-06-24,2026-08-30,1214596661059056539,4,0
rio-de-janeiro,4,2026-06-24,2026-08-30,1215340844874165262,8,0
rio-de-janeiro,4,2026-06-24,2026-08-30,1218993463104426783,61,7
rio-de-janeiro,4,2026-06-24,2026-08-30,1220194855279336701,13,0
rio-de-janeiro,4,2026-06-24,2026-08-30,1221114919765330744,8,0
rio-de-janeiro,4,2026-06-24,2026-08-30,1221163229356173331,37,11
rio-de-janeiro,4,2026-06-24,2026-08-30,1221629190407943870,7,0
rio-de-janeiro,4,2026-06-24,2026-08-30,1222501023750408721,16,0
rio-de-janeiro,4,2026-06-24,2026-08-30,1223177973128756972,5,0
rio-de-janeiro,4,2026-06-24,2026-08-30,1223226563379625119,5,0
rio-de-janeiro,4,2026-06-24,2026-08-30,1223398382685179148,3,0
rio-de-janeiro,4,2026-06-24,2026-08-30,1224617718994605985,21,0
rio-de-janeiro,4,2026-06-24,2026-08-30,1225455827048299343,23,0
rio-de-janeiro,4,2026-06-24,2026-08-30,1226779831541205575,24,4
rio-de-janeiro,4,2026-06-24,2026-08-30,1227019012538686742,7,7
rio-de-janeiro,4,2026-06-24,2026-08-30,1229037494876334887,26,0
rio-de-janeiro,4,2026-06-24,2026-08-30,1229066823753166999,28,3
rio-de-janeiro,4,2026-06-24,2026-08-30,1229666875582186825,5,0
rio-de-janeiro,4,2026-06-24,2026-08-30,1229671843772061210,38,0
rio-de-janeiro,4,2026-06-24,2026-08-30,1230466526182784009,10,0
rio-de-janeiro,4,2026-06-24,2026-08-30,1231292941682947154,31,1
rio-de-janeiro,4,2026-06-24,2026-08-30,1231765527360046728,3,3
rio-de-janeiro,4,2026-06-24,2026-08-30,1234133938275638281,16,2
rio-de-janeiro,4,2026-06-24,2026-08-30,1235698807170720070,14,1
rio-de-janeiro,4,2026-06-24,2026-08-30,1236140384450646118,13,0
rio-de-janeiro,4,2026-06-24,2026-08-30,1236901307564184577,17,0
rio-de-janeiro,4,2026-06-24,2026-08-30,1237192449541571297,11,0
rio-de-janeiro,4,2026-06-24,2026-08-30,1237675279630218908,5,0
rio-de-janeiro,4,2026-06-24,2026-08-30,1238196108249450919,13,6
rio-de-janeiro,4,2026-06-24,2026-08-30,1238705629522069059,11,0
rio-de-janeiro,4,2026-06-24,2026-08-30,1239787765647820189,3,0
rio-de-janeiro,4,2026-06-24,2026-08-30,1239903655555613657,5,0
rio-de-janeiro,4,2026-06-24,2026-08-30,1242030384614437258,7,0
rio-de-janeiro,4,2026-06-24,2026-08-30,1242121878637188538,14,4
rio-de-janeiro,4,2026-06-24,2026-08-30,1242992667965498685,1,1
rio-de-janeiro,4,2026-06-24,2026-08-30,1244478399469685633,8,0
rio-de-janeiro,4,2026-06-24,2026-08-30,1244975174852741383,9,1
rio-de-janeiro,4,2026-06-24,2026-08-30,1245222338240810832,35,4
rio-de-janeiro,4,2026-06-24,2026-08-30,1245519608759379278,9,4
rio-de-janeiro,4,2026-06-24,2026-08-30,1245862208064395558,19,4
rio-de-janeiro,4,2026-06-24,2026-08-30,1246360972171817113,16,0
rio-de-janeiro,4,2026-06-24,2026-08-30,1246478557690374524,5,0
rio-de-janeiro,4,2026-06-24,2026-08-30,1247174678632807806,35,0
rio-de-janeiro,4,2026-06-24,2026-08-30,1247805423280890307,57,0
rio-de-janeiro,4,2026-06-24,2026-08-30,1247906655057785009,5,0
rio-de-janeiro,4,2026-06-24,2026-08-30,1249452491903851041,4,0
rio-de-janeiro,4,2026-06-24,2026-08-30,1251989629644799011,74,0
rio-de-janeiro,4,2026-06-24,2026-08-30,1254418187664749993,4,0
rio-de-janeiro,4,2026-06-24,2026-08-30,1255744198462175488,7,0
rio-de-janeiro,4,2026-06-24,2026-08-30,1257818107445098812,10,0
rio-de-janeiro,4,2026-06-24,2026-08-30,1257980664650262938,16,0
rio-de-janeiro,4,2026-06-24,2026-08-30,1259692372169206405,27,0
rio-de-janeiro,4,2026-06-24,2026-08-30,1260068642448092205,10,6
rio-de-janeiro,4,2026-06-24,2026-08-30,1260933572203254408,14,0
rio-de-janeiro,4,2026-06-24,2026-08-30,1262376901391976235,25,1
rio-de-janeiro,4,2026-06-24,2026-08-30,1262979093347158656,10,0
rio-de-janeiro,4,2026-06-24,2026-08-30,1263617206816635903,8,0
rio-de-janeiro,4,2026-06-24,2026-08-30,1263799090249341246,17,0
rio-de-janeiro,4,2026-06-24,2026-08-30,1266948251669722942,12,0
rio-de-janeiro,4,2026-06-24,2026-08-30,1266951186531555567,9,0
rio-de-janeiro,4,2026-06-24,2026-08-30,1267388260855205867,8,0
rio-de-janeiro,4,2026-06-24,2026-08-30,1267438596359411549,8,0
rio-de-janeiro,4,2026-06-24,2026-08-30,1268813926871471398,9,1
rio-de-janeiro,4,2026-06-24,2026-08-30,1269097042967925341,7,2
rio-de-janeiro,4,2026-06-24,2026-08-30,1269534896228831697,3,0
rio-de-janeiro,4,2026-06-24,2026-08-30,1271057764185665656,12,8
rio-de-janeiro,4,2026-06-24,2026-08-30,1272730252089416961,102,4
rio-de-janeiro,4,2026-06-24,2026-08-30,1273117242987584208,13,0
rio-de-janeiro,4,2026-06-24,2026-08-30,1273398757496985891,7,7
rio-de-janeiro,4,2026-06-24,2026-08-30,1275264109336550807,2,0
rio-de-janeiro,4,2026-06-24,2026-08-30,1275270278734798560,10,0
rio-de-janeiro,4,2026-06-24,2026-08-30,1276033887951616638,7,0
rio-de-janeiro,4,2026-06-24,2026-08-30,1276600508829378441,6,0
rio-de-janeiro,4,2026-06-24,2026-08-30,1278421141486588983,11,0
rio-de-janeiro,4,2026-06-24,2026-08-30,1278593996100910667,6,0
rio-de-janeiro,4,2026-06-24,2026-08-30,1280304763417805598,8,1
rio-de-janeiro,4,2026-06-24,2026-08-30,1280621607989981838,4,0
rio-de-janeiro,4,2026-06-24,2026-08-30,1281155747110953966,27,0
rio-de-janeiro,4,2026-06-24,2026-08-30,1282411626897183312,3,0
rio-de-janeiro,4,2026-06-24,2026-08-30,1283177901479245764,2,0
rio-de-janeiro,4,2026-06-24,2026-08-30,1283469522596760110,3,0
rio-de-janeiro,4,2026-06-24,2026-08-30,1283486125571130340,7,1
rio-de-janeiro,4,2026-06-24,2026-08-30,1284193579687287835,5,0
rio-de-janeiro,4,2026-06-24,2026-08-30,1284407265510275189,13,0
rio-de-janeiro,4,2026-06-24,2026-08-30,1284874883792917422,2,0
rio-de-janeiro,4,2026-06-24,2026-08-30,1285219002772585077,8,0
rio-de-janeiro,4,2026-06-24,2026-08-30,1286121137008436352,10,0
rio-de-janeiro,4,2026-06-24,2026-08-30,1286346987473556307,58,11
rio-de-janeiro,4,2026-06-24,2026-08-30,1286537177707482508,14,12
rio-de-janeiro,4,2026-06-24,2026-08-30,1287219644412515193,74,5
rio-de-janeiro,4,2026-06-24,2026-08-30,1287333005320718154,23,1
rio-de-janeiro,4,2026-06-24,2026-08-30,1287756303731362078,9,0
rio-de-janeiro,4,2026-06-24,2026-08-30,1287803444581535076,6,0
rio-de-janeiro,4,2026-06-24,2026-08-30,1292799003711978610,12,0
rio-de-janeiro,4,2026-06-24,2026-08-30,1293092658862834237,5,0
rio-de-janeiro,4,2026-06-24,2026-08-30,1293561270488961416,6,0
rio-de-janeiro,4,2026-06-24,2026-08-30,1296456049892682171,8,0
rio-de-janeiro,4,2026-06-24,2026-08-30,1299236904595459517,6,0
rio-de-janeiro,4,2026-06-24,2026-08-30,1300229730995459920,10,0
rio-de-janeiro,4,2026-06-24,2026-08-30,1300319644218698315,6,1
rio-de-janeiro,4,2026-06-24,2026-08-30,1301721120205076562,46,8
rio-de-janeiro,4,2026-06-24,2026-08-30,1303337462475171765,20,0
rio-de-janeiro,4,2026-06-24,2026-08-30,1303788367911985426,12,1
rio-de-janeiro,4,2026-06-24,2026-08-30,1303814096698525533,11,0
rio-de-janeiro,4,2026-06-24,2026-08-30,1304542588764799120,2,1
rio-de-janeiro,4,2026-06-24,2026-08-30,1305325723888298381,9,0
rio-de-janeiro,4,2026-06-24,2026-08-30,1306083952408470757,10,1
rio-de-janeiro,4,2026-06-24,2026-08-30,1307426798106828393,4,0
rio-de-janeiro,4,2026-06-24,2026-08-30,1307917654039068663,6,6
rio-de-janeiro,4,2026-06-24,2026-08-30,1307972241677578926,18,0
rio-de-janeiro,4,2026-06-24,2026-08-30,1308007447305920469,11,11
rio-de-janeiro,4,2026-06-24,2026-08-30,1308040527182025866,23,0
rio-de-janeiro,4,2026-06-24,2026-08-30,1308069414873555018,15,11
rio-de-janeiro,4,2026-06-24,2026-08-30,1309485697876346147,11,8
rio-de-janeiro,4,2026-06-24,2026-08-30,1309591990012905310,24,0
rio-de-janeiro,4,2026-06-24,2026-08-30,1309754132683579102,10,0
rio-de-janeiro,4,2026-06-24,2026-08-30,1310227667880215447,7,0
rio-de-janeiro,4,2026-06-24,2026-08-30,1310389588890907685,20,0
rio-de-janeiro,4,2026-06-24,2026-08-30,1310833649326564625,10,0
rio-de-janeiro,4,2026-06-24,2026-08-30,1311129430540664091,30,0
rio-de-janeiro,4,2026-06-24,2026-08-30,1312445397308770672,12,0
rio-de-janeiro,4,2026-06-24,2026-08-30,1312503297140890834,26,5
rio-de-janeiro,4,2026-06-24,2026-08-30,1313909505986955221,10,2
rio-de-janeiro,4,2026-06-24,2026-08-30,1314039288502837137,1,0
rio-de-janeiro,4,2026-06-24,2026-08-30,1315283914048254349,6,1
rio-de-janeiro,4,2026-06-24,2026-08-30,1315832718393101217,16,0
rio-de-janeiro,4,2026-06-24,2026-08-30,1316027505038993388,9,0
rio-de-janeiro,4,2026-06-24,2026-08-30,1316045428528042562,11,0
rio-de-janeiro,4,2026-06-24,2026-08-30,1316248122729866431,2,0
rio-de-janeiro,4,2026-06-24,2026-08-30,1317449313147010276,7,0
rio-de-janeiro,4,2026-06-24,2026-08-30,1317765794951427743,4,0
rio-de-janeiro,4,2026-06-24,2026-08-30,1318067126762227308,12,0
rio-de-janeiro,4,2026-06-24,2026-08-30,1318218426944048565,6,1
rio-de-janeiro,4,2026-06-24,2026-08-30,1318268529775173375,26,0
rio-de-janeiro,4,2026-06-24,2026-08-30,1318735896824013040,6,0
rio-de-janeiro,4,2026-06-24,2026-08-30,1319228660283714743,17,0
rio-de-janeiro,4,2026-06-24,2026-08-30,1319751883840051841,11,0
rio-de-janeiro,4,2026-06-24,2026-08-30,1320519598269183722,5,0
rio-de-janeiro,4,2026-06-24,2026-08-30,1320890742694588623,20,5
rio-de-janeiro,4,2026-06-24,2026-08-30,1321171456317930051,6,0
rio-de-janeiro,4,2026-06-24,2026-08-30,1321259891606477925,17,0
rio-de-janeiro,4,2026-06-24,2026-08-30,1321284149720375145,8,0
rio-de-janeiro,4,2026-06-24,2026-08-30,1321581132544376213,13,4
rio-de-janeiro,4,2026-06-24,2026-08-30,1321674119529563728,2,0
rio-de-janeiro,4,2026-06-24,2026-08-30,1321828979145051806,3,0
rio-de-janeiro,4,2026-06-24,2026-08-30,1323276325667189872,5,0
rio-de-janeiro,4,2026-06-24,2026-08-30,1323387359662817121,9,0
rio-de-janeiro,4,2026-06-24,2026-08-30,1324659557083997524,11,0
rio-de-janeiro,4,2026-06-24,2026-08-30,1326901295648311845,15,0
rio-de-janeiro,4,2026-06-24,2026-08-30,1327590774939113910,15,0
rio-de-janeiro,4,2026-06-24,2026-08-30,1328331583813977947,6,0
rio-de-janeiro,4,2026-06-24,2026-08-30,1328368583973767021,4,4
rio-de-janeiro,4,2026-06-24,2026-08-30,1328447158683149522,16,2
rio-de-janeiro,4,2026-06-24,2026-08-30,1328871578142923232,11,0
rio-de-janeiro,4,2026-06-24,2026-08-30,1329111589834516917,19,0
rio-de-janeiro,4,2026-06-24,2026-08-30,1330281806262179897,75,0
rio-de-janeiro,4,2026-06-24,2026-08-30,1331234872516209311,2,0
rio-de-janeiro,4,2026-06-24,2026-08-30,1332847248218027982,8,0
rio-de-janeiro,4,2026-06-24,2026-08-30,1333533537569671247,10,0
rio-de-janeiro,4,2026-06-24,2026-08-30,1334059637939248955,13,13
rio-de-janeiro,4,2026-06-24,2026-08-30,1334259433047976233,13,3
rio-de-janeiro,4,2026-06-24,2026-08-30,1334683460033210890,12,0
rio-de-janeiro,4,2026-06-24,2026-08-30,1334934757411658228,6,0
rio-de-janeiro,4,2026-06-24,2026-08-30,1335047060850712152,79,13
rio-de-janeiro,4,2026-06-24,2026-08-30,1335704697807695483,48,2
rio-de-janeiro,4,2026-06-24,2026-08-30,1337830712914259428,1,0
rio-de-janeiro,4,2026-06-24,2026-08-30,1339783806337537030,5,0
rio-de-janeiro,4,2026-06-24,2026-08-30,1341421778857311318,29,0
rio-de-janeiro,4,2026-06-24,2026-08-30,1342071871060480605,59,1
rio-de-janeiro,4,2026-06-24,2026-08-30,1342104863492176052,2,0
rio-de-janeiro,4,2026-06-24,2026-08-30,1342883280657489284,13,0
rio-de-janeiro,4,2026-06-24,2026-08-30,1343705378820992337,7,0
rio-de-janeiro,4,2026-06-24,2026-08-30,1344979091321564691,6,6
rio-de-janeiro,4,2026-06-24,2026-08-30,1345124338000003383,8,0
rio-de-janeiro,4,2026-06-24,2026-08-30,1346719860790557283,27,0
rio-de-janeiro,4,2026-06-24,2026-08-30,1347376132488377774,16,0
rio-de-janeiro,4,2026-06-24,2026-08-30,1348786155157197297,17,0
rio-de-janeiro,4,2026-06-24,2026-08-30,1349324247931933887,24,0
rio-de-janeiro,4,2026-06-24,2026-08-30,1349547175364718340,60,12
rio-de-janeiro,4,2026-06-24,2026-08-30,1350248564966040619,20,6
rio-de-janeiro,4,2026-06-24,2026-08-30,1350812109197802529,8,0
rio-de-janeiro,4,2026-06-24,2026-08-30,1353035615242765417,8,0
rio-de-janeiro,4,2026-06-24,2026-08-30,1353729662285914757,5,0
rio-de-janeiro,4,2026-06-24,2026-08-30,1354661176871042574,17,0
rio-de-janeiro,4,2026-06-24,2026-08-30,1355267002755114198,9,0
rio-de-janeiro,4,2026-06-24,2026-08-30,1355824657924835763,18,0
rio-de-janeiro,4,2026-06-24,2026-08-30,1355896116248478492,9,0
rio-de-janeiro,4,2026-06-24,2026-08-30,1356689769588841223,12,0
rio-de-janeiro,4,2026-06-24,2026-08-30,1356724767503818623,3,0
rio-de-janeiro,4,2026-06-24,2026-08-30,1358162397568919289,31,1
rio-de-janeiro,4,2026-06-24,2026-08-30,1358227523755237689,7,6
rio-de-janeiro,4,2026-06-24,2026-08-30,1358401544638025737,16,5
rio-de-janeiro,4,2026-06-24,2026-08-30,1358690784007983028,4,0
rio-de-janeiro,4,2026-06-24,2026-08-30,1358710389584932416,5,0
rio-de-janeiro,4,2026-06-24,2026-08-30,1358869799879197466,4,0
rio-de-janeiro,4,2026-06-24,2026-08-30,1359255744606917967,10,0
rio-de-janeiro,4,2026-06-24,2026-08-30,1359586155385979069,4,1
rio-de-janeiro,4,2026-06-24,2026-08-30,1359635333342300349,2,0
rio-de-janeiro,4,2026-06-24,2026-08-30,1360142700431622968,9,0
rio-de-janeiro,4,2026-06-24,2026-08-30,1360175904318837932,9,9
rio-de-janeiro,4,2026-06-24,2026-08-30,1360218168350129522,6,1
rio-de-janeiro,4,2026-06-24,2026-08-30,1360440056260049885,4,0
rio-de-janeiro,4,2026-06-24,2026-08-30,1360465702987560919,4,0
rio-de-janeiro,4,2026-06-24,2026-08-30,1361004931975137984,3,0
rio-de-janeiro,4,2026-06-24,2026-08-30,1361665831807906388,6,0
rio-de-janeiro,4,2026-06-24,2026-08-30,1363186265044125130,1,0
rio-de-janeiro,4,2026-06-24,2026-08-30,1364651869271465931,20,3
rio-de-janeiro,4,2026-06-24,2026-08-30,1364687286319254897,5,0
rio-de-janeiro,4,2026-06-24,2026-08-30,1364688179128715675,7,0
rio-de-janeiro,4,2026-06-24,2026-08-30,1364733062494771623,5,0
rio-de-janeiro,4,2026-06-24,2026-08-30,1364746161967922134,6,0
rio-de-janeiro,4,2026-06-24,2026-08-30,1365272081593836656,48,7
rio-de-janeiro,4,2026-06-24,2026-08-30,1365812539266477737,2,1
rio-de-janeiro,4,2026-06-24,2026-08-30,1365881039037783174,14,1
rio-de-janeiro,4,2026-06-24,2026-08-30,1365889798179185664,6,0
rio-de-janeiro,4,2026-06-24,2026-08-30,1365892123523389888,11,0
rio-de-janeiro,4,2026-06-24,2026-08-30,1365965468014517260,7,0
rio-de-janeiro,4,2026-06-24,2026-08-30,1366525296086541028,4,0
rio-de-janeiro,4,2026-06-24,2026-08-30,1366568311449824174,11,0
rio-de-janeiro,4,2026-06-24,2026-08-30,1366686106842875720,2,0
rio-de-janeiro,4,2026-06-24,2026-08-30,1366866076080246024,14,0
rio-de-janeiro,4,2026-06-24,2026-08-30,1367419934137497102,2,0
rio-de-janeiro,4,2026-06-24,2026-08-30,1368216371472705173,7,0
rio-de-janeiro,4,2026-06-24,2026-08-30,1368990071449887977,24,9
rio-de-janeiro,4,2026-06-24,2026-08-30,1369163025716229275,44,4
rio-de-janeiro,4,2026-06-24,2026-08-30,1369641527200968381,32,12
rio-de-janeiro,4,2026-06-24,2026-08-30,1371167348819981674,3,0
rio-de-janeiro,4,2026-06-24,2026-08-30,1371925109154269899,12,0
rio-de-janeiro,4,2026-06-24,2026-08-30,1373395643651113305,14,0
rio-de-janeiro,4,2026-06-24,2026-08-30,1376096741436407237,9,1
rio-de-janeiro,4,2026-06-24,2026-08-30,1376772644592195428,30,0
rio-de-janeiro,4,2026-06-24,2026-08-30,1378875043898085520,26,10
rio-de-janeiro,4,2026-06-24,2026-08-30,1378971659530940707,6,3
rio-de-janeiro,4,2026-06-24,2026-08-30,1381265482689970926,23,2
rio-de-janeiro,4,2026-06-24,2026-08-30,1381680439457664732,17,0
rio-de-janeiro,4,2026-06-24,2026-08-30,1381894267338797999,46,8
rio-de-janeiro,4,2026-06-24,2026-08-30,1383353358398660000,6,0
rio-de-janeiro,4,2026-06-24,2026-08-30,1384318463060907760,4,0
rio-de-janeiro,4,2026-06-24,2026-08-30,1384972713336572303,14,0
rio-de-janeiro,4,2026-06-24,2026-08-30,1387858616457320401,3,0
rio-de-janeiro,4,2026-06-24,2026-08-30,1388596068489865360,20,0
rio-de-janeiro,4,2026-06-24,2026-08-30,1388723625082903906,6,0
rio-de-janeiro,4,2026-06-24,2026-08-30,1389673431139826968,5,0
rio-de-janeiro,4,2026-06-24,2026-08-30,1390103068560606018,10,0
rio-de-janeiro,4,2026-06-24,2026-08-30,1391567709183948013,11,0
rio-de-janeiro,4,2026-06-24,2026-08-30,1392026356360950531,7,0
rio-de-janeiro,4,2026-06-24,2026-08-30,1392876912325153500,7,0
rio-de-janeiro,4,2026-06-24,2026-08-30,1394268819108111952,7,0
rio-de-janeiro,4,2026-06-24,2026-08-30,1394525715127033183,11,0
rio-de-janeiro,4,2026-06-24,2026-08-30,1395669217963680982,10,0
rio-de-janeiro,4,2026-06-24,2026-08-30,1395733769098995230,2,0
rio-de-janeiro,4,2026-06-24,2026-08-30,1396230158796573982,3,0
rio-de-janeiro,4,2026-06-24,2026-08-30,1397365228202952767,13,0
rio-de-janeiro,4,2026-06-24,2026-08-30,1397434687774313855,3,0
rio-de-janeiro,4,2026-06-24,2026-08-30,1398891757145518376,5,0
rio-de-janeiro,4,2026-06-24,2026-08-30,1398898986699443060,17,1
rio-de-janeiro,4,2026-06-24,2026-08-30,1399378259444570596,30,0
rio-de-janeiro,4,2026-06-24,2026-08-30,1399395531297014655,10,0
rio-de-janeiro,4,2026-06-24,2026-08-30,1400757232151629905,6,0
rio-de-janeiro,4,2026-06-24,2026-08-30,1400800100140825029,3,3
rio-de-janeiro,4,2026-06-24,2026-08-30,1400906226086772121,20,1
rio-de-janeiro,4,2026-06-24,2026-08-30,1402187607132580185,12,1
rio-de-janeiro,4,2026-06-24,2026-08-30,1403881537659293214,6,0
rio-de-janeiro,4,2026-06-24,2026-08-30,1405014089979750264,6,0
rio-de-janeiro,4,2026-06-24,2026-08-30,1406573310778298451,11,6
rio-de-janeiro,4,2026-06-24,2026-08-30,1406591522310295797,16,0
rio-de-janeiro,4,2026-06-24,2026-08-30,1406617461125340618,11,6
rio-de-janeiro,4,2026-06-24,2026-08-30,1406764885652426828,16,0
rio-de-janeiro,4,2026-06-24,2026-08-30,1407371398383723369,3,0
rio-de-janeiro,4,2026-06-24,2026-08-30,1407509202557053296,13,0
rio-de-janeiro,4,2026-06-24,2026-08-30,1408075126860210664,12,0
rio-de-janeiro,4,2026-06-24,2026-08-30,1409600547192421643,5,2
rio-de-janeiro,4,2026-06-24,2026-08-30,1410117368296659615,6,3
rio-de-janeiro,4,2026-06-24,2026-08-30,1410142129215291215,16,0
rio-de-janeiro,4,2026-06-24,2026-08-30,1411161617393691087,19,0
rio-de-janeiro,4,2026-06-24,2026-08-30,1416290815097148178,12,5
rio-de-janeiro,4,2026-06-24,2026-08-30,1418235113910561178,3,0
rio-de-janeiro,4,2026-06-24,2026-08-30,1419759227489681845,22,0
rio-de-janeiro,4,2026-06-24,2026-08-30,1420563117818708498,9,0
rio-de-janeiro,4,2026-06-24,2026-08-30,1420977321959863788,8,0
rio-de-janeiro,4,2026-06-24,2026-08-30,1421021294729438197,14,0
rio-de-janeiro,4,2026-06-24,2026-08-30,1423302852902656092,25,10
rio-de-janeiro,4,2026-06-24,2026-08-30,1423968651471993581,16,1
rio-de-janeiro,4,2026-06-24,2026-08-30,1425384510267204026,8,0
rio-de-janeiro,4,2026-06-24,2026-08-30,1425455135255178956,65,5
rio-de-janeiro,4,2026-06-24,2026-08-30,1425484362063040680,16,0
rio-de-janeiro,4,2026-06-24,2026-08-30,1427559466049079652,5,0
rio-de-janeiro,4,2026-06-24,2026-08-30,1427674078174660489,11,0
rio-de-janeiro,4,2026-06-24,2026-08-30,1429650805384298702,14,11
rio-de-janeiro,4,2026-06-24,2026-08-30,1429835316032726984,17,0
rio-de-janeiro,4,2026-06-24,2026-08-30,1430409409547368012,7,0
rio-de-janeiro,4,2026-06-24,2026-08-30,1430523667426190090,33,9
rio-de-janeiro,4,2026-06-24,2026-08-30,1431151349841488862,8,0
rio-de-janeiro,4,2026-06-24,2026-08-30,1432015120027082950,9,6
rio-de-janeiro,4,2026-06-24,2026-08-30,1436389178679867677,10,0
rio-de-janeiro,4,2026-06-24,2026-08-30,1437299059728307700,11,0
rio-de-janeiro,4,2026-06-24,2026-08-30,1437929964656482089,13,0
rio-de-janeiro,4,2026-06-24,2026-08-30,1439498763022206199,30,6
rio-de-janeiro,4,2026-06-24,2026-08-30,1440601746212243027,6,1
rio-de-janeiro,4,2026-06-24,2026-08-30,1441781530734187973,17,0
rio-de-janeiro,4,2026-06-24,2026-08-30,1443580055833754792,33,13
rio-de-janeiro,4,2026-06-24,2026-08-30,1445568394997799174,6,0
rio-de-janeiro,4,2026-06-24,2026-08-30,1446578590012763116,21,0
rio-de-janeiro,4,2026-06-24,2026-08-30,1446589121241571750,17,6
rio-de-janeiro,4,2026-06-24,2026-08-30,1446736076103609141,19,0
rio-de-janeiro,4,2026-06-24,2026-08-30,1449339109573237618,16,0
rio-de-janeiro,4,2026-06-24,2026-08-30,1449483228638076381,4,0
rio-de-janeiro,4,2026-06-24,2026-08-30,1449836422986444435,11,2
rio-de-janeiro,4,2026-06-24,2026-08-30,1450056591137996249,13,0
rio-de-janeiro,4,2026-06-24,2026-08-30,1450147164497105593,3,0
rio-de-janeiro,4,2026-06-24,2026-08-30,1450147945355148967,21,0
rio-de-janeiro,4,2026-06-24,2026-08-30,1454433947077926087,37,0
rio-de-janeiro,4,2026-06-24,2026-08-30,1455057621337470001,2,0
rio-de-janeiro,4,2026-06-24,2026-08-30,1456038596376638983,15,0
rio-de-janeiro,4,2026-06-24,2026-08-30,1456367914442431599,5,0
rio-de-janeiro,4,2026-06-24,2026-08-30,1456486024993302612,2,0
rio-de-janeiro,4,2026-06-24,2026-08-30,1456814303570677664,6,6
rio-de-janeiro,4,2026-06-24,2026-08-30,1457168524332612069,3,3
rio-de-janeiro,4,2026-06-24,2026-08-30,1457611468187486272,7,0
rio-de-janeiro,4,2026-06-24,2026-08-30,1459037246397291184,51,11
rio-de-janeiro,4,2026-06-24,2026-08-30,1461694504305612352,13,0
rio-de-janeiro,4,2026-06-24,2026-08-30,1462443566612357069,11,2
rio-de-janeiro,4,2026-06-24,2026-08-30,1462645787873289827,9,0
rio-de-janeiro,4,2026-06-24,2026-08-30,1463374340894518708,12,0
rio-de-janeiro,4,2026-06-24,2026-08-30,1463781179229612258,5,0
rio-de-janeiro,4,2026-06-24,2026-08-30,1465394295678539650,12,0
rio-de-janeiro,4,2026-06-24,2026-08-30,1466994195454937400,3,0
rio-de-janeiro,4,2026-06-24,2026-08-30,1468387069961992526,11,0
rio-de-janeiro,4,2026-06-24,2026-08-30,1471349179682000099,51,11
rio-de-janeiro,4,2026-06-24,2026-08-30,1471813099827860555,7,0
rio-de-janeiro,4,2026-06-24,2026-08-30,1472460550148078355,10,0
rio-de-janeiro,4,2026-06-24,2026-08-30,1474421553236226665,3,0
rio-de-janeiro,4,2026-06-24,2026-08-30,1475514408218858793,10,1
rio-de-janeiro,4,2026-06-24,2026-08-30,1475581728076165892,1,0
rio-de-janeiro,4,2026-06-24,2026-08-30,1476376793688239007,10,0
rio-de-janeiro,4,2026-06-24,2026-08-30,1476391526227175117,22,0
rio-de-janeiro,4,2026-06-24,2026-08-30,1477641109744080072,9,0
rio-de-janeiro,4,2026-06-24,2026-08-30,1481309354065031295,14,4
rio-de-janeiro,4,2026-06-24,2026-08-30,1482079838844509828,7,0
rio-de-janeiro,4,2026-06-24,2026-08-30,1482695380010795556,6,0
rio-de-janeiro,4,2026-06-24,2026-08-30,1482951584966577395,4,0
rio-de-janeiro,4,2026-06-24,2026-08-30,1487140966631283557,12,0
rio-de-janeiro,4,2026-06-24,2026-08-30,1487240540293000947,25,7
rio-de-janeiro,4,2026-06-24,2026-08-30,1488583994514382735,7,1
rio-de-janeiro,4,2026-06-24,2026-08-30,1488659648422563919,6,0
rio-de-janeiro,4,2026-06-24,2026-08-30,1488706110585725820,63,2
rio-de-janeiro,4,2026-06-24,2026-08-30,1489172289780213515,6,0
rio-de-janeiro,4,2026-06-24,2026-08-30,1490808865699678885,20,0
rio-de-janeiro,4,2026-06-24,2026-08-30,1492175360644590379,1,0
rio-de-janeiro,4,2026-06-24,2026-08-30,1493749422288939550,8,0
rio-de-janeiro,4,2026-06-24,2026-08-30,1494270340873513129,25,0
rio-de-janeiro,4,2026-06-24,2026-08-30,1494368119110509401,19,0
rio-de-janeiro,4,2026-06-24,2026-08-30,1495165290375916258,32,2
rio-de-janeiro,4,2026-06-24,2026-08-30,1495178706274756355,34,0
rio-de-janeiro,4,2026-06-24,2026-08-30,1496732587772885413,17,0
rio-de-janeiro,4,2026-06-24,2026-08-30,1497164877359120293,25,1
rio-de-janeiro,4,2026-06-24,2026-08-30,1498432102514906293,14,3
rio-de-janeiro,4,2026-06-24,2026-08-30,1498776035933270476,15,9
rio-de-janeiro,4,2026-06-24,2026-08-30,1499260987851222462,45,5
rio-de-janeiro,4,2026-06-24,2026-08-30,1499304106054101167,10,0
rio-de-janeiro,4,2026-06-24,2026-08-30,1499440916954215793,10,0
rio-de-janeiro,4,2026-06-24,2026-08-30,1499523930979876850,2,0
rio-de-janeiro,4,2026-06-24,2026-08-30,1500253505498979243,13,13
rio-de-janeiro,4,2026-06-24,2026-08-30,1500748618686680992,7,0
rio-de-janeiro,4,2026-06-24,2026-08-30,1500809320760973084,3,0
rio-de-janeiro,4,2026-06-24,2026-08-30,1501524203253887571,2,0
rio-de-janeiro,4,2026-06-24,2026-08-30,1502111628305882278,8,1
rio-de-janeiro,4,2026-06-24,2026-08-30,1502597852492606745,10,0
rio-de-janeiro,4,2026-06-24,2026-08-30,1503610339785762046,3,0
rio-de-janeiro,4,2026-06-24,2026-08-30,1503694770716298009,11,0
rio-de-janeiro,4,2026-06-24,2026-08-30,1503719386809284497,3,0
rio-de-janeiro,4,2026-06-24,2026-08-30,1503844677620118696,13,0
rio-de-janeiro,4,2026-06-24,2026-08-30,1505185993119729009,8,4
rio-de-janeiro,4,2026-06-24,2026-08-30,1505886526803770492,11,0
rio-de-janeiro,4,2026-06-24,2026-08-30,1506679927709796708,8,0
rio-de-janeiro,4,2026-06-24,2026-08-30,1507588706780595933,35,2
rio-de-janeiro,4,2026-06-24,2026-08-30,1507837895268163272,20,0
rio-de-janeiro,4,2026-06-24,2026-08-30,1508349294361286503,16,0
rio-de-janeiro,4,2026-06-24,2026-08-30,1510454313714609834,16,0
rio-de-janeiro,4,2026-06-24,2026-08-30,1510895282205021012,28,1
rio-de-janeiro,4,2026-06-24,2026-08-30,1510901461446177144,8,1
rio-de-janeiro,4,2026-06-24,2026-08-30,1510931076071627495,10,0
rio-de-janeiro,4,2026-06-24,2026-08-30,1511006818034959022,4,0
rio-de-janeiro,4,2026-06-24,2026-08-30,1512391712631964252,3,0
rio-de-janeiro,4,2026-06-24,2026-08-30,1513938786833786551,11,0
rio-de-janeiro,4,2026-06-24,2026-08-30,1513993395647849752,7,0
rio-de-janeiro,4,2026-06-24,2026-08-30,1516169157407775207,9,0
rio-de-janeiro,4,2026-06-24,2026-08-30,1516990707914939147,27,0
rio-de-janeiro,4,2026-06-24,2026-08-30,1517463300024839642,4,0
rio-de-janeiro,4,2026-06-24,2026-08-30,1518066546821174800,12,1
