date,abnb_open,abnb_close,qqq_open,qqq_close
2020-12-01,,,301.9700012207031,303.4599914550781
2020-12-02,,,302.25,303.8500061035156
2020-12-03,,,304.1700134277344,304.2799987792969
2020-12-04,,,304.3299865722656,305.5199890136719
2020-12-07,,,305.7099914550781,307.25
2020-12-08,,,306.760009765625,308.2900085449219
2020-12-09,,,308.07000732421875,301.30999755859375
2020-12-10,146.0,144.7100067138672,299.2099914550781,302.5199890136719
2020-12-11,146.5500030517578,139.25,300.80999755859375,301.8500061035156
2020-12-14,135.0,130.0,303.0799865722656,304.0400085449219
2020-12-15,126.69000244140625,124.80000305175781,306.3699951171875,307.2900085449219
2020-12-16,125.83000183105469,137.99000549316406,307.70001220703125,308.9800109863281
2020-12-17,143.0,147.0500030517578,310.6300048828125,311.0
2020-12-18,150.4499969482422,157.3000030517578,311.6600036621094,310.05999755859375
2020-12-21,155.30999755859375,163.02000427246094,306.4599914550781,308.9200134277344
2020-12-22,170.0,163.19000244140625,309.8500061035156,309.760009765625
2020-12-23,162.81399536132812,158.00999450683594,309.80999755859375,308.20001220703125
2020-12-24,159.16000366210938,154.83999633789062,308.4700012207031,309.55999755859375
2020-12-28,158.60000610351562,149.0,312.25,312.67999267578125
2020-12-29,150.0,150.0,314.04998779296875,312.9599914550781
2020-12-30,151.33999633789062,148.42999267578125,314.1600036621094,312.9700012207031
2020-12-31,146.89999389648438,146.8000030517578,312.8699951171875,313.739990234375
2021-01-04,150.99000549316406,139.14999389648438,315.1099853515625,309.30999755859375
2021-01-05,138.27999877929688,148.3000030517578,308.2900085449219,311.8599853515625
2021-01-06,145.75,142.77000427246094,307.0,307.5400085449219
2021-01-07,146.3699951171875,151.27000427246094,310.2799987792969,314.9800109863281
2021-01-08,153.4499969482422,149.77000427246094,317.3399963378906,319.0299987792969
2021-01-11,147.99000549316406,148.1300048828125,315.9800109863281,314.4200134277344
2021-01-12,148.0800018310547,160.8000030517578,314.4599914550781,313.9200134277344
2021-01-13,160.80999755859375,169.99000549316406,314.19000244140625,316.0400085449219
2021-01-14,175.5399932861328,180.5,316.5,314.3500061035156
2021-01-15,184.5800018310547,169.27000427246094,314.1300048828125,311.8599853515625
2021-01-19,173.0,173.69000244140625,314.25,316.4100036621094
2021-01-20,176.00999450683594,161.8300018310547,320.1400146484375,323.7699890136719
2021-01-21,164.99000549316406,180.39999389648438,325.1499938964844,326.3599853515625
2021-01-22,178.08999633789062,181.8699951171875,325.2900085449219,325.4200134277344
2021-01-25,186.0500030517578,177.52999877929688,328.9100036621094,328.1099853515625
2021-01-26,180.0,192.74000549316406,328.8500061035156,328.5899963378906
2021-01-27,187.63999938964844,201.25,326.260009765625,319.42999267578125
2021-01-28,202.60000610351562,187.3699951171875,320.6700134277344,321.32000732421875
2021-01-29,190.7100067138672,183.6300048828125,319.5799865722656,314.55999755859375
2021-02-01,187.47999572753906,180.44000244140625,318.1099853515625,322.4200134277344
2021-02-02,183.22000122070312,179.1699981689453,325.4800109863281,327.67999267578125
2021-02-03,181.97999572753906,185.72000122070312,329.82000732421875,326.3800048828125
2021-02-04,187.07000732421875,195.8000030517578,327.82000732421875,330.239990234375
2021-02-05,197.0,195.30999755859375,331.2200012207031,331.3599853515625
2021-02-08,199.92999267578125,200.42999267578125,333.1000061035156,333.5799865722656
2021-02-09,199.2030029296875,199.8800048828125,332.6199951171875,333.510009765625
2021-02-10,205.47999572753906,211.66000366210938,334.989990234375,332.75
2021-02-11,213.5,216.83999633789062,334.3299865722656,334.5799865722656
2021-02-12,214.45799255371094,212.67999267578125,333.7099914550781,336.45001220703125
2021-02-16,216.24000549316406,209.86000061035156,337.2699890136719,335.5400085449219
2021-02-17,207.0500030517578,201.9600067138672,332.4700012207031,333.92999267578125
2021-02-18,199.00999450683594,198.0399932861328,330.2300109863281,332.4700012207031
2021-02-19,203.9499969482422,201.07000732421875,333.8599853515625,331.0199890136719
2021-02-22,200.6999969482422,195.33999633789062,326.5,322.44000244140625
2021-02-23,189.0,187.58999633789062,317.0,321.4800109863281
2021-02-24,190.97999572753906,200.1999969482422,318.739990234375,324.1300048828125
2021-02-25,197.41000366210938,182.05999755859375,321.3900146484375,312.8299865722656
2021-02-26,194.17999267578125,206.35000610351562,315.8500061035156,314.1400146484375
2021-03-01,195.82000732421875,196.4199981689453,319.2699890136719,323.5899963378906
2021-03-02,195.6300048828125,189.89999389648438,324.25,318.3999938964844
2021-03-03,186.97000122070312,180.39999389648438,317.2699890136719,309.1600036621094
2021-03-04,178.63999938964844,180.22999572753906,308.7799987792969,304.1000061035156
2021-03-05,182.52000427246094,179.80999755859375,306.79998779296875,308.67999267578125
2021-03-08,179.99200439453125,180.80999755859375,308.1199951171875,299.94000244140625
2021-03-09,184.99000549316406,183.11000061035156,307.4700012207031,311.7699890136719
2021-03-10,184.57000732421875,183.7899932861328,316.1600036621094,310.8800048828125
2021-03-11,189.89999389648438,197.8699951171875,315.7699890136719,318.0400085449219
2021-03-12,196.27000427246094,206.74000549316406,313.8599853515625,315.4599914550781
2021-03-15,209.53799438476562,209.99000549316406,315.7900085449219,318.8299865722656
2021-03-16,209.11000061035156,200.00999450683594,321.0899963378906,320.5799865722656
2021-03-17,195.6300048828125,201.36000061035156,317.45001220703125,321.8999938964844
2021-03-18,196.8000030517578,191.4499969482422,316.8699951171875,312.0400085449219
2021-03-19,193.00999450683594,194.38999938964844,311.8699951171875,313.1400146484375
2021-03-22,196.85000610351562,195.0,315.2099914550781,318.6099853515625
2021-03-23,195.5,187.13999938964844,319.7300109863281,317.2200012207031
2021-03-24,189.0,178.85000610351562,318.6300048828125,311.8699951171875
2021-03-25,173.10000610351562,176.16000366210938,309.9700012207031,311.3299865722656
2021-03-26,178.41600036621094,174.39999389648438,311.1099853515625,316.0
2021-03-29,175.36000061035156,182.5,315.45001220703125,315.9100036621094
2021-03-30,182.35000610351562,183.10000610351562,313.8900146484375,314.32000732421875
2021-03-31,185.42999267578125,187.94000244140625,316.1600036621094,319.1300048828125
2021-04-01,192.5,188.24000549316406,323.07000732421875,324.57000732421875
2021-04-05,191.66000366210938,186.69000244140625,327.1300048828125,331.04998779296875
2021-04-06,188.6999969482422,190.02999877929688,330.7300109863281,330.82000732421875
2021-04-07,189.3800048828125,179.94000244140625,330.3299865722656,331.6199951171875
2021-04-08,181.6479949951172,180.17999267578125,334.55999755859375,335.0799865722656
2021-04-09,179.6199951171875,179.5,333.67999267578125,337.1099853515625
2021-04-12,179.67999267578125,176.49000549316406,336.0400085449219,336.6700134277344
2021-04-13,175.26499938964844,177.9499969482422,338.239990234375,340.6000061035156
2021-04-14,179.5,176.42999267578125,340.8500061035156,336.510009765625
2021-04-15,177.0,175.35000610351562,339.4700012207031,341.6099853515625
2021-04-16,176.01199340820312,178.69000244140625,342.1499938964844,342.010009765625
2021-04-19,177.32000732421875,174.5800018310547,340.3900146484375,338.8800048828125
2021-04-20,173.1840057373047,169.57000732421875,338.20001220703125,336.4100036621094
2021-04-21,168.08999633789062,167.07000732421875,335.0899963378906,339.2900085449219
2021-04-22,168.49000549316406,170.7100067138672,338.8900146484375,335.20001220703125
2021-04-23,172.91900634765625,174.25,335.8500061035156,339.4200134277344
2021-04-26,175.2100067138672,174.8800048828125,339.6700134277344,341.6300048828125
2021-04-27,176.1649932861328,177.94000244140625,341.92999267578125,340.1499938964844
2021-04-28,174.43699645996094,180.0,339.80999755859375,339.0
2021-04-29,182.75,177.67999267578125,342.3699951171875,340.2200012207031
2021-04-30,173.00399780273438,172.7100067138672,337.70001220703125,337.989990234375
2021-05-03,173.19000244140625,168.11000061035156,339.2300109863281,336.19000244140625
2021-05-04,167.01499938964844,168.89999389648438,333.55999755859375,330.1400146484375
2021-05-05,169.3000030517578,162.3300018310547,332.25,329.0299987792969
2021-05-06,161.91000366210938,153.63999938964844,328.760009765625,331.510009765625
2021-05-07,156.5,151.2100067138672,334.3699951171875,334.20001220703125
2021-05-10,150.28399658203125,146.72999572753906,332.7799987792969,325.760009765625
2021-05-11,139.10000610351562,142.72999572753906,319.70001220703125,325.30999755859375
2021-05-12,140.89999389648438,140.25,320.2300109863281,316.8900146484375
2021-05-13,142.25,135.75,319.9200134277344,319.3399963378906
2021-05-14,137.67999267578125,141.1999969482422,322.6000061035156,326.3900146484375
2021-05-17,137.156005859375,132.5,324.6300048828125,324.4100036621094
2021-05-18,134.0,135.02000427246094,325.3900146484375,322.2200012207031
2021-05-19,129.9499969482422,138.19000244140625,316.6600036621094,322.5899963378906
2021-05-20,138.83900451660156,136.1999969482422,324.1199951171875,328.8299865722656
2021-05-21,136.5500030517578,134.7100067138672,330.42999267578125,327.010009765625
2021-05-24,135.5,135.91000366210938,329.3699951171875,332.510009765625
2021-05-25,137.39999389648438,133.99000549316406,334.07000732421875,332.9700012207031
2021-05-26,134.94000244140625,134.75,333.6600036621094,334.1300048828125
2021-05-27,135.07000732421875,143.1699981689453,333.6700134277344,332.8800048828125
2021-05-28,144.75999450683594,140.39999389648438,334.1199951171875,333.92999267578125
2021-06-01,143.88999938964844,144.30999755859375,335.29998779296875,332.82000732421875
2021-06-02,145.35000610351562,151.0,333.25,333.4700012207031
2021-06-03,149.5500030517578,144.19000244140625,330.54998779296875,330.0
2021-06-04,145.8300018310547,150.72999572753906,331.8500061035156,335.6000061035156
2021-06-07,150.9600067138672,148.97000122070312,335.04998779296875,336.6000061035156
2021-06-08,150.60000610351562,147.00999450683594,338.3999938964844,336.760009765625
2021-06-09,148.57000732421875,144.85000610351562,338.1700134277344,336.8399963378906
2021-06-10,142.14999389648438,146.1199951171875,337.19000244140625,340.3500061035156
2021-06-11,145.8699951171875,148.44000244140625,340.3599853515625,341.239990234375
2021-06-14,149.25,149.2100067138672,341.67999267578125,344.510009765625
2021-06-15,149.1999969482422,151.77999877929688,344.1499938964844,342.260009765625
2021-06-16,150.9499969482422,149.14999389648438,342.739990234375,341.010009765625
2021-06-17,148.99000549316406,150.6999969482422,339.9700012207031,345.3399963378906
2021-06-18,150.3800048828125,152.52000427246094,343.6300048828125,342.6300048828125
2021-06-21,152.52000427246094,149.6999969482422,342.42999267578125,344.3599853515625
2021-06-22,149.75,149.67999267578125,344.1499938964844,347.57000732421875
2021-06-23,149.75999450683594,151.5800018310547,347.510009765625,347.739990234375
2021-06-24,152.6699981689453,150.72999572753906,349.7300109863281,349.8900146484375
2021-06-25,151.22999572753906,149.6699981689453,350.4700012207031,349.4599914550781
2021-06-28,148.61500549316406,149.94000244140625,350.7799987792969,353.7099914550781
2021-06-29,149.75,146.0800018310547,353.5299987792969,354.989990234375
2021-06-30,145.5449981689453,153.13999938964844,354.8299865722656,354.42999267578125
2021-07-01,154.5,153.0800018310547,354.07000732421875,354.57000732421875
2021-07-02,153.30999755859375,150.22999572753906,356.5199890136719,358.6400146484375
2021-07-06,150.0800018310547,148.3699951171875,359.260009765625,360.19000244140625
2021-07-07,148.14999389648438,143.72000122070312,362.45001220703125,360.95001220703125
2021-07-08,140.42999267578125,142.52999877929688,355.739990234375,358.7699890136719
2021-07-09,143.3000030517578,149.63999938964844,358.1700134277344,361.010009765625
2021-07-12,148.99000549316406,146.69000244140625,362.45001220703125,362.4200134277344
2021-07-13,147.69500732421875,143.41000366210938,362.0299987792969,362.4200134277344
2021-07-14,143.86000061035156,139.08999633789062,364.8299865722656,363.07000732421875
2021-07-15,139.17999267578125,137.5,362.9800109863281,360.5199890136719
2021-07-16,139.69000244140625,134.30999755859375,361.3999938964844,357.6000061035156
2021-07-19,131.36000061035156,131.8800048828125,354.04998779296875,354.6700134277344
2021-07-20,132.75,136.08999633789062,355.6300048828125,358.7900085449219
2021-07-21,136.7100067138672,139.25,358.3500061035156,361.55999755859375
2021-07-22,141.2899932861328,139.47000122070312,361.7699890136719,363.95001220703125
2021-07-23,139.8000030517578,138.72999572753906,365.30999755859375,368.20001220703125
2021-07-26,139.1300048828125,142.0,367.489990234375,368.489990234375
2021-07-27,141.2550048828125,141.5800018310547,368.2200012207031,364.42999267578125
2021-07-28,141.30999755859375,143.3000030517578,365.6000061035156,365.8299865722656
2021-07-29,143.64599609375,143.47000122070312,365.25,366.4800109863281
2021-07-30,141.75,144.00999450683594,362.44000244140625,364.57000732421875
2021-08-02,143.85000610351562,145.49000549316406,366.2799987792969,364.6000061035156
2021-08-03,147.72799682617188,145.64999389648438,365.2799987792969,366.80999755859375
2021-08-04,145.10000610351562,147.39999389648438,366.7699890136719,367.3399963378906
2021-08-05,146.6699981689453,150.32000732421875,368.17999267578125,369.6700134277344
2021-08-06,148.99000549316406,149.99000549316406,368.3699951171875,368.04998779296875
2021-08-09,148.74000549316406,149.44000244140625,368.5199890136719,368.7300109863281
2021-08-10,149.36500549316406,147.9499969482422,369.260009765625,366.8399963378906
2021-08-11,147.5399932861328,148.16000366210938,368.1400146484375,366.2099914550781
2021-08-12,148.86000061035156,151.14999389648438,365.69000244140625,367.5299987792969
2021-08-13,146.66000366210938,152.75999450683594,367.8900146484375,368.82000732421875
2021-08-16,151.99000549316406,148.57000732421875,367.6700134277344,368.9800109863281
2021-08-17,145.0,143.89999389648438,366.1499938964844,365.7300109863281
2021-08-18,144.02000427246094,146.74000549316406,365.17999267578125,362.2099914550781
2021-08-19,143.79100036621094,142.64999389648438,360.2200012207031,363.9599914550781
2021-08-20,142.0,143.6999969482422,365.05999755859375,367.7300109863281
2021-08-23,144.89999389648438,146.7899932861328,368.79998779296875,373.2300109863281
2021-08-24,147.0,161.4199981689453,373.8399963378906,374.3699951171875
2021-08-25,158.76400756835938,160.35000610351562,374.6300048828125,374.79998779296875
2021-08-26,159.33999633789062,152.72999572753906,373.9200134277344,372.4200134277344
2021-08-27,152.25100708007812,154.17999267578125,373.07000732421875,376.0400085449219
2021-08-30,154.41000366210938,156.02000427246094,376.8500061035156,380.260009765625
2021-08-31,155.94000244140625,154.99000549316406,380.510009765625,379.95001220703125
2021-09-01,154.83999633789062,156.58999633789062,381.0400085449219,380.5799865722656
2021-09-02,156.5,157.1999969482422,381.9700012207031,380.3999938964844
2021-09-03,158.0500030517578,158.0,379.2200012207031,381.57000732421875
2021-09-07,159.72000122070312,165.0,381.67999267578125,382.1099853515625
2021-09-08,163.22999572753906,163.92999267578125,381.92999267578125,380.7799987792969
2021-09-09,163.0,166.0,381.010009765625,379.4700012207031
2021-09-10,166.9499969482422,165.1999969482422,381.2300109863281,376.5899963378906
2021-09-13,160.25,160.32000732421875,378.989990234375,376.3299865722656
2021-09-14,160.66000366210938,163.3000030517578,377.8599853515625,375.260009765625
2021-09-15,162.32000732421875,166.3699951171875,375.7300109863281,378.04998779296875
2021-09-16,165.25999450683594,168.14999389648438,376.67999267578125,378.30999755859375
2021-09-17,169.3000030517578,166.58999633789062,377.82000732421875,373.8299865722656
2021-09-20,162.24000549316406,161.63999938964844,367.4599914550781,365.70001220703125
2021-09-21,164.0,169.2899932861328,367.5799865722656,366.1499938964844
2021-09-22,170.0290069580078,169.9600067138672,367.0899963378906,369.57000732421875
2021-09-23,171.5500030517578,175.1300048828125,370.760009765625,372.9800109863281
2021-09-24,174.52999877929688,175.8800048828125,370.6499938964844,373.3299865722656
2021-09-27,175.0,174.25999450683594,370.20001220703125,370.3500061035156
2021-09-28,172.51600646972656,168.5800018310547,365.6700134277344,359.8699951171875
2021-09-29,170.10000610351562,168.07000732421875,361.1700134277344,359.2799987792969
2021-09-30,168.10000610351562,167.75,360.9700012207031,357.9599914550781
2021-10-01,170.30999755859375,173.00999450683594,358.6000061035156,360.17999267578125
2021-10-04,171.99000549316406,164.5,358.5199890136719,352.6199951171875
2021-10-05,165.6699981689453,164.74000549316406,353.7099914550781,357.3800048828125
2021-10-06,161.38999938964844,167.25,354.0799865722656,359.6700134277344
2021-10-07,170.0,169.60000610351562,362.79998779296875,362.9700012207031
2021-10-08,170.10000610351562,169.97000122070312,364.0799865722656,361.1600036621094
2021-10-11,170.0,166.6699981689453,359.5799865722656,358.3900146484375
2021-10-12,172.69400024414062,172.75,359.8800048828125,357.1400146484375
2021-10-13,173.0,173.5800018310547,359.510009765625,360.0
2021-10-14,175.24000549316406,170.5,363.69000244140625,366.6300048828125
2021-10-15,171.89999389648438,169.17999267578125,367.8800048828125,368.94000244140625
2021-10-18,167.5,172.32000732421875,367.6099853515625,372.6499938964844
2021-10-19,172.57000732421875,170.74000549316406,373.75,375.4700012207031
2021-10-20,170.05999755859375,169.75999450683594,375.94000244140625,374.9800109863281
2021-10-21,169.07400512695312,170.5,374.1600036621094,377.2699890136719
2021-10-22,169.3000030517578,166.63999938964844,375.9800109863281,374.1000061035156
2021-10-25,166.69000244140625,169.24000549316406,375.55999755859375,377.92999267578125
2021-10-26,170.39999389648438,171.13999938964844,380.2300109863281,379.1199951171875
2021-10-27,170.74000549316406,169.10000610351562,379.5799865722656,380.0
2021-10-28,170.1999969482422,171.6999969482422,381.95001220703125,384.2200012207031
2021-10-29,171.38999938964844,170.66000366210938,381.05999755859375,386.1099853515625
2021-11-01,170.5,174.60000610351562,386.55999755859375,387.42999267578125
2021-11-02,174.9499969482422,172.8699951171875,386.79998779296875,389.04998779296875
2021-11-03,171.88999938964844,172.8699951171875,389.54998779296875,393.17999267578125
2021-11-04,175.9499969482422,178.4499969482422,394.4800109863281,398.2200012207031
2021-11-05,186.14999389648438,201.6199951171875,400.0400085449219,398.6000061035156
2021-11-08,203.35000610351562,200.32000732421875,398.57000732421875,398.05999755859375
2021-11-09,201.44000244140625,194.67999267578125,399.1600036621094,395.32000732421875
2021-11-10,190.22999572753906,192.22000122070312,392.4700012207031,389.510009765625
2021-11-11,195.1999969482422,191.61000061035156,392.57000732421875,390.5899963378906
2021-11-12,192.46499633789062,206.5399932861328,391.7699890136719,394.70001220703125
2021-11-15,206.1999969482422,207.2100067138672,395.9100036621094,394.6099853515625
2021-11-16,205.58999633789062,207.0399932861328,393.8599853515625,397.4200134277344
2021-11-17,207.0,199.11000061035156,397.75,397.6300048828125
2021-11-18,199.33999633789062,204.3300018310547,399.7300109863281,401.75
2021-11-19,196.60000610351562,196.4199981689453,403.42999267578125,403.989990234375
2021-11-22,190.44000244140625,181.72999572753906,405.57000732421875,399.29998779296875
2021-11-23,181.14300537109375,178.27000427246094,398.1099853515625,397.4800109863281
2021-11-24,175.6300048828125,179.88999938964844,394.92999267578125,398.760009765625
2021-11-26,167.75999450683594,173.86000061035156,396.1099853515625,391.20001220703125
2021-11-29,176.8800048828125,180.0800018310547,395.8900146484375,399.69000244140625
2021-11-30,176.40499877929688,172.5399932861328,398.7799987792969,393.82000732421875
2021-12-01,174.00999450683594,163.0800018310547,398.2799987792969,387.1199951171875
2021-12-02,161.36000061035156,169.60000610351562,385.79998779296875,389.9100036621094
2021-12-03,168.97999572753906,166.75,391.30999755859375,383.1300048828125
2021-12-06,167.27499389648438,180.85000610351562,383.6300048828125,386.20001220703125
2021-12-07,185.61000061035156,183.13999938964844,393.0299987792969,397.8299865722656
2021-12-08,186.0,186.49000549316406,398.1700134277344,399.6099853515625
2021-12-09,182.08999633789062,181.4600067138672,398.3500061035156,393.7300109863281
2021-12-10,178.14999389648438,180.4199981689453,396.6199951171875,398.010009765625
2021-12-13,178.25,171.0399932861328,398.0,392.260009765625
2021-12-14,168.29800415039062,167.9600067138672,387.29998779296875,388.20001220703125
2021-12-15,167.63999938964844,168.13999938964844,387.94000244140625,397.04998779296875
2021-12-16,166.25,156.3800048828125,398.0400085449219,386.8399963378906
2021-12-17,154.6199951171875,157.91000366210938,383.3299865722656,384.9100036621094
2021-12-20,151.16000366210938,157.22999572753906,379.57000732421875,380.69000244140625
2021-12-21,159.5,165.66000366210938,384.04998779296875,389.2099914550781
2021-12-22,165.67999267578125,169.2899932861328,388.9100036621094,393.95001220703125
2021-12-23,170.5,171.30999755859375,394.30999755859375,396.9200134277344
2021-12-27,169.80599975585938,171.67999267578125,398.25,403.4800109863281
2021-12-28,171.32000732421875,169.7100067138672,404.3999938964844,401.6099853515625
2021-12-29,169.52000427246094,167.44000244140625,401.75,401.54998779296875
2021-12-30,167.05999755859375,168.77999877929688,401.3299865722656,400.3500061035156
2021-12-31,168.77999877929688,166.49000549316406,399.6600036621094,397.8500061035156
2022-01-03,165.2969970703125,172.67999267578125,399.04998779296875,401.67999267578125
2022-01-04,174.1540069580078,170.8000030517578,402.239990234375,396.4700012207031
2022-01-05,169.88299560546875,162.25,394.739990234375,384.2900085449219
2022-01-06,160.2899932861328,159.75,382.4200134277344,384.0199890136719
2022-01-07,159.17999267578125,166.0500030517578,384.0299987792969,379.8599853515625
2022-01-10,159.75999450683594,160.7100067138672,374.82000732421875,380.1099853515625
2022-01-11,160.7100067138672,168.61000061035156,379.3599853515625,385.82000732421875
2022-01-12,170.24000549316406,169.5399932861328,388.4599914550781,387.3500061035156
2022-01-13,170.23300170898438,166.0,388.7699890136719,377.6600036621094
2022-01-14,165.75,163.99000549316406,375.07000732421875,380.010009765625
2022-01-18,156.91000366210938,154.69000244140625,374.0400085449219,370.54998779296875
2022-01-19,157.0,154.5800018310547,372.1499938964844,366.4800109863281
2022-01-20,157.80799865722656,158.0,369.7900085449219,361.7200012207031
2022-01-21,156.81500244140625,156.72999572753906,359.4700012207031,351.69000244140625
2022-01-24,150.0,147.89999389648438,345.9100036621094,353.29998779296875
2022-01-25,143.89999389648438,144.55999755859375,346.6700134277344,345.1099853515625
2022-01-26,149.28500366210938,142.13999938964844,352.9100036621094,344.57000732421875
2022-01-27,143.47999572753906,138.41000366210938,349.3999938964844,341.1000061035156
2022-01-28,138.5449981689453,142.77000427246094,343.0299987792969,351.79998779296875
2022-01-31,144.80299377441406,153.97000122070312,353.20001220703125,363.04998779296875
2022-02-01,155.35000610351562,156.94000244140625,364.42999267578125,365.5199890136719
2022-02-02,156.31300354003906,151.75999450683594,369.760009765625,368.489990234375
2022-02-03,147.97000122070312,149.57000732421875,358.5299987792969,353.54998779296875
2022-02-04,150.13999938964844,155.55999755859375,354.0799865722656,358.010009765625
2022-02-07,156.7899932861328,157.91000366210938,358.6199951171875,355.1300048828125
2022-02-08,154.0,162.25999450683594,353.9599914550781,359.1199951171875
2022-02-09,165.3699951171875,169.52999877929688,363.760009765625,366.7300109863281
2022-02-10,165.2449951171875,171.9499969482422,359.5199890136719,358.42999267578125
2022-02-11,175.3090057373047,166.52999877929688,358.42999267578125,347.05999755859375
2022-02-14,166.6300048828125,169.66000366210938,346.489990234375,347.489990234375
2022-02-15,172.9199981689453,180.07000732421875,352.9100036621094,356.1300048828125
2022-02-16,178.2949981689453,186.63999938964844,353.82000732421875,356.0400085449219
2022-02-17,184.89999389648438,183.60000610351562,352.739990234375,345.45001220703125
2022-02-18,180.25999450683594,174.89999389648438,346.4100036621094,341.510009765625
2022-02-22,172.1300048828125,165.24000549316406,338.489990234375,338.0799865722656
2022-02-23,165.92999267578125,150.0399932861328,341.32000732421875,329.4200134277344
2022-02-24,141.3000030517578,158.25999450683594,318.8399963378906,340.489990234375
2022-02-25,159.25999450683594,155.08999633789062,341.30999755859375,345.7699890136719
2022-02-28,155.02499389648438,151.49000549316406,342.510009765625,346.79998779296875
2022-03-01,150.52999877929688,151.00999450683594,345.75,341.489990234375
2022-03-02,152.47999572753906,157.52999877929688,343.0799865722656,347.2200012207031
2022-03-03,158.3300018310547,151.69000244140625,349.92999267578125,342.260009765625
2022-03-04,150.77000427246094,142.6999969482422,339.8399963378906,337.29998779296875
2022-03-07,145.0,131.58999633789062,337.2900085449219,324.8599853515625
2022-03-08,131.6300048828125,142.1300048828125,324.04998779296875,323.3500061035156
2022-03-09,145.42999267578125,148.30999755859375,331.75,334.989990234375
2022-03-10,145.22000122070312,151.8000030517578,330.82000732421875,331.2699890136719
2022-03-11,154.1300048828125,145.13999938964844,334.32000732421875,324.3999938964844
2022-03-14,143.41000366210938,138.5,323.1300048828125,318.1700134277344
2022-03-15,140.0,143.9499969482422,320.8800048828125,328.1499938964844
2022-03-16,148.14500427246094,155.75,332.1700134277344,340.32000732421875
2022-03-17,153.7899932861328,157.5500030517578,338.3699951171875,344.44000244140625
2022-03-18,156.07000732421875,167.0,342.739990234375,351.489990234375
2022-03-21,164.57000732421875,161.8000030517578,350.20001220703125,350.0799865722656
2022-03-22,163.61000061035156,166.44000244140625,350.5899963378906,356.9599914550781
2022-03-23,163.63999938964844,164.16000366210938,354.010009765625,351.8299865722656
2022-03-24,164.80999755859375,170.8300018310547,353.79998779296875,359.6499938964844
2022-03-25,169.94000244140625,167.22000122070312,359.5899963378906,359.3500061035156
2022-03-28,167.22000122070312,167.64999389648438,359.3399963378906,364.9100036621094
2022-03-29,172.11000061035156,175.52000427246094,368.8999938964844,371.19000244140625
2022-03-30,173.13099670410156,173.6300048828125,369.2799987792969,367.0899963378906
2022-03-31,173.5399932861328,171.75999450683594,367.239990234375,362.5400085449219
2022-04-01,173.05999755859375,173.07000732421875,362.80999755859375,361.8500061035156
2022-04-04,175.02000427246094,177.02000427246094,362.7099914550781,369.29998779296875
2022-04-05,177.19000244140625,171.2100067138672,367.80999755859375,361.1000061035156
2022-04-06,167.0500030517578,164.66000366210938,355.6499938964844,353.260009765625
2022-04-07,163.19000244140625,165.91000366210938,352.239990234375,354.1000061035156
2022-04-08,162.52000427246094,162.55999755859375,352.32000732421875,349.1499938964844
2022-04-11,159.83999633789062,160.25,344.80999755859375,340.8900146484375
2022-04-12,163.6999969482422,160.11000061035156,345.760009765625,339.45001220703125
2022-04-13,160.83999633789062,171.85000610351562,339.79998779296875,346.3500061035156
2022-04-14,171.66000366210938,170.6999969482422,346.44000244140625,338.42999267578125
2022-04-18,169.27000427246094,165.74000549316406,337.3500061035156,338.69000244140625
2022-04-19,165.74000549316406,170.1199951171875,338.0299987792969,346.260009765625
2022-04-20,172.61000061035156,164.5500030517578,347.0899963378906,341.2099914550781
2022-04-21,168.97999572753906,157.91000366210938,345.19000244140625,334.1499938964844
2022-04-22,157.83999633789062,156.08999633789062,334.30999755859375,325.3999938964844
2022-04-25,154.3300018310547,158.38999938964844,323.7300109863281,329.5799865722656
2022-04-26,158.39999389648438,153.0399932861328,327.4700012207031,317.1400146484375
2022-04-27,153.82000732421875,152.22999572753906,317.239990234375,316.760009765625
2022-04-28,154.00999450683594,159.74000549316406,321.8500061035156,328.010009765625
2022-04-29,158.8800048828125,153.2100067138672,323.70001220703125,313.25
2022-05-02,153.2100067138672,152.77999877929688,312.8299865722656,318.4800109863281
2022-05-03,154.08999633789062,145.0,318.5,318.82000732421875
2022-05-04,152.5500030517578,156.17999267578125,319.30999755859375,329.6000061035156
2022-05-05,152.19000244140625,143.08999633789062,325.1700134277344,313.0
2022-05-06,142.6999969482422,135.83999633789062,310.95001220703125,309.25
2022-05-09,131.75999450683594,119.37000274658203,303.4800109863281,297.1499938964844
2022-05-10,122.94999694824219,116.12999725341797,304.510009765625,300.760009765625
2022-05-11,114.52999877929688,116.1500015258789,298.44000244140625,291.8399963378906
2022-05-12,113.66000366210938,115.94000244140625,287.45001220703125,291.1499938964844
2022-05-13,119.95999908447266,121.44999694824219,295.7200012207031,301.94000244140625
2022-05-16,121.0,114.44000244140625,300.1499938964844,298.44000244140625
2022-05-17,119.97000122070312,117.5,304.45001220703125,306.1700134277344
2022-05-18,116.11000061035156,108.02999877929688,301.5400085449219,291.1400146484375
2022-05-19,108.18000030517578,114.16999816894531,289.2900085449219,289.5799865722656
2022-05-20,115.45999908447266,112.55000305175781,293.1300048828125,288.67999267578125
2022-05-23,113.54499816894531,113.27999877929688,289.75,293.4800109863281
2022-05-24,111.27999877929688,106.23999786376953,288.1300048828125,287.239990234375
2022-05-25,105.88999938964844,110.4000015258789,285.7099914550781,291.260009765625
2022-05-26,109.73999786376953,114.30000305175781,290.44000244140625,299.3299865722656
2022-05-27,116.0,120.5,302.5400085449219,309.1000061035156
2022-05-31,120.5,120.87000274658203,309.07000732421875,308.2799987792969
2022-06-01,121.05000305175781,116.72000122070312,310.4700012207031,306.0
2022-06-02,117.12999725341797,121.26000213623047,304.8500061035156,314.3800048828125
2022-06-03,118.07099914550781,119.83000183105469,309.0299987792969,306.20001220703125
2022-06-06,123.33000183105469,122.0199966430664,310.75,307.2200012207031
2022-06-07,119.76000213623047,122.9000015258789,303.80999755859375,309.8699951171875
2022-06-08,121.43000030517578,123.7699966430664,309.04998779296875,307.6400146484375
2022-06-09,122.30999755859375,115.72000122070312,305.9100036621094,299.3999938964844
2022-06-10,111.80000305175781,108.91000366210938,293.6499938964844,288.8399963378906
2022-06-13,102.8499984741211,98.93000030517578,279.75,275.4100036621094
2022-06-14,99.54000091552734,98.87000274658203,277.6600036621094,275.9100036621094
2022-06-15,100.0199966430664,101.47000122070312,279.4200134277344,282.79998779296875
2022-06-16,96.19000244140625,93.26000213623047,275.5899963378906,271.3900146484375
2022-06-17,93.52999877929688,99.48999786376953,272.17999267578125,274.69000244140625
2022-06-21,102.69000244140625,102.2699966430664,278.75,281.0799865722656
2022-06-22,99.0,99.52999877929688,278.5199890136719,280.6700134277344
2022-06-23,100.0,95.72000122070312,283.2099914550781,284.8500061035156
2022-06-24,97.5199966430664,103.51000213623047,287.739990234375,294.6099853515625
2022-06-27,103.95999908447266,101.5,296.0,292.45001220703125
2022-06-28,103.33999633789062,97.52999877929688,293.0,283.5400085449219
2022-06-29,96.83000183105469,93.93000030517578,283.3999938964844,283.79998779296875
2022-06-30,92.48999786376953,89.08000183105469,280.75,280.2799987792969
2022-07-01,89.08999633789062,91.41000366210938,278.95001220703125,282.1300048828125
2022-07-05,88.87999725341797,95.94000244140625,278.30999755859375,286.9599914550781
2022-07-06,95.29000091552734,92.87999725341797,287.3500061035156,288.79998779296875
2022-07-07,93.66000366210938,97.5,289.6300048828125,294.9800109863281
2022-07-08,96.2300033569336,97.3499984741211,292.0799865722656,295.3500061035156
2022-07-11,96.0,95.0999984741211,292.8800048828125,289.0400085449219
2022-07-12,95.30000305175781,96.55000305175781,290.32000732421875,286.239990234375
2022-07-13,93.75,95.63999938964844,280.6000061035156,285.6499938964844
2022-07-14,94.27999877929688,91.05000305175781,282.989990234375,286.6700134277344
2022-07-15,92.55000305175781,94.66000366210938,289.7300109863281,291.8699951171875
2022-07-18,96.77999877929688,97.66999816894531,294.7200012207031,289.3999938964844
2022-07-19,99.69999694824219,102.19999694824219,293.1099853515625,298.29998779296875
2022-07-20,103.11000061035156,107.7300033569336,298.7300109863281,303.0299987792969
2022-07-21,106.9800033569336,108.13999938964844,303.5,307.3800048828125
2022-07-22,108.30999755859375,103.97000122070312,306.42999267578125,301.989990234375
2022-07-25,103.77999877929688,104.94999694824219,302.0199890136719,300.2699890136719
2022-07-26,102.37999725341797,101.91000366210938,298.5299987792969,294.3699951171875
2022-07-27,105.79000091552734,107.36000061035156,299.0400085449219,306.80999755859375
2022-07-28,108.16999816894531,108.83999633789062,306.5899963378906,309.80999755859375
2022-07-29,108.19499969482422,110.9800033569336,311.3900146484375,315.4599914550781
2022-08-01,110.0,111.19999694824219,313.6499938964844,315.2699890136719
2022-08-02,111.66999816894531,116.33999633789062,312.9200134277344,314.3299865722656
2022-08-03,108.2249984741211,115.0199966430664,316.04998779296875,322.8900146484375
2022-08-04,114.30999755859375,119.22000122070312,322.9700012207031,324.3999938964844
2022-08-05,115.5199966430664,117.11000061035156,319.19000244140625,321.75
2022-08-08,118.15499877929688,115.81999969482422,322.69000244140625,320.7099914550781
2022-08-09,115.0,114.44000244140625,318.7699890136719,317.0799865722656
2022-08-10,119.33000183105469,118.7300033569336,324.5899963378906,325.92999267578125
2022-08-11,121.30000305175781,121.5,328.30999755859375,324.0799865722656
2022-08-12,122.80000305175781,124.51000213623047,326.17999267578125,330.3900146484375
2022-08-15,123.55000305175781,126.04000091552734,329.4200134277344,333.05999755859375
2022-08-16,124.2300033569336,124.18000030517578,332.05999755859375,332.2799987792969
2022-08-17,121.62999725341797,121.87000274658203,329.07000732421875,328.489990234375
2022-08-18,121.5,121.2699966430664,328.44000244140625,329.2799987792969
2022-08-19,118.18499755859375,114.76000213623047,326.1700134277344,322.8599853515625
2022-08-22,110.36000061035156,111.38999938964844,318.5,314.3599853515625
2022-08-23,112.41000366210938,111.5999984741211,314.1199951171875,314.1000061035156
2022-08-24,110.93000030517578,114.51000213623047,313.6099853515625,315.010009765625
2022-08-25,115.88999938964844,117.02999877929688,316.8299865722656,320.5799865722656
2022-08-26,117.05999755859375,112.81999969482422,320.2799987792969,307.44000244140625
2022-08-29,111.7699966430664,113.54000091552734,304.6199951171875,304.4100036621094
2022-08-30,114.5,112.55999755859375,306.1000061035156,301.0199890136719
2022-08-31,113.48999786376953,113.12000274658203,303.989990234375,299.2699890136719
2022-09-01,111.0999984741211,113.4000015258789,296.7200012207031,299.3999938964844
2022-09-02,114.31999969482422,113.63999938964844,302.3399963378906,295.1700134277344
2022-09-06,114.08999633789062,113.69999694824219,295.6600036621094,293.04998779296875
2022-09-07,112.8499984741211,116.06999969482422,293.5400085449219,298.9700012207031
2022-09-08,114.0,118.58000183105469,296.8500061035156,300.5199890136719
2022-09-09,120.01799774169922,123.4800033569336,302.8299865722656,307.0899963378906
2022-09-12,124.25,124.79000091552734,308.5,310.739990234375
2022-09-13,119.69999694824219,121.54000091552734,301.79998779296875,293.70001220703125
2022-09-14,121.62999725341797,126.80000305175781,294.8699951171875,296.0299987792969
2022-09-15,125.29000091552734,125.04000091552734,294.07000732421875,291.1000061035156
2022-09-16,121.11000061035156,118.75,287.7200012207031,289.32000732421875
2022-09-19,116.87000274658203,118.77999877929688,286.1000061035156,291.04998779296875
2022-09-20,117.93000030517578,116.70999908447266,288.489990234375,288.7300109863281
2022-09-21,116.37000274658203,114.01000213623047,289.5899963378906,283.55999755859375
2022-09-22,112.66999816894531,103.72000122070312,282.0,280.07000732421875
2022-09-23,102.19999694824219,101.75,277.54998779296875,275.510009765625
2022-09-26,101.77999877929688,103.2300033569336,275.0299987792969,274.3699951171875
2022-09-27,106.04000091552734,106.37000274658203,277.80999755859375,274.4800109863281
2022-09-28,106.70099639892578,110.69000244140625,274.4599914550781,279.94000244140625
2022-09-29,109.19000244140625,106.66000366210938,275.8599853515625,271.8699951171875
2022-09-30,104.76000213623047,105.04000091552734,271.0299987792969,267.260009765625
2022-10-03,105.48999786376953,105.0,269.07000732421875,273.5299987792969
2022-10-04,109.13999938964844,110.80999755859375,278.989990234375,282.1300048828125
2022-10-05,110.5199966430664,111.76000213623047,278.2799987792969,281.9800109863281
2022-10-06,112.0,111.58000183105469,280.9599914550781,279.760009765625
2022-10-07,108.87000274658203,108.54000091552734,275.0199890136719,269.1000061035156
2022-10-10,108.55000305175781,110.98999786376953,269.29998779296875,266.4100036621094
2022-10-11,110.98799896240234,106.81999969482422,264.70001220703125,262.75
2022-10-12,107.47000122070312,112.3499984741211,263.3999938964844,262.6600036621094
2022-10-13,107.30000305175781,112.6500015258789,255.16000366210938,268.82000732421875
2022-10-14,115.0,109.16000366210938,271.20001220703125,260.739990234375
2022-10-17,112.33000183105469,116.5,266.8399963378906,269.3500061035156
2022-10-18,120.02999877929688,117.94000244140625,276.5299987792969,271.4800109863281
2022-10-19,116.23500061035156,116.87000274658203,269.92999267578125,270.489990234375
2022-10-20,116.3499984741211,117.0,269.5799865722656,269.1099853515625
2022-10-21,116.76000213623047,119.94999694824219,267.9800109863281,275.4200134277344
2022-10-24,118.33000183105469,116.38999938964844,275.69000244140625,278.45001220703125
2022-10-25,115.37000274658203,118.44999694824219,279.4100036621094,284.2099914550781
2022-10-26,117.0,115.30999755859375,278.4599914550781,277.92999267578125
2022-10-27,116.05000305175781,112.05999755859375,276.7900085449219,272.8699951171875
2022-10-28,111.19000244140625,115.20999908447266,272.2300109863281,281.2200012207031
2022-10-31,113.05999755859375,106.91000366210938,278.9200134277344,277.95001220703125
2022-11-01,110.96499633789062,109.05000305175781,281.5,275.1099853515625
2022-11-02,102.6449966430664,94.41000366210938,275.0799865722656,265.67999267578125
2022-11-03,94.08000183105469,92.0199966430664,263.010009765625,260.489990234375
2022-11-04,94.99500274658203,96.08999633789062,265.5299987792969,264.67999267578125
2022-11-07,96.76000213623047,95.45999908447266,265.75,267.5899963378906
2022-11-08,95.52999877929688,98.9000015258789,269.1400146484375,269.5400085449219
2022-11-09,97.75,95.79000091552734,267.760009765625,263.32000732421875
2022-11-10,100.91000366210938,102.4000015258789,276.010009765625,282.75
2022-11-11,103.44999694824219,109.56999969482422,282.55999755859375,287.9599914550781
2022-11-14,107.73999786376953,105.16000366210938,285.8599853515625,285.44000244140625
2022-11-15,109.2699966430664,107.01000213623047,292.2099914550781,289.3900146484375
2022-11-16,107.69999694824219,104.43000030517578,287.3900146484375,285.44000244140625
2022-11-17,101.83000183105469,99.30000305175781,280.8800048828125,284.80999755859375
2022-11-18,100.83999633789062,97.7699966430664,287.8900146484375,284.82000732421875
2022-11-21,97.01000213623047,95.70999908447266,283.3999938964844,281.8900146484375
2022-11-22,93.52999877929688,95.27999877929688,282.6400146484375,285.95001220703125
2022-11-23,95.55999755859375,96.62999725341797,285.9700012207031,288.82000732421875
2022-11-25,96.97000122070312,97.66999816894531,287.19000244140625,286.9200134277344
2022-11-28,97.0,95.30000305175781,284.8999938964844,282.7099914550781
2022-11-29,96.0999984741211,95.37999725341797,282.94000244140625,280.57000732421875
2022-11-30,95.86000061035156,102.13999938964844,280.8399963378906,293.3599853515625
2022-12-01,101.48999786376953,101.2699966430664,293.69000244140625,293.7200012207031
2022-12-02,99.25,101.0,288.5400085449219,292.54998779296875
2022-12-05,100.0,98.51000213623047,290.3800048828125,287.6400146484375
2022-12-06,98.25,93.12000274658203,287.4800109863281,281.67999267578125
2022-12-07,88.80500030517578,91.5,280.4700012207031,280.5299987792969
2022-12-08,92.97000122070312,94.83000183105469,281.9100036621094,283.8500061035156
2022-12-09,93.83999633789062,94.69999694824219,282.80999755859375,282.0400085449219
2022-12-12,93.76000213623047,95.58000183105469,282.2200012207031,285.5799865722656
2022-12-13,100.37000274658203,93.33999633789062,296.6499938964844,288.6499938964844
2022-12-14,93.54000091552734,93.93000030517578,288.04998779296875,286.510009765625
2022-12-15,91.5199966430664,90.61000061035156,282.3299865722656,276.8900146484375
2022-12-16,89.86000061035156,89.56999969482422,276.20001220703125,274.25
2022-12-19,89.51000213623047,85.93000030517578,273.8699951171875,269.75
2022-12-20,86.70999908447266,87.62000274658203,268.55999755859375,269.5400085449219
2022-12-21,87.48999786376953,87.06999969482422,270.6000061035156,273.45001220703125
2022-12-22,85.54000091552734,84.87000274658203,270.3800048828125,266.760009765625
2022-12-23,84.69999694824219,85.25,265.4700012207031,267.3599853515625
2022-12-27,84.77999877929688,83.48999786376953,266.739990234375,263.5799865722656
2022-12-28,83.25,82.48999786376953,263.1700134277344,260.1000061035156
2022-12-29,82.97000122070312,85.2300033569336,262.9599914550781,266.44000244140625
2022-12-30,83.61000061035156,85.5,263.6199951171875,266.2799987792969
2023-01-03,87.38500213623047,84.9000015258789,268.6499938964844,264.4800109863281
2023-01-04,85.88999938964844,88.72000122070312,266.6400146484375,265.739990234375
2023-01-05,88.4800033569336,87.70999908447266,264.0400085449219,261.5799865722656
2023-01-06,88.5199966430664,88.5199966430664,263.3500061035156,268.79998779296875
2023-01-09,90.25499725341797,89.23999786376953,270.8299865722656,270.5400085449219
2023-01-10,88.86000061035156,88.54000091552734,269.489990234375,272.8299865722656
2023-01-11,89.0,94.44000244140625,273.9200134277344,277.54998779296875
2023-01-12,95.30999755859375,98.48999786376953,278.1199951171875,279.04998779296875
2023-01-13,97.5,100.37000274658203,276.5,280.9700012207031
2023-01-17,99.91500091552734,101.2699966430664,280.7699890136719,281.5400085449219
2023-01-18,101.41000366210938,101.11000061035156,283.1099853515625,277.8800048828125
2023-01-19,99.83999633789062,99.0999984741211,276.2200012207031,275.1499938964844
2023-01-20,99.01000213623047,101.27999877929688,276.7900085449219,282.67999267578125
2023-01-23,101.98999786376953,105.22000122070312,283.5400085449219,288.9599914550781
2023-01-24,104.69999694824219,104.12999725341797,287.30999755859375,288.3699951171875
2023-01-25,100.36000061035156,104.44000244140625,283.7699890136719,287.7300109863281
2023-01-26,106.30000305175781,109.41999816894531,291.2200012207031,293.3399963378906
2023-01-27,108.86000061035156,115.94000244140625,292.0,296.260009765625
2023-01-30,114.12999725341797,109.4800033569336,292.92999267578125,290.2699890136719
2023-01-31,109.4800033569336,111.11000061035156,290.30999755859375,294.6199951171875
2023-02-01,111.11000061035156,113.98999786376953,294.4100036621094,300.9200134277344
2023-02-02,116.25,118.5199966430664,307.57000732421875,311.7200012207031
2023-02-03,116.04000091552734,118.69999694824219,304.94000244140625,306.17999267578125
2023-02-06,117.41000366210938,118.3499984741211,303.510009765625,303.5899963378906
2023-02-07,117.91000366210938,119.69000244140625,303.4599914550781,309.8800048828125
2023-02-08,119.38999938964844,116.36000061035156,308.5400085449219,304.3699951171875
2023-02-09,118.0,114.94000244140625,308.8399963378906,301.67999267578125
2023-02-10,112.25,108.87000274658203,299.4800109863281,299.70001220703125
2023-02-13,110.0,116.41999816894531,301.1300048828125,304.5
2023-02-14,116.29000091552734,120.87000274658203,302.8900146484375,306.75
2023-02-15,130.0,137.00999450683594,304.8999938964844,309.1000061035156
2023-02-16,135.64999389648438,139.4199981689453,304.3800048828125,303.29998779296875
2023-02-17,137.43499755859375,131.60000610351562,301.07000732421875,301.1600036621094
2023-02-21,129.77000427246094,128.77999877929688,297.260009765625,294.0299987792969
2023-02-22,128.13999938964844,127.20999908447266,294.6199951171875,294.25
2023-02-23,128.2100067138672,125.5199966430664,297.9700012207031,296.82000732421875
2023-02-24,123.04000091552734,122.77999877929688,291.760009765625,291.8500061035156
2023-02-27,123.94999694824219,123.52999877929688,295.07000732421875,293.94000244140625
2023-02-28,125.11000061035156,123.27999877929688,293.29998779296875,293.55999755859375
2023-03-01,122.375,120.83000183105469,293.260009765625,291.20001220703125
2023-03-02,119.66999816894531,122.37999725341797,288.6600036621094,293.6099853515625
2023-03-03,123.18000030517578,125.7300033569336,295.3900146484375,299.67999267578125
2023-03-06,126.3550033569336,126.33000183105469,300.94000244140625,300.0199890136719
2023-03-07,125.73999786376953,126.94000244140625,300.07000732421875,296.3399963378906
2023-03-08,126.9000015258789,125.0,296.7699890136719,297.82000732421875
2023-03-09,125.05999755859375,119.83999633789062,298.3299865722656,292.6600036621094
2023-03-10,119.73500061035156,118.30000305175781,292.8299865722656,288.54998779296875
2023-03-13,115.72200012207031,115.95999908447266,286.7300109863281,290.69000244140625
2023-03-14,118.94000244140625,116.36000061035156,294.30999755859375,297.3699951171875
2023-03-15,113.86000061035156,113.58000183105469,294.7099914550781,298.92999267578125
2023-03-16,113.94999694824219,119.98999786376953,298.0,306.80999755859375
2023-03-17,119.71499633789062,118.1500015258789,306.7200012207031,305.3599853515625
2023-03-20,118.05999755859375,118.4000015258789,304.260009765625,305.9700012207031
2023-03-21,120.0,123.69000244140625,307.94000244140625,310.3399963378906
2023-03-22,123.88999938964844,121.16999816894531,310.2699890136719,306.1199951171875
2023-03-23,122.51000213623047,120.30000305175781,309.9200134277344,309.75
2023-03-24,119.5,116.91999816894531,309.32000732421875,310.8900146484375
2023-03-27,117.98999786376953,117.91000366210938,311.6000061035156,308.760009765625
2023-03-28,117.97000122070312,116.61000061035156,308.1700134277344,307.1199951171875
2023-03-29,118.33999633789062,118.80000305175781,310.8800048828125,312.7200012207031
2023-03-30,120.80000305175781,122.27999877929688,315.239990234375,315.67999267578125
2023-03-31,123.30000305175781,124.4000015258789,315.9100036621094,320.92999267578125
2023-04-03,123.0,121.45999908447266,318.7699890136719,320.1499938964844
2023-04-04,121.68000030517578,118.45999908447266,320.6000061035156,319.07000732421875
2023-04-05,117.87000274658203,115.33999633789062,318.1000061035156,315.9200134277344
2023-04-06,113.33999633789062,109.69000244140625,314.239990234375,318.04998779296875
2023-04-10,108.69000244140625,112.5999984741211,315.07000732421875,317.8699951171875
2023-04-11,113.55999755859375,114.25,317.8299865722656,315.8299865722656
2023-04-12,114.80000305175781,112.41999816894531,317.82000732421875,313.0400085449219
2023-04-13,113.18000030517578,113.94999694824219,314.8299865722656,319.1700134277344
2023-04-14,113.88999938964844,114.6500015258789,317.5899963378906,318.57000732421875
2023-04-17,115.41999816894531,116.16999816894531,318.1499938964844,318.8399963378906
2023-04-18,119.83000183105469,119.19000244140625,320.989990234375,318.8599853515625
2023-04-19,118.1449966430664,120.0999984741211,316.4100036621094,318.7099914550781
2023-04-20,118.37000274658203,118.4000015258789,315.69000244140625,316.2799987792969
2023-04-21,114.95500183105469,115.5,315.9100036621094,316.6099853515625
2023-04-24,115.52999877929688,116.12000274658203,316.3800048828125,315.95001220703125
2023-04-25,115.30999755859375,112.50499725341797,314.2900085449219,309.989990234375
2023-04-26,113.5,113.68000030517578,313.44000244140625,311.8699951171875
2023-04-27,114.44000244140625,115.25,315.70001220703125,320.3500061035156
2023-04-28,114.5999984741211,119.66999816894531,320.1099853515625,322.55999755859375
2023-05-01,119.26000213623047,121.41999816894531,322.0899963378906,322.19000244140625
2023-05-02,120.23999786376953,120.58000183105469,322.1199951171875,319.3800048828125
2023-05-03,120.8499984741211,118.86000061035156,319.75,317.2900085449219
2023-05-04,118.94000244140625,117.62999725341797,317.05999755859375,316.1700134277344
2023-05-05,120.01000213623047,119.9000015258789,318.4700012207031,322.8900146484375
2023-05-08,123.16000366210938,125.6500015258789,322.4200134277344,323.69000244140625
2023-05-09,126.5999984741211,127.06999969482422,322.0,321.6400146484375
2023-05-10,109.8499984741211,113.19000244140625,324.1199951171875,325.1400146484375
2023-05-11,113.13999938964844,111.19999694824219,325.70001220703125,326.20001220703125
2023-05-12,111.36000061035156,105.2750015258789,326.739990234375,325.0299987792969
2023-05-15,105.05999755859375,105.77999877929688,325.510009765625,326.7900085449219
2023-05-16,105.72000122070312,105.41000366210938,326.05999755859375,327.1600036621094
2023-05-17,106.06999969482422,108.33000183105469,328.239990234375,331.1199951171875
2023-05-18,108.33999633789062,111.87000274658203,331.5199890136719,337.2699890136719
2023-05-19,110.81999969482422,107.37999725341797,337.489990234375,336.510009765625
2023-05-22,106.26000213623047,109.93000030517578,336.25,337.6400146484375
2023-05-23,109.0,106.25,335.8900146484375,333.3599853515625
2023-05-24,105.45999908447266,105.70999908447266,331.3699951171875,331.6499938964844
2023-05-25,106.0999984741211,104.41999816894531,339.1400146484375,339.7200012207031
2023-05-26,105.18000030517578,106.80999755859375,340.760009765625,348.3999938964844
2023-05-30,107.7249984741211,107.19000244140625,352.7099914550781,349.9800109863281
2023-05-31,105.5999984741211,109.7699966430664,348.3699951171875,347.989990234375
2023-06-01,109.83999633789062,112.16000366210938,347.7300109863281,352.010009765625
2023-06-02,112.93000030517578,118.05999755859375,353.79998779296875,354.6499938964844
2023-06-05,115.12000274658203,115.69000244140625,354.42999267578125,354.8999938964844
2023-06-06,115.91999816894531,117.30000305175781,354.2799987792969,354.8399963378906
2023-06-07,118.13999938964844,116.55000305175781,355.1300048828125,348.82000732421875
2023-06-08,114.97000122070312,115.5,349.1199951171875,353.1499938964844
2023-06-09,120.25,117.86000061035156,354.6300048828125,354.5
2023-06-12,119.36499786376953,124.58999633789062,356.19000244140625,360.489990234375
2023-06-13,124.61000061035156,124.9000015258789,363.2900085449219,363.260009765625
2023-06-14,125.38999938964844,125.13999938964844,363.2699890136719,365.8999938964844
2023-06-15,122.95999908447266,127.8499984741211,364.6099853515625,370.260009765625
2023-06-16,128.67999267578125,128.67999267578125,372.7200012207031,367.92999267578125
2023-06-20,126.37000274658203,126.44999694824219,365.95001220703125,366.8999938964844
2023-06-21,125.08999633789062,127.45999908447266,365.739990234375,361.8999938964844
2023-06-22,126.58000183105469,127.95999908447266,360.6300048828125,366.1700134277344
2023-06-23,125.98999786376953,124.7300033569336,362.2099914550781,362.5400085449219
2023-06-26,122.9000015258789,123.12999725341797,362.0,357.67999267578125
2023-06-27,124.41000366210938,127.88999938964844,359.25,363.8299865722656
2023-06-28,127.38999938964844,127.62999725341797,361.9800109863281,364.5400085449219
2023-06-29,127.63999938964844,125.0999984741211,364.239990234375,363.80999755859375
2023-06-30,127.25,128.16000366210938,367.54998779296875,369.4200134277344
2023-07-03,129.27999877929688,132.35000610351562,370.07000732421875,370.2900085449219
2023-07-05,131.84500122070312,131.69000244140625,368.70001220703125,370.2799987792969
2023-07-06,129.1699981689453,128.16000366210938,366.510009765625,367.4599914550781
2023-07-07,128.16000366210938,130.32000732421875,367.2300109863281,366.239990234375
2023-07-10,130.17999267578125,131.7100067138672,365.9599914550781,366.3599853515625
2023-07-11,129.4499969482422,137.5399932861328,366.7900085449219,368.1700134277344
2023-07-12,139.35000610351562,137.02000427246094,372.3399963378906,372.82000732421875
2023-07-13,138.9600067138672,140.08999633789062,376.04998779296875,379.1499938964844
2023-07-14,140.25,143.33999633789062,379.5899963378906,379.07000732421875
2023-07-17,142.2899932861328,145.36000061035156,379.79998779296875,382.6099853515625
2023-07-18,144.0,146.52999877929688,381.9599914550781,385.739990234375
2023-07-19,145.75,145.53500366210938,386.82000732421875,385.6499938964844
2023-07-20,143.58999633789062,145.27999877929688,382.6099853515625,376.760009765625
2023-07-21,147.0,148.77000427246094,379.17999267578125,375.6300048828125
2023-07-24,147.05999755859375,147.6199951171875,376.6199951171875,376.2300109863281
2023-07-25,147.61000061035156,148.64999389648438,376.95001220703125,378.7799987792969
2023-07-26,147.8300018310547,150.1699981689453,377.7200012207031,377.5199890136719
2023-07-27,151.88999938964844,148.5,383.07000732421875,376.6199951171875
2023-07-28,150.22999572753906,153.3300018310547,380.739990234375,383.4800109863281
2023-07-31,153.86000061035156,152.19000244140625,383.7900085449219,383.67999267578125
2023-08-01,149.6199951171875,148.91000366210938,382.30999755859375,382.7900085449219
2023-08-02,146.4499969482422,144.55999755859375,379.260009765625,374.3900146484375
2023-08-03,140.94000244140625,140.8800048828125,371.94000244140625,373.7900085449219
2023-08-04,140.47000122070312,140.1699981689453,375.75,372.0400085449219
2023-08-07,142.0,143.1999969482422,373.8800048828125,375.19000244140625
2023-08-08,140.52000427246094,139.5500030517578,372.6400146484375,372.0
2023-08-09,140.13999938964844,137.8699951171875,372.2900085449219,367.9100036621094
2023-08-10,139.8699951171875,135.97000122070312,370.9700012207031,368.5899963378906
2023-08-11,134.14999389648438,133.67999267578125,365.989990234375,366.239990234375
2023-08-14,133.55999755859375,133.24000549316406,365.42999267578125,370.3500061035156
2023-08-15,132.5,129.85000610351562,369.3599853515625,366.4200134277344
2023-08-16,129.0,128.8300018310547,365.8699951171875,362.5400085449219
2023-08-17,129.22000122070312,127.98999786376953,363.9599914550781,358.5799865722656
2023-08-18,124.93000030517578,125.05999755859375,355.260009765625,358.1300048828125
2023-08-21,126.15499877929688,124.0,359.6199951171875,363.8999938964844
2023-08-22,124.25,127.08000183105469,366.54998779296875,363.3800048828125
2023-08-23,126.9000015258789,128.1300048828125,364.5799865722656,369.1099853515625
2023-08-24,128.22999572753906,124.72000122070312,372.6400146484375,361.2200012207031
2023-08-25,125.04000091552734,125.79000091552734,362.07000732421875,364.0199890136719
2023-08-28,127.0,126.15499877929688,366.989990234375,366.760009765625
2023-08-29,126.55000305175781,132.25,366.55999755859375,374.7699890136719
2023-08-30,130.47000122070312,130.61000061035156,374.8800048828125,376.8599853515625
2023-08-31,130.60000610351562,131.5500030517578,376.94000244140625,377.989990234375
2023-09-01,133.6999969482422,132.69000244140625,380.3999938964844,377.5899963378906
2023-09-05,141.14999389648438,142.2899932861328,376.7699890136719,378.07000732421875
2023-09-06,140.77999877929688,141.77000427246094,377.2799987792969,374.739990234375
2023-09-07,139.25,143.27000427246094,370.2099914550781,372.05999755859375
2023-09-08,143.94000244140625,145.82000732421875,372.010009765625,372.5799865722656
2023-09-11,146.22000122070312,147.3300018310547,375.6600036621094,376.9700012207031
2023-09-12,146.8800048828125,147.5,375.2699890136719,372.7900085449219
2023-09-13,146.0,144.71499633789062,373.0299987792969,374.2099914550781
2023-09-14,144.61000061035156,144.1199951171875,375.989990234375,377.2699890136719
2023-09-15,143.5850067138672,142.75,375.9100036621094,370.80999755859375
2023-09-18,141.92999267578125,142.5500030517578,369.32000732421875,370.6600036621094
2023-09-19,141.86000061035156,141.85000610351562,369.32000732421875,369.8699951171875
2023-09-20,142.75999450683594,138.00999450683594,370.95001220703125,364.5400085449219
2023-09-21,135.55499267578125,132.75,360.79998779296875,357.8599853515625
2023-09-22,133.7100067138672,132.1999969482422,359.6300048828125,357.9100036621094
2023-09-25,130.8000030517578,134.13999938964844,356.92999267578125,359.6099853515625
2023-09-26,132.77999877929688,132.27999877929688,356.989990234375,354.2099914550781
2023-09-27,133.8000030517578,134.02999877929688,355.3800048828125,355.0400085449219
2023-09-28,133.64999389648438,136.47000122070312,354.1099853515625,358.010009765625
2023-09-29,138.0500030517578,137.2100067138672,361.5400085449219,358.2699890136719
2023-10-02,136.5500030517578,136.55999755859375,358.5400085449219,361.260009765625
2023-10-03,132.1699981689453,127.7300033569336,358.7799987792969,354.9200134277344
2023-10-04,128.75,127.41000366210938,355.7699890136719,359.75
2023-10-05,126.54000091552734,124.98999786376953,359.739990234375,358.69000244140625
2023-10-06,123.0,126.36000061035156,355.6499938964844,364.70001220703125
2023-10-09,124.0,127.7699966430664,362.29998779296875,366.55999755859375
2023-10-10,127.69000244140625,131.58999633789062,366.8999938964844,368.5899963378906
2023-10-11,132.1199951171875,130.0,369.94000244140625,371.2200012207031
2023-10-12,130.2899932861328,125.97000122070312,371.7300109863281,369.92999267578125
2023-10-13,127.61000061035156,124.08000183105469,370.57000732421875,365.2799987792969
2023-10-16,125.19000244140625,125.19000244140625,366.6199951171875,369.4100036621094
2023-10-17,123.76000213623047,125.70999908447266,365.80999755859375,368.20001220703125
2023-10-18,123.0199966430664,122.16999816894531,365.6700134277344,363.3699951171875
2023-10-19,122.38999938964844,119.97000122070312,364.80999755859375,359.9700012207031
2023-10-20,119.48999786376953,116.48999786376953,359.4599914550781,354.6000061035156
2023-10-23,116.4800033569336,120.38999938964844,353.260009765625,355.6700134277344
2023-10-24,121.18000030517578,122.01000213623047,357.510009765625,359.1300048828125
2023-10-25,120.75,118.5,356.70001220703125,350.3399963378906
2023-10-26,118.13999938964844,115.47000122070312,349.1199951171875,343.6600036621094
2023-10-27,116.20999908447266,114.08999633789062,346.42999267578125,345.30999755859375
2023-10-30,117.1500015258789,116.94999694824219,347.8299865722656,349.20001220703125
2023-10-31,117.12999725341797,118.29000091552734,349.2300109863281,350.8699951171875
2023-11-01,118.25,119.47000122070312,351.7200012207031,356.9599914550781
2023-11-02,122.51000213623047,115.5,361.5400085449219,363.44000244140625
2023-11-03,117.9800033569336,122.63999938964844,364.75,367.7099914550781
2023-11-06,123.21499633789062,118.16999816894531,368.489990234375,369.2099914550781
2023-11-07,118.25,121.08000183105469,370.2699890136719,372.70001220703125
2023-11-08,119.43000030517578,117.66000366210938,373.0799865722656,372.94000244140625
2023-11-09,118.3499984741211,115.5199966430664,373.6400146484375,370.07000732421875
2023-11-10,114.5250015258789,118.1500015258789,371.82000732421875,378.3900146484375
2023-11-13,117.51000213623047,119.1500015258789,376.7900085449219,377.2099914550781
2023-11-14,122.3550033569336,126.68000030517578,383.7099914550781,385.3299865722656
2023-11-15,128.0,128.35000610351562,387.25,385.6199951171875
2023-11-16,127.12000274658203,126.27999877929688,384.8399963378906,385.95001220703125
2023-11-17,126.6500015258789,127.1500015258789,385.2099914550781,386.0400085449219
2023-11-20,127.4000015258789,129.6999969482422,386.04998779296875,390.739990234375
2023-11-21,128.0,126.81999969482422,389.010009765625,388.4700012207031
2023-11-22,127.75,129.0399932861328,390.57000732421875,390.05999755859375
2023-11-24,129.0500030517578,128.3699951171875,389.6499938964844,389.510009765625
2023-11-27,127.5,129.0,389.010009765625,389.1700134277344
2023-11-28,128.7899932861328,127.55999755859375,388.4100036621094,390.19000244140625
2023-11-29,127.0,126.4800033569336,392.69000244140625,389.80999755859375
2023-11-30,127.0,126.33999633789062,390.0799865722656,388.8299865722656
2023-12-01,125.5,135.02000427246094,387.75,389.94000244140625
2023-12-04,134.0,133.6999969482422,386.0899963378906,386.32000732421875
2023-12-05,132.67999267578125,133.7100067138672,384.3900146484375,387.2900085449219
2023-12-06,135.58999633789062,135.30999755859375,390.2699890136719,385.04998779296875
2023-12-07,135.50999450683594,139.83999633789062,388.07000732421875,390.42999267578125
2023-12-08,138.19000244140625,140.67999267578125,388.6700134277344,392.1700134277344
2023-12-11,141.36000061035156,142.91000366210938,391.739990234375,395.5199890136719
2023-12-12,137.89999389648438,140.5500030517578,395.55999755859375,398.6700134277344
2023-12-13,142.9499969482422,144.50999450683594,399.6199951171875,403.739990234375
2023-12-14,145.0,147.25999450683594,404.9800109863281,403.3900146484375
2023-12-15,147.25999450683594,146.60000610351562,404.17999267578125,405.3399963378906
2023-12-18,147.16000366210938,147.5,404.92999267578125,407.0799865722656
2023-12-19,147.5,146.91000366210938,407.5400085449219,409.1600036621094
2023-12-20,146.5,141.07000732421875,408.3500061035156,403.0799865722656
2023-12-21,142.3699951171875,142.08999633789062,407.05999755859375,407.7699890136719
2023-12-22,141.8800048828125,140.8000030517578,409.0,408.3800048828125
2023-12-26,141.0,138.72000122070312,409.25,410.8800048828125
2023-12-27,139.13499450683594,136.5500030517578,410.95001220703125,411.5
2023-12-28,136.5500030517578,137.0,412.6700134277344,411.29998779296875
2023-12-29,136.7100067138672,136.13999938964844,411.2799987792969,409.5199890136719
2024-01-02,134.42999267578125,134.47999572753906,405.8399963378906,402.5899963378906
2024-01-03,132.7100067138672,133.4199981689453,399.92999267578125,398.3299865722656
2024-01-04,132.86000061035156,133.72000122070312,396.44000244140625,396.2799987792969
2024-01-05,134.25,135.97999572753906,396.45001220703125,396.75
2024-01-08,137.30999755859375,140.0800018310547,397.989990234375,404.95001220703125
2024-01-09,138.52000427246094,139.52999877929688,401.9100036621094,405.75
2024-01-10,139.1999969482422,139.75999450683594,406.07000732421875,408.5
2024-01-11,140.7100067138672,139.4499969482422,409.7900085449219,409.3500061035156
2024-01-12,139.35000610351562,137.13999938964844,410.3999938964844,409.55999755859375
2024-01-16,135.89999389648438,135.02000427246094,408.30999755859375,409.5199890136719
2024-01-17,132.83999633789062,134.97999572753906,406.1700134277344,407.2099914550781
2024-01-18,137.0,137.0399932861328,410.5199890136719,412.989990234375
2024-01-19,138.60000610351562,139.92999267578125,415.2200012207031,421.17999267578125
2024-01-22,141.15499877929688,142.00999450683594,423.4100036621094,421.7300109863281
2024-01-23,142.75,142.3000030517578,422.42999267578125,423.4800109863281
2024-01-24,143.80999755859375,141.19000244140625,427.44000244140625,425.8299865722656
2024-01-25,143.1999969482422,142.11000061035156,428.3599853515625,426.3500061035156
2024-01-26,142.11000061035156,149.6199951171875,424.44000244140625,423.80999755859375
2024-01-29,150.0,152.6999969482422,424.2699890136719,428.1499938964844
2024-01-30,150.5399932861328,149.44000244140625,427.1000061035156,425.29998779296875
2024-01-31,148.64500427246094,144.13999938964844,420.8500061035156,416.9700012207031
2024-02-01,144.8000030517578,146.49000549316406,418.7900085449219,421.8800048828125
2024-02-02,143.99000549316406,146.5500030517578,423.79998779296875,429.010009765625
2024-02-05,146.08999633789062,144.77999877929688,429.07000732421875,428.45001220703125
2024-02-06,145.10000610351562,144.52999877929688,429.6099853515625,427.5899963378906
2024-02-07,145.1199951171875,147.5500030517578,430.4100036621094,431.989990234375
2024-02-08,149.25,150.5399932861328,432.1099853515625,432.7900085449219
2024-02-09,145.83999633789062,147.59500122070312,433.94000244140625,437.04998779296875
2024-02-12,148.67999267578125,153.8000030517578,436.94000244140625,435.3399963378906
2024-02-13,149.2100067138672,150.82000732421875,427.2799987792969,428.54998779296875
2024-02-14,146.16000366210938,148.1999969482422,431.260009765625,433.2200012207031
2024-02-15,148.91000366210938,157.69000244140625,433.9200134277344,434.510009765625
2024-02-16,156.10000610351562,152.50999450683594,434.8900146484375,430.57000732421875
2024-02-20,150.30999755859375,148.14999389648438,428.54998779296875,427.32000732421875
2024-02-21,145.97999572753906,149.24000549316406,424.54998779296875,425.6099853515625
2024-02-22,151.02000427246094,155.25999450683594,434.489990234375,438.07000732421875
2024-02-23,153.27000427246094,152.66000366210938,439.6499938964844,436.7799987792969
2024-02-26,149.9600067138672,149.27000427246094,437.6000061035156,436.54998779296875
2024-02-27,150.0,152.05999755859375,437.6700134277344,437.6000061035156
2024-02-28,152.02999877929688,153.42999267578125,435.42999267578125,435.2699890136719
2024-02-29,153.39999389648438,157.47000122070312,438.2300109863281,439.0
2024-03-01,157.22999572753906,159.72000122070312,439.8999938964844,445.6099853515625
2024-03-04,159.89999389648438,158.08999633789062,445.6099853515625,444.0199890136719
2024-03-05,157.1999969482422,159.3300018310547,440.94000244140625,436.04998779296875
2024-03-06,160.10000610351562,163.8699951171875,440.32000732421875,438.7900085449219
2024-03-07,165.0,163.5399932861328,442.4200134277344,445.45001220703125
2024-03-08,166.0,164.91000366210938,445.80999755859375,439.0199890136719
2024-03-11,163.75999450683594,162.99000549316406,437.510009765625,437.3900146484375
2024-03-12,163.0,166.6699981689453,439.7300109863281,443.6600036621094
2024-03-13,162.4199981689453,164.75999450683594,442.6499938964844,440.25
2024-03-14,165.74000549316406,166.44000244140625,441.5,439.1400146484375
2024-03-15,166.38999938964844,160.63999938964844,436.07000732421875,433.9200134277344
2024-03-18,161.94500732421875,161.86000061035156,438.7300109863281,437.4800109863281
2024-03-19,161.49000549316406,161.7899932861328,435.45001220703125,438.57000732421875
2024-03-20,162.38999938964844,164.7100067138672,439.7799987792969,443.7699890136719
2024-03-21,165.80999755859375,168.17999267578125,448.8800048828125,445.8699951171875
2024-03-22,167.0,167.86000061035156,445.3500061035156,446.3800048828125
2024-03-25,167.86000061035156,167.99000549316406,443.54998779296875,444.760009765625
2024-03-26,169.69000244140625,167.38999938964844,446.29998779296875,443.32000732421875
2024-03-27,169.11000061035156,166.41000366210938,446.44000244140625,444.8299865722656
2024-03-28,166.57000732421875,164.9600067138672,444.7799987792969,444.010009765625
2024-04-01,166.42999267578125,163.3699951171875,444.9700012207031,444.95001220703125
2024-04-02,160.9499969482422,160.11000061035156,440.0799865722656,441.1099853515625
2024-04-03,158.75,159.33999633789062,438.9599914550781,442.1000061035156
2024-04-04,161.22000122070312,158.83999633789062,446.3299865722656,435.3399963378906
2024-04-05,159.14999389648438,161.77000427246094,436.7799987792969,440.4700012207031
2024-04-08,160.36000061035156,160.27000427246094,441.4100036621094,440.6000061035156
2024-04-09,161.5500030517578,162.66000366210938,442.9599914550781,442.2300109863281
2024-04-10,159.6300048828125,160.27999877929688,437.0,438.3699951171875
2024-04-11,159.0,165.4199981689453,440.260009765625,445.3699951171875
2024-04-12,162.4199981689453,159.3699951171875,441.1000061035156,438.2699890136719
2024-04-15,161.80999755859375,155.60000610351562,442.05999755859375,431.05999755859375
2024-04-16,155.8300018310547,156.66000366210938,430.8999938964844,431.1000061035156
2024-04-17,158.4499969482422,158.3699951171875,433.1000061035156,425.8399963378906
2024-04-18,159.60000610351562,160.10000610351562,426.489990234375,423.4100036621094
2024-04-19,159.5399932861328,155.00999450683594,422.2200012207031,414.6499938964844
2024-04-22,156.19000244140625,156.61000061035156,417.30999755859375,418.82000732421875
2024-04-23,157.24000549316406,160.9499969482422,420.7699890136719,425.07000732421875
2024-04-24,164.47500610351562,162.83999633789062,428.20001220703125,426.510009765625
2024-04-25,161.50999450683594,163.00999450683594,419.239990234375,424.45001220703125
2024-04-26,163.67999267578125,164.22999572753906,427.6199951171875,431.0
2024-04-29,164.75,162.25,433.1300048828125,432.75
2024-04-30,160.55999755859375,158.57000732421875,431.1499938964844,424.5899963378906
2024-05-01,157.5800018310547,156.16000366210938,423.1499938964844,421.5199890136719
2024-05-02,157.2100067138672,158.3300018310547,425.29998779296875,426.8999938964844
2024-05-03,161.80999755859375,159.7100067138672,434.44000244140625,435.4800109863281
2024-05-06,161.0,162.0,437.29998779296875,440.25
2024-05-07,161.80999755859375,159.80999755859375,440.70001220703125,440.32000732421875
2024-05-08,157.10000610351562,157.89999389648438,437.6700134277344,440.05999755859375
2024-05-09,146.60000610351562,147.0500030517578,440.3299865722656,441.0199890136719
2024-05-10,147.75,146.32000732421875,442.5400085449219,442.05999755859375
2024-05-13,147.0500030517578,149.1300048828125,443.989990234375,443.0799865722656
2024-05-14,149.39999389648438,146.6999969482422,442.6499938964844,445.92999267578125
2024-05-15,147.57000732421875,145.8000030517578,448.42999267578125,452.8999938964844
2024-05-16,146.33999633789062,147.19000244140625,452.7099914550781,451.9800109863281
2024-05-17,146.80999755859375,145.66000366210938,452.1099853515625,451.760009765625
2024-05-20,146.17999267578125,146.3699951171875,451.9800109863281,454.9100036621094
2024-05-21,145.7100067138672,144.10000610351562,453.0400085449219,455.79998779296875
2024-05-22,143.94000244140625,142.7100067138672,456.05999755859375,455.7099914550781
2024-05-23,142.5800018310547,141.0399932861328,460.54998779296875,453.6600036621094
2024-05-24,142.5,144.47000122070312,455.2900085449219,457.95001220703125
2024-05-28,146.0,147.00999450683594,459.17999267578125,459.67999267578125
2024-05-29,144.8800048828125,146.61000061035156,455.4800109863281,456.44000244140625
2024-05-30,145.39999389648438,145.52000427246094,455.5,451.54998779296875
2024-05-31,145.77999877929688,144.92999267578125,451.7799987792969,450.7099914550781
2024-06-03,145.74000549316406,146.25,454.57000732421875,453.1300048828125
2024-06-04,145.82000732421875,147.0800018310547,452.8699951171875,454.3699951171875
2024-06-05,147.97999572753906,145.77999877929688,457.9800109863281,463.5299987792969
2024-06-06,145.50999450683594,147.0,464.2200012207031,463.3699951171875
2024-06-07,146.1999969482422,146.66000366210938,463.0,462.9599914550781
2024-06-10,146.00999450683594,148.07000732421875,461.82000732421875,464.8299865722656
2024-06-11,147.97000122070312,147.75,463.5400085449219,468.0199890136719
2024-06-12,149.99000549316406,149.32000732421875,471.989990234375,474.1499938964844
2024-06-13,148.99000549316406,146.10000610351562,477.7200012207031,476.7200012207031
2024-06-14,145.5,145.97000122070312,476.5199890136719,479.19000244140625
2024-06-17,147.0,149.5,479.4599914550781,485.05999755859375
2024-06-18,149.89999389648438,147.2899932861328,485.010009765625,485.2099914550781
2024-06-20,147.77000427246094,147.8800048828125,486.4200134277344,481.4700012207031
2024-06-21,148.75999450683594,149.57000732421875,481.19000244140625,480.17999267578125
2024-06-24,149.14999389648438,148.38999938964844,478.17999267578125,473.9599914550781
2024-06-25,148.97000122070312,150.91000366210938,476.07000732421875,479.3800048828125
2024-06-26,149.72999572753906,150.0,478.54998779296875,480.3699951171875
2024-06-27,150.4600067138672,151.61000061035156,480.1199951171875,481.6099853515625
2024-06-28,151.5399932861328,151.6300048828125,482.4100036621094,479.1099853515625
2024-07-01,152.1999969482422,151.6300048828125,480.0400085449219,481.9200134277344
2024-07-02,151.2899932861328,154.33999633789062,480.4100036621094,486.9800109863281
2024-07-03,153.91000366210938,152.72999572753906,486.2200012207031,491.0400085449219
2024-07-05,152.39999389648438,152.5,491.8900146484375,496.1600036621094
2024-07-08,152.64999389648438,151.9600067138672,496.5299987792969,497.3399963378906
2024-07-09,152.9199981689453,152.4499969482422,498.8699951171875,497.7699890136719
2024-07-10,153.11000061035156,151.83999633789062,499.7099914550781,502.9599914550781
2024-07-11,150.5500030517578,146.0,503.07000732421875,491.92999267578125
2024-07-12,146.8300018310547,146.77999877929688,492.510009765625,494.82000732421875
2024-07-15,145.8800048828125,147.22000122070312,496.6099853515625,496.1499938964844
2024-07-16,148.47000122070312,151.25999450683594,497.6199951171875,496.3399963378906
2024-07-17,149.24000549316406,148.0,488.2799987792969,481.7699890136719
2024-07-18,148.1699981689453,146.8800048828125,485.5299987792969,479.489990234375
2024-07-19,147.02999877929688,147.99000549316406,479.1499938964844,475.239990234375
2024-07-22,148.13999938964844,150.17999267578125,481.1600036621094,482.32000732421875
2024-07-23,150.55999755859375,148.75,481.4100036621094,480.6199951171875
2024-07-24,146.72999572753906,144.22999572753906,473.82000732421875,463.3800048828125
2024-07-25,141.25,140.02999877929688,463.7200012207031,458.2699890136719
2024-07-26,141.89999389648438,140.10000610351562,462.6499938964844,462.9700012207031
2024-07-29,141.24000549316406,140.2899932861328,465.7099914550781,463.8999938964844
2024-07-30,140.64999389648438,138.99000549316406,465.8500061035156,457.5299987792969
2024-07-31,140.7899932861328,139.55999755859375,467.8699951171875,471.07000732421875
2024-08-01,139.6999969482422,135.08999633789062,471.760009765625,459.6600036621094
2024-08-02,129.30999755859375,128.22999572753906,450.8900146484375,448.75
2024-08-05,123.7699966430664,125.30999755859375,424.7099914550781,435.3699951171875
2024-08-06,126.90499877929688,130.47000122070312,437.2300109863281,439.5299987792969
2024-08-07,112.44000244140625,113.01000213623047,446.489990234375,434.7699890136719
2024-08-08,113.9800033569336,114.63999938964844,441.05999755859375,448.07000732421875
2024-08-09,114.46499633789062,115.08000183105469,446.739990234375,450.4100036621094
2024-08-12,115.4800033569336,113.62000274658203,451.3900146484375,451.3800048828125
2024-08-13,114.38999938964844,116.9000015258789,455.82000732421875,462.5799865722656
2024-08-14,117.72000122070312,116.23999786376953,463.510009765625,462.7300109863281
2024-08-15,118.19499969482422,118.87999725341797,468.760009765625,474.4200134277344
2024-08-16,117.9000015258789,116.30999755859375,472.6199951171875,475.0299987792969
2024-08-19,116.93000030517578,119.13999938964844,475.1700134277344,481.2699890136719
2024-08-20,118.94000244140625,117.37999725341797,480.3500061035156,480.260009765625
2024-08-21,118.04000091552734,117.68000030517578,481.04998779296875,482.5
2024-08-22,117.68000030517578,115.44999694824219,484.8399963378906,474.8500061035156
2024-08-23,116.63999938964844,116.8499984741211,479.239990234375,480.0
2024-08-26,116.8499984741211,115.70999908447266,479.45001220703125,475.3399963378906
2024-08-27,115.30000305175781,116.73999786376953,473.69000244140625,476.760009765625
2024-08-28,116.0,117.52999877929688,476.2900085449219,471.3500061035156
2024-08-29,118.16999816894531,116.5999984741211,473.2799987792969,470.6600036621094
2024-08-30,116.94000244140625,117.30999755859375,475.0400085449219,476.2699890136719
2024-09-03,116.3949966430664,114.9800033569336,473.20001220703125,461.80999755859375
2024-09-04,114.2699966430664,115.20999908447266,458.6700134277344,460.6099853515625
2024-09-05,114.63999938964844,116.16000366210938,458.9700012207031,461.0400085449219
2024-09-06,116.37000274658203,114.27999877929688,460.3299865722656,448.69000244140625
2024-09-09,115.11000061035156,116.36000061035156,453.05999755859375,454.4599914550781
2024-09-10,117.01000213623047,115.12000274658203,456.239990234375,458.6600036621094
2024-09-11,115.08999633789062,115.95999908447266,459.9100036621094,468.6199951171875
2024-09-12,116.33000183105469,117.36000061035156,468.6499938964844,473.2200012207031
2024-09-13,117.75,117.75,472.4800109863281,475.3399963378906
2024-09-16,117.98999786376953,117.55000305175781,473.19000244140625,473.239990234375
2024-09-17,119.87000274658203,122.12000274658203,476.2900085449219,473.489990234375
2024-09-18,122.31999969482422,122.41999816894531,474.70001220703125,471.44000244140625
2024-09-19,127.93000030517578,128.75,482.6099853515625,483.3599853515625
2024-09-20,129.8300018310547,131.17999267578125,482.489990234375,482.44000244140625
2024-09-23,131.5,129.02999877929688,482.95001220703125,483.0400085449219
2024-09-24,130.5800018310547,131.47999572753906,484.4599914550781,485.3699951171875
2024-09-25,131.30999755859375,130.7100067138672,484.739990234375,485.82000732421875
2024-09-26,132.70599365234375,129.25,493.3699951171875,489.4700012207031
2024-09-27,130.16000366210938,128.25,490.5,486.75
2024-09-30,127.31999969482422,126.80999755859375,485.7799987792969,488.07000732421875
2024-10-01,127.3499984741211,125.47000122070312,487.70001220703125,481.2699890136719
2024-10-02,125.33000183105469,126.18000030517578,480.3599853515625,481.95001220703125
2024-10-03,124.5999984741211,125.29000091552734,479.739990234375,481.5899963378906
2024-10-04,128.4199981689453,129.85000610351562,487.45001220703125,487.32000732421875
2024-10-07,129.0850067138672,130.22999572753906,485.3900146484375,482.1000061035156
2024-10-08,130.14999389648438,132.5,484.6600036621094,489.29998779296875
2024-10-09,133.39999389648438,135.49000549316406,489.0,493.1499938964844
2024-10-10,135.5500030517578,132.80999755859375,490.8500061035156,492.5899963378906
2024-10-11,132.3000030517578,134.39999389648438,490.739990234375,493.3599853515625
2024-10-14,133.97000122070312,134.7899932861328,495.7699890136719,497.5
2024-10-15,133.50999450683594,133.27000427246094,497.8299865722656,490.8500061035156
2024-10-16,134.72999572753906,135.14999389648438,491.17999267578125,490.9100036621094
2024-10-17,135.6999969482422,136.02000427246094,496.44000244140625,491.25
2024-10-18,136.80999755859375,136.4499969482422,494.05999755859375,494.4700012207031
2024-10-21,135.66000366210938,137.19000244140625,493.25,495.4200134277344
2024-10-22,136.11000061035156,135.58999633789062,492.7300109863281,495.9599914550781
2024-10-23,135.0,131.9199981689453,493.5899963378906,488.3599853515625
2024-10-24,133.5500030517578,132.75,492.1099853515625,492.32000732421875
2024-10-25,133.3800048828125,134.5800018310547,495.1400146484375,495.32000732421875
2024-10-28,136.3000030517578,135.77999877929688,498.4599914550781,495.3999938964844
2024-10-29,135.3300018310547,137.77999877929688,495.7200012207031,500.1600036621094
2024-10-30,136.47000122070312,136.5,499.3900146484375,496.3800048828125
2024-10-31,137.6999969482422,134.7899932861328,492.3800048828125,483.8500061035156
2024-11-01,133.9600067138672,136.4600067138672,485.5,487.42999267578125
2024-11-04,136.22999572753906,136.8699951171875,486.82000732421875,486.010009765625
2024-11-05,137.5500030517578,137.82000732421875,487.6099853515625,492.2099914550781
2024-11-06,141.97999572753906,140.91000366210938,500.55999755859375,505.5799865722656
2024-11-07,141.75999450683594,147.3699951171875,508.3999938964844,513.5399780273438
2024-11-08,134.6699981689453,134.61000061035156,513.0399780273438,514.1400146484375
2024-11-11,136.0,137.39999389648438,515.3699951171875,513.8400268554688
2024-11-12,135.64999389648438,133.1999969482422,513.77001953125,512.9099731445312
2024-11-13,133.8300018310547,132.75999450683594,512.4000244140625,512.25
2024-11-14,133.97000122070312,134.55999755859375,511.9100036621094,508.69000244140625
2024-11-15,134.1999969482422,132.5,502.94000244140625,496.57000732421875
2024-11-18,132.55999755859375,132.19000244140625,498.1300048828125,500.0199890136719
2024-11-19,131.14999389648438,131.44000244140625,497.4200134277344,503.4599914550781
2024-11-20,130.22000122070312,135.25,503.1600036621094,503.1700134277344
2024-11-21,134.17999267578125,133.25999450683594,506.239990234375,504.9800109863281
2024-11-22,133.3000030517578,137.33999633789062,504.4200134277344,505.7900085449219
2024-11-25,138.00999450683594,140.92999267578125,509.8999938964844,506.5899963378906
2024-11-26,140.77999877929688,139.6699981689453,508.0799865722656,509.30999755859375
2024-11-27,139.6699981689453,138.27999877929688,508.1700134277344,505.29998779296875
2024-11-29,138.52999877929688,136.11000061035156,505.92999267578125,509.739990234375
2024-12-02,136.00999450683594,137.49000549316406,511.010009765625,515.2899780273438
2024-12-03,136.97000122070312,137.4600067138672,513.9500122070312,516.8699951171875
2024-12-04,136.5500030517578,139.07000732421875,520.3200073242188,523.260009765625
2024-12-05,138.83999633789062,136.32000732421875,523.3099975585938,521.8099975585938
2024-12-06,137.75,136.9199981689453,522.47998046875,526.47998046875
2024-12-09,137.0,137.27000427246094,525.5499877929688,522.3800048828125
2024-12-10,137.19000244140625,138.3000030517578,523.6199951171875,520.5999755859375
2024-12-11,138.67999267578125,138.83999633789062,525.0,529.9199829101562
2024-12-12,138.10000610351562,137.47000122070312,527.6799926757812,526.5
2024-12-13,136.64999389648438,130.9499969482422,530.4600219726562,530.530029296875
2024-12-16,131.22000122070312,132.1999969482422,533.0800170898438,538.1699829101562
2024-12-17,132.1999969482422,132.24000549316406,536.3599853515625,535.7999877929688
2024-12-18,132.02499389648438,127.54000091552734,535.1500244140625,516.469970703125
2024-12-19,129.1300048828125,129.35000610351562,521.1900024414062,514.1699829101562
2024-12-20,128.6300048828125,134.2100067138672,510.44000244140625,518.6599731445312
2024-12-23,134.80999755859375,134.52000427246094,519.5499877929688,522.8699951171875
2024-12-24,134.3300018310547,134.99000549316406,524.8300170898438,529.9600219726562
2024-12-26,134.24000549316406,135.32000732421875,528.3200073242188,529.5999755859375
2024-12-27,133.58999633789062,133.38499450683594,526.010009765625,522.5599975585938
2024-12-30,131.30999755859375,131.80999755859375,515.510009765625,515.6099853515625
2024-12-31,132.4600067138672,131.41000366210938,516.9000244140625,511.2300109863281
2025-01-02,131.8699951171875,131.47999572753906,514.2999877929688,510.2300109863281
2025-01-03,131.97999572753906,135.7100067138672,513.3499755859375,518.5800170898438
2025-01-06,137.0,135.1999969482422,524.02001953125,524.5399780273438
2025-01-07,135.35000610351562,131.2899932861328,525.5900268554688,515.1799926757812
2025-01-08,131.1999969482422,130.8000030517578,515.0800170898438,515.27001953125
2025-01-10,131.3000030517578,129.6300048828125,511.4800109863281,507.19000244140625
2025-01-13,128.5850067138672,128.85000610351562,501.20001220703125,505.55999755859375
2025-01-14,129.82000732421875,127.5999984741211,508.739990234375,505.0799865722656
2025-01-15,130.19000244140625,132.52000427246094,513.030029296875,516.7000122070312
2025-01-16,132.0,132.16000366210938,518.97998046875,513.0800170898438
2025-01-17,134.1699981689453,135.1199951171875,522.8499755859375,521.739990234375
2025-01-21,135.47000122070312,133.07000732421875,524.47998046875,524.7999877929688
2025-01-22,133.0,132.5,529.5700073242188,531.510009765625
2025-01-23,132.39999389648438,133.24000549316406,529.0399780273438,532.6400146484375
2025-01-24,132.61000061035156,127.08999633789062,533.02001953125,529.6300048828125
2025-01-27,125.94000244140625,128.9600067138672,511.0,514.2100219726562
2025-01-28,128.6699981689453,131.0500030517578,515.219970703125,521.8099975585938
2025-01-29,131.4199981689453,132.5800018310547,522.4600219726562,520.8300170898438
2025-01-30,133.55999755859375,131.7899932861328,523.7100219726562,523.0499877929688
2025-01-31,132.27999877929688,131.1699981689453,526.9199829101562,522.2899780273438
2025-02-03,129.19000244140625,129.77999877929688,513.469970703125,518.1099853515625
2025-02-04,129.5800018310547,130.74000549316406,518.6300048828125,524.469970703125
2025-02-05,130.27000427246094,129.60000610351562,521.8200073242188,526.8499755859375
2025-02-06,130.16000366210938,132.57000732421875,527.3599853515625,529.5999755859375
2025-02-07,134.6999969482422,134.97999572753906,530.1400146484375,522.9199829101562
2025-02-10,136.3000030517578,135.24000549316406,527.219970703125,529.25
2025-02-11,134.91000366210938,134.52000427246094,525.9600219726562,527.989990234375
2025-02-12,133.07000732421875,140.52000427246094,522.2999877929688,528.2999877929688
2025-02-13,139.63999938964844,141.0399932861328,529.97998046875,535.9000244140625
2025-02-14,158.18499755859375,161.4199981689453,536.010009765625,538.1500244140625
2025-02-18,161.0399932861328,160.60000610351562,539.72998046875,539.3699951171875
2025-02-19,160.0,157.97999572753906,538.5700073242188,539.52001953125
2025-02-20,156.32000732421875,155.30999755859375,538.72998046875,537.22998046875
2025-02-21,154.56500244140625,146.07000732421875,538.3800048828125,526.0800170898438
2025-02-24,147.0,144.82000732421875,527.8800048828125,519.8699951171875
2025-02-25,144.78500366210938,141.5500030517578,519.239990234375,513.3200073242188
2025-02-26,143.16000366210938,144.02999877929688,515.530029296875,514.5599975585938
2025-02-27,144.6300048828125,139.4499969482422,518.1300048828125,500.2699890136719
2025-02-28,139.5,138.8699951171875,500.1300048828125,508.1700134277344
2025-03-03,140.33999633789062,140.97999572753906,511.5199890136719,497.04998779296875
2025-03-04,139.9949951171875,141.4199981689453,494.17999267578125,495.54998779296875
2025-03-05,141.8699951171875,142.5800018310547,496.20001220703125,502.010009765625
2025-03-06,140.3249969482422,134.77000427246094,493.69000244140625,488.20001220703125
2025-03-07,134.7100067138672,134.38999938964844,487.1600036621094,491.7900085449219
2025-03-10,134.57000732421875,132.14999389648438,483.45001220703125,472.7300109863281
2025-03-11,129.97999572753906,125.44000244140625,472.3500061035156,471.6000061035156
2025-03-12,127.0,126.55000305175781,479.1600036621094,476.9200134277344
2025-03-13,124.98999786376953,119.37999725341797,476.25,468.3399963378906
2025-03-14,121.87999725341797,122.86000061035156,473.7300109863281,479.6600036621094
2025-03-17,123.9000015258789,126.94000244140625,479.6099853515625,482.7699890136719
2025-03-18,126.0,124.55999755859375,479.4100036621094,474.5400085449219
2025-03-19,125.0999984741211,126.0,476.80999755859375,480.8900146484375
2025-03-20,124.69999694824219,126.1500015258789,476.8800048828125,479.260009765625
2025-03-21,124.65499877929688,128.8000030517578,474.0799865722656,480.8399963378906
2025-03-24,130.2449951171875,129.82000732421875,487.739990234375,490.6600036621094
2025-03-25,129.5500030517578,129.8800048828125,491.3900146484375,493.4599914550781
2025-03-26,129.97000122070312,128.63999938964844,492.29998779296875,484.3800048828125
2025-03-27,126.01499938964844,125.6500015258789,482.4100036621094,481.6199951171875
2025-03-28,125.54000091552734,120.69000244140625,479.80999755859375,468.94000244140625
2025-03-31,118.80999755859375,119.45999908447266,461.9200134277344,468.9200134277344
2025-04-01,119.66999816894531,121.18000030517578,467.29998779296875,472.70001220703125
2025-04-02,119.4800033569336,122.80000305175781,466.1199951171875,476.1499938964844
2025-04-03,116.62000274658203,113.97000122070312,456.44000244140625,450.6600036621094
2025-04-04,109.26000213623047,106.66000366210938,438.1400146484375,422.6700134277344
2025-04-07,103.01000213623047,106.30000305175781,408.6600036621094,423.69000244140625
2025-04-08,110.73999786376953,105.69000244140625,438.1600036621094,416.05999755859375
2025-04-09,105.7300033569336,121.31999969482422,415.57000732421875,466.0
2025-04-10,117.61000061035156,113.91000366210938,453.55999755859375,446.17999267578125
2025-04-11,113.87000274658203,114.54000091552734,444.6499938964844,454.3999938964844
2025-04-14,117.30000305175781,113.22000122070312,464.4599914550781,457.4800109863281
2025-04-15,114.2249984741211,114.63999938964844,458.5400085449219,457.989990234375
2025-04-16,113.58000183105469,112.63999938964844,449.0299987792969,444.17999267578125
2025-04-17,113.75,112.69999694824219,447.1700134277344,444.1000061035156
2025-04-21,111.31999969482422,111.61000061035156,438.2300109863281,433.1099853515625
2025-04-22,112.58999633789062,114.91000366210938,438.82000732421875,444.4800109863281
2025-04-23,119.69999694824219,118.27999877929688,458.1700134277344,454.55999755859375
2025-04-24,118.86000061035156,121.70999908447266,456.4800109863281,467.3500061035156
2025-04-25,121.43000030517578,122.51000213623047,466.9700012207031,472.55999755859375
2025-04-28,122.51000213623047,123.30000305175781,473.0299987792969,472.4100036621094
2025-04-29,123.27999877929688,125.48999786376953,470.1700134277344,475.5299987792969
2025-04-30,121.05500030517578,121.91999816894531,467.1300048828125,475.4700012207031
2025-05-01,121.91999816894531,124.01000213623047,483.4100036621094,481.67999267578125
2025-05-02,121.0999984741211,125.26000213623047,486.5400085449219,488.8299865722656
2025-05-05,123.3550033569336,124.88999938964844,484.6000061035156,485.92999267578125
2025-05-06,123.1449966430664,121.66999816894531,479.55999755859375,481.4100036621094
2025-05-07,121.33499908447266,123.12000274658203,482.0799865722656,483.29998779296875
2025-05-08,124.625,126.38999938964844,488.5299987792969,488.2900085449219
2025-05-09,124.95999908447266,127.04000091552734,490.2099914550781,487.9700012207031
2025-05-12,133.16000366210938,134.2100067138672,506.989990234375,507.8500061035156
2025-05-13,134.6199951171875,138.0500030517578,509.1600036621094,515.5900268554688
2025-05-14,138.35000610351562,137.4499969482422,516.77001953125,518.6799926757812
2025-05-15,137.0800018310547,136.7899932861328,516.52001953125,519.25
2025-05-16,137.5500030517578,138.0,520.6599731445312,521.510009765625
2025-05-19,135.30999755859375,136.60000610351562,514.239990234375,522.010009765625
2025-05-20,133.7550048828125,132.1300048828125,519.469970703125,520.27001953125
2025-05-21,130.67999267578125,127.5199966430664,516.27001953125,513.0399780273438
2025-05-22,126.79000091552734,127.6500015258789,513.6599731445312,514.0
2025-05-23,125.08999633789062,126.72000122070312,506.17999267578125,509.239990234375
2025-05-27,128.67999267578125,129.39999389648438,516.1500244140625,521.219970703125
2025-05-28,129.4499969482422,128.6699981689453,522.1799926757812,518.9099731445312
2025-05-29,130.0,128.36000061035156,526.3300170898438,519.9299926757812
2025-05-30,125.5,129.0,519.4400024414062,519.1099853515625
2025-06-02,128.85000610351562,129.6199951171875,517.239990234375,523.2100219726562
2025-06-03,129.5,132.89999389648438,523.5599975585938,527.2999877929688
2025-06-04,132.27999877929688,133.50999450683594,528.010009765625,528.77001953125
2025-06-05,133.5,137.2899932861328,530.1799926757812,524.7899780273438
2025-06-06,139.17999267578125,140.63999938964844,530.0,529.9199829101562
2025-06-09,141.47000122070312,139.00999450683594,530.1400146484375,530.7000122070312
2025-06-10,139.22000122070312,138.55999755859375,531.1699829101562,534.2100219726562
2025-06-11,140.24000549316406,138.05999755859375,535.6199951171875,532.4099731445312
2025-06-12,137.1300048828125,138.80999755859375,531.0900268554688,533.6599731445312
2025-06-13,136.0800018310547,135.5399932861328,527.6799926757812,526.9600219726562
2025-06-16,138.55999755859375,137.2100067138672,530.5,534.2899780273438
2025-06-17,136.08999633789062,133.3699951171875,531.7100219726562,529.0800170898438
2025-06-18,132.7100067138672,132.1699981689453,530.0999755859375,528.989990234375
2025-06-20,132.0,131.72999572753906,532.260009765625,526.8300170898438
2025-06-23,131.52999877929688,130.52999877929688,526.8099975585938,531.6500244140625
2025-06-24,131.9199981689453,132.14999389648438,536.8900146484375,539.780029296875
2025-06-25,132.8000030517578,129.6699981689453,542.0599975585938,541.1599731445312
2025-06-26,130.3300018310547,133.72000122070312,543.3499755859375,546.219970703125
2025-06-27,134.00999450683594,134.52000427246094,547.260009765625,548.0900268554688
2025-06-30,135.05999755859375,132.33999633789062,551.260009765625,551.6400146484375
2025-07-01,132.22500610351562,135.41000366210938,549.72998046875,546.989990234375
2025-07-02,135.22000122070312,135.38999938964844,546.1599731445312,550.7999877929688
2025-07-03,136.27000427246094,136.49000549316406,553.1799926757812,556.219970703125
2025-07-07,135.86000061035156,137.0,553.52001953125,552.030029296875
2025-07-08,137.5,136.99000549316406,553.3800048828125,552.3400268554688
2025-07-09,137.4499969482422,136.85000610351562,554.47998046875,556.25
2025-07-10,137.05499267578125,137.0,556.8900146484375,555.4500122070312
2025-07-11,136.1199951171875,135.35000610351562,553.2999877929688,554.2000122070312
2025-07-14,135.0,138.57000732421875,553.989990234375,556.2100219726562
2025-07-15,139.4600067138672,136.5399932861328,560.25,556.719970703125
2025-07-16,136.94000244140625,136.7100067138672,557.280029296875,557.2899780273438
2025-07-17,137.5800018310547,139.3000030517578,558.02001953125,561.7999877929688
2025-07-18,139.99000549316406,139.33999633789062,563.1199951171875,561.260009765625
2025-07-21,139.32000732421875,138.07000732421875,562.0900268554688,564.1699829101562
2025-07-22,138.63999938964844,139.42999267578125,564.2999877929688,561.25
2025-07-23,139.6199951171875,139.8300018310547,562.3400268554688,563.8099975585938
2025-07-24,139.4600067138672,141.6199951171875,565.1300048828125,565.010009765625
2025-07-25,142.4600067138672,141.30999755859375,564.9299926757812,566.3699951171875
2025-07-28,141.3000030517578,142.16000366210938,567.739990234375,568.1400146484375
2025-07-29,142.1699981689453,136.83999633789062,570.760009765625,567.260009765625
2025-07-30,135.89999389648438,134.75,568.1799926757812,568.02001953125
2025-07-31,134.75,132.41000366210938,574.5399780273438,565.010009765625
2025-08-01,130.0399932861328,128.02000427246094,558.8300170898438,553.8800048828125
2025-08-04,129.10000610351562,130.9600067138672,559.0499877929688,564.0999755859375
2025-08-05,131.1199951171875,129.9600067138672,565.3900146484375,560.27001953125
2025-08-06,130.6750030517578,130.5,561.1099853515625,567.3200073242188
2025-08-07,120.37999725341797,120.02999877929688,571.6699829101562,569.239990234375
2025-08-08,120.56999969482422,121.0199966430664,570.4500122070312,574.5499877929688
2025-08-11,120.01000213623047,118.30000305175781,574.6900024414062,572.8499755859375
2025-08-12,118.95999908447266,121.61000061035156,575.1599731445312,580.0499877929688
2025-08-13,122.30000305175781,124.55000305175781,582.760009765625,580.3400268554688
2025-08-14,123.49500274658203,124.63999938964844,578.280029296875,579.8900146484375
2025-08-15,125.0,125.0999984741211,579.7999877929688,577.3400268554688
2025-08-18,124.625,125.48999786376953,576.4400024414062,577.1099853515625
2025-08-19,125.3499984741211,126.0,576.3900146484375,569.280029296875
2025-08-20,125.04000091552734,124.95999908447266,568.3300170898438,565.9000244140625
2025-08-21,124.95999908447266,126.43000030517578,564.3499755859375,563.280029296875
2025-08-22,127.16999816894531,129.9199981689453,564.6699829101562,571.969970703125
2025-08-25,129.44000244140625,128.14999389648438,570.4000244140625,570.3200073242188
2025-08-26,127.71499633789062,126.88999938964844,569.8300170898438,572.6099853515625
2025-08-27,127.0,129.85000610351562,571.5900268554688,573.489990234375
2025-08-28,130.19000244140625,130.4600067138672,574.1099853515625,577.0800170898438
2025-08-29,129.9199981689453,130.52999877929688,574.6599731445312,570.4000244140625
2025-09-02,128.4199981689453,127.58999633789062,561.3099975585938,565.6199951171875
2025-09-03,127.41999816894531,124.9000015258789,569.22998046875,570.0700073242188
2025-09-04,124.6500015258789,125.37000274658203,570.739990234375,575.22998046875
2025-09-05,125.37000274658203,123.80999755859375,580.489990234375,576.0599975585938
2025-09-08,124.23999786376953,124.62000274658203,578.3699951171875,578.8699951171875
2025-09-09,124.12000274658203,123.80999755859375,579.6699829101562,580.510009765625
2025-09-10,123.80999755859375,123.41000366210938,583.739990234375,580.7000122070312
2025-09-11,123.69499969482422,123.05000305175781,583.239990234375,584.0800170898438
2025-09-12,123.06999969482422,122.55000305175781,585.0399780273438,586.6599731445312
2025-09-15,122.91000366210938,120.37000274658203,588.4400024414062,591.6799926757812
2025-09-16,120.70999908447266,121.66000366210938,592.6099853515625,591.1799926757812
2025-09-17,121.9800033569336,123.19999694824219,591.0999755859375,590.0
2025-09-18,123.73999786376953,125.47000122070312,594.9099731445312,595.3200073242188
2025-09-19,126.33000183105469,127.04000091552734,597.3300170898438,599.3499755859375
2025-09-22,125.6500015258789,125.44000244140625,597.739990234375,602.2000122070312
2025-09-23,125.44000244140625,123.5,602.3699951171875,598.2000122070312
2025-09-24,123.5,123.08000183105469,599.5800170898438,596.0999755859375
2025-09-25,122.91000366210938,121.75,592.2000122070312,593.530029296875
2025-09-26,122.19999694824219,123.69999694824219,594.3499755859375,595.969970703125
2025-09-29,124.44000244140625,122.91999816894531,599.1099853515625,598.72998046875
2025-09-30,122.9000015258789,121.41999816894531,598.4299926757812,600.3699951171875
2025-10-01,120.8499984741211,122.31999969482422,597.1699829101562,603.25
2025-10-02,122.47000122070312,121.48999786376953,607.0599975585938,605.72998046875
2025-10-03,121.6500015258789,120.22000122070312,606.510009765625,603.1799926757812
2025-10-06,120.7300033569336,120.3499984741211,608.4500122070312,607.7100219726562
2025-10-07,120.48999786376953,119.8499984741211,609.02001953125,604.510009765625
2025-10-08,120.23500061035156,119.98999786376953,605.4099731445312,611.4400024414062
2025-10-09,120.45999908447266,120.1500015258789,611.47998046875,610.7000122070312
2025-10-10,120.30000305175781,118.19000244140625,611.4000244140625,589.5
2025-10-13,118.91000366210938,118.86000061035156,599.6799926757812,602.010009765625
2025-10-14,117.69000244140625,122.88999938964844,595.3099975585938,598.0
2025-10-15,124.33499908447266,124.26000213623047,604.010009765625,602.219970703125
2025-10-16,124.26000213623047,122.88999938964844,605.1099853515625,599.989990234375
2025-10-17,123.06500244140625,125.91000366210938,597.9500122070312,603.9299926757812
2025-10-20,126.11000061035156,127.20999908447266,607.1400146484375,611.5399780273438
2025-10-21,126.87000274658203,128.55999755859375,611.6400146484375,611.3800048828125
2025-10-22,128.52000427246094,127.5,610.8200073242188,605.489990234375
2025-10-23,127.52999877929688,127.3499984741211,604.9099731445312,610.5800170898438
2025-10-24,127.6500015258789,127.98999786376953,615.989990234375,617.0999755859375
2025-10-27,128.22999572753906,129.07000732421875,624.52001953125,628.0900268554688
2025-10-28,129.58999633789062,128.00999450683594,630.3599853515625,632.9199829101562
2025-10-29,127.87000274658203,126.4800033569336,635.5900268554688,635.77001953125
2025-10-30,125.47000122070312,126.33999633789062,632.1699829101562,626.0499877929688
2025-10-31,126.18000030517578,126.54000091552734,634.1699829101562,629.0700073242188
2025-11-03,126.45999908447266,126.80000305175781,635.1099853515625,632.0800170898438
2025-11-04,125.5,122.3499984741211,623.280029296875,619.25
2025-11-05,122.0,122.5,618.489990234375,623.280029296875
2025-11-06,122.37999725341797,120.52999877929688,621.7899780273438,611.6699829101562
2025-11-07,125.49500274658203,120.87999725341797,608.3099975585938,609.739990234375
2025-11-10,121.94000244140625,120.19999694824219,618.9199829101562,623.22998046875
2025-11-11,120.27999877929688,122.52999877929688,620.5700073242188,621.5700073242188
2025-11-12,122.66000366210938,121.69000244140625,624.8400268554688,621.0800170898438
2025-11-13,121.50499725341797,121.19000244140625,617.5399780273438,608.4000244140625
2025-11-14,120.91999816894531,122.0199966430664,599.5499877929688,608.8599853515625
2025-11-17,120.73999786376953,117.5999984741211,606.2999877929688,603.6599731445312
2025-11-18,116.58999633789062,115.41999816894531,599.6199951171875,596.3099975585938
2025-11-19,115.5,114.44000244140625,597.0700073242188,599.8699951171875
2025-11-20,114.51000213623047,111.54000091552734,611.6199951171875,585.6699829101562
2025-11-21,112.16999816894531,114.26000213623047,587.469970703125,590.0700073242188
2025-11-24,114.66500091552734,114.41000366210938,595.280029296875,605.1599731445312
2025-11-25,114.46499633789062,118.55999755859375,603.510009765625,608.8900146484375
2025-11-26,117.98999786376953,116.73999786376953,612.510009765625,614.27001953125
2025-11-28,116.75499725341797,116.98999786376953,616.1099853515625,619.25
2025-12-01,116.0,118.80000305175781,613.6300048828125,617.1699829101562
2025-12-02,118.6500015258789,118.5,619.4600219726562,622.0
2025-12-03,118.26000213623047,120.12999725341797,619.6199951171875,623.52001953125
2025-12-04,120.1500015258789,120.81999969482422,624.9299926757812,622.9400024414062
2025-12-05,120.91999816894531,124.31999969482422,624.3800048828125,625.47998046875
2025-12-08,124.21499633789062,122.01000213623047,627.2100219726562,624.280029296875
2025-12-09,121.61000061035156,125.38999938964844,623.010009765625,625.0499877929688
2025-12-10,125.44999694824219,127.56999969482422,623.8499755859375,627.6099853515625
2025-12-11,127.5999984741211,128.0,623.8200073242188,625.5800170898438
2025-12-12,128.92999267578125,128.38999938964844,622.0800170898438,613.6199951171875
2025-12-15,129.2899932861328,131.80999755859375,618.3699951171875,610.5399780273438
2025-12-16,132.02999877929688,132.00999450683594,608.260009765625,611.75
2025-12-17,133.9600067138672,133.77999877929688,613.0599975585938,600.4099731445312
2025-12-18,133.3000030517578,133.99000549316406,609.7999877929688,609.1099853515625
2025-12-19,134.14999389648438,135.27999877929688,611.9500122070312,617.0499877929688
2025-12-22,136.08999633789062,136.9499969482422,621.3499755859375,619.2100219726562
2025-12-23,136.60000610351562,136.49000549316406,618.2000122070312,622.1099853515625
2025-12-24,136.00999450683594,136.77999877929688,621.989990234375,623.9299926757812
2025-12-26,136.72999572753906,136.82000732421875,624.6599731445312,623.8900146484375
2025-12-29,136.5,136.6199951171875,620.0999755859375,620.8699951171875
2025-12-30,135.88999938964844,136.91000366210938,619.8400268554688,619.4299926757812
2025-12-31,136.6199951171875,135.72000122070312,619.6500244140625,614.3099975585938
2026-01-02,135.94000244140625,133.00999450683594,620.0599975585938,613.1199951171875
2026-01-05,133.10000610351562,135.8699951171875,619.3200073242188,617.989990234375
2026-01-06,135.9499969482422,138.02000427246094,619.22998046875,623.4199829101562
2026-01-07,137.64999389648438,137.0399932861328,623.0399780273438,624.02001953125
2026-01-08,136.10499572753906,138.66000366210938,623.030029296875,620.469970703125
2026-01-09,140.0050048828125,139.27000427246094,621.4099731445312,626.6500244140625
2026-01-12,139.27999877929688,138.50999450683594,622.3099975585938,627.1699829101562
2026-01-13,138.13999938964844,140.07000732421875,627.27001953125,626.239990234375
2026-01-14,139.5,132.7899932861328,622.239990234375,619.5499877929688
2026-01-15,134.5399932861328,132.60000610351562,626.5999755859375,621.780029296875
2026-01-16,132.60000610351562,130.66000366210938,625.5,621.260009765625
2026-01-20,127.83000183105469,130.72999572753906,610.530029296875,608.0599975585938
2026-01-21,130.72999572753906,133.58999633789062,609.469970703125,616.280029296875
2026-01-22,134.32000732421875,133.8000030517578,622.3499755859375,620.760009765625
2026-01-23,133.2100067138672,132.14999389648438,619.72998046875,622.719970703125
2026-01-26,132.49000549316406,133.38999938964844,623.2100219726562,625.4600219726562
2026-01-27,133.22999572753906,132.22000122070312,628.9099731445312,631.1300048828125
2026-01-28,132.5399932861328,131.5500030517578,635.4600219726562,633.219970703125
2026-01-29,131.75,131.77000427246094,632.6500244140625,629.4299926757812
2026-01-30,130.97000122070312,129.3699951171875,625.7100219726562,621.8699951171875
2026-02-02,129.5,131.30999755859375,618.7000122070312,626.1400146484375
2026-02-03,130.24000549316406,122.07499694824219,628.2999877929688,616.52001953125
2026-02-04,123.1500015258789,124.61000061035156,615.02001953125,605.75
2026-02-05,124.23999786376953,121.2699966430664,600.2100219726562,597.030029296875
2026-02-06,121.2699966430664,122.18000030517578,600.1900024414062,609.6500244140625
2026-02-09,121.80999755859375,121.30999755859375,607.5399780273438,614.3200073242188
2026-02-10,120.44000244140625,120.31999969482422,615.3099975585938,611.469970703125
2026-02-11,120.95500183105469,119.55000305175781,616.3800048828125,613.1099853515625
2026-02-12,119.55000305175781,115.95999908447266,614.7100219726562,600.6400146484375
2026-02-13,126.46499633789062,121.3499984741211,600.4299926757812,601.9199829101562
2026-02-17,122.08000183105469,124.2300033569336,598.3800048828125,601.2999877929688
2026-02-18,124.18000030517578,124.2699966430664,602.1099853515625,605.7899780273438
2026-02-19,123.83999633789062,125.80999755859375,602.8099975585938,603.469970703125
2026-02-20,125.29000091552734,127.88999938964844,600.1199951171875,608.8099975585938
2026-02-23,127.08999633789062,122.95999908447266,606.6099853515625,601.4099731445312
2026-02-24,124.0199966430664,125.66000366210938,602.4000244140625,607.8699951171875
2026-02-25,126.5,132.02000427246094,611.0700073242188,616.6799926757812
2026-02-26,132.19500732421875,136.97000122070312,615.5900268554688,609.239990234375
2026-02-27,134.42999267578125,135.11000061035156,602.97998046875,607.2899780273438
2026-03-02,129.5,133.25999450683594,598.8599853515625,608.0900268554688
2026-03-03,131.8800048828125,133.0399932861328,596.3300170898438,601.5800170898438
2026-03-04,133.24000549316406,135.5399932861328,604.1599731445312,610.75
2026-03-05,135.72999572753906,135.85000610351562,607.4000244140625,608.9099731445312
2026-03-06,133.88999938964844,133.22999572753906,600.3099975585938,599.75
2026-03-09,131.42999267578125,134.02999877929688,594.22998046875,607.760009765625
2026-03-10,132.80499267578125,132.44000244140625,607.780029296875,607.77001953125
2026-03-11,132.8699951171875,133.38999938964844,608.9500122070312,607.6900024414062
2026-03-12,132.4499969482422,127.69999694824219,602.760009765625,597.260009765625
2026-03-13,127.2300033569336,126.30000305175781,599.72998046875,593.719970703125
2026-03-16,127.27999877929688,128.32000732421875,600.0399780273438,600.3800048828125
2026-03-17,129.60000610351562,131.9499969482422,603.1400146484375,603.3099975585938
2026-03-18,131.1999969482422,131.1300048828125,601.489990234375,594.9000244140625
2026-03-19,129.9499969482422,130.7899932861328,589.510009765625,593.02001953125
2026-03-20,130.02999877929688,128.52000427246094,591.0599975585938,582.0599975585938
2026-03-23,130.2899932861328,132.58999633789062,590.52001953125,588.0
2026-03-24,132.1999969482422,130.0,584.8099975585938,583.97998046875
2026-03-25,130.88999938964844,131.80999755859375,589.1400146484375,587.8200073242188
2026-03-26,131.88999938964844,131.05999755859375,582.5999755859375,573.7899780273438
2026-03-27,129.22000122070312,122.87000274658203,570.8099975585938,562.5800170898438
2026-03-30,123.9000015258789,123.0999984741211,567.3800048828125,558.280029296875
2026-03-31,125.06999969482422,126.27999877929688,564.2899780273438,577.1799926757812
2026-04-01,126.38999938964844,125.19000244140625,581.47998046875,584.3099975585938
2026-04-02,122.80000305175781,124.94999694824219,573.969970703125,584.97998046875
2026-04-06,124.30000305175781,126.80999755859375,586.22998046875,588.5
2026-04-07,126.4000015258789,124.97000122070312,585.6400146484375,588.5900268554688
2026-04-08,130.99000549316406,131.39999389648438,608.7100219726562,606.0900268554688
2026-04-09,130.4499969482422,129.16000366210938,605.9299926757812,610.1900024414062
2026-04-10,128.8699951171875,128.9600067138672,611.8400268554688,611.0700073242188
2026-04-13,127.19999694824219,130.32000732421875,609.47998046875,617.3900146484375
2026-04-14,130.5,133.85000610351562,620.219970703125,628.5999755859375
2026-04-15,134.50999450683594,137.50999450683594,629.0800170898438,637.4000244140625
2026-04-16,138.8699951171875,137.80999755859375,639.2100219726562,640.469970703125
2026-04-17,139.90499877929688,141.5500030517578,645.5900268554688,648.8499755859375
2026-04-20,141.0,143.58999633789062,648.0399780273438,646.7899780273438
2026-04-21,143.8800048828125,142.64999389648438,648.4099731445312,644.3300170898438
2026-04-22,146.47500610351562,144.17999267578125,650.1500244140625,655.1099853515625
2026-04-23,143.99000549316406,141.8699951171875,653.5499877929688,651.4199829101562
2026-04-24,140.1699981689453,142.82000732421875,658.510009765625,663.8800048828125
2026-04-27,140.97000122070312,141.05999755859375,663.4000244140625,664.22998046875
2026-04-28,140.92999267578125,139.0399932861328,657.4099731445312,657.5499877929688
2026-04-29,136.25,140.27999877929688,658.6300048828125,661.5700073242188
2026-04-30,142.0,140.36000061035156,665.3499755859375,667.739990234375
2026-05-01,141.32000732421875,141.66000366210938,669.1599731445312,674.1500244140625
2026-05-04,142.7100067138672,138.86000061035156,674.6599731445312,672.8800048828125
2026-05-05,139.0,139.72999572753906,677.9600219726562,681.6099853515625
2026-05-06,141.60499572753906,139.8800048828125,687.780029296875,695.77001953125
2026-05-07,140.5,140.4600067138672,696.5800170898438,694.9400024414062
2026-05-08,138.125,141.49000549316406,699.9199829101562,711.22998046875
2026-05-11,141.7449951171875,137.0500030517578,710.3599853515625,713.2899780273438
2026-05-12,137.5800018310547,135.47999572753906,708.219970703125,707.239990234375
2026-05-13,134.69000244140625,132.97000122070312,709.9600219726562,714.7100219726562
2026-05-14,133.0,133.6699981689453,714.6199951171875,719.7899780273438
2026-05-15,132.90499877929688,132.85000610351562,710.1400146484375,708.9299926757812
2026-05-18,133.5,134.3000030517578,711.5399780273438,705.8800048828125
2026-05-19,133.07000732421875,131.16000366210938,699.8099975585938,701.530029296875
2026-05-20,131.39999389648438,135.5500030517578,705.2899780273438,713.1500244140625
2026-05-21,134.6649932861328,134.25,708.989990234375,714.510009765625
2026-05-22,134.7550048828125,132.35000610351562,718.0700073242188,717.5399780273438
2026-05-26,132.3699951171875,132.67999267578125,725.9600219726562,730.280029296875
2026-05-27,132.5399932861328,132.10000610351562,732.9600219726562,729.4500122070312
2026-05-28,131.36000061035156,134.5,729.72998046875,735.5999755859375
2026-05-29,134.5,133.30999755859375,737.8400268554688,738.3099975585938
2026-06-01,133.30999755859375,137.8699951171875,737.0399780273438,742.739990234375
2026-06-02,136.24000549316406,134.35000610351562,742.4000244140625,746.1599731445312
2026-06-03,133.22000122070312,133.58999633789062,747.3099975585938,744.2100219726562
2026-06-04,136.00999450683594,133.72000122070312,735.47998046875,740.6099853515625
2026-06-05,134.02000427246094,133.5399932861328,730.0599975585938,705.0599975585938
2026-06-08,133.69000244140625,134.42999267578125,717.8099975585938,716.0700073242188
2026-06-09,134.5800018310547,131.35000610351562,722.97998046875,707.8300170898438
2026-06-10,130.22000122070312,129.10000610351562,701.6599731445312,693.6900024414062
2026-06-11,128.3699951171875,130.8699951171875,699.2899780273438,717.1199951171875
2026-06-12,132.3300018310547,132.27999877929688,717.6099853515625,721.3400268554688
2026-06-15,134.4199981689453,138.9600067138672,738.0999755859375,744.0
2026-06-16,139.63999938964844,141.1999969482422,742.25,729.8599853515625
2026-06-17,140.69000244140625,140.5399932861328,735.1900024414062,722.510009765625
2026-06-18,141.38999938964844,142.41000366210938,737.2000122070312,740.6199951171875
2026-06-22,140.97999572753906,139.19000244140625,742.02001953125,737.9500122070312
2026-06-23,139.30999755859375,138.85000610351562,715.739990234375,713.6500244140625
2026-06-24,139.05999755859375,144.39999389648438,715.3699951171875,710.6199951171875
2026-06-25,144.5,141.8800048828125,725.9000244140625,716.3800048828125
2026-06-26,142.35000610351562,145.55999755859375,707.1300048828125,706.52001953125
2026-06-29,146.14999389648438,147.1699981689453,713.989990234375,724.0800170898438
2026-06-30,147.2899932861328,143.10000610351562,724.1799926757812,736.4000244140625
2026-07-01,145.0,147.30999755859375,729.1900024414062,725.1699829101562
2026-07-02,146.5,148.92999267578125,725.5800170898438,712.5999755859375
2026-07-06,149.1199951171875,147.64999389648438,719.9299926757812,722.8200073242188
2026-07-07,149.4499969482422,148.8000030517578,714.1699829101562,709.4299926757812
2026-07-08,147.14999389648438,142.9499969482422,704.9500122070312,711.4400024414062
2026-07-09,141.25999450683594,146.88999938964844,718.3300170898438,723.280029296875
2026-07-10,147.02000427246094,148.6199951171875,720.7000122070312,725.510009765625
2026-07-13,148.88999938964844,146.3300018310547,717.719970703125,711.739990234375
2026-07-14,145.1699981689453,146.5399932861328,720.219970703125,719.6900024414062
2026-07-15,147.17999267578125,148.3800048828125,723.8499755859375,717.739990234375
2026-07-16,149.7050018310547,147.8000030517578,712.010009765625,705.9400024414062
2026-07-17,146.7899932861328,145.97999572753906,691.6500244140625,695.3300170898438
2026-07-20,146.8000030517578,144.94000244140625,702.1599731445312,696.0599975585938
2026-07-21,144.77999877929688,144.10000610351562,706.5700073242188,708.969970703125
2026-07-22,144.10000610351562,140.0500030517578,703.6199951171875,705.3499755859375
2026-07-23,137.5800018310547,137.57000732421875,694.6699829101562,691.9600219726562
2026-07-24,138.24000549316406,141.10000610351562,690.4099731445312,684.22998046875
2026-07-27,143.5,146.86000061035156,691.6799926757812,682.1199951171875
2026-07-28,148.8300018310547,153.11000061035156,676.22998046875,675.489990234375
2026-07-29,152.00999450683594,153.00999450683594,675.510009765625,661.72998046875
2026-07-30,151.5,152.0800018310547,674.760009765625,683.5499877929688
2026-07-31,150.83999633789062,151.52000427246094,692.1099853515625,687.989990234375
2026-08-03,153.33999633789062,150.63999938964844,688.2999877929688,700.0700073242188
2026-08-04,149.75,149.9199981689453,708.1599731445312,723.8499755859375
2026-08-05,153.91299438476562,152.49000549316406,726.25,717.2999877929688
2026-08-06,152.13999938964844,151.63999938964844,710.8200073242188,714.6500244140625
2026-08-07,164.6999969482422,178.07000732421875,720.1500244140625,723.030029296875
2026-08-10,178.69000244140625,184.6999969482422,722.3900146484375,720.8699951171875
2026-08-11,179.48500061035156,184.97999572753906,723.2899780273438,718.4500122070312
2026-08-12,181.3979949951172,180.09500122070312,727.0800170898438,723.7000122070312
2026-08-13,180.89999389648438,185.1300048828125,725.1500244140625,732.0700073242188
2026-08-14,185.0,184.05999755859375,733.4099731445312,731.0700073242188
2026-08-17,184.05999755859375,179.2899932861328,732.9500122070312,729.8699951171875
2026-08-18,180.49000549316406,183.25,720.2100219726562,717.510009765625
2026-08-19,185.0,186.38999938964844,720.3900146484375,716.0800170898438
2026-08-20,183.4499969482422,185.0,712.0900268554688,710.9299926757812
2026-08-21,187.13999938964844,187.3000030517578,715.22998046875,713.4400024414062
2026-08-24,189.0,190.2100067138672,709.6599731445312,706.3200073242188
2026-08-25,190.1300048828125,190.5,711.219970703125,710.719970703125
2026-08-26,190.3000030517578,188.07000732421875,708.4099731445312,711.3699951171875
2026-08-27,187.86000061035156,184.39999389648438,716.9299926757812,721.1099853515625
2026-08-28,184.6699981689453,189.42999267578125,719.739990234375,716.4299926757812
2026-08-31,188.22000122070312,183.22000122070312,715.1699829101562,716.760009765625
2026-09-01,182.52999877929688,182.5449981689453,707.3900146484375,707.6400146484375
2026-09-02,183.27999877929688,183.25999450683594,707.0999755859375,709.239990234375
2026-09-03,184.2550048828125,185.25,710.8499755859375,717.6699829101562
2026-09-04,183.14999389648438,181.94000244140625,719.3499755859375,718.9600219726562
