check,passed,max_abs_error
core output hash bootstrap_draws.csv,True,0.0
core output hash bootstrap_intervals.csv,True,0.0
core output hash conditional_dollar_covariance.csv,True,0.0
core output hash conditional_temporal_variance.csv,True,0.0
core output hash covariance_identity.csv,True,0.0
core output hash flexible_design_rank.csv,True,0.0
core output hash flexible_identification_bounds.csv,True,0.0
core output hash flexible_witness_matrices.csv,True,0.0
core output hash model_matrix.csv,True,0.0
core output hash nearfit_bounds.csv,True,0.0
core output hash nearfit_shapes.csv,True,0.0
core output hash parameter_year_deletion.csv,True,0.0
core output hash parsimonious_identification_summary.csv,True,0.0
core output hash pit_predictions.csv,True,0.0
core output hash pit_score_deletions.csv,True,0.0
core output hash pit_scores.csv,True,0.0
core output hash pit_skipped_origins.csv,True,0.0
core output hash realized_conditional_matrix.csv,True,0.0
core output hash retrospective_fit.csv,True,0.0
core output hash stale_k2_conditional_bounds.csv,True,0.0
core output hash verdict.json,True,0.0
core input hash kpi,True,0.0
core input hash calendar,True,0.0
core input hash k2,True,0.0
core input hash prereg,True,0.0
core input hash prereg_addendum,True,0.0
core input hash pr60_flights,True,0.0
core code hash,True,0.0
model_matrix:W1:2023Q1:lags,True,0.0
model_matrix:W1:2023Q1:booking-denominators,True,0.0
model_matrix:W1:2023Q1:dollars,True,1.1368683772161603e-13
model_matrix:W1:2023Q1:backward,True,1.1102230246251565e-16
model_matrix:W1:2023Q1:actual-revenue-share,True,1.1102230246251565e-16
model_matrix:W1:2023Q1:forward,True,6.938893903907228e-17
model_matrix:W1:2023Q1:residual,True,2.2382096176443156e-13
model_matrix:W1:2023Q1:share-plus-residual,True,0.0
model_matrix:W1:2023Q1:nonnegative,True,0.0
model_matrix:W1:2023Q2:lags,True,0.0
model_matrix:W1:2023Q2:booking-denominators,True,0.0
model_matrix:W1:2023Q2:dollars,True,2.2737367544323206e-13
model_matrix:W1:2023Q2:backward,True,2.7755575615628914e-16
model_matrix:W1:2023Q2:actual-revenue-share,True,1.1102230246251565e-16
model_matrix:W1:2023Q2:forward,True,7.914675859144182e-17
model_matrix:W1:2023Q2:residual,True,9.094947017729282e-13
model_matrix:W1:2023Q2:share-plus-residual,True,2.220446049250313e-16
model_matrix:W1:2023Q2:nonnegative,True,0.0
model_matrix:W1:2023Q3:lags,True,0.0
model_matrix:W1:2023Q3:booking-denominators,True,0.0
model_matrix:W1:2023Q3:dollars,True,2.2737367544323206e-13
model_matrix:W1:2023Q3:backward,True,5.551115123125783e-17
model_matrix:W1:2023Q3:actual-revenue-share,True,1.1102230246251565e-16
model_matrix:W1:2023Q3:forward,True,9.71445146547012e-17
model_matrix:W1:2023Q3:residual,True,0.0
model_matrix:W1:2023Q3:share-plus-residual,True,2.220446049250313e-16
model_matrix:W1:2023Q3:nonnegative,True,0.0
model_matrix:W1:2023Q4:lags,True,0.0
model_matrix:W1:2023Q4:booking-denominators,True,0.0
model_matrix:W1:2023Q4:dollars,True,2.2737367544323206e-13
model_matrix:W1:2023Q4:backward,True,1.1102230246251565e-16
model_matrix:W1:2023Q4:actual-revenue-share,True,1.1102230246251565e-16
model_matrix:W1:2023Q4:forward,True,9.128982292327947e-17
model_matrix:W1:2023Q4:residual,True,0.0
model_matrix:W1:2023Q4:share-plus-residual,True,0.0
model_matrix:W1:2023Q4:nonnegative,True,0.0
model_matrix:W1:2024Q1:lags,True,0.0
model_matrix:W1:2024Q1:booking-denominators,True,0.0
model_matrix:W1:2024Q1:dollars,True,1.0480505352461478e-13
model_matrix:W1:2024Q1:backward,True,5.551115123125783e-17
model_matrix:W1:2024Q1:actual-revenue-share,True,5.551115123125783e-17
model_matrix:W1:2024Q1:forward,True,6.938893903907228e-17
model_matrix:W1:2024Q1:residual,True,0.0
model_matrix:W1:2024Q1:share-plus-residual,True,0.0
model_matrix:W1:2024Q1:nonnegative,True,0.0
model_matrix:W1:2024Q2:lags,True,0.0
model_matrix:W1:2024Q2:booking-denominators,True,0.0
model_matrix:W1:2024Q2:dollars,True,2.2382096176443156e-13
model_matrix:W1:2024Q2:backward,True,5.551115123125783e-17
model_matrix:W1:2024Q2:actual-revenue-share,True,5.551115123125783e-17
model_matrix:W1:2024Q2:forward,True,7.914675859144182e-17
model_matrix:W1:2024Q2:residual,True,0.0
model_matrix:W1:2024Q2:share-plus-residual,True,1.1102230246251565e-16
model_matrix:W1:2024Q2:nonnegative,True,0.0
model_matrix:W1:2024Q3:lags,True,0.0
model_matrix:W1:2024Q3:booking-denominators,True,0.0
model_matrix:W1:2024Q3:dollars,True,2.4158453015843406e-13
model_matrix:W1:2024Q3:backward,True,3.2959746043559335e-17
model_matrix:W1:2024Q3:actual-revenue-share,True,5.551115123125783e-17
model_matrix:W1:2024Q3:forward,True,8.326672684688674e-17
model_matrix:W1:2024Q3:residual,True,0.0
model_matrix:W1:2024Q3:share-plus-residual,True,2.220446049250313e-16
model_matrix:W1:2024Q3:nonnegative,True,0.0
model_matrix:W1:2024Q4:lags,True,0.0
model_matrix:W1:2024Q4:booking-denominators,True,0.0
model_matrix:W1:2024Q4:dollars,True,2.2737367544323206e-13
model_matrix:W1:2024Q4:backward,True,1.1102230246251565e-16
model_matrix:W1:2024Q4:actual-revenue-share,True,1.1102230246251565e-16
model_matrix:W1:2024Q4:forward,True,9.107298248878237e-17
model_matrix:W1:2024Q4:residual,True,4.547473508864641e-13
model_matrix:W1:2024Q4:share-plus-residual,True,1.1102230246251565e-16
model_matrix:W1:2024Q4:nonnegative,True,0.0
model_matrix:W1:2025Q1:lags,True,0.0
model_matrix:W1:2025Q1:booking-denominators,True,0.0
model_matrix:W1:2025Q1:dollars,True,2.2737367544323206e-13
model_matrix:W1:2025Q1:backward,True,1.1102230246251565e-16
model_matrix:W1:2025Q1:actual-revenue-share,True,5.551115123125783e-17
model_matrix:W1:2025Q1:forward,True,6.938893903907228e-17
model_matrix:W1:2025Q1:residual,True,0.0
model_matrix:W1:2025Q1:share-plus-residual,True,2.220446049250313e-16
model_matrix:W1:2025Q1:nonnegative,True,0.0
model_matrix:W1:2025Q2:lags,True,0.0
model_matrix:W1:2025Q2:booking-denominators,True,0.0
model_matrix:W1:2025Q2:dollars,True,2.4158453015843406e-13
model_matrix:W1:2025Q2:backward,True,1.6653345369377348e-16
model_matrix:W1:2025Q2:actual-revenue-share,True,1.1102230246251565e-16
model_matrix:W1:2025Q2:forward,True,7.936359902593892e-17
model_matrix:W1:2025Q2:residual,True,4.547473508864641e-13
model_matrix:W1:2025Q2:share-plus-residual,True,1.1102230246251565e-16
model_matrix:W1:2025Q2:nonnegative,True,0.0
model_matrix:W1:2025Q3:lags,True,0.0
model_matrix:W1:2025Q3:booking-denominators,True,0.0
model_matrix:W1:2025Q3:dollars,True,2.5579538487363607e-13
model_matrix:W1:2025Q3:backward,True,1.1102230246251565e-16
model_matrix:W1:2025Q3:actual-revenue-share,True,5.551115123125783e-17
model_matrix:W1:2025Q3:forward,True,8.326672684688674e-17
model_matrix:W1:2025Q3:residual,True,9.094947017729282e-13
model_matrix:W1:2025Q3:share-plus-residual,True,2.220446049250313e-16
model_matrix:W1:2025Q3:nonnegative,True,0.0
model_matrix:W1:2025Q4:lags,True,0.0
model_matrix:W1:2025Q4:booking-denominators,True,0.0
model_matrix:W1:2025Q4:dollars,True,2.2737367544323206e-13
model_matrix:W1:2025Q4:backward,True,5.551115123125783e-17
model_matrix:W1:2025Q4:actual-revenue-share,True,3.122502256758253e-17
model_matrix:W1:2025Q4:forward,True,9.128982292327947e-17
model_matrix:W1:2025Q4:residual,True,0.0
model_matrix:W1:2025Q4:share-plus-residual,True,0.0
model_matrix:W1:2025Q4:nonnegative,True,0.0
model_matrix:W1:2026Q1:lags,True,0.0
model_matrix:W1:2026Q1:booking-denominators,True,0.0
model_matrix:W1:2026Q1:dollars,True,4.547473508864641e-13
model_matrix:W1:2026Q1:backward,True,1.1102230246251565e-16
model_matrix:W1:2026Q1:actual-revenue-share,True,1.6653345369377348e-16
model_matrix:W1:2026Q1:forward,True,7.632783294297951e-17
model_matrix:W1:2026Q1:residual,True,0.0
model_matrix:W1:2026Q1:share-plus-residual,True,2.220446049250313e-16
model_matrix:W1:2026Q1:nonnegative,True,0.0
model_matrix:W1:2026Q2:lags,True,0.0
model_matrix:W1:2026Q2:booking-denominators,True,0.0
model_matrix:W1:2026Q2:dollars,True,2.7711166694643907e-13
model_matrix:W1:2026Q2:backward,True,1.1102230246251565e-16
model_matrix:W1:2026Q2:actual-revenue-share,True,2.0816681711721685e-17
model_matrix:W1:2026Q2:forward,True,7.958043946043603e-17
model_matrix:W1:2026Q2:residual,True,4.547473508864641e-13
model_matrix:W1:2026Q2:share-plus-residual,True,2.220446049250313e-16
model_matrix:W1:2026Q2:nonnegative,True,0.0
model_matrix:W2:2024Q1:lags,True,0.0
model_matrix:W2:2024Q1:booking-denominators,True,0.0
model_matrix:W2:2024Q1:dollars,True,2.2737367544323206e-13
model_matrix:W2:2024Q1:backward,True,2.220446049250313e-16
model_matrix:W2:2024Q1:actual-revenue-share,True,1.1102230246251565e-16
model_matrix:W2:2024Q1:forward,True,6.938893903907228e-18
model_matrix:W2:2024Q1:residual,True,4.547473508864641e-13
model_matrix:W2:2024Q1:share-plus-residual,True,0.0
model_matrix:W2:2024Q1:nonnegative,True,0.0
model_matrix:W2:2024Q2:lags,True,0.0
model_matrix:W2:2024Q2:booking-denominators,True,0.0
model_matrix:W2:2024Q2:dollars,True,0.0
model_matrix:W2:2024Q2:backward,True,0.0
model_matrix:W2:2024Q2:actual-revenue-share,True,0.0
model_matrix:W2:2024Q2:forward,True,2.7755575615628914e-17
model_matrix:W2:2024Q2:residual,True,0.0
model_matrix:W2:2024Q2:share-plus-residual,True,0.0
model_matrix:W2:2024Q2:nonnegative,True,0.0
model_matrix:W2:2024Q3:lags,True,0.0
model_matrix:W2:2024Q3:booking-denominators,True,0.0
model_matrix:W2:2024Q3:dollars,True,2.2737367544323206e-13
model_matrix:W2:2024Q3:backward,True,1.1102230246251565e-16
model_matrix:W2:2024Q3:actual-revenue-share,True,0.0
model_matrix:W2:2024Q3:forward,True,1.3877787807814457e-17
model_matrix:W2:2024Q3:residual,True,0.0
model_matrix:W2:2024Q3:share-plus-residual,True,0.0
model_matrix:W2:2024Q3:nonnegative,True,0.0
model_matrix:W2:2024Q4:lags,True,0.0
model_matrix:W2:2024Q4:booking-denominators,True,0.0
model_matrix:W2:2024Q4:dollars,True,2.2737367544323206e-13
model_matrix:W2:2024Q4:backward,True,1.1102230246251565e-16
model_matrix:W2:2024Q4:actual-revenue-share,True,1.1102230246251565e-16
model_matrix:W2:2024Q4:forward,True,6.245004513516506e-17
model_matrix:W2:2024Q4:residual,True,0.0
model_matrix:W2:2024Q4:share-plus-residual,True,1.1102230246251565e-16
model_matrix:W2:2024Q4:nonnegative,True,0.0
model_matrix:W2:2025Q1:lags,True,0.0
model_matrix:W2:2025Q1:booking-denominators,True,0.0
model_matrix:W2:2025Q1:dollars,True,0.0
model_matrix:W2:2025Q1:backward,True,5.551115123125783e-17
model_matrix:W2:2025Q1:actual-revenue-share,True,0.0
model_matrix:W2:2025Q1:forward,True,9.020562075079397e-17
model_matrix:W2:2025Q1:residual,True,0.0
model_matrix:W2:2025Q1:share-plus-residual,True,2.220446049250313e-16
model_matrix:W2:2025Q1:nonnegative,True,0.0
model_matrix:W2:2025Q2:lags,True,0.0
model_matrix:W2:2025Q2:booking-denominators,True,0.0
model_matrix:W2:2025Q2:dollars,True,2.2737367544323206e-13
model_matrix:W2:2025Q2:backward,True,1.1102230246251565e-16
model_matrix:W2:2025Q2:actual-revenue-share,True,1.1102230246251565e-16
model_matrix:W2:2025Q2:forward,True,2.7755575615628914e-17
model_matrix:W2:2025Q2:residual,True,4.547473508864641e-13
model_matrix:W2:2025Q2:share-plus-residual,True,1.1102230246251565e-16
model_matrix:W2:2025Q2:nonnegative,True,0.0
model_matrix:W2:2025Q3:lags,True,0.0
model_matrix:W2:2025Q3:booking-denominators,True,0.0
model_matrix:W2:2025Q3:dollars,True,2.2737367544323206e-13
model_matrix:W2:2025Q3:backward,True,5.551115123125783e-17
model_matrix:W2:2025Q3:actual-revenue-share,True,5.551115123125783e-17
model_matrix:W2:2025Q3:forward,True,8.326672684688674e-17
model_matrix:W2:2025Q3:residual,True,0.0
model_matrix:W2:2025Q3:share-plus-residual,True,1.1102230246251565e-16
model_matrix:W2:2025Q3:nonnegative,True,0.0
model_matrix:W2:2025Q4:lags,True,0.0
model_matrix:W2:2025Q4:booking-denominators,True,0.0
model_matrix:W2:2025Q4:dollars,True,0.0
model_matrix:W2:2025Q4:backward,True,0.0
model_matrix:W2:2025Q4:actual-revenue-share,True,1.1102230246251565e-16
model_matrix:W2:2025Q4:forward,True,5.551115123125783e-17
model_matrix:W2:2025Q4:residual,True,4.547473508864641e-13
model_matrix:W2:2025Q4:share-plus-residual,True,2.220446049250313e-16
model_matrix:W2:2025Q4:nonnegative,True,0.0
model_matrix:W2:2026Q1:lags,True,0.0
model_matrix:W2:2026Q1:booking-denominators,True,0.0
model_matrix:W2:2026Q1:dollars,True,2.2737367544323206e-13
model_matrix:W2:2026Q1:backward,True,0.0
model_matrix:W2:2026Q1:actual-revenue-share,True,1.1102230246251565e-16
model_matrix:W2:2026Q1:forward,True,6.938893903907228e-18
model_matrix:W2:2026Q1:residual,True,4.5430326167661406e-13
model_matrix:W2:2026Q1:share-plus-residual,True,1.1102230246251565e-16
model_matrix:W2:2026Q1:nonnegative,True,0.0
model_matrix:W2:2026Q2:lags,True,0.0
model_matrix:W2:2026Q2:booking-denominators,True,0.0
model_matrix:W2:2026Q2:dollars,True,0.0
model_matrix:W2:2026Q2:backward,True,0.0
model_matrix:W2:2026Q2:actual-revenue-share,True,5.551115123125783e-17
model_matrix:W2:2026Q2:forward,True,2.7755575615628914e-17
model_matrix:W2:2026Q2:residual,True,1.7763568394002505e-15
model_matrix:W2:2026Q2:share-plus-residual,True,1.1102230246251565e-16
model_matrix:W2:2026Q2:nonnegative,True,0.0
realized_conditional_matrix:W1:2023Q1:lags,True,0.0
realized_conditional_matrix:W1:2023Q1:booking-denominators,True,0.0
realized_conditional_matrix:W1:2023Q1:dollars,True,1.1368683772161603e-13
realized_conditional_matrix:W1:2023Q1:backward,True,2.949029909160572e-17
realized_conditional_matrix:W1:2023Q1:actual-revenue-share,True,2.949029909160572e-17
realized_conditional_matrix:W1:2023Q1:forward,True,8.326672684688674e-17
realized_conditional_matrix:W1:2023Q1:residual,True,0.0
realized_conditional_matrix:W1:2023Q1:share-plus-residual,True,0.0
realized_conditional_matrix:W1:2023Q1:nonnegative,True,0.0
realized_conditional_matrix:W1:2023Q2:lags,True,0.0
realized_conditional_matrix:W1:2023Q2:booking-denominators,True,0.0
realized_conditional_matrix:W1:2023Q2:dollars,True,4.547473508864641e-13
realized_conditional_matrix:W1:2023Q2:backward,True,8.673617379884035e-18
realized_conditional_matrix:W1:2023Q2:actual-revenue-share,True,1.6653345369377348e-16
realized_conditional_matrix:W1:2023Q2:forward,True,8.326672684688674e-17
realized_conditional_matrix:W1:2023Q2:residual,True,9.094947017729282e-13
realized_conditional_matrix:W1:2023Q2:share-plus-residual,True,0.0
realized_conditional_matrix:W1:2023Q2:nonnegative,True,0.0
realized_conditional_matrix:W1:2023Q3:lags,True,0.0
realized_conditional_matrix:W1:2023Q3:booking-denominators,True,0.0
realized_conditional_matrix:W1:2023Q3:dollars,True,4.547473508864641e-13
realized_conditional_matrix:W1:2023Q3:backward,True,1.6653345369377348e-16
realized_conditional_matrix:W1:2023Q3:actual-revenue-share,True,1.6653345369377348e-16
realized_conditional_matrix:W1:2023Q3:forward,True,1.1102230246251565e-16
realized_conditional_matrix:W1:2023Q3:residual,True,0.0
realized_conditional_matrix:W1:2023Q3:share-plus-residual,True,4.440892098500626e-16
realized_conditional_matrix:W1:2023Q3:nonnegative,True,0.0
realized_conditional_matrix:W1:2023Q4:lags,True,0.0
realized_conditional_matrix:W1:2023Q4:booking-denominators,True,0.0
realized_conditional_matrix:W1:2023Q4:dollars,True,2.2737367544323206e-13
realized_conditional_matrix:W1:2023Q4:backward,True,1.1102230246251565e-16
realized_conditional_matrix:W1:2023Q4:actual-revenue-share,True,1.1102230246251565e-16
realized_conditional_matrix:W1:2023Q4:forward,True,8.565197162635485e-17
realized_conditional_matrix:W1:2023Q4:residual,True,0.0
realized_conditional_matrix:W1:2023Q4:share-plus-residual,True,0.0
realized_conditional_matrix:W1:2023Q4:nonnegative,True,0.0
realized_conditional_matrix:W1:2024Q1:lags,True,0.0
realized_conditional_matrix:W1:2024Q1:booking-denominators,True,0.0
realized_conditional_matrix:W1:2024Q1:dollars,True,2.2737367544323206e-13
realized_conditional_matrix:W1:2024Q1:backward,True,5.551115123125783e-17
realized_conditional_matrix:W1:2024Q1:actual-revenue-share,True,5.551115123125783e-17
realized_conditional_matrix:W1:2024Q1:forward,True,8.901299836105991e-17
realized_conditional_matrix:W1:2024Q1:residual,True,0.0
realized_conditional_matrix:W1:2024Q1:share-plus-residual,True,0.0
realized_conditional_matrix:W1:2024Q1:nonnegative,True,0.0
realized_conditional_matrix:W1:2024Q2:lags,True,0.0
realized_conditional_matrix:W1:2024Q2:booking-denominators,True,0.0
realized_conditional_matrix:W1:2024Q2:dollars,True,2.2737367544323206e-13
realized_conditional_matrix:W1:2024Q2:backward,True,1.1102230246251565e-16
realized_conditional_matrix:W1:2024Q2:actual-revenue-share,True,5.551115123125783e-17
realized_conditional_matrix:W1:2024Q2:forward,True,8.326672684688674e-17
realized_conditional_matrix:W1:2024Q2:residual,True,4.547473508864641e-13
realized_conditional_matrix:W1:2024Q2:share-plus-residual,True,2.220446049250313e-16
realized_conditional_matrix:W1:2024Q2:nonnegative,True,0.0
realized_conditional_matrix:W1:2024Q3:lags,True,0.0
realized_conditional_matrix:W1:2024Q3:booking-denominators,True,0.0
realized_conditional_matrix:W1:2024Q3:dollars,True,2.3447910280083306e-13
realized_conditional_matrix:W1:2024Q3:backward,True,5.551115123125783e-17
realized_conditional_matrix:W1:2024Q3:actual-revenue-share,True,5.551115123125783e-17
realized_conditional_matrix:W1:2024Q3:forward,True,8.326672684688674e-17
realized_conditional_matrix:W1:2024Q3:residual,True,0.0
realized_conditional_matrix:W1:2024Q3:share-plus-residual,True,0.0
realized_conditional_matrix:W1:2024Q3:nonnegative,True,0.0
realized_conditional_matrix:W1:2024Q4:lags,True,0.0
realized_conditional_matrix:W1:2024Q4:booking-denominators,True,0.0
realized_conditional_matrix:W1:2024Q4:dollars,True,2.2737367544323206e-13
realized_conditional_matrix:W1:2024Q4:backward,True,1.1102230246251565e-16
realized_conditional_matrix:W1:2024Q4:actual-revenue-share,True,1.1102230246251565e-16
realized_conditional_matrix:W1:2024Q4:forward,True,9.020562075079397e-17
realized_conditional_matrix:W1:2024Q4:residual,True,0.0
realized_conditional_matrix:W1:2024Q4:share-plus-residual,True,1.1102230246251565e-16
realized_conditional_matrix:W1:2024Q4:nonnegative,True,0.0
realized_conditional_matrix:W1:2025Q1:lags,True,0.0
realized_conditional_matrix:W1:2025Q1:booking-denominators,True,0.0
realized_conditional_matrix:W1:2025Q1:dollars,True,2.2737367544323206e-13
realized_conditional_matrix:W1:2025Q1:backward,True,1.8214596497756474e-17
realized_conditional_matrix:W1:2025Q1:actual-revenue-share,True,1.8214596497756474e-17
realized_conditional_matrix:W1:2025Q1:forward,True,8.098990228466718e-17
realized_conditional_matrix:W1:2025Q1:residual,True,0.0
realized_conditional_matrix:W1:2025Q1:share-plus-residual,True,0.0
realized_conditional_matrix:W1:2025Q1:nonnegative,True,0.0
realized_conditional_matrix:W1:2025Q2:lags,True,0.0
realized_conditional_matrix:W1:2025Q2:booking-denominators,True,0.0
realized_conditional_matrix:W1:2025Q2:dollars,True,4.547473508864641e-13
realized_conditional_matrix:W1:2025Q2:backward,True,1.1102230246251565e-16
realized_conditional_matrix:W1:2025Q2:actual-revenue-share,True,1.1102230246251565e-16
realized_conditional_matrix:W1:2025Q2:forward,True,8.673617379884035e-17
realized_conditional_matrix:W1:2025Q2:residual,True,0.0
realized_conditional_matrix:W1:2025Q2:share-plus-residual,True,2.220446049250313e-16
realized_conditional_matrix:W1:2025Q2:nonnegative,True,0.0
realized_conditional_matrix:W1:2025Q3:lags,True,0.0
realized_conditional_matrix:W1:2025Q3:booking-denominators,True,0.0
realized_conditional_matrix:W1:2025Q3:dollars,True,4.547473508864641e-13
realized_conditional_matrix:W1:2025Q3:backward,True,2.220446049250313e-16
realized_conditional_matrix:W1:2025Q3:actual-revenue-share,True,1.1102230246251565e-16
realized_conditional_matrix:W1:2025Q3:forward,True,7.871307772244762e-17
realized_conditional_matrix:W1:2025Q3:residual,True,4.547473508864641e-13
realized_conditional_matrix:W1:2025Q3:share-plus-residual,True,1.1102230246251565e-16
realized_conditional_matrix:W1:2025Q3:nonnegative,True,0.0
realized_conditional_matrix:W1:2025Q4:lags,True,0.0
realized_conditional_matrix:W1:2025Q4:booking-denominators,True,0.0
realized_conditional_matrix:W1:2025Q4:dollars,True,2.2737367544323206e-13
realized_conditional_matrix:W1:2025Q4:backward,True,1.1102230246251565e-16
realized_conditional_matrix:W1:2025Q4:actual-revenue-share,True,1.1102230246251565e-16
realized_conditional_matrix:W1:2025Q4:forward,True,4.163336342344337e-17
realized_conditional_matrix:W1:2025Q4:residual,True,0.0
realized_conditional_matrix:W1:2025Q4:share-plus-residual,True,0.0
realized_conditional_matrix:W1:2025Q4:nonnegative,True,0.0
realized_conditional_matrix:W1:2026Q1:lags,True,0.0
realized_conditional_matrix:W1:2026Q1:booking-denominators,True,0.0
realized_conditional_matrix:W1:2026Q1:dollars,True,2.2737367544323206e-13
realized_conditional_matrix:W1:2026Q1:backward,True,5.551115123125783e-17
realized_conditional_matrix:W1:2026Q1:actual-revenue-share,True,5.551115123125783e-17
realized_conditional_matrix:W1:2026Q1:forward,True,5.887217796596289e-17
realized_conditional_matrix:W1:2026Q1:residual,True,0.0
realized_conditional_matrix:W1:2026Q1:share-plus-residual,True,2.220446049250313e-16
realized_conditional_matrix:W1:2026Q1:nonnegative,True,0.0
realized_conditional_matrix:W1:2026Q2:lags,True,0.0
realized_conditional_matrix:W1:2026Q2:booking-denominators,True,0.0
realized_conditional_matrix:W1:2026Q2:dollars,True,4.547473508864641e-13
realized_conditional_matrix:W1:2026Q2:backward,True,2.220446049250313e-16
realized_conditional_matrix:W1:2026Q2:actual-revenue-share,True,2.220446049250313e-16
realized_conditional_matrix:W1:2026Q2:forward,True,6.938893903907228e-17
realized_conditional_matrix:W1:2026Q2:residual,True,0.0
realized_conditional_matrix:W1:2026Q2:share-plus-residual,True,2.220446049250313e-16
realized_conditional_matrix:W1:2026Q2:nonnegative,True,0.0
realized_conditional_matrix:W2:2024Q1:lags,True,0.0
realized_conditional_matrix:W2:2024Q1:booking-denominators,True,0.0
realized_conditional_matrix:W2:2024Q1:dollars,True,2.2737367544323206e-13
realized_conditional_matrix:W2:2024Q1:backward,True,1.1102230246251565e-16
realized_conditional_matrix:W2:2024Q1:actual-revenue-share,True,1.1102230246251565e-16
realized_conditional_matrix:W2:2024Q1:forward,True,1.3877787807814457e-17
realized_conditional_matrix:W2:2024Q1:residual,True,0.0
realized_conditional_matrix:W2:2024Q1:share-plus-residual,True,0.0
realized_conditional_matrix:W2:2024Q1:nonnegative,True,0.0
realized_conditional_matrix:W2:2024Q2:lags,True,0.0
realized_conditional_matrix:W2:2024Q2:booking-denominators,True,0.0
realized_conditional_matrix:W2:2024Q2:dollars,True,2.2737367544323206e-13
realized_conditional_matrix:W2:2024Q2:backward,True,0.0
realized_conditional_matrix:W2:2024Q2:actual-revenue-share,True,0.0
realized_conditional_matrix:W2:2024Q2:forward,True,8.326672684688674e-17
realized_conditional_matrix:W2:2024Q2:residual,True,0.0
realized_conditional_matrix:W2:2024Q2:share-plus-residual,True,0.0
realized_conditional_matrix:W2:2024Q2:nonnegative,True,0.0
realized_conditional_matrix:W2:2024Q3:lags,True,0.0
realized_conditional_matrix:W2:2024Q3:booking-denominators,True,0.0
realized_conditional_matrix:W2:2024Q3:dollars,True,0.0
realized_conditional_matrix:W2:2024Q3:backward,True,0.0
realized_conditional_matrix:W2:2024Q3:actual-revenue-share,True,0.0
realized_conditional_matrix:W2:2024Q3:forward,True,5.551115123125783e-17
realized_conditional_matrix:W2:2024Q3:residual,True,0.0
realized_conditional_matrix:W2:2024Q3:share-plus-residual,True,0.0
realized_conditional_matrix:W2:2024Q3:nonnegative,True,0.0
realized_conditional_matrix:W2:2024Q4:lags,True,0.0
realized_conditional_matrix:W2:2024Q4:booking-denominators,True,0.0
realized_conditional_matrix:W2:2024Q4:dollars,True,2.2737367544323206e-13
realized_conditional_matrix:W2:2024Q4:backward,True,1.1102230246251565e-16
realized_conditional_matrix:W2:2024Q4:actual-revenue-share,True,5.551115123125783e-17
realized_conditional_matrix:W2:2024Q4:forward,True,6.938893903907228e-17
realized_conditional_matrix:W2:2024Q4:residual,True,4.547473508864641e-13
realized_conditional_matrix:W2:2024Q4:share-plus-residual,True,0.0
realized_conditional_matrix:W2:2024Q4:nonnegative,True,0.0
realized_conditional_matrix:W2:2025Q1:lags,True,0.0
realized_conditional_matrix:W2:2025Q1:booking-denominators,True,0.0
realized_conditional_matrix:W2:2025Q1:dollars,True,0.0
realized_conditional_matrix:W2:2025Q1:backward,True,5.551115123125783e-17
realized_conditional_matrix:W2:2025Q1:actual-revenue-share,True,5.551115123125783e-17
realized_conditional_matrix:W2:2025Q1:forward,True,9.71445146547012e-17
realized_conditional_matrix:W2:2025Q1:residual,True,0.0
realized_conditional_matrix:W2:2025Q1:share-plus-residual,True,0.0
realized_conditional_matrix:W2:2025Q1:nonnegative,True,0.0
realized_conditional_matrix:W2:2025Q2:lags,True,0.0
realized_conditional_matrix:W2:2025Q2:booking-denominators,True,0.0
realized_conditional_matrix:W2:2025Q2:dollars,True,0.0
realized_conditional_matrix:W2:2025Q2:backward,True,0.0
realized_conditional_matrix:W2:2025Q2:actual-revenue-share,True,0.0
realized_conditional_matrix:W2:2025Q2:forward,True,9.71445146547012e-17
realized_conditional_matrix:W2:2025Q2:residual,True,0.0
realized_conditional_matrix:W2:2025Q2:share-plus-residual,True,0.0
realized_conditional_matrix:W2:2025Q2:nonnegative,True,0.0
realized_conditional_matrix:W2:2025Q3:lags,True,0.0
realized_conditional_matrix:W2:2025Q3:booking-denominators,True,0.0
realized_conditional_matrix:W2:2025Q3:dollars,True,4.547473508864641e-13
realized_conditional_matrix:W2:2025Q3:backward,True,1.1102230246251565e-16
realized_conditional_matrix:W2:2025Q3:actual-revenue-share,True,1.1102230246251565e-16
realized_conditional_matrix:W2:2025Q3:forward,True,4.163336342344337e-17
realized_conditional_matrix:W2:2025Q3:residual,True,0.0
realized_conditional_matrix:W2:2025Q3:share-plus-residual,True,0.0
realized_conditional_matrix:W2:2025Q3:nonnegative,True,0.0
realized_conditional_matrix:W2:2025Q4:lags,True,0.0
realized_conditional_matrix:W2:2025Q4:booking-denominators,True,0.0
realized_conditional_matrix:W2:2025Q4:dollars,True,2.2737367544323206e-13
realized_conditional_matrix:W2:2025Q4:backward,True,1.1102230246251565e-16
realized_conditional_matrix:W2:2025Q4:actual-revenue-share,True,0.0
realized_conditional_matrix:W2:2025Q4:forward,True,1.3877787807814457e-17
realized_conditional_matrix:W2:2025Q4:residual,True,4.547473508864641e-13
realized_conditional_matrix:W2:2025Q4:share-plus-residual,True,1.1102230246251565e-16
realized_conditional_matrix:W2:2025Q4:nonnegative,True,0.0
realized_conditional_matrix:W2:2026Q1:lags,True,0.0
realized_conditional_matrix:W2:2026Q1:booking-denominators,True,0.0
realized_conditional_matrix:W2:2026Q1:dollars,True,2.2737367544323206e-13
realized_conditional_matrix:W2:2026Q1:backward,True,1.1102230246251565e-16
realized_conditional_matrix:W2:2026Q1:actual-revenue-share,True,1.1102230246251565e-16
realized_conditional_matrix:W2:2026Q1:forward,True,6.938893903907228e-17
realized_conditional_matrix:W2:2026Q1:residual,True,4.547473508864641e-13
realized_conditional_matrix:W2:2026Q1:share-plus-residual,True,0.0
realized_conditional_matrix:W2:2026Q1:nonnegative,True,0.0
realized_conditional_matrix:W2:2026Q2:lags,True,0.0
realized_conditional_matrix:W2:2026Q2:booking-denominators,True,0.0
realized_conditional_matrix:W2:2026Q2:dollars,True,2.2737367544323206e-13
realized_conditional_matrix:W2:2026Q2:backward,True,0.0
realized_conditional_matrix:W2:2026Q2:actual-revenue-share,True,0.0
realized_conditional_matrix:W2:2026Q2:forward,True,5.551115123125783e-17
realized_conditional_matrix:W2:2026Q2:residual,True,0.0
realized_conditional_matrix:W2:2026Q2:share-plus-residual,True,0.0
realized_conditional_matrix:W2:2026Q2:nonnegative,True,0.0
covariance-total:W1:1:diagonal,True,2.1827872842550278e-11
covariance-total:W1:1:off_diagonal,True,1.4551915228366852e-11
covariance-total:W1:1:direct_total_variance,True,5.820766091346741e-11
covariance:W1:1:same_quarter:same_quarter,True,0.0
covariance:W1:1:same_quarter:one_earlier,True,1.1368683772161603e-13
covariance:W1:1:same_quarter:two_earlier,True,0.0
covariance:W1:1:same_quarter:older_finite_tail,True,0.0
temporal:W1:1:same_quarter:backward_share,True,1.1102230246251565e-15
temporal:W1:1:same_quarter:effective_coefficient_sum,True,6.286637876939949e-15
covariance:W1:1:one_earlier:same_quarter,True,1.1368683772161603e-13
covariance:W1:1:one_earlier:one_earlier,True,6.217248937900877e-15
covariance:W1:1:one_earlier:two_earlier,True,2.2737367544323206e-13
covariance:W1:1:one_earlier:older_finite_tail,True,0.0
temporal:W1:1:one_earlier:backward_share,True,3.6637359812630166e-15
temporal:W1:1:one_earlier:effective_coefficient_sum,True,7.896461262646426e-15
covariance:W1:1:two_earlier:same_quarter,True,0.0
covariance:W1:1:two_earlier:one_earlier,True,2.2737367544323206e-13
covariance:W1:1:two_earlier:two_earlier,True,0.0
covariance:W1:1:two_earlier:older_finite_tail,True,0.0
temporal:W1:1:two_earlier:backward_share,True,0.0
temporal:W1:1:two_earlier:effective_coefficient_sum,True,4.440892098500626e-15
covariance:W1:1:older_finite_tail:same_quarter,True,0.0
covariance:W1:1:older_finite_tail:one_earlier,True,0.0
covariance:W1:1:older_finite_tail:two_earlier,True,0.0
covariance:W1:1:older_finite_tail:older_finite_tail,True,0.0
temporal:W1:1:older_finite_tail:backward_share,True,0.0
temporal:W1:1:older_finite_tail:effective_coefficient_sum,True,0.0
covariance-total:W1:2:diagonal,True,2.9103830456733704e-11
covariance-total:W1:2:off_diagonal,True,1.4551915228366852e-11
covariance-total:W1:2:direct_total_variance,True,2.0372681319713593e-10
covariance:W1:2:same_quarter:same_quarter,True,0.0
covariance:W1:2:same_quarter:one_earlier,True,0.0
covariance:W1:2:same_quarter:two_earlier,True,1.4551915228366852e-11
covariance:W1:2:same_quarter:older_finite_tail,True,0.0
temporal:W1:2:same_quarter:backward_share,True,1.4210854715202004e-14
temporal:W1:2:same_quarter:effective_coefficient_sum,True,4.440892098500626e-15
covariance:W1:2:one_earlier:same_quarter,True,0.0
covariance:W1:2:one_earlier:one_earlier,True,0.0
covariance:W1:2:one_earlier:two_earlier,True,4.547473508864641e-13
covariance:W1:2:one_earlier:older_finite_tail,True,0.0
temporal:W1:2:one_earlier:backward_share,True,6.8833827526759706e-15
temporal:W1:2:one_earlier:effective_coefficient_sum,True,7.607629803896288e-15
covariance:W1:2:two_earlier:same_quarter,True,1.4551915228366852e-11
covariance:W1:2:two_earlier:one_earlier,True,4.547473508864641e-13
covariance:W1:2:two_earlier:two_earlier,True,2.9103830456733704e-11
covariance:W1:2:two_earlier:older_finite_tail,True,0.0
temporal:W1:2:two_earlier:backward_share,True,5.551115123125783e-17
temporal:W1:2:two_earlier:effective_coefficient_sum,True,7.105427357601002e-15
covariance:W1:2:older_finite_tail:same_quarter,True,0.0
covariance:W1:2:older_finite_tail:one_earlier,True,0.0
covariance:W1:2:older_finite_tail:two_earlier,True,0.0
covariance:W1:2:older_finite_tail:older_finite_tail,True,0.0
temporal:W1:2:older_finite_tail:backward_share,True,0.0
temporal:W1:2:older_finite_tail:effective_coefficient_sum,True,0.0
covariance-total:W1:3:diagonal,True,4.3655745685100555e-11
covariance-total:W1:3:off_diagonal,True,1.4551915228366852e-11
covariance-total:W1:3:direct_total_variance,True,1.4551915228366852e-11
covariance:W1:3:same_quarter:same_quarter,True,3.637978807091713e-11
covariance:W1:3:same_quarter:one_earlier,True,9.094947017729282e-13
covariance:W1:3:same_quarter:two_earlier,True,2.1827872842550278e-11
covariance:W1:3:same_quarter:older_finite_tail,True,0.0
temporal:W1:3:same_quarter:backward_share,True,7.105427357601002e-15
temporal:W1:3:same_quarter:effective_coefficient_sum,True,5.329070518200751e-15
covariance:W1:3:one_earlier:same_quarter,True,9.094947017729282e-13
covariance:W1:3:one_earlier:one_earlier,True,2.3092638912203256e-14
covariance:W1:3:one_earlier:two_earlier,True,6.821210263296962e-13
covariance:W1:3:one_earlier:older_finite_tail,True,0.0
temporal:W1:3:one_earlier:backward_share,True,4.3298697960381105e-15
temporal:W1:3:one_earlier:effective_coefficient_sum,True,4.440892098500626e-15
covariance:W1:3:two_earlier:same_quarter,True,2.1827872842550278e-11
covariance:W1:3:two_earlier:one_earlier,True,6.821210263296962e-13
covariance:W1:3:two_earlier:two_earlier,True,0.0
covariance:W1:3:two_earlier:older_finite_tail,True,0.0
temporal:W1:3:two_earlier:backward_share,True,0.0
temporal:W1:3:two_earlier:effective_coefficient_sum,True,7.105427357601002e-15
covariance:W1:3:older_finite_tail:same_quarter,True,0.0
covariance:W1:3:older_finite_tail:one_earlier,True,0.0
covariance:W1:3:older_finite_tail:two_earlier,True,0.0
covariance:W1:3:older_finite_tail:older_finite_tail,True,0.0
temporal:W1:3:older_finite_tail:backward_share,True,0.0
temporal:W1:3:older_finite_tail:effective_coefficient_sum,True,0.0
covariance-total:W1:4:diagonal,True,0.0
covariance-total:W1:4:off_diagonal,True,0.0
covariance-total:W1:4:direct_total_variance,True,0.0
covariance:W1:4:same_quarter:same_quarter,True,0.0
covariance:W1:4:same_quarter:one_earlier,True,0.0
covariance:W1:4:same_quarter:two_earlier,True,3.637978807091713e-12
covariance:W1:4:same_quarter:older_finite_tail,True,0.0
temporal:W1:4:same_quarter:backward_share,True,1.1102230246251565e-15
temporal:W1:4:same_quarter:effective_coefficient_sum,True,3.552713678800501e-15
covariance:W1:4:one_earlier:same_quarter,True,0.0
covariance:W1:4:one_earlier:one_earlier,True,2.6645352591003757e-15
covariance:W1:4:one_earlier:two_earlier,True,5.684341886080802e-14
covariance:W1:4:one_earlier:older_finite_tail,True,0.0
temporal:W1:4:one_earlier:backward_share,True,3.552713678800501e-15
temporal:W1:4:one_earlier:effective_coefficient_sum,True,5.2735593669694936e-15
covariance:W1:4:two_earlier:same_quarter,True,3.637978807091713e-12
covariance:W1:4:two_earlier:one_earlier,True,5.684341886080802e-14
covariance:W1:4:two_earlier:two_earlier,True,3.637978807091713e-12
covariance:W1:4:two_earlier:older_finite_tail,True,0.0
temporal:W1:4:two_earlier:backward_share,True,0.0
temporal:W1:4:two_earlier:effective_coefficient_sum,True,3.552713678800501e-15
covariance:W1:4:older_finite_tail:same_quarter,True,0.0
covariance:W1:4:older_finite_tail:one_earlier,True,0.0
covariance:W1:4:older_finite_tail:two_earlier,True,0.0
covariance:W1:4:older_finite_tail:older_finite_tail,True,0.0
temporal:W1:4:older_finite_tail:backward_share,True,0.0
temporal:W1:4:older_finite_tail:effective_coefficient_sum,True,0.0
covariance-total:W2:1:diagonal,True,7.275957614183426e-12
covariance-total:W2:1:off_diagonal,True,7.275957614183426e-12
covariance-total:W2:1:direct_total_variance,True,0.0
covariance:W2:1:same_quarter:same_quarter,True,3.2741809263825417e-11
covariance:W2:1:same_quarter:one_earlier,True,0.0
covariance:W2:1:same_quarter:two_earlier,True,3.637978807091713e-12
covariance:W2:1:same_quarter:older_finite_tail,True,0.0
temporal:W2:1:same_quarter:backward_share,True,4.440892098500626e-16
temporal:W2:1:same_quarter:effective_coefficient_sum,True,1.762479051592436e-15
covariance:W2:1:one_earlier:same_quarter,True,0.0
covariance:W2:1:one_earlier:one_earlier,True,0.0
covariance:W2:1:one_earlier:two_earlier,True,0.0
covariance:W2:1:one_earlier:older_finite_tail,True,0.0
temporal:W2:1:one_earlier:backward_share,True,0.0
temporal:W2:1:one_earlier:effective_coefficient_sum,True,0.0
covariance:W2:1:two_earlier:same_quarter,True,3.637978807091713e-12
covariance:W2:1:two_earlier:one_earlier,True,0.0
covariance:W2:1:two_earlier:two_earlier,True,2.9103830456733704e-11
covariance:W2:1:two_earlier:older_finite_tail,True,0.0
temporal:W2:1:two_earlier:backward_share,True,0.0
temporal:W2:1:two_earlier:effective_coefficient_sum,True,7.16093850883226e-15
covariance:W2:1:older_finite_tail:same_quarter,True,0.0
covariance:W2:1:older_finite_tail:one_earlier,True,0.0
covariance:W2:1:older_finite_tail:two_earlier,True,0.0
covariance:W2:1:older_finite_tail:older_finite_tail,True,0.0
temporal:W2:1:older_finite_tail:backward_share,True,0.0
temporal:W2:1:older_finite_tail:effective_coefficient_sum,True,0.0
covariance-total:W2:2:diagonal,True,5.820766091346741e-11
covariance-total:W2:2:off_diagonal,True,4.3655745685100555e-11
covariance-total:W2:2:direct_total_variance,True,2.0372681319713593e-10
covariance:W2:2:same_quarter:same_quarter,True,5.093170329928398e-11
covariance:W2:2:same_quarter:one_earlier,True,0.0
covariance:W2:2:same_quarter:two_earlier,True,2.1827872842550278e-11
covariance:W2:2:same_quarter:older_finite_tail,True,0.0
temporal:W2:2:same_quarter:backward_share,True,5.551115123125783e-17
temporal:W2:2:same_quarter:effective_coefficient_sum,True,5.329070518200751e-15
covariance:W2:2:one_earlier:same_quarter,True,0.0
covariance:W2:2:one_earlier:one_earlier,True,0.0
covariance:W2:2:one_earlier:two_earlier,True,0.0
covariance:W2:2:one_earlier:older_finite_tail,True,0.0
temporal:W2:2:one_earlier:backward_share,True,0.0
temporal:W2:2:one_earlier:effective_coefficient_sum,True,0.0
covariance:W2:2:two_earlier:same_quarter,True,2.1827872842550278e-11
covariance:W2:2:two_earlier:one_earlier,True,0.0
covariance:W2:2:two_earlier:two_earlier,True,0.0
covariance:W2:2:two_earlier:older_finite_tail,True,0.0
temporal:W2:2:two_earlier:backward_share,True,7.105427357601002e-15
temporal:W2:2:two_earlier:effective_coefficient_sum,True,1.0658141036401503e-14
covariance:W2:2:older_finite_tail:same_quarter,True,0.0
covariance:W2:2:older_finite_tail:one_earlier,True,0.0
covariance:W2:2:older_finite_tail:two_earlier,True,0.0
covariance:W2:2:older_finite_tail:older_finite_tail,True,0.0
temporal:W2:2:older_finite_tail:backward_share,True,0.0
temporal:W2:2:older_finite_tail:effective_coefficient_sum,True,0.0
covariance-total:W2:3:diagonal,True,4.3655745685100555e-11
covariance-total:W2:3:off_diagonal,True,2.9103830456733704e-11
covariance-total:W2:3:direct_total_variance,True,0.0
covariance:W2:3:same_quarter:same_quarter,True,4.729372449219227e-11
covariance:W2:3:same_quarter:one_earlier,True,0.0
covariance:W2:3:same_quarter:two_earlier,True,1.6370904631912708e-11
covariance:W2:3:same_quarter:older_finite_tail,True,0.0
temporal:W2:3:same_quarter:backward_share,True,1.4210854715202004e-14
temporal:W2:3:same_quarter:effective_coefficient_sum,True,1.8084492237058214e-15
covariance:W2:3:one_earlier:same_quarter,True,0.0
covariance:W2:3:one_earlier:one_earlier,True,0.0
covariance:W2:3:one_earlier:two_earlier,True,0.0
covariance:W2:3:one_earlier:older_finite_tail,True,0.0
temporal:W2:3:one_earlier:backward_share,True,0.0
temporal:W2:3:one_earlier:effective_coefficient_sum,True,0.0
covariance:W2:3:two_earlier:same_quarter,True,1.6370904631912708e-11
covariance:W2:3:two_earlier:one_earlier,True,0.0
covariance:W2:3:two_earlier:two_earlier,True,0.0
covariance:W2:3:two_earlier:older_finite_tail,True,0.0
temporal:W2:3:two_earlier:backward_share,True,7.105427357601002e-15
temporal:W2:3:two_earlier:effective_coefficient_sum,True,5.329070518200751e-15
covariance:W2:3:older_finite_tail:same_quarter,True,0.0
covariance:W2:3:older_finite_tail:one_earlier,True,0.0
covariance:W2:3:older_finite_tail:two_earlier,True,0.0
covariance:W2:3:older_finite_tail:older_finite_tail,True,0.0
temporal:W2:3:older_finite_tail:backward_share,True,0.0
temporal:W2:3:older_finite_tail:effective_coefficient_sum,True,0.0
covariance-total:W2:4:diagonal,True,0.0
covariance-total:W2:4:off_diagonal,True,0.0
covariance-total:W2:4:direct_total_variance,True,0.0
covariance:W2:4:same_quarter:same_quarter,True,0.0
covariance:W2:4:same_quarter:one_earlier,True,0.0
covariance:W2:4:same_quarter:two_earlier,True,0.0
covariance:W2:4:same_quarter:older_finite_tail,True,0.0
temporal:W2:4:same_quarter:backward_share,True,0.0
temporal:W2:4:same_quarter:effective_coefficient_sum,True,1.7763568394002505e-15
covariance:W2:4:one_earlier:same_quarter,True,0.0
covariance:W2:4:one_earlier:one_earlier,True,0.0
covariance:W2:4:one_earlier:two_earlier,True,0.0
covariance:W2:4:one_earlier:older_finite_tail,True,0.0
temporal:W2:4:one_earlier:backward_share,True,0.0
temporal:W2:4:one_earlier:effective_coefficient_sum,True,0.0
covariance:W2:4:two_earlier:same_quarter,True,0.0
covariance:W2:4:two_earlier:one_earlier,True,0.0
covariance:W2:4:two_earlier:two_earlier,True,1.8189894035458565e-12
covariance:W2:4:two_earlier:older_finite_tail,True,0.0
temporal:W2:4:two_earlier:backward_share,True,7.105427357601002e-15
temporal:W2:4:two_earlier:effective_coefficient_sum,True,4.3576253716537394e-15
covariance:W2:4:older_finite_tail:same_quarter,True,0.0
covariance:W2:4:older_finite_tail:one_earlier,True,0.0
covariance:W2:4:older_finite_tail:two_earlier,True,0.0
covariance:W2:4:older_finite_tail:older_finite_tail,True,0.0
temporal:W2:4:older_finite_tail:backward_share,True,0.0
temporal:W2:4:older_finite_tail:effective_coefficient_sum,True,0.0
nearfit:W1:2023Q1:same_quarter,True,1.7763568394002505e-15
nearfit:W1:2023Q1:one_earlier,True,7.105427357601002e-15
nearfit:W1:2023Q1:two_earlier,True,0.0
nearfit:W1:2023Q1:older_finite_tail,True,0.0
nearfit:W1:2023Q2:same_quarter,True,2.220446049250313e-16
nearfit:W1:2023Q2:one_earlier,True,0.0
nearfit:W1:2023Q2:two_earlier,True,4.440892098500626e-16
nearfit:W1:2023Q2:older_finite_tail,True,0.0
nearfit:W1:2023Q3:same_quarter,True,7.105427357601002e-15
nearfit:W1:2023Q3:one_earlier,True,0.0
nearfit:W1:2023Q3:two_earlier,True,1.7763568394002505e-15
nearfit:W1:2023Q3:older_finite_tail,True,4.440892098500626e-16
nearfit:W1:2023Q4:same_quarter,True,0.0
nearfit:W1:2023Q4:one_earlier,True,0.0
nearfit:W1:2023Q4:two_earlier,True,1.7763568394002505e-15
nearfit:W1:2023Q4:older_finite_tail,True,4.440892098500626e-16
nearfit:W1:2024Q1:same_quarter,True,0.0
nearfit:W1:2024Q1:one_earlier,True,0.0
nearfit:W1:2024Q1:two_earlier,True,0.0
nearfit:W1:2024Q1:older_finite_tail,True,0.0
nearfit:W1:2024Q2:same_quarter,True,0.0
nearfit:W1:2024Q2:one_earlier,True,0.0
nearfit:W1:2024Q2:two_earlier,True,3.552713678800501e-15
nearfit:W1:2024Q2:older_finite_tail,True,3.552713678800501e-15
nearfit:W1:2024Q3:same_quarter,True,7.105427357601002e-15
nearfit:W1:2024Q3:one_earlier,True,7.105427357601002e-15
nearfit:W1:2024Q3:two_earlier,True,1.7763568394002505e-15
nearfit:W1:2024Q3:older_finite_tail,True,0.0
nearfit:W1:2024Q4:same_quarter,True,7.105427357601002e-15
nearfit:W1:2024Q4:one_earlier,True,7.105427357601002e-15
nearfit:W1:2024Q4:two_earlier,True,0.0
nearfit:W1:2024Q4:older_finite_tail,True,3.552713678800501e-15
nearfit:W1:2025Q1:same_quarter,True,1.7763568394002505e-15
nearfit:W1:2025Q1:one_earlier,True,0.0
nearfit:W1:2025Q1:two_earlier,True,0.0
nearfit:W1:2025Q1:older_finite_tail,True,3.552713678800501e-15
nearfit:W1:2025Q2:same_quarter,True,1.7763568394002505e-15
nearfit:W1:2025Q2:one_earlier,True,0.0
nearfit:W1:2025Q2:two_earlier,True,0.0
nearfit:W1:2025Q2:older_finite_tail,True,0.0
nearfit:W1:2025Q3:same_quarter,True,7.105427357601002e-15
nearfit:W1:2025Q3:one_earlier,True,0.0
nearfit:W1:2025Q3:two_earlier,True,3.552713678800501e-15
nearfit:W1:2025Q3:older_finite_tail,True,0.0
nearfit:W1:2025Q4:same_quarter,True,2.220446049250313e-16
nearfit:W1:2025Q4:one_earlier,True,0.0
nearfit:W1:2025Q4:two_earlier,True,1.7763568394002505e-15
nearfit:W1:2025Q4:older_finite_tail,True,0.0
nearfit:W1:2026Q1:same_quarter,True,0.0
nearfit:W1:2026Q1:one_earlier,True,0.0
nearfit:W1:2026Q1:two_earlier,True,0.0
nearfit:W1:2026Q1:older_finite_tail,True,0.0
nearfit:W1:2026Q2:same_quarter,True,0.0
nearfit:W1:2026Q2:one_earlier,True,0.0
nearfit:W1:2026Q2:two_earlier,True,3.552713678800501e-15
nearfit:W1:2026Q2:older_finite_tail,True,0.0
nearfit:W2:2024Q1:same_quarter,True,1.7763568394002505e-15
nearfit:W2:2024Q1:one_earlier,True,0.0
nearfit:W2:2024Q1:two_earlier,True,3.552713678800501e-15
nearfit:W2:2024Q1:older_finite_tail,True,4.440892098500626e-16
nearfit:W2:2024Q2:same_quarter,True,1.4210854715202004e-14
nearfit:W2:2024Q2:one_earlier,True,0.0
nearfit:W2:2024Q2:two_earlier,True,7.105427357601002e-15
nearfit:W2:2024Q2:older_finite_tail,True,0.0
nearfit:W2:2024Q3:same_quarter,True,4.440892098500626e-16
nearfit:W2:2024Q3:one_earlier,True,3.552713678800501e-15
nearfit:W2:2024Q3:two_earlier,True,1.7763568394002505e-15
nearfit:W2:2024Q3:older_finite_tail,True,0.0
nearfit:W2:2024Q4:same_quarter,True,0.0
nearfit:W2:2024Q4:one_earlier,True,0.0
nearfit:W2:2024Q4:two_earlier,True,0.0
nearfit:W2:2024Q4:older_finite_tail,True,3.552713678800501e-15
nearfit:W2:2025Q1:same_quarter,True,7.105427357601002e-15
nearfit:W2:2025Q1:one_earlier,True,0.0
nearfit:W2:2025Q1:two_earlier,True,4.440892098500626e-16
nearfit:W2:2025Q1:older_finite_tail,True,0.0
nearfit:W2:2025Q2:same_quarter,True,0.0
nearfit:W2:2025Q2:one_earlier,True,0.0
nearfit:W2:2025Q2:two_earlier,True,3.552713678800501e-15
nearfit:W2:2025Q2:older_finite_tail,True,0.0
nearfit:W2:2025Q3:same_quarter,True,1.4210854715202004e-14
nearfit:W2:2025Q3:one_earlier,True,0.0
nearfit:W2:2025Q3:two_earlier,True,0.0
nearfit:W2:2025Q3:older_finite_tail,True,0.0
nearfit:W2:2025Q4:same_quarter,True,0.0
nearfit:W2:2025Q4:one_earlier,True,0.0
nearfit:W2:2025Q4:two_earlier,True,7.105427357601002e-15
nearfit:W2:2025Q4:older_finite_tail,True,0.0
nearfit:W2:2026Q1:same_quarter,True,7.105427357601002e-15
nearfit:W2:2026Q1:one_earlier,True,0.0
nearfit:W2:2026Q1:two_earlier,True,7.105427357601002e-15
nearfit:W2:2026Q1:older_finite_tail,True,3.552713678800501e-15
nearfit:W2:2026Q2:same_quarter,True,3.552713678800501e-15
nearfit:W2:2026Q2:one_earlier,True,0.0
nearfit:W2:2026Q2:two_earlier,True,3.552713678800501e-15
nearfit:W2:2026Q2:older_finite_tail,True,3.552713678800501e-15
LP:W1:2023Q1:maximum_same:2023Q1:dollars,True,6.963318810448982e-13
LP:W1:2023Q1:maximum_same:2023Q1:share,True,4.440892098500626e-16
LP:W1:2023Q1:maximum_same:2023Q1:revenue-feasibility,True,0.0
LP:W1:2023Q1:maximum_same:2023Q1:nonnegative,True,0.0
LP:W1:2023Q1:maximum_same:2023Q1:attained-endpoint,True,0.0
LP:W1:2023Q1:maximum_same:2024Q1:dollars,True,8.384404281969182e-13
LP:W1:2023Q1:maximum_same:2024Q1:share,True,4.440892098500626e-16
LP:W1:2023Q1:maximum_same:2024Q1:revenue-feasibility,True,0.0
LP:W1:2023Q1:maximum_same:2024Q1:nonnegative,True,0.0
LP:W1:2023Q1:maximum_same:2025Q1:dollars,True,9.237055564881302e-13
LP:W1:2023Q1:maximum_same:2025Q1:share,True,5.551115123125783e-16
LP:W1:2023Q1:maximum_same:2025Q1:revenue-feasibility,True,0.0
LP:W1:2023Q1:maximum_same:2025Q1:nonnegative,True,0.0
LP:W1:2023Q1:maximum_same:2026Q1:dollars,True,9.663381206337363e-13
LP:W1:2023Q1:maximum_same:2026Q1:share,True,6.661338147750939e-16
LP:W1:2023Q1:maximum_same:2026Q1:revenue-feasibility,True,0.0
LP:W1:2023Q1:maximum_same:2026Q1:nonnegative,True,0.0
LP:W1:2023Q1:minimum_same:2023Q1:dollars,True,1.5916157281026244e-12
LP:W1:2023Q1:minimum_same:2023Q1:share,True,5.551115123125783e-16
LP:W1:2023Q1:minimum_same:2023Q1:revenue-feasibility,True,0.0
LP:W1:2023Q1:minimum_same:2023Q1:nonnegative,True,0.0
LP:W1:2023Q1:minimum_same:2023Q1:attained-endpoint,True,0.0
LP:W1:2023Q1:minimum_same:2024Q1:dollars,True,1.8189894035458565e-12
LP:W1:2023Q1:minimum_same:2024Q1:share,True,6.661338147750939e-16
LP:W1:2023Q1:minimum_same:2024Q1:revenue-feasibility,True,0.0
LP:W1:2023Q1:minimum_same:2024Q1:nonnegative,True,0.0
LP:W1:2023Q1:minimum_same:2025Q1:dollars,True,2.0463630789890885e-12
LP:W1:2023Q1:minimum_same:2025Q1:share,True,5.551115123125783e-16
LP:W1:2023Q1:minimum_same:2025Q1:revenue-feasibility,True,0.0
LP:W1:2023Q1:minimum_same:2025Q1:nonnegative,True,0.0
LP:W1:2023Q1:minimum_same:2026Q1:dollars,True,2.2737367544323206e-12
LP:W1:2023Q1:minimum_same:2026Q1:share,True,6.661338147750939e-16
LP:W1:2023Q1:minimum_same:2026Q1:revenue-feasibility,True,0.0
LP:W1:2023Q1:minimum_same:2026Q1:nonnegative,True,0.0
LP:W1:2023Q2:maximum_same:2023Q2:dollars,True,1.3642420526593924e-12
LP:W1:2023Q2:maximum_same:2023Q2:share,True,4.440892098500626e-16
LP:W1:2023Q2:maximum_same:2023Q2:revenue-feasibility,True,0.0
LP:W1:2023Q2:maximum_same:2023Q2:nonnegative,True,0.0
LP:W1:2023Q2:maximum_same:2023Q2:attained-endpoint,True,1.4210854715202004e-14
LP:W1:2023Q2:maximum_same:2024Q2:dollars,True,1.4779288903810084e-12
LP:W1:2023Q2:maximum_same:2024Q2:share,True,5.551115123125783e-16
LP:W1:2023Q2:maximum_same:2024Q2:revenue-feasibility,True,0.0
LP:W1:2023Q2:maximum_same:2024Q2:nonnegative,True,0.0
LP:W1:2023Q2:maximum_same:2025Q2:dollars,True,1.7621459846850485e-12
LP:W1:2023Q2:maximum_same:2025Q2:share,True,5.551115123125783e-16
LP:W1:2023Q2:maximum_same:2025Q2:revenue-feasibility,True,0.0
LP:W1:2023Q2:maximum_same:2025Q2:nonnegative,True,0.0
LP:W1:2023Q2:maximum_same:2026Q2:dollars,True,2.0463630789890885e-12
LP:W1:2023Q2:maximum_same:2026Q2:share,True,4.440892098500626e-16
LP:W1:2023Q2:maximum_same:2026Q2:revenue-feasibility,True,0.0
LP:W1:2023Q2:maximum_same:2026Q2:nonnegative,True,0.0
LP:W1:2023Q2:minimum_same:2023Q2:dollars,True,1.9326762412674725e-12
LP:W1:2023Q2:minimum_same:2023Q2:share,True,6.661338147750939e-16
LP:W1:2023Q2:minimum_same:2023Q2:revenue-feasibility,True,0.0
LP:W1:2023Q2:minimum_same:2023Q2:nonnegative,True,0.0
LP:W1:2023Q2:minimum_same:2023Q2:attained-endpoint,True,0.0
LP:W1:2023Q2:minimum_same:2024Q2:dollars,True,2.2737367544323206e-12
LP:W1:2023Q2:minimum_same:2024Q2:share,True,6.661338147750939e-16
LP:W1:2023Q2:minimum_same:2024Q2:revenue-feasibility,True,0.0
LP:W1:2023Q2:minimum_same:2024Q2:nonnegative,True,0.0
LP:W1:2023Q2:minimum_same:2025Q2:dollars,True,2.5011104298755527e-12
LP:W1:2023Q2:minimum_same:2025Q2:share,True,5.551115123125783e-16
LP:W1:2023Q2:minimum_same:2025Q2:revenue-feasibility,True,0.0
LP:W1:2023Q2:minimum_same:2025Q2:nonnegative,True,0.0
LP:W1:2023Q2:minimum_same:2026Q2:dollars,True,2.7284841053187847e-12
LP:W1:2023Q2:minimum_same:2026Q2:share,True,6.106226635438361e-16
LP:W1:2023Q2:minimum_same:2026Q2:revenue-feasibility,True,0.0
LP:W1:2023Q2:minimum_same:2026Q2:nonnegative,True,0.0
LP:W1:2023Q3:maximum_same:2023Q3:dollars,True,1.3642420526593924e-12
LP:W1:2023Q3:maximum_same:2023Q3:share,True,1.1102230246251565e-16
LP:W1:2023Q3:maximum_same:2023Q3:revenue-feasibility,True,0.0
LP:W1:2023Q3:maximum_same:2023Q3:nonnegative,True,0.0
LP:W1:2023Q3:maximum_same:2023Q3:attained-endpoint,True,0.0
LP:W1:2023Q3:maximum_same:2024Q3:dollars,True,9.094947017729282e-13
LP:W1:2023Q3:maximum_same:2024Q3:share,True,1.1102230246251565e-16
LP:W1:2023Q3:maximum_same:2024Q3:revenue-feasibility,True,0.0
LP:W1:2023Q3:maximum_same:2024Q3:nonnegative,True,0.0
LP:W1:2023Q3:maximum_same:2025Q3:dollars,True,1.3642420526593924e-12
LP:W1:2023Q3:maximum_same:2025Q3:share,True,1.1102230246251565e-16
LP:W1:2023Q3:maximum_same:2025Q3:revenue-feasibility,True,0.0
LP:W1:2023Q3:maximum_same:2025Q3:nonnegative,True,0.0
LP:W1:2023Q3:minimum_same:2023Q3:dollars,True,1.3642420526593924e-12
LP:W1:2023Q3:minimum_same:2023Q3:share,True,1.249000902703301e-16
LP:W1:2023Q3:minimum_same:2023Q3:revenue-feasibility,True,0.0
LP:W1:2023Q3:minimum_same:2023Q3:nonnegative,True,0.0
LP:W1:2023Q3:minimum_same:2023Q3:attained-endpoint,True,0.0
LP:W1:2023Q3:minimum_same:2024Q3:dollars,True,1.3642420526593924e-12
LP:W1:2023Q3:minimum_same:2024Q3:share,True,3.3306690738754696e-16
LP:W1:2023Q3:minimum_same:2024Q3:revenue-feasibility,True,0.0
LP:W1:2023Q3:minimum_same:2024Q3:nonnegative,True,0.0
LP:W1:2023Q3:minimum_same:2025Q3:dollars,True,8.384404281969182e-13
LP:W1:2023Q3:minimum_same:2025Q3:share,True,1.3530843112619095e-16
LP:W1:2023Q3:minimum_same:2025Q3:revenue-feasibility,True,0.0
LP:W1:2023Q3:minimum_same:2025Q3:nonnegative,True,0.0
LP:W1:2023Q4:maximum_same:2023Q4:dollars,True,1.0231815394945443e-12
LP:W1:2023Q4:maximum_same:2023Q4:share,True,2.7755575615628914e-16
LP:W1:2023Q4:maximum_same:2023Q4:revenue-feasibility,True,0.0
LP:W1:2023Q4:maximum_same:2023Q4:nonnegative,True,0.0
LP:W1:2023Q4:maximum_same:2023Q4:attained-endpoint,True,0.0
LP:W1:2023Q4:maximum_same:2024Q4:dollars,True,1.3642420526593924e-12
LP:W1:2023Q4:maximum_same:2024Q4:share,True,3.3306690738754696e-16
LP:W1:2023Q4:maximum_same:2024Q4:revenue-feasibility,True,0.0
LP:W1:2023Q4:maximum_same:2024Q4:nonnegative,True,0.0
LP:W1:2023Q4:maximum_same:2025Q4:dollars,True,1.4779288903810084e-12
LP:W1:2023Q4:maximum_same:2025Q4:share,True,3.3306690738754696e-16
LP:W1:2023Q4:maximum_same:2025Q4:revenue-feasibility,True,0.0
LP:W1:2023Q4:maximum_same:2025Q4:nonnegative,True,0.0
LP:W1:2023Q4:minimum_same:2023Q4:dollars,True,1.4779288903810084e-12
LP:W1:2023Q4:minimum_same:2023Q4:share,True,2.220446049250313e-16
LP:W1:2023Q4:minimum_same:2023Q4:revenue-feasibility,True,0.0
LP:W1:2023Q4:minimum_same:2023Q4:nonnegative,True,0.0
LP:W1:2023Q4:minimum_same:2023Q4:attained-endpoint,True,0.0
LP:W1:2023Q4:minimum_same:2024Q4:dollars,True,1.5916157281026244e-12
LP:W1:2023Q4:minimum_same:2024Q4:share,True,2.220446049250313e-16
LP:W1:2023Q4:minimum_same:2024Q4:revenue-feasibility,True,0.0
LP:W1:2023Q4:minimum_same:2024Q4:nonnegative,True,0.0
LP:W1:2023Q4:minimum_same:2025Q4:dollars,True,1.8189894035458565e-12
LP:W1:2023Q4:minimum_same:2025Q4:share,True,2.220446049250313e-16
LP:W1:2023Q4:minimum_same:2025Q4:revenue-feasibility,True,0.0
LP:W1:2023Q4:minimum_same:2025Q4:nonnegative,True,0.0
LP:W1:2024Q1:maximum_same:2023Q1:dollars,True,6.821210263296962e-13
LP:W1:2024Q1:maximum_same:2023Q1:share,True,4.440892098500626e-16
LP:W1:2024Q1:maximum_same:2023Q1:revenue-feasibility,True,0.0
LP:W1:2024Q1:maximum_same:2023Q1:nonnegative,True,0.0
LP:W1:2024Q1:maximum_same:2024Q1:dollars,True,5.968558980384842e-13
LP:W1:2024Q1:maximum_same:2024Q1:share,True,4.440892098500626e-16
LP:W1:2024Q1:maximum_same:2024Q1:revenue-feasibility,True,0.0
LP:W1:2024Q1:maximum_same:2024Q1:nonnegative,True,0.0
LP:W1:2024Q1:maximum_same:2024Q1:attained-endpoint,True,0.0
LP:W1:2024Q1:maximum_same:2025Q1:dollars,True,6.821210263296962e-13
LP:W1:2024Q1:maximum_same:2025Q1:share,True,3.3306690738754696e-16
LP:W1:2024Q1:maximum_same:2025Q1:revenue-feasibility,True,0.0
LP:W1:2024Q1:maximum_same:2025Q1:nonnegative,True,0.0
LP:W1:2024Q1:maximum_same:2026Q1:dollars,True,7.389644451905042e-13
LP:W1:2024Q1:maximum_same:2026Q1:share,True,5.551115123125783e-16
LP:W1:2024Q1:maximum_same:2026Q1:revenue-feasibility,True,0.0
LP:W1:2024Q1:maximum_same:2026Q1:nonnegative,True,0.0
LP:W1:2024Q1:minimum_same:2023Q1:dollars,True,1.3642420526593924e-12
LP:W1:2024Q1:minimum_same:2023Q1:share,True,5.551115123125783e-16
LP:W1:2024Q1:minimum_same:2023Q1:revenue-feasibility,True,0.0
LP:W1:2024Q1:minimum_same:2023Q1:nonnegative,True,0.0
LP:W1:2024Q1:minimum_same:2024Q1:dollars,True,1.6484591469634324e-12
LP:W1:2024Q1:minimum_same:2024Q1:share,True,6.661338147750939e-16
LP:W1:2024Q1:minimum_same:2024Q1:revenue-feasibility,True,0.0
LP:W1:2024Q1:minimum_same:2024Q1:nonnegative,True,0.0
LP:W1:2024Q1:minimum_same:2024Q1:attained-endpoint,True,2.842170943040401e-14
LP:W1:2024Q1:minimum_same:2025Q1:dollars,True,1.8189894035458565e-12
LP:W1:2024Q1:minimum_same:2025Q1:share,True,7.771561172376096e-16
LP:W1:2024Q1:minimum_same:2025Q1:revenue-feasibility,True,0.0
LP:W1:2024Q1:minimum_same:2025Q1:nonnegative,True,0.0
LP:W1:2024Q1:minimum_same:2026Q1:dollars,True,2.0463630789890885e-12
LP:W1:2024Q1:minimum_same:2026Q1:share,True,6.661338147750939e-16
LP:W1:2024Q1:minimum_same:2026Q1:revenue-feasibility,True,0.0
LP:W1:2024Q1:minimum_same:2026Q1:nonnegative,True,0.0
LP:W1:2024Q2:maximum_same:2023Q2:dollars,True,9.094947017729282e-13
LP:W1:2024Q2:maximum_same:2023Q2:share,True,1.1102230246251565e-16
LP:W1:2024Q2:maximum_same:2023Q2:revenue-feasibility,True,0.0
LP:W1:2024Q2:maximum_same:2023Q2:nonnegative,True,0.0
LP:W1:2024Q2:maximum_same:2024Q2:dollars,True,9.094947017729282e-13
LP:W1:2024Q2:maximum_same:2024Q2:share,True,1.1102230246251565e-16
LP:W1:2024Q2:maximum_same:2024Q2:revenue-feasibility,True,0.0
LP:W1:2024Q2:maximum_same:2024Q2:nonnegative,True,0.0
LP:W1:2024Q2:maximum_same:2024Q2:attained-endpoint,True,0.0
LP:W1:2024Q2:maximum_same:2025Q2:dollars,True,9.094947017729282e-13
LP:W1:2024Q2:maximum_same:2025Q2:share,True,1.3877787807814457e-17
LP:W1:2024Q2:maximum_same:2025Q2:revenue-feasibility,True,0.0
LP:W1:2024Q2:maximum_same:2025Q2:nonnegative,True,0.0
LP:W1:2024Q2:maximum_same:2026Q2:dollars,True,1.3642420526593924e-12
LP:W1:2024Q2:maximum_same:2026Q2:share,True,1.1102230246251565e-16
LP:W1:2024Q2:maximum_same:2026Q2:revenue-feasibility,True,0.0
LP:W1:2024Q2:maximum_same:2026Q2:nonnegative,True,0.0
LP:W1:2024Q2:minimum_same:2023Q2:dollars,True,1.8189894035458565e-12
LP:W1:2024Q2:minimum_same:2023Q2:share,True,3.608224830031759e-16
LP:W1:2024Q2:minimum_same:2023Q2:revenue-feasibility,True,0.0
LP:W1:2024Q2:minimum_same:2023Q2:nonnegative,True,0.0
LP:W1:2024Q2:minimum_same:2024Q2:dollars,True,1.9326762412674725e-12
LP:W1:2024Q2:minimum_same:2024Q2:share,True,4.440892098500626e-16
LP:W1:2024Q2:minimum_same:2024Q2:revenue-feasibility,True,0.0
LP:W1:2024Q2:minimum_same:2024Q2:nonnegative,True,0.0
LP:W1:2024Q2:minimum_same:2024Q2:attained-endpoint,True,1.7763568394002505e-14
LP:W1:2024Q2:minimum_same:2025Q2:dollars,True,2.2737367544323206e-12
LP:W1:2024Q2:minimum_same:2025Q2:share,True,3.3306690738754696e-16
LP:W1:2024Q2:minimum_same:2025Q2:revenue-feasibility,True,0.0
LP:W1:2024Q2:minimum_same:2025Q2:nonnegative,True,0.0
LP:W1:2024Q2:minimum_same:2026Q2:dollars,True,2.5011104298755527e-12
LP:W1:2024Q2:minimum_same:2026Q2:share,True,4.440892098500626e-16
LP:W1:2024Q2:minimum_same:2026Q2:revenue-feasibility,True,0.0
LP:W1:2024Q2:minimum_same:2026Q2:nonnegative,True,0.0
LP:W1:2024Q3:maximum_same:2023Q3:dollars,True,1.8189894035458565e-12
LP:W1:2024Q3:maximum_same:2023Q3:share,True,2.220446049250313e-16
LP:W1:2024Q3:maximum_same:2023Q3:revenue-feasibility,True,0.0
LP:W1:2024Q3:maximum_same:2023Q3:nonnegative,True,0.0
LP:W1:2024Q3:maximum_same:2024Q3:dollars,True,1.8189894035458565e-12
LP:W1:2024Q3:maximum_same:2024Q3:share,True,2.220446049250313e-16
LP:W1:2024Q3:maximum_same:2024Q3:revenue-feasibility,True,0.0
LP:W1:2024Q3:maximum_same:2024Q3:nonnegative,True,0.0
LP:W1:2024Q3:maximum_same:2024Q3:attained-endpoint,True,0.0
LP:W1:2024Q3:maximum_same:2025Q3:dollars,True,1.3642420526593924e-12
LP:W1:2024Q3:maximum_same:2025Q3:share,True,2.220446049250313e-16
LP:W1:2024Q3:maximum_same:2025Q3:revenue-feasibility,True,0.0
LP:W1:2024Q3:maximum_same:2025Q3:nonnegative,True,0.0
LP:W1:2024Q3:minimum_same:2023Q3:dollars,True,4.547473508864641e-13
LP:W1:2024Q3:minimum_same:2023Q3:share,True,1.1102230246251565e-16
LP:W1:2024Q3:minimum_same:2023Q3:revenue-feasibility,True,0.0
LP:W1:2024Q3:minimum_same:2023Q3:nonnegative,True,0.0
LP:W1:2024Q3:minimum_same:2024Q3:dollars,True,9.094947017729282e-13
LP:W1:2024Q3:minimum_same:2024Q3:share,True,6.938893903907228e-18
LP:W1:2024Q3:minimum_same:2024Q3:revenue-feasibility,True,0.0
LP:W1:2024Q3:minimum_same:2024Q3:nonnegative,True,0.0
LP:W1:2024Q3:minimum_same:2024Q3:attained-endpoint,True,0.0
LP:W1:2024Q3:minimum_same:2025Q3:dollars,True,4.547473508864641e-13
LP:W1:2024Q3:minimum_same:2025Q3:share,True,1.1102230246251565e-16
LP:W1:2024Q3:minimum_same:2025Q3:revenue-feasibility,True,0.0
LP:W1:2024Q3:minimum_same:2025Q3:nonnegative,True,0.0
LP:W1:2024Q4:maximum_same:2023Q4:dollars,True,1.3642420526593924e-12
LP:W1:2024Q4:maximum_same:2023Q4:share,True,3.885780586188048e-16
LP:W1:2024Q4:maximum_same:2023Q4:revenue-feasibility,True,0.0
LP:W1:2024Q4:maximum_same:2023Q4:nonnegative,True,0.0
LP:W1:2024Q4:maximum_same:2024Q4:dollars,True,1.5916157281026244e-12
LP:W1:2024Q4:maximum_same:2024Q4:share,True,3.3306690738754696e-16
LP:W1:2024Q4:maximum_same:2024Q4:revenue-feasibility,True,0.0
LP:W1:2024Q4:maximum_same:2024Q4:nonnegative,True,0.0
LP:W1:2024Q4:maximum_same:2024Q4:attained-endpoint,True,0.0
LP:W1:2024Q4:maximum_same:2025Q4:dollars,True,1.8189894035458565e-12
LP:W1:2024Q4:maximum_same:2025Q4:share,True,3.3306690738754696e-16
LP:W1:2024Q4:maximum_same:2025Q4:revenue-feasibility,True,0.0
LP:W1:2024Q4:maximum_same:2025Q4:nonnegative,True,0.0
LP:W1:2024Q4:minimum_same:2023Q4:dollars,True,1.4779288903810084e-12
LP:W1:2024Q4:minimum_same:2023Q4:share,True,2.7755575615628914e-16
LP:W1:2024Q4:minimum_same:2023Q4:revenue-feasibility,True,0.0
LP:W1:2024Q4:minimum_same:2023Q4:nonnegative,True,0.0
LP:W1:2024Q4:minimum_same:2024Q4:dollars,True,1.5916157281026244e-12
LP:W1:2024Q4:minimum_same:2024Q4:share,True,2.220446049250313e-16
LP:W1:2024Q4:minimum_same:2024Q4:revenue-feasibility,True,0.0
LP:W1:2024Q4:minimum_same:2024Q4:nonnegative,True,0.0
LP:W1:2024Q4:minimum_same:2024Q4:attained-endpoint,True,0.0
LP:W1:2024Q4:minimum_same:2025Q4:dollars,True,1.8189894035458565e-12
LP:W1:2024Q4:minimum_same:2025Q4:share,True,2.220446049250313e-16
LP:W1:2024Q4:minimum_same:2025Q4:revenue-feasibility,True,0.0
LP:W1:2024Q4:minimum_same:2025Q4:nonnegative,True,0.0
LP:W1:2025Q1:maximum_same:2023Q1:dollars,True,6.821210263296962e-13
LP:W1:2025Q1:maximum_same:2023Q1:share,True,3.3306690738754696e-16
LP:W1:2025Q1:maximum_same:2023Q1:revenue-feasibility,True,0.0
LP:W1:2025Q1:maximum_same:2023Q1:nonnegative,True,0.0
LP:W1:2025Q1:maximum_same:2024Q1:dollars,True,5.684341886080801e-13
LP:W1:2025Q1:maximum_same:2024Q1:share,True,4.440892098500626e-16
LP:W1:2025Q1:maximum_same:2024Q1:revenue-feasibility,True,0.0
LP:W1:2025Q1:maximum_same:2024Q1:nonnegative,True,0.0
LP:W1:2025Q1:maximum_same:2025Q1:dollars,True,6.821210263296962e-13
LP:W1:2025Q1:maximum_same:2025Q1:share,True,3.3306690738754696e-16
LP:W1:2025Q1:maximum_same:2025Q1:revenue-feasibility,True,0.0
LP:W1:2025Q1:maximum_same:2025Q1:nonnegative,True,0.0
LP:W1:2025Q1:maximum_same:2025Q1:attained-endpoint,True,2.842170943040401e-14
LP:W1:2025Q1:maximum_same:2026Q1:dollars,True,7.389644451905042e-13
LP:W1:2025Q1:maximum_same:2026Q1:share,True,5.551115123125783e-16
LP:W1:2025Q1:maximum_same:2026Q1:revenue-feasibility,True,0.0
LP:W1:2025Q1:maximum_same:2026Q1:nonnegative,True,0.0
LP:W1:2025Q1:minimum_same:2023Q1:dollars,True,1.4779288903810084e-12
LP:W1:2025Q1:minimum_same:2023Q1:share,True,8.881784197001252e-16
LP:W1:2025Q1:minimum_same:2023Q1:revenue-feasibility,True,0.0
LP:W1:2025Q1:minimum_same:2023Q1:nonnegative,True,0.0
LP:W1:2025Q1:minimum_same:2024Q1:dollars,True,1.7053025658242404e-12
LP:W1:2025Q1:minimum_same:2024Q1:share,True,9.992007221626409e-16
LP:W1:2025Q1:minimum_same:2024Q1:revenue-feasibility,True,0.0
LP:W1:2025Q1:minimum_same:2024Q1:nonnegative,True,0.0
LP:W1:2025Q1:minimum_same:2025Q1:dollars,True,1.9326762412674725e-12
LP:W1:2025Q1:minimum_same:2025Q1:share,True,1.2212453270876722e-15
LP:W1:2025Q1:minimum_same:2025Q1:revenue-feasibility,True,0.0
LP:W1:2025Q1:minimum_same:2025Q1:nonnegative,True,0.0
LP:W1:2025Q1:minimum_same:2025Q1:attained-endpoint,True,1.4210854715202004e-14
LP:W1:2025Q1:minimum_same:2026Q1:dollars,True,2.2168933355715126e-12
LP:W1:2025Q1:minimum_same:2026Q1:share,True,1.1102230246251565e-15
LP:W1:2025Q1:minimum_same:2026Q1:revenue-feasibility,True,0.0
LP:W1:2025Q1:minimum_same:2026Q1:nonnegative,True,0.0
LP:W1:2025Q2:maximum_same:2023Q2:dollars,True,1.8189894035458565e-12
LP:W1:2025Q2:maximum_same:2023Q2:share,True,2.0816681711721685e-16
LP:W1:2025Q2:maximum_same:2023Q2:revenue-feasibility,True,0.0
LP:W1:2025Q2:maximum_same:2023Q2:nonnegative,True,0.0
LP:W1:2025Q2:maximum_same:2024Q2:dollars,True,1.3642420526593924e-12
LP:W1:2025Q2:maximum_same:2024Q2:share,True,1.5265566588595902e-16
LP:W1:2025Q2:maximum_same:2024Q2:revenue-feasibility,True,0.0
LP:W1:2025Q2:maximum_same:2024Q2:nonnegative,True,0.0
LP:W1:2025Q2:maximum_same:2025Q2:dollars,True,1.8189894035458565e-12
LP:W1:2025Q2:maximum_same:2025Q2:share,True,3.3306690738754696e-16
LP:W1:2025Q2:maximum_same:2025Q2:revenue-feasibility,True,0.0
LP:W1:2025Q2:maximum_same:2025Q2:nonnegative,True,0.0
LP:W1:2025Q2:maximum_same:2025Q2:attained-endpoint,True,1.4210854715202004e-14
LP:W1:2025Q2:maximum_same:2026Q2:dollars,True,2.7284841053187847e-12
LP:W1:2025Q2:maximum_same:2026Q2:share,True,2.220446049250313e-16
LP:W1:2025Q2:maximum_same:2026Q2:revenue-feasibility,True,0.0
LP:W1:2025Q2:maximum_same:2026Q2:nonnegative,True,0.0
LP:W1:2025Q2:minimum_same:2023Q2:dollars,True,1.3642420526593924e-12
LP:W1:2025Q2:minimum_same:2023Q2:share,True,3.885780586188048e-16
LP:W1:2025Q2:minimum_same:2023Q2:revenue-feasibility,True,0.0
LP:W1:2025Q2:minimum_same:2023Q2:nonnegative,True,0.0
LP:W1:2025Q2:minimum_same:2024Q2:dollars,True,1.9326762412674725e-12
LP:W1:2025Q2:minimum_same:2024Q2:share,True,4.996003610813204e-16
LP:W1:2025Q2:minimum_same:2024Q2:revenue-feasibility,True,0.0
LP:W1:2025Q2:minimum_same:2024Q2:nonnegative,True,0.0
LP:W1:2025Q2:minimum_same:2025Q2:dollars,True,1.8189894035458565e-12
LP:W1:2025Q2:minimum_same:2025Q2:share,True,4.440892098500626e-16
LP:W1:2025Q2:minimum_same:2025Q2:revenue-feasibility,True,0.0
LP:W1:2025Q2:minimum_same:2025Q2:nonnegative,True,0.0
LP:W1:2025Q2:minimum_same:2025Q2:attained-endpoint,True,7.105427357601002e-15
LP:W1:2025Q2:minimum_same:2026Q2:dollars,True,2.5011104298755527e-12
LP:W1:2025Q2:minimum_same:2026Q2:share,True,4.440892098500626e-16
LP:W1:2025Q2:minimum_same:2026Q2:revenue-feasibility,True,0.0
LP:W1:2025Q2:minimum_same:2026Q2:nonnegative,True,0.0
LP:W1:2025Q3:maximum_same:2023Q3:dollars,True,1.3642420526593924e-12
LP:W1:2025Q3:maximum_same:2023Q3:share,True,0.0
LP:W1:2025Q3:maximum_same:2023Q3:revenue-feasibility,True,0.0
LP:W1:2025Q3:maximum_same:2023Q3:nonnegative,True,0.0
LP:W1:2025Q3:maximum_same:2024Q3:dollars,True,1.3642420526593924e-12
LP:W1:2025Q3:maximum_same:2024Q3:share,True,5.551115123125783e-17
LP:W1:2025Q3:maximum_same:2024Q3:revenue-feasibility,True,0.0
LP:W1:2025Q3:maximum_same:2024Q3:nonnegative,True,0.0
LP:W1:2025Q3:maximum_same:2025Q3:dollars,True,1.3642420526593924e-12
LP:W1:2025Q3:maximum_same:2025Q3:share,True,1.1102230246251565e-16
LP:W1:2025Q3:maximum_same:2025Q3:revenue-feasibility,True,0.0
LP:W1:2025Q3:maximum_same:2025Q3:nonnegative,True,0.0
LP:W1:2025Q3:maximum_same:2025Q3:attained-endpoint,True,0.0
LP:W1:2025Q3:minimum_same:2023Q3:dollars,True,1.9255708139098715e-12
LP:W1:2025Q3:minimum_same:2023Q3:share,True,5.134781488891349e-16
LP:W1:2025Q3:minimum_same:2023Q3:revenue-feasibility,True,0.0
LP:W1:2025Q3:minimum_same:2023Q3:nonnegative,True,0.0
LP:W1:2025Q3:minimum_same:2024Q3:dollars,True,2.1316282072803006e-12
LP:W1:2025Q3:minimum_same:2024Q3:share,True,5.551115123125783e-16
LP:W1:2025Q3:minimum_same:2024Q3:revenue-feasibility,True,0.0
LP:W1:2025Q3:minimum_same:2024Q3:nonnegative,True,0.0
LP:W1:2025Q3:minimum_same:2025Q3:dollars,True,2.3021584638627246e-12
LP:W1:2025Q3:minimum_same:2025Q3:share,True,5.273559366969494e-16
LP:W1:2025Q3:minimum_same:2025Q3:revenue-feasibility,True,0.0
LP:W1:2025Q3:minimum_same:2025Q3:nonnegative,True,0.0
LP:W1:2025Q3:minimum_same:2025Q3:attained-endpoint,True,0.0
LP:W1:2025Q4:maximum_same:2023Q4:dollars,True,9.094947017729282e-13
LP:W1:2025Q4:maximum_same:2023Q4:share,True,1.6653345369377348e-16
LP:W1:2025Q4:maximum_same:2023Q4:revenue-feasibility,True,0.0
LP:W1:2025Q4:maximum_same:2023Q4:nonnegative,True,0.0
LP:W1:2025Q4:maximum_same:2024Q4:dollars,True,1.0231815394945443e-12
LP:W1:2025Q4:maximum_same:2024Q4:share,True,2.220446049250313e-16
LP:W1:2025Q4:maximum_same:2024Q4:revenue-feasibility,True,0.0
LP:W1:2025Q4:maximum_same:2024Q4:nonnegative,True,0.0
LP:W1:2025Q4:maximum_same:2025Q4:dollars,True,1.1368683772161603e-12
LP:W1:2025Q4:maximum_same:2025Q4:share,True,1.1102230246251565e-16
LP:W1:2025Q4:maximum_same:2025Q4:revenue-feasibility,True,0.0
LP:W1:2025Q4:maximum_same:2025Q4:nonnegative,True,0.0
LP:W1:2025Q4:maximum_same:2025Q4:attained-endpoint,True,0.0
LP:W1:2025Q4:minimum_same:2023Q4:dollars,True,4.547473508864641e-13
LP:W1:2025Q4:minimum_same:2023Q4:share,True,2.220446049250313e-16
LP:W1:2025Q4:minimum_same:2023Q4:revenue-feasibility,True,0.0
LP:W1:2025Q4:minimum_same:2023Q4:nonnegative,True,0.0
LP:W1:2025Q4:minimum_same:2024Q4:dollars,True,5.684341886080801e-13
LP:W1:2025Q4:minimum_same:2024Q4:share,True,3.3306690738754696e-16
LP:W1:2025Q4:minimum_same:2024Q4:revenue-feasibility,True,0.0
LP:W1:2025Q4:minimum_same:2024Q4:nonnegative,True,0.0
LP:W1:2025Q4:minimum_same:2025Q4:dollars,True,5.684341886080801e-13
LP:W1:2025Q4:minimum_same:2025Q4:share,True,2.220446049250313e-16
LP:W1:2025Q4:minimum_same:2025Q4:revenue-feasibility,True,0.0
LP:W1:2025Q4:minimum_same:2025Q4:nonnegative,True,0.0
LP:W1:2025Q4:minimum_same:2025Q4:attained-endpoint,True,0.0
LP:W1:2026Q1:maximum_same:2023Q1:dollars,True,6.821210263296962e-13
LP:W1:2026Q1:maximum_same:2023Q1:share,True,4.440892098500626e-16
LP:W1:2026Q1:maximum_same:2023Q1:revenue-feasibility,True,0.0
LP:W1:2026Q1:maximum_same:2023Q1:nonnegative,True,0.0
LP:W1:2026Q1:maximum_same:2024Q1:dollars,True,5.115907697472721e-13
LP:W1:2026Q1:maximum_same:2024Q1:share,True,4.440892098500626e-16
LP:W1:2026Q1:maximum_same:2024Q1:revenue-feasibility,True,0.0
LP:W1:2026Q1:maximum_same:2024Q1:nonnegative,True,0.0
LP:W1:2026Q1:maximum_same:2025Q1:dollars,True,6.821210263296962e-13
LP:W1:2026Q1:maximum_same:2025Q1:share,True,3.3306690738754696e-16
LP:W1:2026Q1:maximum_same:2025Q1:revenue-feasibility,True,0.0
LP:W1:2026Q1:maximum_same:2025Q1:nonnegative,True,0.0
LP:W1:2026Q1:maximum_same:2026Q1:dollars,True,7.105427357601002e-13
LP:W1:2026Q1:maximum_same:2026Q1:share,True,4.440892098500626e-16
LP:W1:2026Q1:maximum_same:2026Q1:revenue-feasibility,True,0.0
LP:W1:2026Q1:maximum_same:2026Q1:nonnegative,True,0.0
LP:W1:2026Q1:maximum_same:2026Q1:attained-endpoint,True,1.4210854715202004e-14
LP:W1:2026Q1:minimum_same:2023Q1:dollars,True,1.3642420526593924e-12
LP:W1:2026Q1:minimum_same:2023Q1:share,True,5.551115123125783e-16
LP:W1:2026Q1:minimum_same:2023Q1:revenue-feasibility,True,0.0
LP:W1:2026Q1:minimum_same:2023Q1:nonnegative,True,0.0
LP:W1:2026Q1:minimum_same:2024Q1:dollars,True,1.3073986337985843e-12
LP:W1:2026Q1:minimum_same:2024Q1:share,True,6.661338147750939e-16
LP:W1:2026Q1:minimum_same:2024Q1:revenue-feasibility,True,0.0
LP:W1:2026Q1:minimum_same:2024Q1:nonnegative,True,0.0
LP:W1:2026Q1:minimum_same:2025Q1:dollars,True,1.4779288903810084e-12
LP:W1:2026Q1:minimum_same:2025Q1:share,True,6.661338147750939e-16
LP:W1:2026Q1:minimum_same:2025Q1:revenue-feasibility,True,0.0
LP:W1:2026Q1:minimum_same:2025Q1:nonnegative,True,0.0
LP:W1:2026Q1:minimum_same:2026Q1:dollars,True,2.2737367544323206e-12
LP:W1:2026Q1:minimum_same:2026Q1:share,True,4.440892098500626e-16
LP:W1:2026Q1:minimum_same:2026Q1:revenue-feasibility,True,0.0
LP:W1:2026Q1:minimum_same:2026Q1:nonnegative,True,0.0
LP:W1:2026Q1:minimum_same:2026Q1:attained-endpoint,True,0.0
LP:W1:2026Q2:maximum_same:2023Q2:dollars,True,5.684341886080801e-13
LP:W1:2026Q2:maximum_same:2023Q2:share,True,1.249000902703301e-16
LP:W1:2026Q2:maximum_same:2023Q2:revenue-feasibility,True,0.0
LP:W1:2026Q2:maximum_same:2023Q2:nonnegative,True,0.0
LP:W1:2026Q2:maximum_same:2024Q2:dollars,True,5.684341886080801e-13
LP:W1:2026Q2:maximum_same:2024Q2:share,True,2.220446049250313e-16
LP:W1:2026Q2:maximum_same:2024Q2:revenue-feasibility,True,0.0
LP:W1:2026Q2:maximum_same:2024Q2:nonnegative,True,0.0
LP:W1:2026Q2:maximum_same:2025Q2:dollars,True,6.252776074688882e-13
LP:W1:2026Q2:maximum_same:2025Q2:share,True,2.220446049250313e-16
LP:W1:2026Q2:maximum_same:2025Q2:revenue-feasibility,True,0.0
LP:W1:2026Q2:maximum_same:2025Q2:nonnegative,True,0.0
LP:W1:2026Q2:maximum_same:2026Q2:dollars,True,8.526512829121202e-13
LP:W1:2026Q2:maximum_same:2026Q2:share,True,2.220446049250313e-16
LP:W1:2026Q2:maximum_same:2026Q2:revenue-feasibility,True,0.0
LP:W1:2026Q2:maximum_same:2026Q2:nonnegative,True,0.0
LP:W1:2026Q2:maximum_same:2026Q2:attained-endpoint,True,1.4210854715202004e-14
LP:W1:2026Q2:minimum_same:2023Q2:dollars,True,1.2221335055073723e-12
LP:W1:2026Q2:minimum_same:2023Q2:share,True,3.7470027081099033e-16
LP:W1:2026Q2:minimum_same:2023Q2:revenue-feasibility,True,0.0
LP:W1:2026Q2:minimum_same:2023Q2:nonnegative,True,0.0
LP:W1:2026Q2:minimum_same:2024Q2:dollars,True,1.3642420526593924e-12
LP:W1:2026Q2:minimum_same:2024Q2:share,True,3.608224830031759e-16
LP:W1:2026Q2:minimum_same:2024Q2:revenue-feasibility,True,0.0
LP:W1:2026Q2:minimum_same:2024Q2:nonnegative,True,0.0
LP:W1:2026Q2:minimum_same:2025Q2:dollars,True,1.5347723092418164e-12
LP:W1:2026Q2:minimum_same:2025Q2:share,True,3.469446951953614e-16
LP:W1:2026Q2:minimum_same:2025Q2:revenue-feasibility,True,0.0
LP:W1:2026Q2:minimum_same:2025Q2:nonnegative,True,0.0
LP:W1:2026Q2:minimum_same:2026Q2:dollars,True,1.7053025658242404e-12
LP:W1:2026Q2:minimum_same:2026Q2:share,True,3.608224830031759e-16
LP:W1:2026Q2:minimum_same:2026Q2:revenue-feasibility,True,0.0
LP:W1:2026Q2:minimum_same:2026Q2:nonnegative,True,0.0
LP:W1:2026Q2:minimum_same:2026Q2:attained-endpoint,True,3.552713678800501e-15
LP:W2:2024Q1:maximum_same:2024Q1:dollars,True,4.547473508864641e-13
LP:W2:2024Q1:maximum_same:2024Q1:share,True,0.0
LP:W2:2024Q1:maximum_same:2024Q1:revenue-feasibility,True,0.0
LP:W2:2024Q1:maximum_same:2024Q1:nonnegative,True,0.0
LP:W2:2024Q1:maximum_same:2024Q1:attained-endpoint,True,0.0
LP:W2:2024Q1:maximum_same:2025Q1:dollars,True,4.547473508864641e-13
LP:W2:2024Q1:maximum_same:2025Q1:share,True,0.0
LP:W2:2024Q1:maximum_same:2025Q1:revenue-feasibility,True,0.0
LP:W2:2024Q1:maximum_same:2025Q1:nonnegative,True,0.0
LP:W2:2024Q1:maximum_same:2026Q1:dollars,True,9.094947017729282e-13
LP:W2:2024Q1:maximum_same:2026Q1:share,True,0.0
LP:W2:2024Q1:maximum_same:2026Q1:revenue-feasibility,True,0.0
LP:W2:2024Q1:maximum_same:2026Q1:nonnegative,True,0.0
LP:W2:2024Q1:minimum_same:2024Q1:dollars,True,1.3642420526593924e-12
LP:W2:2024Q1:minimum_same:2024Q1:share,True,5.551115123125783e-17
LP:W2:2024Q1:minimum_same:2024Q1:revenue-feasibility,True,0.0
LP:W2:2024Q1:minimum_same:2024Q1:nonnegative,True,0.0
LP:W2:2024Q1:minimum_same:2024Q1:attained-endpoint,True,1.4210854715202004e-14
LP:W2:2024Q1:minimum_same:2025Q1:dollars,True,1.5916157281026244e-12
LP:W2:2024Q1:minimum_same:2025Q1:share,True,1.1102230246251565e-16
LP:W2:2024Q1:minimum_same:2025Q1:revenue-feasibility,True,0.0
LP:W2:2024Q1:minimum_same:2025Q1:nonnegative,True,0.0
LP:W2:2024Q1:minimum_same:2026Q1:dollars,True,2.0463630789890885e-12
LP:W2:2024Q1:minimum_same:2026Q1:share,True,5.551115123125783e-17
LP:W2:2024Q1:minimum_same:2026Q1:revenue-feasibility,True,0.0
LP:W2:2024Q1:minimum_same:2026Q1:nonnegative,True,0.0
LP:W2:2024Q2:maximum_same:2024Q2:dollars,True,9.094947017729282e-13
LP:W2:2024Q2:maximum_same:2024Q2:share,True,1.1102230246251565e-16
LP:W2:2024Q2:maximum_same:2024Q2:revenue-feasibility,True,0.0
LP:W2:2024Q2:maximum_same:2024Q2:nonnegative,True,0.0
LP:W2:2024Q2:maximum_same:2024Q2:attained-endpoint,True,0.0
LP:W2:2024Q2:maximum_same:2025Q2:dollars,True,9.094947017729282e-13
LP:W2:2024Q2:maximum_same:2025Q2:share,True,1.3877787807814457e-17
LP:W2:2024Q2:maximum_same:2025Q2:revenue-feasibility,True,0.0
LP:W2:2024Q2:maximum_same:2025Q2:nonnegative,True,0.0
LP:W2:2024Q2:maximum_same:2026Q2:dollars,True,1.3642420526593924e-12
LP:W2:2024Q2:maximum_same:2026Q2:share,True,1.1102230246251565e-16
LP:W2:2024Q2:maximum_same:2026Q2:revenue-feasibility,True,0.0
LP:W2:2024Q2:maximum_same:2026Q2:nonnegative,True,0.0
LP:W2:2024Q2:minimum_same:2024Q2:dollars,True,1.8758328224066645e-12
LP:W2:2024Q2:minimum_same:2024Q2:share,True,5.551115123125783e-16
LP:W2:2024Q2:minimum_same:2024Q2:revenue-feasibility,True,0.0
LP:W2:2024Q2:minimum_same:2024Q2:nonnegative,True,0.0
LP:W2:2024Q2:minimum_same:2024Q2:attained-endpoint,True,0.0
LP:W2:2024Q2:minimum_same:2025Q2:dollars,True,2.0463630789890885e-12
LP:W2:2024Q2:minimum_same:2025Q2:share,True,4.996003610813204e-16
LP:W2:2024Q2:minimum_same:2025Q2:revenue-feasibility,True,0.0
LP:W2:2024Q2:minimum_same:2025Q2:nonnegative,True,0.0
LP:W2:2024Q2:minimum_same:2026Q2:dollars,True,2.4442670110147446e-12
LP:W2:2024Q2:minimum_same:2026Q2:share,True,5.828670879282072e-16
LP:W2:2024Q2:minimum_same:2026Q2:revenue-feasibility,True,0.0
LP:W2:2024Q2:minimum_same:2026Q2:nonnegative,True,0.0
LP:W2:2024Q3:maximum_same:2024Q3:dollars,True,2.2737367544323206e-12
LP:W2:2024Q3:maximum_same:2024Q3:share,True,3.3306690738754696e-16
LP:W2:2024Q3:maximum_same:2024Q3:revenue-feasibility,True,0.0
LP:W2:2024Q3:maximum_same:2024Q3:nonnegative,True,0.0
LP:W2:2024Q3:maximum_same:2024Q3:attained-endpoint,True,0.0
LP:W2:2024Q3:maximum_same:2025Q3:dollars,True,2.0463630789890885e-12
LP:W2:2024Q3:maximum_same:2025Q3:share,True,2.220446049250313e-16
LP:W2:2024Q3:maximum_same:2025Q3:revenue-feasibility,True,0.0
LP:W2:2024Q3:maximum_same:2025Q3:nonnegative,True,0.0
LP:W2:2024Q3:minimum_same:2024Q3:dollars,True,4.547473508864641e-13
LP:W2:2024Q3:minimum_same:2024Q3:share,True,1.1102230246251565e-16
LP:W2:2024Q3:minimum_same:2024Q3:revenue-feasibility,True,0.0
LP:W2:2024Q3:minimum_same:2024Q3:nonnegative,True,0.0
LP:W2:2024Q3:minimum_same:2024Q3:attained-endpoint,True,0.0
LP:W2:2024Q3:minimum_same:2025Q3:dollars,True,4.547473508864641e-13
LP:W2:2024Q3:minimum_same:2025Q3:share,True,1.1102230246251565e-16
LP:W2:2024Q3:minimum_same:2025Q3:revenue-feasibility,True,0.0
LP:W2:2024Q3:minimum_same:2025Q3:nonnegative,True,0.0
LP:W2:2024Q4:maximum_same:2024Q4:dollars,True,1.8189894035458565e-12
LP:W2:2024Q4:maximum_same:2024Q4:share,True,2.220446049250313e-16
LP:W2:2024Q4:maximum_same:2024Q4:revenue-feasibility,True,0.0
LP:W2:2024Q4:maximum_same:2024Q4:nonnegative,True,0.0
LP:W2:2024Q4:maximum_same:2024Q4:attained-endpoint,True,0.0
LP:W2:2024Q4:maximum_same:2025Q4:dollars,True,1.8189894035458565e-12
LP:W2:2024Q4:maximum_same:2025Q4:share,True,1.942890293094024e-16
LP:W2:2024Q4:maximum_same:2025Q4:revenue-feasibility,True,0.0
LP:W2:2024Q4:maximum_same:2025Q4:nonnegative,True,0.0
LP:W2:2024Q4:minimum_same:2024Q4:dollars,True,2.7284841053187847e-12
LP:W2:2024Q4:minimum_same:2024Q4:share,True,0.0
LP:W2:2024Q4:minimum_same:2024Q4:revenue-feasibility,True,0.0
LP:W2:2024Q4:minimum_same:2024Q4:nonnegative,True,0.0
LP:W2:2024Q4:minimum_same:2024Q4:attained-endpoint,True,0.0
LP:W2:2024Q4:minimum_same:2025Q4:dollars,True,2.2737367544323206e-12
LP:W2:2024Q4:minimum_same:2025Q4:share,True,0.0
LP:W2:2024Q4:minimum_same:2025Q4:revenue-feasibility,True,0.0
LP:W2:2024Q4:minimum_same:2025Q4:nonnegative,True,0.0
LP:W2:2025Q1:maximum_same:2024Q1:dollars,True,4.547473508864641e-13
LP:W2:2025Q1:maximum_same:2024Q1:share,True,0.0
LP:W2:2025Q1:maximum_same:2024Q1:revenue-feasibility,True,0.0
LP:W2:2025Q1:maximum_same:2024Q1:nonnegative,True,0.0
LP:W2:2025Q1:maximum_same:2025Q1:dollars,True,4.547473508864641e-13
LP:W2:2025Q1:maximum_same:2025Q1:share,True,0.0
LP:W2:2025Q1:maximum_same:2025Q1:revenue-feasibility,True,0.0
LP:W2:2025Q1:maximum_same:2025Q1:nonnegative,True,0.0
LP:W2:2025Q1:maximum_same:2025Q1:attained-endpoint,True,0.0
LP:W2:2025Q1:maximum_same:2026Q1:dollars,True,9.094947017729282e-13
LP:W2:2025Q1:maximum_same:2026Q1:share,True,0.0
LP:W2:2025Q1:maximum_same:2026Q1:revenue-feasibility,True,0.0
LP:W2:2025Q1:maximum_same:2026Q1:nonnegative,True,0.0
LP:W2:2025Q1:minimum_same:2024Q1:dollars,True,1.2505552149377763e-12
LP:W2:2025Q1:minimum_same:2024Q1:share,True,2.220446049250313e-16
LP:W2:2025Q1:minimum_same:2024Q1:revenue-feasibility,True,0.0
LP:W2:2025Q1:minimum_same:2024Q1:nonnegative,True,0.0
LP:W2:2025Q1:minimum_same:2025Q1:dollars,True,1.2505552149377763e-12
LP:W2:2025Q1:minimum_same:2025Q1:share,True,1.6653345369377348e-16
LP:W2:2025Q1:minimum_same:2025Q1:revenue-feasibility,True,0.0
LP:W2:2025Q1:minimum_same:2025Q1:nonnegative,True,0.0
LP:W2:2025Q1:minimum_same:2025Q1:attained-endpoint,True,2.1316282072803006e-14
LP:W2:2025Q1:minimum_same:2026Q1:dollars,True,1.8189894035458565e-12
LP:W2:2025Q1:minimum_same:2026Q1:share,True,3.3306690738754696e-16
LP:W2:2025Q1:minimum_same:2026Q1:revenue-feasibility,True,0.0
LP:W2:2025Q1:minimum_same:2026Q1:nonnegative,True,0.0
LP:W2:2025Q2:maximum_same:2024Q2:dollars,True,1.3642420526593924e-12
LP:W2:2025Q2:maximum_same:2024Q2:share,True,1.5265566588595902e-16
LP:W2:2025Q2:maximum_same:2024Q2:revenue-feasibility,True,0.0
LP:W2:2025Q2:maximum_same:2024Q2:nonnegative,True,0.0
LP:W2:2025Q2:maximum_same:2025Q2:dollars,True,1.8189894035458565e-12
LP:W2:2025Q2:maximum_same:2025Q2:share,True,3.3306690738754696e-16
LP:W2:2025Q2:maximum_same:2025Q2:revenue-feasibility,True,0.0
LP:W2:2025Q2:maximum_same:2025Q2:nonnegative,True,0.0
LP:W2:2025Q2:maximum_same:2025Q2:attained-endpoint,True,1.4210854715202004e-14
LP:W2:2025Q2:maximum_same:2026Q2:dollars,True,2.7284841053187847e-12
LP:W2:2025Q2:maximum_same:2026Q2:share,True,2.220446049250313e-16
LP:W2:2025Q2:maximum_same:2026Q2:revenue-feasibility,True,0.0
LP:W2:2025Q2:maximum_same:2026Q2:nonnegative,True,0.0
LP:W2:2025Q2:minimum_same:2024Q2:dollars,True,1.2505552149377763e-12
LP:W2:2025Q2:minimum_same:2024Q2:share,True,4.163336342344337e-16
LP:W2:2025Q2:minimum_same:2024Q2:revenue-feasibility,True,0.0
LP:W2:2025Q2:minimum_same:2024Q2:nonnegative,True,0.0
LP:W2:2025Q2:minimum_same:2025Q2:dollars,True,1.3073986337985843e-12
LP:W2:2025Q2:minimum_same:2025Q2:share,True,4.440892098500626e-16
LP:W2:2025Q2:minimum_same:2025Q2:revenue-feasibility,True,0.0
LP:W2:2025Q2:minimum_same:2025Q2:nonnegative,True,0.0
LP:W2:2025Q2:minimum_same:2025Q2:attained-endpoint,True,0.0
LP:W2:2025Q2:minimum_same:2026Q2:dollars,True,1.5916157281026244e-12
LP:W2:2025Q2:minimum_same:2026Q2:share,True,4.440892098500626e-16
LP:W2:2025Q2:minimum_same:2026Q2:revenue-feasibility,True,0.0
LP:W2:2025Q2:minimum_same:2026Q2:nonnegative,True,0.0
LP:W2:2025Q3:maximum_same:2024Q3:dollars,True,4.547473508864641e-13
LP:W2:2025Q3:maximum_same:2024Q3:share,True,5.551115123125783e-17
LP:W2:2025Q3:maximum_same:2024Q3:revenue-feasibility,True,0.0
LP:W2:2025Q3:maximum_same:2024Q3:nonnegative,True,0.0
LP:W2:2025Q3:maximum_same:2025Q3:dollars,True,4.547473508864641e-13
LP:W2:2025Q3:maximum_same:2025Q3:share,True,2.220446049250313e-16
LP:W2:2025Q3:maximum_same:2025Q3:revenue-feasibility,True,0.0
LP:W2:2025Q3:maximum_same:2025Q3:nonnegative,True,0.0
LP:W2:2025Q3:maximum_same:2025Q3:attained-endpoint,True,0.0
LP:W2:2025Q3:minimum_same:2024Q3:dollars,True,1.3642420526593924e-12
LP:W2:2025Q3:minimum_same:2024Q3:share,True,3.3306690738754696e-16
LP:W2:2025Q3:minimum_same:2024Q3:revenue-feasibility,True,0.0
LP:W2:2025Q3:minimum_same:2024Q3:nonnegative,True,0.0
LP:W2:2025Q3:minimum_same:2025Q3:dollars,True,1.5916157281026244e-12
LP:W2:2025Q3:minimum_same:2025Q3:share,True,3.0531133177191805e-16
LP:W2:2025Q3:minimum_same:2025Q3:revenue-feasibility,True,0.0
LP:W2:2025Q3:minimum_same:2025Q3:nonnegative,True,0.0
LP:W2:2025Q3:minimum_same:2025Q3:attained-endpoint,True,0.0
LP:W2:2025Q4:maximum_same:2024Q4:dollars,True,2.2168933355715126e-12
LP:W2:2025Q4:maximum_same:2024Q4:share,True,7.771561172376096e-16
LP:W2:2025Q4:maximum_same:2024Q4:revenue-feasibility,True,0.0
LP:W2:2025Q4:maximum_same:2024Q4:nonnegative,True,0.0
LP:W2:2025Q4:maximum_same:2025Q4:dollars,True,2.3874235921539366e-12
LP:W2:2025Q4:maximum_same:2025Q4:share,True,5.828670879282072e-16
LP:W2:2025Q4:maximum_same:2025Q4:revenue-feasibility,True,0.0
LP:W2:2025Q4:maximum_same:2025Q4:nonnegative,True,0.0
LP:W2:2025Q4:maximum_same:2025Q4:attained-endpoint,True,1.4210854715202004e-14
LP:W2:2025Q4:minimum_same:2024Q4:dollars,True,9.094947017729282e-13
LP:W2:2025Q4:minimum_same:2024Q4:share,True,0.0
LP:W2:2025Q4:minimum_same:2024Q4:revenue-feasibility,True,0.0
LP:W2:2025Q4:minimum_same:2024Q4:nonnegative,True,0.0
LP:W2:2025Q4:minimum_same:2025Q4:dollars,True,0.0
LP:W2:2025Q4:minimum_same:2025Q4:share,True,0.0
LP:W2:2025Q4:minimum_same:2025Q4:revenue-feasibility,True,0.0
LP:W2:2025Q4:minimum_same:2025Q4:nonnegative,True,0.0
LP:W2:2025Q4:minimum_same:2025Q4:attained-endpoint,True,0.0
LP:W2:2026Q1:maximum_same:2024Q1:dollars,True,4.547473508864641e-13
LP:W2:2026Q1:maximum_same:2024Q1:share,True,0.0
LP:W2:2026Q1:maximum_same:2024Q1:revenue-feasibility,True,0.0
LP:W2:2026Q1:maximum_same:2024Q1:nonnegative,True,0.0
LP:W2:2026Q1:maximum_same:2025Q1:dollars,True,4.547473508864641e-13
LP:W2:2026Q1:maximum_same:2025Q1:share,True,0.0
LP:W2:2026Q1:maximum_same:2025Q1:revenue-feasibility,True,0.0
LP:W2:2026Q1:maximum_same:2025Q1:nonnegative,True,0.0
LP:W2:2026Q1:maximum_same:2026Q1:dollars,True,9.094947017729282e-13
LP:W2:2026Q1:maximum_same:2026Q1:share,True,0.0
LP:W2:2026Q1:maximum_same:2026Q1:revenue-feasibility,True,0.0
LP:W2:2026Q1:maximum_same:2026Q1:nonnegative,True,0.0
LP:W2:2026Q1:maximum_same:2026Q1:attained-endpoint,True,0.0
LP:W2:2026Q1:minimum_same:2024Q1:dollars,True,2.0463630789890885e-12
LP:W2:2026Q1:minimum_same:2024Q1:share,True,4.440892098500626e-16
LP:W2:2026Q1:minimum_same:2024Q1:revenue-feasibility,True,0.0
LP:W2:2026Q1:minimum_same:2024Q1:nonnegative,True,0.0
LP:W2:2026Q1:minimum_same:2025Q1:dollars,True,2.5011104298755527e-12
LP:W2:2026Q1:minimum_same:2025Q1:share,True,5.551115123125783e-16
LP:W2:2026Q1:minimum_same:2025Q1:revenue-feasibility,True,0.0
LP:W2:2026Q1:minimum_same:2025Q1:nonnegative,True,0.0
LP:W2:2026Q1:minimum_same:2026Q1:dollars,True,2.2737367544323206e-12
LP:W2:2026Q1:minimum_same:2026Q1:share,True,3.3306690738754696e-16
LP:W2:2026Q1:minimum_same:2026Q1:revenue-feasibility,True,0.0
LP:W2:2026Q1:minimum_same:2026Q1:nonnegative,True,0.0
LP:W2:2026Q1:minimum_same:2026Q1:attained-endpoint,True,1.4210854715202004e-14
LP:W2:2026Q2:maximum_same:2024Q2:dollars,True,5.684341886080801e-13
LP:W2:2026Q2:maximum_same:2024Q2:share,True,2.220446049250313e-16
LP:W2:2026Q2:maximum_same:2024Q2:revenue-feasibility,True,0.0
LP:W2:2026Q2:maximum_same:2024Q2:nonnegative,True,0.0
LP:W2:2026Q2:maximum_same:2025Q2:dollars,True,6.252776074688882e-13
LP:W2:2026Q2:maximum_same:2025Q2:share,True,2.220446049250313e-16
LP:W2:2026Q2:maximum_same:2025Q2:revenue-feasibility,True,0.0
LP:W2:2026Q2:maximum_same:2025Q2:nonnegative,True,0.0
LP:W2:2026Q2:maximum_same:2026Q2:dollars,True,8.526512829121202e-13
LP:W2:2026Q2:maximum_same:2026Q2:share,True,2.220446049250313e-16
LP:W2:2026Q2:maximum_same:2026Q2:revenue-feasibility,True,0.0
LP:W2:2026Q2:maximum_same:2026Q2:nonnegative,True,0.0
LP:W2:2026Q2:maximum_same:2026Q2:attained-endpoint,True,1.4210854715202004e-14
LP:W2:2026Q2:minimum_same:2024Q2:dollars,True,1.3073986337985843e-12
LP:W2:2026Q2:minimum_same:2024Q2:share,True,3.3306690738754696e-16
LP:W2:2026Q2:minimum_same:2024Q2:revenue-feasibility,True,0.0
LP:W2:2026Q2:minimum_same:2024Q2:nonnegative,True,0.0
LP:W2:2026Q2:minimum_same:2025Q2:dollars,True,1.3642420526593924e-12
LP:W2:2026Q2:minimum_same:2025Q2:share,True,3.3306690738754696e-16
LP:W2:2026Q2:minimum_same:2025Q2:revenue-feasibility,True,0.0
LP:W2:2026Q2:minimum_same:2025Q2:nonnegative,True,0.0
LP:W2:2026Q2:minimum_same:2026Q2:dollars,True,1.6484591469634324e-12
LP:W2:2026Q2:minimum_same:2026Q2:share,True,4.440892098500626e-16
LP:W2:2026Q2:minimum_same:2026Q2:revenue-feasibility,True,0.0
LP:W2:2026Q2:minimum_same:2026Q2:nonnegative,True,0.0
LP:W2:2026Q2:minimum_same:2026Q2:attained-endpoint,True,0.0
PIT:tail34:2023Q4:origin,True,0.0
PIT:tail34:2023Q4:guide-target,True,0.0
PIT:tail34:2023Q4:cushion-guide-available:2021Q4,True,0.0
PIT:tail34:2023Q4:cushion-guide-available:2022Q1,True,0.0
PIT:tail34:2023Q4:cushion-guide-available:2022Q2,True,0.0
PIT:tail34:2023Q4:cushion-guide-available:2022Q3,True,0.0
PIT:tail34:2023Q4:cushion-guide-available:2022Q4,True,0.0
PIT:tail34:2023Q4:cushion-guide-available:2023Q1,True,0.0
PIT:tail34:2023Q4:cushion-guide-available:2023Q2,True,0.0
PIT:tail34:2023Q4:forecast,True,4.547473508864641e-13
PIT:tail34:2023Q4:actuals,True,0.0
PIT:tail34:2024Q1:origin,True,0.0
PIT:tail34:2024Q1:guide-target,True,0.0
PIT:tail34:2024Q1:cushion-guide-available:2021Q4,True,0.0
PIT:tail34:2024Q1:cushion-guide-available:2022Q1,True,0.0
PIT:tail34:2024Q1:cushion-guide-available:2022Q2,True,0.0
PIT:tail34:2024Q1:cushion-guide-available:2022Q3,True,0.0
PIT:tail34:2024Q1:cushion-guide-available:2022Q4,True,0.0
PIT:tail34:2024Q1:cushion-guide-available:2023Q1,True,0.0
PIT:tail34:2024Q1:cushion-guide-available:2023Q2,True,0.0
PIT:tail34:2024Q1:cushion-guide-available:2023Q3,True,0.0
PIT:tail34:2024Q1:forecast,True,1.8189894035458565e-12
PIT:tail34:2024Q1:actuals,True,0.0
PIT:tail34:2024Q2:origin,True,0.0
PIT:tail34:2024Q2:guide-target,True,0.0
PIT:tail34:2024Q2:cushion-guide-available:2021Q4,True,0.0
PIT:tail34:2024Q2:cushion-guide-available:2022Q1,True,0.0
PIT:tail34:2024Q2:cushion-guide-available:2022Q2,True,0.0
PIT:tail34:2024Q2:cushion-guide-available:2022Q3,True,0.0
PIT:tail34:2024Q2:cushion-guide-available:2022Q4,True,0.0
PIT:tail34:2024Q2:cushion-guide-available:2023Q1,True,0.0
PIT:tail34:2024Q2:cushion-guide-available:2023Q2,True,0.0
PIT:tail34:2024Q2:cushion-guide-available:2023Q3,True,0.0
PIT:tail34:2024Q2:cushion-guide-available:2023Q4,True,0.0
PIT:tail34:2024Q2:forecast,True,1.7763568394002505e-15
PIT:tail34:2024Q2:actuals,True,0.0
PIT:tail34:2024Q3:origin,True,0.0
PIT:tail34:2024Q3:guide-target,True,0.0
PIT:tail34:2024Q3:cushion-guide-available:2021Q4,True,0.0
PIT:tail34:2024Q3:cushion-guide-available:2022Q1,True,0.0
PIT:tail34:2024Q3:cushion-guide-available:2022Q2,True,0.0
PIT:tail34:2024Q3:cushion-guide-available:2022Q3,True,0.0
PIT:tail34:2024Q3:cushion-guide-available:2022Q4,True,0.0
PIT:tail34:2024Q3:cushion-guide-available:2023Q1,True,0.0
PIT:tail34:2024Q3:cushion-guide-available:2023Q2,True,0.0
PIT:tail34:2024Q3:cushion-guide-available:2023Q3,True,0.0
PIT:tail34:2024Q3:cushion-guide-available:2023Q4,True,0.0
PIT:tail34:2024Q3:cushion-guide-available:2024Q1,True,0.0
PIT:tail34:2024Q3:forecast,True,9.094947017729282e-13
PIT:tail34:2024Q3:actuals,True,0.0
PIT:tail34:2024Q4:origin,True,0.0
PIT:tail34:2024Q4:guide-target,True,0.0
PIT:tail34:2024Q4:cushion-guide-available:2021Q4,True,0.0
PIT:tail34:2024Q4:cushion-guide-available:2022Q1,True,0.0
PIT:tail34:2024Q4:cushion-guide-available:2022Q2,True,0.0
PIT:tail34:2024Q4:cushion-guide-available:2022Q3,True,0.0
PIT:tail34:2024Q4:cushion-guide-available:2022Q4,True,0.0
PIT:tail34:2024Q4:cushion-guide-available:2023Q1,True,0.0
PIT:tail34:2024Q4:cushion-guide-available:2023Q2,True,0.0
PIT:tail34:2024Q4:cushion-guide-available:2023Q3,True,0.0
PIT:tail34:2024Q4:cushion-guide-available:2023Q4,True,0.0
PIT:tail34:2024Q4:cushion-guide-available:2024Q1,True,0.0
PIT:tail34:2024Q4:cushion-guide-available:2024Q2,True,0.0
PIT:tail34:2024Q4:forecast,True,3.637978807091713e-12
PIT:tail34:2024Q4:actuals,True,0.0
PIT:tail34:2025Q1:origin,True,0.0
PIT:tail34:2025Q1:guide-target,True,0.0
PIT:tail34:2025Q1:cushion-guide-available:2021Q4,True,0.0
PIT:tail34:2025Q1:cushion-guide-available:2022Q1,True,0.0
PIT:tail34:2025Q1:cushion-guide-available:2022Q2,True,0.0
PIT:tail34:2025Q1:cushion-guide-available:2022Q3,True,0.0
PIT:tail34:2025Q1:cushion-guide-available:2022Q4,True,0.0
PIT:tail34:2025Q1:cushion-guide-available:2023Q1,True,0.0
PIT:tail34:2025Q1:cushion-guide-available:2023Q2,True,0.0
PIT:tail34:2025Q1:cushion-guide-available:2023Q3,True,0.0
PIT:tail34:2025Q1:cushion-guide-available:2023Q4,True,0.0
PIT:tail34:2025Q1:cushion-guide-available:2024Q1,True,0.0
PIT:tail34:2025Q1:cushion-guide-available:2024Q2,True,0.0
PIT:tail34:2025Q1:cushion-guide-available:2024Q3,True,0.0
PIT:tail34:2025Q1:forecast,True,4.547473508864641e-13
PIT:tail34:2025Q1:actuals,True,0.0
PIT:tail34:2025Q2:origin,True,0.0
PIT:tail34:2025Q2:guide-target,True,0.0
PIT:tail34:2025Q2:cushion-guide-available:2021Q4,True,0.0
PIT:tail34:2025Q2:cushion-guide-available:2022Q1,True,0.0
PIT:tail34:2025Q2:cushion-guide-available:2022Q2,True,0.0
PIT:tail34:2025Q2:cushion-guide-available:2022Q3,True,0.0
PIT:tail34:2025Q2:cushion-guide-available:2022Q4,True,0.0
PIT:tail34:2025Q2:cushion-guide-available:2023Q1,True,0.0
PIT:tail34:2025Q2:cushion-guide-available:2023Q2,True,0.0
PIT:tail34:2025Q2:cushion-guide-available:2023Q3,True,0.0
PIT:tail34:2025Q2:cushion-guide-available:2023Q4,True,0.0
PIT:tail34:2025Q2:cushion-guide-available:2024Q1,True,0.0
PIT:tail34:2025Q2:cushion-guide-available:2024Q2,True,0.0
PIT:tail34:2025Q2:cushion-guide-available:2024Q3,True,0.0
PIT:tail34:2025Q2:cushion-guide-available:2024Q4,True,0.0
PIT:tail34:2025Q2:forecast,True,4.547473508864641e-13
PIT:tail34:2025Q2:actuals,True,0.0
PIT:tail34:2025Q3:origin,True,0.0
PIT:tail34:2025Q3:guide-target,True,0.0
PIT:tail34:2025Q3:cushion-guide-available:2021Q4,True,0.0
PIT:tail34:2025Q3:cushion-guide-available:2022Q1,True,0.0
PIT:tail34:2025Q3:cushion-guide-available:2022Q2,True,0.0
PIT:tail34:2025Q3:cushion-guide-available:2022Q3,True,0.0
PIT:tail34:2025Q3:cushion-guide-available:2022Q4,True,0.0
PIT:tail34:2025Q3:cushion-guide-available:2023Q1,True,0.0
PIT:tail34:2025Q3:cushion-guide-available:2023Q2,True,0.0
PIT:tail34:2025Q3:cushion-guide-available:2023Q3,True,0.0
PIT:tail34:2025Q3:cushion-guide-available:2023Q4,True,0.0
PIT:tail34:2025Q3:cushion-guide-available:2024Q1,True,0.0
PIT:tail34:2025Q3:cushion-guide-available:2024Q2,True,0.0
PIT:tail34:2025Q3:cushion-guide-available:2024Q3,True,0.0
PIT:tail34:2025Q3:cushion-guide-available:2024Q4,True,0.0
PIT:tail34:2025Q3:cushion-guide-available:2025Q1,True,0.0
PIT:tail34:2025Q3:forecast,True,3.637978807091713e-12
PIT:tail34:2025Q3:actuals,True,0.0
PIT:tail34:2025Q4:origin,True,0.0
PIT:tail34:2025Q4:guide-target,True,0.0
PIT:tail34:2025Q4:cushion-guide-available:2021Q4,True,0.0
PIT:tail34:2025Q4:cushion-guide-available:2022Q1,True,0.0
PIT:tail34:2025Q4:cushion-guide-available:2022Q2,True,0.0
PIT:tail34:2025Q4:cushion-guide-available:2022Q3,True,0.0
PIT:tail34:2025Q4:cushion-guide-available:2022Q4,True,0.0
PIT:tail34:2025Q4:cushion-guide-available:2023Q1,True,0.0
PIT:tail34:2025Q4:cushion-guide-available:2023Q2,True,0.0
PIT:tail34:2025Q4:cushion-guide-available:2023Q3,True,0.0
PIT:tail34:2025Q4:cushion-guide-available:2023Q4,True,0.0
PIT:tail34:2025Q4:cushion-guide-available:2024Q1,True,0.0
PIT:tail34:2025Q4:cushion-guide-available:2024Q2,True,0.0
PIT:tail34:2025Q4:cushion-guide-available:2024Q3,True,0.0
PIT:tail34:2025Q4:cushion-guide-available:2024Q4,True,0.0
PIT:tail34:2025Q4:cushion-guide-available:2025Q1,True,0.0
PIT:tail34:2025Q4:cushion-guide-available:2025Q2,True,0.0
PIT:tail34:2025Q4:forecast,True,4.547473508864641e-13
PIT:tail34:2025Q4:actuals,True,0.0
PIT:tail34:2026Q1:origin,True,0.0
PIT:tail34:2026Q1:guide-target,True,0.0
PIT:tail34:2026Q1:cushion-guide-available:2021Q4,True,0.0
PIT:tail34:2026Q1:cushion-guide-available:2022Q1,True,0.0
PIT:tail34:2026Q1:cushion-guide-available:2022Q2,True,0.0
PIT:tail34:2026Q1:cushion-guide-available:2022Q3,True,0.0
PIT:tail34:2026Q1:cushion-guide-available:2022Q4,True,0.0
PIT:tail34:2026Q1:cushion-guide-available:2023Q1,True,0.0
PIT:tail34:2026Q1:cushion-guide-available:2023Q2,True,0.0
PIT:tail34:2026Q1:cushion-guide-available:2023Q3,True,0.0
PIT:tail34:2026Q1:cushion-guide-available:2023Q4,True,0.0
PIT:tail34:2026Q1:cushion-guide-available:2024Q1,True,0.0
PIT:tail34:2026Q1:cushion-guide-available:2024Q2,True,0.0
PIT:tail34:2026Q1:cushion-guide-available:2024Q3,True,0.0
PIT:tail34:2026Q1:cushion-guide-available:2024Q4,True,0.0
PIT:tail34:2026Q1:cushion-guide-available:2025Q1,True,0.0
PIT:tail34:2026Q1:cushion-guide-available:2025Q2,True,0.0
PIT:tail34:2026Q1:cushion-guide-available:2025Q3,True,0.0
PIT:tail34:2026Q1:forecast,True,4.547473508864641e-13
PIT:tail34:2026Q1:actuals,True,0.0
PIT:tail34:2026Q2:origin,True,0.0
PIT:tail34:2026Q2:guide-target,True,0.0
PIT:tail34:2026Q2:cushion-guide-available:2021Q4,True,0.0
PIT:tail34:2026Q2:cushion-guide-available:2022Q1,True,0.0
PIT:tail34:2026Q2:cushion-guide-available:2022Q2,True,0.0
PIT:tail34:2026Q2:cushion-guide-available:2022Q3,True,0.0
PIT:tail34:2026Q2:cushion-guide-available:2022Q4,True,0.0
PIT:tail34:2026Q2:cushion-guide-available:2023Q1,True,0.0
PIT:tail34:2026Q2:cushion-guide-available:2023Q2,True,0.0
PIT:tail34:2026Q2:cushion-guide-available:2023Q3,True,0.0
PIT:tail34:2026Q2:cushion-guide-available:2023Q4,True,0.0
PIT:tail34:2026Q2:cushion-guide-available:2024Q1,True,0.0
PIT:tail34:2026Q2:cushion-guide-available:2024Q2,True,0.0
PIT:tail34:2026Q2:cushion-guide-available:2024Q3,True,0.0
PIT:tail34:2026Q2:cushion-guide-available:2024Q4,True,0.0
PIT:tail34:2026Q2:cushion-guide-available:2025Q1,True,0.0
PIT:tail34:2026Q2:cushion-guide-available:2025Q2,True,0.0
PIT:tail34:2026Q2:cushion-guide-available:2025Q3,True,0.0
PIT:tail34:2026Q2:cushion-guide-available:2025Q4,True,0.0
PIT:tail34:2026Q2:forecast,True,3.637978807091713e-12
PIT:tail34:2026Q2:actuals,True,0.0
PIT:tail3:2023Q3:origin,True,0.0
PIT:tail3:2023Q3:guide-target,True,0.0
PIT:tail3:2023Q3:cushion-guide-available:2021Q4,True,0.0
PIT:tail3:2023Q3:cushion-guide-available:2022Q1,True,0.0
PIT:tail3:2023Q3:cushion-guide-available:2022Q2,True,0.0
PIT:tail3:2023Q3:cushion-guide-available:2022Q3,True,0.0
PIT:tail3:2023Q3:cushion-guide-available:2022Q4,True,0.0
PIT:tail3:2023Q3:cushion-guide-available:2023Q1,True,0.0
PIT:tail3:2023Q3:forecast,True,4.547473508864641e-13
PIT:tail3:2023Q3:actuals,True,0.0
PIT:tail3:2023Q4:origin,True,0.0
PIT:tail3:2023Q4:guide-target,True,0.0
PIT:tail3:2023Q4:cushion-guide-available:2021Q4,True,0.0
PIT:tail3:2023Q4:cushion-guide-available:2022Q1,True,0.0
PIT:tail3:2023Q4:cushion-guide-available:2022Q2,True,0.0
PIT:tail3:2023Q4:cushion-guide-available:2022Q3,True,0.0
PIT:tail3:2023Q4:cushion-guide-available:2022Q4,True,0.0
PIT:tail3:2023Q4:cushion-guide-available:2023Q1,True,0.0
PIT:tail3:2023Q4:cushion-guide-available:2023Q2,True,0.0
PIT:tail3:2023Q4:forecast,True,0.0
PIT:tail3:2023Q4:actuals,True,0.0
PIT:tail3:2024Q1:origin,True,0.0
PIT:tail3:2024Q1:guide-target,True,0.0
PIT:tail3:2024Q1:cushion-guide-available:2021Q4,True,0.0
PIT:tail3:2024Q1:cushion-guide-available:2022Q1,True,0.0
PIT:tail3:2024Q1:cushion-guide-available:2022Q2,True,0.0
PIT:tail3:2024Q1:cushion-guide-available:2022Q3,True,0.0
PIT:tail3:2024Q1:cushion-guide-available:2022Q4,True,0.0
PIT:tail3:2024Q1:cushion-guide-available:2023Q1,True,0.0
PIT:tail3:2024Q1:cushion-guide-available:2023Q2,True,0.0
PIT:tail3:2024Q1:cushion-guide-available:2023Q3,True,0.0
PIT:tail3:2024Q1:forecast,True,1.8189894035458565e-12
PIT:tail3:2024Q1:actuals,True,0.0
PIT:tail3:2024Q2:origin,True,0.0
PIT:tail3:2024Q2:guide-target,True,0.0
PIT:tail3:2024Q2:cushion-guide-available:2021Q4,True,0.0
PIT:tail3:2024Q2:cushion-guide-available:2022Q1,True,0.0
PIT:tail3:2024Q2:cushion-guide-available:2022Q2,True,0.0
PIT:tail3:2024Q2:cushion-guide-available:2022Q3,True,0.0
PIT:tail3:2024Q2:cushion-guide-available:2022Q4,True,0.0
PIT:tail3:2024Q2:cushion-guide-available:2023Q1,True,0.0
PIT:tail3:2024Q2:cushion-guide-available:2023Q2,True,0.0
PIT:tail3:2024Q2:cushion-guide-available:2023Q3,True,0.0
PIT:tail3:2024Q2:cushion-guide-available:2023Q4,True,0.0
PIT:tail3:2024Q2:forecast,True,4.547473508864641e-13
PIT:tail3:2024Q2:actuals,True,0.0
PIT:tail3:2024Q3:origin,True,0.0
PIT:tail3:2024Q3:guide-target,True,0.0
PIT:tail3:2024Q3:cushion-guide-available:2021Q4,True,0.0
PIT:tail3:2024Q3:cushion-guide-available:2022Q1,True,0.0
PIT:tail3:2024Q3:cushion-guide-available:2022Q2,True,0.0
PIT:tail3:2024Q3:cushion-guide-available:2022Q3,True,0.0
PIT:tail3:2024Q3:cushion-guide-available:2022Q4,True,0.0
PIT:tail3:2024Q3:cushion-guide-available:2023Q1,True,0.0
PIT:tail3:2024Q3:cushion-guide-available:2023Q2,True,0.0
PIT:tail3:2024Q3:cushion-guide-available:2023Q3,True,0.0
PIT:tail3:2024Q3:cushion-guide-available:2023Q4,True,0.0
PIT:tail3:2024Q3:cushion-guide-available:2024Q1,True,0.0
PIT:tail3:2024Q3:forecast,True,9.094947017729282e-13
PIT:tail3:2024Q3:actuals,True,0.0
PIT:tail3:2024Q4:origin,True,0.0
PIT:tail3:2024Q4:guide-target,True,0.0
PIT:tail3:2024Q4:cushion-guide-available:2021Q4,True,0.0
PIT:tail3:2024Q4:cushion-guide-available:2022Q1,True,0.0
PIT:tail3:2024Q4:cushion-guide-available:2022Q2,True,0.0
PIT:tail3:2024Q4:cushion-guide-available:2022Q3,True,0.0
PIT:tail3:2024Q4:cushion-guide-available:2022Q4,True,0.0
PIT:tail3:2024Q4:cushion-guide-available:2023Q1,True,0.0
PIT:tail3:2024Q4:cushion-guide-available:2023Q2,True,0.0
PIT:tail3:2024Q4:cushion-guide-available:2023Q3,True,0.0
PIT:tail3:2024Q4:cushion-guide-available:2023Q4,True,0.0
PIT:tail3:2024Q4:cushion-guide-available:2024Q1,True,0.0
PIT:tail3:2024Q4:cushion-guide-available:2024Q2,True,0.0
PIT:tail3:2024Q4:forecast,True,3.637978807091713e-12
PIT:tail3:2024Q4:actuals,True,0.0
PIT:tail3:2025Q1:origin,True,0.0
PIT:tail3:2025Q1:guide-target,True,0.0
PIT:tail3:2025Q1:cushion-guide-available:2021Q4,True,0.0
PIT:tail3:2025Q1:cushion-guide-available:2022Q1,True,0.0
PIT:tail3:2025Q1:cushion-guide-available:2022Q2,True,0.0
PIT:tail3:2025Q1:cushion-guide-available:2022Q3,True,0.0
PIT:tail3:2025Q1:cushion-guide-available:2022Q4,True,0.0
PIT:tail3:2025Q1:cushion-guide-available:2023Q1,True,0.0
PIT:tail3:2025Q1:cushion-guide-available:2023Q2,True,0.0
PIT:tail3:2025Q1:cushion-guide-available:2023Q3,True,0.0
PIT:tail3:2025Q1:cushion-guide-available:2023Q4,True,0.0
PIT:tail3:2025Q1:cushion-guide-available:2024Q1,True,0.0
PIT:tail3:2025Q1:cushion-guide-available:2024Q2,True,0.0
PIT:tail3:2025Q1:cushion-guide-available:2024Q3,True,0.0
PIT:tail3:2025Q1:forecast,True,1.7763568394002505e-15
PIT:tail3:2025Q1:actuals,True,0.0
PIT:tail3:2025Q2:origin,True,0.0
PIT:tail3:2025Q2:guide-target,True,0.0
PIT:tail3:2025Q2:cushion-guide-available:2021Q4,True,0.0
PIT:tail3:2025Q2:cushion-guide-available:2022Q1,True,0.0
PIT:tail3:2025Q2:cushion-guide-available:2022Q2,True,0.0
PIT:tail3:2025Q2:cushion-guide-available:2022Q3,True,0.0
PIT:tail3:2025Q2:cushion-guide-available:2022Q4,True,0.0
PIT:tail3:2025Q2:cushion-guide-available:2023Q1,True,0.0
PIT:tail3:2025Q2:cushion-guide-available:2023Q2,True,0.0
PIT:tail3:2025Q2:cushion-guide-available:2023Q3,True,0.0
PIT:tail3:2025Q2:cushion-guide-available:2023Q4,True,0.0
PIT:tail3:2025Q2:cushion-guide-available:2024Q1,True,0.0
PIT:tail3:2025Q2:cushion-guide-available:2024Q2,True,0.0
PIT:tail3:2025Q2:cushion-guide-available:2024Q3,True,0.0
PIT:tail3:2025Q2:cushion-guide-available:2024Q4,True,0.0
PIT:tail3:2025Q2:forecast,True,4.547473508864641e-13
PIT:tail3:2025Q2:actuals,True,0.0
PIT:tail3:2025Q3:origin,True,0.0
PIT:tail3:2025Q3:guide-target,True,0.0
PIT:tail3:2025Q3:cushion-guide-available:2021Q4,True,0.0
PIT:tail3:2025Q3:cushion-guide-available:2022Q1,True,0.0
PIT:tail3:2025Q3:cushion-guide-available:2022Q2,True,0.0
PIT:tail3:2025Q3:cushion-guide-available:2022Q3,True,0.0
PIT:tail3:2025Q3:cushion-guide-available:2022Q4,True,0.0
PIT:tail3:2025Q3:cushion-guide-available:2023Q1,True,0.0
PIT:tail3:2025Q3:cushion-guide-available:2023Q2,True,0.0
PIT:tail3:2025Q3:cushion-guide-available:2023Q3,True,0.0
PIT:tail3:2025Q3:cushion-guide-available:2023Q4,True,0.0
PIT:tail3:2025Q3:cushion-guide-available:2024Q1,True,0.0
PIT:tail3:2025Q3:cushion-guide-available:2024Q2,True,0.0
PIT:tail3:2025Q3:cushion-guide-available:2024Q3,True,0.0
PIT:tail3:2025Q3:cushion-guide-available:2024Q4,True,0.0
PIT:tail3:2025Q3:cushion-guide-available:2025Q1,True,0.0
PIT:tail3:2025Q3:forecast,True,3.637978807091713e-12
PIT:tail3:2025Q3:actuals,True,0.0
PIT:tail3:2025Q4:origin,True,0.0
PIT:tail3:2025Q4:guide-target,True,0.0
PIT:tail3:2025Q4:cushion-guide-available:2021Q4,True,0.0
PIT:tail3:2025Q4:cushion-guide-available:2022Q1,True,0.0
PIT:tail3:2025Q4:cushion-guide-available:2022Q2,True,0.0
PIT:tail3:2025Q4:cushion-guide-available:2022Q3,True,0.0
PIT:tail3:2025Q4:cushion-guide-available:2022Q4,True,0.0
PIT:tail3:2025Q4:cushion-guide-available:2023Q1,True,0.0
PIT:tail3:2025Q4:cushion-guide-available:2023Q2,True,0.0
PIT:tail3:2025Q4:cushion-guide-available:2023Q3,True,0.0
PIT:tail3:2025Q4:cushion-guide-available:2023Q4,True,0.0
PIT:tail3:2025Q4:cushion-guide-available:2024Q1,True,0.0
PIT:tail3:2025Q4:cushion-guide-available:2024Q2,True,0.0
PIT:tail3:2025Q4:cushion-guide-available:2024Q3,True,0.0
PIT:tail3:2025Q4:cushion-guide-available:2024Q4,True,0.0
PIT:tail3:2025Q4:cushion-guide-available:2025Q1,True,0.0
PIT:tail3:2025Q4:cushion-guide-available:2025Q2,True,0.0
PIT:tail3:2025Q4:forecast,True,1.7763568394002505e-15
PIT:tail3:2025Q4:actuals,True,0.0
PIT:tail3:2026Q1:origin,True,0.0
PIT:tail3:2026Q1:guide-target,True,0.0
PIT:tail3:2026Q1:cushion-guide-available:2021Q4,True,0.0
PIT:tail3:2026Q1:cushion-guide-available:2022Q1,True,0.0
PIT:tail3:2026Q1:cushion-guide-available:2022Q2,True,0.0
PIT:tail3:2026Q1:cushion-guide-available:2022Q3,True,0.0
PIT:tail3:2026Q1:cushion-guide-available:2022Q4,True,0.0
PIT:tail3:2026Q1:cushion-guide-available:2023Q1,True,0.0
PIT:tail3:2026Q1:cushion-guide-available:2023Q2,True,0.0
PIT:tail3:2026Q1:cushion-guide-available:2023Q3,True,0.0
PIT:tail3:2026Q1:cushion-guide-available:2023Q4,True,0.0
PIT:tail3:2026Q1:cushion-guide-available:2024Q1,True,0.0
PIT:tail3:2026Q1:cushion-guide-available:2024Q2,True,0.0
PIT:tail3:2026Q1:cushion-guide-available:2024Q3,True,0.0
PIT:tail3:2026Q1:cushion-guide-available:2024Q4,True,0.0
PIT:tail3:2026Q1:cushion-guide-available:2025Q1,True,0.0
PIT:tail3:2026Q1:cushion-guide-available:2025Q2,True,0.0
PIT:tail3:2026Q1:cushion-guide-available:2025Q3,True,0.0
PIT:tail3:2026Q1:forecast,True,4.547473508864641e-13
PIT:tail3:2026Q1:actuals,True,0.0
PIT:tail3:2026Q2:origin,True,0.0
PIT:tail3:2026Q2:guide-target,True,0.0
PIT:tail3:2026Q2:cushion-guide-available:2021Q4,True,0.0
PIT:tail3:2026Q2:cushion-guide-available:2022Q1,True,0.0
PIT:tail3:2026Q2:cushion-guide-available:2022Q2,True,0.0
PIT:tail3:2026Q2:cushion-guide-available:2022Q3,True,0.0
PIT:tail3:2026Q2:cushion-guide-available:2022Q4,True,0.0
PIT:tail3:2026Q2:cushion-guide-available:2023Q1,True,0.0
PIT:tail3:2026Q2:cushion-guide-available:2023Q2,True,0.0
PIT:tail3:2026Q2:cushion-guide-available:2023Q3,True,0.0
PIT:tail3:2026Q2:cushion-guide-available:2023Q4,True,0.0
PIT:tail3:2026Q2:cushion-guide-available:2024Q1,True,0.0
PIT:tail3:2026Q2:cushion-guide-available:2024Q2,True,0.0
PIT:tail3:2026Q2:cushion-guide-available:2024Q3,True,0.0
PIT:tail3:2026Q2:cushion-guide-available:2024Q4,True,0.0
PIT:tail3:2026Q2:cushion-guide-available:2025Q1,True,0.0
PIT:tail3:2026Q2:cushion-guide-available:2025Q2,True,0.0
PIT:tail3:2026Q2:cushion-guide-available:2025Q3,True,0.0
PIT:tail3:2026Q2:cushion-guide-available:2025Q4,True,0.0
PIT:tail3:2026Q2:forecast,True,3.637978807091713e-12
PIT:tail3:2026Q2:actuals,True,0.0
PIT:tail38:2024Q4:origin,True,0.0
PIT:tail38:2024Q4:guide-target,True,0.0
PIT:tail38:2024Q4:cushion-guide-available:2021Q4,True,0.0
PIT:tail38:2024Q4:cushion-guide-available:2022Q1,True,0.0
PIT:tail38:2024Q4:cushion-guide-available:2022Q2,True,0.0
PIT:tail38:2024Q4:cushion-guide-available:2022Q3,True,0.0
PIT:tail38:2024Q4:cushion-guide-available:2022Q4,True,0.0
PIT:tail38:2024Q4:cushion-guide-available:2023Q1,True,0.0
PIT:tail38:2024Q4:cushion-guide-available:2023Q2,True,0.0
PIT:tail38:2024Q4:cushion-guide-available:2023Q3,True,0.0
PIT:tail38:2024Q4:cushion-guide-available:2023Q4,True,0.0
PIT:tail38:2024Q4:cushion-guide-available:2024Q1,True,0.0
PIT:tail38:2024Q4:cushion-guide-available:2024Q2,True,0.0
PIT:tail38:2024Q4:forecast,True,3.637978807091713e-12
PIT:tail38:2024Q4:actuals,True,0.0
PIT:tail38:2025Q1:origin,True,0.0
PIT:tail38:2025Q1:guide-target,True,0.0
PIT:tail38:2025Q1:cushion-guide-available:2021Q4,True,0.0
PIT:tail38:2025Q1:cushion-guide-available:2022Q1,True,0.0
PIT:tail38:2025Q1:cushion-guide-available:2022Q2,True,0.0
PIT:tail38:2025Q1:cushion-guide-available:2022Q3,True,0.0
PIT:tail38:2025Q1:cushion-guide-available:2022Q4,True,0.0
PIT:tail38:2025Q1:cushion-guide-available:2023Q1,True,0.0
PIT:tail38:2025Q1:cushion-guide-available:2023Q2,True,0.0
PIT:tail38:2025Q1:cushion-guide-available:2023Q3,True,0.0
PIT:tail38:2025Q1:cushion-guide-available:2023Q4,True,0.0
PIT:tail38:2025Q1:cushion-guide-available:2024Q1,True,0.0
PIT:tail38:2025Q1:cushion-guide-available:2024Q2,True,0.0
PIT:tail38:2025Q1:cushion-guide-available:2024Q3,True,0.0
PIT:tail38:2025Q1:forecast,True,4.547473508864641e-13
PIT:tail38:2025Q1:actuals,True,0.0
PIT:tail38:2025Q2:origin,True,0.0
PIT:tail38:2025Q2:guide-target,True,0.0
PIT:tail38:2025Q2:cushion-guide-available:2021Q4,True,0.0
PIT:tail38:2025Q2:cushion-guide-available:2022Q1,True,0.0
PIT:tail38:2025Q2:cushion-guide-available:2022Q2,True,0.0
PIT:tail38:2025Q2:cushion-guide-available:2022Q3,True,0.0
PIT:tail38:2025Q2:cushion-guide-available:2022Q4,True,0.0
PIT:tail38:2025Q2:cushion-guide-available:2023Q1,True,0.0
PIT:tail38:2025Q2:cushion-guide-available:2023Q2,True,0.0
PIT:tail38:2025Q2:cushion-guide-available:2023Q3,True,0.0
PIT:tail38:2025Q2:cushion-guide-available:2023Q4,True,0.0
PIT:tail38:2025Q2:cushion-guide-available:2024Q1,True,0.0
PIT:tail38:2025Q2:cushion-guide-available:2024Q2,True,0.0
PIT:tail38:2025Q2:cushion-guide-available:2024Q3,True,0.0
PIT:tail38:2025Q2:cushion-guide-available:2024Q4,True,0.0
PIT:tail38:2025Q2:forecast,True,9.094947017729282e-13
PIT:tail38:2025Q2:actuals,True,0.0
PIT:tail38:2025Q3:origin,True,0.0
PIT:tail38:2025Q3:guide-target,True,0.0
PIT:tail38:2025Q3:cushion-guide-available:2021Q4,True,0.0
PIT:tail38:2025Q3:cushion-guide-available:2022Q1,True,0.0
PIT:tail38:2025Q3:cushion-guide-available:2022Q2,True,0.0
PIT:tail38:2025Q3:cushion-guide-available:2022Q3,True,0.0
PIT:tail38:2025Q3:cushion-guide-available:2022Q4,True,0.0
PIT:tail38:2025Q3:cushion-guide-available:2023Q1,True,0.0
PIT:tail38:2025Q3:cushion-guide-available:2023Q2,True,0.0
PIT:tail38:2025Q3:cushion-guide-available:2023Q3,True,0.0
PIT:tail38:2025Q3:cushion-guide-available:2023Q4,True,0.0
PIT:tail38:2025Q3:cushion-guide-available:2024Q1,True,0.0
PIT:tail38:2025Q3:cushion-guide-available:2024Q2,True,0.0
PIT:tail38:2025Q3:cushion-guide-available:2024Q3,True,0.0
PIT:tail38:2025Q3:cushion-guide-available:2024Q4,True,0.0
PIT:tail38:2025Q3:cushion-guide-available:2025Q1,True,0.0
PIT:tail38:2025Q3:forecast,True,3.637978807091713e-12
PIT:tail38:2025Q3:actuals,True,0.0
PIT:tail38:2025Q4:origin,True,0.0
PIT:tail38:2025Q4:guide-target,True,0.0
PIT:tail38:2025Q4:cushion-guide-available:2021Q4,True,0.0
PIT:tail38:2025Q4:cushion-guide-available:2022Q1,True,0.0
PIT:tail38:2025Q4:cushion-guide-available:2022Q2,True,0.0
PIT:tail38:2025Q4:cushion-guide-available:2022Q3,True,0.0
PIT:tail38:2025Q4:cushion-guide-available:2022Q4,True,0.0
PIT:tail38:2025Q4:cushion-guide-available:2023Q1,True,0.0
PIT:tail38:2025Q4:cushion-guide-available:2023Q2,True,0.0
PIT:tail38:2025Q4:cushion-guide-available:2023Q3,True,0.0
PIT:tail38:2025Q4:cushion-guide-available:2023Q4,True,0.0
PIT:tail38:2025Q4:cushion-guide-available:2024Q1,True,0.0
PIT:tail38:2025Q4:cushion-guide-available:2024Q2,True,0.0
PIT:tail38:2025Q4:cushion-guide-available:2024Q3,True,0.0
PIT:tail38:2025Q4:cushion-guide-available:2024Q4,True,0.0
PIT:tail38:2025Q4:cushion-guide-available:2025Q1,True,0.0
PIT:tail38:2025Q4:cushion-guide-available:2025Q2,True,0.0
PIT:tail38:2025Q4:forecast,True,4.547473508864641e-13
PIT:tail38:2025Q4:actuals,True,0.0
PIT:tail38:2026Q1:origin,True,0.0
PIT:tail38:2026Q1:guide-target,True,0.0
PIT:tail38:2026Q1:cushion-guide-available:2021Q4,True,0.0
PIT:tail38:2026Q1:cushion-guide-available:2022Q1,True,0.0
PIT:tail38:2026Q1:cushion-guide-available:2022Q2,True,0.0
PIT:tail38:2026Q1:cushion-guide-available:2022Q3,True,0.0
PIT:tail38:2026Q1:cushion-guide-available:2022Q4,True,0.0
PIT:tail38:2026Q1:cushion-guide-available:2023Q1,True,0.0
PIT:tail38:2026Q1:cushion-guide-available:2023Q2,True,0.0
PIT:tail38:2026Q1:cushion-guide-available:2023Q3,True,0.0
PIT:tail38:2026Q1:cushion-guide-available:2023Q4,True,0.0
PIT:tail38:2026Q1:cushion-guide-available:2024Q1,True,0.0
PIT:tail38:2026Q1:cushion-guide-available:2024Q2,True,0.0
PIT:tail38:2026Q1:cushion-guide-available:2024Q3,True,0.0
PIT:tail38:2026Q1:cushion-guide-available:2024Q4,True,0.0
PIT:tail38:2026Q1:cushion-guide-available:2025Q1,True,0.0
PIT:tail38:2026Q1:cushion-guide-available:2025Q2,True,0.0
PIT:tail38:2026Q1:cushion-guide-available:2025Q3,True,0.0
PIT:tail38:2026Q1:forecast,True,4.547473508864641e-13
PIT:tail38:2026Q1:actuals,True,0.0
PIT:tail38:2026Q2:origin,True,0.0
PIT:tail38:2026Q2:guide-target,True,0.0
PIT:tail38:2026Q2:cushion-guide-available:2021Q4,True,0.0
PIT:tail38:2026Q2:cushion-guide-available:2022Q1,True,0.0
PIT:tail38:2026Q2:cushion-guide-available:2022Q2,True,0.0
PIT:tail38:2026Q2:cushion-guide-available:2022Q3,True,0.0
PIT:tail38:2026Q2:cushion-guide-available:2022Q4,True,0.0
PIT:tail38:2026Q2:cushion-guide-available:2023Q1,True,0.0
PIT:tail38:2026Q2:cushion-guide-available:2023Q2,True,0.0
PIT:tail38:2026Q2:cushion-guide-available:2023Q3,True,0.0
PIT:tail38:2026Q2:cushion-guide-available:2023Q4,True,0.0
PIT:tail38:2026Q2:cushion-guide-available:2024Q1,True,0.0
PIT:tail38:2026Q2:cushion-guide-available:2024Q2,True,0.0
PIT:tail38:2026Q2:cushion-guide-available:2024Q3,True,0.0
PIT:tail38:2026Q2:cushion-guide-available:2024Q4,True,0.0
PIT:tail38:2026Q2:cushion-guide-available:2025Q1,True,0.0
PIT:tail38:2026Q2:cushion-guide-available:2025Q2,True,0.0
PIT:tail38:2026Q2:cushion-guide-available:2025Q3,True,0.0
PIT:tail38:2026Q2:cushion-guide-available:2025Q4,True,0.0
PIT:tail38:2026Q2:forecast,True,3.637978807091713e-12
PIT:tail38:2026Q2:actuals,True,0.0
score:tail34:W1:revenue:candidate,True,1.2434497875801753e-13
score:tail34:W1:revenue:baseline,True,8.171241461241152e-14
score:tail34:W1:revenue:oracle,True,4.263256414560601e-14
score:tail34:W1:guide:candidate,True,2.0250467969162855e-13
score:tail34:W1:guide:baseline,True,8.171241461241152e-14
score:tail34:W1:guide:oracle,True,2.1316282072803006e-14
score:tail34:W2:revenue:candidate,True,1.3677947663381929e-13
score:tail34:W2:revenue:baseline,True,9.237055564881302e-14
score:tail34:W2:revenue:oracle,True,4.551914400963142e-14
score:tail34:W2:guide:candidate,True,2.2737367544323206e-13
score:tail34:W2:guide:baseline,True,9.237055564881302e-14
score:tail34:W2:guide:oracle,True,2.1316282072803006e-14
score:tail3:W1:revenue:candidate,True,4.263256414560601e-14
score:tail3:W1:revenue:baseline,True,7.815970093361102e-14
score:tail3:W1:revenue:oracle,True,7.815970093361102e-14
score:tail3:W1:guide:candidate,True,1.1368683772161603e-13
score:tail3:W1:guide:baseline,True,7.638334409421077e-14
score:tail3:W1:guide:oracle,True,5.684341886080802e-14
score:tail3:W2:revenue:candidate,True,4.973799150320701e-14
score:tail3:W2:revenue:baseline,True,9.237055564881302e-14
score:tail3:W2:revenue:oracle,True,8.526512829121202e-14
score:tail3:W2:guide:candidate,True,1.4210854715202004e-13
score:tail3:W2:guide:baseline,True,9.237055564881302e-14
score:tail3:W2:guide:oracle,True,7.105427357601002e-14
score:tail38:W1:revenue:candidate,True,9.237055564881302e-14
score:tail38:W1:revenue:baseline,True,1.2967404927621828e-13
score:tail38:W1:revenue:oracle,True,8.881784197001252e-16
score:tail38:W1:guide:candidate,True,6.394884621840902e-14
score:tail38:W1:guide:baseline,True,1.9184653865522705e-13
score:tail38:W1:guide:oracle,True,1.5543122344752192e-15
score:tail38:W2:revenue:candidate,True,9.237055564881302e-14
score:tail38:W2:revenue:baseline,True,1.2967404927621828e-13
score:tail38:W2:revenue:oracle,True,8.881784197001252e-16
score:tail38:W2:guide:candidate,True,6.394884621840902e-14
score:tail38:W2:guide:baseline,True,1.9184653865522705e-13
score:tail38:W2:guide:oracle,True,1.5543122344752192e-15
score-delete:tail34:W1:year:2023,True,8.881784197001252e-16
score-delete:tail34:W1:year:2024,True,1.9984014443252818e-15
score-delete:tail34:W1:year:2025,True,6.661338147750939e-16
score-delete:tail34:W1:year:2026,True,8.881784197001252e-16
score-delete:tail34:W1:quarter:2023Q4,True,8.881784197001252e-16
score-delete:tail34:W1:quarter:2024Q1,True,1.2212453270876722e-15
score-delete:tail34:W1:quarter:2024Q2,True,1.7763568394002505e-15
score-delete:tail34:W1:quarter:2024Q3,True,8.881784197001252e-16
score-delete:tail34:W1:quarter:2024Q4,True,7.771561172376096e-16
score-delete:tail34:W1:quarter:2025Q1,True,1.2212453270876722e-15
score-delete:tail34:W1:quarter:2025Q2,True,1.3322676295501878e-15
score-delete:tail34:W1:quarter:2025Q3,True,3.3306690738754696e-16
score-delete:tail34:W1:quarter:2025Q4,True,9.992007221626409e-16
score-delete:tail34:W1:quarter:2026Q1,True,8.881784197001252e-16
score-delete:tail34:W1:quarter:2026Q2,True,8.881784197001252e-16
score-delete:tail34:W2:year:2024,True,2.220446049250313e-15
score-delete:tail34:W2:year:2025,True,4.440892098500626e-16
score-delete:tail34:W2:year:2026,True,7.771561172376096e-16
score-delete:tail34:W2:quarter:2024Q1,True,1.3322676295501878e-15
score-delete:tail34:W2:quarter:2024Q2,True,1.7763568394002505e-15
score-delete:tail34:W2:quarter:2024Q3,True,8.881784197001252e-16
score-delete:tail34:W2:quarter:2024Q4,True,7.771561172376096e-16
score-delete:tail34:W2:quarter:2025Q1,True,9.992007221626409e-16
score-delete:tail34:W2:quarter:2025Q2,True,1.5543122344752192e-15
score-delete:tail34:W2:quarter:2025Q3,True,5.551115123125783e-16
score-delete:tail34:W2:quarter:2025Q4,True,9.992007221626409e-16
score-delete:tail34:W2:quarter:2026Q1,True,1.1102230246251565e-15
score-delete:tail34:W2:quarter:2026Q2,True,9.992007221626409e-16
score-delete:tail3:W1:year:2023,True,1.1102230246251565e-15
score-delete:tail3:W1:year:2024,True,0.0
score-delete:tail3:W1:year:2025,True,7.771561172376096e-16
score-delete:tail3:W1:year:2026,True,1.3322676295501878e-15
score-delete:tail3:W1:quarter:2023Q3,True,9.992007221626409e-16
score-delete:tail3:W1:quarter:2023Q4,True,7.771561172376096e-16
score-delete:tail3:W1:quarter:2024Q1,True,7.771561172376096e-16
score-delete:tail3:W1:quarter:2024Q2,True,0.0
score-delete:tail3:W1:quarter:2024Q3,True,5.551115123125783e-16
score-delete:tail3:W1:quarter:2024Q4,True,8.881784197001252e-16
score-delete:tail3:W1:quarter:2025Q1,True,8.881784197001252e-16
score-delete:tail3:W1:quarter:2025Q2,True,7.771561172376096e-16
score-delete:tail3:W1:quarter:2025Q3,True,5.551115123125783e-16
score-delete:tail3:W1:quarter:2025Q4,True,6.661338147750939e-16
score-delete:tail3:W1:quarter:2026Q1,True,1.1102230246251565e-15
score-delete:tail3:W1:quarter:2026Q2,True,1.3322676295501878e-15
score-delete:tail3:W2:year:2024,True,0.0
score-delete:tail3:W2:year:2025,True,1.3322676295501878e-15
score-delete:tail3:W2:year:2026,True,1.7763568394002505e-15
score-delete:tail3:W2:quarter:2024Q1,True,1.3322676295501878e-15
score-delete:tail3:W2:quarter:2024Q2,True,2.220446049250313e-16
score-delete:tail3:W2:quarter:2024Q3,True,1.1102230246251565e-15
score-delete:tail3:W2:quarter:2024Q4,True,1.2212453270876722e-15
score-delete:tail3:W2:quarter:2025Q1,True,8.881784197001252e-16
score-delete:tail3:W2:quarter:2025Q2,True,9.992007221626409e-16
score-delete:tail3:W2:quarter:2025Q3,True,8.881784197001252e-16
score-delete:tail3:W2:quarter:2025Q4,True,9.992007221626409e-16
score-delete:tail3:W2:quarter:2026Q1,True,1.2212453270876722e-15
score-delete:tail3:W2:quarter:2026Q2,True,1.6653345369377348e-15
score-delete:tail38:W1:year:2024,True,6.661338147750939e-16
score-delete:tail38:W1:year:2025,True,2.220446049250313e-15
score-delete:tail38:W1:year:2026,True,1.6653345369377348e-15
score-delete:tail38:W1:quarter:2024Q4,True,6.661338147750939e-16
score-delete:tail38:W1:quarter:2025Q1,True,7.771561172376096e-16
score-delete:tail38:W1:quarter:2025Q2,True,1.9984014443252818e-15
score-delete:tail38:W1:quarter:2025Q3,True,1.3322676295501878e-15
score-delete:tail38:W1:quarter:2025Q4,True,7.771561172376096e-16
score-delete:tail38:W1:quarter:2026Q1,True,4.440892098500626e-16
score-delete:tail38:W1:quarter:2026Q2,True,1.6653345369377348e-15
score-delete:tail38:W2:year:2024,True,6.661338147750939e-16
score-delete:tail38:W2:year:2025,True,2.220446049250313e-15
score-delete:tail38:W2:year:2026,True,1.6653345369377348e-15
score-delete:tail38:W2:quarter:2024Q4,True,6.661338147750939e-16
score-delete:tail38:W2:quarter:2025Q1,True,7.771561172376096e-16
score-delete:tail38:W2:quarter:2025Q2,True,1.9984014443252818e-15
score-delete:tail38:W2:quarter:2025Q3,True,1.3322676295501878e-15
score-delete:tail38:W2:quarter:2025Q4,True,7.771561172376096e-16
score-delete:tail38:W2:quarter:2026Q1,True,4.440892098500626e-16
score-delete:tail38:W2:quarter:2026Q2,True,1.6653345369377348e-15
diagnostic output hash evidence_status.json,True,0.0
diagnostic output hash forward_booking_rows.csv,True,0.0
diagnostic output hash live_nearfit_forecasts.csv,True,0.0
diagnostic output hash live_nearfit_sensitivity.csv,True,0.0
diagnostic output hash nearfit_contribution_covariance.csv,True,0.0
diagnostic output hash nearfit_covariance_identity.csv,True,0.0
diagnostic output hash paired_forecast_uncertainty.csv,True,0.0
diagnostic output hash pr60_flight_predictions.csv,True,0.0
diagnostic output hash pr60_flight_scores.csv,True,0.0
diagnostic output hash pr60_flight_skipped.csv,True,0.0
diagnostic output hash pr60_flight_training_pairs.csv,True,0.0
future-parts:W1:2026Q3,True,2.7284841053187847e-12
future-shares:W1:2026Q3,True,1.4210854715202004e-14
future-covariance:W1:2026Q3,True,1.1641532182693481e-10
future-parts:W1:2026Q4,True,1.3642420526593924e-12
future-shares:W1:2026Q4,True,1.4210854715202004e-14
future-covariance:W1:2026Q4,True,1.1641532182693481e-10
future-parts:W1:2027Q1,True,9.094947017729282e-13
future-shares:W1:2027Q1,True,2.1316282072803006e-14
future-covariance:W1:2027Q1,True,2.984279490192421e-13
future-parts:W1:2027Q2,True,1.8189894035458565e-12
future-shares:W1:2027Q2,True,1.4210854715202004e-14
future-covariance:W1:2027Q2,True,2.3283064365386963e-10
future-parts:W2:2026Q3,True,9.094947017729282e-13
future-shares:W2:2026Q3,True,1.4210854715202004e-14
future-covariance:W2:2026Q3,True,1.1641532182693481e-10
future-parts:W2:2026Q4,True,4.547473508864641e-13
future-shares:W2:2026Q4,True,2.1316282072803006e-14
future-covariance:W2:2026Q4,True,5.820766091346741e-11
future-parts:W2:2027Q1,True,9.094947017729282e-13
future-shares:W2:2027Q1,True,1.4210854715202004e-14
future-covariance:W2:2027Q1,True,5.820766091346741e-11
future-parts:W2:2027Q2,True,9.094947017729282e-13
future-shares:W2:2027Q2,True,2.842170943040401e-14
future-covariance:W2:2027Q2,True,1.1641532182693481e-10
forward-row:W1:2022Q1,True,0.0
forward-censor:W1:2022Q1,True,0.0
forward-row:W1:2022Q2,True,0.0
forward-censor:W1:2022Q2,True,0.0
forward-row:W1:2022Q3,True,6.938893903907228e-17
forward-censor:W1:2022Q3,True,0.0
forward-row:W1:2022Q4,True,0.0
forward-censor:W1:2022Q4,True,0.0
forward-row:W1:2023Q1,True,8.326672684688674e-17
forward-censor:W1:2023Q1,True,0.0
forward-row:W1:2023Q2,True,0.0
forward-censor:W1:2023Q2,True,0.0
forward-row:W1:2023Q3,True,5.551115123125783e-17
forward-censor:W1:2023Q3,True,0.0
forward-row:W1:2023Q4,True,0.0
forward-censor:W1:2023Q4,True,0.0
forward-row:W1:2024Q1,True,2.7755575615628914e-17
forward-censor:W1:2024Q1,True,0.0
forward-row:W1:2024Q2,True,8.326672684688674e-17
forward-censor:W1:2024Q2,True,0.0
forward-row:W1:2024Q3,True,5.551115123125783e-17
forward-censor:W1:2024Q3,True,0.0
forward-row:W1:2024Q4,True,2.7755575615628914e-17
forward-censor:W1:2024Q4,True,0.0
forward-row:W1:2025Q1,True,4.547473508864641e-13
forward-censor:W1:2025Q1,True,0.0
forward-row:W1:2025Q2,True,4.547473508864641e-13
forward-censor:W1:2025Q2,True,0.0
forward-row:W1:2025Q3,True,5.551115123125783e-17
forward-censor:W1:2025Q3,True,0.0
forward-row:W1:2025Q4,True,2.7755575615628914e-17
forward-censor:W1:2025Q4,True,0.0
forward-row:W1:2026Q1,True,0.0
forward-censor:W1:2026Q1,True,0.0
forward-row:W1:2026Q2,True,2.7755575615628914e-17
forward-censor:W1:2026Q2,True,0.0
forward-row:W2:2023Q1,True,0.0
forward-censor:W2:2023Q1,True,0.0
forward-row:W2:2023Q2,True,0.0
forward-censor:W2:2023Q2,True,0.0
forward-row:W2:2023Q3,True,1.3877787807814457e-17
forward-censor:W2:2023Q3,True,0.0
forward-row:W2:2023Q4,True,8.326672684688674e-17
forward-censor:W2:2023Q4,True,0.0
forward-row:W2:2024Q1,True,8.326672684688674e-17
forward-censor:W2:2024Q1,True,0.0
forward-row:W2:2024Q2,True,5.551115123125783e-17
forward-censor:W2:2024Q2,True,0.0
forward-row:W2:2024Q3,True,0.0
forward-censor:W2:2024Q3,True,0.0
forward-row:W2:2024Q4,True,2.7755575615628914e-17
forward-censor:W2:2024Q4,True,0.0
forward-row:W2:2025Q1,True,2.7755575615628914e-17
forward-censor:W2:2025Q1,True,0.0
forward-row:W2:2025Q2,True,0.0
forward-censor:W2:2025Q2,True,0.0
forward-row:W2:2025Q3,True,0.0
forward-censor:W2:2025Q3,True,0.0
forward-row:W2:2025Q4,True,8.326672684688674e-17
forward-censor:W2:2025Q4,True,0.0
forward-row:W2:2026Q1,True,1.3877787807814457e-17
forward-censor:W2:2026Q1,True,0.0
forward-row:W2:2026Q2,True,2.2737367544323206e-13
forward-censor:W2:2026Q2,True,0.0
