target,window,horizon_q,prior_basis,spec_id,quarter,vintage_date,point,raw_point,actual,err,abs_err,clip,sentence_level,revenue_leg_musd,margin_pct,n_members,n_prior_obs,weight_source,q10,q90,q05,q95,conformal_n,conformal_kind,qhat80,qhat90,seasonal_naive_point
adj_ebitda_musd,W1,0,PIT,stack,2023Q1,2023-02-14,286.66047151154265,286.66047151154265,262.0,24.660471511542653,24.660471511542653,clip_off,,1845.146739130435,15.535917303067048,6,0,equal_insufficient_prior,257.9944243603884,315.3265186626969,249.39461021504212,323.9263328080432,0,fallback,28.666047151154267,37.265861296500546,229.0
adj_ebitda_musd,W1,0,PIT,stack,2023Q2,2023-05-09,847.099212764949,847.099212764949,819.0,28.099212764949016,28.099212764949016,clip_off,,2463.332309110463,34.38834499235087,6,1,equal_insufficient_prior,762.3892914884541,931.8091340414439,736.9763151055056,957.2221104243924,1,fallback,84.70992127649491,110.12289765944338,711.0
adj_ebitda_musd,W1,0,PIT,stack,2023Q3,2023-08-03,1793.2481486266695,1793.2481486266695,1834.0,-40.75185137333051,40.75185137333051,clip_off,,3462.880434782609,51.784870497246764,6,2,equal_insufficient_prior,1613.9233337640026,1972.5729634893364,1560.1258893052025,2026.3704079481365,2,fallback,179.32481486266695,233.12225932146706,1457.0
adj_ebitda_musd,W1,0,PIT,stack,2023Q4,2023-11-01,648.0587517703032,648.0587517703032,738.0,-89.94124822969684,89.94124822969684,clip_off,,2206.735193578123,29.367309392456132,6,3,equal_insufficient_prior,583.2528765932728,712.8646269473335,563.8111140401637,732.3063895004426,3,fallback,64.80587517703032,84.24763773013942,506.0
adj_ebitda_musd,W1,0,PIT,stack,2024Q1,2024-02-13,361.41621499866665,361.41621499866665,424.0,-62.583785001333354,62.583785001333354,clip_off,,2101.9769085380885,17.19410967506914,6,4,invmae_shrunk_lam0.5,271.4749667689698,451.3574632283635,248.9896547115456,473.8427752857877,4,split_conformal,89.94124822969684,112.42656028712105,262.0
adj_ebitda_musd,W1,0,PIT,stack,2024Q2,2024-05-08,913.8010871544792,913.8010871544792,894.0,19.801087154479205,19.801087154479205,clip_off,,2778.7109376284,32.885791565437124,6,5,invmae_shrunk_lam0.5,823.8598389247824,1003.742335384176,805.871589278843,1021.7305850301154,5,split_conformal,89.94124822969684,107.9294978756362,819.0
adj_ebitda_musd,W1,0,PIT,stack,2024Q3,2024-08-06,1986.6890760794527,1986.6890760794527,1958.0,28.68907607945266,28.68907607945266,clip_off,,3793.811981263867,52.36656655340123,6,6,invmae_shrunk_lam0.5,1896.7478278497558,2076.6303243091497,1881.757619811473,2091.6205323474323,6,split_conformal,89.94124822969684,104.93145626797964,1834.0
adj_ebitda_musd,W1,0,PIT,stack,2024Q4,2024-11-07,763.8069143674164,763.8069143674164,765.0,-1.1930856325835748,1.1930856325835748,clip_off,,2475.5142270861834,30.854474840423727,6,7,invmae_shrunk_lam0.5,673.8656661377196,853.7481625971133,661.01691639062,866.5969123442128,7,split_conformal,89.94124822969684,102.78999797679639,738.0
adj_ebitda_musd,W1,0,PIT,stack,2025Q1,2025-02-13,395.85810142226455,395.85810142226455,417.0,-21.141898577735446,21.141898577735446,clip_off,,2301.0778224333208,17.203160082767496,6,8,invmae_shrunk_lam0.5,305.9168531925677,485.7993496519614,294.67419716385564,497.04200568067347,8,split_conformal,89.94124822969684,101.18390425840894,424.0
adj_ebitda_musd,W1,0,PIT,stack,2025Q2,2025-05-01,974.1151180790308,974.1151180790308,1043.0,-68.88488192096918,68.88488192096918,clip_off,,3081.826896573036,31.608365776878586,6,9,invmae_shrunk_lam0.5,911.5313330776975,1036.6989030803643,884.173869849334,1064.0563663087278,9,split_conformal,62.583785001333354,89.94124822969684,894.0
adj_ebitda_musd,W1,0,PIT,stack,2025Q3,2025-08-06,2091.493069892922,2091.493069892922,2051.0,40.493069892921994,40.493069892921994,clip_off,,4139.566689730157,50.524444384039114,6,10,invmae_shrunk_lam0.5,2022.6081879719527,2160.3779518138913,2001.5518216632252,2181.4343181226186,10,split_conformal,68.88488192096918,89.94124822969684,1958.0
adj_ebitda_musd,W1,0,PIT,stack,2025Q4,2025-11-06,798.3728979308012,798.3728979308012,786.0,12.372897930801173,12.372897930801173,clip_off,,2742.707460716992,29.10893375854574,6,11,invmae_shrunk_lam0.5,729.488016009832,867.2577798517704,708.4316497011043,888.314146160498,11,split_conformal,68.88488192096918,89.94124822969684,765.0
adj_ebitda_musd,W1,0,PIT,stack,2026Q1,2026-02-12,508.64570384880557,508.64570384880557,519.0,-10.354296151194433,10.354296151194433,clip_off,,2661.139952591579,19.113827641926747,6,12,invmae_shrunk_lam0.5,439.7608219278364,577.5305857697747,418.7044556191087,598.5869520785025,12,split_conformal,68.88488192096918,89.94124822969684,417.0
adj_ebitda_musd,W1,0,PIT,stack,2026Q2,2026-05-07,1262.5581677588261,1262.5581677588261,1261.0,1.55816775882613,1.55816775882613,clip_off,,3639.950050096528,34.686139930006576,6,13,invmae_shrunk_lam0.5,1193.6732858378568,1331.4430496797954,1172.6169195291293,1352.499415988523,13,split_conformal,68.88488192096918,89.94124822969684,1043.0
adj_ebitda_musd,W1,0,PIT,stack_clip,2023Q1,2023-02-14,280.02401906830414,286.66047151154265,262.0,18.024019068304142,18.024019068304142,clipped_ceiling,,1845.146739130435,15.176246589486508,6,0,equal_insufficient_prior,252.02161716147373,308.02642097513456,243.6208965894246,316.4271415471837,0,fallback,28.002401906830414,36.40312247887954,229.0
adj_ebitda_musd,W1,0,PIT,stack_clip,2023Q2,2023-05-09,832.3860296921873,847.099212764949,819.0,13.386029692187321,13.386029692187321,clipped_ceiling,,2463.332309110463,33.79105720383992,6,1,equal_insufficient_prior,749.1474267229686,915.624632661406,724.175845832203,940.5962135521717,1,fallback,83.23860296921873,108.21018385998435,711.0
adj_ebitda_musd,W1,0,PIT,stack_clip,2023Q3,2023-08-03,1793.2481486266695,1793.2481486266695,1834.0,-40.75185137333051,40.75185137333051,sentence_not_binding,,3462.880434782609,51.784870497246764,6,2,equal_insufficient_prior,1613.9233337640026,1972.5729634893364,1560.1258893052025,2026.3704079481365,2,fallback,179.32481486266695,233.12225932146706,1457.0
adj_ebitda_musd,W1,0,PIT,stack_clip,2023Q4,2023-11-01,648.0587517703032,648.0587517703032,738.0,-89.94124822969684,89.94124822969684,sentence_not_binding,,2206.735193578123,29.367309392456132,6,3,equal_insufficient_prior,583.2528765932728,712.8646269473335,563.8111140401637,732.3063895004426,3,fallback,64.80587517703032,84.24763773013942,506.0
adj_ebitda_musd,W1,0,PIT,stack_clip,2024Q1,2024-02-13,361.41621499866665,361.41621499866665,424.0,-62.583785001333354,62.583785001333354,sentence_not_binding,,2101.9769085380885,17.19410967506914,6,4,invmae_shrunk_lam0.5,271.4749667689698,451.3574632283635,248.9896547115456,473.8427752857877,4,split_conformal,89.94124822969684,112.42656028712105,262.0
adj_ebitda_musd,W1,0,PIT,stack_clip,2024Q2,2024-05-08,913.8010871544792,913.8010871544792,894.0,19.801087154479205,19.801087154479205,sentence_not_binding,,2778.7109376284,32.885791565437124,6,5,invmae_shrunk_lam0.5,823.8598389247824,1003.742335384176,805.871589278843,1021.7305850301154,5,split_conformal,89.94124822969684,107.9294978756362,819.0
adj_ebitda_musd,W1,0,PIT,stack_clip,2024Q3,2024-08-06,1986.6890760794527,1986.6890760794527,1958.0,28.68907607945266,28.68907607945266,sentence_not_binding,,3793.811981263867,52.36656655340123,6,6,invmae_shrunk_lam0.5,1896.7478278497558,2076.6303243091497,1881.757619811473,2091.6205323474323,6,split_conformal,89.94124822969684,104.93145626797964,1834.0
adj_ebitda_musd,W1,0,PIT,stack_clip,2024Q4,2024-11-07,763.8069143674164,763.8069143674164,765.0,-1.1930856325835748,1.1930856325835748,sentence_not_binding,,2475.5142270861834,30.854474840423727,6,7,invmae_shrunk_lam0.5,673.8656661377196,853.7481625971133,661.01691639062,866.5969123442128,7,split_conformal,89.94124822969684,102.78999797679639,738.0
adj_ebitda_musd,W1,0,PIT,stack_clip,2025Q1,2025-02-13,395.85810142226455,395.85810142226455,417.0,-21.141898577735446,21.141898577735446,sentence_not_binding,,2301.0778224333208,17.203160082767496,6,8,invmae_shrunk_lam0.5,305.9168531925677,485.7993496519614,294.67419716385564,497.04200568067347,8,split_conformal,89.94124822969684,101.18390425840894,424.0
adj_ebitda_musd,W1,0,PIT,stack_clip,2025Q2,2025-05-01,974.1151180790308,974.1151180790308,1043.0,-68.88488192096918,68.88488192096918,sentence_not_binding,,3081.826896573036,31.608365776878586,6,9,invmae_shrunk_lam0.5,911.5313330776975,1036.6989030803643,884.173869849334,1064.0563663087278,9,split_conformal,62.583785001333354,89.94124822969684,894.0
adj_ebitda_musd,W1,0,PIT,stack_clip,2025Q3,2025-08-06,2091.493069892922,2091.493069892922,2051.0,40.493069892921994,40.493069892921994,sentence_not_binding,,4139.566689730157,50.524444384039114,6,10,invmae_shrunk_lam0.5,2022.6081879719527,2160.3779518138913,2001.5518216632252,2181.4343181226186,10,split_conformal,68.88488192096918,89.94124822969684,1958.0
adj_ebitda_musd,W1,0,PIT,stack_clip,2025Q4,2025-11-06,798.3728979308012,798.3728979308012,786.0,12.372897930801173,12.372897930801173,sentence_not_binding,,2742.707460716992,29.10893375854574,6,11,invmae_shrunk_lam0.5,729.488016009832,867.2577798517704,708.4316497011043,888.314146160498,11,split_conformal,68.88488192096918,89.94124822969684,765.0
adj_ebitda_musd,W1,0,PIT,stack_clip,2026Q1,2026-02-12,508.64570384880557,508.64570384880557,519.0,-10.354296151194433,10.354296151194433,sentence_not_binding,,2661.139952591579,19.113827641926747,6,12,invmae_shrunk_lam0.5,439.7608219278364,577.5305857697747,418.7044556191087,598.5869520785025,12,split_conformal,68.88488192096918,89.94124822969684,417.0
adj_ebitda_musd,W1,0,PIT,stack_clip,2026Q2,2026-05-07,1262.5581677588261,1262.5581677588261,1261.0,1.55816775882613,1.55816775882613,sentence_not_binding,,3639.950050096528,34.686139930006576,6,13,invmae_shrunk_lam0.5,1193.6732858378568,1331.4430496797954,1172.6169195291293,1352.499415988523,13,split_conformal,68.88488192096918,89.94124822969684,1043.0
adj_ebitda_musd,W1,0,PIT,stack_ew_clip,2023Q1,2023-02-14,280.02401906830414,286.66047151154265,262.0,18.024019068304142,18.024019068304142,clipped_ceiling,,1845.146739130435,15.176246589486508,6,0,equal_insufficient_prior,252.02161716147373,308.02642097513456,243.6208965894246,316.4271415471837,0,fallback,28.002401906830414,36.40312247887954,229.0
adj_ebitda_musd,W1,0,PIT,stack_ew_clip,2023Q2,2023-05-09,832.3860296921873,847.099212764949,819.0,13.386029692187321,13.386029692187321,clipped_ceiling,,2463.332309110463,33.79105720383992,6,1,equal_insufficient_prior,749.1474267229686,915.624632661406,724.175845832203,940.5962135521717,1,fallback,83.23860296921873,108.21018385998435,711.0
adj_ebitda_musd,W1,0,PIT,stack_ew_clip,2023Q3,2023-08-03,1793.2481486266695,1793.2481486266695,1834.0,-40.75185137333051,40.75185137333051,sentence_not_binding,,3462.880434782609,51.784870497246764,6,2,equal_insufficient_prior,1613.9233337640026,1972.5729634893364,1560.1258893052025,2026.3704079481365,2,fallback,179.32481486266695,233.12225932146706,1457.0
adj_ebitda_musd,W1,0,PIT,stack_ew_clip,2023Q4,2023-11-01,648.0587517703032,648.0587517703032,738.0,-89.94124822969684,89.94124822969684,sentence_not_binding,,2206.735193578123,29.367309392456132,6,3,equal_insufficient_prior,583.2528765932728,712.8646269473335,563.8111140401637,732.3063895004426,3,fallback,64.80587517703032,84.24763773013942,506.0
adj_ebitda_musd,W1,0,PIT,stack_ew_clip,2024Q1,2024-02-13,363.6026467740523,363.6026467740523,424.0,-60.39735322594771,60.39735322594771,sentence_not_binding,,2101.9769085380885,17.2981275530251,6,4,invmae_shrunk_lam1.0,273.66139854435545,453.5438950037491,251.17608648693124,476.02920706117334,4,split_conformal,89.94124822969684,112.42656028712105,262.0
adj_ebitda_musd,W1,0,PIT,stack_ew_clip,2024Q2,2024-05-08,911.6939324637924,911.6939324637924,894.0,17.693932463792407,17.693932463792407,sentence_not_binding,,2778.7109376284,32.80995947141999,6,5,invmae_shrunk_lam1.0,821.7526842340956,1001.6351806934892,803.7644345881562,1019.6234303394286,5,split_conformal,89.94124822969684,107.9294978756362,819.0
adj_ebitda_musd,W1,0,PIT,stack_ew_clip,2024Q3,2024-08-06,1984.8191969112165,1984.8191969112165,1958.0,26.819196911216522,26.819196911216522,sentence_not_binding,,3793.811981263867,52.31727894564759,6,6,invmae_shrunk_lam1.0,1894.8779486815197,2074.7604451409134,1879.8877406432368,2089.750653179196,6,split_conformal,89.94124822969684,104.93145626797964,1834.0
adj_ebitda_musd,W1,0,PIT,stack_ew_clip,2024Q4,2024-11-07,764.579810560628,764.579810560628,765.0,-0.4201894393720522,0.4201894393720522,sentence_not_binding,,2475.5142270861834,30.885696482568008,6,7,invmae_shrunk_lam1.0,674.6385623309311,854.5210587903248,661.7898125838316,867.3698085374243,7,split_conformal,89.94124822969684,102.78999797679639,738.0
adj_ebitda_musd,W1,0,PIT,stack_ew_clip,2025Q1,2025-02-13,395.6119362646544,395.6119362646544,417.0,-21.38806373534561,21.38806373534561,sentence_not_binding,,2301.0778224333208,17.19246226302362,6,8,invmae_shrunk_lam1.0,305.67068803495755,485.5531844943512,294.4280320062454,496.79584052306336,8,split_conformal,89.94124822969684,101.18390425840894,424.0
adj_ebitda_musd,W1,0,PIT,stack_ew_clip,2025Q2,2025-05-01,973.9438887669976,973.9438887669976,1043.0,-69.05611123300241,69.05611123300241,sentence_not_binding,,3081.826896573036,31.60280967922029,6,9,invmae_shrunk_lam1.0,913.5465355410499,1034.3412419929452,884.0026405373007,1063.8851369966944,9,split_conformal,60.39735322594771,89.94124822969684,894.0
adj_ebitda_musd,W1,0,PIT,stack_ew_clip,2025Q3,2025-08-06,2093.525791093749,2093.525791093749,2051.0,42.52579109374892,42.52579109374892,sentence_not_binding,,4139.566689730157,50.57354906946113,6,10,invmae_shrunk_lam1.0,2024.4696798607465,2162.5819023267513,2003.584542864052,2183.4670393234455,10,split_conformal,69.05611123300241,89.94124822969684,1958.0
adj_ebitda_musd,W1,0,PIT,stack_ew_clip,2025Q4,2025-11-06,799.0079523972095,799.0079523972095,786.0,13.007952397209465,13.007952397209465,sentence_not_binding,,2742.707460716992,29.1320880495339,6,11,invmae_shrunk_lam1.0,729.951841164207,868.0640636302119,709.0667041675126,888.9492006269063,11,split_conformal,69.05611123300241,89.94124822969684,765.0
adj_ebitda_musd,W1,0,PIT,stack_ew_clip,2026Q1,2026-02-12,508.59739980560613,508.59739980560613,519.0,-10.40260019439387,10.40260019439387,sentence_not_binding,,2661.139952591579,19.11201247834798,6,12,invmae_shrunk_lam1.0,439.5412885726037,577.6535110386085,418.6561515759093,598.5386480353029,12,split_conformal,69.05611123300241,89.94124822969684,417.0
adj_ebitda_musd,W1,0,PIT,stack_ew_clip,2026Q2,2026-05-07,1264.1185503898569,1264.1185503898569,1261.0,3.118550389856864,3.118550389856864,sentence_not_binding,,3639.950050096528,34.729008172964726,6,13,invmae_shrunk_lam1.0,1195.0624391568545,1333.1746616228593,1174.17730216016,1354.0597986195537,13,split_conformal,69.05611123300241,89.94124822969684,1043.0
adj_ebitda_musd,W1,0,PIT,stack_lam25_clip,2023Q1,2023-02-14,280.02401906830414,286.66047151154265,262.0,18.024019068304142,18.024019068304142,clipped_ceiling,,1845.146739130435,15.176246589486508,6,0,equal_insufficient_prior,252.02161716147373,308.02642097513456,243.6208965894246,316.4271415471837,0,fallback,28.002401906830414,36.40312247887954,229.0
adj_ebitda_musd,W1,0,PIT,stack_lam25_clip,2023Q2,2023-05-09,832.3860296921873,847.099212764949,819.0,13.386029692187321,13.386029692187321,clipped_ceiling,,2463.332309110463,33.79105720383992,6,1,equal_insufficient_prior,749.1474267229686,915.624632661406,724.175845832203,940.5962135521717,1,fallback,83.23860296921873,108.21018385998435,711.0
adj_ebitda_musd,W1,0,PIT,stack_lam25_clip,2023Q3,2023-08-03,1793.2481486266695,1793.2481486266695,1834.0,-40.75185137333051,40.75185137333051,sentence_not_binding,,3462.880434782609,51.784870497246764,6,2,equal_insufficient_prior,1613.9233337640026,1972.5729634893364,1560.1258893052025,2026.3704079481365,2,fallback,179.32481486266695,233.12225932146706,1457.0
adj_ebitda_musd,W1,0,PIT,stack_lam25_clip,2023Q4,2023-11-01,648.0587517703032,648.0587517703032,738.0,-89.94124822969684,89.94124822969684,sentence_not_binding,,2206.735193578123,29.367309392456132,6,3,equal_insufficient_prior,583.2528765932728,712.8646269473335,563.8111140401637,732.3063895004426,3,fallback,64.80587517703032,84.24763773013942,506.0
adj_ebitda_musd,W1,0,PIT,stack_lam25_clip,2024Q1,2024-02-13,360.3229991109738,360.3229991109738,424.0,-63.6770008890262,63.6770008890262,sentence_not_binding,,2101.9769085380885,17.142100736091155,6,4,invmae_shrunk_lam0.25,270.38175088127696,450.26424734067064,247.89643882385275,472.74955939809485,4,split_conformal,89.94124822969684,112.42656028712105,262.0
adj_ebitda_musd,W1,0,PIT,stack_lam25_clip,2024Q2,2024-05-08,914.8546644998223,914.8546644998223,894.0,20.85466449982232,20.85466449982232,sentence_not_binding,,2778.7109376284,32.92370761244568,6,5,invmae_shrunk_lam0.25,824.9134162701255,1004.7959127295192,806.9251666241861,1022.7841623754585,5,split_conformal,89.94124822969684,107.9294978756362,819.0
adj_ebitda_musd,W1,0,PIT,stack_lam25_clip,2024Q3,2024-08-06,1987.62401566357,1987.62401566357,1958.0,29.624015663569935,29.624015663569935,sentence_not_binding,,3793.811981263867,52.39121035727803,6,6,invmae_shrunk_lam0.25,1897.682767433873,2077.565263893267,1882.6925593955903,2092.5554719315496,6,split_conformal,89.94124822969684,104.93145626797964,1834.0
adj_ebitda_musd,W1,0,PIT,stack_lam25_clip,2024Q4,2024-11-07,763.4204662708104,763.4204662708104,765.0,-1.5795337291896203,1.5795337291896203,sentence_not_binding,,2475.5142270861834,30.838864019351583,6,7,invmae_shrunk_lam0.25,673.4792180411135,853.3617145005072,660.630468294014,866.2104642476068,7,split_conformal,89.94124822969684,102.78999797679639,738.0
adj_ebitda_musd,W1,0,PIT,stack_lam25_clip,2025Q1,2025-02-13,395.98118400106966,395.98118400106966,417.0,-21.018815998930336,21.018815998930336,sentence_not_binding,,2301.0778224333208,17.208508992639434,6,8,invmae_shrunk_lam0.25,306.0399357713728,485.9224322307665,294.79727974266075,497.1650882594786,8,split_conformal,89.94124822969684,101.18390425840894,424.0
adj_ebitda_musd,W1,0,PIT,stack_lam25_clip,2025Q2,2025-05-01,974.2007327350472,974.2007327350472,1043.0,-68.79926726495285,68.79926726495285,sentence_not_binding,,3081.826896573036,31.61114382570772,6,9,invmae_shrunk_lam0.25,910.523731846021,1037.8777336240732,884.2594845053503,1064.141980964744,9,split_conformal,63.6770008890262,89.94124822969684,894.0
adj_ebitda_musd,W1,0,PIT,stack_lam25_clip,2025Q3,2025-08-06,2090.4767092925085,2090.4767092925085,2051.0,39.47670929250853,39.47670929250853,sentence_not_binding,,4139.566689730157,50.4998920413281,6,10,invmae_shrunk_lam0.25,2021.6774420275556,2159.2759765574615,2000.5354610628117,2180.417957522205,10,split_conformal,68.79926726495285,89.94124822969684,1958.0
adj_ebitda_musd,W1,0,PIT,stack_lam25_clip,2025Q4,2025-11-06,798.0553706975968,798.0553706975968,786.0,12.0553706975968,12.0553706975968,sentence_not_binding,,2742.707460716992,29.097356613051655,6,11,invmae_shrunk_lam0.25,729.256103432644,866.8546379625496,708.1141224679,887.9966189272936,11,split_conformal,68.79926726495285,89.94124822969684,765.0
adj_ebitda_musd,W1,0,PIT,stack_lam25_clip,2026Q1,2026-02-12,508.669855870405,508.669855870405,519.0,-10.330144129594999,10.330144129594999,sentence_not_binding,,2661.139952591579,19.11473522371612,6,12,invmae_shrunk_lam0.25,439.87058860545216,577.4691231353579,418.72860764070816,598.6111041001018,12,split_conformal,68.79926726495285,89.94124822969684,417.0
adj_ebitda_musd,W1,0,PIT,stack_lam25_clip,2026Q2,2026-05-07,1261.7779764433108,1261.7779764433108,1261.0,0.777976443310763,0.777976443310763,sentence_not_binding,,3639.950050096528,34.6647058085275,6,13,invmae_shrunk_lam0.25,1192.9787091783578,1330.5772437082637,1171.836728213614,1351.7192246730076,13,split_conformal,68.79926726495285,89.94124822969684,1043.0
adj_ebitda_musd,W1,0,full_sample,stack,2023Q1,2023-02-14,298.29093927000315,298.29093927000315,262.0,36.29093927000315,36.29093927000315,clip_off,,1829.9205298013248,16.30075920850993,6,13,invmae_shrunk_lam0.5,268.46184534300284,328.12003319700347,259.5131171649027,337.0687613751036,0,fallback,29.829093927000315,38.77782210510041,229.0
adj_ebitda_musd,W1,0,full_sample,stack,2023Q2,2023-05-09,856.9555351855668,856.9555351855668,819.0,37.95553518556676,37.95553518556676,clip_off,,2460.3973509933776,34.82996495828504,6,13,invmae_shrunk_lam0.5,771.25998166701,942.6510887041235,745.5513156114431,968.3597547596904,1,fallback,85.69555351855668,111.40421957412369,711.0
adj_ebitda_musd,W1,0,full_sample,stack,2023Q3,2023-08-03,1793.673270912878,1793.673270912878,1834.0,-40.326729087121976,40.326729087121976,clip_off,,3434.30463576159,52.22813527475887,6,13,invmae_shrunk_lam0.5,1614.3059438215903,1973.0405980041658,1560.4957456942038,2026.8507961315522,2,fallback,179.36732709128782,233.17752521867416,1457.0
adj_ebitda_musd,W1,0,full_sample,stack,2023Q4,2023-11-01,650.9712438167829,650.9712438167829,738.0,-87.02875618321707,87.02875618321707,clip_off,,2204.1059602649007,29.53448044478524,6,13,invmae_shrunk_lam0.5,585.8741194351046,716.0683681984613,566.3449821206011,735.5975055129647,3,fallback,65.0971243816783,84.62626169618179,506.0
adj_ebitda_musd,W1,0,full_sample,stack,2024Q1,2024-02-13,353.8742101794217,353.8742101794217,424.0,-70.12578982057829,70.12578982057829,clip_off,,2101.58940397351,16.83840856402996,6,13,invmae_shrunk_lam0.5,266.84545399620464,440.9029663626388,245.08826495040037,462.6601554084431,4,split_conformal,87.02875618321707,108.78594522902134,262.0
adj_ebitda_musd,W1,0,full_sample,stack,2024Q2,2024-05-08,917.1164268275273,917.1164268275273,894.0,23.116426827527334,23.116426827527334,clip_off,,2778.198675496689,33.01118940543604,6,13,invmae_shrunk_lam0.5,830.0876706443103,1004.1451830107444,812.6819194076669,1021.5509342473878,5,split_conformal,87.02875618321707,104.43450741986048,819.0
adj_ebitda_musd,W1,0,full_sample,stack,2024Q3,2024-08-06,1992.15891219631,1992.15891219631,1958.0,34.158912196309984,34.158912196309984,clip_off,,3793.112582781457,52.52042666066813,6,13,invmae_shrunk_lam0.5,1905.1301560130928,2079.187668379527,1890.6253633158901,2093.69246107673,6,split_conformal,87.02875618321707,101.53354888041991,1834.0
adj_ebitda_musd,W1,0,full_sample,stack,2024Q4,2024-11-07,763.5544161219759,763.5544161219759,765.0,-1.445583878024081,1.445583878024081,clip_off,,2475.774834437086,30.841028251084246,6,13,invmae_shrunk_lam0.5,676.5256599387588,850.583172305193,664.0929804840135,863.0158517599383,7,split_conformal,87.02875618321707,99.46143563796237,738.0
adj_ebitda_musd,W1,0,full_sample,stack,2025Q1,2025-02-13,397.59868220677004,397.59868220677004,417.0,-19.401317793229964,19.401317793229964,clip_off,,2306.6225165562914,17.237267014993478,6,13,invmae_shrunk_lam0.5,310.56992602355297,484.6274383899871,299.69133150065085,495.5060329128892,8,split_conformal,87.02875618321707,97.9073507061192,424.0
adj_ebitda_musd,W1,0,full_sample,stack,2025Q2,2025-05-01,975.7859855986039,975.7859855986039,1043.0,-67.21401440139607,67.21401440139607,clip_off,,3096.0000000000005,31.51763519375335,6,13,invmae_shrunk_lam0.5,905.6601957780256,1045.9117754191823,888.7572294153869,1062.8147417818209,9,split_conformal,70.12578982057829,87.02875618321707,894.0
adj_ebitda_musd,W1,0,full_sample,stack,2025Q3,2025-08-06,2097.9345397372063,2097.9345397372063,2051.0,46.93453973720625,46.93453973720625,clip_off,,4162.172185430464,50.40479937569502,6,13,invmae_shrunk_lam0.5,2027.808749916628,2168.0603295577844,2010.9057835539893,2184.963295920423,10,split_conformal,70.12578982057829,87.02875618321707,1958.0
adj_ebitda_musd,W1,0,full_sample,stack,2025Q4,2025-11-06,802.1645542699048,802.1645542699048,786.0,16.164554269904784,16.164554269904784,clip_off,,2757.695364238411,29.088222168130507,6,13,invmae_shrunk_lam0.5,732.0387644493264,872.2903440904831,715.1357980866877,889.1933104531219,11,split_conformal,70.12578982057829,87.02875618321707,765.0
adj_ebitda_musd,W1,0,full_sample,stack,2026Q1,2026-02-12,511.65619595328263,511.65619595328263,519.0,-7.343804046717366,7.343804046717366,clip_off,,2675.682119205298,19.122458242732108,6,13,invmae_shrunk_lam0.5,441.53040613270434,581.7819857738609,424.62743977006556,598.6849521364998,12,split_conformal,70.12578982057829,87.02875618321707,417.0
adj_ebitda_musd,W1,0,full_sample,stack,2026Q2,2026-05-07,1268.995196386797,1268.995196386797,1261.0,7.9951963867970335,7.9951963867970335,clip_off,,3659.841059602649,34.67350564465695,6,13,invmae_shrunk_lam0.5,1198.8694065662187,1339.1209862073754,1181.96644020358,1356.023952570014,13,split_conformal,70.12578982057829,87.02875618321707,1043.0
adj_ebitda_musd,W1,0,full_sample,stack_clip,2023Q1,2023-02-14,277.713251994287,298.29093927000315,262.0,15.71325199428702,15.71325199428702,clipped_ceiling,,1829.9205298013248,15.176246589486508,6,13,invmae_shrunk_lam0.5,249.94192679485832,305.4845771937157,241.6105292350297,313.8159747535443,0,fallback,27.771325199428702,36.10272275925731,229.0
adj_ebitda_musd,W1,0,full_sample,stack_clip,2023Q2,2023-05-09,831.3942763159342,856.9555351855668,819.0,12.394276315934235,12.394276315934235,clipped_ceiling,,2460.3973509933776,33.79105720383992,6,13,invmae_shrunk_lam0.5,748.2548486843408,914.5337039475277,723.3130203948627,939.4755322370057,1,fallback,83.13942763159343,108.08125592107146,711.0
adj_ebitda_musd,W1,0,full_sample,stack_clip,2023Q3,2023-08-03,1793.673270912878,1793.673270912878,1834.0,-40.326729087121976,40.326729087121976,sentence_not_binding,,3434.30463576159,52.22813527475887,6,13,invmae_shrunk_lam0.5,1614.3059438215903,1973.0405980041658,1560.4957456942038,2026.8507961315522,2,fallback,179.36732709128782,233.17752521867416,1457.0
adj_ebitda_musd,W1,0,full_sample,stack_clip,2023Q4,2023-11-01,650.9712438167829,650.9712438167829,738.0,-87.02875618321707,87.02875618321707,sentence_not_binding,,2204.1059602649007,29.53448044478524,6,13,invmae_shrunk_lam0.5,585.8741194351046,716.0683681984613,566.3449821206011,735.5975055129647,3,fallback,65.0971243816783,84.62626169618179,506.0
adj_ebitda_musd,W1,0,full_sample,stack_clip,2024Q1,2024-02-13,353.8742101794217,353.8742101794217,424.0,-70.12578982057829,70.12578982057829,sentence_not_binding,,2101.58940397351,16.83840856402996,6,13,invmae_shrunk_lam0.5,266.84545399620464,440.9029663626388,245.08826495040037,462.6601554084431,4,split_conformal,87.02875618321707,108.78594522902134,262.0
adj_ebitda_musd,W1,0,full_sample,stack_clip,2024Q2,2024-05-08,916.0002879355026,917.1164268275273,894.0,22.00028793550257,22.00028793550257,clipped_ceiling,,2778.198675496689,32.971014492753625,6,13,invmae_shrunk_lam0.5,828.9715317522855,1003.0290441187196,811.5657805156421,1020.434795355363,5,split_conformal,87.02875618321707,104.43450741986048,819.0
adj_ebitda_musd,W1,0,full_sample,stack_clip,2024Q3,2024-08-06,1992.15891219631,1992.15891219631,1958.0,34.158912196309984,34.158912196309984,sentence_not_binding,,3793.112582781457,52.52042666066813,6,13,invmae_shrunk_lam0.5,1905.1301560130928,2079.187668379527,1890.6253633158901,2093.69246107673,6,split_conformal,87.02875618321707,101.53354888041991,1834.0
adj_ebitda_musd,W1,0,full_sample,stack_clip,2024Q4,2024-11-07,763.5544161219759,763.5544161219759,765.0,-1.445583878024081,1.445583878024081,sentence_not_binding,,2475.774834437086,30.841028251084246,6,13,invmae_shrunk_lam0.5,676.5256599387588,850.583172305193,664.0929804840135,863.0158517599383,7,split_conformal,87.02875618321707,99.46143563796237,738.0
adj_ebitda_musd,W1,0,full_sample,stack_clip,2025Q1,2025-02-13,397.59868220677004,397.59868220677004,417.0,-19.401317793229964,19.401317793229964,sentence_not_binding,,2306.6225165562914,17.237267014993478,6,13,invmae_shrunk_lam0.5,310.56992602355297,484.6274383899871,299.69133150065085,495.5060329128892,8,split_conformal,87.02875618321707,97.9073507061192,424.0
adj_ebitda_musd,W1,0,full_sample,stack_clip,2025Q2,2025-05-01,975.7859855986039,975.7859855986039,1043.0,-67.21401440139607,67.21401440139607,sentence_not_binding,,3096.0000000000005,31.51763519375335,6,13,invmae_shrunk_lam0.5,905.6601957780256,1045.9117754191823,888.7572294153869,1062.8147417818209,9,split_conformal,70.12578982057829,87.02875618321707,894.0
adj_ebitda_musd,W1,0,full_sample,stack_clip,2025Q3,2025-08-06,2097.9345397372063,2097.9345397372063,2051.0,46.93453973720625,46.93453973720625,sentence_not_binding,,4162.172185430464,50.40479937569502,6,13,invmae_shrunk_lam0.5,2027.808749916628,2168.0603295577844,2010.9057835539893,2184.963295920423,10,split_conformal,70.12578982057829,87.02875618321707,1958.0
adj_ebitda_musd,W1,0,full_sample,stack_clip,2025Q4,2025-11-06,802.1645542699048,802.1645542699048,786.0,16.164554269904784,16.164554269904784,sentence_not_binding,,2757.695364238411,29.088222168130507,6,13,invmae_shrunk_lam0.5,732.0387644493264,872.2903440904831,715.1357980866877,889.1933104531219,11,split_conformal,70.12578982057829,87.02875618321707,765.0
adj_ebitda_musd,W1,0,full_sample,stack_clip,2026Q1,2026-02-12,511.65619595328263,511.65619595328263,519.0,-7.343804046717366,7.343804046717366,sentence_not_binding,,2675.682119205298,19.122458242732108,6,13,invmae_shrunk_lam0.5,441.53040613270434,581.7819857738609,424.62743977006556,598.6849521364998,12,split_conformal,70.12578982057829,87.02875618321707,417.0
adj_ebitda_musd,W1,0,full_sample,stack_clip,2026Q2,2026-05-07,1268.995196386797,1268.995196386797,1261.0,7.9951963867970335,7.9951963867970335,sentence_not_binding,,3659.841059602649,34.67350564465695,6,13,invmae_shrunk_lam0.5,1198.8694065662187,1339.1209862073754,1181.96644020358,1356.023952570014,13,split_conformal,70.12578982057829,87.02875618321707,1043.0
adj_ebitda_musd,W1,0,full_sample,stack_ew_clip,2023Q1,2023-02-14,277.713251994287,297.3828536990732,262.0,15.71325199428702,15.71325199428702,clipped_ceiling,,1829.9205298013248,15.176246589486508,6,13,invmae_shrunk_lam1.0,249.94192679485832,305.4845771937157,241.6105292350297,313.8159747535443,0,fallback,27.771325199428702,36.10272275925731,229.0
adj_ebitda_musd,W1,0,full_sample,stack_ew_clip,2023Q2,2023-05-09,831.3942763159342,855.6024245974306,819.0,12.394276315934235,12.394276315934235,clipped_ceiling,,2460.3973509933776,33.79105720383992,6,13,invmae_shrunk_lam1.0,748.2548486843408,914.5337039475277,723.3130203948627,939.4755322370057,1,fallback,83.13942763159343,108.08125592107146,711.0
adj_ebitda_musd,W1,0,full_sample,stack_ew_clip,2023Q3,2023-08-03,1793.4475713710813,1793.4475713710813,1834.0,-40.55242862891873,40.55242862891873,sentence_not_binding,,3434.30463576159,52.22156336091504,6,13,invmae_shrunk_lam1.0,1614.102814233973,1972.7923285081895,1560.2993870928408,2026.5957556493217,2,fallback,179.34475713710813,233.14818427824056,1457.0
adj_ebitda_musd,W1,0,full_sample,stack_ew_clip,2023Q4,2023-11-01,650.3883461472752,650.3883461472752,738.0,-87.61165385272477,87.61165385272477,sentence_not_binding,,2204.1059602649007,29.50803445353,6,13,invmae_shrunk_lam1.0,585.3495115325477,715.4271807620028,565.8378611481295,734.938831146421,3,fallback,65.03883461472752,84.55048499914578,506.0
adj_ebitda_musd,W1,0,full_sample,stack_ew_clip,2024Q1,2024-02-13,353.0568517456466,353.0568517456466,424.0,-70.94314825435339,70.94314825435339,sentence_not_binding,,2101.58940397351,16.799516169910078,6,13,invmae_shrunk_lam1.0,265.44519789292184,440.6685055983714,243.54228442974065,462.57141906155255,4,split_conformal,87.61165385272477,109.51456731590596,262.0
adj_ebitda_musd,W1,0,full_sample,stack_ew_clip,2024Q2,2024-05-08,915.208276935385,915.208276935385,894.0,21.208276935385015,21.208276935385015,sentence_not_binding,,2778.198675496689,32.94250641638375,6,13,invmae_shrunk_lam1.0,827.5966230826602,1002.8199307881098,810.0742923121153,1020.3422615586547,5,split_conformal,87.61165385272477,105.13398462326973,819.0
adj_ebitda_musd,W1,0,full_sample,stack_ew_clip,2024Q3,2024-08-06,1990.9432359146406,1990.9432359146406,1958.0,32.94323591464058,32.94323591464058,sentence_not_binding,,3793.112582781457,52.48837709042368,6,13,invmae_shrunk_lam1.0,1903.331582061916,2078.5548897673652,1888.7296397531284,2093.156832076153,6,split_conformal,87.61165385272477,102.21359616151223,1834.0
adj_ebitda_musd,W1,0,full_sample,stack_ew_clip,2024Q4,2024-11-07,763.8333871804704,763.8333871804704,765.0,-1.1666128195296324,1.1666128195296324,sentence_not_binding,,2475.774834437086,30.85229628138385,6,13,invmae_shrunk_lam1.0,676.2217333277456,851.4450410331951,663.7057827773564,863.9609915835844,7,split_conformal,87.61165385272477,100.12760440311402,738.0
adj_ebitda_musd,W1,0,full_sample,stack_ew_clip,2025Q1,2025-02-13,397.14489546028324,397.14489546028324,417.0,-19.855104539716763,19.855104539716763,sentence_not_binding,,2306.6225165562914,17.217593802613486,6,13,invmae_shrunk_lam1.0,309.53324160755847,484.756549313008,298.58178487596786,495.7080060445986,8,split_conformal,87.61165385272477,98.56311058431537,424.0
adj_ebitda_musd,W1,0,full_sample,stack_ew_clip,2025Q2,2025-05-01,976.1872326516019,976.1872326516019,1043.0,-66.8127673483981,66.8127673483981,sentence_not_binding,,3096.0000000000005,31.530595369883777,6,13,invmae_shrunk_lam1.0,905.2440843972486,1047.1303809059552,888.5755787988771,1063.7988865043267,9,split_conformal,70.94314825435339,87.61165385272477,894.0
adj_ebitda_musd,W1,0,full_sample,stack_ew_clip,2025Q3,2025-08-06,2099.0043068579184,2099.0043068579184,2051.0,48.004306857918436,48.004306857918436,sentence_not_binding,,4162.172185430464,50.430501510855514,6,13,invmae_shrunk_lam1.0,2028.061158603565,2169.9474551122717,2011.3926530051936,2186.6159607106433,10,split_conformal,70.94314825435339,87.61165385272477,1958.0
adj_ebitda_musd,W1,0,full_sample,stack_ew_clip,2025Q4,2025-11-06,802.8043700607302,802.8043700607302,786.0,16.804370060730207,16.804370060730207,sentence_not_binding,,2757.695364238411,29.111423272905256,6,13,invmae_shrunk_lam1.0,731.8612218063768,873.7475183150837,715.1927162080054,890.416023913455,11,split_conformal,70.94314825435339,87.61165385272477,765.0
adj_ebitda_musd,W1,0,full_sample,stack_ew_clip,2026Q1,2026-02-12,512.0278607582461,512.0278607582461,519.0,-6.972139241753894,6.972139241753894,sentence_not_binding,,2675.682119205298,19.136348712093014,6,13,invmae_shrunk_lam1.0,441.0847125038927,582.9710090125996,424.41620690552134,599.6395146109709,12,split_conformal,70.94314825435339,87.61165385272477,417.0
adj_ebitda_musd,W1,0,full_sample,stack_ew_clip,2026Q2,2026-05-07,1269.5194362266975,1269.5194362266975,1261.0,8.519436226697508,8.519436226697508,sentence_not_binding,,3659.841059602649,34.687829759594266,6,13,invmae_shrunk_lam1.0,1198.576287972344,1340.462584481051,1181.9077823739726,1357.1310900794224,13,split_conformal,70.94314825435339,87.61165385272477,1043.0
adj_ebitda_musd,W1,0,full_sample,stack_lam25_clip,2023Q1,2023-02-14,277.713251994287,298.7449820554682,262.0,15.71325199428702,15.71325199428702,clipped_ceiling,,1829.9205298013248,15.176246589486508,6,13,invmae_shrunk_lam0.25,249.94192679485832,305.4845771937157,241.6105292350297,313.8159747535443,0,fallback,27.771325199428702,36.10272275925731,229.0
adj_ebitda_musd,W1,0,full_sample,stack_lam25_clip,2023Q2,2023-05-09,831.3942763159342,857.6320904796347,819.0,12.394276315934235,12.394276315934235,clipped_ceiling,,2460.3973509933776,33.79105720383992,6,13,invmae_shrunk_lam0.25,748.2548486843408,914.5337039475277,723.3130203948627,939.4755322370057,1,fallback,83.13942763159343,108.08125592107146,711.0
adj_ebitda_musd,W1,0,full_sample,stack_lam25_clip,2023Q3,2023-08-03,1793.7861206837765,1793.7861206837765,1834.0,-40.21387931622348,40.21387931622348,sentence_not_binding,,3434.30463576159,52.23142123168079,6,13,invmae_shrunk_lam0.25,1614.407508615399,1973.1647327521541,1560.5939249948856,2026.9783163726675,2,fallback,179.37861206837766,233.19219568889096,1457.0
adj_ebitda_musd,W1,0,full_sample,stack_lam25_clip,2023Q4,2023-11-01,651.2626926515368,651.2626926515368,738.0,-86.73730734846322,86.73730734846322,sentence_not_binding,,2204.1059602649007,29.547703440412853,6,13,invmae_shrunk_lam0.25,586.1364233863831,716.3889619166905,566.598542606837,735.9268426962366,3,fallback,65.12626926515368,84.66415004469978,506.0
adj_ebitda_musd,W1,0,full_sample,stack_lam25_clip,2024Q1,2024-02-13,354.2828893963093,354.2828893963093,424.0,-69.71711060369068,69.71711060369068,sentence_not_binding,,2101.58940397351,16.857854761089904,6,13,invmae_shrunk_lam0.25,267.5455820478461,441.02019674477253,245.8612552107303,462.70452358188834,4,split_conformal,86.73730734846322,108.42163418557902,262.0
adj_ebitda_musd,W1,0,full_sample,stack_lam25_clip,2024Q2,2024-05-08,916.0002879355026,918.0705017735986,894.0,22.00028793550257,22.00028793550257,clipped_ceiling,,2778.198675496689,32.971014492753625,6,13,invmae_shrunk_lam0.25,829.2629805870394,1002.7375952839658,811.9155191173467,1020.0850567536585,5,split_conformal,86.73730734846322,104.08476881815587,819.0
adj_ebitda_musd,W1,0,full_sample,stack_lam25_clip,2024Q3,2024-08-06,1992.766750337144,1992.766750337144,1958.0,34.766750337144,34.766750337144,sentence_not_binding,,3793.112582781457,52.536451445790334,6,13,invmae_shrunk_lam0.25,1906.0294429886808,2079.504057685607,1891.5732250972703,2093.960275577018,6,split_conformal,86.73730734846322,101.19352523987375,1834.0
adj_ebitda_musd,W1,0,full_sample,stack_lam25_clip,2024Q4,2024-11-07,763.4149305927288,763.4149305927288,765.0,-1.5850694072712486,1.5850694072712486,sentence_not_binding,,2475.774834437086,30.83539423593444,6,13,invmae_shrunk_lam0.25,676.6776232442655,850.152237941192,664.2865793373422,862.5432818481153,7,split_conformal,86.73730734846322,99.12835125538653,738.0
adj_ebitda_musd,W1,0,full_sample,stack_lam25_clip,2025Q1,2025-02-13,397.82557558001344,397.82557558001344,417.0,-19.174424419986565,19.174424419986565,sentence_not_binding,,2306.6225165562914,17.24710362118347,6,13,invmae_shrunk_lam0.25,311.0882682315502,484.56288292847665,300.2461048129923,495.40504634703456,8,split_conformal,86.73730734846322,97.57947076702112,424.0
adj_ebitda_musd,W1,0,full_sample,stack_lam25_clip,2025Q2,2025-05-01,975.5853620721049,975.5853620721049,1043.0,-67.41463792789511,67.41463792789511,sentence_not_binding,,3096.0000000000005,31.511155105688136,6,13,invmae_shrunk_lam0.25,905.8682514684142,1045.3024726757956,888.8480547236417,1062.3226694205682,9,split_conformal,69.71711060369068,86.73730734846322,894.0
adj_ebitda_musd,W1,0,full_sample,stack_lam25_clip,2025Q3,2025-08-06,2097.3996561768495,2097.3996561768495,2051.0,46.399656176849476,46.399656176849476,sentence_not_binding,,4162.172185430464,50.391948308114756,6,13,invmae_shrunk_lam0.25,2027.6825455731587,2167.1167667805403,2010.6623488283863,2184.1369635253127,10,split_conformal,69.71711060369068,86.73730734846322,1958.0
adj_ebitda_musd,W1,0,full_sample,stack_lam25_clip,2025Q4,2025-11-06,801.8446463744917,801.8446463744917,786.0,15.844646374491731,15.844646374491731,sentence_not_binding,,2757.695364238411,29.076621615743118,6,13,invmae_shrunk_lam0.25,732.127535770801,871.5617569781824,715.1073390260285,888.581953722955,11,split_conformal,69.71711060369068,86.73730734846322,765.0
adj_ebitda_musd,W1,0,full_sample,stack_lam25_clip,2026Q1,2026-02-12,511.470363550801,511.470363550801,519.0,-7.5296364491990175,7.5296364491990175,sentence_not_binding,,2675.682119205298,19.115513008051657,6,13,invmae_shrunk_lam0.25,441.7532529471103,581.1874741544916,424.73305620233776,598.2076708992643,12,split_conformal,69.71711060369068,86.73730734846322,417.0
adj_ebitda_musd,W1,0,full_sample,stack_lam25_clip,2026Q2,2026-05-07,1268.7330764668473,1268.7330764668473,1261.0,7.733076466847251,7.733076466847251,sentence_not_binding,,3659.841059602649,34.6663435871883,6,13,invmae_shrunk_lam0.25,1199.0159658631565,1338.450187070538,1181.995769118384,1355.4703838153105,13,split_conformal,69.71711060369068,86.73730734846322,1043.0
adj_ebitda_musd,W1,1,PIT,stack,2023Q2,2023-02-14,938.8042280899093,938.8042280899093,819.0,119.80422808990932,119.80422808990932,clip_off,,2612.1462140992166,35.939957075245516,4,0,equal_insufficient_prior,844.9238052809184,1032.6846508989001,816.759678438221,1060.8487777415976,0,fallback,93.88042280899094,122.04454965168821,711.0
adj_ebitda_musd,W1,1,PIT,stack,2023Q3,2023-05-09,1796.6595190315657,1796.6595190315657,1834.0,-37.34048096843435,37.34048096843435,clip_off,,3474.5606361829027,51.70897005859559,4,0,equal_insufficient_prior,1616.993567128409,1976.3254709347223,1563.093781557462,2030.2252565056692,0,fallback,179.66595190315658,233.56573747410354,1457.0
adj_ebitda_musd,W1,1,PIT,stack,2023Q4,2023-08-03,646.1334584429806,646.1334584429806,738.0,-91.86654155701945,91.86654155701945,clip_off,,2245.51711026616,28.774372525996675,4,1,equal_insufficient_prior,581.5201125986825,710.7468042872786,562.1361088453931,730.130808040568,1,fallback,64.61334584429805,83.99734959758747,506.0
adj_ebitda_musd,W1,1,PIT,stack,2024Q1,2023-11-01,333.82981804326414,333.82981804326414,424.0,-90.17018195673586,90.17018195673586,clip_off,,2141.3821081830797,15.589455836376262,4,2,equal_insufficient_prior,300.44683623893775,367.21279984759053,290.4319416976398,377.2276943888885,2,fallback,33.38298180432641,43.39787634562434,262.0
adj_ebitda_musd,W1,1,PIT,stack,2024Q2,2024-02-13,1012.3635687682455,1012.3635687682455,894.0,118.3635687682455,118.3635687682455,clip_off,,2896.6940063091483,34.948930282703856,4,3,equal_insufficient_prior,911.127211891421,1113.59992564507,880.7563048283736,1143.9708327081175,3,fallback,101.23635687682456,131.60726393987193,819.0
adj_ebitda_musd,W1,1,PIT,stack,2024Q3,2024-05-08,2151.15460207259,2151.15460207259,1958.0,193.15460207259002,193.15460207259002,clip_off,,4002.4059405940593,53.74653730783999,4,4,invmae_shrunk_lam0.5,2031.3503739826806,2270.9588301624995,2001.3993169602034,2300.9098871849765,4,split_conformal,119.80422808990932,149.75528511238664,1834.0
adj_ebitda_musd,W1,1,PIT,stack,2024Q4,2024-08-06,766.3005132615477,766.3005132615477,765.0,1.300513261547735,1.300513261547735,clip_off,,2453.7294685990337,31.230032612318503,4,5,invmae_shrunk_lam0.5,646.4962851716384,886.104741351457,622.5354395536565,910.065586969439,5,split_conformal,119.80422808990932,143.7650737078912,738.0
adj_ebitda_musd,W1,1,PIT,stack,2025Q1,2024-11-07,437.30818456950544,437.30818456950544,417.0,20.308184569505443,20.308184569505443,clip_off,,2353.2363850456286,18.58326631988678,4,6,invmae_shrunk_lam0.5,244.15358249691542,630.4627866420955,211.9611488181504,662.6552203208605,6,split_conformal,193.15460207259002,225.34703575135504,424.0
adj_ebitda_musd,W1,1,PIT,stack,2025Q2,2025-02-13,980.8136889391088,980.8136889391088,1043.0,-62.18631106089117,62.18631106089117,clip_off,,3072.605951307484,31.921232480909048,4,7,invmae_shrunk_lam0.5,787.6590868665188,1173.968291011699,760.0655722847202,1201.5618055934974,7,split_conformal,193.15460207259002,220.7481166543886,894.0
adj_ebitda_musd,W1,1,PIT,stack,2025Q3,2025-05-01,1997.3881002107435,1997.3881002107435,2051.0,-53.61189978925654,53.61189978925654,clip_off,,3958.498599439776,50.45822424930054,4,8,invmae_shrunk_lam0.5,1804.2334981381534,2190.5427022833337,1780.0891728790798,2214.687027542407,8,split_conformal,193.15460207259002,217.29892733166378,1958.0
adj_ebitda_musd,W1,1,PIT,stack,2025Q4,2025-08-06,849.496430093439,849.496430093439,786.0,63.49643009343902,63.49643009343902,clip_off,,2794.061135371179,30.403645050543503,4,9,invmae_shrunk_lam0.5,729.6922020035297,969.3006581833483,656.341828020849,1042.651032166029,9,split_conformal,119.80422808990932,193.15460207259002,765.0
adj_ebitda_musd,W1,1,PIT,stack,2026Q1,2025-11-06,437.5818851734044,437.5818851734044,519.0,-81.41811482659563,81.41811482659563,clip_off,,2492.990353697749,17.552490105882573,4,10,invmae_shrunk_lam0.5,317.77765708349506,557.3861132633137,244.42728310081435,630.7364872459943,10,split_conformal,119.80422808990932,193.15460207259002,417.0
adj_ebitda_musd,W1,1,PIT,stack,2026Q2,2026-02-12,1176.1787294794542,1176.1787294794542,1261.0,-84.8212705205458,84.8212705205458,clip_off,,3468.0193548387097,33.91499899902248,4,11,invmae_shrunk_lam0.5,1056.374501389545,1295.9829575693634,983.0241274068642,1369.3333315520442,11,split_conformal,119.80422808990932,193.15460207259002,1043.0
adj_ebitda_musd,W1,1,PIT,stack_clip,2023Q2,2023-02-14,938.8042280899093,938.8042280899093,819.0,119.80422808990932,119.80422808990932,no_sentence,,2612.1462140992166,35.939957075245516,4,0,equal_insufficient_prior,844.9238052809184,1032.6846508989001,816.759678438221,1060.8487777415976,0,fallback,93.88042280899094,122.04454965168821,711.0
adj_ebitda_musd,W1,1,PIT,stack_clip,2023Q3,2023-05-09,1796.6595190315657,1796.6595190315657,1834.0,-37.34048096843435,37.34048096843435,no_sentence,,3474.5606361829027,51.70897005859559,4,0,equal_insufficient_prior,1616.993567128409,1976.3254709347223,1563.093781557462,2030.2252565056692,0,fallback,179.66595190315658,233.56573747410354,1457.0
adj_ebitda_musd,W1,1,PIT,stack_clip,2023Q4,2023-08-03,646.1334584429806,646.1334584429806,738.0,-91.86654155701945,91.86654155701945,no_sentence,,2245.51711026616,28.774372525996675,4,1,equal_insufficient_prior,581.5201125986825,710.7468042872786,562.1361088453931,730.130808040568,1,fallback,64.61334584429805,83.99734959758747,506.0
adj_ebitda_musd,W1,1,PIT,stack_clip,2024Q1,2023-11-01,333.82981804326414,333.82981804326414,424.0,-90.17018195673586,90.17018195673586,no_sentence,,2141.3821081830797,15.589455836376262,4,2,equal_insufficient_prior,300.44683623893775,367.21279984759053,290.4319416976398,377.2276943888885,2,fallback,33.38298180432641,43.39787634562434,262.0
adj_ebitda_musd,W1,1,PIT,stack_clip,2024Q2,2024-02-13,1012.3635687682455,1012.3635687682455,894.0,118.3635687682455,118.3635687682455,no_sentence,,2896.6940063091483,34.948930282703856,4,3,equal_insufficient_prior,911.127211891421,1113.59992564507,880.7563048283736,1143.9708327081175,3,fallback,101.23635687682456,131.60726393987193,819.0
adj_ebitda_musd,W1,1,PIT,stack_clip,2024Q3,2024-05-08,2151.15460207259,2151.15460207259,1958.0,193.15460207259002,193.15460207259002,no_sentence,,4002.4059405940593,53.74653730783999,4,4,invmae_shrunk_lam0.5,2031.3503739826806,2270.9588301624995,2001.3993169602034,2300.9098871849765,4,split_conformal,119.80422808990932,149.75528511238664,1834.0
adj_ebitda_musd,W1,1,PIT,stack_clip,2024Q4,2024-08-06,766.3005132615477,766.3005132615477,765.0,1.300513261547735,1.300513261547735,no_sentence,,2453.7294685990337,31.230032612318503,4,5,invmae_shrunk_lam0.5,646.4962851716384,886.104741351457,622.5354395536565,910.065586969439,5,split_conformal,119.80422808990932,143.7650737078912,738.0
adj_ebitda_musd,W1,1,PIT,stack_clip,2025Q1,2024-11-07,437.30818456950544,437.30818456950544,417.0,20.308184569505443,20.308184569505443,no_sentence,,2353.2363850456286,18.58326631988678,4,6,invmae_shrunk_lam0.5,244.15358249691542,630.4627866420955,211.9611488181504,662.6552203208605,6,split_conformal,193.15460207259002,225.34703575135504,424.0
adj_ebitda_musd,W1,1,PIT,stack_clip,2025Q2,2025-02-13,980.8136889391088,980.8136889391088,1043.0,-62.18631106089117,62.18631106089117,no_sentence,,3072.605951307484,31.921232480909048,4,7,invmae_shrunk_lam0.5,787.6590868665188,1173.968291011699,760.0655722847202,1201.5618055934974,7,split_conformal,193.15460207259002,220.7481166543886,894.0
adj_ebitda_musd,W1,1,PIT,stack_clip,2025Q3,2025-05-01,1997.3881002107435,1997.3881002107435,2051.0,-53.61189978925654,53.61189978925654,no_sentence,,3958.498599439776,50.45822424930054,4,8,invmae_shrunk_lam0.5,1804.2334981381534,2190.5427022833337,1780.0891728790798,2214.687027542407,8,split_conformal,193.15460207259002,217.29892733166378,1958.0
adj_ebitda_musd,W1,1,PIT,stack_clip,2025Q4,2025-08-06,849.496430093439,849.496430093439,786.0,63.49643009343902,63.49643009343902,sentence_not_binding,,2794.061135371179,30.403645050543503,4,9,invmae_shrunk_lam0.5,729.6922020035297,969.3006581833483,656.341828020849,1042.651032166029,9,split_conformal,119.80422808990932,193.15460207259002,765.0
adj_ebitda_musd,W1,1,PIT,stack_clip,2026Q1,2025-11-06,437.5818851734044,437.5818851734044,519.0,-81.41811482659563,81.41811482659563,no_sentence,,2492.990353697749,17.552490105882573,4,10,invmae_shrunk_lam0.5,317.77765708349506,557.3861132633137,244.42728310081435,630.7364872459943,10,split_conformal,119.80422808990932,193.15460207259002,417.0
adj_ebitda_musd,W1,1,PIT,stack_clip,2026Q2,2026-02-12,1176.1787294794542,1176.1787294794542,1261.0,-84.8212705205458,84.8212705205458,no_sentence,,3468.0193548387097,33.91499899902248,4,11,invmae_shrunk_lam0.5,1056.374501389545,1295.9829575693634,983.0241274068642,1369.3333315520442,11,split_conformal,119.80422808990932,193.15460207259002,1043.0
adj_ebitda_musd,W1,1,PIT,stack_ew_clip,2023Q2,2023-02-14,938.8042280899093,938.8042280899093,819.0,119.80422808990932,119.80422808990932,no_sentence,,2612.1462140992166,35.939957075245516,4,0,equal_insufficient_prior,844.9238052809184,1032.6846508989001,816.759678438221,1060.8487777415976,0,fallback,93.88042280899094,122.04454965168821,711.0
adj_ebitda_musd,W1,1,PIT,stack_ew_clip,2023Q3,2023-05-09,1796.6595190315657,1796.6595190315657,1834.0,-37.34048096843435,37.34048096843435,no_sentence,,3474.5606361829027,51.70897005859559,4,0,equal_insufficient_prior,1616.993567128409,1976.3254709347223,1563.093781557462,2030.2252565056692,0,fallback,179.66595190315658,233.56573747410354,1457.0
adj_ebitda_musd,W1,1,PIT,stack_ew_clip,2023Q4,2023-08-03,646.1334584429806,646.1334584429806,738.0,-91.86654155701945,91.86654155701945,no_sentence,,2245.51711026616,28.774372525996675,4,1,equal_insufficient_prior,581.5201125986825,710.7468042872786,562.1361088453931,730.130808040568,1,fallback,64.61334584429805,83.99734959758747,506.0
adj_ebitda_musd,W1,1,PIT,stack_ew_clip,2024Q1,2023-11-01,333.82981804326414,333.82981804326414,424.0,-90.17018195673586,90.17018195673586,no_sentence,,2141.3821081830797,15.589455836376262,4,2,equal_insufficient_prior,300.44683623893775,367.21279984759053,290.4319416976398,377.2276943888885,2,fallback,33.38298180432641,43.39787634562434,262.0
adj_ebitda_musd,W1,1,PIT,stack_ew_clip,2024Q2,2024-02-13,1012.3635687682455,1012.3635687682455,894.0,118.3635687682455,118.3635687682455,no_sentence,,2896.6940063091483,34.948930282703856,4,3,equal_insufficient_prior,911.127211891421,1113.59992564507,880.7563048283736,1143.9708327081175,3,fallback,101.23635687682456,131.60726393987193,819.0
adj_ebitda_musd,W1,1,PIT,stack_ew_clip,2024Q3,2024-05-08,2151.4778001367736,2151.4778001367736,1958.0,193.47780013677357,193.47780013677357,no_sentence,,4002.4059405940593,53.75461240239513,4,4,invmae_shrunk_lam1.0,2031.6735720468641,2271.282028226683,2001.722515024387,2301.23308524916,4,split_conformal,119.80422808990932,149.75528511238664,1834.0
adj_ebitda_musd,W1,1,PIT,stack_ew_clip,2024Q4,2024-08-06,767.3043355805144,767.3043355805144,765.0,2.304335580514362,2.304335580514362,no_sentence,,2453.7294685990337,31.270942677254872,4,5,invmae_shrunk_lam1.0,647.500107490605,887.1085636704237,623.5392618726232,911.0694092884055,5,split_conformal,119.80422808990932,143.7650737078912,738.0
adj_ebitda_musd,W1,1,PIT,stack_ew_clip,2025Q1,2024-11-07,436.5211317656315,436.5211317656315,417.0,19.52113176563148,19.52113176563148,no_sentence,,2353.2363850456286,18.54982077192247,4,6,invmae_shrunk_lam1.0,243.0433316288579,629.998931902405,210.79703160606232,662.2452319252006,6,split_conformal,193.47780013677357,225.72410015956916,424.0
adj_ebitda_musd,W1,1,PIT,stack_ew_clip,2025Q2,2025-02-13,979.7164594249145,979.7164594249145,1043.0,-63.28354057508545,63.28354057508545,no_sentence,,3072.605951307484,31.885522418129028,4,7,invmae_shrunk_lam1.0,786.238659288141,1173.194259561688,758.5989735543162,1200.8339452955129,7,split_conformal,193.47780013677357,221.11748587059836,894.0
adj_ebitda_musd,W1,1,PIT,stack_ew_clip,2025Q3,2025-05-01,1998.2356826985576,1998.2356826985576,2051.0,-52.76431730144236,52.76431730144236,no_sentence,,3958.498599439776,50.47963596554908,4,8,invmae_shrunk_lam1.0,1804.757882561784,2191.713482835331,1780.5731575446873,2215.8982078524277,8,split_conformal,193.47780013677357,217.66252515387026,1958.0
adj_ebitda_musd,W1,1,PIT,stack_ew_clip,2025Q4,2025-08-06,849.018377381282,849.018377381282,786.0,63.018377381281994,63.018377381281994,sentence_not_binding,,2794.061135371179,30.386535449536385,4,9,invmae_shrunk_lam1.0,729.2141492913727,968.8226054711913,655.5405772445084,1042.4961775180554,9,split_conformal,119.80422808990932,193.47780013677357,765.0
adj_ebitda_musd,W1,1,PIT,stack_ew_clip,2026Q1,2025-11-06,434.5304268959468,434.5304268959468,519.0,-84.46957310405321,84.46957310405321,no_sentence,,2492.990353697749,17.430088578217955,4,10,invmae_shrunk_lam1.0,314.7261988060375,554.3346549858561,241.05262675917322,628.0082270327204,10,split_conformal,119.80422808990932,193.47780013677357,417.0
adj_ebitda_musd,W1,1,PIT,stack_ew_clip,2026Q2,2026-02-12,1174.002889410763,1174.002889410763,1261.0,-86.99711058923708,86.99711058923708,no_sentence,,3468.0193548387097,33.852258862764145,4,11,invmae_shrunk_lam1.0,1054.1986613208537,1293.8071175006721,980.5250892739894,1367.4806895475365,11,split_conformal,119.80422808990932,193.47780013677357,1043.0
adj_ebitda_musd,W1,1,PIT,stack_lam25_clip,2023Q2,2023-02-14,938.8042280899093,938.8042280899093,819.0,119.80422808990932,119.80422808990932,no_sentence,,2612.1462140992166,35.939957075245516,4,0,equal_insufficient_prior,844.9238052809184,1032.6846508989001,816.759678438221,1060.8487777415976,0,fallback,93.88042280899094,122.04454965168821,711.0
adj_ebitda_musd,W1,1,PIT,stack_lam25_clip,2023Q3,2023-05-09,1796.6595190315657,1796.6595190315657,1834.0,-37.34048096843435,37.34048096843435,no_sentence,,3474.5606361829027,51.70897005859559,4,0,equal_insufficient_prior,1616.993567128409,1976.3254709347223,1563.093781557462,2030.2252565056692,0,fallback,179.66595190315658,233.56573747410354,1457.0
adj_ebitda_musd,W1,1,PIT,stack_lam25_clip,2023Q4,2023-08-03,646.1334584429806,646.1334584429806,738.0,-91.86654155701945,91.86654155701945,no_sentence,,2245.51711026616,28.774372525996675,4,1,equal_insufficient_prior,581.5201125986825,710.7468042872786,562.1361088453931,730.130808040568,1,fallback,64.61334584429805,83.99734959758747,506.0
adj_ebitda_musd,W1,1,PIT,stack_lam25_clip,2024Q1,2023-11-01,333.82981804326414,333.82981804326414,424.0,-90.17018195673586,90.17018195673586,no_sentence,,2141.3821081830797,15.589455836376262,4,2,equal_insufficient_prior,300.44683623893775,367.21279984759053,290.4319416976398,377.2276943888885,2,fallback,33.38298180432641,43.39787634562434,262.0
adj_ebitda_musd,W1,1,PIT,stack_lam25_clip,2024Q2,2024-02-13,1012.3635687682455,1012.3635687682455,894.0,118.3635687682455,118.3635687682455,no_sentence,,2896.6940063091483,34.948930282703856,4,3,equal_insufficient_prior,911.127211891421,1113.59992564507,880.7563048283736,1143.9708327081175,3,fallback,101.23635687682456,131.60726393987193,819.0
adj_ebitda_musd,W1,1,PIT,stack_lam25_clip,2024Q3,2024-05-08,2150.9930030404985,2150.9930030404985,1958.0,192.99300304049848,192.99300304049848,no_sentence,,4002.4059405940593,53.742499760562424,4,4,invmae_shrunk_lam0.25,2031.188774950589,2270.797231130408,2001.2377179281118,2300.748288152885,4,split_conformal,119.80422808990932,149.75528511238664,1834.0
adj_ebitda_musd,W1,1,PIT,stack_lam25_clip,2024Q4,2024-08-06,765.7986021020644,765.7986021020644,765.0,0.7986021020643648,0.7986021020643648,no_sentence,,2453.7294685990337,31.209577579850315,4,5,invmae_shrunk_lam0.25,645.994374012155,885.6028301919737,622.0335283941731,909.5636758099556,5,split_conformal,119.80422808990932,143.7650737078912,738.0
adj_ebitda_musd,W1,1,PIT,stack_lam25_clip,2025Q1,2024-11-07,437.70171097144254,437.70171097144254,417.0,20.701710971442537,20.701710971442537,no_sentence,,2353.2363850456286,18.59998909386894,4,6,invmae_shrunk_lam0.25,244.70870793094406,630.694714011941,212.54320742419432,662.8602145186908,6,split_conformal,192.99300304049848,225.15850354724822,424.0
adj_ebitda_musd,W1,1,PIT,stack_lam25_clip,2025Q2,2025-02-13,981.3623036962066,981.3623036962066,1043.0,-61.637696303793405,61.637696303793405,no_sentence,,3072.605951307484,31.939087512299068,4,7,invmae_shrunk_lam0.25,788.3693006557081,1174.3553067367052,760.7988716499226,1201.9257357424906,7,split_conformal,192.99300304049848,220.56343204628396,894.0
adj_ebitda_musd,W1,1,PIT,stack_lam25_clip,2025Q3,2025-05-01,1996.9643089668361,1996.9643089668361,2051.0,-54.03569103316386,54.03569103316386,no_sentence,,3958.498599439776,50.447518391176274,4,8,invmae_shrunk_lam0.25,1803.9713059263377,2189.9573120073346,1779.8471805462755,2214.081437387397,8,split_conformal,192.99300304049848,217.1171284205608,1958.0
adj_ebitda_musd,W1,1,PIT,stack_lam25_clip,2025Q4,2025-08-06,849.7354564495175,849.7354564495175,786.0,63.73545644951753,63.73545644951753,sentence_not_binding,,2794.061135371179,30.412199851047063,4,9,invmae_shrunk_lam0.25,729.9312283596082,969.5396845394268,656.742453409019,1042.7284594900161,9,split_conformal,119.80422808990932,192.99300304049848,765.0
adj_ebitda_musd,W1,1,PIT,stack_lam25_clip,2026Q1,2025-11-06,439.1076143121331,439.1076143121331,519.0,-79.89238568786692,79.89238568786692,no_sentence,,2492.990353697749,17.61369086971488,4,10,invmae_shrunk_lam0.25,319.30338622222376,558.9118424020423,246.1146112716346,632.1006173526316,10,split_conformal,119.80422808990932,192.99300304049848,417.0
adj_ebitda_musd,W1,1,PIT,stack_lam25_clip,2026Q2,2026-02-12,1177.2666495137998,1177.2666495137998,1261.0,-83.73335048620015,83.73335048620015,no_sentence,,3468.0193548387097,33.94636906715165,4,11,invmae_shrunk_lam0.25,1057.4624214238906,1297.070877603709,984.2736464733014,1370.2596525542983,11,split_conformal,119.80422808990932,192.99300304049848,1043.0
adj_ebitda_musd,W1,1,full_sample,stack,2023Q2,2023-02-14,949.0269969313365,949.0269969313365,819.0,130.0269969313365,130.0269969313365,clip_off,,2612.1462140992166,36.33131222934253,4,12,invmae_shrunk_lam0.5,854.1242972382029,1043.9296966244701,825.6534873302628,1072.4005065324102,0,fallback,94.90269969313366,123.37350960107375,711.0
adj_ebitda_musd,W1,1,full_sample,stack,2023Q3,2023-05-09,1805.608261948768,1805.608261948768,1834.0,-28.391738051232096,28.391738051232096,clip_off,,3474.5606361829027,51.96652040392597,4,12,invmae_shrunk_lam0.5,1625.047435753891,1986.1690881436448,1570.879187895428,2040.3373360021078,0,fallback,180.5608261948768,234.72907405333984,1457.0
adj_ebitda_musd,W1,1,full_sample,stack,2023Q4,2023-08-03,660.4858003740209,660.4858003740209,738.0,-77.51419962597913,77.51419962597913,clip_off,,2245.51711026616,29.413527839729255,4,12,invmae_shrunk_lam0.5,594.4372203366188,726.534380411423,574.6226463253981,746.3489544226436,1,fallback,66.04858003740209,85.86315404862272,506.0
adj_ebitda_musd,W1,1,full_sample,stack,2024Q1,2023-11-01,339.0755798794069,339.0755798794069,424.0,-84.92442012059308,84.92442012059308,clip_off,,2141.3821081830797,15.834426680958208,4,12,invmae_shrunk_lam0.5,305.1680218914662,372.98313786734764,294.99575449508404,383.1554052637298,2,fallback,33.90755798794069,44.0798253843229,262.0
adj_ebitda_musd,W1,1,full_sample,stack,2024Q2,2024-02-13,1008.3134398819009,1008.3134398819009,894.0,114.31343988190088,114.31343988190088,clip_off,,2896.6940063091483,34.80911127256598,4,12,invmae_shrunk_lam0.5,907.4820958937107,1109.144783870091,877.2326926972537,1139.394187066548,3,fallback,100.8313439881901,131.08074718464712,819.0
adj_ebitda_musd,W1,1,full_sample,stack,2024Q3,2024-05-08,2142.5321141992413,2142.5321141992413,1958.0,184.53211419924128,184.53211419924128,clip_off,,4002.4059405940593,53.531104690526085,4,12,invmae_shrunk_lam0.5,2012.5051172679048,2272.5591111305775,1979.9983680350706,2305.065860363412,4,split_conformal,130.0269969313365,162.53374616417062,1834.0
adj_ebitda_musd,W1,1,full_sample,stack,2024Q4,2024-08-06,761.515470293545,761.515470293545,765.0,-3.484529706454964,3.484529706454964,clip_off,,2453.7294685990337,31.03502158811074,4,12,invmae_shrunk_lam0.5,631.4884733622085,891.5424672248815,605.4830739759412,917.5478666111488,5,split_conformal,130.0269969313365,156.0323963176038,738.0
adj_ebitda_musd,W1,1,full_sample,stack,2025Q1,2024-11-07,432.08856352613526,432.08856352613526,417.0,15.08856352613526,15.08856352613526,clip_off,,2353.2363850456286,18.3614602541409,4,12,invmae_shrunk_lam0.5,247.55644932689398,616.6206777253765,216.80109696035376,647.3760300919167,6,split_conformal,184.53211419924128,215.2874665657815,424.0
adj_ebitda_musd,W1,1,full_sample,stack,2025Q2,2025-02-13,978.892272639151,978.892272639151,1043.0,-64.10772736084903,64.10772736084903,clip_off,,3072.605951307484,31.85869871216658,4,12,invmae_shrunk_lam0.5,794.3601584399097,1163.4243868383924,767.998427840018,1189.7861174382838,7,split_conformal,184.53211419924128,210.8938447991329,894.0
adj_ebitda_musd,W1,1,full_sample,stack,2025Q3,2025-05-01,1994.0631587851558,1994.0631587851558,2051.0,-56.93684121484421,56.93684121484421,clip_off,,3958.498599439776,50.37422923598771,4,12,invmae_shrunk_lam0.5,1809.5310445859145,2178.595272984397,1786.4645303110094,2201.6617872593024,8,split_conformal,184.53211419924128,207.59862847414644,1958.0
adj_ebitda_musd,W1,1,full_sample,stack,2025Q4,2025-08-06,845.6184584570755,845.6184584570755,786.0,59.61845845707546,59.61845845707546,clip_off,,2794.061135371179,30.26485167958713,4,12,invmae_shrunk_lam0.5,715.591461525739,975.645455388412,661.0863442578342,1030.1505726563169,9,split_conformal,130.0269969313365,184.53211419924128,765.0
adj_ebitda_musd,W1,1,full_sample,stack,2026Q1,2025-11-06,434.4575667276358,434.4575667276358,519.0,-84.54243327236418,84.54243327236418,clip_off,,2492.990353697749,17.42716597692498,4,12,invmae_shrunk_lam0.5,304.4305697962993,564.4845636589723,249.92545252839454,618.9896809268771,10,split_conformal,130.0269969313365,184.53211419924128,417.0
adj_ebitda_musd,W1,1,full_sample,stack,2026Q2,2026-02-12,1175.6842502566437,1175.6842502566437,1261.0,-85.31574974335626,85.31574974335626,clip_off,,3468.0193548387097,33.90074073883946,4,12,invmae_shrunk_lam0.5,1045.6572533253072,1305.7112471879802,991.1521360574025,1360.216364455885,11,split_conformal,130.0269969313365,184.53211419924128,1043.0
adj_ebitda_musd,W1,1,full_sample,stack_clip,2023Q2,2023-02-14,949.0269969313365,949.0269969313365,819.0,130.0269969313365,130.0269969313365,no_sentence,,2612.1462140992166,36.33131222934253,4,12,invmae_shrunk_lam0.5,854.1242972382029,1043.9296966244701,825.6534873302628,1072.4005065324102,0,fallback,94.90269969313366,123.37350960107375,711.0
adj_ebitda_musd,W1,1,full_sample,stack_clip,2023Q3,2023-05-09,1805.608261948768,1805.608261948768,1834.0,-28.391738051232096,28.391738051232096,no_sentence,,3474.5606361829027,51.96652040392597,4,12,invmae_shrunk_lam0.5,1625.047435753891,1986.1690881436448,1570.879187895428,2040.3373360021078,0,fallback,180.5608261948768,234.72907405333984,1457.0
adj_ebitda_musd,W1,1,full_sample,stack_clip,2023Q4,2023-08-03,660.4858003740209,660.4858003740209,738.0,-77.51419962597913,77.51419962597913,no_sentence,,2245.51711026616,29.413527839729255,4,12,invmae_shrunk_lam0.5,594.4372203366188,726.534380411423,574.6226463253981,746.3489544226436,1,fallback,66.04858003740209,85.86315404862272,506.0
adj_ebitda_musd,W1,1,full_sample,stack_clip,2024Q1,2023-11-01,339.0755798794069,339.0755798794069,424.0,-84.92442012059308,84.92442012059308,no_sentence,,2141.3821081830797,15.834426680958208,4,12,invmae_shrunk_lam0.5,305.1680218914662,372.98313786734764,294.99575449508404,383.1554052637298,2,fallback,33.90755798794069,44.0798253843229,262.0
adj_ebitda_musd,W1,1,full_sample,stack_clip,2024Q2,2024-02-13,1008.3134398819009,1008.3134398819009,894.0,114.31343988190088,114.31343988190088,no_sentence,,2896.6940063091483,34.80911127256598,4,12,invmae_shrunk_lam0.5,907.4820958937107,1109.144783870091,877.2326926972537,1139.394187066548,3,fallback,100.8313439881901,131.08074718464712,819.0
adj_ebitda_musd,W1,1,full_sample,stack_clip,2024Q3,2024-05-08,2142.5321141992413,2142.5321141992413,1958.0,184.53211419924128,184.53211419924128,no_sentence,,4002.4059405940593,53.531104690526085,4,12,invmae_shrunk_lam0.5,2012.5051172679048,2272.5591111305775,1979.9983680350706,2305.065860363412,4,split_conformal,130.0269969313365,162.53374616417062,1834.0
adj_ebitda_musd,W1,1,full_sample,stack_clip,2024Q4,2024-08-06,761.515470293545,761.515470293545,765.0,-3.484529706454964,3.484529706454964,no_sentence,,2453.7294685990337,31.03502158811074,4,12,invmae_shrunk_lam0.5,631.4884733622085,891.5424672248815,605.4830739759412,917.5478666111488,5,split_conformal,130.0269969313365,156.0323963176038,738.0
adj_ebitda_musd,W1,1,full_sample,stack_clip,2025Q1,2024-11-07,432.08856352613526,432.08856352613526,417.0,15.08856352613526,15.08856352613526,no_sentence,,2353.2363850456286,18.3614602541409,4,12,invmae_shrunk_lam0.5,247.55644932689398,616.6206777253765,216.80109696035376,647.3760300919167,6,split_conformal,184.53211419924128,215.2874665657815,424.0
adj_ebitda_musd,W1,1,full_sample,stack_clip,2025Q2,2025-02-13,978.892272639151,978.892272639151,1043.0,-64.10772736084903,64.10772736084903,no_sentence,,3072.605951307484,31.85869871216658,4,12,invmae_shrunk_lam0.5,794.3601584399097,1163.4243868383924,767.998427840018,1189.7861174382838,7,split_conformal,184.53211419924128,210.8938447991329,894.0
adj_ebitda_musd,W1,1,full_sample,stack_clip,2025Q3,2025-05-01,1994.0631587851558,1994.0631587851558,2051.0,-56.93684121484421,56.93684121484421,no_sentence,,3958.498599439776,50.37422923598771,4,12,invmae_shrunk_lam0.5,1809.5310445859145,2178.595272984397,1786.4645303110094,2201.6617872593024,8,split_conformal,184.53211419924128,207.59862847414644,1958.0
adj_ebitda_musd,W1,1,full_sample,stack_clip,2025Q4,2025-08-06,845.6184584570755,845.6184584570755,786.0,59.61845845707546,59.61845845707546,sentence_not_binding,,2794.061135371179,30.26485167958713,4,12,invmae_shrunk_lam0.5,715.591461525739,975.645455388412,661.0863442578342,1030.1505726563169,9,split_conformal,130.0269969313365,184.53211419924128,765.0
adj_ebitda_musd,W1,1,full_sample,stack_clip,2026Q1,2025-11-06,434.4575667276358,434.4575667276358,519.0,-84.54243327236418,84.54243327236418,no_sentence,,2492.990353697749,17.42716597692498,4,12,invmae_shrunk_lam0.5,304.4305697962993,564.4845636589723,249.92545252839454,618.9896809268771,10,split_conformal,130.0269969313365,184.53211419924128,417.0
adj_ebitda_musd,W1,1,full_sample,stack_clip,2026Q2,2026-02-12,1175.6842502566437,1175.6842502566437,1261.0,-85.31574974335626,85.31574974335626,no_sentence,,3468.0193548387097,33.90074073883946,4,12,invmae_shrunk_lam0.5,1045.6572533253072,1305.7112471879802,991.1521360574025,1360.216364455885,11,split_conformal,130.0269969313365,184.53211419924128,1043.0
adj_ebitda_musd,W1,1,full_sample,stack_ew_clip,2023Q2,2023-02-14,947.0282567860486,947.0282567860486,819.0,128.0282567860486,128.0282567860486,no_sentence,,2612.1462140992166,36.254795067535134,4,12,invmae_shrunk_lam1.0,852.3254311074437,1041.7310824646534,823.9145834038623,1070.141930168235,0,fallback,94.70282567860487,123.11367338218632,711.0
adj_ebitda_musd,W1,1,full_sample,stack_ew_clip,2023Q3,2023-05-09,1806.8871284784436,1806.8871284784436,1834.0,-27.11287152155637,27.11287152155637,no_sentence,,3474.5606361829027,52.00332697211068,4,12,invmae_shrunk_lam1.0,1626.1984156305994,1987.575841326288,1571.991801776246,2041.7824551806414,0,fallback,180.68871284784439,234.89532670219768,1457.0
adj_ebitda_musd,W1,1,full_sample,stack_ew_clip,2023Q4,2023-08-03,660.6016523682931,660.6016523682931,738.0,-77.39834763170688,77.39834763170688,no_sentence,,2245.51711026616,29.418687096532178,4,12,invmae_shrunk_lam1.0,594.5414871314638,726.6618176051225,574.723437560415,746.4798671761712,1,fallback,66.06016523682932,85.87821480787811,506.0
adj_ebitda_musd,W1,1,full_sample,stack_ew_clip,2024Q1,2023-11-01,339.7608147877188,339.7608147877188,424.0,-84.2391852122812,84.2391852122812,no_sentence,,2141.3821081830797,15.866426336960439,4,12,invmae_shrunk_lam1.0,305.7847333089469,373.7368962664907,295.59190886531536,383.92972071012224,2,fallback,33.97608147877188,44.16890592240345,262.0
adj_ebitda_musd,W1,1,full_sample,stack_ew_clip,2024Q2,2024-02-13,1004.1732445715396,1004.1732445715396,894.0,110.17324457153961,110.17324457153961,no_sentence,,2896.6940063091483,34.666182979092675,4,12,invmae_shrunk_lam1.0,903.7559201143856,1104.5905690286936,873.6307227772395,1134.7157663658397,3,fallback,100.41732445715397,130.54252179430014,819.0
adj_ebitda_musd,W1,1,full_sample,stack_ew_clip,2024Q3,2024-05-08,2143.561384672047,2143.561384672047,1958.0,185.5613846720471,185.5613846720471,no_sentence,,4002.4059405940593,53.55682098437741,4,12,invmae_shrunk_lam1.0,2015.5331278859985,2271.5896414580957,1983.5260636894864,2303.596705654608,4,split_conformal,128.0282567860486,160.03532098256073,1834.0
adj_ebitda_musd,W1,1,full_sample,stack_ew_clip,2024Q4,2024-08-06,761.6106434099593,761.6106434099593,765.0,-3.389356590040734,3.389356590040734,no_sentence,,2453.7294685990337,31.03890030080634,4,12,invmae_shrunk_lam1.0,633.5823866239107,889.6389001960079,607.976735266701,915.2445515532175,5,split_conformal,128.0282567860486,153.6339081432583,738.0
adj_ebitda_musd,W1,1,full_sample,stack_ew_clip,2025Q1,2024-11-07,430.5001486070734,430.5001486070734,417.0,13.500148607073413,13.500148607073413,no_sentence,,2353.2363850456286,18.293961088772054,4,12,invmae_shrunk_lam1.0,244.93876393502632,616.0615332791206,214.01186648968513,646.9884307244618,6,split_conformal,185.5613846720471,216.48828211738828,424.0
adj_ebitda_musd,W1,1,full_sample,stack_ew_clip,2025Q2,2025-02-13,977.8340326524295,977.8340326524295,1043.0,-65.16596734757047,65.16596734757047,no_sentence,,3072.605951307484,31.824257589435852,4,12,invmae_shrunk_lam1.0,792.2726479803824,1163.3954173244765,765.7638787415185,1189.9041865633405,7,split_conformal,185.5613846720471,212.07015391091096,894.0
adj_ebitda_musd,W1,1,full_sample,stack_ew_clip,2025Q3,2025-05-01,1994.326301474075,1994.326301474075,2051.0,-56.67369852592492,56.67369852592492,no_sentence,,3958.498599439776,50.380876773742465,4,12,invmae_shrunk_lam1.0,1808.764916802028,2179.887686146122,1785.569743718022,2203.082859230128,8,split_conformal,185.5613846720471,208.75655775605298,1958.0
adj_ebitda_musd,W1,1,full_sample,stack_ew_clip,2025Q4,2025-08-06,843.5474452532517,843.5474452532517,786.0,57.54744525325168,57.54744525325168,sentence_not_binding,,2794.061135371179,30.19072970789489,4,12,invmae_shrunk_lam1.0,715.5191884672031,971.5757020393003,657.9860605812046,1029.1088299252988,9,split_conformal,128.0282567860486,185.5613846720471,765.0
adj_ebitda_musd,W1,1,full_sample,stack_ew_clip,2026Q1,2025-11-06,432.2684412327883,432.2684412327883,519.0,-86.73155876721171,86.73155876721171,no_sentence,,2492.990353697749,17.339354746865446,4,12,invmae_shrunk_lam1.0,304.2401844467397,560.2966980188369,246.7070565607412,617.8298259048354,10,split_conformal,128.0282567860486,185.5613846720471,417.0
adj_ebitda_musd,W1,1,full_sample,stack_ew_clip,2026Q2,2026-02-12,1173.9550351764003,1173.9550351764003,1261.0,-87.04496482359968,87.04496482359968,no_sentence,,3468.0193548387097,33.8508789905816,4,12,invmae_shrunk_lam1.0,1045.9267783903517,1301.983291962449,988.3936505043532,1359.5164198484474,11,split_conformal,128.0282567860486,185.5613846720471,1043.0
adj_ebitda_musd,W1,1,full_sample,stack_lam25_clip,2023Q2,2023-02-14,950.0263670039808,950.0263670039808,819.0,131.0263670039808,131.0263670039808,no_sentence,,2612.1462140992166,36.36957081024623,4,12,invmae_shrunk_lam0.25,855.0237303035827,1045.029003704379,826.5229392934633,1073.5297947144984,0,fallback,95.00263670039809,123.50342771051751,711.0
adj_ebitda_musd,W1,1,full_sample,stack_lam25_clip,2023Q3,2023-05-09,1804.9688286839307,1804.9688286839307,1834.0,-29.031171316069276,29.031171316069276,no_sentence,,3474.5606361829027,51.948117119833626,4,12,invmae_shrunk_lam0.25,1624.4719458155378,1985.4657115523237,1570.3228809550196,2039.6147764128418,0,fallback,180.49688286839307,234.645947728911,1457.0
adj_ebitda_musd,W1,1,full_sample,stack_lam25_clip,2023Q4,2023-08-03,660.4278743768847,660.4278743768847,738.0,-77.57212562311531,77.57212562311531,no_sentence,,2245.51711026616,29.410948211327785,4,12,invmae_shrunk_lam0.25,594.3850869391962,726.4706618145732,574.5722507078897,746.2834980458797,1,fallback,66.04278743768847,85.85562366899501,506.0
adj_ebitda_musd,W1,1,full_sample,stack_lam25_clip,2024Q1,2023-11-01,338.73296242525095,338.73296242525095,424.0,-85.26703757474905,85.26703757474905,no_sentence,,2141.3821081830797,15.81842685295709,4,12,invmae_shrunk_lam0.25,304.85966618272585,372.60625866777605,294.6976773099683,382.7682475405336,2,fallback,33.87329624252509,44.035285115282626,262.0
adj_ebitda_musd,W1,1,full_sample,stack_lam25_clip,2024Q2,2024-02-13,1010.3835375370811,1010.3835375370811,894.0,116.38353753708111,116.38353753708111,no_sentence,,2896.6940063091483,34.88057541930262,4,12,invmae_shrunk_lam0.25,909.3451837833729,1111.4218912907893,879.0336776572606,1141.7333974169017,3,fallback,101.03835375370812,131.34985987982054,819.0
adj_ebitda_musd,W1,1,full_sample,stack_lam25_clip,2024Q3,2024-05-08,2142.017478962838,2142.017478962838,1958.0,184.01747896283814,184.01747896283814,no_sentence,,4002.4059405940593,53.51824654360042,4,12,invmae_shrunk_lam0.25,2010.9911119588573,2273.043845966819,1978.2345202078623,2305.800437717814,4,split_conformal,131.0263670039808,163.782958754976,1834.0
adj_ebitda_musd,W1,1,full_sample,stack_lam25_clip,2024Q4,2024-08-06,761.4678837353379,761.4678837353379,765.0,-3.532116264662136,3.532116264662136,no_sentence,,2453.7294685990337,31.03308223176294,4,12,invmae_shrunk_lam0.25,630.4415167313571,892.4942507393187,604.2362433305609,918.6995241401148,5,split_conformal,131.0263670039808,157.23164040477695,738.0
adj_ebitda_musd,W1,1,full_sample,stack_lam25_clip,2025Q1,2024-11-07,432.8827709856661,432.8827709856661,417.0,15.882770985666127,15.882770985666127,no_sentence,,2353.2363850456286,18.395209836825323,4,12,invmae_shrunk_lam0.25,248.865292022828,616.9002499485043,218.1957121956883,647.5698297756439,6,split_conformal,184.01747896283814,214.68705878997784,424.0
adj_ebitda_musd,W1,1,full_sample,stack_lam25_clip,2025Q2,2025-02-13,979.4213926325118,979.4213926325118,1043.0,-63.57860736748819,63.57860736748819,no_sentence,,3072.605951307484,31.875919273531945,4,12,invmae_shrunk_lam0.25,795.4039136696737,1163.43887159535,769.1157023892682,1189.7270828757555,7,split_conformal,184.01747896283814,210.3056902432436,894.0
adj_ebitda_musd,W1,1,full_sample,stack_lam25_clip,2025Q3,2025-05-01,1993.9315874406964,1993.9315874406964,2051.0,-57.068412559303624,57.068412559303624,no_sentence,,3958.498599439776,50.37090546711033,4,12,invmae_shrunk_lam0.25,1809.9141084778582,2177.9490664035347,1786.9119236075035,2200.9512512738893,8,split_conformal,184.01747896283814,207.0196638331929,1958.0
adj_ebitda_musd,W1,1,full_sample,stack_lam25_clip,2025Q4,2025-08-06,846.6539650589873,846.6539650589873,786.0,60.653965058987296,60.653965058987296,sentence_not_binding,,2794.061135371179,30.30191266543325,4,12,invmae_shrunk_lam0.25,715.6275980550065,977.6803320629681,662.6364860961492,1030.6714440218254,9,split_conformal,131.0263670039808,184.01747896283814,765.0
adj_ebitda_musd,W1,1,full_sample,stack_lam25_clip,2026Q1,2025-11-06,435.55212947505953,435.55212947505953,519.0,-83.44787052494047,83.44787052494047,no_sentence,,2492.990353697749,17.471071591954747,4,12,invmae_shrunk_lam0.25,304.52576247107874,566.5784964790403,251.5346505122214,619.5696084378976,10,split_conformal,131.0263670039808,184.01747896283814,417.0
adj_ebitda_musd,W1,1,full_sample,stack_lam25_clip,2026Q2,2026-02-12,1176.5488577967658,1176.5488577967658,1261.0,-84.45114220323421,84.45114220323421,no_sentence,,3468.0193548387097,33.925671612968394,4,12,invmae_shrunk_lam0.25,1045.522490792785,1307.5752248007466,992.5313788339276,1360.566336759604,11,split_conformal,131.0263670039808,184.01747896283814,1043.0
adj_ebitda_musd,W1,2,PIT,stack,2023Q3,2023-02-14,1850.5339433304962,1850.5339433304962,1834.0,16.533943330496186,16.533943330496186,clip_off,,3580.527415143603,51.68327815348616,3,0,equal_insufficient_prior,1665.4805489974465,2035.587337663546,1609.9645306975317,2091.1033559634607,0,fallback,185.05339433304962,240.56941263296451,1457.0
adj_ebitda_musd,W1,2,PIT,stack,2023Q4,2023-05-09,658.8058652476524,658.8058652476524,738.0,-79.19413475234762,79.19413475234762,clip_off,,2291.475149105368,28.750295001229304,3,0,equal_insufficient_prior,592.9252787228871,724.6864517724176,573.1611027654576,744.4506277298472,0,fallback,65.88058652476523,85.6447624821948,506.0
adj_ebitda_musd,W1,2,PIT,stack,2024Q1,2023-08-03,327.2586972950166,327.2586972950166,424.0,-96.74130270498341,96.74130270498341,clip_off,,2146.3460076045626,15.247247933722248,3,0,equal_insufficient_prior,294.53282756551494,359.98456702451824,284.7150666466644,369.80232794336877,0,fallback,32.72586972950166,42.543630648352156,262.0
adj_ebitda_musd,W1,2,PIT,stack,2024Q2,2023-11-01,995.7144305905153,995.7144305905153,894.0,101.71443059051535,101.71443059051535,clip_off,,2925.848821081831,34.03164317363296,3,1,equal_insufficient_prior,896.1429875314639,1095.2858736495668,866.2715546137483,1125.1573065672824,1,fallback,99.57144305905155,129.442875976767,819.0
adj_ebitda_musd,W1,2,PIT,stack,2024Q3,2024-02-13,2138.7583249605464,2138.7583249605464,1958.0,180.75832496054636,180.75832496054636,clip_off,,3961.380651945321,53.99022494620059,3,2,equal_insufficient_prior,1924.8824924644916,2352.634157456601,1860.7197427156752,2416.7969072054175,2,fallback,213.87583249605464,278.038582244871,1834.0
adj_ebitda_musd,W1,2,PIT,stack,2024Q4,2024-05-08,901.5055921493758,901.5055921493758,765.0,136.50559214937584,136.50559214937584,clip_off,,2613.287128712871,34.4969973733195,3,3,equal_insufficient_prior,811.3550329344382,991.6561513643135,784.309865169957,1018.7013191287947,3,fallback,90.15055921493759,117.19572697941886,738.0
adj_ebitda_musd,W1,2,PIT,stack,2025Q1,2024-08-06,472.7632022108683,472.7632022108683,417.0,55.763202210868315,55.763202210868315,clip_off,,2369.6521739130435,19.950742451377877,3,4,invmae_shrunk_lam0.5,371.04877162035297,574.4776328013836,345.62016397272413,599.9062404490126,4,split_conformal,101.71443059051535,127.14303823814419,424.0
adj_ebitda_musd,W1,2,PIT,stack,2025Q2,2024-11-07,971.644408555821,971.644408555821,1043.0,-71.35559144417903,71.35559144417903,clip_off,,3018.9979393582576,32.184334937385266,3,5,invmae_shrunk_lam0.5,790.8860835952746,1152.4027335163673,754.7344186031653,1188.5543985084767,5,split_conformal,180.75832496054636,216.90998995265562,894.0
adj_ebitda_musd,W1,2,PIT,stack,2025Q3,2025-02-13,2139.4228844097715,2139.4228844097715,2051.0,88.42288440977154,88.42288440977154,clip_off,,4172.8403967538325,51.270182441535205,3,6,invmae_shrunk_lam0.5,1958.6645594492252,2320.181209370318,1928.5381719558009,2350.307596863742,6,split_conformal,180.75832496054636,210.88471245397076,1958.0
adj_ebitda_musd,W1,2,PIT,stack,2025Q4,2025-05-01,777.4492341818114,777.4492341818114,786.0,-8.550765818188552,8.550765818188552,clip_off,,2630.513538748833,29.555036411315875,3,7,invmae_shrunk_lam0.5,596.6909092212651,958.2075591423578,570.8682913697585,984.0301769938644,7,split_conformal,180.75832496054636,206.580942812053,765.0
adj_ebitda_musd,W1,2,PIT,stack,2026Q1,2025-08-06,472.5513204872294,472.5513204872294,519.0,-46.44867951277058,46.44867951277058,clip_off,,2559.720524017467,18.46105135515196,3,8,invmae_shrunk_lam0.5,291.79299552668306,653.3096454477758,269.19820490661476,675.904436067844,8,split_conformal,180.75832496054636,203.35311558061466,417.0
adj_ebitda_musd,W1,2,PIT,stack,2026Q2,2025-11-06,1111.510085404224,1111.510085404224,1261.0,-149.4899145957761,149.4899145957761,clip_off,,3397.138263665596,32.71901227254958,3,9,invmae_shrunk_lam0.5,975.0044932548481,1248.0156775535997,930.7517604436775,1292.2684103647703,9,split_conformal,136.50559214937584,180.75832496054636,1043.0
adj_ebitda_musd,W1,2,PIT,stack_clip,2023Q3,2023-02-14,1850.5339433304962,1850.5339433304962,1834.0,16.533943330496186,16.533943330496186,no_sentence,,3580.527415143603,51.68327815348616,3,0,equal_insufficient_prior,1665.4805489974465,2035.587337663546,1609.9645306975317,2091.1033559634607,0,fallback,185.05339433304962,240.56941263296451,1457.0
adj_ebitda_musd,W1,2,PIT,stack_clip,2023Q4,2023-05-09,658.8058652476524,658.8058652476524,738.0,-79.19413475234762,79.19413475234762,no_sentence,,2291.475149105368,28.750295001229304,3,0,equal_insufficient_prior,592.9252787228871,724.6864517724176,573.1611027654576,744.4506277298472,0,fallback,65.88058652476523,85.6447624821948,506.0
adj_ebitda_musd,W1,2,PIT,stack_clip,2024Q1,2023-08-03,327.2586972950166,327.2586972950166,424.0,-96.74130270498341,96.74130270498341,no_sentence,,2146.3460076045626,15.247247933722248,3,0,equal_insufficient_prior,294.53282756551494,359.98456702451824,284.7150666466644,369.80232794336877,0,fallback,32.72586972950166,42.543630648352156,262.0
adj_ebitda_musd,W1,2,PIT,stack_clip,2024Q2,2023-11-01,995.7144305905153,995.7144305905153,894.0,101.71443059051535,101.71443059051535,no_sentence,,2925.848821081831,34.03164317363296,3,1,equal_insufficient_prior,896.1429875314639,1095.2858736495668,866.2715546137483,1125.1573065672824,1,fallback,99.57144305905155,129.442875976767,819.0
adj_ebitda_musd,W1,2,PIT,stack_clip,2024Q3,2024-02-13,2138.7583249605464,2138.7583249605464,1958.0,180.75832496054636,180.75832496054636,no_sentence,,3961.380651945321,53.99022494620059,3,2,equal_insufficient_prior,1924.8824924644916,2352.634157456601,1860.7197427156752,2416.7969072054175,2,fallback,213.87583249605464,278.038582244871,1834.0
adj_ebitda_musd,W1,2,PIT,stack_clip,2024Q4,2024-05-08,901.5055921493758,901.5055921493758,765.0,136.50559214937584,136.50559214937584,no_sentence,,2613.287128712871,34.4969973733195,3,3,equal_insufficient_prior,811.3550329344382,991.6561513643135,784.309865169957,1018.7013191287947,3,fallback,90.15055921493759,117.19572697941886,738.0
adj_ebitda_musd,W1,2,PIT,stack_clip,2025Q1,2024-08-06,472.7632022108683,472.7632022108683,417.0,55.763202210868315,55.763202210868315,no_sentence,,2369.6521739130435,19.950742451377877,3,4,invmae_shrunk_lam0.5,371.04877162035297,574.4776328013836,345.62016397272413,599.9062404490126,4,split_conformal,101.71443059051535,127.14303823814419,424.0
adj_ebitda_musd,W1,2,PIT,stack_clip,2025Q2,2024-11-07,971.644408555821,971.644408555821,1043.0,-71.35559144417903,71.35559144417903,no_sentence,,3018.9979393582576,32.184334937385266,3,5,invmae_shrunk_lam0.5,790.8860835952746,1152.4027335163673,754.7344186031653,1188.5543985084767,5,split_conformal,180.75832496054636,216.90998995265562,894.0
adj_ebitda_musd,W1,2,PIT,stack_clip,2025Q3,2025-02-13,2139.4228844097715,2139.4228844097715,2051.0,88.42288440977154,88.42288440977154,no_sentence,,4172.8403967538325,51.270182441535205,3,6,invmae_shrunk_lam0.5,1958.6645594492252,2320.181209370318,1928.5381719558009,2350.307596863742,6,split_conformal,180.75832496054636,210.88471245397076,1958.0
adj_ebitda_musd,W1,2,PIT,stack_clip,2025Q4,2025-05-01,777.4492341818114,777.4492341818114,786.0,-8.550765818188552,8.550765818188552,no_sentence,,2630.513538748833,29.555036411315875,3,7,invmae_shrunk_lam0.5,596.6909092212651,958.2075591423578,570.8682913697585,984.0301769938644,7,split_conformal,180.75832496054636,206.580942812053,765.0
adj_ebitda_musd,W1,2,PIT,stack_clip,2026Q1,2025-08-06,472.5513204872294,472.5513204872294,519.0,-46.44867951277058,46.44867951277058,no_sentence,,2559.720524017467,18.46105135515196,3,8,invmae_shrunk_lam0.5,291.79299552668306,653.3096454477758,269.19820490661476,675.904436067844,8,split_conformal,180.75832496054636,203.35311558061466,417.0
adj_ebitda_musd,W1,2,PIT,stack_clip,2026Q2,2025-11-06,1111.510085404224,1111.510085404224,1261.0,-149.4899145957761,149.4899145957761,no_sentence,,3397.138263665596,32.71901227254958,3,9,invmae_shrunk_lam0.5,975.0044932548481,1248.0156775535997,930.7517604436775,1292.2684103647703,9,split_conformal,136.50559214937584,180.75832496054636,1043.0
adj_ebitda_musd,W1,2,PIT,stack_ew_clip,2023Q3,2023-02-14,1850.5339433304962,1850.5339433304962,1834.0,16.533943330496186,16.533943330496186,no_sentence,,3580.527415143603,51.68327815348616,3,0,equal_insufficient_prior,1665.4805489974465,2035.587337663546,1609.9645306975317,2091.1033559634607,0,fallback,185.05339433304962,240.56941263296451,1457.0
adj_ebitda_musd,W1,2,PIT,stack_ew_clip,2023Q4,2023-05-09,658.8058652476524,658.8058652476524,738.0,-79.19413475234762,79.19413475234762,no_sentence,,2291.475149105368,28.750295001229304,3,0,equal_insufficient_prior,592.9252787228871,724.6864517724176,573.1611027654576,744.4506277298472,0,fallback,65.88058652476523,85.6447624821948,506.0
adj_ebitda_musd,W1,2,PIT,stack_ew_clip,2024Q1,2023-08-03,327.2586972950166,327.2586972950166,424.0,-96.74130270498341,96.74130270498341,no_sentence,,2146.3460076045626,15.247247933722248,3,0,equal_insufficient_prior,294.53282756551494,359.98456702451824,284.7150666466644,369.80232794336877,0,fallback,32.72586972950166,42.543630648352156,262.0
adj_ebitda_musd,W1,2,PIT,stack_ew_clip,2024Q2,2023-11-01,995.7144305905153,995.7144305905153,894.0,101.71443059051535,101.71443059051535,no_sentence,,2925.848821081831,34.03164317363296,3,1,equal_insufficient_prior,896.1429875314639,1095.2858736495668,866.2715546137483,1125.1573065672824,1,fallback,99.57144305905155,129.442875976767,819.0
adj_ebitda_musd,W1,2,PIT,stack_ew_clip,2024Q3,2024-02-13,2138.7583249605464,2138.7583249605464,1958.0,180.75832496054636,180.75832496054636,no_sentence,,3961.380651945321,53.99022494620059,3,2,equal_insufficient_prior,1924.8824924644916,2352.634157456601,1860.7197427156752,2416.7969072054175,2,fallback,213.87583249605464,278.038582244871,1834.0
adj_ebitda_musd,W1,2,PIT,stack_ew_clip,2024Q4,2024-05-08,901.5055921493758,901.5055921493758,765.0,136.50559214937584,136.50559214937584,no_sentence,,2613.287128712871,34.4969973733195,3,3,equal_insufficient_prior,811.3550329344382,991.6561513643135,784.309865169957,1018.7013191287947,3,fallback,90.15055921493759,117.19572697941886,738.0
adj_ebitda_musd,W1,2,PIT,stack_ew_clip,2025Q1,2024-08-06,462.6933435799334,462.6933435799334,417.0,45.69334357993341,45.69334357993341,no_sentence,,2369.6521739130435,19.525791534876642,3,4,invmae_shrunk_lam1.0,360.97891298941806,564.4077741704488,335.5503053417892,589.8363818180776,4,split_conformal,101.71443059051535,127.14303823814419,424.0
adj_ebitda_musd,W1,2,PIT,stack_ew_clip,2025Q2,2024-11-07,963.6170736353931,963.6170736353931,1043.0,-79.38292636460687,79.38292636460687,no_sentence,,3018.9979393582576,31.918440919513422,3,5,invmae_shrunk_lam1.0,782.8587486748468,1144.3753985959395,746.7070836827374,1180.5270635880488,5,split_conformal,180.75832496054636,216.90998995265562,894.0
adj_ebitda_musd,W1,2,PIT,stack_ew_clip,2025Q3,2025-02-13,2141.4214858139712,2141.4214858139712,2051.0,90.42148581397123,90.42148581397123,no_sentence,,4172.8403967538325,51.31807790875112,3,6,invmae_shrunk_lam1.0,1960.6631608534249,2322.1798107745176,1930.5367733600006,2352.306198267942,6,split_conformal,180.75832496054636,210.88471245397076,1958.0
adj_ebitda_musd,W1,2,PIT,stack_ew_clip,2025Q4,2025-05-01,775.2865982569323,775.2865982569323,786.0,-10.71340174306772,10.71340174306772,no_sentence,,2630.513538748833,29.47282296162165,3,7,invmae_shrunk_lam1.0,594.5282732963859,956.0449232174786,568.7056554448793,981.8675410689852,7,split_conformal,180.75832496054636,206.580942812053,765.0
adj_ebitda_musd,W1,2,PIT,stack_ew_clip,2026Q1,2025-08-06,470.5127264783996,470.5127264783996,519.0,-48.4872735216004,48.4872735216004,no_sentence,,2559.720524017467,18.381410082219933,3,8,invmae_shrunk_lam1.0,289.75440151785324,651.271051438946,267.15961089778494,673.8658420590143,8,split_conformal,180.75832496054636,203.35311558061466,417.0
adj_ebitda_musd,W1,2,PIT,stack_ew_clip,2026Q2,2025-11-06,1109.2132627000071,1109.2132627000071,1261.0,-151.78673729999286,151.78673729999286,no_sentence,,3397.138263665596,32.651401756699144,3,9,invmae_shrunk_lam1.0,972.7076705506313,1245.718854849383,928.4549377394608,1289.9715876605535,9,split_conformal,136.50559214937584,180.75832496054636,1043.0
adj_ebitda_musd,W1,2,PIT,stack_lam25_clip,2023Q3,2023-02-14,1850.5339433304962,1850.5339433304962,1834.0,16.533943330496186,16.533943330496186,no_sentence,,3580.527415143603,51.68327815348616,3,0,equal_insufficient_prior,1665.4805489974465,2035.587337663546,1609.9645306975317,2091.1033559634607,0,fallback,185.05339433304962,240.56941263296451,1457.0
adj_ebitda_musd,W1,2,PIT,stack_lam25_clip,2023Q4,2023-05-09,658.8058652476524,658.8058652476524,738.0,-79.19413475234762,79.19413475234762,no_sentence,,2291.475149105368,28.750295001229304,3,0,equal_insufficient_prior,592.9252787228871,724.6864517724176,573.1611027654576,744.4506277298472,0,fallback,65.88058652476523,85.6447624821948,506.0
adj_ebitda_musd,W1,2,PIT,stack_lam25_clip,2024Q1,2023-08-03,327.2586972950166,327.2586972950166,424.0,-96.74130270498341,96.74130270498341,no_sentence,,2146.3460076045626,15.247247933722248,3,0,equal_insufficient_prior,294.53282756551494,359.98456702451824,284.7150666466644,369.80232794336877,0,fallback,32.72586972950166,42.543630648352156,262.0
adj_ebitda_musd,W1,2,PIT,stack_lam25_clip,2024Q2,2023-11-01,995.7144305905153,995.7144305905153,894.0,101.71443059051535,101.71443059051535,no_sentence,,2925.848821081831,34.03164317363296,3,1,equal_insufficient_prior,896.1429875314639,1095.2858736495668,866.2715546137483,1125.1573065672824,1,fallback,99.57144305905155,129.442875976767,819.0
adj_ebitda_musd,W1,2,PIT,stack_lam25_clip,2024Q3,2024-02-13,2138.7583249605464,2138.7583249605464,1958.0,180.75832496054636,180.75832496054636,no_sentence,,3961.380651945321,53.99022494620059,3,2,equal_insufficient_prior,1924.8824924644916,2352.634157456601,1860.7197427156752,2416.7969072054175,2,fallback,213.87583249605464,278.038582244871,1834.0
adj_ebitda_musd,W1,2,PIT,stack_lam25_clip,2024Q4,2024-05-08,901.5055921493758,901.5055921493758,765.0,136.50559214937584,136.50559214937584,no_sentence,,2613.287128712871,34.4969973733195,3,3,equal_insufficient_prior,811.3550329344382,991.6561513643135,784.309865169957,1018.7013191287947,3,fallback,90.15055921493759,117.19572697941886,738.0
adj_ebitda_musd,W1,2,PIT,stack_lam25_clip,2025Q1,2024-08-06,477.7981315263358,477.7981315263358,417.0,60.798131526335794,60.798131526335794,no_sentence,,2369.6521739130435,20.163217909628496,3,4,invmae_shrunk_lam0.25,376.08370093582045,579.5125621168511,350.6550932881916,604.94116976448,4,split_conformal,101.71443059051535,127.14303823814419,424.0
adj_ebitda_musd,W1,2,PIT,stack_lam25_clip,2025Q2,2024-11-07,975.6580760160348,975.6580760160348,1043.0,-67.34192398396522,67.34192398396522,no_sentence,,3018.9979393582576,32.31728194632119,3,5,invmae_shrunk_lam0.25,794.8997510554884,1156.4164009765811,758.7480860633791,1192.5680659686905,5,split_conformal,180.75832496054636,216.90998995265562,894.0
adj_ebitda_musd,W1,2,PIT,stack_lam25_clip,2025Q3,2025-02-13,2138.4235837076717,2138.4235837076717,2051.0,87.4235837076717,87.4235837076717,no_sentence,,4172.8403967538325,51.24623470792725,3,6,invmae_shrunk_lam0.25,1957.6652587471253,2319.181908668218,1927.538871253701,2349.3082961616424,6,split_conformal,180.75832496054636,210.88471245397076,1958.0
adj_ebitda_musd,W1,2,PIT,stack_lam25_clip,2025Q4,2025-05-01,778.530552144251,778.530552144251,786.0,-7.469447855748967,7.469447855748967,no_sentence,,2630.513538748833,29.596143136162993,3,7,invmae_shrunk_lam0.25,597.7722271837047,959.2888771047974,571.9496093321981,985.111494956304,7,split_conformal,180.75832496054636,206.580942812053,765.0
adj_ebitda_musd,W1,2,PIT,stack_lam25_clip,2026Q1,2025-08-06,473.5706174916444,473.5706174916444,519.0,-45.429382508355616,45.429382508355616,no_sentence,,2559.720524017467,18.500871991617974,3,8,invmae_shrunk_lam0.25,292.812292531098,654.3289424521907,270.21750191102973,676.923733072259,8,split_conformal,180.75832496054636,203.35311558061466,417.0
adj_ebitda_musd,W1,2,PIT,stack_lam25_clip,2026Q2,2025-11-06,1112.658496756332,1112.658496756332,1261.0,-148.34150324366806,148.34150324366806,no_sentence,,3397.138263665596,32.752817530474786,3,9,invmae_shrunk_lam0.25,976.1529046069561,1249.1640889057078,931.9001717957856,1293.4168217168783,9,split_conformal,136.50559214937584,180.75832496054636,1043.0
adj_ebitda_musd,W1,2,full_sample,stack,2023Q3,2023-02-14,1810.6415787245712,1810.6415787245712,1834.0,-23.358421275428782,23.358421275428782,clip_off,,3580.527415143603,50.569130432197866,3,11,invmae_shrunk_lam0.5,1629.577420852114,1991.7057365970284,1575.258173490377,2046.0249839587655,0,fallback,181.06415787245714,235.38340523419427,1457.0
adj_ebitda_musd,W1,2,full_sample,stack,2023Q4,2023-05-09,647.8334783493893,647.8334783493893,738.0,-90.16652165061066,90.16652165061066,clip_off,,2291.475149105368,28.27145991970783,3,11,invmae_shrunk_lam0.5,583.0501305144504,712.6168261843283,563.6151261639687,732.0518305348099,0,fallback,64.78334783493894,84.21835218542061,506.0
adj_ebitda_musd,W1,2,full_sample,stack,2024Q1,2023-08-03,331.3048742656968,331.3048742656968,424.0,-92.69512573430319,92.69512573430319,clip_off,,2146.3460076045626,15.435762598009577,3,11,invmae_shrunk_lam0.5,298.1743868391271,364.4353616922665,288.2352406111562,374.3745079202374,0,fallback,33.13048742656968,43.06963365454059,262.0
adj_ebitda_musd,W1,2,full_sample,stack,2024Q2,2023-11-01,985.5118579749075,985.5118579749075,894.0,91.51185797490746,91.51185797490746,clip_off,,2925.848821081831,33.68293846469193,3,11,invmae_shrunk_lam0.5,886.9606721774167,1084.0630437723983,857.3953164381695,1113.6283995116455,1,fallback,98.55118579749075,128.11654153673797,819.0
adj_ebitda_musd,W1,2,full_sample,stack,2024Q3,2024-02-13,2100.983121131061,2100.983121131061,1958.0,142.98312113106113,142.98312113106113,clip_off,,3961.380651945321,53.036638125127624,3,11,invmae_shrunk_lam0.5,1890.884809017955,2311.0814332441673,1827.8553153840232,2374.1109268780992,2,fallback,210.09831211310612,273.12780574703794,1834.0
adj_ebitda_musd,W1,2,full_sample,stack,2024Q4,2024-05-08,869.909720625386,869.909720625386,765.0,104.90972062538594,104.90972062538594,clip_off,,2613.287128712871,33.2879503008858,3,11,invmae_shrunk_lam0.5,782.9187485628473,956.9006926879246,756.8214569440858,982.9979843066861,3,fallback,86.9909720625386,113.08826368130018,738.0
adj_ebitda_musd,W1,2,full_sample,stack,2025Q1,2024-08-06,444.82534832234705,444.82534832234705,417.0,27.825348322347054,27.825348322347054,clip_off,,2369.6521739130435,18.77175702068545,3,11,invmae_shrunk_lam0.5,352.13022258804386,537.5204740566503,328.95644115446805,560.694255490226,4,split_conformal,92.69512573430319,115.86890716787899,424.0
adj_ebitda_musd,W1,2,full_sample,stack,2025Q2,2024-11-07,944.5288760714911,944.5288760714911,1043.0,-98.47112392850886,98.47112392850886,clip_off,,3018.9979393582576,31.286171605412484,3,11,invmae_shrunk_lam0.5,801.54575494043,1087.5119972025523,772.9491307142177,1116.1086214287645,5,split_conformal,142.98312113106113,171.57974535727334,894.0
adj_ebitda_musd,W1,2,full_sample,stack,2025Q3,2025-02-13,2136.957723119699,2136.957723119699,2051.0,85.95772311969904,85.95772311969904,clip_off,,4172.8403967538325,51.211106103700914,3,11,invmae_shrunk_lam0.5,1993.974601988638,2279.94084425076,1970.1440818001277,2303.77136443927,6,split_conformal,142.98312113106113,166.8136413195713,1958.0
adj_ebitda_musd,W1,2,full_sample,stack,2025Q4,2025-05-01,769.0846332969825,769.0846332969825,786.0,-16.915366703017526,16.915366703017526,clip_off,,2630.513538748833,29.237052840366175,3,11,invmae_shrunk_lam0.5,626.1015121659213,912.0677544280436,605.6753520043412,932.4939145896237,7,split_conformal,142.98312113106113,163.40928129264128,765.0
adj_ebitda_musd,W1,2,full_sample,stack,2026Q1,2025-08-06,462.94467728095896,462.94467728095896,519.0,-56.055322719041044,56.055322719041044,clip_off,,2559.720524017467,18.08575088323978,3,11,invmae_shrunk_lam0.5,319.96155614989783,605.9277984120201,302.0886660085152,623.8006885534028,8,split_conformal,142.98312113106113,160.85601127244377,417.0
adj_ebitda_musd,W1,2,full_sample,stack,2026Q2,2025-11-06,1104.792707478,1104.792707478,1261.0,-156.207292522,156.207292522,clip_off,,3397.138263665596,32.52127590137887,3,11,invmae_shrunk_lam0.5,999.8829868526141,1209.702428103386,961.8095863469389,1247.7758286090611,9,split_conformal,104.90972062538594,142.98312113106113,1043.0
adj_ebitda_musd,W1,2,full_sample,stack_clip,2023Q3,2023-02-14,1810.6415787245712,1810.6415787245712,1834.0,-23.358421275428782,23.358421275428782,no_sentence,,3580.527415143603,50.569130432197866,3,11,invmae_shrunk_lam0.5,1629.577420852114,1991.7057365970284,1575.258173490377,2046.0249839587655,0,fallback,181.06415787245714,235.38340523419427,1457.0
adj_ebitda_musd,W1,2,full_sample,stack_clip,2023Q4,2023-05-09,647.8334783493893,647.8334783493893,738.0,-90.16652165061066,90.16652165061066,no_sentence,,2291.475149105368,28.27145991970783,3,11,invmae_shrunk_lam0.5,583.0501305144504,712.6168261843283,563.6151261639687,732.0518305348099,0,fallback,64.78334783493894,84.21835218542061,506.0
adj_ebitda_musd,W1,2,full_sample,stack_clip,2024Q1,2023-08-03,331.3048742656968,331.3048742656968,424.0,-92.69512573430319,92.69512573430319,no_sentence,,2146.3460076045626,15.435762598009577,3,11,invmae_shrunk_lam0.5,298.1743868391271,364.4353616922665,288.2352406111562,374.3745079202374,0,fallback,33.13048742656968,43.06963365454059,262.0
adj_ebitda_musd,W1,2,full_sample,stack_clip,2024Q2,2023-11-01,985.5118579749075,985.5118579749075,894.0,91.51185797490746,91.51185797490746,no_sentence,,2925.848821081831,33.68293846469193,3,11,invmae_shrunk_lam0.5,886.9606721774167,1084.0630437723983,857.3953164381695,1113.6283995116455,1,fallback,98.55118579749075,128.11654153673797,819.0
adj_ebitda_musd,W1,2,full_sample,stack_clip,2024Q3,2024-02-13,2100.983121131061,2100.983121131061,1958.0,142.98312113106113,142.98312113106113,no_sentence,,3961.380651945321,53.036638125127624,3,11,invmae_shrunk_lam0.5,1890.884809017955,2311.0814332441673,1827.8553153840232,2374.1109268780992,2,fallback,210.09831211310612,273.12780574703794,1834.0
adj_ebitda_musd,W1,2,full_sample,stack_clip,2024Q4,2024-05-08,869.909720625386,869.909720625386,765.0,104.90972062538594,104.90972062538594,no_sentence,,2613.287128712871,33.2879503008858,3,11,invmae_shrunk_lam0.5,782.9187485628473,956.9006926879246,756.8214569440858,982.9979843066861,3,fallback,86.9909720625386,113.08826368130018,738.0
adj_ebitda_musd,W1,2,full_sample,stack_clip,2025Q1,2024-08-06,444.82534832234705,444.82534832234705,417.0,27.825348322347054,27.825348322347054,no_sentence,,2369.6521739130435,18.77175702068545,3,11,invmae_shrunk_lam0.5,352.13022258804386,537.5204740566503,328.95644115446805,560.694255490226,4,split_conformal,92.69512573430319,115.86890716787899,424.0
adj_ebitda_musd,W1,2,full_sample,stack_clip,2025Q2,2024-11-07,944.5288760714911,944.5288760714911,1043.0,-98.47112392850886,98.47112392850886,no_sentence,,3018.9979393582576,31.286171605412484,3,11,invmae_shrunk_lam0.5,801.54575494043,1087.5119972025523,772.9491307142177,1116.1086214287645,5,split_conformal,142.98312113106113,171.57974535727334,894.0
adj_ebitda_musd,W1,2,full_sample,stack_clip,2025Q3,2025-02-13,2136.957723119699,2136.957723119699,2051.0,85.95772311969904,85.95772311969904,no_sentence,,4172.8403967538325,51.211106103700914,3,11,invmae_shrunk_lam0.5,1993.974601988638,2279.94084425076,1970.1440818001277,2303.77136443927,6,split_conformal,142.98312113106113,166.8136413195713,1958.0
adj_ebitda_musd,W1,2,full_sample,stack_clip,2025Q4,2025-05-01,769.0846332969825,769.0846332969825,786.0,-16.915366703017526,16.915366703017526,no_sentence,,2630.513538748833,29.237052840366175,3,11,invmae_shrunk_lam0.5,626.1015121659213,912.0677544280436,605.6753520043412,932.4939145896237,7,split_conformal,142.98312113106113,163.40928129264128,765.0
adj_ebitda_musd,W1,2,full_sample,stack_clip,2026Q1,2025-08-06,462.94467728095896,462.94467728095896,519.0,-56.055322719041044,56.055322719041044,no_sentence,,2559.720524017467,18.08575088323978,3,11,invmae_shrunk_lam0.5,319.96155614989783,605.9277984120201,302.0886660085152,623.8006885534028,8,split_conformal,142.98312113106113,160.85601127244377,417.0
adj_ebitda_musd,W1,2,full_sample,stack_clip,2026Q2,2025-11-06,1104.792707478,1104.792707478,1261.0,-156.207292522,156.207292522,no_sentence,,3397.138263665596,32.52127590137887,3,11,invmae_shrunk_lam0.5,999.8829868526141,1209.702428103386,961.8095863469389,1247.7758286090611,9,split_conformal,104.90972062538594,142.98312113106113,1043.0
adj_ebitda_musd,W1,2,full_sample,stack_ew_clip,2023Q3,2023-02-14,1816.6298942883916,1816.6298942883916,1834.0,-17.370105711608403,17.370105711608403,no_sentence,,3580.527415143603,50.736377177425766,3,11,invmae_shrunk_lam1.0,1634.9669048595524,1998.2928837172308,1580.4680080309006,2052.7917805458824,0,fallback,181.66298942883918,236.16188625749092,1457.0
adj_ebitda_musd,W1,2,full_sample,stack_ew_clip,2023Q4,2023-05-09,648.0676302907981,648.0676302907981,738.0,-89.93236970920191,89.93236970920191,no_sentence,,2291.475149105368,28.2816783129337,3,11,invmae_shrunk_lam1.0,583.2608672617183,712.8743933198779,563.8188383529944,732.3164222286018,0,fallback,64.80676302907982,84.24879193780376,506.0
adj_ebitda_musd,W1,2,full_sample,stack_ew_clip,2024Q1,2023-08-03,332.29668097349776,332.29668097349776,424.0,-91.70331902650224,91.70331902650224,no_sentence,,2146.3460076045626,15.481971676335574,3,11,invmae_shrunk_lam1.0,299.067012876148,365.5263490708475,289.09811244694305,375.49524950005247,0,fallback,33.22966809734978,43.19856852655471,262.0
adj_ebitda_musd,W1,2,full_sample,stack_ew_clip,2024Q2,2023-11-01,984.3016082373408,984.3016082373408,894.0,90.30160823734082,90.30160823734082,no_sentence,,2925.848821081831,33.6415744089401,3,11,invmae_shrunk_lam1.0,885.8714474136067,1082.7317690610748,856.3423991664865,1112.260817308195,1,fallback,98.43016082373408,127.95920907085431,819.0
adj_ebitda_musd,W1,2,full_sample,stack_ew_clip,2024Q3,2024-02-13,2100.00907237161,2100.00907237161,1958.0,142.00907237160982,142.00907237160982,no_sentence,,3961.380651945321,53.012049507041326,3,11,invmae_shrunk_lam1.0,1890.0081651344487,2310.0099796087707,1827.0078929633005,2373.010251779919,2,fallback,210.000907237161,273.00117940830927,1834.0
adj_ebitda_musd,W1,2,full_sample,stack_ew_clip,2024Q4,2024-05-08,867.0988452855898,867.0988452855898,765.0,102.09884528558985,102.09884528558985,no_sentence,,2613.287128712871,33.180389393823106,3,11,invmae_shrunk_lam1.0,780.3889607570309,953.8087298141488,754.3759953984631,979.8216951727165,3,fallback,86.70988452855899,112.72284988712669,738.0
adj_ebitda_musd,W1,2,full_sample,stack_ew_clip,2025Q1,2024-08-06,442.9596825451039,442.9596825451039,417.0,25.959682545103874,25.959682545103874,no_sentence,,2369.6521739130435,18.693025390879946,3,11,invmae_shrunk_lam1.0,351.25636351860163,534.6630015716062,328.3305337619761,557.5888313282317,4,split_conformal,91.70331902650224,114.6291487831278,424.0
adj_ebitda_musd,W1,2,full_sample,stack_ew_clip,2025Q2,2024-11-07,944.3740997761929,944.3740997761929,1043.0,-98.6259002238071,98.6259002238071,no_sentence,,3018.9979393582576,31.281044861426327,3,11,invmae_shrunk_lam1.0,802.3650274045831,1086.3831721478027,773.9632129302611,1114.7849866221247,5,split_conformal,142.00907237160982,170.41088684593177,894.0
adj_ebitda_musd,W1,2,full_sample,stack_ew_clip,2025Q3,2025-02-13,2136.760024640617,2136.760024640617,2051.0,85.76002464061685,85.76002464061685,no_sentence,,4172.8403967538325,51.206368360094984,3,11,invmae_shrunk_lam1.0,1994.750952269007,2278.7690970122267,1971.0827735404055,2302.437275740828,6,split_conformal,142.00907237160982,165.67725110021146,1958.0
adj_ebitda_musd,W1,2,full_sample,stack_ew_clip,2025Q4,2025-05-01,768.2339171350765,768.2339171350765,786.0,-17.766082864923533,17.766082864923533,no_sentence,,2630.513538748833,29.204712533069728,3,11,invmae_shrunk_lam1.0,626.2248447634666,910.2429895066863,605.9378344246652,930.5299998454877,7,split_conformal,142.00907237160982,162.2960827104112,765.0
adj_ebitda_musd,W1,2,full_sample,stack_ew_clip,2026Q1,2025-08-06,462.47736174623134,462.47736174623134,519.0,-56.52263825376866,56.52263825376866,no_sentence,,2559.720524017467,18.067494377096125,3,11,invmae_shrunk_lam1.0,320.4682893746215,604.4864341178411,302.7171553281703,622.2375681642924,8,split_conformal,142.00907237160982,159.76020641806105,417.0
adj_ebitda_musd,W1,2,full_sample,stack_ew_clip,2026Q2,2025-11-06,1104.869604014225,1104.869604014225,1261.0,-156.13039598577507,156.13039598577507,no_sentence,,3397.138263665596,32.523539469425174,3,11,invmae_shrunk_lam1.0,1002.7707587286351,1206.968449299815,962.8605316426151,1246.8786763858348,9,split_conformal,102.09884528558985,142.00907237160982,1043.0
adj_ebitda_musd,W1,2,full_sample,stack_lam25_clip,2023Q3,2023-02-14,1807.6474209426606,1807.6474209426606,1834.0,-26.352579057339426,26.352579057339426,no_sentence,,3580.527415143603,50.4855070595839,3,11,invmae_shrunk_lam0.25,1626.8826788483946,1988.4121630369266,1572.6532562201146,2042.6415856652065,0,fallback,180.76474209426607,234.9941647225459,1457.0
adj_ebitda_musd,W1,2,full_sample,stack_lam25_clip,2023Q4,2023-05-09,647.716402378685,647.716402378685,738.0,-90.28359762131504,90.28359762131504,no_sentence,,2291.475149105368,28.266350723094888,3,11,invmae_shrunk_lam0.25,582.9447621408165,712.4880426165535,563.5132700694559,731.919534687914,0,fallback,64.7716402378685,84.20313230922905,506.0
adj_ebitda_musd,W1,2,full_sample,stack_lam25_clip,2024Q1,2023-08-03,330.8089709117965,330.8089709117965,424.0,-93.19102908820349,93.19102908820349,no_sentence,,2146.3460076045626,15.412658058846581,3,11,invmae_shrunk_lam0.25,297.7280738206168,363.8898680029762,287.803804693263,373.81413713033004,0,fallback,33.08089709117965,43.005166218533546,262.0
adj_ebitda_musd,W1,2,full_sample,stack_lam25_clip,2024Q2,2023-11-01,986.1169828436903,986.1169828436903,894.0,92.11698284369027,92.11698284369027,no_sentence,,2925.848821081831,33.70362049256783,3,11,invmae_shrunk_lam0.25,887.5052845593212,1084.7286811280592,857.9217750740105,1114.31219061337,1,fallback,98.61169828436903,128.19520776967974,819.0
adj_ebitda_musd,W1,2,full_sample,stack_lam25_clip,2024Q3,2024-02-13,2101.470145510788,2101.470145510788,1958.0,143.47014551078792,143.47014551078792,no_sentence,,3961.380651945321,53.048932434170794,3,11,invmae_shrunk_lam0.25,1891.323130959709,2311.617160061867,1828.2790265943854,2374.6612644271904,2,fallback,210.1470145510788,273.19111891640244,1834.0
adj_ebitda_musd,W1,2,full_sample,stack_lam25_clip,2024Q4,2024-05-08,871.315158295284,871.315158295284,765.0,106.31515829528405,106.31515829528405,no_sentence,,2613.287128712871,33.34173075441714,3,11,invmae_shrunk_lam0.25,784.1836424657556,958.4466741248125,758.0441877168971,984.586128873671,3,fallback,87.13151582952841,113.27097057838694,738.0
adj_ebitda_musd,W1,2,full_sample,stack_lam25_clip,2025Q1,2024-08-06,445.75818121096876,445.75818121096876,417.0,28.758181210968758,28.758181210968758,no_sentence,,2369.6521739130435,18.8111228355882,3,11,invmae_shrunk_lam0.25,352.56715212276526,538.9492102991723,329.2693948507144,562.2469675712231,4,split_conformal,93.19102908820349,116.48878636025437,424.0
adj_ebitda_musd,W1,2,full_sample,stack_lam25_clip,2025Q2,2024-11-07,944.6062642191404,944.6062642191404,1043.0,-98.39373578085963,98.39373578085963,no_sentence,,3018.9979393582576,31.288734977405564,3,11,invmae_shrunk_lam0.25,801.1361187083525,1088.0764097299284,772.4420896061949,1116.7704388320858,5,split_conformal,143.47014551078792,172.1641746129455,894.0
adj_ebitda_musd,W1,2,full_sample,stack_lam25_clip,2025Q3,2025-02-13,2137.056572359241,2137.056572359241,2051.0,86.05657235924082,86.05657235924082,no_sentence,,4172.8403967538325,51.21347497550388,3,11,invmae_shrunk_lam0.25,1993.586426848453,2280.5267178700287,1969.6747359299882,2304.4384087884932,6,split_conformal,143.47014551078792,167.38183642925256,1958.0
adj_ebitda_musd,W1,2,full_sample,stack_lam25_clip,2025Q4,2025-05-01,769.5099913779352,769.5099913779352,786.0,-16.490008622064806,16.490008622064806,no_sentence,,2630.513538748833,29.25322299401439,3,11,invmae_shrunk_lam0.25,626.0398458671473,912.9801368887231,605.5441107941776,933.4758719616927,7,split_conformal,143.47014551078792,163.9658805837576,765.0
adj_ebitda_musd,W1,2,full_sample,stack_lam25_clip,2026Q1,2025-08-06,463.1783350483227,463.1783350483227,519.0,-55.82166495167729,55.82166495167729,no_sentence,,2559.720524017467,18.094879136311604,3,11,invmae_shrunk_lam0.25,319.7081895375348,606.6484805591106,301.7744213486863,624.582248747959,8,split_conformal,143.47014551078792,161.4039136996364,417.0
adj_ebitda_musd,W1,2,full_sample,stack_lam25_clip,2026Q2,2025-11-06,1104.7542592098878,1104.7542592098878,1261.0,-156.24574079011222,156.24574079011222,no_sentence,,3397.138263665596,32.52014411735573,3,11,invmae_shrunk_lam0.25,998.4391009146037,1211.0694175051717,961.2841136990999,1248.2244047206757,9,split_conformal,106.31515829528405,143.47014551078792,1043.0
adj_ebitda_musd,W2,0,PIT,stack,2024Q1,2024-02-13,363.60264677405235,363.60264677405235,424.0,-60.397353225947654,60.397353225947654,clip_off,,2101.9769085380885,17.298127553025104,6,0,equal_insufficient_prior,327.24238209664713,399.96291145145756,316.33430269342557,410.8709908546791,0,fallback,36.36026467740523,47.268344080626804,262.0
adj_ebitda_musd,W2,0,PIT,stack,2024Q2,2024-05-08,911.6939324637925,911.6939324637925,894.0,17.69393246379252,17.69393246379252,clip_off,,2778.7109376284,32.809959471419994,6,1,equal_insufficient_prior,820.5245392174132,1002.8633257101718,793.1737212434995,1030.2141436840855,1,fallback,91.16939324637926,118.52021122029304,819.0
adj_ebitda_musd,W2,0,PIT,stack,2024Q3,2024-08-06,1984.8191969112174,1984.8191969112174,1958.0,26.819196911217432,26.819196911217432,clip_off,,3793.811981263867,52.31727894564761,6,2,equal_insufficient_prior,1786.3372772200958,2183.3011166023393,1726.7927013127592,2242.8456925096757,2,fallback,198.48191969112176,258.02649559845827,1834.0
adj_ebitda_musd,W2,0,PIT,stack,2024Q4,2024-11-07,764.579810560628,764.579810560628,765.0,-0.4201894393720522,0.4201894393720522,clip_off,,2475.5142270861834,30.88569648256801,6,3,equal_insufficient_prior,688.1218295045652,841.0377916166907,665.1844351877463,863.9751859335096,3,fallback,76.45798105606279,99.39537537288163,738.0
adj_ebitda_musd,W2,0,PIT,stack,2025Q1,2025-02-13,395.890325778546,395.890325778546,417.0,-21.109674221453986,21.109674221453986,clip_off,,2301.0778224333208,17.204560485481707,6,4,invmae_shrunk_lam0.5,335.49297255259836,456.28767900449367,320.39363424611145,471.3870173109806,4,split_conformal,60.397353225947654,75.49669153243457,424.0
adj_ebitda_musd,W2,0,PIT,stack,2025Q2,2025-05-01,975.3738110826864,975.3738110826864,1043.0,-67.62618891731358,67.62618891731358,clip_off,,3081.826896573036,31.64920820722583,6,5,invmae_shrunk_lam0.5,914.9764578567388,1035.771164308634,902.8969872115492,1047.8506349538236,5,split_conformal,60.397353225947654,72.47682387113719,894.0
adj_ebitda_musd,W2,0,PIT,stack,2025Q3,2025-08-06,2091.9493189017003,2091.9493189017003,2051.0,40.94931890170028,40.94931890170028,clip_off,,4139.566689730157,50.53546604507214,6,6,invmae_shrunk_lam0.5,2024.3231299843867,2159.575507819014,2013.0520984981677,2170.846539305233,6,split_conformal,67.62618891731358,78.89722040353251,1958.0
adj_ebitda_musd,W2,0,PIT,stack,2025Q4,2025-11-06,798.580412573146,798.580412573146,786.0,12.580412573145964,12.580412573145964,clip_off,,2742.707460716992,29.1164998094395,6,7,invmae_shrunk_lam0.5,730.9542236558324,866.2066014904595,721.2933395247876,875.8674856215043,7,split_conformal,67.62618891731358,77.28707304835838,765.0
adj_ebitda_musd,W2,0,PIT,stack,2026Q1,2026-02-12,510.2921839379263,510.2921839379263,519.0,-8.707816062073675,8.707816062073675,clip_off,,2661.139952591579,19.175698874498238,6,8,invmae_shrunk_lam0.5,442.66599502061274,577.9183728552399,434.2127214059485,586.3716464699041,8,split_conformal,67.62618891731358,76.07946253197778,417.0
adj_ebitda_musd,W2,0,PIT,stack,2026Q2,2026-05-07,1263.0678017115088,1263.0678017115088,1261.0,2.067801711508764,2.067801711508764,clip_off,,3639.950050096528,34.700141054903035,6,9,invmae_shrunk_lam0.5,1202.670448485561,1323.4651549374564,1195.4416127941952,1330.6939906288223,9,split_conformal,60.397353225947654,67.62618891731358,1043.0
adj_ebitda_musd,W2,0,PIT,stack_clip,2024Q1,2024-02-13,363.60264677405235,363.60264677405235,424.0,-60.397353225947654,60.397353225947654,sentence_not_binding,,2101.9769085380885,17.298127553025104,6,0,equal_insufficient_prior,327.24238209664713,399.96291145145756,316.33430269342557,410.8709908546791,0,fallback,36.36026467740523,47.268344080626804,262.0
adj_ebitda_musd,W2,0,PIT,stack_clip,2024Q2,2024-05-08,911.6939324637925,911.6939324637925,894.0,17.69393246379252,17.69393246379252,sentence_not_binding,,2778.7109376284,32.809959471419994,6,1,equal_insufficient_prior,820.5245392174132,1002.8633257101718,793.1737212434995,1030.2141436840855,1,fallback,91.16939324637926,118.52021122029304,819.0
adj_ebitda_musd,W2,0,PIT,stack_clip,2024Q3,2024-08-06,1984.8191969112174,1984.8191969112174,1958.0,26.819196911217432,26.819196911217432,sentence_not_binding,,3793.811981263867,52.31727894564761,6,2,equal_insufficient_prior,1786.3372772200958,2183.3011166023393,1726.7927013127592,2242.8456925096757,2,fallback,198.48191969112176,258.02649559845827,1834.0
adj_ebitda_musd,W2,0,PIT,stack_clip,2024Q4,2024-11-07,764.579810560628,764.579810560628,765.0,-0.4201894393720522,0.4201894393720522,sentence_not_binding,,2475.5142270861834,30.88569648256801,6,3,equal_insufficient_prior,688.1218295045652,841.0377916166907,665.1844351877463,863.9751859335096,3,fallback,76.45798105606279,99.39537537288163,738.0
adj_ebitda_musd,W2,0,PIT,stack_clip,2025Q1,2025-02-13,395.890325778546,395.890325778546,417.0,-21.109674221453986,21.109674221453986,sentence_not_binding,,2301.0778224333208,17.204560485481707,6,4,invmae_shrunk_lam0.5,335.49297255259836,456.28767900449367,320.39363424611145,471.3870173109806,4,split_conformal,60.397353225947654,75.49669153243457,424.0
adj_ebitda_musd,W2,0,PIT,stack_clip,2025Q2,2025-05-01,975.3738110826864,975.3738110826864,1043.0,-67.62618891731358,67.62618891731358,sentence_not_binding,,3081.826896573036,31.64920820722583,6,5,invmae_shrunk_lam0.5,914.9764578567388,1035.771164308634,902.8969872115492,1047.8506349538236,5,split_conformal,60.397353225947654,72.47682387113719,894.0
adj_ebitda_musd,W2,0,PIT,stack_clip,2025Q3,2025-08-06,2091.9493189017003,2091.9493189017003,2051.0,40.94931890170028,40.94931890170028,sentence_not_binding,,4139.566689730157,50.53546604507214,6,6,invmae_shrunk_lam0.5,2024.3231299843867,2159.575507819014,2013.0520984981677,2170.846539305233,6,split_conformal,67.62618891731358,78.89722040353251,1958.0
adj_ebitda_musd,W2,0,PIT,stack_clip,2025Q4,2025-11-06,798.580412573146,798.580412573146,786.0,12.580412573145964,12.580412573145964,sentence_not_binding,,2742.707460716992,29.1164998094395,6,7,invmae_shrunk_lam0.5,730.9542236558324,866.2066014904595,721.2933395247876,875.8674856215043,7,split_conformal,67.62618891731358,77.28707304835838,765.0
adj_ebitda_musd,W2,0,PIT,stack_clip,2026Q1,2026-02-12,510.2921839379263,510.2921839379263,519.0,-8.707816062073675,8.707816062073675,sentence_not_binding,,2661.139952591579,19.175698874498238,6,8,invmae_shrunk_lam0.5,442.66599502061274,577.9183728552399,434.2127214059485,586.3716464699041,8,split_conformal,67.62618891731358,76.07946253197778,417.0
adj_ebitda_musd,W2,0,PIT,stack_clip,2026Q2,2026-05-07,1263.0678017115088,1263.0678017115088,1261.0,2.067801711508764,2.067801711508764,sentence_not_binding,,3639.950050096528,34.700141054903035,6,9,invmae_shrunk_lam0.5,1202.670448485561,1323.4651549374564,1195.4416127941952,1330.6939906288223,9,split_conformal,60.397353225947654,67.62618891731358,1043.0
adj_ebitda_musd,W2,0,PIT,stack_ew_clip,2024Q1,2024-02-13,363.60264677405235,363.60264677405235,424.0,-60.397353225947654,60.397353225947654,sentence_not_binding,,2101.9769085380885,17.298127553025104,6,0,equal_insufficient_prior,327.24238209664713,399.96291145145756,316.33430269342557,410.8709908546791,0,fallback,36.36026467740523,47.268344080626804,262.0
adj_ebitda_musd,W2,0,PIT,stack_ew_clip,2024Q2,2024-05-08,911.6939324637925,911.6939324637925,894.0,17.69393246379252,17.69393246379252,sentence_not_binding,,2778.7109376284,32.809959471419994,6,1,equal_insufficient_prior,820.5245392174132,1002.8633257101718,793.1737212434995,1030.2141436840855,1,fallback,91.16939324637926,118.52021122029304,819.0
adj_ebitda_musd,W2,0,PIT,stack_ew_clip,2024Q3,2024-08-06,1984.8191969112174,1984.8191969112174,1958.0,26.819196911217432,26.819196911217432,sentence_not_binding,,3793.811981263867,52.31727894564761,6,2,equal_insufficient_prior,1786.3372772200958,2183.3011166023393,1726.7927013127592,2242.8456925096757,2,fallback,198.48191969112176,258.02649559845827,1834.0
adj_ebitda_musd,W2,0,PIT,stack_ew_clip,2024Q4,2024-11-07,764.579810560628,764.579810560628,765.0,-0.4201894393720522,0.4201894393720522,sentence_not_binding,,2475.5142270861834,30.88569648256801,6,3,equal_insufficient_prior,688.1218295045652,841.0377916166907,665.1844351877463,863.9751859335096,3,fallback,76.45798105606279,99.39537537288163,738.0
adj_ebitda_musd,W2,0,PIT,stack_ew_clip,2025Q1,2025-02-13,395.6119362646544,395.6119362646544,417.0,-21.38806373534561,21.38806373534561,sentence_not_binding,,2301.0778224333208,17.19246226302362,6,4,invmae_shrunk_lam1.0,335.21458303870673,456.00928949060204,320.1152447322198,471.10862779708896,4,split_conformal,60.397353225947654,75.49669153243457,424.0
adj_ebitda_musd,W2,0,PIT,stack_ew_clip,2025Q2,2025-05-01,973.9438887669976,973.9438887669976,1043.0,-69.05611123300241,69.05611123300241,sentence_not_binding,,3081.826896573036,31.60280967922029,6,5,invmae_shrunk_lam1.0,913.5465355410499,1034.3412419929452,901.4670648958604,1046.4207126381348,5,split_conformal,60.397353225947654,72.47682387113719,894.0
adj_ebitda_musd,W2,0,PIT,stack_ew_clip,2025Q3,2025-08-06,2093.525791093749,2093.525791093749,2051.0,42.52579109374892,42.52579109374892,sentence_not_binding,,4139.566689730157,50.57354906946113,6,6,invmae_shrunk_lam1.0,2024.4696798607465,2162.5819023267513,2012.9603279885794,2174.0912541989183,6,split_conformal,69.05611123300241,80.56546310516948,1958.0
adj_ebitda_musd,W2,0,PIT,stack_ew_clip,2025Q4,2025-11-06,799.0079523972095,799.0079523972095,786.0,13.007952397209465,13.007952397209465,sentence_not_binding,,2742.707460716992,29.1320880495339,6,7,invmae_shrunk_lam1.0,729.951841164207,868.0640636302119,720.0866824166353,877.9292223777836,7,split_conformal,69.05611123300241,78.92126998057418,765.0
adj_ebitda_musd,W2,0,PIT,stack_ew_clip,2026Q1,2026-02-12,508.59739980560613,508.59739980560613,519.0,-10.40260019439387,10.40260019439387,sentence_not_binding,,2661.139952591579,19.11201247834798,6,8,invmae_shrunk_lam1.0,439.5412885726037,577.6535110386085,430.9092746684784,586.2855249427339,8,split_conformal,69.05611123300241,77.68812513712771,417.0
adj_ebitda_musd,W2,0,PIT,stack_ew_clip,2026Q2,2026-05-07,1264.1185503898569,1264.1185503898569,1261.0,3.118550389856864,3.118550389856864,sentence_not_binding,,3639.950050096528,34.729008172964726,6,9,invmae_shrunk_lam1.0,1203.7211971639092,1324.5159036158045,1195.0624391568545,1333.1746616228593,9,split_conformal,60.397353225947654,69.05611123300241,1043.0
adj_ebitda_musd,W2,0,PIT,stack_lam25_clip,2024Q1,2024-02-13,363.60264677405235,363.60264677405235,424.0,-60.397353225947654,60.397353225947654,sentence_not_binding,,2101.9769085380885,17.298127553025104,6,0,equal_insufficient_prior,327.24238209664713,399.96291145145756,316.33430269342557,410.8709908546791,0,fallback,36.36026467740523,47.268344080626804,262.0
adj_ebitda_musd,W2,0,PIT,stack_lam25_clip,2024Q2,2024-05-08,911.6939324637925,911.6939324637925,894.0,17.69393246379252,17.69393246379252,sentence_not_binding,,2778.7109376284,32.809959471419994,6,1,equal_insufficient_prior,820.5245392174132,1002.8633257101718,793.1737212434995,1030.2141436840855,1,fallback,91.16939324637926,118.52021122029304,819.0
adj_ebitda_musd,W2,0,PIT,stack_lam25_clip,2024Q3,2024-08-06,1984.8191969112174,1984.8191969112174,1958.0,26.819196911217432,26.819196911217432,sentence_not_binding,,3793.811981263867,52.31727894564761,6,2,equal_insufficient_prior,1786.3372772200958,2183.3011166023393,1726.7927013127592,2242.8456925096757,2,fallback,198.48191969112176,258.02649559845827,1834.0
adj_ebitda_musd,W2,0,PIT,stack_lam25_clip,2024Q4,2024-11-07,764.579810560628,764.579810560628,765.0,-0.4201894393720522,0.4201894393720522,sentence_not_binding,,2475.5142270861834,30.88569648256801,6,3,equal_insufficient_prior,688.1218295045652,841.0377916166907,665.1844351877463,863.9751859335096,3,fallback,76.45798105606279,99.39537537288163,738.0
adj_ebitda_musd,W2,0,PIT,stack_lam25_clip,2025Q1,2025-02-13,396.02952053549177,396.02952053549177,417.0,-20.97047946450823,20.97047946450823,sentence_not_binding,,2301.0778224333208,17.210609596710746,6,4,invmae_shrunk_lam0.25,335.6321673095441,456.4268737614394,320.5328290030572,471.52621206792634,4,split_conformal,60.397353225947654,75.49669153243457,424.0
adj_ebitda_musd,W2,0,PIT,stack_lam25_clip,2025Q2,2025-05-01,976.0887722405305,976.0887722405305,1043.0,-66.91122775946951,66.91122775946951,sentence_not_binding,,3081.826896573036,31.672407471228592,6,5,invmae_shrunk_lam0.25,915.6914190145828,1036.4861254664781,903.6119483693933,1048.5655961116677,5,split_conformal,60.397353225947654,72.47682387113719,894.0
adj_ebitda_musd,W2,0,PIT,stack_lam25_clip,2025Q3,2025-08-06,2091.161082805676,2091.161082805676,2051.0,40.16108280567596,40.16108280567596,sentence_not_binding,,4139.566689730157,50.51642453287765,6,6,invmae_shrunk_lam0.25,2024.2498550462064,2158.0723105651455,2013.0979837529615,2169.2241818583902,6,split_conformal,66.91122775946951,78.06309905271443,1958.0
adj_ebitda_musd,W2,0,PIT,stack_lam25_clip,2025Q4,2025-11-06,798.3666426611138,798.3666426611138,786.0,12.366642661113815,12.366642661113815,sentence_not_binding,,2742.707460716992,29.10870568939229,6,7,invmae_shrunk_lam0.25,731.4554149016443,865.2778704205833,721.896668078863,874.8366172433647,7,split_conformal,66.91122775946951,76.46997458225087,765.0
adj_ebitda_musd,W2,0,PIT,stack_lam25_clip,2026Q1,2026-02-12,511.1395760040867,511.1395760040867,519.0,-7.860423995913322,7.860423995913322,sentence_not_binding,,2661.139952591579,19.207542072573375,6,8,invmae_shrunk_lam0.25,444.22834824461717,578.0508037635561,435.8644447746835,586.4147072334899,8,split_conformal,66.91122775946951,75.2751312294032,417.0
adj_ebitda_musd,W2,0,PIT,stack_lam25_clip,2026Q2,2026-05-07,1262.5424273723345,1262.5424273723345,1261.0,1.5424273723344868,1.5424273723344868,sentence_not_binding,,3639.950050096528,34.68570749587218,6,9,invmae_shrunk_lam0.25,1202.1450741463868,1322.9397805982821,1195.631199612865,1329.453655131804,9,split_conformal,60.397353225947654,66.91122775946951,1043.0
adj_ebitda_musd,W2,0,full_sample,stack,2024Q1,2024-02-13,355.8087526413727,355.8087526413727,424.0,-68.19124735862732,68.19124735862732,clip_off,,2101.58940397351,16.93045996371314,6,9,invmae_shrunk_lam0.5,320.2278773772354,391.38962790550994,309.5536147979942,402.06389048475114,0,fallback,35.58087526413727,46.25513784337845,262.0
adj_ebitda_musd,W2,0,full_sample,stack,2024Q2,2024-05-08,922.2638405132761,922.2638405132761,894.0,28.263840513276136,28.263840513276136,clip_off,,2778.198675496689,33.196468224087425,6,9,invmae_shrunk_lam0.5,830.0374564619485,1014.4902245646037,802.3695412465503,1042.158139780002,1,fallback,92.22638405132761,119.8942992667259,819.0
adj_ebitda_musd,W2,0,full_sample,stack,2024Q3,2024-08-06,1995.1332131912918,1995.1332131912918,1958.0,37.133213191291816,37.133213191291816,clip_off,,3793.112582781457,52.59883986170212,6,9,invmae_shrunk_lam0.5,1795.6198918721625,2194.646534510421,1735.7658954764238,2254.50053090616,2,fallback,199.5133213191292,259.36731771486797,1834.0
adj_ebitda_musd,W2,0,full_sample,stack,2024Q4,2024-11-07,764.7424788064344,764.7424788064344,765.0,-0.25752119356559433,0.25752119356559433,clip_off,,2475.774834437086,30.889015760607847,6,9,invmae_shrunk_lam0.5,688.2682309257909,841.2167266870779,665.3259565615979,864.1590010512709,3,fallback,76.47424788064345,99.41652224483647,738.0
adj_ebitda_musd,W2,0,full_sample,stack,2025Q1,2025-02-13,397.30157728503855,397.30157728503855,417.0,-19.698422714961453,19.698422714961453,clip_off,,2306.6225165562914,17.224386497284186,6,9,invmae_shrunk_lam0.5,329.1103299264112,465.49282464366587,312.0625180867544,482.5406364833227,4,split_conformal,68.19124735862732,85.23905919828415,424.0
adj_ebitda_musd,W2,0,full_sample,stack,2025Q2,2025-05-01,976.9216676897765,976.9216676897765,1043.0,-66.07833231022346,66.07833231022346,clip_off,,3096.0000000000005,31.55431743184032,6,9,invmae_shrunk_lam0.5,908.7304203311492,1045.112915048404,895.0921708594237,1058.7511645201294,5,split_conformal,68.19124735862732,81.82949683035278,894.0
adj_ebitda_musd,W2,0,full_sample,stack,2025Q3,2025-08-06,2098.7448428665666,2098.7448428665666,2051.0,47.744842866566614,47.744842866566614,clip_off,,4162.172185430464,50.424267650750934,6,9,invmae_shrunk_lam0.5,2030.5535955079392,2166.9360902251938,2019.1883876148347,2178.3012981182983,6,split_conformal,68.19124735862732,79.55645525173188,1958.0
adj_ebitda_musd,W2,0,full_sample,stack,2025Q4,2025-11-06,802.3694377141562,802.3694377141562,786.0,16.36943771415622,16.36943771415622,clip_off,,2757.695364238411,29.095651685070933,6,9,invmae_shrunk_lam0.5,734.1781903555288,870.5606850727836,724.4365835900107,880.3022918383017,7,split_conformal,68.19124735862732,77.9328541241455,765.0
adj_ebitda_musd,W2,0,full_sample,stack,2026Q1,2026-02-12,513.6299175058621,513.6299175058621,519.0,-5.370082494137932,5.370082494137932,clip_off,,2675.682119205298,19.196223416046703,6,9,invmae_shrunk_lam0.5,445.43867014723475,581.8211648644894,436.9147642274063,590.3450707843178,8,split_conformal,68.19124735862732,76.71515327845574,417.0
adj_ebitda_musd,W2,0,full_sample,stack,2026Q2,2026-05-07,1269.2002032480855,1269.2002032480855,1261.0,8.200203248085472,8.200203248085472,clip_off,,3659.841059602649,34.679107168273674,6,9,invmae_shrunk_lam0.5,1203.121870937862,1335.278535558309,1201.008955889458,1337.3914506067129,9,split_conformal,66.07833231022346,68.19124735862732,1043.0
adj_ebitda_musd,W2,0,full_sample,stack_clip,2024Q1,2024-02-13,355.8087526413727,355.8087526413727,424.0,-68.19124735862732,68.19124735862732,sentence_not_binding,,2101.58940397351,16.93045996371314,6,9,invmae_shrunk_lam0.5,320.2278773772354,391.38962790550994,309.5536147979942,402.06389048475114,0,fallback,35.58087526413727,46.25513784337845,262.0
adj_ebitda_musd,W2,0,full_sample,stack_clip,2024Q2,2024-05-08,916.0002879355026,922.2638405132761,894.0,22.00028793550257,22.00028793550257,clipped_ceiling,,2778.198675496689,32.971014492753625,6,9,invmae_shrunk_lam0.5,824.4002591419523,1007.6003167290528,796.9202505038872,1035.080325367118,1,fallback,91.60002879355027,119.08003743161534,819.0
adj_ebitda_musd,W2,0,full_sample,stack_clip,2024Q3,2024-08-06,1995.1332131912918,1995.1332131912918,1958.0,37.133213191291816,37.133213191291816,sentence_not_binding,,3793.112582781457,52.59883986170212,6,9,invmae_shrunk_lam0.5,1795.6198918721625,2194.646534510421,1735.7658954764238,2254.50053090616,2,fallback,199.5133213191292,259.36731771486797,1834.0
adj_ebitda_musd,W2,0,full_sample,stack_clip,2024Q4,2024-11-07,764.7424788064344,764.7424788064344,765.0,-0.25752119356559433,0.25752119356559433,sentence_not_binding,,2475.774834437086,30.889015760607847,6,9,invmae_shrunk_lam0.5,688.2682309257909,841.2167266870779,665.3259565615979,864.1590010512709,3,fallback,76.47424788064345,99.41652224483647,738.0
adj_ebitda_musd,W2,0,full_sample,stack_clip,2025Q1,2025-02-13,397.30157728503855,397.30157728503855,417.0,-19.698422714961453,19.698422714961453,sentence_not_binding,,2306.6225165562914,17.224386497284186,6,9,invmae_shrunk_lam0.5,329.1103299264112,465.49282464366587,312.0625180867544,482.5406364833227,4,split_conformal,68.19124735862732,85.23905919828415,424.0
adj_ebitda_musd,W2,0,full_sample,stack_clip,2025Q2,2025-05-01,976.9216676897765,976.9216676897765,1043.0,-66.07833231022346,66.07833231022346,sentence_not_binding,,3096.0000000000005,31.55431743184032,6,9,invmae_shrunk_lam0.5,908.7304203311492,1045.112915048404,895.0921708594237,1058.7511645201294,5,split_conformal,68.19124735862732,81.82949683035278,894.0
adj_ebitda_musd,W2,0,full_sample,stack_clip,2025Q3,2025-08-06,2098.7448428665666,2098.7448428665666,2051.0,47.744842866566614,47.744842866566614,sentence_not_binding,,4162.172185430464,50.424267650750934,6,9,invmae_shrunk_lam0.5,2030.5535955079392,2166.9360902251938,2019.1883876148347,2178.3012981182983,6,split_conformal,68.19124735862732,79.55645525173188,1958.0
adj_ebitda_musd,W2,0,full_sample,stack_clip,2025Q4,2025-11-06,802.3694377141562,802.3694377141562,786.0,16.36943771415622,16.36943771415622,sentence_not_binding,,2757.695364238411,29.095651685070933,6,9,invmae_shrunk_lam0.5,734.1781903555288,870.5606850727836,724.4365835900107,880.3022918383017,7,split_conformal,68.19124735862732,77.9328541241455,765.0
adj_ebitda_musd,W2,0,full_sample,stack_clip,2026Q1,2026-02-12,513.6299175058621,513.6299175058621,519.0,-5.370082494137932,5.370082494137932,sentence_not_binding,,2675.682119205298,19.196223416046703,6,9,invmae_shrunk_lam0.5,445.43867014723475,581.8211648644894,436.9147642274063,590.3450707843178,8,split_conformal,68.19124735862732,76.71515327845574,417.0
adj_ebitda_musd,W2,0,full_sample,stack_clip,2026Q2,2026-05-07,1269.2002032480855,1269.2002032480855,1261.0,8.200203248085472,8.200203248085472,sentence_not_binding,,3659.841059602649,34.679107168273674,6,9,invmae_shrunk_lam0.5,1203.121870937862,1335.278535558309,1201.008955889458,1337.3914506067129,9,split_conformal,66.07833231022346,68.19124735862732,1043.0
adj_ebitda_musd,W2,0,full_sample,stack_ew_clip,2024Q1,2024-02-13,353.0568517456466,353.0568517456466,424.0,-70.94314825435339,70.94314825435339,sentence_not_binding,,2101.58940397351,16.799516169910078,6,9,invmae_shrunk_lam1.0,317.75116657108197,388.36253692021126,307.15946101871253,398.9542424725807,0,fallback,35.305685174564665,45.89739072693406,262.0
adj_ebitda_musd,W2,0,full_sample,stack_ew_clip,2024Q2,2024-05-08,915.208276935385,915.208276935385,894.0,21.208276935385015,21.208276935385015,sentence_not_binding,,2778.198675496689,32.94250641638375,6,9,invmae_shrunk_lam1.0,823.6874492418465,1006.7291046289236,796.231200933785,1034.185352936985,1,fallback,91.52082769353851,118.97707600160005,819.0
adj_ebitda_musd,W2,0,full_sample,stack_ew_clip,2024Q3,2024-08-06,1990.9432359146406,1990.9432359146406,1958.0,32.94323591464058,32.94323591464058,sentence_not_binding,,3793.112582781457,52.48837709042368,6,9,invmae_shrunk_lam1.0,1791.8489123231766,2190.0375595061046,1732.1206152457373,2249.765856583544,2,fallback,199.09432359146408,258.8226206689033,1834.0
adj_ebitda_musd,W2,0,full_sample,stack_ew_clip,2024Q4,2024-11-07,763.8333871804704,763.8333871804704,765.0,-1.1666128195296324,1.1666128195296324,sentence_not_binding,,2475.774834437086,30.85229628138385,6,9,invmae_shrunk_lam1.0,687.4500484624233,840.2167258985174,664.5350468470092,863.1317275139315,3,fallback,76.38333871804704,99.29834033346116,738.0
adj_ebitda_musd,W2,0,full_sample,stack_ew_clip,2025Q1,2025-02-13,397.14489546028324,397.14489546028324,417.0,-19.855104539716763,19.855104539716763,sentence_not_binding,,2306.6225165562914,17.217593802613486,6,9,invmae_shrunk_lam1.0,326.20174720592985,468.0880437146366,308.4659601423415,485.823830778225,4,split_conformal,70.94314825435339,88.67893531794174,424.0
adj_ebitda_musd,W2,0,full_sample,stack_ew_clip,2025Q2,2025-05-01,976.1872326516019,976.1872326516019,1043.0,-66.8127673483981,66.8127673483981,sentence_not_binding,,3096.0000000000005,31.530595369883777,6,9,invmae_shrunk_lam1.0,905.2440843972486,1047.1303809059552,891.0554547463778,1061.319010556826,5,split_conformal,70.94314825435339,85.13177790522407,894.0
adj_ebitda_musd,W2,0,full_sample,stack_ew_clip,2025Q3,2025-08-06,2099.0043068579184,2099.0043068579184,2051.0,48.004306857918436,48.004306857918436,sentence_not_binding,,4162.172185430464,50.430501510855514,6,9,invmae_shrunk_lam1.0,2028.061158603565,2169.9474551122717,2016.2373005611728,2181.771313154664,6,split_conformal,70.94314825435339,82.76700629674562,1958.0
adj_ebitda_musd,W2,0,full_sample,stack_ew_clip,2025Q4,2025-11-06,802.8043700607302,802.8043700607302,786.0,16.804370060730207,16.804370060730207,sentence_not_binding,,2757.695364238411,29.111423272905256,6,9,invmae_shrunk_lam1.0,731.8612218063768,873.7475183150837,721.7264863414692,883.8822537799912,7,split_conformal,70.94314825435339,81.07788371926101,765.0
adj_ebitda_musd,W2,0,full_sample,stack_ew_clip,2026Q1,2026-02-12,512.0278607582461,512.0278607582461,519.0,-6.972139241753894,6.972139241753894,sentence_not_binding,,2675.682119205298,19.136348712093014,6,9,invmae_shrunk_lam1.0,441.0847125038927,582.9710090125996,432.2168189720985,591.8389025443937,8,split_conformal,70.94314825435339,79.81104178614757,417.0
adj_ebitda_musd,W2,0,full_sample,stack_ew_clip,2026Q2,2026-05-07,1269.5194362266975,1269.5194362266975,1261.0,8.519436226697508,8.519436226697508,sentence_not_binding,,3659.841059602649,34.687829759594266,6,9,invmae_shrunk_lam1.0,1202.7066688782993,1336.3322035750957,1198.576287972344,1340.462584481051,9,split_conformal,66.8127673483981,70.94314825435339,1043.0
adj_ebitda_musd,W2,0,full_sample,stack_lam25_clip,2024Q1,2024-02-13,357.1847030892357,357.1847030892357,424.0,-66.81529691076429,66.81529691076429,sentence_not_binding,,2101.58940397351,16.995931860614668,6,9,invmae_shrunk_lam0.25,321.4662327803121,392.9031733981593,310.7506916876351,403.61871449083634,0,fallback,35.71847030892357,46.43401140160064,262.0
adj_ebitda_musd,W2,0,full_sample,stack_lam25_clip,2024Q2,2024-05-08,916.0002879355026,925.7916223022216,894.0,22.00028793550257,22.00028793550257,clipped_ceiling,,2778.198675496689,32.971014492753625,6,9,invmae_shrunk_lam0.25,824.4002591419523,1007.6003167290528,796.9202505038872,1035.080325367118,1,fallback,91.60002879355027,119.08003743161534,819.0
adj_ebitda_musd,W2,0,full_sample,stack_lam25_clip,2024Q3,2024-08-06,1997.2282018296175,1997.2282018296175,1958.0,39.22820182961755,39.22820182961755,sentence_not_binding,,3793.112582781457,52.654071247341335,6,9,invmae_shrunk_lam0.25,1797.5053816466557,2196.9510220125794,1737.5885355917671,2256.867868067468,2,fallback,199.72282018296175,259.6396662378503,1834.0
adj_ebitda_musd,W2,0,full_sample,stack_lam25_clip,2024Q4,2024-11-07,765.1970246194164,765.1970246194164,765.0,0.19702461941642468,0.19702461941642468,sentence_not_binding,,2475.774834437086,30.90737550021985,6,9,invmae_shrunk_lam0.25,688.6773221574748,841.716727081358,665.7214114188923,864.6726378199405,3,fallback,76.51970246194165,99.47561320052414,738.0
adj_ebitda_musd,W2,0,full_sample,stack_lam25_clip,2025Q1,2025-02-13,397.37991819741615,397.37991819741615,417.0,-19.620081802583854,19.620081802583854,sentence_not_binding,,2306.6225165562914,17.227782844619536,6,9,invmae_shrunk_lam0.25,330.56462128665186,464.19521510818043,313.86079705896077,480.8990393358715,4,split_conformal,66.81529691076429,83.51912113845536,424.0
adj_ebitda_musd,W2,0,full_sample,stack_lam25_clip,2025Q2,2025-05-01,977.2888852088633,977.2888852088633,1043.0,-65.71111479113665,65.71111479113665,sentence_not_binding,,3096.0000000000005,31.566178462818577,6,9,invmae_shrunk_lam0.25,910.473588298099,1044.1041821196277,897.1105289159462,1057.4672415017806,5,split_conformal,66.81529691076429,80.17835629291714,894.0
adj_ebitda_musd,W2,0,full_sample,stack_lam25_clip,2025Q3,2025-08-06,2098.615110870891,2098.615110870891,2051.0,47.61511087089093,47.61511087089093,sentence_not_binding,,4162.172185430464,50.42115072069864,6,9,invmae_shrunk_lam0.25,2031.7998139601266,2165.430407781655,2020.663931141666,2176.5662906001157,6,split_conformal,66.81529691076429,77.951179729225,1958.0
adj_ebitda_musd,W2,0,full_sample,stack_lam25_clip,2025Q4,2025-11-06,802.1519715408691,802.1519715408691,786.0,16.151971540869113,16.151971540869113,sentence_not_binding,,2757.695364238411,29.087765891153765,6,9,invmae_shrunk_lam0.25,735.3366746301049,868.9672684516333,725.7916322142813,878.5123108674569,7,split_conformal,66.81529691076429,76.36033932658776,765.0
adj_ebitda_musd,W2,0,full_sample,stack_lam25_clip,2026Q1,2026-02-12,514.4309458796698,514.4309458796698,519.0,-4.569054120330179,4.569054120330179,sentence_not_binding,,2675.682119205298,19.226160768023536,6,9,invmae_shrunk_lam0.25,447.61564896890553,581.246242790434,439.26373685505996,589.5981549042797,8,split_conformal,66.81529691076429,75.16720902460983,417.0
adj_ebitda_musd,W2,0,full_sample,stack_lam25_clip,2026Q2,2026-05-07,1269.0405867587797,1269.0405867587797,1261.0,8.040586758779682,8.040586758779682,sentence_not_binding,,3659.841059602649,34.67474587261339,6,9,invmae_shrunk_lam0.25,1203.329471967643,1334.7517015499163,1202.2252898480153,1335.855883669544,9,split_conformal,65.71111479113665,66.81529691076429,1043.0
adj_ebitda_musd,W2,1,PIT,stack,2024Q2,2024-02-13,1012.3635687682455,1012.3635687682455,894.0,118.3635687682455,118.3635687682455,clip_off,,2896.6940063091483,34.948930282703856,4,0,equal_insufficient_prior,911.127211891421,1113.59992564507,880.7563048283736,1143.9708327081175,0,fallback,101.23635687682456,131.60726393987193,819.0
adj_ebitda_musd,W2,1,PIT,stack,2024Q3,2024-05-08,2151.4778001367736,2151.4778001367736,1958.0,193.47780013677357,193.47780013677357,clip_off,,4002.4059405940593,53.75461240239513,4,0,equal_insufficient_prior,1936.3300201230961,2366.625580150451,1871.785686118993,2431.169914154554,0,fallback,215.14778001367736,279.69211401778057,1834.0
adj_ebitda_musd,W2,1,PIT,stack,2024Q4,2024-08-06,767.3043355805144,767.3043355805144,765.0,2.304335580514362,2.304335580514362,clip_off,,2453.7294685990337,31.270942677254872,4,1,equal_insufficient_prior,690.5739020224629,844.0347691385658,667.5547719550475,867.0538992059812,1,fallback,76.73043355805144,99.74956362546688,738.0
adj_ebitda_musd,W2,1,PIT,stack,2025Q1,2024-11-07,436.5211317656315,436.5211317656315,417.0,19.52113176563148,19.52113176563148,clip_off,,2353.2363850456286,18.54982077192247,4,2,equal_insufficient_prior,392.86901858906833,480.17324494219463,379.77338463609937,493.2688788951636,2,fallback,43.65211317656315,56.747747129532094,424.0
adj_ebitda_musd,W2,1,PIT,stack,2025Q2,2025-02-13,979.7164594249145,979.7164594249145,1043.0,-63.28354057508545,63.28354057508545,clip_off,,3072.605951307484,31.885522418129028,4,3,equal_insufficient_prior,881.7448134824231,1077.688105367406,852.3533196996757,1107.0795991501534,3,fallback,97.97164594249146,127.3631397252389,894.0
adj_ebitda_musd,W2,1,PIT,stack,2025Q3,2025-05-01,1999.251655554392,1999.251655554392,2051.0,-51.74834444560793,51.74834444560793,clip_off,,3958.498599439776,50.50530157664664,4,4,invmae_shrunk_lam0.5,1805.7738554176185,2192.7294556911656,1757.404405383425,2241.098905725359,4,split_conformal,193.47780013677357,241.84725017096696,1958.0
adj_ebitda_musd,W2,1,PIT,stack,2025Q4,2025-08-06,846.0520762828205,846.0520762828205,786.0,60.05207628282051,60.05207628282051,clip_off,,2794.061135371179,30.280370947231482,4,5,invmae_shrunk_lam0.5,652.5742761460469,1039.529876419594,613.8787161186922,1078.2254364469488,5,split_conformal,193.47780013677357,232.17336016412827,765.0
adj_ebitda_musd,W2,1,PIT,stack,2026Q1,2025-11-06,437.5299242176687,437.5299242176687,519.0,-81.47007578233132,81.47007578233132,clip_off,,2492.990353697749,17.550405823620565,4,6,invmae_shrunk_lam0.5,244.0521240808951,631.0077243544422,211.80582405809952,663.2540243772378,6,split_conformal,193.47780013677357,225.72410015956916,417.0
adj_ebitda_musd,W2,1,PIT,stack,2026Q2,2026-02-12,1175.4172107876889,1175.4172107876889,1261.0,-85.58278921231113,85.58278921231113,clip_off,,3468.0193548387097,33.893040681785784,4,7,invmae_shrunk_lam0.5,981.9394106509153,1368.8950109244624,954.2997249170905,1396.5346966582872,7,split_conformal,193.47780013677357,221.11748587059836,1043.0
adj_ebitda_musd,W2,1,PIT,stack_clip,2024Q2,2024-02-13,1012.3635687682455,1012.3635687682455,894.0,118.3635687682455,118.3635687682455,no_sentence,,2896.6940063091483,34.948930282703856,4,0,equal_insufficient_prior,911.127211891421,1113.59992564507,880.7563048283736,1143.9708327081175,0,fallback,101.23635687682456,131.60726393987193,819.0
adj_ebitda_musd,W2,1,PIT,stack_clip,2024Q3,2024-05-08,2151.4778001367736,2151.4778001367736,1958.0,193.47780013677357,193.47780013677357,no_sentence,,4002.4059405940593,53.75461240239513,4,0,equal_insufficient_prior,1936.3300201230961,2366.625580150451,1871.785686118993,2431.169914154554,0,fallback,215.14778001367736,279.69211401778057,1834.0
adj_ebitda_musd,W2,1,PIT,stack_clip,2024Q4,2024-08-06,767.3043355805144,767.3043355805144,765.0,2.304335580514362,2.304335580514362,no_sentence,,2453.7294685990337,31.270942677254872,4,1,equal_insufficient_prior,690.5739020224629,844.0347691385658,667.5547719550475,867.0538992059812,1,fallback,76.73043355805144,99.74956362546688,738.0
adj_ebitda_musd,W2,1,PIT,stack_clip,2025Q1,2024-11-07,436.5211317656315,436.5211317656315,417.0,19.52113176563148,19.52113176563148,no_sentence,,2353.2363850456286,18.54982077192247,4,2,equal_insufficient_prior,392.86901858906833,480.17324494219463,379.77338463609937,493.2688788951636,2,fallback,43.65211317656315,56.747747129532094,424.0
adj_ebitda_musd,W2,1,PIT,stack_clip,2025Q2,2025-02-13,979.7164594249145,979.7164594249145,1043.0,-63.28354057508545,63.28354057508545,no_sentence,,3072.605951307484,31.885522418129028,4,3,equal_insufficient_prior,881.7448134824231,1077.688105367406,852.3533196996757,1107.0795991501534,3,fallback,97.97164594249146,127.3631397252389,894.0
adj_ebitda_musd,W2,1,PIT,stack_clip,2025Q3,2025-05-01,1999.251655554392,1999.251655554392,2051.0,-51.74834444560793,51.74834444560793,no_sentence,,3958.498599439776,50.50530157664664,4,4,invmae_shrunk_lam0.5,1805.7738554176185,2192.7294556911656,1757.404405383425,2241.098905725359,4,split_conformal,193.47780013677357,241.84725017096696,1958.0
adj_ebitda_musd,W2,1,PIT,stack_clip,2025Q4,2025-08-06,846.0520762828205,846.0520762828205,786.0,60.05207628282051,60.05207628282051,sentence_not_binding,,2794.061135371179,30.280370947231482,4,5,invmae_shrunk_lam0.5,652.5742761460469,1039.529876419594,613.8787161186922,1078.2254364469488,5,split_conformal,193.47780013677357,232.17336016412827,765.0
adj_ebitda_musd,W2,1,PIT,stack_clip,2026Q1,2025-11-06,437.5299242176687,437.5299242176687,519.0,-81.47007578233132,81.47007578233132,no_sentence,,2492.990353697749,17.550405823620565,4,6,invmae_shrunk_lam0.5,244.0521240808951,631.0077243544422,211.80582405809952,663.2540243772378,6,split_conformal,193.47780013677357,225.72410015956916,417.0
adj_ebitda_musd,W2,1,PIT,stack_clip,2026Q2,2026-02-12,1175.4172107876889,1175.4172107876889,1261.0,-85.58278921231113,85.58278921231113,no_sentence,,3468.0193548387097,33.893040681785784,4,7,invmae_shrunk_lam0.5,981.9394106509153,1368.8950109244624,954.2997249170905,1396.5346966582872,7,split_conformal,193.47780013677357,221.11748587059836,1043.0
adj_ebitda_musd,W2,1,PIT,stack_ew_clip,2024Q2,2024-02-13,1012.3635687682455,1012.3635687682455,894.0,118.3635687682455,118.3635687682455,no_sentence,,2896.6940063091483,34.948930282703856,4,0,equal_insufficient_prior,911.127211891421,1113.59992564507,880.7563048283736,1143.9708327081175,0,fallback,101.23635687682456,131.60726393987193,819.0
adj_ebitda_musd,W2,1,PIT,stack_ew_clip,2024Q3,2024-05-08,2151.4778001367736,2151.4778001367736,1958.0,193.47780013677357,193.47780013677357,no_sentence,,4002.4059405940593,53.75461240239513,4,0,equal_insufficient_prior,1936.3300201230961,2366.625580150451,1871.785686118993,2431.169914154554,0,fallback,215.14778001367736,279.69211401778057,1834.0
adj_ebitda_musd,W2,1,PIT,stack_ew_clip,2024Q4,2024-08-06,767.3043355805144,767.3043355805144,765.0,2.304335580514362,2.304335580514362,no_sentence,,2453.7294685990337,31.270942677254872,4,1,equal_insufficient_prior,690.5739020224629,844.0347691385658,667.5547719550475,867.0538992059812,1,fallback,76.73043355805144,99.74956362546688,738.0
adj_ebitda_musd,W2,1,PIT,stack_ew_clip,2025Q1,2024-11-07,436.5211317656315,436.5211317656315,417.0,19.52113176563148,19.52113176563148,no_sentence,,2353.2363850456286,18.54982077192247,4,2,equal_insufficient_prior,392.86901858906833,480.17324494219463,379.77338463609937,493.2688788951636,2,fallback,43.65211317656315,56.747747129532094,424.0
adj_ebitda_musd,W2,1,PIT,stack_ew_clip,2025Q2,2025-02-13,979.7164594249145,979.7164594249145,1043.0,-63.28354057508545,63.28354057508545,no_sentence,,3072.605951307484,31.885522418129028,4,3,equal_insufficient_prior,881.7448134824231,1077.688105367406,852.3533196996757,1107.0795991501534,3,fallback,97.97164594249146,127.3631397252389,894.0
adj_ebitda_musd,W2,1,PIT,stack_ew_clip,2025Q3,2025-05-01,1998.2356826985576,1998.2356826985576,2051.0,-52.76431730144236,52.76431730144236,no_sentence,,3958.498599439776,50.47963596554908,4,4,invmae_shrunk_lam1.0,1804.757882561784,2191.713482835331,1756.3884325275908,2240.0829328695245,4,split_conformal,193.47780013677357,241.84725017096696,1958.0
adj_ebitda_musd,W2,1,PIT,stack_ew_clip,2025Q4,2025-08-06,849.018377381282,849.018377381282,786.0,63.018377381281994,63.018377381281994,sentence_not_binding,,2794.061135371179,30.386535449536385,4,5,invmae_shrunk_lam1.0,655.5405772445084,1042.4961775180554,616.8450172171538,1081.1917375454102,5,split_conformal,193.47780013677357,232.17336016412827,765.0
adj_ebitda_musd,W2,1,PIT,stack_ew_clip,2026Q1,2025-11-06,434.5304268959468,434.5304268959468,519.0,-84.46957310405321,84.46957310405321,no_sentence,,2492.990353697749,17.430088578217955,4,6,invmae_shrunk_lam1.0,241.05262675917322,628.0082270327204,208.80632673637763,660.254527055516,6,split_conformal,193.47780013677357,225.72410015956916,417.0
adj_ebitda_musd,W2,1,PIT,stack_ew_clip,2026Q2,2026-02-12,1174.002889410763,1174.002889410763,1261.0,-86.99711058923708,86.99711058923708,no_sentence,,3468.0193548387097,33.852258862764145,4,7,invmae_shrunk_lam1.0,980.5250892739894,1367.4806895475365,952.8854035401646,1395.1203752813612,7,split_conformal,193.47780013677357,221.11748587059836,1043.0
adj_ebitda_musd,W2,1,PIT,stack_lam25_clip,2024Q2,2024-02-13,1012.3635687682455,1012.3635687682455,894.0,118.3635687682455,118.3635687682455,no_sentence,,2896.6940063091483,34.948930282703856,4,0,equal_insufficient_prior,911.127211891421,1113.59992564507,880.7563048283736,1143.9708327081175,0,fallback,101.23635687682456,131.60726393987193,819.0
adj_ebitda_musd,W2,1,PIT,stack_lam25_clip,2024Q3,2024-05-08,2151.4778001367736,2151.4778001367736,1958.0,193.47780013677357,193.47780013677357,no_sentence,,4002.4059405940593,53.75461240239513,4,0,equal_insufficient_prior,1936.3300201230961,2366.625580150451,1871.785686118993,2431.169914154554,0,fallback,215.14778001367736,279.69211401778057,1834.0
adj_ebitda_musd,W2,1,PIT,stack_lam25_clip,2024Q4,2024-08-06,767.3043355805144,767.3043355805144,765.0,2.304335580514362,2.304335580514362,no_sentence,,2453.7294685990337,31.270942677254872,4,1,equal_insufficient_prior,690.5739020224629,844.0347691385658,667.5547719550475,867.0538992059812,1,fallback,76.73043355805144,99.74956362546688,738.0
adj_ebitda_musd,W2,1,PIT,stack_lam25_clip,2025Q1,2024-11-07,436.5211317656315,436.5211317656315,417.0,19.52113176563148,19.52113176563148,no_sentence,,2353.2363850456286,18.54982077192247,4,2,equal_insufficient_prior,392.86901858906833,480.17324494219463,379.77338463609937,493.2688788951636,2,fallback,43.65211317656315,56.747747129532094,424.0
adj_ebitda_musd,W2,1,PIT,stack_lam25_clip,2025Q2,2025-02-13,979.7164594249145,979.7164594249145,1043.0,-63.28354057508545,63.28354057508545,no_sentence,,3072.605951307484,31.885522418129028,4,3,equal_insufficient_prior,881.7448134824231,1077.688105367406,852.3533196996757,1107.0795991501534,3,fallback,97.97164594249146,127.3631397252389,894.0
adj_ebitda_musd,W2,1,PIT,stack_lam25_clip,2025Q3,2025-05-01,1999.7596419823094,1999.7596419823094,2051.0,-51.240358017690596,51.240358017690596,no_sentence,,3958.498599439776,50.51813438219541,4,4,invmae_shrunk_lam0.25,1806.2818418455358,2193.237442119083,1757.9123918113423,2241.6068921532765,4,split_conformal,193.47780013677357,241.84725017096696,1958.0
adj_ebitda_musd,W2,1,PIT,stack_lam25_clip,2025Q4,2025-08-06,844.5689257335896,844.5689257335896,786.0,58.568925733589595,58.568925733589595,sentence_not_binding,,2794.061135371179,30.22728869607902,4,5,invmae_shrunk_lam0.25,651.091125596816,1038.0467258703632,612.3955655694613,1076.742285897718,5,split_conformal,193.47780013677357,232.17336016412827,765.0
adj_ebitda_musd,W2,1,PIT,stack_lam25_clip,2026Q1,2025-11-06,439.02967287852954,439.02967287852954,519.0,-79.97032712147046,79.97032712147046,no_sentence,,2492.990353697749,17.610564446321867,4,6,invmae_shrunk_lam0.25,245.55187274175597,632.507473015303,213.30557271896038,664.7537730380986,6,split_conformal,193.47780013677357,225.72410015956916,417.0
adj_ebitda_musd,W2,1,PIT,stack_lam25_clip,2026Q2,2026-02-12,1176.1243714761515,1176.1243714761515,1261.0,-84.87562852384849,84.87562852384849,no_sentence,,3468.0193548387097,33.9134315912966,4,7,invmae_shrunk_lam0.25,982.6465713393779,1369.602171612925,955.0068856055532,1397.2418573467498,7,split_conformal,193.47780013677357,221.11748587059836,1043.0
adj_ebitda_musd,W2,1,full_sample,stack,2024Q2,2024-02-13,1005.7319836569299,1005.7319836569299,894.0,111.73198365692986,111.73198365692986,clip_off,,2896.6940063091483,34.719993947113295,4,8,invmae_shrunk_lam0.5,905.1587852912369,1106.3051820226228,874.986825781529,1136.4771415323307,0,fallback,100.57319836569299,130.74515787540088,819.0
adj_ebitda_musd,W2,1,full_sample,stack,2024Q3,2024-05-08,2138.378369197287,2138.378369197287,1958.0,180.37836919728716,180.37836919728716,clip_off,,4002.4059405940593,53.42732348832905,4,8,invmae_shrunk_lam0.5,1924.5405322775584,2352.2162061170156,1860.3891812016398,2416.3675571929343,0,fallback,213.83783691972872,277.98918799564734,1834.0
adj_ebitda_musd,W2,1,full_sample,stack,2024Q4,2024-08-06,760.6784784024723,760.6784784024723,765.0,-4.321521597527749,4.321521597527749,clip_off,,2453.7294685990337,31.000910578654157,4,8,invmae_shrunk_lam0.5,684.610630562225,836.7463262427195,661.7902762101509,859.5666805947936,1,fallback,76.06784784024723,98.8882021923214,738.0
adj_ebitda_musd,W2,1,full_sample,stack,2025Q1,2024-11-07,431.4663191927552,431.4663191927552,417.0,14.46631919275518,14.46631919275518,clip_off,,2353.2363850456286,18.335018187490295,4,8,invmae_shrunk_lam0.5,388.31968727347964,474.6129511120307,375.375697697697,487.5569406878134,2,fallback,43.14663191927552,56.09062149505817,424.0
adj_ebitda_musd,W2,1,full_sample,stack,2025Q2,2025-02-13,977.9635001693454,977.9635001693454,1043.0,-65.03649983065463,65.03649983065463,clip_off,,3072.605951307484,31.828471195702566,4,8,invmae_shrunk_lam0.5,880.1671501524108,1075.75985018628,850.8282451473304,1105.0987551913602,3,fallback,97.79635001693454,127.1352550220149,894.0
adj_ebitda_musd,W2,1,full_sample,stack,2025Q3,2025-05-01,1995.3036610011816,1995.3036610011816,2051.0,-55.69633899881842,55.69633899881842,clip_off,,3958.498599439776,50.40556693094614,4,8,invmae_shrunk_lam0.5,1814.9252918038944,2175.682030198469,1769.8306995045727,2220.7766224977904,4,split_conformal,180.37836919728716,225.47296149660895,1958.0
adj_ebitda_musd,W2,1,full_sample,stack,2025Q4,2025-08-06,843.8140974592927,843.8140974592927,786.0,57.814097459292725,57.814097459292725,clip_off,,2794.061135371179,30.200273243026075,4,8,invmae_shrunk_lam0.5,663.4357282620056,1024.1924666565799,627.3600544225482,1060.2681404960374,5,split_conformal,180.37836919728716,216.4540430367446,765.0
adj_ebitda_musd,W2,1,full_sample,stack,2026Q1,2025-11-06,434.3027626119995,434.3027626119995,519.0,-84.69723738800047,84.69723738800047,clip_off,,2492.990353697749,17.420956401528642,4,8,invmae_shrunk_lam0.5,253.92439341471237,614.6811318092866,223.86133188183118,644.7441933421678,6,split_conformal,180.37836919728716,210.44143073016835,417.0
adj_ebitda_musd,W2,1,full_sample,stack,2026Q2,2026-02-12,1175.4471899535845,1175.4471899535845,1261.0,-85.55281004641552,85.55281004641552,clip_off,,3468.0193548387097,33.893905128111726,4,8,invmae_shrunk_lam0.5,995.0688207562973,1355.8255591508716,969.300482299542,1381.593897607627,7,split_conformal,180.37836919728716,206.14670765404247,1043.0
adj_ebitda_musd,W2,1,full_sample,stack_clip,2024Q2,2024-02-13,1005.7319836569299,1005.7319836569299,894.0,111.73198365692986,111.73198365692986,no_sentence,,2896.6940063091483,34.719993947113295,4,8,invmae_shrunk_lam0.5,905.1587852912369,1106.3051820226228,874.986825781529,1136.4771415323307,0,fallback,100.57319836569299,130.74515787540088,819.0
adj_ebitda_musd,W2,1,full_sample,stack_clip,2024Q3,2024-05-08,2138.378369197287,2138.378369197287,1958.0,180.37836919728716,180.37836919728716,no_sentence,,4002.4059405940593,53.42732348832905,4,8,invmae_shrunk_lam0.5,1924.5405322775584,2352.2162061170156,1860.3891812016398,2416.3675571929343,0,fallback,213.83783691972872,277.98918799564734,1834.0
adj_ebitda_musd,W2,1,full_sample,stack_clip,2024Q4,2024-08-06,760.6784784024723,760.6784784024723,765.0,-4.321521597527749,4.321521597527749,no_sentence,,2453.7294685990337,31.000910578654157,4,8,invmae_shrunk_lam0.5,684.610630562225,836.7463262427195,661.7902762101509,859.5666805947936,1,fallback,76.06784784024723,98.8882021923214,738.0
adj_ebitda_musd,W2,1,full_sample,stack_clip,2025Q1,2024-11-07,431.4663191927552,431.4663191927552,417.0,14.46631919275518,14.46631919275518,no_sentence,,2353.2363850456286,18.335018187490295,4,8,invmae_shrunk_lam0.5,388.31968727347964,474.6129511120307,375.375697697697,487.5569406878134,2,fallback,43.14663191927552,56.09062149505817,424.0
adj_ebitda_musd,W2,1,full_sample,stack_clip,2025Q2,2025-02-13,977.9635001693454,977.9635001693454,1043.0,-65.03649983065463,65.03649983065463,no_sentence,,3072.605951307484,31.828471195702566,4,8,invmae_shrunk_lam0.5,880.1671501524108,1075.75985018628,850.8282451473304,1105.0987551913602,3,fallback,97.79635001693454,127.1352550220149,894.0
adj_ebitda_musd,W2,1,full_sample,stack_clip,2025Q3,2025-05-01,1995.3036610011816,1995.3036610011816,2051.0,-55.69633899881842,55.69633899881842,no_sentence,,3958.498599439776,50.40556693094614,4,8,invmae_shrunk_lam0.5,1814.9252918038944,2175.682030198469,1769.8306995045727,2220.7766224977904,4,split_conformal,180.37836919728716,225.47296149660895,1958.0
adj_ebitda_musd,W2,1,full_sample,stack_clip,2025Q4,2025-08-06,843.8140974592927,843.8140974592927,786.0,57.814097459292725,57.814097459292725,sentence_not_binding,,2794.061135371179,30.200273243026075,4,8,invmae_shrunk_lam0.5,663.4357282620056,1024.1924666565799,627.3600544225482,1060.2681404960374,5,split_conformal,180.37836919728716,216.4540430367446,765.0
adj_ebitda_musd,W2,1,full_sample,stack_clip,2026Q1,2025-11-06,434.3027626119995,434.3027626119995,519.0,-84.69723738800047,84.69723738800047,no_sentence,,2492.990353697749,17.420956401528642,4,8,invmae_shrunk_lam0.5,253.92439341471237,614.6811318092866,223.86133188183118,644.7441933421678,6,split_conformal,180.37836919728716,210.44143073016835,417.0
adj_ebitda_musd,W2,1,full_sample,stack_clip,2026Q2,2026-02-12,1175.4471899535845,1175.4471899535845,1261.0,-85.55281004641552,85.55281004641552,no_sentence,,3468.0193548387097,33.893905128111726,4,8,invmae_shrunk_lam0.5,995.0688207562973,1355.8255591508716,969.300482299542,1381.593897607627,7,split_conformal,180.37836919728716,206.14670765404247,1043.0
adj_ebitda_musd,W2,1,full_sample,stack_ew_clip,2024Q2,2024-02-13,1004.1732445715396,1004.1732445715396,894.0,110.17324457153961,110.17324457153961,no_sentence,,2896.6940063091483,34.666182979092675,4,8,invmae_shrunk_lam1.0,903.7559201143856,1104.5905690286936,873.6307227772395,1134.7157663658397,0,fallback,100.41732445715397,130.54252179430014,819.0
adj_ebitda_musd,W2,1,full_sample,stack_ew_clip,2024Q3,2024-05-08,2143.561384672047,2143.561384672047,1958.0,185.5613846720471,185.5613846720471,no_sentence,,4002.4059405940593,53.55682098437741,4,8,invmae_shrunk_lam1.0,1929.2052462048423,2357.917523139252,1864.898404664681,2422.224364679413,0,fallback,214.35613846720472,278.6629800073661,1834.0
adj_ebitda_musd,W2,1,full_sample,stack_ew_clip,2024Q4,2024-08-06,761.6106434099593,761.6106434099593,765.0,-3.389356590040734,3.389356590040734,no_sentence,,2453.7294685990337,31.03890030080634,4,8,invmae_shrunk_lam1.0,685.4495790689633,837.7717077509552,662.6012597666645,860.620027053254,1,fallback,76.16106434099594,99.00938364329471,738.0
adj_ebitda_musd,W2,1,full_sample,stack_ew_clip,2025Q1,2024-11-07,430.5001486070734,430.5001486070734,417.0,13.500148607073413,13.500148607073413,no_sentence,,2353.2363850456286,18.293961088772054,4,8,invmae_shrunk_lam1.0,387.4501337463661,473.55016346778075,374.5351292881539,486.46516792599294,2,fallback,43.05001486070734,55.965019318919545,424.0
adj_ebitda_musd,W2,1,full_sample,stack_ew_clip,2025Q2,2025-02-13,977.8340326524295,977.8340326524295,1043.0,-65.16596734757047,65.16596734757047,no_sentence,,3072.605951307484,31.824257589435852,4,8,invmae_shrunk_lam1.0,880.0506293871865,1075.6174359176725,850.7156084076137,1104.9524568972454,3,fallback,97.78340326524295,127.11842424481584,894.0
adj_ebitda_musd,W2,1,full_sample,stack_ew_clip,2025Q3,2025-05-01,1994.326301474075,1994.326301474075,2051.0,-56.67369852592492,56.67369852592492,no_sentence,,3958.498599439776,50.380876773742465,4,8,invmae_shrunk_lam1.0,1808.764916802028,2179.887686146122,1762.3745706340162,2226.278032314134,4,split_conformal,185.5613846720471,231.95173084005887,1958.0
adj_ebitda_musd,W2,1,full_sample,stack_ew_clip,2025Q4,2025-08-06,843.5474452532517,843.5474452532517,786.0,57.54744525325168,57.54744525325168,sentence_not_binding,,2794.061135371179,30.19072970789489,4,8,invmae_shrunk_lam1.0,657.9860605812046,1029.1088299252988,620.8737836467951,1066.2211068597082,5,split_conformal,185.5613846720471,222.6736616064565,765.0
adj_ebitda_musd,W2,1,full_sample,stack_ew_clip,2026Q1,2025-11-06,432.2684412327883,432.2684412327883,519.0,-86.73155876721171,86.73155876721171,no_sentence,,2492.990353697749,17.339354746865446,4,8,invmae_shrunk_lam1.0,246.7070565607412,617.8298259048354,215.7801591154,648.7567233501766,6,split_conformal,185.5613846720471,216.48828211738828,417.0
adj_ebitda_musd,W2,1,full_sample,stack_ew_clip,2026Q2,2026-02-12,1173.9550351764003,1173.9550351764003,1261.0,-87.04496482359968,87.04496482359968,no_sentence,,3468.0193548387097,33.8508789905816,4,8,invmae_shrunk_lam1.0,988.3936505043532,1359.5164198484474,961.8848812654894,1386.0251890873112,7,split_conformal,185.5613846720471,212.07015391091096,1043.0
adj_ebitda_musd,W2,1,full_sample,stack_lam25_clip,2024Q2,2024-02-13,1006.5113531996248,1006.5113531996248,894.0,112.51135319962475,112.51135319962475,no_sentence,,2896.6940063091483,34.746899431123595,4,8,invmae_shrunk_lam0.25,905.8602178796623,1107.1624885195872,875.6648772836735,1137.357829115576,0,fallback,100.65113531996248,130.84647591595123,819.0
adj_ebitda_musd,W2,1,full_sample,stack_lam25_clip,2024Q3,2024-05-08,2135.786861459907,2135.786861459907,1958.0,177.78686145990696,177.78686145990696,no_sentence,,4002.4059405940593,53.36257474030487,4,8,invmae_shrunk_lam0.25,1922.2081753139162,2349.3655476058975,1858.134569470119,2413.439153449695,0,fallback,213.5786861459907,277.6522919897879,1834.0
adj_ebitda_musd,W2,1,full_sample,stack_lam25_clip,2024Q4,2024-08-06,760.2123958987287,760.2123958987287,765.0,-4.787604101271313,4.787604101271313,no_sentence,,2453.7294685990337,30.98191571757806,4,8,invmae_shrunk_lam0.25,684.1911563088559,836.2336354886015,661.384784431894,859.0400073655634,1,fallback,76.02123958987288,98.82761146683474,738.0
adj_ebitda_musd,W2,1,full_sample,stack_lam25_clip,2025Q1,2024-11-07,431.949404485596,431.949404485596,417.0,14.949404485596006,14.949404485596006,no_sentence,,2353.2363850456286,18.355546736849416,4,8,invmae_shrunk_lam0.25,388.7544640370364,475.1443449341556,375.7959819024685,488.1028270687235,2,fallback,43.194940448559606,56.15342258312748,424.0
adj_ebitda_musd,W2,1,full_sample,stack_lam25_clip,2025Q2,2025-02-13,978.0282339278034,978.0282339278034,1043.0,-64.9717660721966,64.9717660721966,no_sentence,,3072.605951307484,31.83057799883593,4,8,invmae_shrunk_lam0.25,880.225410535023,1075.8310573205838,850.884563517189,1105.1719043384178,3,fallback,97.80282339278034,127.14367041061445,894.0
adj_ebitda_musd,W2,1,full_sample,stack_lam25_clip,2025Q3,2025-05-01,1995.7923407647352,1995.7923407647352,2051.0,-55.20765923526483,55.20765923526483,no_sentence,,3958.498599439776,50.41791200954797,4,8,invmae_shrunk_lam0.25,1818.0054793048282,2173.5792022246424,1773.5587639398514,2218.025917589619,4,split_conformal,177.78686145990696,222.2335768248837,1958.0
adj_ebitda_musd,W2,1,full_sample,stack_lam25_clip,2025Q4,2025-08-06,843.9474235623135,843.9474235623135,786.0,57.947423562313475,57.947423562313475,sentence_not_binding,,2794.061135371179,30.20504501059168,4,8,invmae_shrunk_lam0.25,666.1605621024065,1021.7342850222204,630.6031898104252,1057.2916573142018,5,split_conformal,177.78686145990696,213.34423375188834,765.0
adj_ebitda_musd,W2,1,full_sample,stack_lam25_clip,2026Q1,2025-11-06,435.3199233016052,435.3199233016052,519.0,-83.68007669839483,83.68007669839483,no_sentence,,2492.990353697749,17.461757228860243,4,8,invmae_shrunk_lam0.25,257.5330618416982,613.1067847615121,227.90191826504704,642.7379283381633,6,split_conformal,177.78686145990696,207.41800503655813,417.0
adj_ebitda_musd,W2,1,full_sample,stack_lam25_clip,2026Q2,2026-02-12,1176.1932673421766,1176.1932673421766,1261.0,-84.80673265782343,84.80673265782343,no_sentence,,3468.0193548387097,33.915418196876786,4,8,invmae_shrunk_lam0.25,998.4064058822696,1353.9801288020835,973.0082828165687,1379.3782518677845,7,split_conformal,177.78686145990696,203.18498452560794,1043.0
adj_ebitda_musd,W2,2,PIT,stack,2024Q3,2024-02-13,2138.7583249605464,2138.7583249605464,1958.0,180.75832496054636,180.75832496054636,clip_off,,3961.380651945321,53.99022494620059,3,0,equal_insufficient_prior,1924.8824924644916,2352.634157456601,1860.7197427156752,2416.7969072054175,0,fallback,213.87583249605464,278.038582244871,1834.0
adj_ebitda_musd,W2,2,PIT,stack,2024Q4,2024-05-08,901.5055921493758,901.5055921493758,765.0,136.50559214937584,136.50559214937584,clip_off,,2613.287128712871,34.4969973733195,3,0,equal_insufficient_prior,811.3550329344382,991.6561513643135,784.309865169957,1018.7013191287947,0,fallback,90.15055921493759,117.19572697941886,738.0
adj_ebitda_musd,W2,2,PIT,stack,2025Q1,2024-08-06,462.6933435799334,462.6933435799334,417.0,45.69334357993341,45.69334357993341,clip_off,,2369.6521739130435,19.525791534876642,3,0,equal_insufficient_prior,416.4240092219401,508.96267793792674,402.54320891454205,522.8434782453247,0,fallback,46.269334357993344,60.15013466539135,424.0
adj_ebitda_musd,W2,2,PIT,stack,2025Q2,2024-11-07,963.6170736353931,963.6170736353931,1043.0,-79.38292636460687,79.38292636460687,clip_off,,3018.9979393582576,31.918440919513422,3,1,equal_insufficient_prior,867.2553662718537,1059.9787809989325,838.346854062792,1088.8872932079942,1,fallback,96.36170736353932,125.2702195726011,894.0
adj_ebitda_musd,W2,2,PIT,stack,2025Q3,2025-02-13,2141.4214858139712,2141.4214858139712,2051.0,90.42148581397123,90.42148581397123,clip_off,,4172.8403967538325,51.31807790875112,3,2,equal_insufficient_prior,1927.279337232574,2355.5636343953684,1863.036692658155,2419.8062789697874,2,fallback,214.14214858139712,278.3847931558163,1958.0
adj_ebitda_musd,W2,2,PIT,stack,2025Q4,2025-05-01,775.2865982569323,775.2865982569323,786.0,-10.71340174306772,10.71340174306772,clip_off,,2630.513538748833,29.47282296162165,3,3,equal_insufficient_prior,697.757938431239,852.8152580826255,674.4993404835311,876.0738560303334,3,fallback,77.52865982569324,100.7872577734012,765.0
adj_ebitda_musd,W2,2,PIT,stack,2026Q1,2025-08-06,463.67928655298755,463.67928655298755,519.0,-55.32071344701245,55.32071344701245,clip_off,,2559.720524017467,18.11444969098601,3,4,invmae_shrunk_lam0.5,282.9209615924412,644.437611513534,237.7313803523046,689.6271927536704,4,split_conformal,180.75832496054636,225.94790620068295,417.0
adj_ebitda_musd,W2,2,PIT,stack,2026Q2,2025-11-06,1108.1266463260013,1108.1266463260013,1261.0,-152.87335367399874,152.87335367399874,clip_off,,3397.138263665596,32.61941552918442,3,5,invmae_shrunk_lam0.5,927.3683213654549,1288.8849712865476,891.2166563733456,1325.036636278657,5,split_conformal,180.75832496054636,216.90998995265562,1043.0
adj_ebitda_musd,W2,2,PIT,stack_clip,2024Q3,2024-02-13,2138.7583249605464,2138.7583249605464,1958.0,180.75832496054636,180.75832496054636,no_sentence,,3961.380651945321,53.99022494620059,3,0,equal_insufficient_prior,1924.8824924644916,2352.634157456601,1860.7197427156752,2416.7969072054175,0,fallback,213.87583249605464,278.038582244871,1834.0
adj_ebitda_musd,W2,2,PIT,stack_clip,2024Q4,2024-05-08,901.5055921493758,901.5055921493758,765.0,136.50559214937584,136.50559214937584,no_sentence,,2613.287128712871,34.4969973733195,3,0,equal_insufficient_prior,811.3550329344382,991.6561513643135,784.309865169957,1018.7013191287947,0,fallback,90.15055921493759,117.19572697941886,738.0
adj_ebitda_musd,W2,2,PIT,stack_clip,2025Q1,2024-08-06,462.6933435799334,462.6933435799334,417.0,45.69334357993341,45.69334357993341,no_sentence,,2369.6521739130435,19.525791534876642,3,0,equal_insufficient_prior,416.4240092219401,508.96267793792674,402.54320891454205,522.8434782453247,0,fallback,46.269334357993344,60.15013466539135,424.0
adj_ebitda_musd,W2,2,PIT,stack_clip,2025Q2,2024-11-07,963.6170736353931,963.6170736353931,1043.0,-79.38292636460687,79.38292636460687,no_sentence,,3018.9979393582576,31.918440919513422,3,1,equal_insufficient_prior,867.2553662718537,1059.9787809989325,838.346854062792,1088.8872932079942,1,fallback,96.36170736353932,125.2702195726011,894.0
adj_ebitda_musd,W2,2,PIT,stack_clip,2025Q3,2025-02-13,2141.4214858139712,2141.4214858139712,2051.0,90.42148581397123,90.42148581397123,no_sentence,,4172.8403967538325,51.31807790875112,3,2,equal_insufficient_prior,1927.279337232574,2355.5636343953684,1863.036692658155,2419.8062789697874,2,fallback,214.14214858139712,278.3847931558163,1958.0
adj_ebitda_musd,W2,2,PIT,stack_clip,2025Q4,2025-05-01,775.2865982569323,775.2865982569323,786.0,-10.71340174306772,10.71340174306772,no_sentence,,2630.513538748833,29.47282296162165,3,3,equal_insufficient_prior,697.757938431239,852.8152580826255,674.4993404835311,876.0738560303334,3,fallback,77.52865982569324,100.7872577734012,765.0
adj_ebitda_musd,W2,2,PIT,stack_clip,2026Q1,2025-08-06,463.67928655298755,463.67928655298755,519.0,-55.32071344701245,55.32071344701245,no_sentence,,2559.720524017467,18.11444969098601,3,4,invmae_shrunk_lam0.5,282.9209615924412,644.437611513534,237.7313803523046,689.6271927536704,4,split_conformal,180.75832496054636,225.94790620068295,417.0
adj_ebitda_musd,W2,2,PIT,stack_clip,2026Q2,2025-11-06,1108.1266463260013,1108.1266463260013,1261.0,-152.87335367399874,152.87335367399874,no_sentence,,3397.138263665596,32.61941552918442,3,5,invmae_shrunk_lam0.5,927.3683213654549,1288.8849712865476,891.2166563733456,1325.036636278657,5,split_conformal,180.75832496054636,216.90998995265562,1043.0
adj_ebitda_musd,W2,2,PIT,stack_ew_clip,2024Q3,2024-02-13,2138.7583249605464,2138.7583249605464,1958.0,180.75832496054636,180.75832496054636,no_sentence,,3961.380651945321,53.99022494620059,3,0,equal_insufficient_prior,1924.8824924644916,2352.634157456601,1860.7197427156752,2416.7969072054175,0,fallback,213.87583249605464,278.038582244871,1834.0
adj_ebitda_musd,W2,2,PIT,stack_ew_clip,2024Q4,2024-05-08,901.5055921493758,901.5055921493758,765.0,136.50559214937584,136.50559214937584,no_sentence,,2613.287128712871,34.4969973733195,3,0,equal_insufficient_prior,811.3550329344382,991.6561513643135,784.309865169957,1018.7013191287947,0,fallback,90.15055921493759,117.19572697941886,738.0
adj_ebitda_musd,W2,2,PIT,stack_ew_clip,2025Q1,2024-08-06,462.6933435799334,462.6933435799334,417.0,45.69334357993341,45.69334357993341,no_sentence,,2369.6521739130435,19.525791534876642,3,0,equal_insufficient_prior,416.4240092219401,508.96267793792674,402.54320891454205,522.8434782453247,0,fallback,46.269334357993344,60.15013466539135,424.0
adj_ebitda_musd,W2,2,PIT,stack_ew_clip,2025Q2,2024-11-07,963.6170736353931,963.6170736353931,1043.0,-79.38292636460687,79.38292636460687,no_sentence,,3018.9979393582576,31.918440919513422,3,1,equal_insufficient_prior,867.2553662718537,1059.9787809989325,838.346854062792,1088.8872932079942,1,fallback,96.36170736353932,125.2702195726011,894.0
adj_ebitda_musd,W2,2,PIT,stack_ew_clip,2025Q3,2025-02-13,2141.4214858139712,2141.4214858139712,2051.0,90.42148581397123,90.42148581397123,no_sentence,,4172.8403967538325,51.31807790875112,3,2,equal_insufficient_prior,1927.279337232574,2355.5636343953684,1863.036692658155,2419.8062789697874,2,fallback,214.14214858139712,278.3847931558163,1958.0
adj_ebitda_musd,W2,2,PIT,stack_ew_clip,2025Q4,2025-05-01,775.2865982569323,775.2865982569323,786.0,-10.71340174306772,10.71340174306772,no_sentence,,2630.513538748833,29.47282296162165,3,3,equal_insufficient_prior,697.757938431239,852.8152580826255,674.4993404835311,876.0738560303334,3,fallback,77.52865982569324,100.7872577734012,765.0
adj_ebitda_musd,W2,2,PIT,stack_ew_clip,2026Q1,2025-08-06,470.5127264783996,470.5127264783996,519.0,-48.4872735216004,48.4872735216004,no_sentence,,2559.720524017467,18.381410082219933,3,4,invmae_shrunk_lam1.0,289.75440151785324,651.271051438946,244.56482027771665,696.4606326790826,4,split_conformal,180.75832496054636,225.94790620068295,417.0
adj_ebitda_musd,W2,2,PIT,stack_ew_clip,2026Q2,2025-11-06,1109.2132627000071,1109.2132627000071,1261.0,-151.78673729999286,151.78673729999286,no_sentence,,3397.138263665596,32.651401756699144,3,5,invmae_shrunk_lam1.0,928.4549377394608,1289.9715876605535,892.3032727473515,1326.1232526526628,5,split_conformal,180.75832496054636,216.90998995265562,1043.0
adj_ebitda_musd,W2,2,PIT,stack_lam25_clip,2024Q3,2024-02-13,2138.7583249605464,2138.7583249605464,1958.0,180.75832496054636,180.75832496054636,no_sentence,,3961.380651945321,53.99022494620059,3,0,equal_insufficient_prior,1924.8824924644916,2352.634157456601,1860.7197427156752,2416.7969072054175,0,fallback,213.87583249605464,278.038582244871,1834.0
adj_ebitda_musd,W2,2,PIT,stack_lam25_clip,2024Q4,2024-05-08,901.5055921493758,901.5055921493758,765.0,136.50559214937584,136.50559214937584,no_sentence,,2613.287128712871,34.4969973733195,3,0,equal_insufficient_prior,811.3550329344382,991.6561513643135,784.309865169957,1018.7013191287947,0,fallback,90.15055921493759,117.19572697941886,738.0
adj_ebitda_musd,W2,2,PIT,stack_lam25_clip,2025Q1,2024-08-06,462.6933435799334,462.6933435799334,417.0,45.69334357993341,45.69334357993341,no_sentence,,2369.6521739130435,19.525791534876642,3,0,equal_insufficient_prior,416.4240092219401,508.96267793792674,402.54320891454205,522.8434782453247,0,fallback,46.269334357993344,60.15013466539135,424.0
adj_ebitda_musd,W2,2,PIT,stack_lam25_clip,2025Q2,2024-11-07,963.6170736353931,963.6170736353931,1043.0,-79.38292636460687,79.38292636460687,no_sentence,,3018.9979393582576,31.918440919513422,3,1,equal_insufficient_prior,867.2553662718537,1059.9787809989325,838.346854062792,1088.8872932079942,1,fallback,96.36170736353932,125.2702195726011,894.0
adj_ebitda_musd,W2,2,PIT,stack_lam25_clip,2025Q3,2025-02-13,2141.4214858139712,2141.4214858139712,2051.0,90.42148581397123,90.42148581397123,no_sentence,,4172.8403967538325,51.31807790875112,3,2,equal_insufficient_prior,1927.279337232574,2355.5636343953684,1863.036692658155,2419.8062789697874,2,fallback,214.14214858139712,278.3847931558163,1958.0
adj_ebitda_musd,W2,2,PIT,stack_lam25_clip,2025Q4,2025-05-01,775.2865982569323,775.2865982569323,786.0,-10.71340174306772,10.71340174306772,no_sentence,,2630.513538748833,29.47282296162165,3,3,equal_insufficient_prior,697.757938431239,852.8152580826255,674.4993404835311,876.0738560303334,3,fallback,77.52865982569324,100.7872577734012,765.0
adj_ebitda_musd,W2,2,PIT,stack_lam25_clip,2026Q1,2025-08-06,460.2625665902815,460.2625665902815,519.0,-58.737433409718506,58.737433409718506,no_sentence,,2559.720524017467,17.98096949536905,3,4,invmae_shrunk_lam0.25,279.50424162973513,641.0208915508279,234.31466038959854,686.2104727909644,4,split_conformal,180.75832496054636,225.94790620068295,417.0
adj_ebitda_musd,W2,2,PIT,stack_lam25_clip,2026Q2,2025-11-06,1107.5833381389982,1107.5833381389982,1261.0,-153.41666186100178,153.41666186100178,no_sentence,,3397.138263665596,32.603422415427055,3,5,invmae_shrunk_lam0.25,926.8250131784519,1288.3416630995446,890.6733481863425,1324.493328091654,5,split_conformal,180.75832496054636,216.90998995265562,1043.0
adj_ebitda_musd,W2,2,full_sample,stack,2024Q3,2024-02-13,2095.529937358621,2095.529937358621,1958.0,137.52993735862083,137.52993735862083,clip_off,,3961.380651945321,52.89897945882999,3,7,invmae_shrunk_lam0.5,1885.9769436227587,2305.082931094483,1823.1110455020003,2367.9488292152414,0,fallback,209.5529937358621,272.4188918566207,1834.0
adj_ebitda_musd,W2,2,full_sample,stack,2024Q4,2024-05-08,866.1880105346078,866.1880105346078,765.0,101.18801053460777,101.18801053460777,clip_off,,2613.287128712871,33.145535407019494,3,7,invmae_shrunk_lam0.5,779.569209481147,952.8068115880685,753.5835691651088,978.7924519041068,0,fallback,86.61880105346079,112.60444136949901,738.0
adj_ebitda_musd,W2,2,full_sample,stack,2025Q1,2024-08-06,446.2719306048176,446.2719306048176,417.0,29.271930604817612,29.271930604817612,clip_off,,2369.6521739130435,18.8328032070581,3,7,invmae_shrunk_lam0.5,401.64473754433584,490.8991236652994,388.2565796261913,504.2872815834439,0,fallback,44.627193060481765,58.015350978626294,424.0
adj_ebitda_musd,W2,2,full_sample,stack,2025Q2,2024-11-07,943.9484927906647,943.9484927906647,1043.0,-99.05150720933534,99.05150720933534,clip_off,,3018.9979393582576,31.2669472371789,3,7,invmae_shrunk_lam0.5,849.5536435115982,1038.343342069731,821.2351887278783,1066.661796853451,1,fallback,94.39484927906648,122.7133040627864,894.0
adj_ebitda_musd,W2,2,full_sample,stack,2025Q3,2025-02-13,2134.985651657847,2134.985651657847,2051.0,83.98565165784703,83.98565165784703,clip_off,,4172.8403967538325,51.163846413074204,3,7,invmae_shrunk_lam0.5,1921.4870864920622,2348.484216823632,1857.437516942327,2412.533786373367,2,fallback,213.49856516578473,277.5481347155201,1958.0
adj_ebitda_musd,W2,2,full_sample,stack,2025Q4,2025-05-01,773.2625127079243,773.2625127079243,786.0,-12.737487292075684,12.737487292075684,clip_off,,2630.513538748833,29.395876558602158,3,7,invmae_shrunk_lam0.5,695.9362614371319,850.5887639787168,672.7383860558941,873.7866393599545,3,fallback,77.32625127079244,100.52412665203016,765.0
adj_ebitda_musd,W2,2,full_sample,stack,2026Q1,2025-08-06,461.641468285733,461.641468285733,519.0,-57.358531714266974,57.358531714266974,clip_off,,2559.720524017467,18.034838723767756,3,7,invmae_shrunk_lam0.5,324.1115309271122,599.1714056443539,289.729046587457,633.5538899840091,4,split_conformal,137.52993735862083,171.91242169827603,417.0
adj_ebitda_musd,W2,2,full_sample,stack,2026Q2,2025-11-06,1106.137656344624,1106.137656344624,1261.0,-154.86234365537598,154.86234365537598,clip_off,,3397.138263665596,32.56086654392083,3,7,invmae_shrunk_lam0.5,968.6077189860032,1243.6675937032448,941.101731514279,1271.173581174969,5,split_conformal,137.52993735862083,165.03592483034498,1043.0
adj_ebitda_musd,W2,2,full_sample,stack_clip,2024Q3,2024-02-13,2095.529937358621,2095.529937358621,1958.0,137.52993735862083,137.52993735862083,no_sentence,,3961.380651945321,52.89897945882999,3,7,invmae_shrunk_lam0.5,1885.9769436227587,2305.082931094483,1823.1110455020003,2367.9488292152414,0,fallback,209.5529937358621,272.4188918566207,1834.0
adj_ebitda_musd,W2,2,full_sample,stack_clip,2024Q4,2024-05-08,866.1880105346078,866.1880105346078,765.0,101.18801053460777,101.18801053460777,no_sentence,,2613.287128712871,33.145535407019494,3,7,invmae_shrunk_lam0.5,779.569209481147,952.8068115880685,753.5835691651088,978.7924519041068,0,fallback,86.61880105346079,112.60444136949901,738.0
adj_ebitda_musd,W2,2,full_sample,stack_clip,2025Q1,2024-08-06,446.2719306048176,446.2719306048176,417.0,29.271930604817612,29.271930604817612,no_sentence,,2369.6521739130435,18.8328032070581,3,7,invmae_shrunk_lam0.5,401.64473754433584,490.8991236652994,388.2565796261913,504.2872815834439,0,fallback,44.627193060481765,58.015350978626294,424.0
adj_ebitda_musd,W2,2,full_sample,stack_clip,2025Q2,2024-11-07,943.9484927906647,943.9484927906647,1043.0,-99.05150720933534,99.05150720933534,no_sentence,,3018.9979393582576,31.2669472371789,3,7,invmae_shrunk_lam0.5,849.5536435115982,1038.343342069731,821.2351887278783,1066.661796853451,1,fallback,94.39484927906648,122.7133040627864,894.0
adj_ebitda_musd,W2,2,full_sample,stack_clip,2025Q3,2025-02-13,2134.985651657847,2134.985651657847,2051.0,83.98565165784703,83.98565165784703,no_sentence,,4172.8403967538325,51.163846413074204,3,7,invmae_shrunk_lam0.5,1921.4870864920622,2348.484216823632,1857.437516942327,2412.533786373367,2,fallback,213.49856516578473,277.5481347155201,1958.0
adj_ebitda_musd,W2,2,full_sample,stack_clip,2025Q4,2025-05-01,773.2625127079243,773.2625127079243,786.0,-12.737487292075684,12.737487292075684,no_sentence,,2630.513538748833,29.395876558602158,3,7,invmae_shrunk_lam0.5,695.9362614371319,850.5887639787168,672.7383860558941,873.7866393599545,3,fallback,77.32625127079244,100.52412665203016,765.0
adj_ebitda_musd,W2,2,full_sample,stack_clip,2026Q1,2025-08-06,461.641468285733,461.641468285733,519.0,-57.358531714266974,57.358531714266974,no_sentence,,2559.720524017467,18.034838723767756,3,7,invmae_shrunk_lam0.5,324.1115309271122,599.1714056443539,289.729046587457,633.5538899840091,4,split_conformal,137.52993735862083,171.91242169827603,417.0
adj_ebitda_musd,W2,2,full_sample,stack_clip,2026Q2,2025-11-06,1106.137656344624,1106.137656344624,1261.0,-154.86234365537598,154.86234365537598,no_sentence,,3397.138263665596,32.56086654392083,3,7,invmae_shrunk_lam0.5,968.6077189860032,1243.6675937032448,941.101731514279,1271.173581174969,5,split_conformal,137.52993735862083,165.03592483034498,1043.0
adj_ebitda_musd,W2,2,full_sample,stack_ew_clip,2024Q3,2024-02-13,2100.00907237161,2100.00907237161,1958.0,142.00907237160982,142.00907237160982,no_sentence,,3961.380651945321,53.012049507041326,3,7,invmae_shrunk_lam1.0,1890.0081651344487,2310.0099796087707,1827.0078929633005,2373.010251779919,0,fallback,210.000907237161,273.00117940830927,1834.0
adj_ebitda_musd,W2,2,full_sample,stack_ew_clip,2024Q4,2024-05-08,867.0988452855898,867.0988452855898,765.0,102.09884528558985,102.09884528558985,no_sentence,,2613.287128712871,33.180389393823106,3,7,invmae_shrunk_lam1.0,780.3889607570309,953.8087298141488,754.3759953984631,979.8216951727165,0,fallback,86.70988452855899,112.72284988712669,738.0
adj_ebitda_musd,W2,2,full_sample,stack_ew_clip,2025Q1,2024-08-06,442.9596825451039,442.9596825451039,417.0,25.959682545103874,25.959682545103874,no_sentence,,2369.6521739130435,18.693025390879946,3,7,invmae_shrunk_lam1.0,398.6637142905935,487.2556507996143,385.3749238142404,500.54444127596736,0,fallback,44.29596825451039,57.584758730863506,424.0
adj_ebitda_musd,W2,2,full_sample,stack_ew_clip,2025Q2,2024-11-07,944.3740997761929,944.3740997761929,1043.0,-98.6259002238071,98.6259002238071,no_sentence,,3018.9979393582576,31.281044861426327,3,7,invmae_shrunk_lam1.0,849.9366897985736,1038.8115097538123,821.6054668052878,1067.142732747098,1,fallback,94.4374099776193,122.76863297090509,894.0
adj_ebitda_musd,W2,2,full_sample,stack_ew_clip,2025Q3,2025-02-13,2136.760024640617,2136.760024640617,2051.0,85.76002464061685,85.76002464061685,no_sentence,,4172.8403967538325,51.206368360094984,3,7,invmae_shrunk_lam1.0,1923.0840221765552,2350.4360271046785,1858.9812214373367,2414.538827843897,2,fallback,213.6760024640617,277.7788032032802,1958.0
adj_ebitda_musd,W2,2,full_sample,stack_ew_clip,2025Q4,2025-05-01,768.2339171350765,768.2339171350765,786.0,-17.766082864923533,17.766082864923533,no_sentence,,2630.513538748833,29.204712533069728,3,7,invmae_shrunk_lam1.0,691.4105254215688,845.0573088485842,668.3635079075166,868.1043263626364,3,fallback,76.82339171350765,99.87040922755995,765.0
adj_ebitda_musd,W2,2,full_sample,stack_ew_clip,2026Q1,2025-08-06,462.47736174623134,462.47736174623134,519.0,-56.52263825376866,56.52263825376866,no_sentence,,2559.720524017467,18.067494377096125,3,7,invmae_shrunk_lam1.0,320.4682893746215,604.4864341178411,284.96602128171907,639.9887022107437,4,split_conformal,142.00907237160982,177.51134046451227,417.0
adj_ebitda_musd,W2,2,full_sample,stack_ew_clip,2026Q2,2025-11-06,1104.869604014225,1104.869604014225,1261.0,-156.13039598577507,156.13039598577507,no_sentence,,3397.138263665596,32.523539469425174,3,7,invmae_shrunk_lam1.0,962.8605316426151,1246.8786763858348,934.4587171682931,1275.2804908601568,5,split_conformal,142.00907237160982,170.41088684593177,1043.0
adj_ebitda_musd,W2,2,full_sample,stack_lam25_clip,2024Q3,2024-02-13,2093.290369852127,2093.290369852127,1958.0,135.2903698521268,135.2903698521268,no_sentence,,3961.380651945321,52.842444434724335,3,7,invmae_shrunk_lam0.25,1883.961332866914,2302.6194068373393,1821.1626217713504,2365.4181179329034,0,fallback,209.3290369852127,272.1277480807765,1834.0
adj_ebitda_musd,W2,2,full_sample,stack_lam25_clip,2024Q4,2024-05-08,865.732593159117,865.732593159117,765.0,100.73259315911696,100.73259315911696,no_sentence,,2613.287128712871,33.128108413617696,3,7,invmae_shrunk_lam0.25,779.1593338432052,952.3058524750287,753.1873560484318,978.2778302698022,0,fallback,86.5732593159117,112.5452371106852,738.0
adj_ebitda_musd,W2,2,full_sample,stack_lam25_clip,2025Q1,2024-08-06,447.92805463467454,447.92805463467454,417.0,30.928054634674538,30.928054634674538,no_sentence,,2369.6521739130435,18.902692115147175,3,7,invmae_shrunk_lam0.25,403.1352491712071,492.720860098142,389.69740753216684,506.15870173718224,0,fallback,44.79280546346746,58.23064710250769,424.0
adj_ebitda_musd,W2,2,full_sample,stack_lam25_clip,2025Q2,2024-11-07,943.7356892979004,943.7356892979004,1043.0,-99.26431070209958,99.26431070209958,no_sentence,,3018.9979393582576,31.259898425055184,3,7,invmae_shrunk_lam0.25,849.3621203681104,1038.1092582276906,821.0500496891734,1066.4213289066274,1,fallback,94.37356892979005,122.68563960872706,894.0
adj_ebitda_musd,W2,2,full_sample,stack_lam25_clip,2025Q3,2025-02-13,2134.098465166463,2134.098465166463,2051.0,83.09846516646303,83.09846516646303,no_sentence,,4172.8403967538325,51.142585439563824,3,7,invmae_shrunk_lam0.25,1920.6886186498168,2347.5083116831092,1856.665664694823,2411.5312656381034,2,fallback,213.40984651664633,277.4328004716402,1958.0
adj_ebitda_musd,W2,2,full_sample,stack_lam25_clip,2025Q4,2025-05-01,775.7768104943482,775.7768104943482,786.0,-10.223189505651817,10.223189505651817,no_sentence,,2630.513538748833,29.491458571368373,3,7,invmae_shrunk_lam0.25,698.1991294449133,853.3544915437831,674.9258251300829,876.6277958586135,3,fallback,77.57768104943483,100.85098536426527,765.0
adj_ebitda_musd,W2,2,full_sample,stack_lam25_clip,2026Q1,2025-08-06,461.223521555484,461.223521555484,519.0,-57.77647844451599,57.77647844451599,no_sentence,,2559.720524017467,18.018510897103575,3,7,invmae_shrunk_lam0.25,325.9331517033572,596.5138914076108,292.11055924032553,630.3364838706425,4,split_conformal,135.2903698521268,169.11296231515848,417.0
adj_ebitda_musd,W2,2,full_sample,stack_lam25_clip,2026Q2,2025-11-06,1106.7716825098234,1106.7716825098234,1261.0,-154.22831749017655,154.22831749017655,no_sentence,,3397.138263665596,32.57953008116866,3,7,invmae_shrunk_lam0.25,971.4813126576967,1242.0620523619502,944.4232386872714,1269.1201263323755,5,split_conformal,135.2903698521268,162.34844382255216,1043.0
