market,region,snapshot_date,listing_nights,blocked_nights,horizon,blocked_share,max_listings_any_night
austin,na,2024-05-19,466902,267106,h000_030,0.5720815074683767,15201
austin,na,2024-05-19,456030,210931,h031_060,0.4625375523540118,15201
austin,na,2024-05-19,456030,200320,h061_090,0.4392693463149354,15201
austin,na,2024-05-19,1368090,701532,h091_180,0.5127820538122492,15201
austin,na,2024-05-19,2800773,1804370,h181_372,0.6442400008854698,15201
austin,na,2024-06-17,454834,253137,h000_030,0.556548103264048,15140
austin,na,2024-06-17,454200,211310,h031_060,0.46523557904007046,15140
austin,na,2024-06-17,454200,188619,h061_090,0.4152774108322325,15140
austin,na,2024-06-17,1362600,701398,h091_180,0.5147497431381183,15140
austin,na,2024-06-17,2799909,1802802,h181_372,0.6438787832033113,15140
austin,na,2024-07-21,460391,255460,h000_030,0.5548761813328236,15194
austin,na,2024-07-21,455820,202751,h031_060,0.4448049668728884,15194
austin,na,2024-07-21,455820,223294,h061_090,0.48987319555965075,15194
austin,na,2024-07-21,1367460,680515,h091_180,0.4976489257455428,15194
austin,na,2024-07-21,2805934,1793071,h181_372,0.6390282166294717,15194
austin,na,2024-08-14,444882,242436,h000_030,0.5449445021376454,15162
austin,na,2024-08-14,454860,230160,h031_060,0.5060018467220684,15162
austin,na,2024-08-14,454860,221643,h061_090,0.4872774040364068,15162
austin,na,2024-08-14,1364580,664922,h091_180,0.48727227425288366,15162
austin,na,2024-08-14,2814653,1784504,h181_372,0.6340049732595812,15162
austin,na,2024-09-13,469727,284831,h000_030,0.6063756181782184,15244
austin,na,2024-09-13,457320,243091,h031_060,0.5315555847109246,15244
austin,na,2024-09-13,457320,202045,h061_090,0.44180223913233624,15244
austin,na,2024-09-13,1371960,667155,h091_180,0.48627875448263796,15244
austin,na,2024-09-13,2807552,1766758,h181_372,0.6292877211178991,15244
austin,na,2024-10-14,468979,289788,h000_030,0.6179125291324346,15568
austin,na,2024-10-14,467040,222218,h031_060,0.4758007879410757,15568
austin,na,2024-10-14,467040,199977,h061_090,0.42817959917780063,15568
austin,na,2024-10-14,1401120,686765,h091_180,0.4901543051273267,15568
austin,na,2024-10-14,2877841,1797695,h181_372,0.6246679368318124,15568
austin,na,2024-11-14,470739,263361,h000_030,0.5594628870775525,15424
austin,na,2024-11-14,462720,207651,h031_060,0.4487616701244813,15424
austin,na,2024-11-14,462720,190492,h061_090,0.4116787690179806,15424
austin,na,2024-11-14,1388160,684296,h091_180,0.49295182111572156,15424
austin,na,2024-11-14,2845049,1758753,h181_372,0.618180214119335,15424
austin,na,2024-12-14,474657,252341,h000_030,0.5316281019767959,15491
austin,na,2024-12-14,464730,202987,h031_060,0.43678479977621415,15491
austin,na,2024-12-14,464730,204006,h061_090,0.4389774707894907,15491
austin,na,2024-12-14,1394190,677790,h091_180,0.48615325027435285,15491
austin,na,2024-12-14,2855749,1733088,h181_372,0.606876864878531,15491
austin,na,2025-01-16,475677,259472,h000_030,0.5454793904266971,15419
austin,na,2025-01-16,462570,224305,h031_060,0.48491039194067925,15419
austin,na,2025-01-16,462570,204473,h061_090,0.44203688090451176,15419
austin,na,2025-01-16,1387710,659718,h091_180,0.47540047992736234,15419
austin,na,2025-01-16,2839148,1712059,h181_372,0.6030185816308272,15419
austin,na,2025-02-16,469178,285172,h000_030,0.6078119604926062,15391
austin,na,2025-02-16,461730,228446,h031_060,0.4947610075152145,15391
austin,na,2025-02-16,461730,204304,h061_090,0.4424750395252637,15391
austin,na,2025-02-16,1385190,650221,h091_180,0.4694092507165082,15391
austin,na,2025-02-16,2839489,1714846,h181_372,0.6039276785365254,15391
austin,na,2025-03-06,401928,255515,h000_030,0.6357233136283116,15421
austin,na,2025-03-06,462630,228621,h031_060,0.4941767719343752,15421
austin,na,2025-03-06,462630,201012,h061_090,0.4344984112573763,15421
austin,na,2025-03-06,1387890,646635,h091_180,0.46591228411473534,15421
austin,na,2025-03-06,2919053,1757668,h181_372,0.6021363777910165,15421
austin,na,2025-04-12,454987,268256,h000_030,0.5895904718156783,15304
austin,na,2025-04-12,459120,213093,h031_060,0.464133559853633,15304
austin,na,2025-04-12,459120,196353,h061_090,0.4276725039205436,15304
austin,na,2025-04-12,1377360,650219,h091_180,0.4720762908752977,15304
austin,na,2025-04-12,2835180,1720829,h181_372,0.6069558193836018,15304
austin,na,2025-05-11,450085,254179,h000_030,0.5647355499516757,15268
austin,na,2025-05-11,458040,214499,h031_060,0.46829752860012225,15268
austin,na,2025-05-11,458040,190929,h061_090,0.41683914068640293,15268
austin,na,2025-05-11,1374120,666280,h091_180,0.48487759438768085,15268
austin,na,2025-05-11,2832334,1712854,h181_372,0.604750004766387,15268
austin,na,2025-07-11,458221,258670,h000_030,0.5645092651799023,15140
austin,na,2025-07-11,454200,202117,h031_060,0.4449955966534566,15140
austin,na,2025-07-11,454200,202313,h061_090,0.4454271246147072,15140
austin,na,2025-07-11,1362600,646769,h091_180,0.47465800675179803,15140
austin,na,2025-07-11,2796945,1564325,h181_372,0.5592977337773892,15140
austin,na,2025-08-16,455538,248095,h000_030,0.5446197682739969,15088
austin,na,2025-08-16,452640,229123,h031_060,0.5061925592082008,15088
austin,na,2025-08-16,452640,213248,h061_090,0.47112053729232944,15088
austin,na,2025-08-16,1357920,614424,h091_180,0.45247437256981266,15088
austin,na,2025-08-16,2788384,1543887,h181_372,0.5536852169572053,15088
austin,na,2025-09-16,321687,154022,h000_030,0.4787946046933821,10533
austin,na,2025-09-16,315990,110150,h031_060,0.3485869806006519,10533
austin,na,2025-09-16,315990,76528,h061_090,0.24218487926833127,10533
austin,na,2025-09-16,947970,248248,h091_180,0.2618732660316255,10533
austin,na,2025-09-16,1942910,779522,h181_372,0.4012136434523473,10533
austin,na,2025-12-22,306242,125355,h000_030,0.4093331417637032,11251
austin,na,2025-12-22,337530,94918,h031_060,0.28121352176102865,11251
austin,na,2025-12-22,337530,87834,h061_090,0.2602257577104257,11251
austin,na,2025-12-22,1012590,270324,h091_180,0.2669629366278553,11251
austin,na,2025-12-22,2111799,854887,h181_372,0.4048145680531149,11251
austin,na,2026-03-25,244402,107924,h000_030,0.44158394775820164,8171
austin,na,2026-03-25,245130,65964,h031_060,0.26909802961693796,8171
austin,na,2026-03-25,245130,50137,h061_090,0.20453228898951575,8171
austin,na,2026-03-25,735390,182821,h091_180,0.2486041420198806,8171
austin,na,2026-03-25,1512395,603512,h181_372,0.3990439005683039,8171
austin,na,2026-06-22,333278,156514,h000_030,0.4696199569128475,11320
austin,na,2026-06-22,339600,111237,h031_060,0.3275530035335689,11320
austin,na,2026-06-22,339600,93054,h061_090,0.2740106007067138,11320
austin,na,2026-06-22,1018800,333747,h091_180,0.3275883392226148,11320
austin,na,2026-06-22,2098160,868800,h181_372,0.4140770961223167,11320
austin,na,2026-08-25,321325,152222,h000_030,0.4737322025986151,11079
austin,na,2026-08-25,332370,139686,h031_060,0.4202725877786804,11079
austin,na,2026-08-25,332370,103287,h061_090,0.3107590937810272,11079
austin,na,2026-08-25,997110,288582,h091_180,0.28941841923157924,11079
austin,na,2026-08-25,2060683,823984,h181_372,0.3998596581812923,11079
bangkok,apac,2025-03-19,817134,337612,h000_030,0.4131660168344482,27547
bangkok,apac,2025-03-19,826410,208902,h031_060,0.252782517152503,27547
bangkok,apac,2025-03-19,826410,166694,h061_090,0.20170859500732083,27547
bangkok,apac,2025-03-19,2479230,638070,h091_180,0.2573661983761087,27547
bangkok,apac,2025-03-19,5105523,2180166,h181_372,0.4270210906894357,27547
bangkok,apac,2025-04-25,816347,289280,h000_030,0.3543591144452053,27726
bangkok,apac,2025-04-25,831750,193775,h031_060,0.2329726480312594,27726
bangkok,apac,2025-04-25,831750,173600,h061_090,0.20871656146678688,27726
bangkok,apac,2025-04-25,2495250,628295,h091_180,0.2517964131850516,27726
bangkok,apac,2025-04-25,5147424,2188558,h181_372,0.4251753886992795,27726
bangkok,apac,2025-05-26,664323,212572,h000_030,0.3199828998845441,22813
bangkok,apac,2025-05-26,684330,148270,h031_060,0.21666447474171818,22813
bangkok,apac,2025-05-26,684330,122840,h061_090,0.17950404044832172,22813
bangkok,apac,2025-05-26,2052990,446508,h091_180,0.21749156108894832,22813
bangkok,apac,2025-05-26,4240006,1659009,h181_372,0.3912751538559144,22813
bangkok,apac,2025-06-24,777957,292821,h000_030,0.37639741013963496,28196
bangkok,apac,2025-06-24,845880,220392,h031_060,0.26054759540360334,28196
bangkok,apac,2025-06-24,845880,169280,h061_090,0.20012294888163806,28196
bangkok,apac,2025-06-24,2537640,607277,h091_180,0.2393077820337006,28196
bangkok,apac,2025-06-24,5280472,1881135,h181_372,0.35624372215211064,28196
bangkok,apac,2025-07-26,842122,320520,h000_030,0.38060993537753435,28494
bangkok,apac,2025-07-26,854820,198336,h031_060,0.23202077630378326,28494
bangkok,apac,2025-07-26,854820,174145,h061_090,0.2037212512575747,28494
bangkok,apac,2025-07-26,2564460,660041,h091_180,0.257380111212497,28494
bangkok,apac,2025-07-26,5284092,1869082,h181_372,0.35371867106023136,28494
bangkok,apac,2025-08-28,869125,305455,h000_030,0.35145117215590393,28880
bangkok,apac,2025-08-28,866400,212691,h031_060,0.2454882271468144,28880
bangkok,apac,2025-08-28,866400,201051,h061_090,0.23205332409972299,28880
bangkok,apac,2025-08-28,2599200,681151,h091_180,0.2620617882425362,28880
bangkok,apac,2025-08-28,5340077,1867532,h181_372,0.3497200508531993,28880
bangkok,apac,2025-09-26,862076,316980,h000_030,0.3676937996185951,28806
bangkok,apac,2025-09-26,864180,243308,h031_060,0.2815478256844639,28806
bangkok,apac,2025-09-26,864180,223919,h061_090,0.25911152769099033,28806
bangkok,apac,2025-09-26,2592540,665193,h091_180,0.25657964775856884,28806
bangkok,apac,2025-09-26,5331226,1859006,h181_372,0.34870140564290464,28806
bangkok,apac,2025-12-28,878070,439340,h000_030,0.5003473527167538,29888
bangkok,apac,2025-12-28,896640,285679,h031_060,0.31861059064953606,29888
bangkok,apac,2025-12-28,896640,202216,h061_090,0.22552640970735188,29888
bangkok,apac,2025-12-28,2689920,621622,h091_180,0.23109311801094456,29888
bangkok,apac,2025-12-28,5547850,1916044,h181_372,0.3453669439512604,29888
bangkok,apac,2026-03-30,466206,146649,h000_030,0.3145583711921339,16444
bangkok,apac,2026-03-30,493320,64091,h031_060,0.1299177004783913,16444
bangkok,apac,2026-03-30,493320,44176,h061_090,0.0895483661720587,16444
bangkok,apac,2026-03-30,1479960,190937,h091_180,0.12901497337765885,16444
bangkok,apac,2026-03-30,3069256,792677,h181_372,0.2582635661541429,16444
bangkok,apac,2026-06-29,909789,281192,h000_030,0.309073862181231,31069
bangkok,apac,2026-06-29,932070,168884,h031_060,0.18119239971246795,31069
bangkok,apac,2026-06-29,932070,113496,h061_090,0.12176767839325373,31069
bangkok,apac,2026-06-29,2796210,505112,h091_180,0.1806416542391308,31069
bangkok,apac,2026-06-29,5770016,1668554,h181_372,0.28917666779433543,31069
bangkok,apac,2026-08-30,865959,257203,h000_030,0.2970152166557539,31215
bangkok,apac,2026-08-30,936450,175084,h031_060,0.18696566821506755,31215
bangkok,apac,2026-08-30,936450,164633,h061_090,0.17580543542100485,31215
bangkok,apac,2026-08-30,2809350,587678,h091_180,0.2091864666203926,31215
bangkok,apac,2026-08-30,5845270,1625581,h181_372,0.27810195251887426,31215
barcelona,emea,2025-08-10,577274,370444,h000_030,0.6417126009485963,19325
barcelona,emea,2025-08-10,579750,316574,h031_060,0.5460526088831393,19325
barcelona,emea,2025-08-10,579750,255465,h061_090,0.44064683053040105,19325
barcelona,emea,2025-08-10,1739250,664677,h091_180,0.38216300129366104,19325
barcelona,emea,2025-08-10,3577608,1674249,h181_372,0.46798000228085357,19325
barcelona,emea,2025-09-14,586120,420630,h000_030,0.7176516754248277,19410
barcelona,emea,2025-09-14,582300,309930,h031_060,0.5322514167954663,19410
barcelona,emea,2025-09-14,582300,228849,h061_090,0.3930087583719732,19410
barcelona,emea,2025-09-14,1746900,686140,h091_180,0.3927757742286336,19410
barcelona,emea,2025-09-14,3587034,1650324,h181_372,0.4600803895363133,19410
barcelona,emea,2025-12-14,558638,324422,h000_030,0.5807374364078348,18177
barcelona,emea,2025-12-14,545310,262805,h031_060,0.48193687993985074,18177
barcelona,emea,2025-12-14,545310,235220,h061_090,0.43135097467495553,18177
barcelona,emea,2025-12-14,1635930,656956,h091_180,0.40157952968647803,18177
barcelona,emea,2025-12-14,3349435,1341416,h181_372,0.40049023193463973,18177
barcelona,emea,2026-03-21,485752,352413,h000_030,0.7254998435415603,16107
barcelona,emea,2026-03-21,483210,299767,h031_060,0.6203658864675814,16107
barcelona,emea,2026-03-21,483210,258506,h061_090,0.5349765112476977,16107
barcelona,emea,2026-03-21,1449630,576930,h091_180,0.39798431323855055,16107
barcelona,emea,2026-03-21,2977258,1301545,h181_372,0.437162315123513,16107
barcelona,emea,2026-06-24,446078,294135,h000_030,0.6593801980819498,15406
barcelona,emea,2026-06-24,462180,224003,h031_060,0.48466614738846336,15406
barcelona,emea,2026-06-24,462180,180015,h061_090,0.38949110736076853,15406
barcelona,emea,2026-06-24,1386540,441878,h091_180,0.3186911304397998,15406
barcelona,emea,2026-06-24,2864366,1200592,h181_372,0.419147553071081,15406
barcelona,emea,2026-08-23,473208,306366,h000_030,0.6474235431353654,16227
barcelona,emea,2026-08-23,486810,258553,h031_060,0.5311168628417657,16227
barcelona,emea,2026-08-23,486810,184810,h061_090,0.3796347651034284,16227
barcelona,emea,2026-08-23,1460430,477064,h091_180,0.3266599563142362,16227
barcelona,emea,2026-08-23,3015851,1223184,h181_372,0.40558502392856943,16227
barossa-valley,apac,2025-09-27,10943,5750,h000_030,0.5254500593987024,353
barossa-valley,apac,2025-09-27,10590,4350,h031_060,0.41076487252124644,353
barossa-valley,apac,2025-09-27,10590,3304,h061_090,0.3119924457034939,353
barossa-valley,apac,2025-09-27,31770,9296,h091_180,0.2926030846710733,353
barossa-valley,apac,2025-09-27,64952,20249,h181_372,0.3117532947407316,353
barossa-valley,apac,2025-12-28,11180,5630,h000_030,0.5035778175313059,362
barossa-valley,apac,2025-12-28,10860,3585,h031_060,0.3301104972375691,362
barossa-valley,apac,2025-12-28,10860,3353,h061_090,0.3087476979742173,362
barossa-valley,apac,2025-12-28,32580,8739,h091_180,0.268232044198895,362
barossa-valley,apac,2025-12-28,66650,22922,h181_372,0.3439159789947487,362
barossa-valley,apac,2026-03-30,10013,5026,h000_030,0.5019474682912214,323
barossa-valley,apac,2026-03-30,9690,2800,h031_060,0.2889576883384933,323
barossa-valley,apac,2026-03-30,9690,1719,h061_090,0.17739938080495357,323
barossa-valley,apac,2026-03-30,29070,5620,h091_180,0.1933264533883729,323
barossa-valley,apac,2026-03-30,59432,18029,h181_372,0.30335509489837126,323
barossa-valley,apac,2026-06-29,11049,4577,h000_030,0.41424563308896734,360
barossa-valley,apac,2026-06-29,10800,3722,h031_060,0.3446296296296296,360
barossa-valley,apac,2026-06-29,10800,3021,h061_090,0.2797222222222222,360
barossa-valley,apac,2026-06-29,32400,9369,h091_180,0.2891666666666667,360
barossa-valley,apac,2026-06-29,66351,25629,h181_372,0.3862639598498892,360
barossa-valley,apac,2026-08-30,11191,4517,h000_030,0.40362791528907155,361
barossa-valley,apac,2026-08-30,10830,4084,h031_060,0.3771006463527239,361
barossa-valley,apac,2026-08-30,10830,3139,h061_090,0.28984302862419203,361
barossa-valley,apac,2026-08-30,32490,7734,h091_180,0.23804247460757155,361
barossa-valley,apac,2026-08-30,66424,23366,h181_372,0.35177044441768035,361
barwon-south-west-vic,apac,2025-03-21,230609,113358,h000_030,0.49155930601147396,7439
barwon-south-west-vic,apac,2025-03-21,223170,82786,h031_060,0.3709548774476856,7439
barwon-south-west-vic,apac,2025-03-21,223170,68098,h061_090,0.305139579692611,7439
barwon-south-west-vic,apac,2025-03-21,669510,242846,h091_180,0.36272199070962347,7439
barwon-south-west-vic,apac,2025-03-21,1368776,823260,h181_372,0.6014570682127682,7439
barwon-south-west-vic,apac,2025-04-26,223305,90164,h000_030,0.4037706276169365,7426
barwon-south-west-vic,apac,2025-04-26,222750,72118,h031_060,0.32376206509539845,7426
barwon-south-west-vic,apac,2025-04-26,222750,68382,h061_090,0.306989898989899,7426
barwon-south-west-vic,apac,2025-04-26,668250,247500,h091_180,0.37037037037037035,7426
barwon-south-west-vic,apac,2025-04-26,1373033,823745,h181_372,0.5999455220668404,7426
barwon-south-west-vic,apac,2025-05-28,161550,65505,h000_030,0.4054781801299907,5385
barwon-south-west-vic,apac,2025-05-28,161550,53684,h031_060,0.3323057876818323,5385
barwon-south-west-vic,apac,2025-05-28,161550,48401,h061_090,0.299603837821108,5385
barwon-south-west-vic,apac,2025-05-28,484650,181403,h091_180,0.3742969152997008,5385
barwon-south-west-vic,apac,2025-05-28,996225,597198,h181_372,0.5994609651434164,5385
barwon-south-west-vic,apac,2025-06-25,214509,90844,h000_030,0.4234973823942119,7264
barwon-south-west-vic,apac,2025-06-25,217920,70034,h031_060,0.32137481644640237,7264
barwon-south-west-vic,apac,2025-06-25,217920,65330,h061_090,0.2997889133627019,7264
barwon-south-west-vic,apac,2025-06-25,653760,244862,h091_180,0.3745441752325012,7264
barwon-south-west-vic,apac,2025-06-25,1347253,766449,h181_372,0.568897601267171,7264
barwon-south-west-vic,apac,2025-07-27,220017,88375,h000_030,0.40167350704718274,7246
barwon-south-west-vic,apac,2025-07-27,217380,71161,h031_060,0.327357622596375,7246
barwon-south-west-vic,apac,2025-07-27,217380,72130,h061_090,0.33181525439322845,7246
barwon-south-west-vic,apac,2025-07-27,652140,284318,h091_180,0.43597693746741495,7246
barwon-south-west-vic,apac,2025-07-27,1337874,731659,h181_372,0.5468818438806644,7246
barwon-south-west-vic,apac,2025-08-30,225184,98594,h000_030,0.43783750177632513,7264
barwon-south-west-vic,apac,2025-08-30,217920,78815,h031_060,0.3616694199706314,7264
barwon-south-west-vic,apac,2025-08-30,217920,74567,h061_090,0.34217602790014684,7264
barwon-south-west-vic,apac,2025-08-30,653760,297046,h091_180,0.4543655163974547,7264
barwon-south-west-vic,apac,2025-08-30,1336576,731914,h181_372,0.5476037277341506,7264
barwon-south-west-vic,apac,2025-09-28,225680,103881,h000_030,0.4603021978021978,7280
barwon-south-west-vic,apac,2025-09-28,218400,81406,h031_060,0.37273809523809526,7280
barwon-south-west-vic,apac,2025-09-28,218400,91236,h061_090,0.4177472527472528,7280
barwon-south-west-vic,apac,2025-09-28,655200,292479,h091_180,0.44639652014652015,7280
barwon-south-west-vic,apac,2025-09-28,1339520,733234,h181_372,0.5473856306736742,7280
barwon-south-west-vic,apac,2025-12-29,222780,150154,h000_030,0.6740012568453182,7429
barwon-south-west-vic,apac,2025-12-29,222870,87402,h031_060,0.3921658365863508,7429
barwon-south-west-vic,apac,2025-12-29,222870,79138,h061_090,0.35508592452999505,7429
barwon-south-west-vic,apac,2025-12-29,668610,251138,h091_180,0.3756120907554479,7429
barwon-south-west-vic,apac,2025-12-29,1374455,759780,h181_372,0.5527863771458505,7429
barwon-south-west-vic,apac,2026-03-30,167086,66118,h000_030,0.3957123876327161,5844
barwon-south-west-vic,apac,2026-03-30,175320,39038,h031_060,0.2226671229751312,5844
barwon-south-west-vic,apac,2026-03-30,175320,32186,h061_090,0.18358430298882045,5844
barwon-south-west-vic,apac,2026-03-30,525960,125741,h091_180,0.23906951098942886,5844
barwon-south-west-vic,apac,2026-03-30,1089378,524365,h181_372,0.4813434822439961,5844
barwon-south-west-vic,apac,2026-06-29,214152,90788,h000_030,0.4239418730621241,7095
barwon-south-west-vic,apac,2026-06-29,212850,68084,h031_060,0.31986845196147523,7095
barwon-south-west-vic,apac,2026-06-29,212850,66328,h061_090,0.3116185106882781,7095
barwon-south-west-vic,apac,2026-06-29,638550,237704,h091_180,0.37225589225589223,7095
barwon-south-west-vic,apac,2026-06-29,1311277,712910,h181_372,0.543676126401973,7095
barwon-south-west-vic,apac,2026-08-31,217766,94323,h000_030,0.43313924120386105,7076
barwon-south-west-vic,apac,2026-08-31,212280,74401,h031_060,0.35048520821556434,7076
barwon-south-west-vic,apac,2026-08-31,212280,73652,h061_090,0.3469568494441304,7076
barwon-south-west-vic,apac,2026-08-31,636840,281773,h091_180,0.44245493373531813,7076
barwon-south-west-vic,apac,2026-08-31,1303574,632540,h181_372,0.4852352072072625,7076
belize,latam,2025-03-23,106423,48051,h000_030,0.4515095421102581,3433
belize,latam,2025-03-23,102990,27434,h031_060,0.26637537625012137,3433
belize,latam,2025-03-23,102990,25557,h061_090,0.2481503058549374,3433
belize,latam,2025-03-23,308970,64232,h091_180,0.20789073372819367,3433
belize,latam,2025-03-23,631672,178171,h181_372,0.28206252612115146,3433
belize,latam,2025-04-27,107572,34867,h000_030,0.3241270962704049,3500
belize,latam,2025-04-27,105000,29825,h031_060,0.28404761904761905,3500
belize,latam,2025-04-27,105000,27604,h061_090,0.26289523809523807,3500
belize,latam,2025-04-27,315000,60523,h091_180,0.19213650793650794,3500
belize,latam,2025-04-27,644928,189497,h181_372,0.2938265976977275,3500
belize,latam,2025-06-25,106552,40576,h000_030,0.3808093700728283,3552
belize,latam,2025-06-25,106560,27564,h031_060,0.25867117117117117,3552
belize,latam,2025-06-25,106560,22143,h061_090,0.20779842342342342,3552
belize,latam,2025-06-25,319680,68700,h091_180,0.2149024024024024,3552
belize,latam,2025-06-25,657075,184277,h181_372,0.2804504812996994,3552
belize,latam,2025-07-29,110267,34909,h000_030,0.3165861046369267,3557
belize,latam,2025-07-29,106710,24971,h031_060,0.23400805922593945,3557
belize,latam,2025-07-29,106710,22664,h061_090,0.21238871708368476,3557
belize,latam,2025-07-29,320130,85495,h091_180,0.2670633805016712,3557
belize,latam,2025-07-29,654488,173057,h181_372,0.26441584872449914,3557
belize,latam,2025-08-30,110577,33098,h000_030,0.29932083525507114,3567
belize,latam,2025-08-30,107010,25434,h031_060,0.23767872161480236,3567
belize,latam,2025-08-30,107010,28849,h061_090,0.2695916269507523,3567
belize,latam,2025-08-30,321030,105306,h091_180,0.32802541818521636,3567
belize,latam,2025-08-30,656328,160524,h181_372,0.24457893004717154,3567
belize,latam,2025-09-28,111011,32588,h000_030,0.2935564944014557,3581
belize,latam,2025-09-28,107430,32057,h031_060,0.2983989574606721,3581
belize,latam,2025-09-28,107430,33045,h061_090,0.3075956436749511,3581
belize,latam,2025-09-28,322290,111329,h091_180,0.34543113345123955,3581
belize,latam,2025-09-28,658904,150941,h181_372,0.2290788946492964,3581
belize,latam,2025-12-29,108300,57554,h000_030,0.5314312096029548,3630
belize,latam,2025-12-29,108900,52838,h031_060,0.48519742883379247,3630
belize,latam,2025-12-29,108900,37756,h061_090,0.34670339761248853,3630
belize,latam,2025-12-29,326700,65787,h091_180,0.2013682277318641,3630
belize,latam,2025-12-29,672150,142730,h181_372,0.2123484341292866,3630
belize,latam,2026-03-30,91803,36288,h000_030,0.3952811999607856,3074
belize,latam,2026-03-30,92220,20140,h031_060,0.21839080459770116,3074
belize,latam,2026-03-30,92220,16579,h061_090,0.17977662112340057,3074
belize,latam,2026-03-30,276660,36294,h091_180,0.13118629364563,3074
belize,latam,2026-03-30,569113,105434,h181_372,0.18526022072945092,3074
belize,latam,2026-06-29,111432,36984,h000_030,0.33189748007753606,3608
belize,latam,2026-06-29,108240,21298,h031_060,0.19676644493717665,3608
belize,latam,2026-06-29,108240,16130,h061_090,0.14902069475240207,3608
belize,latam,2026-06-29,324720,52907,h091_180,0.1629311406750431,3608
belize,latam,2026-06-29,664288,146959,h181_372,0.2212278409364613,3608
belize,latam,2026-08-31,113063,26391,h000_030,0.23341853656810804,3650
belize,latam,2026-08-31,109500,19077,h031_060,0.17421917808219178,3650
belize,latam,2026-08-31,109500,23855,h061_090,0.2178538812785388,3650
belize,latam,2026-08-31,328500,91383,h091_180,0.2781826484018265,3650
belize,latam,2026-08-31,671687,113056,h181_372,0.16831649265208348,3650
bogota,latam,2026-06-21,577068,165770,h000_030,0.2872625063250778,19187
bogota,latam,2026-06-21,575610,95156,h031_060,0.1653133197824916,19187
bogota,latam,2026-06-21,575610,60907,h061_090,0.10581296363857473,19187
bogota,latam,2026-06-21,1726830,202126,h091_180,0.1170503176340462,19187
bogota,latam,2026-06-21,3548137,588483,h181_372,0.16585689898670766,19187
bogota,latam,2026-08-18,577270,171124,h000_030,0.2964366760787846,19486
bogota,latam,2026-08-18,584580,122659,h031_060,0.20982414725101783,19486
bogota,latam,2026-08-18,584580,71832,h061_090,0.1228779636662219,19486
bogota,latam,2026-08-18,1753740,203310,h091_180,0.1159293851996305,19486
bogota,latam,2026-08-18,3611675,608525,h181_372,0.16848830528771278,19486
brisbane,apac,2025-08-04,178994,105095,h000_030,0.5871425857849983,5774
brisbane,apac,2025-08-04,173220,67548,h031_060,0.3899549705576723,5774
brisbane,apac,2025-08-04,173220,57212,h061_090,0.33028518646807525,5774
brisbane,apac,2025-08-04,519660,215353,h091_180,0.41441134587999845,5774
brisbane,apac,2025-08-04,1062416,580518,h181_372,0.5464130811282962,5774
brisbane,apac,2025-10-07,186985,106241,h000_030,0.5681792657165013,6072
brisbane,apac,2025-10-07,182160,76331,h031_060,0.41903271848924023,6072
brisbane,apac,2025-10-07,182160,73098,h061_090,0.40128458498023717,6072
brisbane,apac,2025-10-07,546480,207750,h091_180,0.3801602986385595,6072
brisbane,apac,2025-10-07,1118501,611269,h181_372,0.5465073343698397,6072
brisbane,apac,2026-01-16,175553,87645,h000_030,0.49925093846302826,5663
brisbane,apac,2026-01-16,169890,57602,h031_060,0.3390546824415798,5663
brisbane,apac,2026-01-16,169890,45522,h061_090,0.26794984990287835,5663
brisbane,apac,2026-01-16,509670,177965,h091_180,0.3491769183981792,5663
brisbane,apac,2026-01-16,1041992,546942,h181_372,0.5249003831123463,5663
brisbane,apac,2026-03-19,177320,100505,h000_030,0.5668001353485225,5720
brisbane,apac,2026-03-19,171600,58742,h031_060,0.3423193473193473,5720
brisbane,apac,2026-03-19,171600,45199,h061_090,0.2633974358974359,5720
brisbane,apac,2026-03-19,514800,190684,h091_180,0.3704040404040404,5720
brisbane,apac,2026-03-19,1052480,555434,h181_372,0.5277382943143812,5720
brisbane,apac,2026-06-15,186939,107570,h000_030,0.5754283482847345,6347
brisbane,apac,2026-06-15,190410,84380,h031_060,0.44314899427551074,6347
brisbane,apac,2026-06-15,190410,65367,h061_090,0.3432960453757681,6347
brisbane,apac,2026-06-15,571230,225876,h091_180,0.39542040859198574,6347
brisbane,apac,2026-06-15,1177190,652590,h181_372,0.5543625073267697,6347
brisbane,apac,2026-08-13,198772,116655,h000_030,0.5868784335821947,6412
brisbane,apac,2026-08-13,192360,82000,h031_060,0.4262840507381992,6412
brisbane,apac,2026-08-13,192360,66959,h061_090,0.34809211894364733,6412
brisbane,apac,2026-08-13,577080,222484,h091_180,0.38553406806681917,6412
brisbane,apac,2026-08-13,1179808,594682,h181_372,0.5040498114947517,6412
buenos-aires,latam,2025-07-27,817495,410466,h000_030,0.502102153529991,27429
buenos-aires,latam,2025-07-27,822870,278589,h031_060,0.3385577308687885,27429
buenos-aires,latam,2025-07-27,822870,221575,h061_090,0.26927096625226343,27429
buenos-aires,latam,2025-07-27,2468610,704405,h091_180,0.2853447891728544,27429
buenos-aires,latam,2025-07-27,5079748,1880745,h181_372,0.37024376012353366,27429
buenos-aires,latam,2025-08-29,806333,430499,h000_030,0.533897285612768,27234
buenos-aires,latam,2025-08-29,817020,299665,h031_060,0.36677804704903183,27234
buenos-aires,latam,2025-08-29,817020,273421,h061_090,0.33465643435901204,27234
buenos-aires,latam,2025-08-29,2451060,669828,h091_180,0.2732809478348143,27234
buenos-aires,latam,2025-08-29,5048983,1853515,h181_372,0.3671066034486549,27234
buenos-aires,latam,2025-09-27,824067,454816,h000_030,0.5519162883600484,26945
buenos-aires,latam,2025-09-27,808350,356140,h031_060,0.4405764829591142,26945
buenos-aires,latam,2025-09-27,808350,246919,h061_090,0.3054605059689491,26945
buenos-aires,latam,2025-09-27,2425050,630159,h091_180,0.2598540236283788,26945
buenos-aires,latam,2025-09-27,4969119,1819031,h181_372,0.3660671036455356,26945
buenos-aires,latam,2025-11-27,800082,476499,h000_030,0.5955627048227556,26711
buenos-aires,latam,2025-11-27,801330,296345,h031_060,0.36981643018481775,26711
buenos-aires,latam,2025-11-27,801330,209595,h061_090,0.26155890831492645,26711
buenos-aires,latam,2025-11-27,2403990,597315,h091_180,0.24846817166460758,26711
buenos-aires,latam,2025-11-27,4942824,1832996,h181_372,0.37083982759653183,26711
buenos-aires,latam,2026-03-30,672456,371623,h000_030,0.5526354140642659,28019
buenos-aires,latam,2026-03-30,840570,289194,h031_060,0.34404511224526213,28019
buenos-aires,latam,2026-03-30,840570,204763,h061_090,0.24360017607099943,28019
buenos-aires,latam,2026-03-30,2521710,659179,h091_180,0.26140158860455803,28019
buenos-aires,latam,2026-03-30,5351629,2017480,h181_372,0.3769842789924339,28019
buenos-aires,latam,2026-06-29,868989,469895,h000_030,0.5407375697505953,29685
buenos-aires,latam,2026-06-29,890550,300194,h031_060,0.33708831620908425,29685
buenos-aires,latam,2026-06-29,890550,238634,h061_090,0.2679624950873056,29685
buenos-aires,latam,2026-06-29,2671650,793510,h091_180,0.29701121030075045,29685
buenos-aires,latam,2026-06-29,5513287,2055368,h181_372,0.37280264930884244,29685
buenos-aires,latam,2026-08-30,823225,450274,h000_030,0.546963466852926,29675
buenos-aires,latam,2026-08-30,890250,356187,h031_060,0.4000977253580455,29675
buenos-aires,latam,2026-08-30,890250,286924,h061_090,0.3222959842740803,29675
buenos-aires,latam,2026-08-30,2670750,762699,h091_180,0.28557483852850324,29675
buenos-aires,latam,2026-08-30,5556873,1969849,h181_372,0.354488756536275,29675
chicago,na,2025-02-16,266687,109170,h000_030,0.40935628658314804,8742
chicago,na,2025-02-16,262260,78609,h031_060,0.29973690231068406,8742
chicago,na,2025-02-16,262260,70166,h061_090,0.2675436589643865,8742
chicago,na,2025-02-16,786780,258313,h091_180,0.32831668318970997,8742
chicago,na,2025-02-16,1611924,703062,h181_372,0.4361632434283502,8742
chicago,na,2025-03-11,254049,119979,h000_030,0.47226716105948063,8731
chicago,na,2025-03-11,261930,89186,h031_060,0.3404955522467835,8731
chicago,na,2025-03-11,261930,88357,h061_090,0.3373305845073111,8731
chicago,na,2025-03-11,785790,265223,h091_180,0.33752402041257845,8731
chicago,na,2025-03-11,1623978,710415,h181_372,0.4374535861939016,8731
chicago,na,2025-04-17,262508,138620,h000_030,0.5280600972160848,8468
chicago,na,2025-04-17,254040,119630,h031_060,0.4709100928987561,8468
chicago,na,2025-04-17,254040,100194,h061_090,0.39440245630609355,8468
chicago,na,2025-04-17,762120,270095,h091_180,0.3543995696215819,8468
chicago,na,2025-04-17,1557392,666938,h181_372,0.42824028889322663,8468
chicago,na,2025-05-14,259550,160700,h000_030,0.6191485262955114,8620
chicago,na,2025-05-14,258600,125695,h031_060,0.4860595514307811,8620
chicago,na,2025-05-14,258600,111384,h061_090,0.43071925754060325,8620
chicago,na,2025-05-14,775800,240955,h091_180,0.31058906934777003,8620
chicago,na,2025-05-14,1592996,704795,h181_372,0.4424336282074782,8620
chicago,na,2025-07-20,265134,165811,h000_030,0.625385654046633,8720
chicago,na,2025-07-20,261600,104695,h031_060,0.40021024464831806,8720
chicago,na,2025-07-20,261600,91892,h061_090,0.3512691131498471,8720
chicago,na,2025-07-20,784800,215610,h091_180,0.27473241590214065,8720
chicago,na,2025-07-20,1609675,660707,h181_372,0.41045987544069457,8720
chicago,na,2025-08-19,269762,147611,h000_030,0.5471897450345119,8702
chicago,na,2025-08-19,261060,111521,h031_060,0.4271853213820578,8702
chicago,na,2025-08-19,261060,73799,h061_090,0.2826898031103961,8702
chicago,na,2025-08-19,783180,212644,h091_180,0.271513572869583,8702
chicago,na,2025-08-19,1601168,652695,h181_372,0.4076368001359008,8702
chicago,na,2025-09-22,257838,143688,h000_030,0.557280152653992,8663
chicago,na,2025-09-22,259890,89980,h031_060,0.34622340220862674,8663
chicago,na,2025-09-22,259890,70699,h061_090,0.2720343222132441,8663
chicago,na,2025-09-22,779670,203018,h091_180,0.26038965203227005,8663
chicago,na,2025-09-22,1604707,662523,h181_372,0.41286228576307077,8663
chicago,na,2025-12-25,263811,106503,h000_030,0.40370947382785405,8884
chicago,na,2025-12-25,266520,71257,h031_060,0.2673607984391415,8884
chicago,na,2025-12-25,266520,66143,h061_090,0.24817274500975536,8884
chicago,na,2025-12-25,799560,232586,h091_180,0.2908924908699785,8884
chicago,na,2025-12-25,1645951,682989,h181_372,0.41495099185820233,8884
chicago,na,2026-03-27,159743,70635,h000_030,0.4421790000187802,5153
chicago,na,2026-03-27,154590,53325,h031_060,0.34494469241218706,5153
chicago,na,2026-03-27,154590,54844,h061_090,0.3547706837440973,5153
chicago,na,2026-03-27,463770,134811,h091_180,0.29068503784203376,5153
chicago,na,2026-03-27,948152,391578,h181_372,0.4129907441001021,5153
chicago,na,2026-06-24,257357,167506,h000_030,0.6508701919901149,8704
chicago,na,2026-06-24,261120,128444,h031_060,0.49189644607843136,8704
chicago,na,2026-06-24,261120,92668,h061_090,0.3548866421568627,8704
chicago,na,2026-06-24,783360,224016,h091_180,0.28596813725490194,8704
chicago,na,2026-06-24,1613586,664456,h181_372,0.41178840173377806,8704
chicago,na,2026-08-27,269619,165863,h000_030,0.6151754883743357,8778
chicago,na,2026-08-27,263340,114349,h031_060,0.4342257158046632,8778
chicago,na,2026-08-27,263340,70098,h061_090,0.26618819776714514,8778
chicago,na,2026-08-27,790020,206104,h091_180,0.2608845345687451,8778
chicago,na,2026-08-27,1617651,668987,h181_372,0.41355459243062936,8778
hong-kong,apac,2025-03-16,211172,79482,h000_030,0.3763851268160552,6812
hong-kong,apac,2025-03-16,204360,56083,h031_060,0.27443237424153455,6812
hong-kong,apac,2025-03-16,204360,47397,h061_090,0.23192894891368174,6812
hong-kong,apac,2025-03-16,613080,178724,h091_180,0.291518235793045,6812
hong-kong,apac,2025-03-16,1253408,528714,h181_372,0.42182114682529553,6812
hong-kong,apac,2025-04-20,212556,75775,h000_030,0.35649428856395493,6857
hong-kong,apac,2025-04-20,205710,50900,h031_060,0.24743571046619026,6857
hong-kong,apac,2025-04-20,205710,45974,h061_090,0.2234893782509358,6857
hong-kong,apac,2025-04-20,617130,179362,h091_180,0.2906389253479818,6857
hong-kong,apac,2025-04-20,1261696,526307,h181_372,0.4171424812316121,6857
hong-kong,apac,2025-05-18,209184,66883,h000_030,0.3197328667584519,6869
hong-kong,apac,2025-05-18,206040,51323,h031_060,0.2490924092409241,6869
hong-kong,apac,2025-05-18,206040,47809,h061_090,0.23203746845272763,6869
hong-kong,apac,2025-05-18,618120,186965,h091_180,0.3024736297159128,6869
hong-kong,apac,2025-05-18,1267461,526967,h181_372,0.4157658499945955,6869
hong-kong,apac,2025-07-24,216380,80759,h000_030,0.3732276550512986,6980
hong-kong,apac,2025-07-24,209400,58134,h031_060,0.277621776504298,6980
hong-kong,apac,2025-07-24,209400,56382,h061_090,0.26925501432664756,6980
hong-kong,apac,2025-07-24,628200,201421,h091_180,0.3206319643425661,6980
hong-kong,apac,2025-07-24,1284320,493910,h181_372,0.38456926622648563,6980
hong-kong,apac,2025-08-24,214888,85240,h000_030,0.3966717545884368,6932
hong-kong,apac,2025-08-24,207960,68018,h031_060,0.32707251394498943,6932
hong-kong,apac,2025-08-24,207960,62972,h061_090,0.3028082323523755,6932
hong-kong,apac,2025-08-24,623880,199662,h091_180,0.32003269859588385,6932
hong-kong,apac,2025-08-24,1275492,482897,h181_372,0.3785966513314078,6932
hong-kong,apac,2025-09-23,207841,91249,h000_030,0.4390327221289351,6801
hong-kong,apac,2025-09-23,204030,71527,h031_060,0.3505709944615988,6801
hong-kong,apac,2025-09-23,204030,61909,h061_090,0.30343086800960645,6801
hong-kong,apac,2025-09-23,612090,186386,h091_180,0.30450750706595436,6801
hong-kong,apac,2025-09-23,1254375,473341,h181_372,0.3773520677628301,6801
hong-kong,apac,2025-12-27,192754,77223,h000_030,0.4006298183176484,6630
hong-kong,apac,2025-12-27,198900,56581,h031_060,0.2844695827048768,6630
hong-kong,apac,2025-12-27,198900,47447,h061_090,0.23854700854700855,6630
hong-kong,apac,2025-12-27,596700,165439,h091_180,0.2772565778448131,6630
hong-kong,apac,2025-12-27,1232677,454148,h181_372,0.36842416951074775,6630
hong-kong,apac,2026-03-29,65565,32209,h000_030,0.4912529550827423,2115
hong-kong,apac,2026-03-29,63450,19675,h031_060,0.31008668242710796,2115
hong-kong,apac,2026-03-29,63450,14294,h061_090,0.22527974783293933,2115
hong-kong,apac,2026-03-29,190350,59794,h091_180,0.31412660887838195,2115
hong-kong,apac,2026-03-29,389160,181945,h181_372,0.46753263439202386,2115
hong-kong,apac,2026-06-27,197650,63387,h000_030,0.3207032633442955,6757
hong-kong,apac,2026-06-27,202710,50956,h031_060,0.2513738838735139,6757
hong-kong,apac,2026-06-27,202710,48678,h061_090,0.24013615509841646,6757
hong-kong,apac,2026-06-27,608130,191840,h091_180,0.3154588657030569,6757
hong-kong,apac,2026-06-27,1255105,467488,h181_372,0.37246923564163953,6757
hong-kong,apac,2026-08-28,201684,80415,h000_030,0.39871779615636344,6607
hong-kong,apac,2026-08-28,198210,67804,h031_060,0.34208163059381463,6607
hong-kong,apac,2026-08-28,198210,65189,h061_090,0.32888855254528027,6607
hong-kong,apac,2026-08-28,594630,191833,h091_180,0.32260901737214737,6607
hong-kong,apac,2026-08-28,1218821,452233,h181_372,0.37104135882135275,6607
london,emea,2025-09-14,2804146,1907940,h000_030,0.6803996653526599,96871
london,emea,2025-09-14,2906130,1660753,h031_060,0.5714654884674808,96871
london,emea,2025-09-14,2906130,1563115,h061_090,0.5378682302581096,96871
london,emea,2025-09-14,8718390,4739048,h091_180,0.5435691681606352,96871
london,emea,2025-09-14,18023178,11443010,h181_372,0.6349052314747154,96871
london,emea,2025-12-13,2152558,1211300,h000_030,0.5627258359588917,95694
london,emea,2025-12-13,2870820,1477277,h031_060,0.514583638124299,95694
london,emea,2025-12-13,2870820,1424302,h061_090,0.4961307222326722,95694
london,emea,2025-12-13,8612460,4719156,h091_180,0.5479451863927379,95694
london,emea,2025-12-13,18016972,11416077,h181_372,0.6336290582013449,95694
london,emea,2026-03-21,1319152,593208,h000_030,0.4496888910451563,53734
london,emea,2026-03-21,1612020,628048,h031_060,0.3896031066612077,53734
london,emea,2026-03-21,1612020,532257,h061_090,0.3301801466483046,53734
london,emea,2026-03-21,4836060,1740608,h091_180,0.35992274702960675,53734
london,emea,2026-03-21,10168575,4342297,h181_372,0.42703102450441677,53734
london,emea,2026-06-19,2261652,1618555,h000_030,0.7156516563998352,92799
london,emea,2026-06-19,2783970,1611769,h031_060,0.5789462530127839,92799
london,emea,2026-06-19,2783970,1442655,h061_090,0.5182006271619306,92799
london,emea,2026-06-19,8351910,4413928,h091_180,0.5284932428630098,92799
london,emea,2026-06-19,17637193,10556110,h181_372,0.5985141739958281,92799
london,emea,2026-08-18,2352528,1427291,h000_030,0.6067052124353036,92783
london,emea,2026-08-18,2783490,1586018,h031_060,0.569794754067735,92783
london,emea,2026-08-18,2783490,1404858,h061_090,0.5047109923154026,92783
london,emea,2026-08-18,8350470,4352276,h091_180,0.5212013216022571,92783
london,emea,2026-08-18,17489260,10540876,h181_372,0.6027056605025026,92783
los-angeles,na,2025-03-01,1315289,692159,h000_030,0.5262410010271507,45011
los-angeles,na,2025-03-01,1350330,516596,h031_060,0.3825701865469922,45011
los-angeles,na,2025-03-01,1350330,445696,h061_090,0.3300645027511793,45011
los-angeles,na,2025-03-01,4050990,1574979,h091_180,0.38878866647412114,45011
los-angeles,na,2025-03-01,8361803,4303441,h181_372,0.5146546743567147,45011
los-angeles,na,2025-04-01,1324614,702694,h000_030,0.5304896369810375,44765
los-angeles,na,2025-04-01,1342860,534382,h031_060,0.3979431958655407,44765
los-angeles,na,2025-04-01,1342860,471803,h061_090,0.351341912038485,44765
los-angeles,na,2025-04-01,4028580,1583801,h091_180,0.3931412557278247,44765
los-angeles,na,2025-04-01,8299486,4298006,h181_372,0.5178641183321473,44765
los-angeles,na,2025-05-01,1354058,729677,h000_030,0.5388816431792435,44992
los-angeles,na,2025-05-01,1349190,564027,h031_060,0.41804860694194296,44992
los-angeles,na,2025-05-01,1349190,509202,h061_090,0.3774131145353879,44992
los-angeles,na,2025-05-01,4047570,1558202,h091_180,0.38497221789864045,44992
los-angeles,na,2025-05-01,8315987,4313684,h181_372,0.5187218306137323,44992
los-angeles,na,2025-07-01,1357697,779863,h000_030,0.5744013575930418,45487
los-angeles,na,2025-07-01,1364610,560016,h031_060,0.41038538483522763,45487
los-angeles,na,2025-07-01,1364610,439613,h061_090,0.32215284953210077,45487
los-angeles,na,2025-07-01,4093830,1437168,h091_180,0.35105707857922774,45487
los-angeles,na,2025-07-01,8422052,3959753,h181_372,0.4701648719338233,45487
los-angeles,na,2025-08-01,1345009,721937,h000_030,0.5367525421762978,45777
los-angeles,na,2025-08-01,1373310,508303,h031_060,0.370129832302976,45777
los-angeles,na,2025-08-01,1373310,438366,h061_090,0.3192039670576927,45777
los-angeles,na,2025-08-01,4119930,1429382,h091_180,0.34694327330804164,45777
los-angeles,na,2025-08-01,8497138,3948175,h181_372,0.4646476260595038,45777
los-angeles,na,2025-09-01,1360268,669706,h000_030,0.49233386362099235,45886
los-angeles,na,2025-09-01,1376580,513312,h031_060,0.3728893344375191,45886
los-angeles,na,2025-09-01,1376580,439226,h061_090,0.3190704499556873,45886
los-angeles,na,2025-09-01,4129740,1415203,h091_180,0.34268573808520636,45886
los-angeles,na,2025-09-01,8505258,3946629,h181_372,0.46402225540953607,45886
los-angeles,na,2025-12-04,1358685,673035,h000_030,0.49535764360392587,45585
los-angeles,na,2025-12-04,1367550,474750,h031_060,0.34715366897005595,45585
los-angeles,na,2025-12-04,1367550,424773,h061_090,0.3106087528792366,45585
los-angeles,na,2025-12-04,4102650,1406299,h091_180,0.3427782043313468,45585
los-angeles,na,2025-12-04,8442117,3894559,h181_372,0.46132492596347574,45585
los-angeles,na,2026-03-16,1391937,737308,h000_030,0.5296992608142467,46088
los-angeles,na,2026-03-16,1382640,530263,h031_060,0.38351487010357,46088
los-angeles,na,2026-03-16,1382640,479627,h061_090,0.3468921772840363,46088
los-angeles,na,2026-03-16,4147920,1563503,h091_180,0.37693663330054583,46088
los-angeles,na,2026-03-16,8517009,3909231,h181_372,0.45899106129863193,46088
los-angeles,na,2026-06-15,1275044,682460,h000_030,0.535244273923096,43932
los-angeles,na,2026-06-15,1317960,534483,h031_060,0.4055381043430757,43932
los-angeles,na,2026-06-15,1317960,398486,h061_090,0.30235060244620476,43932
los-angeles,na,2026-06-15,3953880,1196371,h091_180,0.3025815148664097,43932
los-angeles,na,2026-06-15,8170354,3388769,h181_372,0.4147640359279414,43932
los-angeles,na,2026-08-10,1275402,639762,h000_030,0.5016159610852108,43735
los-angeles,na,2026-08-10,1312050,446108,h031_060,0.34000838382683585,43735
los-angeles,na,2026-08-10,1312050,368290,h061_090,0.28069814412560495,43735
los-angeles,na,2026-08-10,3936150,1170368,h091_180,0.2973382620072914,43735
los-angeles,na,2026-08-10,8126893,3322181,h181_372,0.4087885739359433,43735
melbourne,apac,2025-08-05,764141,451863,h000_030,0.5913345835389019,25599
melbourne,apac,2025-08-05,767970,370645,h031_060,0.4826295297993411,25599
melbourne,apac,2025-08-05,767970,363557,h061_090,0.4734000026042684,25599
melbourne,apac,2025-08-05,2303910,1247438,h091_180,0.541443893207634,25599
melbourne,apac,2025-08-05,4739878,2964964,h181_372,0.6255359315155369,25599
melbourne,apac,2025-09-12,759221,474355,h000_030,0.6247917273099663,24491
melbourne,apac,2025-09-12,734730,389063,h031_060,0.5295319369019912,24491
melbourne,apac,2025-09-12,734730,360382,h061_090,0.49049582839954814,24491
melbourne,apac,2025-09-12,2204190,1236656,h091_180,0.5610478225561317,24491
melbourne,apac,2025-09-12,4506344,2821350,h181_372,0.6260840273179322,24491
melbourne,apac,2025-12-12,798074,519729,h000_030,0.6512290840197776,26203
melbourne,apac,2025-12-12,786090,420979,h031_060,0.535535371267921,26203
melbourne,apac,2025-12-12,786090,398887,h061_090,0.5074317190143622,26203
melbourne,apac,2025-12-12,2358270,1199903,h091_180,0.5088064555797258,26203
melbourne,apac,2025-12-12,4835575,2998571,h181_372,0.6201063989287727,26203
melbourne,apac,2026-03-21,516894,242185,h000_030,0.468539004128506,16674
melbourne,apac,2026-03-21,500220,128947,h031_060,0.25778057654631964,16674
melbourne,apac,2026-03-21,500220,102172,h061_090,0.20425412818359923,16674
melbourne,apac,2026-03-21,1500660,442950,h091_180,0.29517012514493624,16674
melbourne,apac,2026-03-21,3068016,1480906,h181_372,0.4826917460665133,16674
melbourne,apac,2026-06-16,690380,358154,h000_030,0.5187780642544686,25728
melbourne,apac,2026-06-16,771840,355500,h031_060,0.4605876865671642,25728
melbourne,apac,2026-06-16,771840,321136,h061_090,0.4160655058043118,25728
melbourne,apac,2026-06-16,2315520,1133870,h091_180,0.48968266307352126,25728
melbourne,apac,2026-06-16,4807588,2917310,h181_372,0.6068136454288512,25728
melbourne,apac,2026-08-15,706988,373303,h000_030,0.5280188631207319,25528
melbourne,apac,2026-08-15,765840,377969,h031_060,0.493535203175598,25528
melbourne,apac,2026-08-15,765840,330764,h061_090,0.4318970019847488,25528
melbourne,apac,2026-08-15,2297520,1164408,h091_180,0.5068108221038337,25528
melbourne,apac,2026-08-15,4751688,2828306,h181_372,0.5952213192448662,25528
mexico-city,latam,2025-06-25,711022,341292,h000_030,0.4800020252537896,26401
mexico-city,latam,2025-06-25,792030,255604,h031_060,0.3227200989861495,26401
mexico-city,latam,2025-06-25,792030,214182,h061_090,0.2704215749403432,26401
mexico-city,latam,2025-06-25,2376090,730119,h091_180,0.30727750211481886,26401
mexico-city,latam,2025-06-25,4965193,1895364,h181_372,0.3817301764503414,26401
mexico-city,latam,2025-07-27,786044,361710,h000_030,0.4601650798174148,26759
mexico-city,latam,2025-07-27,802770,264574,h031_060,0.32957634191611546,26759
mexico-city,latam,2025-07-27,802770,222842,h061_090,0.2775913399853009,26759
mexico-city,latam,2025-07-27,2408310,749196,h091_180,0.31108785829066854,26759
mexico-city,latam,2025-07-27,4967161,1894918,h181_372,0.38148914440260745,26759
mexico-city,latam,2025-08-29,787489,379026,h000_030,0.4813095801973107,26938
mexico-city,latam,2025-08-29,808140,285800,h031_060,0.35365159502066473,26938
mexico-city,latam,2025-08-29,808140,264574,h061_090,0.32738634395030564,26938
mexico-city,latam,2025-08-29,2424420,718759,h091_180,0.29646637133829945,26938
mexico-city,latam,2025-08-29,5004164,1889460,h181_372,0.37757755341351723,26938
mexico-city,latam,2025-09-27,818796,405935,h000_030,0.4957706192995569,27051
mexico-city,latam,2025-09-27,811530,328330,h031_060,0.4045814695698249,27051
mexico-city,latam,2025-09-27,811530,254569,h061_090,0.31369019013468386,27051
mexico-city,latam,2025-09-27,2434590,679867,h091_180,0.27925318020693424,27051
mexico-city,latam,2025-09-27,4997178,1905369,h181_372,0.38128899951132417,27051
mexico-city,latam,2025-12-29,681027,280402,h000_030,0.41173404284998977,23242
mexico-city,latam,2025-12-29,697260,211652,h031_060,0.3035481742821903,23242
mexico-city,latam,2025-12-29,697260,126394,h061_090,0.1812724091443651,23242
mexico-city,latam,2025-12-29,2091780,496782,h091_180,0.23749247052749334,23242
mexico-city,latam,2025-12-29,4316121,1400217,h181_372,0.3244156037330742,23242
mexico-city,latam,2026-03-30,631105,286936,h000_030,0.4546565151599179,22770
mexico-city,latam,2026-03-30,683100,189706,h031_060,0.2777133655394525,22770
mexico-city,latam,2026-03-30,683100,183088,h061_090,0.26802517932952713,22770
mexico-city,latam,2026-03-30,2049300,457500,h091_180,0.22324696237739716,22770
mexico-city,latam,2026-03-30,4264474,1396678,h181_372,0.327514718110604,22770
mexico-city,latam,2026-06-15,894088,343307,h000_030,0.38397450810211076,31430
mexico-city,latam,2026-06-15,942900,280045,h031_060,0.2970039240640577,31430
mexico-city,latam,2026-06-15,942900,201989,h061_090,0.214221020256655,31430
mexico-city,latam,2026-06-15,2828700,772036,h091_180,0.27292961431046064,31430
mexico-city,latam,2026-06-15,5839726,1978595,h181_372,0.33881641022198644,31430
mexico-city,latam,2026-08-30,851127,361875,h000_030,0.4251715666404661,30621
mexico-city,latam,2026-08-30,918630,290189,h031_060,0.31589323231333616,30621
mexico-city,latam,2026-08-30,918630,304447,h061_090,0.3314141711026202,30621
mexico-city,latam,2026-08-30,2755890,700354,h091_180,0.2541298818167634,30621
mexico-city,latam,2026-08-30,5732406,1872811,h181_372,0.32670592417913175,30621
mid-north-coast,apac,2025-03-04,141817,58461,h000_030,0.4122284352369603,4677
mid-north-coast,apac,2025-03-04,140310,57160,h031_060,0.4073836504882047,4677
mid-north-coast,apac,2025-03-04,140310,33682,h061_090,0.2400541657757822,4677
mid-north-coast,apac,2025-03-04,420930,115919,h091_180,0.27538783170598435,4677
mid-north-coast,apac,2025-03-04,863806,405904,h181_372,0.4699018066556611,4677
mid-north-coast,apac,2025-04-07,156646,80688,h000_030,0.5150977362971285,5113
mid-north-coast,apac,2025-04-07,153360,41613,h031_060,0.2713419405320814,5113
mid-north-coast,apac,2025-04-07,153360,35784,h061_090,0.23333333333333334,5113
mid-north-coast,apac,2025-04-07,460080,129024,h091_180,0.28043818466353676,5113
mid-north-coast,apac,2025-04-07,942448,440470,h181_372,0.46736796088484456,5113
mid-north-coast,apac,2025-05-06,156523,55274,h000_030,0.3531365997329466,5059
mid-north-coast,apac,2025-05-06,151770,40817,h031_060,0.2689398431837649,5059
mid-north-coast,apac,2025-05-06,151770,37820,h061_090,0.2491928576134941,5059
mid-north-coast,apac,2025-05-06,455310,134512,h091_180,0.29542948760185367,5059
mid-north-coast,apac,2025-05-06,931000,433393,h181_372,0.46551342642320087,5059
mid-north-coast,apac,2025-07-07,154805,63390,h000_030,0.4094828978392171,5062
mid-north-coast,apac,2025-07-07,151860,41851,h031_060,0.2755893586197814,5062
mid-north-coast,apac,2025-07-07,151860,43409,h061_090,0.28584880811273544,5062
mid-north-coast,apac,2025-07-07,455580,155881,h091_180,0.3421594451029457,5062
mid-north-coast,apac,2025-07-07,933525,364604,h181_372,0.39056693714683594,5062
mid-north-coast,apac,2025-08-08,157232,58454,h000_030,0.3717691055255928,5072
mid-north-coast,apac,2025-08-08,152160,53058,h031_060,0.348698738170347,5072
mid-north-coast,apac,2025-08-08,152160,45112,h061_090,0.29647739221871716,5072
mid-north-coast,apac,2025-08-08,456480,173480,h091_180,0.3800385559060638,5072
mid-north-coast,apac,2025-08-08,933248,347216,h181_372,0.3720511589631052,5072
mid-north-coast,apac,2025-10-17,159960,70503,h000_030,0.44075393848462113,5160
mid-north-coast,apac,2025-10-17,154800,52109,h031_060,0.3366214470284238,5160
mid-north-coast,apac,2025-10-17,154800,91223,h061_090,0.5892958656330749,5160
mid-north-coast,apac,2025-10-17,464400,135717,h091_180,0.29224160206718347,5160
mid-north-coast,apac,2025-10-17,949440,345133,h181_372,0.3635121755982474,5160
mid-north-coast,apac,2025-11-12,159681,69316,h000_030,0.43409046787031647,5151
mid-north-coast,apac,2025-11-12,154530,96033,h031_060,0.6214521452145214,5151
mid-north-coast,apac,2025-11-12,154530,53203,h061_090,0.3442891347958325,5151
mid-north-coast,apac,2025-11-12,463590,129629,h091_180,0.27961992277659137,5151
mid-north-coast,apac,2025-11-12,947784,346561,h181_372,0.3656539886725245,5151
mid-north-coast,apac,2026-03-21,139562,62135,h000_030,0.445214313351772,4502
mid-north-coast,apac,2026-03-21,135060,30717,h031_060,0.22743225233229675,4502
mid-north-coast,apac,2026-03-21,135060,23871,h061_090,0.176743669480231,4502
mid-north-coast,apac,2026-03-21,405180,82849,h091_180,0.20447455451897922,4502
mid-north-coast,apac,2026-03-21,828368,333476,h181_372,0.4025698723272748,4502
mid-north-coast,apac,2026-06-19,159862,63015,h000_030,0.394183733470118,5328
mid-north-coast,apac,2026-06-19,159840,41368,h031_060,0.2588088088088088,5328
mid-north-coast,apac,2026-06-19,159840,36745,h061_090,0.22988613613613615,5328
mid-north-coast,apac,2026-06-19,479520,148004,h091_180,0.3086503169836503,5328
mid-north-coast,apac,2026-06-19,984952,423495,h181_372,0.4299651150512918,5328
mid-north-coast,apac,2026-08-18,152690,54240,h000_030,0.3552295500687668,5249
mid-north-coast,apac,2026-08-18,157470,62795,h031_060,0.3987743697212167,5249
mid-north-coast,apac,2026-08-18,157470,47912,h061_090,0.3042611291039563,5249
mid-north-coast,apac,2026-08-18,472410,174614,h091_180,0.3696238436950954,5249
mid-north-coast,apac,2026-08-18,974556,375684,h181_372,0.38549247041729773,5249
mornington-peninsula,apac,2025-03-07,139362,51251,h000_030,0.36775448113546017,4689
mornington-peninsula,apac,2025-03-07,140670,41602,h031_060,0.29574180706618325,4689
mornington-peninsula,apac,2025-03-07,140670,29354,h061_090,0.20867278026587047,4689
mornington-peninsula,apac,2025-03-07,422010,110399,h091_180,0.2616028056207199,4689
mornington-peninsula,apac,2025-03-07,869701,397975,h181_372,0.4575997957918871,4689
mornington-peninsula,apac,2025-04-14,144398,56626,h000_030,0.3921522458759817,4659
mornington-peninsula,apac,2025-04-14,139740,33061,h031_060,0.2365893802776585,4659
mornington-peninsula,apac,2025-04-14,139740,29839,h061_090,0.21353227422355803,4659
mornington-peninsula,apac,2025-04-14,419220,110983,h091_180,0.2647368923238395,4659
mornington-peninsula,apac,2025-04-14,857079,398412,h181_372,0.4648486312230261,4659
mornington-peninsula,apac,2025-05-13,99830,33409,h000_030,0.3346589201642793,4571
mornington-peninsula,apac,2025-05-13,137100,33601,h031_060,0.2450838803792852,4571
mornington-peninsula,apac,2025-05-13,137100,29234,h061_090,0.21323121808898615,4571
mornington-peninsula,apac,2025-05-13,411300,107406,h091_180,0.2611378555798687,4571
mornington-peninsula,apac,2025-05-13,861825,397719,h181_372,0.4614846401531634,4571
mornington-peninsula,apac,2025-07-17,141701,45551,h000_030,0.32145856415974483,4571
mornington-peninsula,apac,2025-07-17,137130,31485,h031_060,0.22959964996718443,4571
mornington-peninsula,apac,2025-07-17,137130,31168,h061_090,0.22728797491431488,4571
mornington-peninsula,apac,2025-07-17,411390,145540,h091_180,0.3537762220763752,4571
mornington-peninsula,apac,2025-07-17,841064,339396,h181_372,0.403531716968031,4571
mornington-peninsula,apac,2025-08-17,140709,43901,h000_030,0.3119985217718838,4539
mornington-peninsula,apac,2025-08-17,136170,36118,h031_060,0.265241976940589,4539
mornington-peninsula,apac,2025-08-17,136170,34193,h061_090,0.2511052361019314,4539
mornington-peninsula,apac,2025-08-17,408510,156461,h091_180,0.38300408802722086,4539
mornington-peninsula,apac,2025-08-17,835176,331144,h181_372,0.3964960678946713,4539
mornington-peninsula,apac,2025-09-18,140399,54463,h000_030,0.38791586834664066,4529
mornington-peninsula,apac,2025-09-18,135870,38249,h031_060,0.28151173916243466,4529
mornington-peninsula,apac,2025-09-18,135870,43845,h061_090,0.32269816736586443,4529
mornington-peninsula,apac,2025-09-18,407610,154927,h091_180,0.38008635705699073,4529
mornington-peninsula,apac,2025-09-18,833336,329692,h181_372,0.39562913398677124,4529
mornington-peninsula,apac,2025-12-22,125890,89155,h000_030,0.708197632854079,4629
mornington-peninsula,apac,2025-12-22,138870,46368,h031_060,0.3338950097213221,4629
mornington-peninsula,apac,2025-12-22,138870,36396,h061_090,0.26208684381075825,4629
mornington-peninsula,apac,2025-12-22,416610,110626,h091_180,0.26553851323780037,4629
mornington-peninsula,apac,2025-12-22,869273,357661,h181_372,0.4114484172406137,4629
mornington-peninsula,apac,2026-03-25,118079,41558,h000_030,0.3519508125915701,3809
mornington-peninsula,apac,2026-03-25,114270,18255,h031_060,0.15975321606720924,3809
mornington-peninsula,apac,2026-03-25,114270,15244,h061_090,0.13340334295965695,3809
mornington-peninsula,apac,2026-03-25,342810,61675,h091_180,0.17991015431288468,3809
mornington-peninsula,apac,2026-03-25,700856,265622,h181_372,0.3789965413722648,3809
mornington-peninsula,apac,2026-06-22,133518,43794,h000_030,0.3280007190041792,4458
mornington-peninsula,apac,2026-06-22,133740,31767,h031_060,0.23752803947958726,4458
mornington-peninsula,apac,2026-06-22,133740,29150,h061_090,0.21796022132495887,4458
mornington-peninsula,apac,2026-06-22,401220,119805,h091_180,0.2986017646179154,4458
mornington-peninsula,apac,2026-06-22,824016,368079,h181_372,0.4466891419584086,4458
mornington-peninsula,apac,2026-08-26,134806,48113,h000_030,0.35690547898461494,4406
mornington-peninsula,apac,2026-08-26,132180,36722,h031_060,0.27781812679679224,4406
mornington-peninsula,apac,2026-08-26,132180,35638,h061_090,0.26961718868210016,4406
mornington-peninsula,apac,2026-08-26,396540,154107,h091_180,0.3886291420789832,4406
mornington-peninsula,apac,2026-08-26,812484,331098,h181_372,0.40751325564564966,4406
nashville,na,2024-05-26,276520,143614,h000_030,0.5193620714595689,8920
nashville,na,2024-05-26,267600,99939,h031_060,0.3734641255605381,8920
nashville,na,2024-05-26,267600,75044,h061_090,0.28043348281016445,8920
nashville,na,2024-05-26,802800,199019,h091_180,0.24790607872446438,8920
nashville,na,2024-05-26,1640730,663878,h181_372,0.4046235517117381,8920
nashville,na,2024-06-22,275118,142085,h000_030,0.5164511227909478,8994
nashville,na,2024-06-22,269820,94857,h031_060,0.35155659328441186,8994
nashville,na,2024-06-22,269820,73297,h061_090,0.2716514713512712,8994
nashville,na,2024-06-22,809460,200058,h091_180,0.24714995181973168,8994
nashville,na,2024-06-22,1658173,658092,h181_372,0.3968777684837469,8994
nashville,na,2024-07-25,280426,138035,h000_030,0.4922332451341887,9046
nashville,na,2024-07-25,271380,92176,h031_060,0.33965657012307465,9046
nashville,na,2024-07-25,271380,83112,h061_090,0.30625690913110765,9046
nashville,na,2024-07-25,814140,185928,h091_180,0.22837349841550594,9046
nashville,na,2024-07-25,1664065,662850,h181_372,0.39833179593345214,9046
nashville,na,2024-08-18,277917,121150,h000_030,0.4359215161361126,9029
nashville,na,2024-08-18,270870,107847,h031_060,0.39815040425296266,9029
nashville,na,2024-08-18,270870,76796,h061_090,0.28351607782331006,9029
nashville,na,2024-08-18,812610,172196,h091_180,0.21190484980494947,9029
nashville,na,2024-08-18,1662983,655913,h181_372,0.3944195460807477,9029
nashville,na,2024-09-18,284146,158748,h000_030,0.5586846198785131,9166
nashville,na,2024-09-18,274980,100975,h031_060,0.36720852425630957,9166
nashville,na,2024-09-18,274980,57499,h061_090,0.20910248018037675,9166
nashville,na,2024-09-18,824940,173009,h091_180,0.20972313137925183,9166
nashville,na,2024-09-18,1686291,664312,h181_372,0.393948612665311,9166
nashville,na,2024-10-19,286203,141523,h000_030,0.49448468394810674,9281
nashville,na,2024-10-19,278430,73978,h031_060,0.26569694357648244,9281
nashville,na,2024-10-19,278430,58142,h061_090,0.20882088855367598,9281
nashville,na,2024-10-19,835290,182953,h091_180,0.21902931915861557,9281
nashville,na,2024-10-19,1708967,662727,h181_372,0.38779391293102794,9281
nashville,na,2024-11-23,289788,108709,h000_030,0.3751328557428189,9348
nashville,na,2024-11-23,280440,69968,h031_060,0.24949365283126515,9348
nashville,na,2024-11-23,280440,53529,h061_090,0.190875053487377,9348
nashville,na,2024-11-23,841320,201866,h091_180,0.23993961869443256,9348
nashville,na,2024-11-23,1719591,664191,h181_372,0.3862494046549441,9348
nashville,na,2024-12-21,291493,108485,h000_030,0.3721701721825224,9403
nashville,na,2024-12-21,282090,63933,h031_060,0.22664043390407318,9403
nashville,na,2024-12-21,282090,59940,h061_090,0.21248537700733808,9403
nashville,na,2024-12-21,846270,210542,h091_180,0.24878821180001653,9403
nashville,na,2024-12-21,1729872,666221,h181_372,0.38512733890137535,9403
nashville,na,2025-01-24,289790,103827,h000_030,0.35828358466475724,9459
nashville,na,2025-01-24,283770,80324,h031_060,0.28306022482996795,9459
nashville,na,2025-01-24,283770,71230,h061_090,0.2510131444479684,9459
nashville,na,2025-01-24,851310,221120,h091_180,0.259740869953366,9459
nashville,na,2025-01-24,1743497,657693,h181_372,0.3772263445248257,9459
nashville,na,2025-02-17,287983,118269,h000_030,0.41068049155679326,9515
nashville,na,2025-02-17,285450,97325,h031_060,0.34095288141530916,9515
nashville,na,2025-02-17,285450,85929,h061_090,0.30102995270625327,9515
nashville,na,2025-02-17,856350,217992,h091_180,0.2545594675074444,9515
nashville,na,2025-02-17,1757412,662791,h181_372,0.37714036321591066,9515
nashville,na,2025-03-15,294255,146739,h000_030,0.4986797165723607,9580
nashville,na,2025-03-15,287400,105903,h031_060,0.3684864300626305,9580
nashville,na,2025-03-15,287400,89316,h061_090,0.3107724425887265,9580
nashville,na,2025-03-15,862200,217990,h091_180,0.2528299698445836,9580
nashville,na,2025-03-15,1765351,675372,h181_372,0.3825709448149405,9580
nashville,na,2025-04-18,292306,152594,h000_030,0.5220351275717912,9581
nashville,na,2025-04-18,287430,106535,h031_060,0.3706467661691542,9581
nashville,na,2025-04-18,287430,83906,h061_090,0.29191803221653967,9581
nashville,na,2025-04-18,862290,219143,h091_180,0.2541407183198228,9581
nashville,na,2025-04-18,1767373,676747,h181_372,0.3829112473710982,9581
nashville,na,2025-05-17,294864,151672,h000_030,0.5143795105540181,9642
nashville,na,2025-05-17,289260,103778,h031_060,0.35877065615709053,9642
nashville,na,2025-05-17,289260,84542,h061_090,0.2922699301666321,9642
nashville,na,2025-05-17,867780,219432,h091_180,0.25286593376201344,9642
nashville,na,2025-05-17,1777902,668967,h181_372,0.37626764579824984,9642
nashville,na,2025-07-22,291882,137473,h000_030,0.470988276084171,9643
nashville,na,2025-07-22,289290,96106,h031_060,0.33221334992568013,9643
nashville,na,2025-07-22,289290,91215,h061_090,0.315306439904594,9643
nashville,na,2025-07-22,867870,191094,h091_180,0.22018735524905803,9643
nashville,na,2025-07-22,1781368,577929,h181_372,0.3244298763646815,9643
nashville,na,2025-08-23,297352,140319,h000_030,0.47189526218084965,9592
nashville,na,2025-08-23,287760,118009,h031_060,0.41009521823742007,9592
nashville,na,2025-08-23,287760,79449,h061_090,0.2760946622185154,9592
nashville,na,2025-08-23,863280,184921,h091_180,0.21420744138634046,9592
nashville,na,2025-08-23,1764928,603147,h181_372,0.34174028628929903,9592
nashville,na,2025-09-23,284666,156954,h000_030,0.5513619469834824,9443
nashville,na,2025-09-23,283290,96714,h031_060,0.3413957428783226,9443
nashville,na,2025-09-23,283290,65620,h061_090,0.23163542659465566,9443
nashville,na,2025-09-23,849870,175179,h091_180,0.2061244660948145,9443
nashville,na,2025-09-23,1745580,590004,h181_372,0.3379988313339979,9443
nashville,na,2025-12-27,202782,73441,h000_030,0.36216725350376267,6594
nashville,na,2025-12-27,197820,42235,h031_060,0.2135021736932565,6594
nashville,na,2025-12-27,197820,38187,h061_090,0.19303912647861693,6594
nashville,na,2025-12-27,593460,118010,h091_180,0.1988508071310619,6594
nashville,na,2025-12-27,1214925,363566,h181_372,0.29924974792682674,6594
nashville,na,2026-03-28,186930,91837,h000_030,0.4912908575402557,6030
nashville,na,2026-03-28,180900,63547,h031_060,0.3512824765063571,6030
nashville,na,2026-03-28,180900,56208,h061_090,0.31071310116086237,6030
nashville,na,2026-03-28,542700,108071,h091_180,0.19913580246913581,6030
nashville,na,2026-03-28,1109520,267822,h181_372,0.2413854639844257,6030
nashville,na,2026-06-26,303090,158542,h000_030,0.5230855521462272,10255
nashville,na,2026-06-26,307650,107349,h031_060,0.3489322281813749,10255
nashville,na,2026-06-26,307650,91083,h061_090,0.296060458313018,10255
nashville,na,2026-06-26,922950,230583,h091_180,0.24983260198277263,10255
nashville,na,2026-06-26,1901735,577177,h181_372,0.30350022479472694,10255
nashville,na,2026-08-27,302756,151410,h000_030,0.5001056956757257,10164
nashville,na,2026-08-27,304920,127287,h031_060,0.417443919716647,10164
nashville,na,2026-08-27,304920,80026,h061_090,0.26244916699462156,10164
nashville,na,2026-08-27,914760,199361,h091_180,0.21793803839258385,10164
nashville,na,2026-08-27,1882508,555366,h181_372,0.2950138857311629,10164
new-orleans,na,2025-07-05,233363,89250,h000_030,0.3824513740395864,7630
new-orleans,na,2025-07-05,228900,64175,h031_060,0.28036260375709915,7630
new-orleans,na,2025-07-05,228900,59402,h061_090,0.25951070336391435,7630
new-orleans,na,2025-07-05,686700,229435,h091_180,0.33411242172710065,7630
new-orleans,na,2025-07-05,1407090,675343,h181_372,0.479957216667022,7630
new-orleans,na,2025-08-05,220704,80179,h000_030,0.36328748006379585,7355
new-orleans,na,2025-08-05,220650,65345,h031_060,0.2961477452979832,7355
new-orleans,na,2025-08-05,220650,74449,h061_090,0.3374076591887605,7355
new-orleans,na,2025-08-05,661950,211193,h091_180,0.31904675579726566,7355
new-orleans,na,2025-08-05,1360623,645494,h181_372,0.47441061925309214,7355
new-orleans,na,2025-09-11,230764,92515,h000_030,0.40090742056819956,7444
new-orleans,na,2025-09-11,223320,86520,h031_060,0.3874261149919398,7444
new-orleans,na,2025-09-11,223320,65468,h061_090,0.29315780046569945,7444
new-orleans,na,2025-09-11,669960,223846,h091_180,0.33411845483312436,7444
new-orleans,na,2025-09-11,1369696,624749,h181_372,0.4561223804406233,7444
new-orleans,na,2025-12-12,225618,98598,h000_030,0.4370130042815733,7278
new-orleans,na,2025-12-12,218340,72449,h031_060,0.33181734908857746,7278
new-orleans,na,2025-12-12,218340,77529,h061_090,0.3550838142346799,7278
new-orleans,na,2025-12-12,655020,215285,h091_180,0.3286693536075234,7278
new-orleans,na,2025-12-12,1339152,611248,h181_372,0.4564440780434185,7278
new-orleans,na,2026-03-19,192758,95259,h000_030,0.49418960561948144,6218
new-orleans,na,2026-03-19,186540,66695,h031_060,0.357537257424681,6218
new-orleans,na,2026-03-19,186540,34813,h061_090,0.18662485257853542,6218
new-orleans,na,2026-03-19,559620,111622,h091_180,0.19946034809334906,6218
new-orleans,na,2026-03-19,1144112,441842,h181_372,0.38618771588795503,6218
new-orleans,na,2026-06-16,214709,79738,h000_030,0.37137707315482815,7254
new-orleans,na,2026-06-16,217620,58583,h031_060,0.26919860306957083,7254
new-orleans,na,2026-06-16,217620,45749,h061_090,0.21022424409521184,7254
new-orleans,na,2026-06-16,652860,199390,h091_180,0.30541004196918176,7254
new-orleans,na,2026-06-16,1344377,592305,h181_372,0.4405795398165842,7254
new-orleans,na,2026-08-15,214513,64336,h000_030,0.2999165551738123,7303
new-orleans,na,2026-08-15,219090,71984,h031_060,0.328559039664065,7303
new-orleans,na,2026-08-15,219090,72996,h061_090,0.33317814596741063,7303
new-orleans,na,2026-08-15,657270,210507,h091_180,0.32027477292436896,7303
new-orleans,na,2026-08-15,1351672,577471,h181_372,0.42722716753768664,7303
new-york-city,na,2025-10-01,1085967,769841,h000_030,0.7088990733604243,36111
new-york-city,na,2025-10-01,1083330,625694,h031_060,0.5775654694322137,36111
new-york-city,na,2025-10-01,1083330,577277,h061_090,0.5328727165314355,36111
new-york-city,na,2025-10-01,3249990,1581648,h091_180,0.4866624204997554,36111
new-york-city,na,2025-10-01,6677900,3766949,h181_372,0.5640918552239477,36111
new-york-city,na,2025-12-04,1091548,698083,h000_030,0.6395348624155787,36261
new-york-city,na,2025-12-04,1087830,539549,h031_060,0.4959865052443856,36261
new-york-city,na,2025-12-04,1087830,514441,h061_090,0.47290569298511714,36261
new-york-city,na,2025-12-04,3263490,1634064,h091_180,0.5007105889707032,36261
new-york-city,na,2025-12-04,6704585,3774602,h181_372,0.5629881640698119,36261
new-york-city,na,2026-03-16,1096251,689975,h000_030,0.6293950929121159,35979
new-york-city,na,2026-03-16,1079370,610393,h031_060,0.5655085837108684,35979
new-york-city,na,2026-03-16,1079370,588857,h061_090,0.5455562040820108,35979
new-york-city,na,2026-03-16,3238110,1728086,h091_180,0.5336711847343049,35979
new-york-city,na,2026-03-16,6639236,3763598,h181_372,0.5668721521572663,35979
new-york-city,na,2026-06-14,862986,558925,h000_030,0.6476640408998524,30555
new-york-city,na,2026-06-14,916650,499491,h031_060,0.5449091801669121,30555
new-york-city,na,2026-06-14,916650,405046,h061_090,0.4418763977526864,30555
new-york-city,na,2026-06-14,2749950,1201998,h091_180,0.43709812905689194,30555
new-york-city,na,2026-06-14,5699641,2773179,h181_372,0.48655327589930664,30555
new-york-city,na,2026-08-10,904112,542421,h000_030,0.5999489001362663,30234
new-york-city,na,2026-08-10,907020,487926,h031_060,0.5379440365151816,30234
new-york-city,na,2026-08-10,907020,430071,h061_090,0.4741582324535291,30234
new-york-city,na,2026-08-10,2721060,1157474,h091_180,0.4253761401806649,30234
new-york-city,na,2026-08-10,5595046,2670765,h181_372,0.47734460092017117,30234
northern-rivers,apac,2025-03-11,182429,89013,h000_030,0.4879322914668172,6215
northern-rivers,apac,2025-03-11,186450,87952,h031_060,0.4717189595065701,6215
northern-rivers,apac,2025-03-11,186450,60722,h061_090,0.32567444355054975,6215
northern-rivers,apac,2025-03-11,559350,200091,h091_180,0.3577205685170287,6215
northern-rivers,apac,2025-03-11,1154600,577666,h181_372,0.5003169928979734,6215
northern-rivers,apac,2025-04-17,194142,104530,h000_030,0.5384203315099257,6263
northern-rivers,apac,2025-04-17,187890,67837,h031_060,0.36104635691095854,6263
northern-rivers,apac,2025-04-17,187890,62937,h061_090,0.33496726808238864,6263
northern-rivers,apac,2025-04-17,563670,213334,h091_180,0.37847322014653967,6263
northern-rivers,apac,2025-04-17,1152400,584652,h181_372,0.5073342589378688,6263
northern-rivers,apac,2025-05-14,186586,84773,h000_030,0.4543374100950768,6187
northern-rivers,apac,2025-05-14,185580,68546,h031_060,0.36936092251320185,6187
northern-rivers,apac,2025-05-14,185580,62296,h061_090,0.33568272443151204,6187
northern-rivers,apac,2025-05-14,556740,215183,h091_180,0.3865053705499874,6187
northern-rivers,apac,2025-05-14,1143414,577707,h181_372,0.5052474431833089,6187
northern-rivers,apac,2025-07-20,187157,90858,h000_030,0.4854640756156596,6129
northern-rivers,apac,2025-07-20,183870,69087,h031_060,0.37573829335943876,6129
northern-rivers,apac,2025-07-20,183870,72569,h061_090,0.3946755860118562,6129
northern-rivers,apac,2025-07-20,551610,242886,h091_180,0.4403219666068418,6129
northern-rivers,apac,2025-07-20,1130580,503249,h181_372,0.4451246262980063,6129
northern-rivers,apac,2025-08-19,190433,89653,h000_030,0.4707850004988631,6143
northern-rivers,apac,2025-08-19,184290,83744,h031_060,0.45441423842856365,6143
northern-rivers,apac,2025-08-19,184290,71225,h061_090,0.38648326007922296,6143
northern-rivers,apac,2025-08-19,552870,243094,h091_180,0.4396946841029537,6143
northern-rivers,apac,2025-08-19,1130312,496788,h181_372,0.43951404567942304,6143
northern-rivers,apac,2025-09-22,183269,106189,h000_030,0.5794160496319618,6131
northern-rivers,apac,2025-09-22,183930,80626,h031_060,0.43835154678410265,6131
northern-rivers,apac,2025-09-22,183930,75740,h061_090,0.4117870929157832,6131
northern-rivers,apac,2025-09-22,551790,235105,h091_180,0.42607694956414577,6131
northern-rivers,apac,2025-09-22,1134896,506079,h181_372,0.44592544162636927,6131
northern-rivers,apac,2025-12-25,193247,130533,h000_030,0.6754723229856091,6405
northern-rivers,apac,2025-12-25,192150,76875,h031_060,0.40007806401249024,6405
northern-rivers,apac,2025-12-25,192150,67478,h061_090,0.3511735623211033,6405
northern-rivers,apac,2025-12-25,576450,212147,h091_180,0.36802324572816375,6405
northern-rivers,apac,2025-12-25,1183819,539019,h181_372,0.45532213961762735,6405
northern-rivers,apac,2026-03-27,150782,75869,h000_030,0.5031701396718441,4930
northern-rivers,apac,2026-03-27,147900,45206,h031_060,0.3056524678837052,4930
northern-rivers,apac,2026-03-27,147900,37424,h061_090,0.2530358350236646,4930
northern-rivers,apac,2026-03-27,443700,128366,h091_180,0.289308091052513,4930
northern-rivers,apac,2026-03-27,909175,372570,h181_372,0.40978909450875795,4930
northern-rivers,apac,2026-06-24,185773,94518,h000_030,0.5087822234662733,6367
northern-rivers,apac,2026-06-24,191010,71937,h031_060,0.37661378985393434,6367
northern-rivers,apac,2026-06-24,191010,65995,h061_090,0.345505470917753,6367
northern-rivers,apac,2026-06-24,573030,223554,h091_180,0.3901261714046385,6367
northern-rivers,apac,2026-06-24,1182526,537616,h181_372,0.45463355562583824,6367
northern-rivers,apac,2026-08-27,193526,100278,h000_030,0.5181629341793867,6347
northern-rivers,apac,2026-08-27,190410,86742,h031_060,0.45555380494721914,6347
northern-rivers,apac,2026-08-27,190410,73325,h061_090,0.3850900687989076,6347
northern-rivers,apac,2026-08-27,571230,251747,h091_180,0.44071039686290986,6347
northern-rivers,apac,2026-08-27,1171079,516583,h181_372,0.44111712360993577,6347
paris,emea,2024-03-16,2436519,1886121,h000_030,0.7741047781691832,84397
paris,emea,2024-03-16,2531910,1769024,h031_060,0.6986915016726503,84397
paris,emea,2024-03-16,2531910,1727977,h061_090,0.6824796300026462,84397
paris,emea,2024-03-16,7595730,4426076,h091_180,0.582705809711509,84397
paris,emea,2024-03-16,15708820,11059861,h181_372,0.7040542192220676,84397
paris,emea,2024-05-11,2725110,2083294,h000_030,0.764480699861657,92665
paris,emea,2024-05-11,2779950,1860537,h031_060,0.6692699508983975,92665
paris,emea,2024-05-11,2779950,1369345,h061_090,0.4925790032194824,92665
paris,emea,2024-05-11,8339850,4987890,h091_180,0.5980791021421249,92665
paris,emea,2024-05-11,17197408,12124892,h181_372,0.7050418295594313,92665
paris,emea,2024-06-10,2745278,1959646,h000_030,0.713824246579035,95885
paris,emea,2024-06-10,2876550,1431090,h031_060,0.4975022161964854,95885
paris,emea,2024-06-10,2876550,1429079,h061_090,0.4968031148424328,95885
paris,emea,2024-06-10,8629650,5463356,h091_180,0.6330912609433754,95885
paris,emea,2024-06-10,17869093,12511920,h181_372,0.7001989412669126,95885
paris,emea,2024-07-14,2761426,1451756,h000_030,0.5257269251466452,98810
paris,emea,2024-07-14,2964300,1588699,h031_060,0.5359440677394326,98810
paris,emea,2024-07-14,2964300,1885682,h061_090,0.6361306210572479,98810
paris,emea,2024-07-14,8892900,5439157,h091_180,0.6116291648393662,98810
paris,emea,2024-07-14,18481524,12854679,h181_372,0.6955421533418997,98810
paris,emea,2024-08-09,2756509,1582161,h000_030,0.5739727314512668,98736
paris,emea,2024-08-09,2962050,1962680,h031_060,0.6626086662953022,98736
paris,emea,2024-08-09,2962050,1802401,h061_090,0.6084978308941442,98736
paris,emea,2024-08-09,8886150,5262306,h091_180,0.592191894127378,98736
paris,emea,2024-08-09,18470587,12746595,h181_372,0.6901023232234038,98736
paris,emea,2024-09-06,2589474,1980729,h000_030,0.7649155774493198,95461
paris,emea,2024-09-06,2863830,1881027,h031_060,0.65682215773981,95461
paris,emea,2024-09-06,2863830,1694810,h061_090,0.5917983958545026,95461
paris,emea,2024-09-06,8591490,4991147,h091_180,0.5809407914110358,95461
paris,emea,2024-09-06,17934205,12154838,h181_372,0.677746128138939,95461
paris,emea,2024-10-07,2735096,2008455,h000_030,0.7343270583555386,93275
paris,emea,2024-10-07,2798250,1755324,h031_060,0.6272934870008041,93275
paris,emea,2024-10-07,2798250,1644716,h061_090,0.5877659251317788,93275
paris,emea,2024-10-07,8394750,4821571,h091_180,0.5743555198189344,93275
paris,emea,2024-10-07,17318913,11705117,h181_372,0.6758574859750147,93275
paris,emea,2024-11-09,2546151,1765901,h000_030,0.693557059263178,91729
paris,emea,2024-11-09,2751840,1707998,h031_060,0.6206748938891796,91729
paris,emea,2024-11-09,2751840,1536741,h061_090,0.5584412611198325,91729
paris,emea,2024-11-09,8255520,4761712,h091_180,0.5767912863150958,91729
paris,emea,2024-11-09,17174191,11464003,h181_372,0.667513421738468,91729
paris,emea,2024-12-06,2607014,1782401,h000_030,0.6836944488982415,91031
paris,emea,2024-12-06,2730930,1614349,h031_060,0.5911352542906629,91031
paris,emea,2024-12-06,2730930,1513092,h061_090,0.5540574090145115,91031
paris,emea,2024-12-06,8192790,4806300,h091_180,0.5866499690581597,91031
paris,emea,2024-12-06,16964506,11334942,h181_372,0.6681563259195404,91031
paris,emea,2025-01-09,2586940,1704972,h000_030,0.6590690159029587,89513
paris,emea,2025-01-09,2685390,1587953,h031_060,0.5913304957566685,89513
paris,emea,2025-01-09,2685390,1551531,h061_090,0.5777674751153464,89513
paris,emea,2025-01-09,8056170,4813508,h091_180,0.5974933498175933,89513
paris,emea,2025-01-09,16657315,11109279,h181_372,0.6669309549588274,89513
paris,emea,2025-02-12,2499841,1665580,h000_030,0.6662743750502532,86986
paris,emea,2025-02-12,2609580,1654021,h031_060,0.6338265161443604,86986
paris,emea,2025-02-12,2609580,1593959,h061_090,0.6108105518895761,86986
paris,emea,2025-02-12,7828740,4630103,h091_180,0.591423779560951,86986
paris,emea,2025-02-12,16198578,10686121,h181_372,0.6596950053270108,86986
paris,emea,2025-03-03,2252828,1607270,h000_030,0.7134455004998163,86062
paris,emea,2025-03-03,2581860,1732650,h031_060,0.6710859612837257,86062
paris,emea,2025-03-03,2581860,1608289,h061_090,0.6229187484991441,86062
paris,emea,2025-03-03,7745580,4550323,h091_180,0.5874735010160633,86062
paris,emea,2025-03-03,16196711,10741607,h181_372,0.6631968058206386,86062
paris,emea,2025-04-07,2356324,1739198,h000_030,0.7380979865247733,85769
paris,emea,2025-04-07,2573010,1747996,h031_060,0.6793584167958927,85769
paris,emea,2025-04-07,2573010,1677254,h061_090,0.6518645477475797,85769
paris,emea,2025-04-07,7719030,4471834,h091_180,0.5793258997568347,85769
paris,emea,2025-04-07,16082144,10786935,h181_372,0.6707398590635676,85769
paris,emea,2025-05-03,2339672,1783488,h000_030,0.7622812086480498,85291
paris,emea,2025-05-03,2558670,1831616,h031_060,0.7158469048372788,85291
paris,emea,2025-05-03,2558670,1527042,h061_090,0.5968108431333466,85291
paris,emea,2025-05-03,7676010,4517883,h091_180,0.5885717970664447,85291
paris,emea,2025-05-03,16000389,10687433,h181_372,0.667948323006397,85291
paris,emea,2025-07-07,2346066,1581890,h000_030,0.6742734432876143,85215
paris,emea,2025-07-07,2556450,1512790,h031_060,0.5917541903811927,85215
paris,emea,2025-07-07,2556450,1647760,h061_090,0.6445500596530345,85215
paris,emea,2025-07-07,7669350,4659448,h091_180,0.6075414474499142,85215
paris,emea,2025-07-07,15975531,10548035,h181_372,0.6602619343294442,85215
paris,emea,2025-08-08,2338328,1541485,h000_030,0.6592253097084755,85370
paris,emea,2025-08-08,2561100,1786328,h031_060,0.6974846745539026,85370
paris,emea,2025-08-08,2561100,1599200,h061_090,0.6244191948772012,85370
paris,emea,2025-08-08,7683300,4597261,h091_180,0.598344591516666,85370
paris,emea,2025-08-08,16016288,10530962,h181_372,0.6575157739421269,85370
paris,emea,2025-09-12,2405453,1915510,h000_030,0.7963198615811657,81853
paris,emea,2025-09-12,2455590,1638409,h031_060,0.6672160254765657,81853
paris,emea,2025-09-12,2455590,1517497,h061_090,0.6179765351707737,81853
paris,emea,2025-09-12,7366770,4390979,h091_180,0.5960521368252301,81853
paris,emea,2025-09-12,15192956,9994210,h181_372,0.6578186628066323,81853
paris,emea,2025-12-13,1624633,1047665,h000_030,0.6448625628064923,82056
paris,emea,2025-12-13,2461680,1530894,h031_060,0.6218899288290923,82056
paris,emea,2025-12-13,2461680,1431544,h061_090,0.5815313119495629,82056
paris,emea,2025-12-13,7385040,4451777,h091_180,0.6028101405002546,82056
paris,emea,2025-12-13,15534885,9960731,h181_372,0.641184727147964,82056
paris,emea,2026-03-21,1017314,650393,h000_030,0.6393237486164547,38250
paris,emea,2026-03-21,1147500,547071,h031_060,0.4767503267973856,38250
paris,emea,2026-03-21,1147500,543113,h061_090,0.47330108932461873,38250
paris,emea,2026-03-21,3442500,1218731,h091_180,0.3540249818445897,38250
paris,emea,2026-03-21,7194962,3366040,h181_372,0.4678329086380164,38250
paris,emea,2026-06-16,1927166,1442209,h000_030,0.7483574326238632,77679
paris,emea,2026-06-16,2330370,1365095,h031_060,0.5857846608049365,77679
paris,emea,2026-06-16,2330370,1342537,h061_090,0.5761046529091947,77679
paris,emea,2026-06-16,6991110,4190437,h091_180,0.5993950889057674,77679
paris,emea,2026-06-16,14705278,9337114,h181_372,0.634949845898867,77679
paris,emea,2026-08-15,1930512,1230588,h000_030,0.6374412591063925,78504
paris,emea,2026-08-15,2355120,1628742,h031_060,0.6915749515948232,78504
paris,emea,2026-08-15,2355120,1418838,h061_090,0.6024482828900438,78504
paris,emea,2026-08-15,7065360,4050437,h091_180,0.5732810500809584,78504
paris,emea,2026-08-15,14784520,9310620,h181_372,0.6297546352536302,78504
rio-de-janeiro,latam,2025-06-24,1180983,431590,h000_030,0.36544979902335595,42572
rio-de-janeiro,latam,2025-06-24,1277160,356867,h031_060,0.2794223120047606,42572
rio-de-janeiro,latam,2025-06-24,1277160,311174,h061_090,0.2436452754549156,42572
rio-de-janeiro,latam,2025-06-24,3831480,1425785,h091_180,0.3721238268240993,42572
rio-de-janeiro,latam,2025-06-24,7965893,4520047,h181_372,0.5674250206474026,42572
rio-de-janeiro,latam,2025-07-26,1266469,480388,h000_030,0.37931287698317134,42841
rio-de-janeiro,latam,2025-07-26,1285230,346344,h031_060,0.2694801708643589,42841
rio-de-janeiro,latam,2025-07-26,1285230,319625,h061_090,0.2486908957929709,42841
rio-de-janeiro,latam,2025-07-26,3855690,1553665,h091_180,0.4029538163078463,42841
rio-de-janeiro,latam,2025-07-26,7944353,4440771,h181_372,0.5589846020185659,42841
rio-de-janeiro,latam,2025-08-28,1293173,502643,h000_030,0.3886896803443932,42901
rio-de-janeiro,latam,2025-08-28,1287030,373586,h031_060,0.29026984607973394,42901
rio-de-janeiro,latam,2025-08-28,1287030,356015,h061_090,0.27661748366393946,42901
rio-de-janeiro,latam,2025-08-28,3861090,1692412,h091_180,0.43832492897083464,42901
rio-de-janeiro,latam,2025-08-28,7930543,4436200,h181_372,0.5593816211575928,42901
rio-de-janeiro,latam,2025-09-26,1296148,519532,h000_030,0.40082768325839335,43068
rio-de-janeiro,latam,2025-09-26,1292040,405997,h031_060,0.3142294356211882,43068
rio-de-janeiro,latam,2025-09-26,1292040,368416,h061_090,0.28514287483359646,43068
rio-de-janeiro,latam,2025-09-26,3876120,1716120,h091_180,0.4427417107829479,43068
rio-de-janeiro,latam,2025-09-26,7963497,4461137,h181_372,0.5601982395422513,43068
rio-de-janeiro,latam,2025-12-28,1395178,721424,h000_030,0.5170838416316771,47095
rio-de-janeiro,latam,2025-12-28,1412850,631518,h031_060,0.4469816328697314,47095
rio-de-janeiro,latam,2025-12-28,1412850,399945,h061_090,0.28307675974094915,47095
rio-de-janeiro,latam,2025-12-28,4238550,1638648,h091_180,0.3866057967937148,47095
rio-de-janeiro,latam,2025-12-28,8730247,4849859,h181_372,0.5555236867868687,47095
rio-de-janeiro,latam,2026-03-30,1161144,428149,h000_030,0.36873032113157367,40769
rio-de-janeiro,latam,2026-03-30,1223070,282775,h031_060,0.23120099421946413,40769
rio-de-janeiro,latam,2026-03-30,1223070,242291,h061_090,0.19810068107303752,40769
rio-de-janeiro,latam,2026-03-30,3669210,1234904,h091_180,0.33655855075070656,40769
rio-de-janeiro,latam,2026-03-30,7604222,4088259,h181_372,0.5376301480940456,40769
rio-de-janeiro,latam,2026-06-24,1416983,512137,h000_030,0.3614277658941568,48729
rio-de-janeiro,latam,2026-06-24,1461870,429073,h031_060,0.29350968280353246,48729
rio-de-janeiro,latam,2026-06-24,1461870,440038,h061_090,0.3010103497575024,48729
rio-de-janeiro,latam,2026-06-24,4385610,1657799,h091_180,0.37800876046889714,48729
rio-de-janeiro,latam,2026-06-24,9059752,5125107,h181_372,0.5657005842985547,48729
rio-de-janeiro,latam,2026-08-30,1312093,613820,h000_030,0.4678174489155875,47684
rio-de-janeiro,latam,2026-08-30,1430520,432367,h031_060,0.3022446383133406,47684
rio-de-janeiro,latam,2026-08-30,1430520,403218,h061_090,0.28186813186813187,47684
rio-de-janeiro,latam,2026-08-30,4291560,1889279,h091_180,0.44023129118548965,47684
rio-de-janeiro,latam,2026-08-30,8939946,4836108,h181_372,0.5409549453654418,47684
rome,emea,2024-03-22,929484,658541,h000_030,0.7085017063230782,30318
rome,emea,2024-03-22,909540,578492,h031_060,0.6360270026606856,30318
rome,emea,2024-03-22,909540,435581,h061_090,0.4789025221540559,30318
rome,emea,2024-03-22,2728620,1019618,h091_180,0.37367533771650135,30318
rome,emea,2024-03-22,5589066,2773233,h181_372,0.49618898756965835,30318
rome,emea,2024-05-17,967104,725511,h000_030,0.7501892247369466,31607
rome,emea,2024-05-17,948210,527960,h031_060,0.5567964902289577,31607
rome,emea,2024-05-17,948210,376868,h061_090,0.3974520412144989,31607
rome,emea,2024-05-17,2844630,1078248,h091_180,0.3790468356165828,31607
rome,emea,2024-05-17,5828405,2972542,h181_372,0.5100095137520471,31607
rome,emea,2024-06-15,989387,683042,h000_030,0.6903688849762529,32243
rome,emea,2024-06-15,967290,454316,h031_060,0.46967920685626857,32243
rome,emea,2024-06-15,967290,385055,h061_090,0.3980760681905116,32243
rome,emea,2024-06-15,2901870,1068470,h091_180,0.36820050519147995,32243
rome,emea,2024-06-15,5942692,3081090,h181_372,0.5184670516324925,32243
rome,emea,2024-07-17,988963,583503,h000_030,0.590014995505393,33301
rome,emea,2024-07-17,999030,477787,h031_060,0.47825090337627496,33301
rome,emea,2024-07-17,999030,465991,h061_090,0.46644345014664224,33301
rome,emea,2024-07-17,2997090,1015127,h091_180,0.3387042097501243,33301
rome,emea,2024-07-17,6170596,3179245,h181_372,0.5152249474767105,33301
rome,emea,2024-08-11,990806,579681,h000_030,0.5850600420263906,33969
rome,emea,2024-08-11,1019040,587106,h031_060,0.5761363636363637,33969
rome,emea,2024-08-11,1019040,406811,h061_090,0.39921004082273515,33969
rome,emea,2024-08-11,3057120,986278,h091_180,0.3226167111529806,33969
rome,emea,2024-08-11,6313656,3209270,h181_372,0.5083061224748386,33969
rome,emea,2024-09-11,1042889,772669,h000_030,0.7408928466979707,34061
rome,emea,2024-09-11,1021830,510339,h031_060,0.4994363054519832,34061
rome,emea,2024-09-11,1021830,289213,h061_090,0.28303435992288345,34061
rome,emea,2024-09-11,3065490,976889,h091_180,0.31867303432730165,34061
rome,emea,2024-09-11,6280180,3143111,h181_372,0.5004810371677245,34061
rome,emea,2024-10-11,1041667,714285,h000_030,0.6857133805717183,34197
rome,emea,2024-10-11,1025910,354752,h031_060,0.3457925159127019,34197
rome,emea,2024-10-11,1025910,337596,h061_090,0.32906980144457115,34197
rome,emea,2024-10-11,3077730,962418,h091_180,0.31270384341706386,34197
rome,emea,2024-10-11,6310621,3088052,h181_372,0.4893420156273051,34197
rome,emea,2024-11-13,1058727,484150,h000_030,0.4572944677900913,34701
rome,emea,2024-11-13,1041030,404351,h031_060,0.38841435885613285,34701
rome,emea,2024-11-13,1041030,274939,h061_090,0.264102859667829,34701
rome,emea,2024-11-13,3123090,1029999,h091_180,0.3298012545267668,34701
rome,emea,2024-11-13,6401844,3038994,h181_372,0.4747060378228523,34701
rome,emea,2024-12-12,1073427,524510,h000_030,0.4886312716188432,35247
rome,emea,2024-12-12,1057410,313151,h031_060,0.29614908124568523,35247
rome,emea,2024-12-12,1057410,301650,h061_090,0.2852725054614577,35247
rome,emea,2024-12-12,3172230,1076409,h091_180,0.3393224955315346,35247
rome,emea,2024-12-12,6504624,2988899,h181_372,0.45950373149931495,35247
rome,emea,2025-01-13,989193,394904,h000_030,0.39921835273804,33335
rome,emea,2025-01-13,1000020,356088,h031_060,0.35608087838243235,33335
rome,emea,2025-01-13,1000020,318752,h061_090,0.31874562508749826,33335
rome,emea,2025-01-13,3000060,984713,h091_180,0.3282311020446258,33335
rome,emea,2025-01-13,6177393,2701039,h181_372,0.4372457766569166,33335
rome,emea,2025-02-15,1041167,548405,h000_030,0.5267214577488529,34158
rome,emea,2025-02-15,1024740,436272,h031_060,0.42573921189765207,34158
rome,emea,2025-02-15,1024740,426320,h061_090,0.41602748014130414,34158
rome,emea,2025-02-15,3074220,986167,h091_180,0.32078608557617866,34158
rome,emea,2025-02-15,6302714,2804498,h181_372,0.4449667238589598,34158
rome,emea,2025-03-05,926753,523960,h000_030,0.5653717873047079,34538
rome,emea,2025-03-05,1036140,545144,h031_060,0.5261296735962322,34538
rome,emea,2025-03-05,1036140,453130,h061_090,0.4373250719014805,34538
rome,emea,2025-03-05,3108420,984853,h091_180,0.3168339542275497,34538
rome,emea,2025-03-05,6504113,2947045,h181_372,0.453104827668277,34538
rome,emea,2025-04-10,1072034,723607,h000_030,0.6749851217405418,35626
rome,emea,2025-04-10,1068780,571967,h031_060,0.5351587791687719,35626
rome,emea,2025-04-10,1068780,410024,h061_090,0.3836374183648646,35626
rome,emea,2025-04-10,3206340,988437,h091_180,0.3082757910889051,35626
rome,emea,2025-04-10,6587572,3095625,h181_372,0.4699189625555516,35626
rome,emea,2025-05-09,1066310,722856,h000_030,0.6779041742082509,36166
rome,emea,2025-05-09,1084980,516844,h031_060,0.47636269792991576,36166
rome,emea,2025-05-09,1084980,368239,h061_090,0.33939703957676637,36166
rome,emea,2025-05-09,3254940,1039108,h091_180,0.31924029321585035,36166
rome,emea,2025-05-09,6709566,3235485,h181_372,0.48221971436006444,36166
rome,emea,2025-06-12,564245,354037,h000_030,0.6274526136695939,36309
rome,emea,2025-06-12,1089270,500791,h031_060,0.4597491898243778,36309
rome,emea,2025-06-12,1089270,407205,h061_090,0.3738329339833099,36309
rome,emea,2025-06-12,3267810,1062831,h091_180,0.3252425936636463,36309
rome,emea,2025-06-12,6971328,3016544,h181_372,0.43270722594030864,36309
rome,emea,2025-07-09,1134209,610386,h000_030,0.5381600745541607,37043
rome,emea,2025-07-09,1111290,449743,h031_060,0.40470354272962056,37043
rome,emea,2025-07-09,1111290,443358,h061_090,0.3989579677671895,37043
rome,emea,2025-07-09,3333870,1007613,h091_180,0.3022352401263397,37043
rome,emea,2025-07-09,6830061,3054903,h181_372,0.44727316491024016,37043
rome,emea,2025-08-15,1142125,629048,h000_030,0.5507698369267812,37554
rome,emea,2025-08-15,1126620,589570,h031_060,0.523308657755055,37554
rome,emea,2025-08-15,1126620,399148,h061_090,0.3542880474339174,37554
rome,emea,2025-08-15,3379860,978201,h091_180,0.28942056771582253,37554
rome,emea,2025-08-15,6931997,3062604,h181_372,0.44180688479813246,37554
rome,emea,2025-09-14,1134151,807020,h000_030,0.7115630987408202,37652
rome,emea,2025-09-14,1129560,528222,h031_060,0.4676351853819186,37652
rome,emea,2025-09-14,1129560,300063,h061_090,0.2656459152236269,37652
rome,emea,2025-09-14,3388680,982801,h091_180,0.29002472939315604,37652
rome,emea,2025-09-14,6961032,2972792,h181_372,0.42706196437539723,37652
rome,emea,2025-12-16,686223,334643,h000_030,0.48765925945355953,37167
rome,emea,2025-12-16,1115010,375968,h031_060,0.3371880072824459,37167
rome,emea,2025-12-16,1115010,351003,h061_090,0.3147980735598784,37167
rome,emea,2025-12-16,3345030,1091766,h091_180,0.32638451673079166,37167
rome,emea,2025-12-16,7086192,2778298,h181_372,0.3920720748181816,37167
rome,emea,2026-03-24,869730,582898,h000_030,0.6702056960206041,30063
rome,emea,2026-03-24,901890,522353,h031_060,0.579175952721507,30063
rome,emea,2026-03-24,901890,359624,h061_090,0.3987448580203794,30063
rome,emea,2026-03-24,2705670,698101,h091_180,0.25801409632364625,30063
rome,emea,2026-03-24,5593296,2100943,h181_372,0.37561806133628545,30063
rome,emea,2026-06-20,1029446,594592,h000_030,0.5775844483343469,37228
rome,emea,2026-06-20,1116840,459769,h031_060,0.4116695318935568,37228
rome,emea,2026-06-20,1116840,414982,h061_090,0.37156799541563695,37228
rome,emea,2026-06-20,3350520,1061072,h091_180,0.3166887527906116,37228
rome,emea,2026-06-20,6944870,3079430,h181_372,0.44341074778937545,37228
rome,emea,2026-08-25,1063704,643985,h000_030,0.6054174845633747,37483
rome,emea,2026-08-25,1124490,609328,h031_060,0.5418705368656013,37483
rome,emea,2026-08-25,1124490,335768,h061_090,0.29859580787734885,37483
rome,emea,2026-08-25,3373470,930015,h091_180,0.2756849771896593,37483
rome,emea,2026-08-25,6995526,2823065,h181_372,0.40355292797139203,37483
san-diego,na,2025-02-18,392036,201068,h000_030,0.5128814700690753,12921
san-diego,na,2025-02-18,387630,148048,h031_060,0.38193122307354954,12921
san-diego,na,2025-02-18,387630,113871,h061_090,0.29376209271728193,12921
san-diego,na,2025-02-18,1162890,452809,h091_180,0.3893824867356328,12921
san-diego,na,2025-02-18,2385363,1146453,h181_372,0.4806199308029847,12921
san-diego,na,2025-03-16,390989,211195,h000_030,0.5401558611623345,12991
san-diego,na,2025-03-16,389730,138417,h031_060,0.3551612654914941,12991
san-diego,na,2025-03-16,389730,131757,h061_090,0.3380725117388962,12991
san-diego,na,2025-03-16,1169190,471186,h091_180,0.4030020783619429,12991
san-diego,na,2025-03-16,2401563,1159167,h181_372,0.4826719099186655,12991
san-diego,na,2025-04-21,394301,194243,h000_030,0.4926261916657579,13061
san-diego,na,2025-04-21,391830,163973,h031_060,0.41847995304085955,13061
san-diego,na,2025-04-21,391830,166098,h061_090,0.4239032233366511,13061
san-diego,na,2025-04-21,1175490,439637,h091_180,0.3740031816519069,13061
san-diego,na,2025-04-21,2413209,1162007,h181_372,0.4815194208209898,13061
san-diego,na,2025-05-21,406162,231193,h000_030,0.5692137619964448,13102
san-diego,na,2025-05-21,393060,197701,h031_060,0.5029791889278991,13102
san-diego,na,2025-05-21,393060,159935,h061_090,0.40689716582710017,13102
san-diego,na,2025-05-21,1179180,406955,h091_180,0.3451169456741125,13102
san-diego,na,2025-05-21,2410084,1162774,h181_372,0.4824620220706,13102
san-diego,na,2025-07-25,408549,245185,h000_030,0.6001360913868349,13179
san-diego,na,2025-07-25,395370,147293,h031_060,0.372544704959911,13179
san-diego,na,2025-07-25,395370,127942,h061_090,0.3236006778460682,13179
san-diego,na,2025-07-25,1186110,374557,h091_180,0.3157860569424421,13179
san-diego,na,2025-07-25,2424936,1057278,h181_372,0.43600243470343136,13179
san-diego,na,2025-08-26,407402,207874,h000_030,0.5102429541337549,13142
san-diego,na,2025-08-26,394260,154916,h031_060,0.3929285243240501,13142
san-diego,na,2025-08-26,394260,119363,h061_090,0.3027519910718815,13142
san-diego,na,2025-08-26,1182780,385589,h091_180,0.3260022996668865,13142
san-diego,na,2025-08-26,2418128,1060492,h181_372,0.43855908372096103,13142
san-diego,na,2025-09-25,408022,217946,h000_030,0.5341525702045478,13162
san-diego,na,2025-09-25,394860,139785,h031_060,0.3540115483969002,13162
san-diego,na,2025-09-25,394860,120295,h061_090,0.3046522818214051,13162
san-diego,na,2025-09-25,1184580,397297,h091_180,0.3353906025764406,13162
san-diego,na,2025-09-25,2421808,1059577,h181_372,0.4375148649273601,13162
san-diego,na,2025-12-11,397363,195449,h000_030,0.4918651208089329,13164
san-diego,na,2025-12-11,394920,136895,h031_060,0.34663982578750124,13164
san-diego,na,2025-12-11,394920,123399,h061_090,0.3124658158614403,13164
san-diego,na,2025-12-11,1184760,372003,h091_180,0.3139901752253621,13164
san-diego,na,2025-12-11,2432897,1051764,h181_372,0.4323093003937281,13164
san-diego,na,2026-03-29,364715,200538,h000_030,0.5498485118517198,11765
san-diego,na,2026-03-29,352950,122485,h031_060,0.3470321575293951,11765
san-diego,na,2026-03-29,352950,124562,h061_090,0.35291684374557303,11765
san-diego,na,2026-03-29,1058850,364408,h091_180,0.3441545072484299,11765
san-diego,na,2026-03-29,2164760,838891,h181_372,0.38752148044124984,11765
san-diego,na,2026-06-27,383324,266669,h000_030,0.6956751990483246,13273
san-diego,na,2026-06-27,398190,189563,h031_060,0.4760616790979181,13273
san-diego,na,2026-06-27,398190,134382,h061_090,0.33748210653205757,13273
san-diego,na,2026-06-27,1194570,382350,h091_180,0.320073331826515,13273
san-diego,na,2026-06-27,2470372,1033382,h181_372,0.4183102787758281,13273
san-diego,na,2026-08-29,406673,212843,h000_030,0.5233762752875161,13342
san-diego,na,2026-08-29,400260,152374,h031_060,0.3806875530904912,13342
san-diego,na,2026-08-29,400260,123150,h061_090,0.30767501124269225,13342
san-diego,na,2026-08-29,1200780,381262,h091_180,0.3175119505654658,13342
san-diego,na,2026-08-29,2461858,1005433,h181_372,0.4084041402875389,13342
santiago,latam,2025-07-27,472992,215207,h000_030,0.45499078208510924,15663
santiago,latam,2025-07-27,469890,99752,h031_060,0.2122879822937283,15663
santiago,latam,2025-07-27,469890,65138,h061_090,0.13862393326097597,15663
santiago,latam,2025-07-27,1409670,220328,h091_180,0.15629757319088866,15663
santiago,latam,2025-07-27,2894555,709974,h181_372,0.24527915344500278,15663
santiago,latam,2025-08-29,478350,166953,h000_030,0.34901850109752275,15945
santiago,latam,2025-08-29,478350,88540,h031_060,0.18509459600710776,15945
santiago,latam,2025-08-29,478350,70856,h061_090,0.14812584927354447,15945
santiago,latam,2025-08-29,1435050,211489,h091_180,0.1473739590955019,15945
santiago,latam,2025-08-29,2949825,705164,h181_372,0.23905282516759468,15945
santiago,latam,2025-09-27,519358,165960,h000_030,0.31954836548199894,16772
santiago,latam,2025-09-27,503160,97411,h031_060,0.1935984577470387,16772
santiago,latam,2025-09-27,503160,74271,h061_090,0.14760911042213212,16772
santiago,latam,2025-09-27,1509480,219601,h091_180,0.14548122532262767,16772
santiago,latam,2025-09-27,3086627,747324,h181_372,0.24211671834659645,16772
santiago,latam,2025-12-29,513972,165665,h000_030,0.3223230059225016,17137
santiago,latam,2025-12-29,514110,80915,h031_060,0.15738849662523585,17137
santiago,latam,2025-12-29,514110,64169,h061_090,0.12481570092003656,17137
santiago,latam,2025-12-29,1542330,210685,h091_180,0.13660176486225387,17137
santiago,latam,2025-12-29,3170483,756253,h181_372,0.23852927140754263,17137
santiago,latam,2026-03-30,455496,136113,h000_030,0.2988236998788134,15945
santiago,latam,2026-03-30,478350,71021,h031_060,0.14847078499007002,15945
santiago,latam,2026-03-30,478350,60755,h061_090,0.12700951186369813,15945
santiago,latam,2026-03-30,1435050,253931,h091_180,0.17694923521828507,15945
santiago,latam,2026-03-30,2972663,665265,h181_372,0.22379428815173466,15945
santiago,latam,2026-06-29,535565,255003,h000_030,0.476138283868438,18534
santiago,latam,2026-06-29,556020,178652,h031_060,0.3213049890291716,18534
santiago,latam,2026-06-29,556020,102420,h061_090,0.18420200712204596,18534
santiago,latam,2026-06-29,1668060,317344,h091_180,0.19024735321271416,18534
santiago,latam,2026-06-29,3449191,841713,h181_372,0.24403200634583588,18534
santiago,latam,2026-08-30,532463,204032,h000_030,0.38318531052861887,18804
santiago,latam,2026-08-30,564120,149439,h031_060,0.2649064028930015,18804
santiago,latam,2026-08-30,564120,104836,h061_090,0.18583989222151315,18804
santiago,latam,2026-08-30,1692360,294847,h091_180,0.1742223876716538,18804
santiago,latam,2026-08-30,3510366,829704,h181_372,0.23635826007886357,18804
sao-paulo,latam,2026-06-14,1261077,405056,h000_030,0.32119846765899307,42378
sao-paulo,latam,2026-06-14,1271340,262932,h031_060,0.20681485676530276,42378
sao-paulo,latam,2026-06-14,1271340,181910,h061_090,0.1430852486352982,42378
sao-paulo,latam,2026-06-14,3814020,862110,h091_180,0.22603709471895794,42378
sao-paulo,latam,2026-06-14,7850196,2686541,h181_372,0.3422259775424715,42378
sao-paulo,latam,2026-08-18,1227684,472776,h000_030,0.3850958389943992,43068
sao-paulo,latam,2026-08-18,1292040,262980,h031_060,0.20353859013652828,43068
sao-paulo,latam,2026-08-18,1292040,317428,h061_090,0.24567970031887557,43068
sao-paulo,latam,2026-08-18,3876120,862246,h091_180,0.2224508013167807,43068
sao-paulo,latam,2026-08-18,8030822,2777616,h181_372,0.3458694514708457,43068
singapore,apac,2025-03-21,109616,35424,h000_030,0.323164501532623,3536
singapore,apac,2025-03-21,106080,22846,h031_060,0.2153657616892911,3536
singapore,apac,2025-03-21,106080,20219,h061_090,0.19060143288084463,3536
singapore,apac,2025-03-21,318240,75710,h091_180,0.23790221216691804,3536
singapore,apac,2025-03-21,648924,239668,h181_372,0.3693313854935247,3536
singapore,apac,2025-04-26,110941,35725,h000_030,0.32201800957265575,3680
singapore,apac,2025-04-26,110400,24560,h031_060,0.22246376811594204,3680
singapore,apac,2025-04-26,110400,22204,h061_090,0.2011231884057971,3680
singapore,apac,2025-04-26,331200,83012,h091_180,0.2506400966183575,3680
singapore,apac,2025-04-26,676534,260487,h181_372,0.38503164659869277,3680
singapore,apac,2025-05-28,98700,27949,h000_030,0.28317122593718336,3290
singapore,apac,2025-05-28,98700,21961,h031_060,0.22250253292806485,3290
singapore,apac,2025-05-28,98700,20156,h061_090,0.2042147922998987,3290
singapore,apac,2025-05-28,296100,71207,h091_180,0.24048294495103006,3290
singapore,apac,2025-05-28,604152,237357,h181_372,0.3928762960314623,3290
singapore,apac,2025-06-25,108868,44145,h000_030,0.40549105338575153,3659
singapore,apac,2025-06-25,109770,30698,h031_060,0.2796574656099116,3659
singapore,apac,2025-06-25,109770,24112,h061_090,0.21965928760134829,3659
singapore,apac,2025-06-25,329310,87711,h091_180,0.2663478181652546,3659
singapore,apac,2025-06-25,677817,257484,h181_372,0.3798724434471251,3659
singapore,apac,2025-07-27,110610,46682,h000_030,0.4220414067444173,3607
singapore,apac,2025-07-27,108210,27037,h031_060,0.24985676000369653,3607
singapore,apac,2025-07-27,108210,26900,h061_090,0.2485907032621754,3607
singapore,apac,2025-07-27,324630,89110,h091_180,0.2744971197979238,3607
singapore,apac,2025-07-27,664895,247987,h181_372,0.3729716722189218,3607
singapore,apac,2025-08-30,112127,42001,h000_030,0.37458417687086965,3617
singapore,apac,2025-08-30,108510,30539,h031_060,0.28143949866371765,3617
singapore,apac,2025-08-30,108510,24217,h061_090,0.22317758731914109,3617
singapore,apac,2025-08-30,325530,87347,h091_180,0.2683224280404264,3617
singapore,apac,2025-08-30,665528,238709,h181_372,0.3586761188109291,3617
singapore,apac,2025-09-28,114483,41420,h000_030,0.3618004419870199,3693
singapore,apac,2025-09-28,110790,27127,h031_060,0.24485061828684898,3693
singapore,apac,2025-09-28,110790,24661,h061_090,0.2225922917230797,3693
singapore,apac,2025-09-28,332370,92599,h091_180,0.2786021602431026,3693
singapore,apac,2025-09-28,679512,243891,h181_372,0.35892081376046336,3693
singapore,apac,2025-12-29,108672,34877,h000_030,0.32093823616018846,3639
singapore,apac,2025-12-29,109170,25717,h031_060,0.23556837959146285,3639
singapore,apac,2025-12-29,109170,23446,h061_090,0.21476596134469175,3639
singapore,apac,2025-12-29,327510,85363,h091_180,0.2606424231321181,3639
singapore,apac,2025-12-29,673713,234394,h181_372,0.34791372587437086,3639
singapore,apac,2026-03-30,35226,9299,h000_030,0.26398115028672003,1192
singapore,apac,2026-03-30,35760,3211,h031_060,0.0897930648769575,1192
singapore,apac,2026-03-30,35760,2863,h061_090,0.08006152125279642,1192
singapore,apac,2026-03-30,107280,13853,h091_180,0.12912938105891125,1192
singapore,apac,2026-03-30,221055,61892,h181_372,0.2799846192124132,1192
singapore,apac,2026-06-29,94827,35816,h000_030,0.3776983348624337,3247
singapore,apac,2026-06-29,97410,17762,h031_060,0.1823426752900113,3247
singapore,apac,2026-06-29,97410,13325,h061_090,0.136792937070116,3247
singapore,apac,2026-06-29,292230,52894,h091_180,0.18100126612599665,3247
singapore,apac,2026-06-29,603278,148893,h181_372,0.24680661320319985,3247
singapore,apac,2026-08-31,94651,28895,h000_030,0.305279394829426,3147
singapore,apac,2026-08-31,94410,21814,h031_060,0.2310560321999788,3147
singapore,apac,2026-08-31,94410,15339,h061_090,0.1624721957419765,3147
singapore,apac,2026-08-31,283230,57761,h091_180,0.2039367298661865,3147
singapore,apac,2026-08-31,581954,152617,h181_372,0.26224924994071697,3147
sunshine-coast,apac,2025-03-28,220156,130652,h000_030,0.5934519159141699,7163
sunshine-coast,apac,2025-03-28,214890,86778,h031_060,0.4038252128996231,7163
sunshine-coast,apac,2025-03-28,214890,76426,h061_090,0.3556517287914747,7163
sunshine-coast,apac,2025-03-28,644670,282491,h091_180,0.43819473529092406,7163
sunshine-coast,apac,2025-03-28,1320202,689869,h181_372,0.5225480646143544,7163
sunshine-coast,apac,2025-04-30,218514,110202,h000_030,0.5043246656964772,7186
sunshine-coast,apac,2025-04-30,215580,86036,h031_060,0.3990908247518323,7186
sunshine-coast,apac,2025-04-30,215580,96667,h061_090,0.4484043046664811,7186
sunshine-coast,apac,2025-04-30,646740,279961,h091_180,0.4328802919256579,7186
sunshine-coast,apac,2025-04-30,1326453,692309,h181_372,0.5219250135511775,7186
sunshine-coast,apac,2025-06-28,216071,139552,h000_030,0.6458617769159212,7262
sunshine-coast,apac,2025-06-28,217860,108549,h031_060,0.4982511704764528,7262
sunshine-coast,apac,2025-06-28,217860,92107,h061_090,0.4227806848434775,7262
sunshine-coast,apac,2025-06-28,653580,279078,h091_180,0.426998990177178,7262
sunshine-coast,apac,2025-06-28,1345261,645293,h181_372,0.47967866458627734,7262
sunshine-coast,apac,2025-07-30,221541,137320,h000_030,0.6198401198875152,7214
sunshine-coast,apac,2025-07-30,216420,105885,h031_060,0.48925700027723873,7214
sunshine-coast,apac,2025-07-30,216420,94743,h061_090,0.43777377321874134,7214
sunshine-coast,apac,2025-07-30,649260,302255,h091_180,0.465537689061393,7214
sunshine-coast,apac,2025-07-30,1329474,605652,h181_372,0.4555576115065056,7214
sunshine-coast,apac,2025-08-31,223076,138051,h000_030,0.6188518711111908,7196
sunshine-coast,apac,2025-08-31,215880,108804,h031_060,0.5040022234574764,7196
sunshine-coast,apac,2025-08-31,215880,91383,h061_090,0.4233046136742635,7196
sunshine-coast,apac,2025-08-31,647640,295739,h091_180,0.45664103514298066,7196
sunshine-coast,apac,2025-08-31,1324064,618695,h181_372,0.4672697090170868,7196
sunshine-coast,apac,2025-11-30,230292,155325,h000_030,0.6744698035537492,7434
sunshine-coast,apac,2025-11-30,223020,128337,h031_060,0.5754506322302932,7434
sunshine-coast,apac,2025-11-30,223020,84734,h061_090,0.37993901892206977,7434
sunshine-coast,apac,2025-11-30,669060,259141,h091_180,0.38732101754700626,7434
sunshine-coast,apac,2025-11-30,1367965,665202,h181_372,0.486271213079282,7434
sunshine-coast,apac,2026-02-28,195949,94453,h000_030,0.48202848700427153,6450
sunshine-coast,apac,2026-02-28,193500,82334,h031_060,0.4254987080103359,6450
sunshine-coast,apac,2026-02-28,193500,59776,h061_090,0.30891989664082686,6450
sunshine-coast,apac,2026-02-28,580500,212593,h091_180,0.3662239448751077,6450
sunshine-coast,apac,2026-02-28,1190802,541348,h181_372,0.45460790290913183,6450
sunshine-coast,apac,2026-06-30,219251,143217,h000_030,0.6532102476157463,7297
sunshine-coast,apac,2026-06-30,218910,110707,h031_060,0.5057192453519711,7297
sunshine-coast,apac,2026-06-30,218910,98267,h061_090,0.4488922388196062,7297
sunshine-coast,apac,2026-06-30,656730,289071,h091_180,0.440167191996711,7297
sunshine-coast,apac,2026-06-30,1349574,635494,h181_372,0.47088488663830214,7297
sunshine-coast,apac,2026-08-31,218394,137786,h000_030,0.6309056109600081,7279
sunshine-coast,apac,2026-08-31,218370,114383,h031_060,0.5238036360305903,7279
sunshine-coast,apac,2026-08-31,218370,92105,h061_090,0.4217841278563905,7279
sunshine-coast,apac,2026-08-31,655110,295262,h091_180,0.4507059883073072,7279
sunshine-coast,apac,2026-08-31,1346560,607192,h181_372,0.4509208650190114,7279
sydney,apac,2025-08-05,558240,310007,h000_030,0.555329249068501,18608
sydney,apac,2025-08-05,558240,238985,h031_060,0.4281043995414159,18608
sydney,apac,2025-08-05,558240,225421,h061_090,0.4038066064775007,18608
sydney,apac,2025-08-05,1674720,821727,h091_180,0.4906653052450559,18608
sydney,apac,2025-08-05,3442480,1971639,h181_372,0.5727379679765751,18608
sydney,apac,2025-09-12,549630,320830,h000_030,0.5837199570620235,17730
sydney,apac,2025-09-12,531900,251744,h031_060,0.4732919721752209,17730
sydney,apac,2025-09-12,531900,225218,h061_090,0.4234216958074826,17730
sydney,apac,2025-09-12,1595700,775146,h091_180,0.48577176160932506,17730
sydney,apac,2025-09-12,3262320,1848355,h181_372,0.5665768532823267,17730
sydney,apac,2025-12-12,629142,390399,h000_030,0.6205260497630106,20436
sydney,apac,2025-12-12,613080,271258,h031_060,0.44245122985581004,20436
sydney,apac,2025-12-12,613080,283827,h061_090,0.4629526326091212,20436
sydney,apac,2025-12-12,1839240,865832,h091_180,0.470755311976686,20436
sydney,apac,2025-12-12,3764610,2219089,h181_372,0.5894605284478339,20436
sydney,apac,2026-03-21,420453,228530,h000_030,0.5435328086611345,13563
sydney,apac,2026-03-21,406890,135151,h031_060,0.3321561109882278,13563
sydney,apac,2026-03-21,406890,107800,h061_090,0.2649364693160314,13563
sydney,apac,2026-03-21,1220670,466583,h091_180,0.3822351659334628,13563
sydney,apac,2026-03-21,2495592,1394133,h181_372,0.558638190858121,13563
sydney,apac,2026-06-16,559642,272591,h000_030,0.48708102679927523,20573
sydney,apac,2026-06-16,617190,245950,h031_060,0.39849965164698065,20573
sydney,apac,2026-06-16,617190,235066,h061_090,0.3808648876358982,20573
sydney,apac,2026-06-16,1851570,849862,h091_180,0.4589953390906096,20573
sydney,apac,2026-06-16,3839976,2243032,h181_372,0.5841265674577133,20573
sydney,apac,2026-08-15,582358,312948,h000_030,0.5373807863891283,20767
sydney,apac,2026-08-15,623010,278013,h031_060,0.4462416333606202,20767
sydney,apac,2026-08-15,623010,257765,h061_090,0.41374135246625254,20767
sydney,apac,2026-08-15,1869030,855167,h091_180,0.4575458927893078,20767
sydney,apac,2026-08-15,3861632,2182346,h181_372,0.5651356732075972,20767
taipei,apac,2025-03-28,180783,104144,h000_030,0.576071865164313,5977
taipei,apac,2025-03-28,179310,64143,h031_060,0.35772126484858624,5977
taipei,apac,2025-03-28,179310,44739,h061_090,0.24950644135854108,5977
taipei,apac,2025-03-28,537930,178809,h091_180,0.33240198538843346,5977
taipei,apac,2025-03-28,1104641,713664,h181_372,0.6460596700647541,5977
taipei,apac,2025-04-30,183727,97465,h000_030,0.530488169947803,6054
taipei,apac,2025-04-30,181620,60481,h031_060,0.3330084792423742,6054
taipei,apac,2025-04-30,181620,46356,h061_090,0.25523620746613807,6054
taipei,apac,2025-04-30,544860,181053,h091_180,0.33229269904195574,6054
taipei,apac,2025-04-30,1117889,734450,h181_372,0.6569972510687555,6054
taipei,apac,2025-06-29,186914,95458,h000_030,0.510705458125127,6196
taipei,apac,2025-06-29,185880,56337,h031_060,0.3030826339573919,6196
taipei,apac,2025-06-29,185880,39271,h061_090,0.2112707122874973,6196
taipei,apac,2025-06-29,557640,203902,h091_180,0.3656516749157162,6196
taipei,apac,2025-06-29,1145228,717912,h181_372,0.6268725528890317,6196
taipei,apac,2025-07-31,193626,90351,h000_030,0.46662638282048896,6246
taipei,apac,2025-07-31,187380,54075,h031_060,0.2885846942042907,6246
taipei,apac,2025-07-31,187380,57068,h061_090,0.3045575835201195,6246
taipei,apac,2025-07-31,562140,218452,h091_180,0.3886078201159853,6246
taipei,apac,2025-07-31,1149264,709751,h181_372,0.6175700274262484,6246
taipei,apac,2025-08-31,193214,90054,h000_030,0.4660842382022007,6255
taipei,apac,2025-08-31,187650,75587,h031_060,0.4028084199307221,6255
taipei,apac,2025-08-31,187650,63244,h061_090,0.33703170796695975,6255
taipei,apac,2025-08-31,562950,209746,h091_180,0.3725837108091305,6255
taipei,apac,2025-08-31,1151613,696190,h181_372,0.6045346830923235,6255
taipei,apac,2025-09-30,193471,109982,h000_030,0.5684676256389847,6241
taipei,apac,2025-09-30,187230,81851,h031_060,0.4371681888586231,6241
taipei,apac,2025-09-30,187230,68958,h061_090,0.3683063611600705,6241
taipei,apac,2025-09-30,561690,184304,h091_180,0.3281240541935943,6241
taipei,apac,2025-09-30,1148344,683699,h181_372,0.5953782141936562,6241
taipei,apac,2025-11-30,189767,130556,h000_030,0.687980523484062,6255
taipei,apac,2025-11-30,187650,71940,h031_060,0.38337330135891284,6255
taipei,apac,2025-11-30,187650,49151,h061_090,0.2619291233679723,6255
taipei,apac,2025-11-30,562950,169336,h091_180,0.30080113686828314,6255
taipei,apac,2025-11-30,1155061,672443,h181_372,0.5821709849090221,6255
taipei,apac,2026-02-28,166204,98635,h000_030,0.5934574378474645,5450
taipei,apac,2026-02-28,163500,56797,h031_060,0.3473822629969419,5450
taipei,apac,2026-02-28,163500,32313,h061_090,0.19763302752293577,5450
taipei,apac,2026-02-28,490500,131881,h091_180,0.26887054026503565,5450
taipei,apac,2026-02-28,1005548,555381,h181_372,0.5523167466893674,5450
taipei,apac,2026-06-30,194266,100944,h000_030,0.5196174317688118,6419
taipei,apac,2026-06-30,192570,55839,h031_060,0.2899672846237732,6419
taipei,apac,2026-06-30,192570,39855,h061_090,0.2069637015111388,6419
taipei,apac,2026-06-30,577710,200971,h091_180,0.3478752315175434,6419
taipei,apac,2026-06-30,1185789,660298,h181_372,0.5568427435235105,6419
taipei,apac,2026-08-31,192839,89227,h000_030,0.462702046785142,6398
taipei,apac,2026-08-31,191940,75967,h031_060,0.39578514118995517,6398
taipei,apac,2026-08-31,191940,69529,h061_090,0.3622434093987704,6398
taipei,apac,2026-08-31,575820,201412,h091_180,0.34978291827307145,6398
taipei,apac,2026-08-31,1182732,649373,h181_372,0.5490449231102228,6398
tasmania,apac,2025-03-02,197302,120783,h000_030,0.6121732166931911,6478
tasmania,apac,2025-03-02,194340,89021,h031_060,0.4580683338478954,6478
tasmania,apac,2025-03-02,194340,58929,h061_090,0.30322630441494286,6478
tasmania,apac,2025-03-02,583020,197591,h091_180,0.33890947137319477,6478
tasmania,apac,2025-03-02,1195470,616212,h181_372,0.5154558458179628,6478
tasmania,apac,2025-04-05,200632,117133,h000_030,0.5838201283942741,6472
tasmania,apac,2025-04-05,194160,65640,h031_060,0.3380716934487021,6472
tasmania,apac,2025-04-05,194160,63440,h061_090,0.32674083230325507,6472
tasmania,apac,2025-04-05,582480,192648,h091_180,0.33073753605274003,6472
tasmania,apac,2025-04-05,1190848,597104,h181_372,0.5014107593916268,6472
tasmania,apac,2025-05-03,201066,90408,h000_030,0.44964340067440545,6486
tasmania,apac,2025-05-03,194580,73387,h031_060,0.3771559255833076,6486
tasmania,apac,2025-05-03,194580,63996,h061_090,0.32889300030835644,6486
tasmania,apac,2025-05-03,583740,197003,h091_180,0.3374841539041354,6486
tasmania,apac,2025-05-03,1193424,599950,h181_372,0.5027132016785317,6486
tasmania,apac,2025-07-05,196130,96137,h000_030,0.4901697853464539,6504
tasmania,apac,2025-07-05,195120,66502,h031_060,0.34082615826158263,6504
tasmania,apac,2025-07-05,195120,64748,h061_090,0.3318368183681837,6504
tasmania,apac,2025-07-05,585360,222859,h091_180,0.3807212655459888,6504
tasmania,apac,2025-07-05,1202230,539781,h181_372,0.44898313966545506,6504
tasmania,apac,2025-08-04,199452,90582,h000_030,0.4541543830094459,6505
tasmania,apac,2025-08-04,195150,76259,h031_060,0.3907712016397643,6505
tasmania,apac,2025-08-04,195150,72574,h061_090,0.3718882910581604,6505
tasmania,apac,2025-08-04,585450,243024,h091_180,0.4151063284652831,6505
tasmania,apac,2025-08-04,1199138,524440,h181_372,0.43734749461696654,6505
tasmania,apac,2025-09-11,201531,109375,h000_030,0.5427204747656688,6501
tasmania,apac,2025-09-11,195030,83747,h031_060,0.4294057324514177,6501
tasmania,apac,2025-09-11,195030,74037,h061_090,0.3796185202276573,6501
tasmania,apac,2025-09-11,585090,254883,h091_180,0.4356304158334615,6501
tasmania,apac,2025-09-11,1196184,515498,h181_372,0.43095209432662535,6501
tasmania,apac,2025-12-12,206088,156788,h000_030,0.7607818019486822,6648
tasmania,apac,2025-12-12,199440,105338,h031_060,0.5281688728439631,6648
tasmania,apac,2025-12-12,199440,87655,h061_090,0.4395056157240273,6648
tasmania,apac,2025-12-12,598320,205856,h091_180,0.3440566920711325,6648
tasmania,apac,2025-12-12,1223232,535486,h181_372,0.43776323706377857,6648
tasmania,apac,2026-03-19,186581,113539,h000_030,0.608523911866696,6031
tasmania,apac,2026-03-19,180930,59313,h031_060,0.32782291493947935,6031
tasmania,apac,2026-03-19,180930,47494,h061_090,0.262499309125076,6031
tasmania,apac,2026-03-19,542790,136520,h091_180,0.2515153189999816,6031
tasmania,apac,2026-03-19,1110102,443460,h181_372,0.3994768048341504,6031
tasmania,apac,2026-06-15,194639,97292,h000_030,0.49985871279651045,6618
tasmania,apac,2026-06-15,198540,72275,h031_060,0.36403243678855646,6618
tasmania,apac,2026-06-15,198540,59731,h061_090,0.3008512138611867,6618
tasmania,apac,2026-06-15,595620,206305,h091_180,0.346370168899634,6618
tasmania,apac,2026-06-15,1227681,570093,h181_372,0.4643657432183116,6618
tasmania,apac,2026-08-13,205902,92739,h000_030,0.45040359005740593,6642
tasmania,apac,2026-08-13,199260,83754,h031_060,0.42032520325203254,6642
tasmania,apac,2026-08-13,199260,74632,h061_090,0.3745458195322694,6642
tasmania,apac,2026-08-13,597780,260109,h091_180,0.4351249623607347,6642
tasmania,apac,2026-08-13,1222128,525471,h181_372,0.4299639644947174,6642
tokyo,apac,2025-03-23,685105,587090,h000_030,0.8569343385320498,22757
tokyo,apac,2025-03-23,682710,397672,h031_060,0.5824903692636698,22757
tokyo,apac,2025-03-23,682710,272184,h061_090,0.3986817243046096,22757
tokyo,apac,2025-03-23,2048130,702719,h091_180,0.3431027327366915,22757
tokyo,apac,2025-03-23,4207564,2632826,h181_372,0.6257364118525589,22757
tokyo,apac,2025-04-27,704343,512784,h000_030,0.7280316550317104,23517
tokyo,apac,2025-04-27,705510,329278,h031_060,0.4667233632407762,23517
tokyo,apac,2025-04-27,705510,253715,h061_090,0.35961928250485464,23517
tokyo,apac,2025-04-27,2116530,709625,h091_180,0.3352775533538386,23517
tokyo,apac,2025-04-27,4355112,2698307,h181_372,0.6195723554296652,23517
tokyo,apac,2025-06-27,715085,435793,h000_030,0.6094282497884866,25297
tokyo,apac,2025-06-27,758910,294073,h031_060,0.3874939057332226,25297
tokyo,apac,2025-06-27,758910,232638,h061_090,0.3065422777404435,25297
tokyo,apac,2025-06-27,2276730,832848,h091_180,0.3658088574402762,25297
tokyo,apac,2025-06-27,4723771,2770431,h181_372,0.5864871518962287,25297
tokyo,apac,2025-07-29,800278,435399,h000_030,0.5440596892579829,26250
tokyo,apac,2025-07-29,787500,307264,h031_060,0.39017650793650793,26250
tokyo,apac,2025-07-29,787500,331825,h061_090,0.4213650793650794,26250
tokyo,apac,2025-07-29,2362500,821318,h091_180,0.3476478306878307,26250
tokyo,apac,2025-07-29,4843476,2915622,h181_372,0.601968916538453,26250
tokyo,apac,2025-08-30,815029,480389,h000_030,0.5894133828366843,27276
tokyo,apac,2025-08-30,818280,463942,h031_060,0.566972185559955,27276
tokyo,apac,2025-08-30,818280,370753,h061_090,0.45308818497335873,27276
tokyo,apac,2025-08-30,2454840,771838,h091_180,0.31441478874386924,27276
tokyo,apac,2025-08-30,5049321,3100730,h181_372,0.6140885081380248,27276
tokyo,apac,2025-09-29,854203,643772,h000_030,0.7536522348903012,27945
tokyo,apac,2025-09-29,838350,495484,h031_060,0.5910228424882209,27945
tokyo,apac,2025-09-29,838350,313946,h061_090,0.37448082543090594,27945
tokyo,apac,2025-09-29,2515050,809256,h091_180,0.321765372457804,27945
tokyo,apac,2025-09-29,5153984,3175948,h181_372,0.6162122350399225,27945
tokyo,apac,2025-12-29,886504,522101,h000_030,0.588943761111061,29807
tokyo,apac,2025-12-29,894210,377237,h031_060,0.42186622829089365,29807
tokyo,apac,2025-12-29,894210,359432,h061_090,0.4019547980899341,29807
tokyo,apac,2025-12-29,2682630,1115161,h091_180,0.4156969093762464,29807
tokyo,apac,2025-12-29,5522039,3055949,h181_372,0.5534095286179616,29807
tokyo,apac,2026-03-30,695448,512545,h000_030,0.7369997469257227,24790
tokyo,apac,2026-03-30,743700,389186,h031_060,0.5233104746537582,24790
tokyo,apac,2026-03-30,743700,233862,h061_090,0.314457442517144,24790
tokyo,apac,2026-03-30,2231100,591103,h091_180,0.2649379229976245,24790
tokyo,apac,2026-03-30,4634442,2451597,h181_372,0.5289950764299133,24790
tokyo,apac,2026-06-30,1031759,616930,h000_030,0.5979400228154055,34419
tokyo,apac,2026-06-30,1032570,368751,h031_060,0.35711961416659405,34419
tokyo,apac,2026-06-30,1032570,294729,h061_090,0.2854324646270955,34419
tokyo,apac,2026-06-30,3097710,983959,h091_180,0.3176407733454713,34419
tokyo,apac,2026-06-30,6368312,3284030,h181_372,0.5156829627694121,34419
tokyo,apac,2026-08-31,1071047,591289,h000_030,0.5520663425601304,35771
tokyo,apac,2026-08-31,1073130,563187,h031_060,0.5248078052053339,35771
tokyo,apac,2026-08-31,1073130,454944,h061_090,0.42394118140393056,35771
tokyo,apac,2026-08-31,3219390,903185,h091_180,0.2805453828209692,35771
tokyo,apac,2026-08-31,6619718,3580048,h181_372,0.5408157870169091,35771
western-australia,apac,2025-03-18,374295,219835,h000_030,0.5873308486621515,12232
western-australia,apac,2025-03-18,366960,164670,h031_060,0.4487410071942446,12232
western-australia,apac,2025-03-18,366960,114884,h061_090,0.3130695443645084,12232
western-australia,apac,2025-03-18,1100880,355123,h091_180,0.3225810260882203,12232
western-australia,apac,2025-03-18,2255634,1137725,h181_372,0.5043925565938445,12232
western-australia,apac,2025-04-23,380522,197683,h000_030,0.5195047855314542,12447
western-australia,apac,2025-04-23,373410,140977,h031_060,0.3775394338662596,12447
western-australia,apac,2025-04-23,373410,121578,h061_090,0.32558849521973166,12447
western-australia,apac,2025-04-23,1120230,380412,h091_180,0.33958383546236043,12447
western-australia,apac,2025-04-23,2295710,1171015,h181_372,0.5100883822434018,12447
western-australia,apac,2025-05-26,387903,199160,h000_030,0.5134273259036408,12513
western-australia,apac,2025-05-26,375390,147615,h031_060,0.39323103971869255,12513
western-australia,apac,2025-05-26,375390,113556,h061_090,0.30250139854551267,12513
western-australia,apac,2025-05-26,1126170,406897,h091_180,0.36131045934450395,12513
western-australia,apac,2025-05-26,2302369,1175237,h181_372,0.5104468484417571,12513
western-australia,apac,2025-06-23,378816,210103,h000_030,0.5546307442135496,12589
western-australia,apac,2025-06-23,377670,135801,h031_060,0.3595758201604575,12589
western-australia,apac,2025-06-23,377670,117716,h061_090,0.31169009982259643,12589
western-australia,apac,2025-06-23,1133010,429102,h091_180,0.3787274604813726,12589
western-australia,apac,2025-06-23,2327822,1098272,h181_372,0.47180239726233364,12589
western-australia,apac,2025-07-26,380721,185139,h000_030,0.4862852324930855,12687
western-australia,apac,2025-07-26,380610,141417,h031_060,0.3715535587609364,12687
western-australia,apac,2025-07-26,380610,154879,h061_090,0.4069230971335488,12687
western-australia,apac,2025-07-26,1141830,486870,h091_180,0.4263944720317385,12687
western-australia,apac,2025-07-26,2346984,1052889,h181_372,0.4486136249757135,12687
western-australia,apac,2025-08-28,395436,213937,h000_030,0.5410154867032845,12756
western-australia,apac,2025-08-28,382680,184769,h031_060,0.4828289955053831,12756
western-australia,apac,2025-08-28,382680,151458,h061_090,0.39578237692066476,12756
western-australia,apac,2025-08-28,1148040,490468,h091_180,0.4272220480122644,12756
western-australia,apac,2025-08-28,2347104,1037040,h181_372,0.4418381119882204,12756
western-australia,apac,2025-09-26,397017,252654,h000_030,0.6363808098897529,12807
western-australia,apac,2025-09-26,384210,176124,h031_060,0.4584055594596705,12807
western-australia,apac,2025-09-26,384210,167711,h061_090,0.4365086801488769,12807
western-australia,apac,2025-09-26,1152630,475408,h091_180,0.4124549942305857,12807
western-australia,apac,2025-09-26,2356488,1030865,h181_372,0.4374582005085534,12807
western-australia,apac,2025-12-28,366975,234223,h000_030,0.6382532870086518,12265
western-australia,apac,2025-12-28,367950,141936,h031_060,0.3857480635955972,12265
western-australia,apac,2025-12-28,367950,118459,h061_090,0.32194319880418537,12265
western-australia,apac,2025-12-28,1103850,320239,h091_180,0.2901109752230828,12265
western-australia,apac,2025-12-28,2270000,951242,h181_372,0.41904933920704845,12265
western-australia,apac,2026-03-29,312829,178096,h000_030,0.569307832713719,10465
western-australia,apac,2026-03-29,313950,93113,h031_060,0.29658544354196525,10465
western-australia,apac,2026-03-29,313950,72536,h061_090,0.23104315973881193,10465
western-australia,apac,2026-03-29,941850,232396,h091_180,0.24674417370069543,10465
western-australia,apac,2026-03-29,1937156,832340,h181_372,0.429671126125103,10465
western-australia,apac,2026-06-28,353278,168763,h000_030,0.47770594262875127,11724
western-australia,apac,2026-06-28,351720,101456,h031_060,0.28845672694188557,11724
western-australia,apac,2026-06-28,351720,90968,h061_090,0.258637552598658,11724
western-australia,apac,2026-06-28,1055160,336156,h091_180,0.3185829637211418,11724
western-australia,apac,2026-06-28,2167383,896662,h181_372,0.4137072220276712,11724
western-australia,apac,2026-08-30,393288,200215,h000_030,0.5090798600516669,13141
western-australia,apac,2026-08-30,394230,161396,h031_060,0.4093955305278644,13141
western-australia,apac,2026-08-30,394230,132073,h061_090,0.335015092712376,13141
western-australia,apac,2026-08-30,1182690,442400,h091_180,0.37406251849597105,13141
western-australia,apac,2026-08-30,2432027,993668,h181_372,0.40857605610464026,13141
