market,start,complete,status,rows,team_partial,count_break,negative_excluded,source_url,sha256
albany,2025-09-06,2025-09-06,ok,465,False,False,False,https://data.insideairbnb.com/united-states/ny/albany/2025-09-06/data/listings.csv.gz,0688d9c490f7c199277ce07d18ffed123dfa88c53894d013b2434b1bc5c1d228
albany,2025-10-05,2025-10-06,ok,461,False,False,False,https://data.insideairbnb.com/united-states/ny/albany/2025-10-05/data/listings.csv.gz,8e0e5505bbd112ee52dad217132178a1c337f6fc8cf272678a6858a770b96646
albany,2025-11-07,2025-11-07,ok,478,False,False,False,https://data.insideairbnb.com/united-states/ny/albany/2025-11-07/data/listings.csv.gz,4a8bf799943e4621cfd3a5dc9b1e2dcb0a7afbfc2168e6e58c900c135b330d23
albany,2025-12-11,2025-12-11,ok,482,False,False,False,https://data.insideairbnb.com/united-states/ny/albany/2025-12-11/data/listings.csv.gz,84d6db13722c0ab5ddafc37a49d623d293112f580052fcbe87e4dcfe40eb999c
albany,2026-01-16,2026-01-16,ok,434,False,False,False,https://data.insideairbnb.com/united-states/ny/albany/2026-01-16/data/listings.csv.gz,6d5a855912c53cb07af89237d27c5fe4059dcf2a13463d846c616c75ff877c65
albany,2026-02-15,2026-02-15,ok,453,False,False,False,https://data.insideairbnb.com/united-states/ny/albany/2026-02-15/data/listings.csv.gz,7e79c0fc4e74ce37dd707ba5f5516e19767d1bc6330c2cb63fa46b2466a3d550
albany,2026-03-17,2026-03-17,ok,470,False,False,False,https://data.insideairbnb.com/united-states/ny/albany/2026-03-17/data/listings.csv.gz,f3751f5d5607c56f89a23c737493d39adcecba365718f0a664932f502ecc4ccd
albany,2026-04-16,2026-04-16,ok,453,False,False,False,https://data.insideairbnb.com/united-states/ny/albany/2026-04-16/data/listings.csv.gz,c6d2e25947d9d13b9fe6e6951c67545c9c876653cccddb6ef35c4ec668491d50
albany,2026-05-22,2026-06-06,ok,167,False,True,True,https://data.insideairbnb.com/united-states/ny/albany/2026-05-22/data/listings.csv.gz,fab2e7ba2915a5b82404a4883ba2d70f32958736cae695bbc4442d1f01b822fc
albany,2026-06-16,2026-06-22,ok,490,False,False,False,https://data.insideairbnb.com/united-states/ny/albany/2026-06-16/data/listings.csv.gz,a39438e7dc72e9ace8742f3479f80342db36ac07d437116f368173d75144d901
albany,2026-07-15,2026-07-15,ok,484,False,False,False,https://data.insideairbnb.com/united-states/ny/albany/2026-07-15/data/listings.csv.gz,441fee28c7ef0d199207d42b0cb3fab1a757ff9d228561ed97041a80ed8dc853
amsterdam,2025-09-11,2025-09-11,ok,10480,False,False,False,https://data.insideairbnb.com/the-netherlands/north-holland/amsterdam/2025-09-11/data/listings.csv.gz,84574484ee5750890f8c17cd586521461bece6005adcfb6feae9a0a61e337696
amsterdam,2025-12-12,2025-12-13,ok,10835,False,False,False,https://data.insideairbnb.com/the-netherlands/north-holland/amsterdam/2025-12-12/data/listings.csv.gz,77a69068a7ded42bbb6a5a856e5ef9ffe807b31a5aabe92a9172838938326aa0
amsterdam,2026-03-19,2026-03-20,ok,6503,False,False,False,https://data.insideairbnb.com/the-netherlands/north-holland/amsterdam/2026-03-19/data/listings.csv.gz,fad074e51a3434226d4399c6e8b6369ba002aac89c01372a17b9f533698b8fe7
amsterdam,2026-06-15,2026-06-24,ok,10369,False,False,False,https://data.insideairbnb.com/the-netherlands/north-holland/amsterdam/2026-06-15/data/listings.csv.gz,e67b01d8b46e04f8ea85cd401dc6deeadef3b482fccf39e0388020d63c394062
antwerp,2025-09-28,2025-09-28,ok,2515,False,False,False,https://data.insideairbnb.com/belgium/vlg/antwerp/2025-09-28/data/listings.csv.gz,fafc23e296b564665bc1ecf31127cec2ea49157e8de677cdc075ab068356c9a6
antwerp,2025-12-29,2026-01-05,ok,2467,False,False,False,https://data.insideairbnb.com/belgium/vlg/antwerp/2025-12-29/data/listings.csv.gz,3860d25b8c0ea196c994b729393c5fc39e75a33ebca84b75e7d778e3253639c2
antwerp,2026-03-30,2026-03-31,ok,1848,False,False,False,https://data.insideairbnb.com/belgium/vlg/antwerp/2026-03-30/data/listings.csv.gz,aaa72cd6f859b3f120cf645818ea28aaec15293fa0a537bf2a484fa5fdd55588
antwerp,2026-06-29,2026-07-03,ok,2535,False,False,False,https://data.insideairbnb.com/belgium/vlg/antwerp/2026-06-29/data/listings.csv.gz,4d117cae542afdd3070df4829622cf4ef9f817b718b3b252032c1bde2fde7c9c
asheville,2025-09-22,2025-09-22,ok,2852,False,False,False,https://data.insideairbnb.com/united-states/nc/asheville/2025-09-22/data/listings.csv.gz,659bb544c4e535b8c144e2ccf56e09873b8da792d86eb3143b5c4b6b51c04113
asheville,2025-12-26,2026-01-05,ok,2892,False,False,False,https://data.insideairbnb.com/united-states/nc/asheville/2025-12-26/data/listings.csv.gz,49dca1a9b772907efe051208e64b4943698fc6b3dddf485b1646f0e74e7f754c
asheville,2026-03-27,2026-03-27,ok,2166,False,False,False,https://data.insideairbnb.com/united-states/nc/asheville/2026-03-27/data/listings.csv.gz,498bfec71982e95b4c80beb740ca053b642709bd974d2f6ddf22f9f6fe9ad053
asheville,2026-06-25,2026-07-03,ok,2865,False,False,False,https://data.insideairbnb.com/united-states/nc/asheville/2026-06-25/data/listings.csv.gz,b50fb547cc32757867e55b435a36a9c77faa03100b28cfaf0f195252a1865ee5
athens,2025-09-26,2025-09-27,ok,15584,False,False,False,https://data.insideairbnb.com/greece/attica/athens/2025-09-26/data/listings.csv.gz,7f54ea5165442073c6d2639aa64536435e0aace6533215e8305d7c90aadf2352
athens,2025-12-28,2026-01-05,ok,14842,False,False,False,https://data.insideairbnb.com/greece/attica/athens/2025-12-28/data/listings.csv.gz,a3059ad8eb3cd9747c80d2bd7b3509830ec69544b06e57d4d77d8150ae78130d
athens,2026-03-30,2026-04-07,ok,13304,False,False,False,https://data.insideairbnb.com/greece/attica/athens/2026-03-30/data/listings.csv.gz,0f9111ee2f05f67d9ac94dae142d714dc4eb18e9254d08c4950208f9e94d8ead
athens,2026-06-28,2026-06-30,ok,14337,False,False,False,https://data.insideairbnb.com/greece/attica/athens/2026-06-28/data/listings.csv.gz,86430d93072767f0496de370854afd987b1f8fec02c86788a06de6c01802cc92
austin,2024-09-13,2024-09-14,ok,15244,False,False,False,https://data.insideairbnb.com/united-states/tx/austin/2024-09-13/data/listings.csv.gz,0373549106260ab17a15dce727a8f743a5d0dd772d26e4fc09f14aa7ae10f5e3
austin,2024-12-14,2024-12-15,ok,15500,False,False,False,https://data.insideairbnb.com/united-states/tx/austin/2024-12-14/data/listings.csv.gz,6b777bd302b39fecda4fcd080d15bd5cce9a715b4c15cb7e17b3a0bf1f92f263
austin,2025-03-06,2025-03-15,ok,15431,False,False,False,https://data.insideairbnb.com/united-states/tx/austin/2025-03-06/data/listings.csv.gz,0adb7c96b35daed03c7884fe35dd01d37f8b637c702797a35c935504d83a2034
austin,2025-06-13,2025-06-14,ok,15187,False,False,False,https://data.insideairbnb.com/united-states/tx/austin/2025-06-13/data/listings.csv.gz,439b6db57e14d07c1464fe0ed886aa32146b659102675412d488223b0516145c
austin,2025-09-16,2025-09-17,ok,10533,True,False,True,https://data.insideairbnb.com/united-states/tx/austin/2025-09-16/data/listings.csv.gz,f3f243214fd5d3c209c36b9fbde54cd11e0a23591a813d1beff130ac781b090f
austin,2025-12-22,2026-01-05,ok,11251,True,False,True,https://data.insideairbnb.com/united-states/tx/austin/2025-12-22/data/listings.csv.gz,9d4ae6d1136a1ffd111614ee437d1edf0117d0128840f748f4d0dbc42ba620c3
austin,2026-01-18,2026-01-19,ok,11374,False,False,False,https://data.insideairbnb.com/united-states/tx/austin/2026-01-18/data/listings.csv.gz,7eb0140da0db6593a8ef439a65ec5898bdf54e398023be3bc191a9644bdd7bfc
austin,2026-02-19,2026-02-20,ok,10422,False,False,False,https://data.insideairbnb.com/united-states/tx/austin/2026-02-19/data/listings.csv.gz,b6bceac7dfef86ac8771a5195fd3a2fd4fa1b491c1f077fa10b31bb478e01790
austin,2026-03-25,2026-03-28,ok,8170,True,False,True,https://data.insideairbnb.com/united-states/tx/austin/2026-03-25/data/listings.csv.gz,8640ebe69f81ed869b6f4cdd5dbfe772a4a97ee463cfaef9b06515a0ff4539d2
austin,2026-04-23,2026-04-24,ok,8290,True,False,True,https://data.insideairbnb.com/united-states/tx/austin/2026-04-23/data/listings.csv.gz,ade68d12a09234c770fb24bbe1de98c024a7fe3bd1b53ca4d7870a838d4bdd4a
austin,2026-05-25,2026-06-06,ok,8568,True,False,True,https://data.insideairbnb.com/united-states/tx/austin/2026-05-25/data/listings.csv.gz,e23bff147202119c7dbf93bf5ba861a0ab962172dce7761a426fd276f545a9dd
austin,2026-06-22,2026-07-02,ok,11295,False,False,False,https://data.insideairbnb.com/united-states/tx/austin/2026-06-22/data/listings.csv.gz,5e2b0267729ea2f6c61c06e58621abae4a88ff852594ad9ccf1dec0a0d4f4c05
austin,2026-07-18,2026-07-19,ok,11172,False,False,False,https://data.insideairbnb.com/united-states/tx/austin/2026-07-18/data/listings.csv.gz,e40232dcbbe3579897ab91bdee395e44630b74468aaee7e8f5ae8dc76b91948c
austin,2026-08-25,2026-08-30,ok,11079,False,False,False,https://data.insideairbnb.com/united-states/tx/austin/2026-08-25/data/listings.csv.gz,2e4e28b448a79e3715dcf5bd14938a59a27a172a491d1e79c2411e24de8c3d3a
bangkok,2025-09-26,2025-09-28,ok,28806,False,False,False,https://data.insideairbnb.com/thailand/central-thailand/bangkok/2025-09-26/data/listings.csv.gz,66ca269c9819b900db621334a0b62a4cd678fb85a243eb09e2d88b16744bebf5
bangkok,2025-12-28,2026-01-05,ok,29888,False,False,False,https://data.insideairbnb.com/thailand/central-thailand/bangkok/2025-12-28/data/listings.csv.gz,1d8481fa381fdf330be7252a698d1a6bd83d77795788b75552b0abbbf4b82232
bangkok,2026-03-30,2026-04-02,ok,16444,False,False,False,https://data.insideairbnb.com/thailand/central-thailand/bangkok/2026-03-30/data/listings.csv.gz,3f7ceef47a2d094dbc5eb0b4ce1ee4331253fc75b67584574c7cdbfbacd84c93
bangkok,2026-06-29,2026-07-02,ok,31069,False,False,False,https://data.insideairbnb.com/thailand/central-thailand/bangkok/2026-06-29/data/listings.csv.gz,b17b99f9c421c566cc26a1c89a0b3d16b4c7f3dc74e659141900ccbac316b20e
barcelona,2025-09-14,2025-09-15,ok,19410,False,False,False,https://data.insideairbnb.com/spain/catalonia/barcelona/2025-09-14/data/listings.csv.gz,f6e61e1d11e301b5d7fbf0888db7037a04fb22df0b44182c04e41075d38abb83
barcelona,2025-12-14,2025-12-15,ok,18177,False,False,False,https://data.insideairbnb.com/spain/catalonia/barcelona/2025-12-14/data/listings.csv.gz,b6b498811bad0f154ccb35ae159dc0140bb047bcc59736cd3ad3cc2319a1f2a8
barcelona,2026-01-18,2026-01-18,ok,17099,False,False,False,https://data.insideairbnb.com/spain/catalonia/barcelona/2026-01-18/data/listings.csv.gz,d95fbeed26ea30f7bf417902507412fd51e533cd19c76ee741e5c86f588de72b
barcelona,2026-02-18,2026-02-19,ok,12786,True,False,True,https://data.insideairbnb.com/spain/catalonia/barcelona/2026-02-18/data/listings.csv.gz,709b22e70a1308f8873627d3b29da5e0a2475f59495b899af79a87629fdba86b
barcelona,2026-03-21,2026-03-22,ok,16107,False,False,False,https://data.insideairbnb.com/spain/catalonia/barcelona/2026-03-21/data/listings.csv.gz,7b603588d37874d39be0f692dd33c211f87a61b5d8ae2fab75bdf5078979af12
barcelona,2026-04-20,2026-04-21,ok,7277,True,True,True,https://data.insideairbnb.com/spain/catalonia/barcelona/2026-04-20/data/listings.csv.gz,855062e416e5394f23abf82c15a5c3dfc80c6484b49e52867e6eae24c035a916
barcelona,2026-05-24,2026-06-06,ok,14399,True,False,True,https://data.insideairbnb.com/spain/catalonia/barcelona/2026-05-24/data/listings.csv.gz,88560618929423b7111e482cd799472009d4f1f98dd5aceefbe002b709e70022
barcelona,2026-06-24,2026-07-03,ok,15293,False,False,False,https://data.insideairbnb.com/spain/catalonia/barcelona/2026-06-24/data/listings.csv.gz,aefc9848413a265973255a3ba6e43b650b645f9ee558a2474912e9c9d06a77fa
barcelona,2026-07-16,2026-07-19,ok,15777,False,False,False,https://data.insideairbnb.com/spain/catalonia/barcelona/2026-07-16/data/listings.csv.gz,6ac159c3c88661d02f3474346031b1e9e75231d4c05983d4a60b6cc0bf1950ab
barcelona,2026-08-23,2026-08-29,ok,16227,False,False,False,https://data.insideairbnb.com/spain/catalonia/barcelona/2026-08-23/data/listings.csv.gz,5934d6741afe7d3c0e4d82079c041fe6abf3e94fd0a19855126305cf73873ac7
barossa-valley,2025-09-27,2025-09-27,ok,353,False,False,False,https://data.insideairbnb.com/australia/sa/barossa-valley/2025-09-27/data/listings.csv.gz,3c95cc8bbe9777fd772eb7d2e3d666cd76ec9a79431fda58706057038b746525
barossa-valley,2025-12-28,2026-01-05,ok,362,False,False,False,https://data.insideairbnb.com/australia/sa/barossa-valley/2025-12-28/data/listings.csv.gz,6468d0540babc87fd0b3ee8509dee9d288ef876bcba68b604c0b2d6ee870929b
barossa-valley,2026-03-30,2026-03-30,ok,323,False,False,False,https://data.insideairbnb.com/australia/sa/barossa-valley/2026-03-30/data/listings.csv.gz,d852767c244519a86312f265926d9f2da575e02b2977be1493e612b8cf5a6e6b
barossa-valley,2026-06-29,2026-07-02,ok,360,False,False,False,https://data.insideairbnb.com/australia/sa/barossa-valley/2026-06-29/data/listings.csv.gz,0e5157a5d98865a2d9a9f090523e5b3802b6ac82e706ea18cebfb4af3a3e245c
barwon-south-west-vic,2025-09-28,2025-09-28,ok,7280,False,False,False,https://data.insideairbnb.com/australia/vic/barwon-south-west-vic/2025-09-28/data/listings.csv.gz,3405566014de7c74aba8f09cd92d3764ccd25eee2501eabead7898f618fbcdf5
barwon-south-west-vic,2025-12-29,2026-01-05,ok,7429,False,False,False,https://data.insideairbnb.com/australia/vic/barwon-south-west-vic/2025-12-29/data/listings.csv.gz,87af4a35f4a73f9c8e27e87f32fb7065afa7eea9a69195fe1d0b0fccfd8398c5
barwon-south-west-vic,2026-03-30,2026-04-02,ok,5844,False,False,False,https://data.insideairbnb.com/australia/vic/barwon-south-west-vic/2026-03-30/data/listings.csv.gz,95c7605a3325751f29442a7f038519b26ced3b32f16ff6e90717eef34a578000
barwon-south-west-vic,2026-06-29,2026-07-02,ok,7095,False,False,False,https://data.insideairbnb.com/australia/vic/barwon-south-west-vic/2026-06-29/data/listings.csv.gz,65386892520542d01e0ea2ca0f971e5602f3e9b4ac8a59c87b5ebdd8af0dd90b
belize,2025-09-28,2025-09-28,ok,3581,False,False,False,https://data.insideairbnb.com/belize/bz/belize/2025-09-28/data/listings.csv.gz,2013d1eb57f09100321556f4816ddb95da5753933de731bbb24e69f8ac4d8b3c
belize,2025-12-29,2026-01-05,ok,3630,False,False,False,https://data.insideairbnb.com/belize/bz/belize/2025-12-29/data/listings.csv.gz,8988f51dc21df3141a79c055008af39b16f8d7ebb117723c8197d48fc6815f4c
belize,2026-03-30,2026-04-02,ok,3074,False,False,False,https://data.insideairbnb.com/belize/bz/belize/2026-03-30/data/listings.csv.gz,006673203351195b22eb16bdf9eeb8aef2b116f37926acc81697b84086d9d5c2
belize,2026-06-29,2026-07-03,ok,3608,False,False,False,https://data.insideairbnb.com/belize/bz/belize/2026-06-29/data/listings.csv.gz,45961755435aaec2f98885a0a4b5811a91faeb7dbd5f5a7ef626265ced5e2247
bergamo,2025-09-29,2025-09-30,ok,3835,False,False,False,https://data.insideairbnb.com/italy/lombardia/bergamo/2025-09-29/data/listings.csv.gz,25102d14f505571cf798c3a4138812068d5efdc0c19396fcc9719191c1a895c2
bergamo,2025-12-31,2026-01-05,ok,3524,False,False,False,https://data.insideairbnb.com/italy/lombardia/bergamo/2025-12-31/data/listings.csv.gz,77358e794ba16d5836ffb71bdc4d28c35bb2bcfd87f90affa0376cf8fa913857
bergamo,2026-03-31,2026-04-02,ok,3356,False,False,False,https://data.insideairbnb.com/italy/lombardia/bergamo/2026-03-31/data/listings.csv.gz,43cd75d3cc46936a27f442565c6bca2177d81ecd729b35e0dc22e9911111c220
bergamo,2026-06-30,2026-07-03,ok,4237,False,False,False,https://data.insideairbnb.com/italy/lombardia/bergamo/2026-06-30/data/listings.csv.gz,41b1e20333ee80f6718c7b264606a3cfad877362eca9895e4d8040b5a56e6512
berlin,2025-09-23,2025-09-24,ok,14274,False,False,False,https://data.insideairbnb.com/germany/be/berlin/2025-09-23/data/listings.csv.gz,b5783f9fbdc31a2b76cb19ee66921385228e4492fe681fa03957eb6925a78718
berlin,2025-12-27,2026-01-05,ok,14470,False,False,False,https://data.insideairbnb.com/germany/be/berlin/2025-12-27/data/listings.csv.gz,20634c530b7619db28e11b82bb6f205e2a7077ec73e9f052927ad6f4815c6b8f
berlin,2026-03-28,2026-03-28,ok,5856,False,True,True,https://data.insideairbnb.com/germany/be/berlin/2026-03-28/data/listings.csv.gz,8b851fc9243b46f8becaaca197036ddf6aa150d4c078fb432dd9107bcd08a489
berlin,2026-06-26,2026-07-03,ok,12776,False,False,False,https://data.insideairbnb.com/germany/be/berlin/2026-06-26/data/listings.csv.gz,2952261ea249a5d5754981a5808c05a96c5ee5a1646390433766606647d7d198
bologna,2025-09-22,2025-10-08,ok,4642,False,False,False,https://data.insideairbnb.com/italy/emilia-romagna/bologna/2025-09-22/data/listings.csv.gz,20c05801cbbc0d8fd3acdc4391248eb9ae0092afb7a3d0e6f2cd68488d5acb80
bologna,2026-03-27,2026-03-27,ok,3736,False,False,False,https://data.insideairbnb.com/italy/emilia-romagna/bologna/2026-03-27/data/listings.csv.gz,3dfa82347d99f009cc7f4820668f7271d7f058ea62f23b38cf62601d3867df8f
bologna,2026-06-26,2026-07-03,ok,4948,False,False,False,https://data.insideairbnb.com/italy/emilia-romagna/bologna/2026-06-26/data/listings.csv.gz,0917fd5d509be3613d82297e53df4f90e33de713477c9a693fcd073408200aa1
bordeaux,2025-09-18,2025-09-18,ok,12252,False,False,False,https://data.insideairbnb.com/france/nouvelle-aquitaine/bordeaux/2025-09-18/data/listings.csv.gz,66b7741d14aff88700174a437dc16b6df8debac82fdbab1f3186bdab623c2ff6
bordeaux,2025-12-22,2026-01-05,ok,12180,False,False,False,https://data.insideairbnb.com/france/nouvelle-aquitaine/bordeaux/2025-12-22/data/listings.csv.gz,d56a5d4e987c866a27dcf4a9583cd22e73b98863c5ffd91bbf393054bc5f7b65
bordeaux,2026-03-25,2026-03-25,ok,6822,False,False,False,https://data.insideairbnb.com/france/nouvelle-aquitaine/bordeaux/2026-03-25/data/listings.csv.gz,f04cd3db522a5d08ecc6cf90a175b331fb79385e104b5f79ebcbc0a0408d05f3
bordeaux,2026-06-22,2026-07-02,ok,12217,False,False,False,https://data.insideairbnb.com/france/nouvelle-aquitaine/bordeaux/2026-06-22/data/listings.csv.gz,269df7a9cf9ab4b6add76cfad2f90f16f9f8b0d39e542633dab2cb6ed7e35f93
boston,2025-09-23,2025-09-24,ok,4419,False,False,False,https://data.insideairbnb.com/united-states/ma/boston/2025-09-23/data/listings.csv.gz,06c475083ca2429d0f4100fdbdd98317119a4354b496d25ba1a9910ee662b98b
boston,2025-12-27,2026-01-05,ok,3706,False,False,False,https://data.insideairbnb.com/united-states/ma/boston/2025-12-27/data/listings.csv.gz,f2ca39c3f524a59d3020d2297f92e04f1a7329c9ffda2ab5c5b52db2a31cbb59
boston,2026-03-28,2026-03-28,ok,1881,False,True,True,https://data.insideairbnb.com/united-states/ma/boston/2026-03-28/data/listings.csv.gz,3bc3f4d4c709039d0a0f94706c5a53970e63e08b125bf0184f73628c033fe5a8
boston,2026-06-15,2026-07-06,ok,4378,False,False,False,https://data.insideairbnb.com/united-states/ma/boston/2026-06-15/data/listings.csv.gz,cf72d109ae7da76987160db61fb2c069671bbfbe1cf1b27b8a97507ac6b2093b
bozeman,2025-09-14,2025-09-14,ok,583,False,False,False,https://data.insideairbnb.com/united-states/mt/bozeman/2025-09-14/data/listings.csv.gz,6af666d79fe2ac4653c8621265e702adc07d9e2770c036c985adffeec4a743a3
bozeman,2025-10-17,2025-10-17,ok,580,False,False,False,https://data.insideairbnb.com/united-states/mt/bozeman/2025-10-17/data/listings.csv.gz,6e9aedc9cedaa4b8376ce6c0947b5fbb91372107f2732bb3f0e961bc1b8f3ef7
bozeman,2025-11-12,2025-11-12,ok,600,False,False,False,https://data.insideairbnb.com/united-states/mt/bozeman/2025-11-12/data/listings.csv.gz,cde6ca22bd1ff66b9eaeba9cecedd68e6a2a070dbf2bb23840a42a2ba359e5e7
bozeman,2025-12-13,2025-12-13,ok,604,False,False,False,https://data.insideairbnb.com/united-states/mt/bozeman/2025-12-13/data/listings.csv.gz,68cce44531c91621b76a6d44136034eddfce6db2879eed871b7cd924874ee0a3
bozeman,2026-01-17,2026-01-17,ok,534,False,False,False,https://data.insideairbnb.com/united-states/mt/bozeman/2026-01-17/data/listings.csv.gz,2f23daf0b3ed17afb8a1bc1ef9609ee23d5be07d034e74a4cc614a0fce2924e7
bozeman,2026-02-18,2026-02-18,ok,550,False,False,False,https://data.insideairbnb.com/united-states/mt/bozeman/2026-02-18/data/listings.csv.gz,99102f89d50e55f899663ee7f31c19c52b1cdf7f9d6c668ac2fa993cac22441c
bozeman,2026-03-21,2026-03-21,ok,372,False,False,False,https://data.insideairbnb.com/united-states/mt/bozeman/2026-03-21/data/listings.csv.gz,b2fe576412aea9738656c146735d6bf1a6cb570ddd9ab24dc1d6998ec87a116c
bozeman,2026-04-19,2026-04-19,ok,373,False,False,False,https://data.insideairbnb.com/united-states/mt/bozeman/2026-04-19/data/listings.csv.gz,ae78298edeaae503fdc8ca3d745716e2c97242f7d91d9e4d3188ff2bc9f2e2fe
bozeman,2026-05-22,2026-06-06,ok,371,False,False,False,https://data.insideairbnb.com/united-states/mt/bozeman/2026-05-22/data/listings.csv.gz,ec4961d0ffa3a751e08000ea829e5287a7df8923f0018af74677aeecc503b630
bozeman,2026-06-19,2026-06-28,ok,590,False,False,False,https://data.insideairbnb.com/united-states/mt/bozeman/2026-06-19/data/listings.csv.gz,8186a388a4beb59f76706f8e529facd1af1a3de5c70aca677cf1973115b1bbeb
bozeman,2026-07-16,2026-07-18,ok,591,False,False,False,https://data.insideairbnb.com/united-states/mt/bozeman/2026-07-16/data/listings.csv.gz,58f05995b538f0c5f05b94f3523526b64ba5a02cbdce1783f11dc2dcf6254bcd
brisbane,2025-09-11,2025-09-11,ok,5934,False,False,False,https://data.insideairbnb.com/australia/qld/brisbane/2025-09-11/data/listings.csv.gz,60c2deaf54fc975b100e6cb606a3df4fc793717bafe8393b93f7533c66e5d1b1
brisbane,2025-10-07,2025-10-08,ok,6072,False,False,False,https://data.insideairbnb.com/australia/qld/brisbane/2025-10-07/data/listings.csv.gz,8bfe9046fa24579f3b629f44cbd82491edc7309841e365268e84058a56da1e68
brisbane,2025-11-11,2025-11-24,ok,6147,False,False,False,https://data.insideairbnb.com/australia/qld/brisbane/2025-11-11/data/listings.csv.gz,47ffd416ef5a1d357255bc60bd42efb4849c07fc75f9f13120847f66b7928685
brisbane,2025-12-11,2025-12-12,ok,6312,False,False,False,https://data.insideairbnb.com/australia/qld/brisbane/2025-12-11/data/listings.csv.gz,07fb9210eda336e2a1dade778d77046b74d8a3ed208a5890939fc3a67b9d4d15
brisbane,2026-01-16,2026-01-16,ok,5663,False,False,False,https://data.insideairbnb.com/australia/qld/brisbane/2026-01-16/data/listings.csv.gz,ffed63d85062c56b80e6dcfb7622110803eb9661228f3dc906e73b5e9db7ec55
brisbane,2026-02-15,2026-02-15,ok,5807,False,False,False,https://data.insideairbnb.com/australia/qld/brisbane/2026-02-15/data/listings.csv.gz,ef68667155526832caffdf610423769b9fa928de22fac409163ba575cde1e7bc
brisbane,2026-03-19,2026-03-19,ok,5720,False,False,False,https://data.insideairbnb.com/australia/qld/brisbane/2026-03-19/data/listings.csv.gz,44b2b3e05450b10ffe202a4a690fed239483bdbe100a1f7628d44c76dccee437
brisbane,2026-04-18,2026-04-18,ok,5118,False,False,False,https://data.insideairbnb.com/australia/qld/brisbane/2026-04-18/data/listings.csv.gz,10446ab984f0046e28e113c6438efdf3e7b0e421ddbcd1a2aba557f3568cb423
brisbane,2026-05-23,2026-06-06,ok,5855,False,False,False,https://data.insideairbnb.com/australia/qld/brisbane/2026-05-23/data/listings.csv.gz,849cac905adb8deeef480586ff9a5da840153f2c74ff7dcdb6d8fa18544fbdd6
brisbane,2026-06-15,2026-06-24,ok,6347,False,False,False,https://data.insideairbnb.com/australia/qld/brisbane/2026-06-15/data/listings.csv.gz,c191ee729dde9ecfe3481e0f549c9cbd6a6d76743e34e29cd672eb63af75fcdf
brisbane,2026-07-14,2026-07-14,ok,6358,False,False,False,https://data.insideairbnb.com/australia/qld/brisbane/2026-07-14/data/listings.csv.gz,78ac0372af81c9b8c2fe7ad43486a73fc98ac6d86cd365623553098272cf9299
bristol,2025-09-26,2025-09-26,ok,2845,False,False,False,https://data.insideairbnb.com/united-kingdom/england/bristol/2025-09-26/data/listings.csv.gz,d001caf7c6d6649cb21f4ed47cfaada8918428584dbb669fd406df771b5d9662
bristol,2025-12-28,2026-01-05,ok,2939,False,False,False,https://data.insideairbnb.com/united-kingdom/england/bristol/2025-12-28/data/listings.csv.gz,fe073b468e800a0825b242e32984f4d41916f87f7cd9dc4bfa9c4503ba503e58
bristol,2026-03-30,2026-03-31,ok,1979,False,False,False,https://data.insideairbnb.com/united-kingdom/england/bristol/2026-03-30/data/listings.csv.gz,b088b6ec71b384500f6b7e38344bd72ab3c6ba0f1fc8828b7319b0953a32674c
bristol,2026-06-29,2026-07-02,ok,3023,False,False,False,https://data.insideairbnb.com/united-kingdom/england/bristol/2026-06-29/data/listings.csv.gz,1725729b2b803a21fdc0553c881769bdeecb3028322d974098bb88dcddbff376
broward-county,2025-09-26,2025-09-28,ok,16822,False,False,False,https://data.insideairbnb.com/united-states/fl/broward-county/2025-09-26/data/listings.csv.gz,1cef0d3eda38265f22976acc38238795535d9c84bb947e2cce3cac87204e867d
broward-county,2025-12-28,2026-01-05,ok,16424,False,False,False,https://data.insideairbnb.com/united-states/fl/broward-county/2025-12-28/data/listings.csv.gz,3300ede894177412f4d1f8ee2a8d0ea7d42da47c9ec6071a8395d0d659c762e3
broward-county,2026-03-30,2026-04-02,ok,9791,False,False,False,https://data.insideairbnb.com/united-states/fl/broward-county/2026-03-30/data/listings.csv.gz,c04f7a8a5a409b203bdb0e25f3cf81a63b92a83d7d999bfe95520b066a276f1b
broward-county,2026-06-29,2026-07-03,ok,17698,False,False,False,https://data.insideairbnb.com/united-states/fl/broward-county/2026-06-29/data/listings.csv.gz,d1d852ea6b13d0fb33c82ef48bbddc83bd33c004bf957cebfe99cb1e04613ad7
brussels,2025-09-23,2025-09-24,ok,6131,False,False,False,https://data.insideairbnb.com/belgium/bru/brussels/2025-09-23/data/listings.csv.gz,b5d04134b2fc770b0cc622b0c2c0796ce5275c4b8234bc06ea37bc764f798ec0
brussels,2025-12-27,2026-01-05,ok,5873,False,False,False,https://data.insideairbnb.com/belgium/bru/brussels/2025-12-27/data/listings.csv.gz,a602cfa8781acea1d636341f30f8bb5c50236d61fcf6301ef23faefa01764a9a
brussels,2026-03-29,2026-03-29,ok,3737,False,False,False,https://data.insideairbnb.com/belgium/bru/brussels/2026-03-29/data/listings.csv.gz,8016a5892194788f24a359401f3b7145f76ab6f093dd3c6c4ca608568b9f970e
brussels,2026-06-27,2026-07-02,ok,5078,False,False,False,https://data.insideairbnb.com/belgium/bru/brussels/2026-06-27/data/listings.csv.gz,bfc168a85820fad3f3cd03c16bc0146dfe9c333260b692634b246bb1b4cfc2d8
budapest,2025-08-27,2025-08-27,ok,12608,False,False,False,https://data.insideairbnb.com/hungary/k%C3%B6z%C3%A9p-magyarorsz%C3%A1g/budapest/2025-08-27/data/listings.csv.gz,e410e0a41b06a73478eb100c1e76d86a32385c1c776352ba650c5ce889f5a4be
budapest,2025-09-25,2025-09-25,ok,12391,False,False,False,https://data.insideairbnb.com/hungary/k%C3%B6z%C3%A9p-magyarorsz%C3%A1g/budapest/2025-09-25/data/listings.csv.gz,c96d81041ef6dba03d12f2050e7faf82ed36fdf6f5c10bac2209931479323b84
budapest,2025-10-27,2025-10-28,ok,12290,False,False,False,https://data.insideairbnb.com/hungary/k%C3%B6z%C3%A9p-magyarorsz%C3%A1g/budapest/2025-10-27/data/listings.csv.gz,e6286f5c5a1bf8603e42fa38c5797190660f03f8790fc1603e6ad873d26caea2
budapest,2025-11-26,2025-11-26,ok,12234,False,False,False,https://data.insideairbnb.com/hungary/k%C3%B6z%C3%A9p-magyarorsz%C3%A1g/budapest/2025-11-26/data/listings.csv.gz,afd3d13b5d9476ca731f01da6d29fd13e81ee6764b4dc53b476ea2af4223dbfe
budapest,2025-12-28,2026-01-05,ok,10872,False,False,False,https://data.insideairbnb.com/hungary/k%C3%B6z%C3%A9p-magyarorsz%C3%A1g/budapest/2025-12-28/data/listings.csv.gz,d7afd5c0b0fd9a008b93b7e443760880eaa399a5d172e5a90a06e7052054bc58
budapest,2026-01-24,2026-01-24,ok,10489,False,False,False,https://data.insideairbnb.com/hungary/k%C3%B6z%C3%A9p-magyarorsz%C3%A1g/budapest/2026-01-24/data/listings.csv.gz,f824b3d42a091ed3fd202746a87c7fb42849b2bc5e53aa448c49a6e9b5255923
budapest,2026-02-26,2026-02-26,ok,10224,False,False,False,https://data.insideairbnb.com/hungary/k%C3%B6z%C3%A9p-magyarorsz%C3%A1g/budapest/2026-02-26/data/listings.csv.gz,42e93dada1fa88392bf2950264a0e65c47ab1722dcc1389a16919c3483b1e5fb
budapest,2026-03-29,2026-03-30,ok,9510,False,False,False,https://data.insideairbnb.com/hungary/k%C3%B6z%C3%A9p-magyarorsz%C3%A1g/budapest/2026-03-29/data/listings.csv.gz,e03fa6521263d3f9fa56d3fb930892506e97a20cb1c5aec239aa1105c6c11800
budapest,2026-04-26,2026-04-26,ok,9672,False,False,False,https://data.insideairbnb.com/hungary/k%C3%B6z%C3%A9p-magyarorsz%C3%A1g/budapest/2026-04-26/data/listings.csv.gz,228242ce833d522bd5ad2632b90236dc09ea99109378ae020a499f25c4d3f669
budapest,2026-06-28,2026-07-02,ok,11454,False,False,False,https://data.insideairbnb.com/hungary/k%C3%B6z%C3%A9p-magyarorsz%C3%A1g/budapest/2026-06-28/data/listings.csv.gz,14a28b78cef2eed3154fa69fab8c8c8ef93a7d6e66c2ad2e57f3d0040a7368da
budapest,2026-07-21,2026-07-22,ok,11513,False,False,False,https://data.insideairbnb.com/hungary/k%C3%B6z%C3%A9p-magyarorsz%C3%A1g/budapest/2026-07-21/data/listings.csv.gz,91f76f0828ce27c321d24d12b4d47bb2cc572f7353af3e3fceb1864eb4993c67
buenos-aires,2025-08-29,2025-08-31,ok,27234,False,False,False,https://data.insideairbnb.com/argentina/ciudad-aut%C3%B3noma-de-buenos-aires/buenos-aires/2025-08-29/data/listings.csv.gz,d1e9069f0403d97e10d4d08c096ee1ad32d685343c0d907204d8d89094b34cbd
buenos-aires,2025-09-27,2025-09-28,ok,26945,False,False,False,https://data.insideairbnb.com/argentina/ciudad-aut%C3%B3noma-de-buenos-aires/buenos-aires/2025-09-27/data/listings.csv.gz,85a413ccbb5901105013d77c42bc9c9839e555f22b1d6ea8d5760af70d80eacb
buenos-aires,2025-10-29,2025-11-02,ok,26726,False,False,False,https://data.insideairbnb.com/argentina/ciudad-aut%C3%B3noma-de-buenos-aires/buenos-aires/2025-10-29/data/listings.csv.gz,c4413c4a9fa90c4e636f7510b1cf2c4f0000b37f02d5faa6ad2953e1ac576df4
buenos-aires,2025-11-27,2025-11-29,ok,26711,False,False,False,https://data.insideairbnb.com/argentina/ciudad-aut%C3%B3noma-de-buenos-aires/buenos-aires/2025-11-27/data/listings.csv.gz,013e316146ffc8c6fd435c548faad5dfa8b11f54e4a91c9dd059432850c1b489
buenos-aires,2025-12-29,2026-01-05,ok,27015,False,False,False,https://data.insideairbnb.com/argentina/ciudad-aut%C3%B3noma-de-buenos-aires/buenos-aires/2025-12-29/data/listings.csv.gz,54ae3fb7feb0fd5bdc1e693a4f4e2069241738f3991b6097b39f0b26ce99906d
buenos-aires,2026-01-25,2026-01-26,ok,27348,False,False,False,https://data.insideairbnb.com/argentina/ciudad-aut%C3%B3noma-de-buenos-aires/buenos-aires/2026-01-25/data/listings.csv.gz,a6596a50532f560c1d64cafdcdfc7e80c64ab60ffbfd5a8b9af89f156b50e9e8
buenos-aires,2026-02-26,2026-02-28,ok,28331,False,False,False,https://data.insideairbnb.com/argentina/ciudad-aut%C3%B3noma-de-buenos-aires/buenos-aires/2026-02-26/data/listings.csv.gz,611a1778da6ac12f648600c203b3d9153e6ffd5014b91401baa29be12beb499c
buenos-aires,2026-03-30,2026-04-06,ok,28019,False,False,False,https://data.insideairbnb.com/argentina/ciudad-aut%C3%B3noma-de-buenos-aires/buenos-aires/2026-03-30/data/listings.csv.gz,dac04084496bb446ab8687d6c4535bbe8574504ca31d92604758d0685dbd4951
buenos-aires,2026-04-29,2026-04-30,ok,24266,False,False,False,https://data.insideairbnb.com/argentina/ciudad-aut%C3%B3noma-de-buenos-aires/buenos-aires/2026-04-29/data/listings.csv.gz,41e54413fbe5070f14f1ce6d82c9e75c643c5888f616adc47ab5f14e615bfd3c
buenos-aires,2026-06-29,2026-07-02,ok,29685,False,False,False,https://data.insideairbnb.com/argentina/ciudad-aut%C3%B3noma-de-buenos-aires/buenos-aires/2026-06-29/data/listings.csv.gz,7c1e7d739a577279d8559960d5341e296bf329117e8f5e43f30c52a0927d6c5d
buenos-aires,2026-07-24,2026-07-26,ok,29609,False,False,False,https://data.insideairbnb.com/argentina/ciudad-aut%C3%B3noma-de-buenos-aires/buenos-aires/2026-07-24/data/listings.csv.gz,26bfd8ec71f2dee7718d3b29a6ab71765bd89ada8f4d6359f1699cefb08febe6
cambridge,2025-09-28,2025-09-28,ok,1358,False,False,False,https://data.insideairbnb.com/united-states/ma/cambridge/2025-09-28/data/listings.csv.gz,2a81e1f200a2899052d3cf8d05ad75150f60bf259b237a1b8bd52101b0e1452b
cambridge,2025-12-29,2026-01-05,ok,1032,False,False,False,https://data.insideairbnb.com/united-states/ma/cambridge/2025-12-29/data/listings.csv.gz,fc00463aa387fdc67033e76d9709e4c30f9700e48fb7976796b9a37a1b45a8f3
cambridge,2026-03-30,2026-04-02,ok,618,False,True,True,https://data.insideairbnb.com/united-states/ma/cambridge/2026-03-30/data/listings.csv.gz,b4a6d97e839c9ed3862837dbc7f471b914728004f2cccb4e77e0d63a5aed83ea
cambridge,2026-06-29,2026-07-02,ok,1438,False,False,False,https://data.insideairbnb.com/united-states/ma/cambridge/2026-06-29/data/listings.csv.gz,7d8b7fe4202a934219ac7a143c6f7962f3ebb97e1d4b55542e9d8941b868931f
cape-town,2025-09-28,2025-09-29,ok,26877,False,False,False,https://data.insideairbnb.com/south-africa/wc/cape-town/2025-09-28/data/listings.csv.gz,05b36f48642875c2ed5572922fdbd729f997ccad0f578c8f72d645eb59a27d0f
cape-town,2025-12-29,2026-01-05,ok,23965,False,False,False,https://data.insideairbnb.com/south-africa/wc/cape-town/2025-12-29/data/listings.csv.gz,dd614004330aa1175542994cb74ff8f7bfe998af154416347f018d373f000cd9
cape-town,2026-03-30,2026-04-03,ok,21900,False,False,False,https://data.insideairbnb.com/south-africa/wc/cape-town/2026-03-30/data/listings.csv.gz,9acb093d4d7e339c13de868998fa07f9dd54110d704c79fba8c19efd09a0f719
cape-town,2026-06-29,2026-07-03,ok,27381,False,False,False,https://data.insideairbnb.com/south-africa/wc/cape-town/2026-06-29/data/listings.csv.gz,2dbbbc7a4ac85a9810f3480bfb49dafa5037d6b6f7364f57855c00a8d73f37fa
chicago,2025-03-11,2025-03-15,ok,8748,False,False,False,https://data.insideairbnb.com/united-states/il/chicago/2025-03-11/data/listings.csv.gz,0810492c9ece08d6c157a574b1820a82c5d8684db5292721cb97924630844b17
chicago,2025-06-17,2025-06-18,ok,8604,False,False,False,https://data.insideairbnb.com/united-states/il/chicago/2025-06-17/data/listings.csv.gz,3f457c50c0208ea93a76f998c8e442a4351282c2ec1116c871ba982309ada02a
chicago,2025-09-22,2025-09-24,ok,8660,False,False,False,https://data.insideairbnb.com/united-states/il/chicago/2025-09-22/data/listings.csv.gz,22a2718d68eba3d2e6644fb4e8e09cb465454bb1cac81b4e9be6b40b90acc345
chicago,2025-12-25,2026-01-05,ok,8884,False,False,False,https://data.insideairbnb.com/united-states/il/chicago/2025-12-25/data/listings.csv.gz,81770ef90c4bce7de6a80d02965b5c3756fb4b2893c4706d5ee81b17eb0782d2
chicago,2026-01-20,2026-01-20,ok,8817,False,False,False,https://data.insideairbnb.com/united-states/il/chicago/2026-01-20/data/listings.csv.gz,e6428d02b92ac1dc219bffd70a7a1cdac5f1394e852d4f7e8595d682691e7e78
chicago,2026-02-25,2026-02-25,ok,7821,False,False,False,https://data.insideairbnb.com/united-states/il/chicago/2026-02-25/data/listings.csv.gz,d4128a385bc9446be2aca48d6c65e4df48f6b9baedb219522a71d00d52fda742
chicago,2026-03-27,2026-03-27,ok,5153,True,False,True,https://data.insideairbnb.com/united-states/il/chicago/2026-03-27/data/listings.csv.gz,4bd1ebd0d284ea67d120c21b788b549e37c22c92c6f0c81a3b5b0e62d1fa9e69
chicago,2026-04-24,2026-04-25,ok,5116,True,False,True,https://data.insideairbnb.com/united-states/il/chicago/2026-04-24/data/listings.csv.gz,dd0ee5470e71eb754467c90b23c501b6f1419b083d8fd90f68916e72bfc94c98
chicago,2026-05-26,2026-06-06,ok,8408,False,False,False,https://data.insideairbnb.com/united-states/il/chicago/2026-05-26/data/listings.csv.gz,6ebf3ed3f56e26b076f0990256149d9476b790a9c6ccbacb8cc06de9a470f6a7
chicago,2026-06-24,2026-07-03,ok,8660,False,False,False,https://data.insideairbnb.com/united-states/il/chicago/2026-06-24/data/listings.csv.gz,8f0e61e8eef19a0af6a9337cf72442375e390b32784fa4f32b4f9c14c9cc9f69
chicago,2026-07-20,2026-07-21,ok,8698,False,False,False,https://data.insideairbnb.com/united-states/il/chicago/2026-07-20/data/listings.csv.gz,30894ca4a27d31ef4025b10e00659c579e844c59ce82fad3752b69dae2c2f35d
chicago,2026-08-27,2026-08-30,ok,8778,False,False,False,https://data.insideairbnb.com/united-states/il/chicago/2026-08-27/data/listings.csv.gz,76ae8416baa9285af75de0656c73bdf66382d3f69a33879280ae5c7f4f9e0456
clark-county-nv,2025-09-23,2025-09-24,ok,17624,False,False,False,https://data.insideairbnb.com/united-states/nv/clark-county-nv/2025-09-23/data/listings.csv.gz,bfcac89b77f28d9cde54bab5cd3872dd9d435fb7d508ea709b6246ac5cbae13d
clark-county-nv,2025-12-27,2026-01-05,ok,17845,False,False,False,https://data.insideairbnb.com/united-states/nv/clark-county-nv/2025-12-27/data/listings.csv.gz,4e7549d86717943a8fe001b461ad214c0770e7f58719ecd3eb1c78c9860dc772
clark-county-nv,2026-03-28,2026-03-28,ok,9049,False,True,True,https://data.insideairbnb.com/united-states/nv/clark-county-nv/2026-03-28/data/listings.csv.gz,3abc34a6b60695331b8e33299f882cbfa836c37ce7b23425f7c30550ea15ad2b
clark-county-nv,2026-06-27,2026-07-03,ok,20234,False,False,False,https://data.insideairbnb.com/united-states/nv/clark-county-nv/2026-06-27/data/listings.csv.gz,447347e406a992d49d63704daf71539bf87823ac29ff29e9fd42ff81af242307
columbus,2025-09-26,2025-09-26,ok,2877,False,False,False,https://data.insideairbnb.com/united-states/oh/columbus/2025-09-26/data/listings.csv.gz,da71a7b211c948be5b26d938f40bc658a857eb1076fd1ad4c080291fdc4f4513
columbus,2025-12-28,2026-01-05,ok,2949,False,False,False,https://data.insideairbnb.com/united-states/oh/columbus/2025-12-28/data/listings.csv.gz,e0b8196887001f1ee7fcab5bd8d7e37ced7f42906e7786c9a18262d48031caa9
columbus,2026-03-30,2026-03-30,ok,1717,False,False,False,https://data.insideairbnb.com/united-states/oh/columbus/2026-03-30/data/listings.csv.gz,4e5476e0f57036a1e6bc5ab4d11d8d7b6c56a8828601b63bd8bec62059f257a1
columbus,2026-06-29,2026-07-02,ok,2959,False,False,False,https://data.insideairbnb.com/united-states/oh/columbus/2026-06-29/data/listings.csv.gz,f1eec23a946f953e1df3ee77f7a92276396c1961cba5dbdc2fc54e495d049e32
copenhagen,2025-09-29,2025-09-30,ok,22994,False,False,False,https://data.insideairbnb.com/denmark/hovedstaden/copenhagen/2025-09-29/data/listings.csv.gz,6d76ebbf54d45a583b205f09401de34856ff1e41087ff34d01655af8835c5bb3
copenhagen,2025-12-30,2026-01-05,ok,12926,False,False,False,https://data.insideairbnb.com/denmark/hovedstaden/copenhagen/2025-12-30/data/listings.csv.gz,1a325b0fd41e467bfb633370d4a1d9811aafa3ceca67b3551ddd65ce21c5684c
copenhagen,2026-03-30,2026-04-02,ok,10965,False,True,True,https://data.insideairbnb.com/denmark/hovedstaden/copenhagen/2026-03-30/data/listings.csv.gz,da47543b2cd57b62936256185660835ec50261b4b0d1cc36cfb794e81da555a0
copenhagen,2026-06-30,2026-07-04,ok,23144,False,False,False,https://data.insideairbnb.com/denmark/hovedstaden/copenhagen/2026-06-30/data/listings.csv.gz,d0c81b5c30c0fa48ca2e77005d6e8418c6f491ee4af8dbac881ff7f5fd01ff71
crete,2025-09-28,2025-09-29,ok,27582,False,False,False,https://data.insideairbnb.com/greece/crete/crete/2025-09-28/data/listings.csv.gz,ee92b2ba5200556eddf1bef4e4766a46e9fd50fbcdc50f096d98d46ec68b7b5a
crete,2025-12-29,2026-01-05,ok,26225,False,False,False,https://data.insideairbnb.com/greece/crete/crete/2025-12-29/data/listings.csv.gz,d4e5b3bb91abf18679f8c632f4d2e08c6f1c5a0320c57ff10bd86f801239209c
crete,2026-03-30,2026-04-03,ok,23205,False,False,False,https://data.insideairbnb.com/greece/crete/crete/2026-03-30/data/listings.csv.gz,e8b7066cd204b3b3f171967fd9aa2ff032e44d67e7228e28c6321b7dbbdfddeb
crete,2026-06-29,2026-07-03,ok,27333,False,False,False,https://data.insideairbnb.com/greece/crete/crete/2026-06-29/data/listings.csv.gz,9db4271217f8fb929516a1a5d06c07d71f2710b9be877d55454da6025497cb2b
dallas,2025-09-21,2025-09-21,ok,5826,False,False,False,https://data.insideairbnb.com/united-states/tx/dallas/2025-09-21/data/listings.csv.gz,1cdec844af9e35cca7bc5f6536caf3728923a4e3c0b2d48b7a87f6198310d33b
dallas,2025-10-24,2025-10-25,ok,5354,False,False,False,https://data.insideairbnb.com/united-states/tx/dallas/2025-10-24/data/listings.csv.gz,a239c123ef1c043034e5c7cf1e1de78ed5b21a7f5940991eaa6ed56c8a332d8f
dallas,2025-11-23,2025-11-24,ok,5824,False,False,False,https://data.insideairbnb.com/united-states/tx/dallas/2025-11-23/data/listings.csv.gz,5afdb5de40bb65bb0844c2c12370a2b9e81e456d8ed31b100af5b574132bf6c3
dallas,2025-12-25,2026-01-05,ok,5786,False,False,False,https://data.insideairbnb.com/united-states/tx/dallas/2025-12-25/data/listings.csv.gz,52b3f998ce70d2207dadf62b76c02bfe463e4275ddd99d8ff65063a96dd88939
dallas,2026-01-20,2026-01-20,ok,5773,False,False,False,https://data.insideairbnb.com/united-states/tx/dallas/2026-01-20/data/listings.csv.gz,b211fbe252522b505632673ce651d428f88b4b0c29875336df394396a46759e6
dallas,2026-02-25,2026-02-25,ok,5317,False,False,False,https://data.insideairbnb.com/united-states/tx/dallas/2026-02-25/data/listings.csv.gz,3ff46190b9fe06b7706e2c85b23fafa886212d7e1f0946ae2e2bab1813413f83
dallas,2026-03-26,2026-03-29,ok,5832,False,False,False,https://data.insideairbnb.com/united-states/tx/dallas/2026-03-26/data/listings.csv.gz,16fb905dfe307f2dbee5ea170e3299d20f8a43c14dfa911c9f5a4bbeeb5d7e67
dallas,2026-04-24,2026-04-25,ok,4715,False,False,False,https://data.insideairbnb.com/united-states/tx/dallas/2026-04-24/data/listings.csv.gz,842e3c42f820bc45868f314066a438d51b67b8083cb867dd3ad0daf20436b0ec
dallas,2026-05-26,2026-06-04,ok,6211,False,False,False,https://data.insideairbnb.com/united-states/tx/dallas/2026-05-26/data/listings.csv.gz,82a882b8b776201c4a207e8d77488a011b61ae098ed544b58b2b21bf1deb7999
dallas,2026-06-15,2026-07-06,ok,6564,False,False,False,https://data.insideairbnb.com/united-states/tx/dallas/2026-06-15/data/listings.csv.gz,373ab8841cb6dbc80e20be5a2040b58db8cb4f3b1ed179c348e54e087f51572f
dallas,2026-07-20,2026-07-21,ok,6509,False,False,False,https://data.insideairbnb.com/united-states/tx/dallas/2026-07-20/data/listings.csv.gz,9c27f46ee29f72197e8049aee18fc412a764e23bf131e6e22675258b5e0764d9
denver,2025-09-29,2025-09-30,ok,4910,False,False,False,https://data.insideairbnb.com/united-states/co/denver/2025-09-29/data/listings.csv.gz,2a50d423f53b9899543e50ce4666b7a984159b5e75c2fda60cb8d675a1f869be
denver,2025-12-30,2026-01-05,ok,4260,False,False,False,https://data.insideairbnb.com/united-states/co/denver/2025-12-30/data/listings.csv.gz,8fdb52cb8572d69f4f880e59c47b7550c2fc02847200f7fcd8ff5b0f43c69222
denver,2026-03-31,2026-04-02,ok,2159,False,True,True,https://data.insideairbnb.com/united-states/co/denver/2026-03-31/data/listings.csv.gz,fc24761c3f5933a1487217a6af32c082fa50e315f06c0326393bd606d7229b28
denver,2026-06-30,2026-07-02,ok,4939,False,False,False,https://data.insideairbnb.com/united-states/co/denver/2026-06-30/data/listings.csv.gz,215edeed59c296b80971fad007d3dedb4f28cd532706fcd662713985b7c1c37f
dublin,2025-09-16,2025-09-16,ok,6945,False,False,False,https://data.insideairbnb.com/ireland/leinster/dublin/2025-09-16/data/listings.csv.gz,588afdb80c9a7291df7c50955355dfc901d3637414b994cefb8660e607b2b820
dublin,2025-12-16,2025-12-16,ok,6834,False,False,False,https://data.insideairbnb.com/ireland/leinster/dublin/2025-12-16/data/listings.csv.gz,e546f5f72119b96fb81950b546784d206143371b8d4a2ce20dbb9efdcb2ed7cc
dublin,2026-03-25,2026-03-25,ok,4086,False,False,False,https://data.insideairbnb.com/ireland/leinster/dublin/2026-03-25/data/listings.csv.gz,57ad5b9feac60bd5d86108a2616586a573579ca10f0930e67f7436c61da75739
dublin,2026-06-21,2026-07-02,ok,6966,False,False,False,https://data.insideairbnb.com/ireland/leinster/dublin/2026-06-21/data/listings.csv.gz,2b20c4219fce54f5385338c8a2143611bfeccce748bf74180f294399b6b1f5c2
edinburgh,2025-09-21,2025-09-21,ok,4936,False,False,False,https://data.insideairbnb.com/united-kingdom/scotland/edinburgh/2025-09-21/data/listings.csv.gz,b53785c82f58d7bd62d8ef8b97758a4465296ba327074de2cba9e3e5a61166a0
edinburgh,2025-12-25,2026-01-05,ok,5413,False,False,False,https://data.insideairbnb.com/united-kingdom/scotland/edinburgh/2025-12-25/data/listings.csv.gz,1de3bdd7256db50a9c0a8ebc55bafaffbf6ceba1261c3ee0dc5455bd79d0e494
edinburgh,2026-03-26,2026-03-27,ok,4318,False,False,False,https://data.insideairbnb.com/united-kingdom/scotland/edinburgh/2026-03-26/data/listings.csv.gz,da8139a552a4c462491202107537bcca21c8fd256f312623a244a509e1ff288b
edinburgh,2026-06-23,2026-07-02,ok,6244,False,False,False,https://data.insideairbnb.com/united-kingdom/scotland/edinburgh/2026-06-23/data/listings.csv.gz,a3eabdf3810850c4f93226e4bd642fd5bf99964694b537c3080b2077e11dd695
euskadi,2025-09-29,2025-09-30,ok,6334,False,False,False,https://data.insideairbnb.com/spain/pv/euskadi/2025-09-29/data/listings.csv.gz,ec22868a7c7633ec45c75fc1bae8787182af783c8647e51ac76b6aa79ece16df
euskadi,2025-12-31,2026-01-05,ok,5460,False,False,False,https://data.insideairbnb.com/spain/pv/euskadi/2025-12-31/data/listings.csv.gz,3d9d4f1e993896d3834dd5edb73bc42fee619aa1239e732149fdb399491fb94b
euskadi,2026-03-31,2026-04-06,ok,5111,False,False,False,https://data.insideairbnb.com/spain/pv/euskadi/2026-03-31/data/listings.csv.gz,d2a18921a19f3023330c4b73b96c4075e1630029d13fc98b2083ab2d27872dd1
euskadi,2026-06-30,2026-07-03,ok,6248,False,False,False,https://data.insideairbnb.com/spain/pv/euskadi/2026-06-30/data/listings.csv.gz,395ae96d285b972e22326302c943f330232ca288bddb6c28bd8355c34ff68935
florence,2025-09-22,2025-09-24,ok,13266,False,False,False,https://data.insideairbnb.com/italy/toscana/florence/2025-09-22/data/listings.csv.gz,2755b7276ce0e11f43177884e86adbbf89b539a6f0a124f3e3ad2cb8c13c9ec8
florence,2025-12-26,2026-01-05,ok,13327,False,False,False,https://data.insideairbnb.com/italy/toscana/florence/2025-12-26/data/listings.csv.gz,d0ddbf352207c46c8e16da82a0dcc5408562b3fe85f105dea57992be13cd4164
florence,2026-03-27,2026-03-27,ok,10709,False,False,False,https://data.insideairbnb.com/italy/toscana/florence/2026-03-27/data/listings.csv.gz,b4e08b0dc225103efddda35e7fad48dfbe9bdd84fe872e6b6809dda7b1dd4266
florence,2026-06-26,2026-07-03,ok,13472,False,False,False,https://data.insideairbnb.com/italy/toscana/florence/2026-06-26/data/listings.csv.gz,ea0b24aaaedeaf33b2b021e65323e3484508e39e89c65b49ab544ff8e68af63a
fort-worth,2025-09-16,2025-09-16,ok,2081,False,False,False,https://data.insideairbnb.com/united-states/tx/fort-worth/2025-09-16/data/listings.csv.gz,670bb891376de3d02a669394a14c0f9ffe3d901b882be531ba7d6154c05c0174
fort-worth,2025-12-16,2025-12-16,ok,2094,False,False,False,https://data.insideairbnb.com/united-states/tx/fort-worth/2025-12-16/data/listings.csv.gz,f96af0ab09396e04f72b761946bb9539f15d151ed5f0df1ddebf5c51638ec4db
fort-worth,2026-03-24,2026-03-25,ok,1387,False,False,False,https://data.insideairbnb.com/united-states/tx/fort-worth/2026-03-24/data/listings.csv.gz,747cb1b302257660f1976de5eb2dbd692708cb412fa670ec831256a2dd0f11db
fort-worth,2026-06-21,2026-07-01,ok,2414,False,False,False,https://data.insideairbnb.com/united-states/tx/fort-worth/2026-06-21/data/listings.csv.gz,a80b54b107425c6bf8ebaad18cecb574349f9ebd2186b1976b3ca60e22218c4a
geneva,2025-09-28,2025-09-28,ok,2719,False,False,False,https://data.insideairbnb.com/switzerland/geneva/geneva/2025-09-28/data/listings.csv.gz,88f3df84c10684f02fcd326e271909909c68da698a834317b6a9126558cae639
geneva,2025-12-29,2026-01-05,ok,2764,False,False,False,https://data.insideairbnb.com/switzerland/geneva/geneva/2025-12-29/data/listings.csv.gz,5cc6a06beb293e078590b3e22fe172ede236b57e6b10b3cb99c9e4d17388eb9f
geneva,2026-03-30,2026-04-06,ok,1684,False,False,False,https://data.insideairbnb.com/switzerland/geneva/geneva/2026-03-30/data/listings.csv.gz,39450a87f1fcb5eadbe69fa4c3f7588d5c5cc786f30b0edba69ae83ae6f05e80
geneva,2026-06-29,2026-07-03,ok,2593,False,False,False,https://data.insideairbnb.com/switzerland/geneva/geneva/2026-06-29/data/listings.csv.gz,da6b3351a977e63adc5356d155be57d819f6ce234ef709f1df2c7a382c7da386
ghent,2025-09-26,2025-09-26,ok,1392,False,False,False,https://data.insideairbnb.com/belgium/vlg/ghent/2025-09-26/data/listings.csv.gz,e4dbf2f05271ceaec1172b96d69fe8ef672bc47d1530480145d0c2645db6df35
ghent,2025-12-28,2025-12-29,ok,1208,False,False,False,https://data.insideairbnb.com/belgium/vlg/ghent/2025-12-28/data/listings.csv.gz,a1fb3fef3d5ca1e568d1865be00f9d32371f488fcf53e95d09caf893bb396929
ghent,2026-03-30,2026-03-30,ok,962,False,False,False,https://data.insideairbnb.com/belgium/vlg/ghent/2026-03-30/data/listings.csv.gz,dc78a74c59dfdc93d553748e20c951eab68da8187ced41be4794e658b6cccaf9
ghent,2026-06-29,2026-07-02,ok,1383,False,False,False,https://data.insideairbnb.com/belgium/vlg/ghent/2026-06-29/data/listings.csv.gz,e88e098cd3058b1ee7fb6ea39b06b83d270f78a36da443c83e6d19e71ca4d289
girona,2025-09-29,2025-09-30,ok,21060,False,False,False,https://data.insideairbnb.com/spain/catalonia/girona/2025-09-29/data/listings.csv.gz,e8f7dc3c385deaf33ef0ab37ed9383e3f942d3ddd45cca16b2f6ba0f4e7b5fad
girona,2025-12-31,2026-01-05,ok,17069,False,False,False,https://data.insideairbnb.com/spain/catalonia/girona/2025-12-31/data/listings.csv.gz,ac3572e033721b0ec1add49e244e00d783c6a81bb42c691993f2fbdc761abfb7
girona,2026-03-31,2026-04-02,ok,16834,False,False,False,https://data.insideairbnb.com/spain/catalonia/girona/2026-03-31/data/listings.csv.gz,7def03c71020df39c83bbf6dc39bc4a2d833870f086ac2c2d2f12b455aafb5fc
girona,2026-06-30,2026-07-03,ok,21257,False,False,False,https://data.insideairbnb.com/spain/catalonia/girona/2026-06-30/data/listings.csv.gz,73d31dfa63ebf9fa151c4dda75a85a149cbe628e896e17e253299d801335291f
greater-manchester,2025-09-26,2025-09-26,ok,7418,False,False,False,https://data.insideairbnb.com/united-kingdom/england/greater-manchester/2025-09-26/data/listings.csv.gz,e3f897d361a3f8109eb7e9c7c289a187289618012359b5ed9bbcbb8f1e27c972
greater-manchester,2025-12-28,2026-01-05,ok,7662,False,False,False,https://data.insideairbnb.com/united-kingdom/england/greater-manchester/2025-12-28/data/listings.csv.gz,75ca73d2149e6c3fa40298182aa09506536e0effdb3173f119fd82ef99493233
greater-manchester,2026-03-29,2026-03-30,ok,5855,False,False,False,https://data.insideairbnb.com/united-kingdom/england/greater-manchester/2026-03-29/data/listings.csv.gz,70555c1f7d465cd74f58dea9d7607235b3b180b3fc8d13d4870b80da9c01f051
greater-manchester,2026-06-28,2026-06-29,ok,6930,False,False,False,https://data.insideairbnb.com/united-kingdom/england/greater-manchester/2026-06-28/data/listings.csv.gz,979c31471f67ec5f6dbd1d94b298eb01f3708722cf102d94df2feef26d10334c
hawaii,2025-09-16,2025-09-17,ok,33457,False,False,False,https://data.insideairbnb.com/united-states/hi/hawaii/2025-09-16/data/listings.csv.gz,6f867eee2a0f7de5365a165345889c135cfe6f1d5b4c9e886ac51158add487d6
hawaii,2025-12-16,2026-01-05,ok,35834,False,False,False,https://data.insideairbnb.com/united-states/hi/hawaii/2025-12-16/data/listings.csv.gz,13c78a29e4f032fa47d3c20442e6428589b127e6e021c83f5b742f673c1d676c
hawaii,2026-03-25,2026-04-07,ok,29695,False,False,False,https://data.insideairbnb.com/united-states/hi/hawaii/2026-03-25/data/listings.csv.gz,b035f55fb46b310b3e7ab5e360a41639e438a29bde5cde50ccab7ea5aa0deee0
hawaii,2026-06-21,2026-07-02,ok,38156,False,False,False,https://data.insideairbnb.com/united-states/hi/hawaii/2026-06-21/data/listings.csv.gz,e71820e4b217bc2d2aad9e0cce6f8c8f026743f775d4196f3a77a7caba33534d
hong-kong,2025-09-23,2025-09-24,ok,6801,False,False,False,https://data.insideairbnb.com/china/hk/hong-kong/2025-09-23/data/listings.csv.gz,28275d79164a1ccfd8898ddfaaa4a30119e7c7442b1b71b07b079670c5b783b0
hong-kong,2025-12-27,2026-01-05,ok,6630,False,False,False,https://data.insideairbnb.com/china/hk/hong-kong/2025-12-27/data/listings.csv.gz,d08b661eb7dc6ff1f6e5c65bd8e1f8511cebfd2f28fdb369d62ab75845bc6a0f
hong-kong,2026-03-29,2026-03-29,ok,2115,False,True,True,https://data.insideairbnb.com/china/hk/hong-kong/2026-03-29/data/listings.csv.gz,62dc5a8aebbd5c94bb4cd34effee466b9fa52d3cf7025e4706d54e627679de81
hong-kong,2026-06-27,2026-07-03,ok,6734,False,False,False,https://data.insideairbnb.com/china/hk/hong-kong/2026-06-27/data/listings.csv.gz,026d98c09fdb5e7b73b42c7413f359621b6fc87c9163a0dd8fcf8cd1dd9588e1
ireland,2025-09-26,2025-09-27,ok,32665,False,False,False,https://data.insideairbnb.com/ireland/2025-09-26/data/listings.csv.gz,8c58cb527fd9b941143b1d6c5f83656f12fd3dfb55c59e89c3608cc4421ce80f
ireland,2025-12-14,2026-01-05,ok,32220,False,False,False,https://data.insideairbnb.com/ireland/2025-12-14/data/listings.csv.gz,6398e3b0f3437f0227ef7e44db59f464164b47279f14114f41769f063f8f814a
ireland,2026-03-21,2026-04-06,ok,25972,False,False,False,https://data.insideairbnb.com/ireland/2026-03-21/data/listings.csv.gz,a0813ca87070776a9a65ef38763f685e6e6049c9b77098680c6bd885e12a5c50
ireland,2026-06-21,2026-07-02,ok,32434,False,False,False,https://data.insideairbnb.com/ireland/2026-06-21/data/listings.csv.gz,3e939af0ea14c20e04a6a8c1e657e1de3504ac3eaedf39ab8aa980ea8f210b7b
istanbul,2025-09-29,2025-10-01,ok,30051,False,False,False,https://data.insideairbnb.com/turkey/marmara/istanbul/2025-09-29/data/listings.csv.gz,77c7e6560babe17e45a4a6c18599e405a4e15dd7081532ebb183d64cea745900
istanbul,2025-12-30,2026-01-05,ok,30465,False,False,False,https://data.insideairbnb.com/turkey/marmara/istanbul/2025-12-30/data/listings.csv.gz,45fc9436a715834d95cdd3ded6a991f113b16d1254b89423f0c279d03c6b96ff
istanbul,2026-03-31,2026-04-02,ok,14340,False,True,True,https://data.insideairbnb.com/turkey/marmara/istanbul/2026-03-31/data/listings.csv.gz,393811b8661a92013003ba6f30ad929998eaa01c6b9e999b3d1b5d832899d019
istanbul,2026-06-30,2026-07-03,ok,26631,False,False,False,https://data.insideairbnb.com/turkey/marmara/istanbul/2026-06-30/data/listings.csv.gz,496db43edf236a53737bfe2f0f868ad4f812ff5db0f61798dba7de4ee4769dff
jersey-city,2025-09-25,2025-09-26,ok,1829,False,False,False,https://data.insideairbnb.com/united-states/nj/jersey-city/2025-09-25/data/listings.csv.gz,1c018a3168b4f9cd275aaf6bd349139235a632e29ea015a38ee31ddac274a057
jersey-city,2025-12-28,2026-01-05,ok,2032,False,False,False,https://data.insideairbnb.com/united-states/nj/jersey-city/2025-12-28/data/listings.csv.gz,f044c689c074e075b136506092168a17ed5d74ce0c93858cf0eaf566ab9988a7
jersey-city,2026-03-29,2026-04-07,ok,1028,False,True,True,https://data.insideairbnb.com/united-states/nj/jersey-city/2026-03-29/data/listings.csv.gz,0d122cd9ec66a9906d04a72bccc714c4eb5181719ffd58a0827a2508200d4441
jersey-city,2026-06-27,2026-07-02,ok,2320,False,False,False,https://data.insideairbnb.com/united-states/nj/jersey-city/2026-06-27/data/listings.csv.gz,9d48073e30b0ed7309ed46fa05af1b31c25b8cf1caa3eb494627e2c33770e91b
lisbon,2025-09-21,2025-10-08,ok,25449,False,False,False,https://data.insideairbnb.com/portugal/lisbon/lisbon/2025-09-21/data/listings.csv.gz,15b9411c25c15e501c36e6f818b52244b3d1a22aca0ed94580cef93208e0dd34
lisbon,2025-12-25,2026-01-05,ok,25277,False,False,False,https://data.insideairbnb.com/portugal/lisbon/lisbon/2025-12-25/data/listings.csv.gz,6db21242e74a51b5538a1575c4ed1ed3568b9f6136835db9730307e1cbafa48d
lisbon,2026-03-26,2026-04-02,ok,24950,False,False,False,https://data.insideairbnb.com/portugal/lisbon/lisbon/2026-03-26/data/listings.csv.gz,db67ff6749960e2093564a18ab8cb30e7c53abae601969598ba6ed228678780e
lisbon,2026-06-23,2026-07-03,ok,24876,False,False,False,https://data.insideairbnb.com/portugal/lisbon/lisbon/2026-06-23/data/listings.csv.gz,1845748e8fd26473eb72874bb11110a6ad5d45d24c74c2cea480eb72ddde1bce
london,2025-09-14,2025-09-18,ok,96871,False,False,False,https://data.insideairbnb.com/united-kingdom/england/london/2025-09-14/data/listings.csv.gz,6de13f7e0febbe7fef99cac582b6961551dd0644393f947fe4c1ed41cd830231
london,2025-12-13,2026-01-05,ok,95688,False,False,False,https://data.insideairbnb.com/united-kingdom/england/london/2025-12-13/data/listings.csv.gz,4ce3a0c01c802bd91d31dc7e597a3136e8223d2004ca080f6606dcf9bd5cc541
london,2026-01-17,2026-01-20,ok,61139,True,False,True,https://data.insideairbnb.com/united-kingdom/england/london/2026-01-17/data/listings.csv.gz,ec3dd9ff9f98f7f921fe2361297500c902b1b714a2649e2c6cf06f96076a4ed7
london,2026-02-18,2026-02-21,ok,60374,True,False,True,https://data.insideairbnb.com/united-kingdom/england/london/2026-02-18/data/listings.csv.gz,78ea1ae958671b64f6c3cc634781697ca89357a264b1c8e58250948de69f6fd2
london,2026-03-21,2026-04-02,ok,53639,True,False,True,https://data.insideairbnb.com/united-kingdom/england/london/2026-03-21/data/listings.csv.gz,c4d3b2cb290d1c0eb0e82f249bae0a17600572d62836933155bd9fb6b48f8247
london,2026-04-19,2026-04-22,ok,54538,True,False,True,https://data.insideairbnb.com/united-kingdom/england/london/2026-04-19/data/listings.csv.gz,bf5f8f172f77fa689197bbdda697d75c37620c217d26f37460ebac699f371301
london,2026-05-24,2026-06-06,ok,57073,True,False,True,https://data.insideairbnb.com/united-kingdom/england/london/2026-05-24/data/listings.csv.gz,c1b1218a28c584b7b7aa7f4d04f92f017837ab9606b58357c88bdcb1c61a10b6
london,2026-06-19,2026-07-01,ok,92638,False,False,False,https://data.insideairbnb.com/united-kingdom/england/london/2026-06-19/data/listings.csv.gz,f32fbf1bdd3a4fcdb58ffe901b4ac20d8614f77cd36f1e3bbd18523e6e2acabd
london,2026-07-16,2026-07-23,ok,91965,False,False,False,https://data.insideairbnb.com/united-kingdom/england/london/2026-07-16/data/listings.csv.gz,83440b5e30b07b955aae811e8fd7732521554b7f435a2ba76eebe35fd535eb2e
london,2026-08-18,2026-08-30,ok,92783,False,False,False,https://data.insideairbnb.com/united-kingdom/england/london/2026-08-18/data/listings.csv.gz,a86616837b1e65029afb951d0c1b828b97bb96b609efb07296d4c6fb9d644e2a
los-angeles,2025-03-01,2025-03-03,ok,45031,False,False,False,https://data.insideairbnb.com/united-states/ca/los-angeles/2025-03-01/data/listings.csv.gz,caf5d4e985552f9aa3d1dca3cfe8abd17c5ddc4ab32d51c9d4c595f4f4ff2213
los-angeles,2025-06-17,2025-06-18,ok,45421,False,False,False,https://data.insideairbnb.com/united-states/ca/los-angeles/2025-06-17/data/listings.csv.gz,96cd4f5ee1fbceeff40ddf5291e3e100e2cfa260be73e553cb7c1302868ab26c
los-angeles,2025-09-01,2025-09-03,ok,45886,False,False,False,https://data.insideairbnb.com/united-states/ca/los-angeles/2025-09-01/data/listings.csv.gz,ee8673930b70c6563f7ad42f90fa02595ee495bd0e9c2a6186ad310442cab024
los-angeles,2025-12-04,2025-12-11,ok,45585,False,False,False,https://data.insideairbnb.com/united-states/ca/los-angeles/2025-12-04/data/listings.csv.gz,3aedc602b42fb98932eac379dae13d2ac2992ee705667ff456be9bef69c0e60d
los-angeles,2026-01-15,2026-01-23,ok,45893,False,False,False,https://data.insideairbnb.com/united-states/ca/los-angeles/2026-01-15/data/listings.csv.gz,607bfa3012000f12fe506e7c064ec62c624f4bbc3bd18f43a6204ca7ce529d6a
los-angeles,2026-02-13,2026-02-15,ok,45906,False,False,False,https://data.insideairbnb.com/united-states/ca/los-angeles/2026-02-13/data/listings.csv.gz,16ace2b16650645e2cccf6564e920717ceb796e4bc2c7b727e449c20597acedf
los-angeles,2026-03-16,2026-03-18,ok,46088,False,False,False,https://data.insideairbnb.com/united-states/ca/los-angeles/2026-03-16/data/listings.csv.gz,ffdef08afe58b62e57cffb9da0f1daa97bf76e223fe98ce9e2022dd330976fc6
los-angeles,2026-04-14,2026-04-16,ok,45295,False,False,False,https://data.insideairbnb.com/united-states/ca/los-angeles/2026-04-14/data/listings.csv.gz,bd870f5b5e82c868b2bb3e89078a2c59cf862d3c33c15d933d7c172d3a60c250
los-angeles,2026-05-23,2026-06-05,ok,41946,False,False,False,https://data.insideairbnb.com/united-states/ca/los-angeles/2026-05-23/data/listings.csv.gz,e8f30029f58afbad67108842df93475c7cdb7cdf3dc5cfab6cc9d23425f78bbe
los-angeles,2026-06-15,2026-06-23,ok,43751,False,False,False,https://data.insideairbnb.com/united-states/ca/los-angeles/2026-06-15/data/listings.csv.gz,ebc99e8a5ff2f60cbd91323571c2bdf1f8c2c74fe3ac9669d7c9a24d2294dec5
los-angeles,2026-07-12,2026-07-14,ok,43805,False,False,False,https://data.insideairbnb.com/united-states/ca/los-angeles/2026-07-12/data/listings.csv.gz,0439bed591a50d40230dfb1b73a09172eb5822bfa45e210d080d078da3a29154
los-angeles,2026-08-10,2026-08-21,ok,43735,False,False,False,https://data.insideairbnb.com/united-states/ca/los-angeles/2026-08-10/data/listings.csv.gz,2414dcd366ab2e197e4bf7660fa27ffbe95de645201b89cb3a0bd9f6a995081d
lyon,2025-09-18,2025-09-18,ok,9647,False,False,False,https://data.insideairbnb.com/france/auvergne-rhone-alpes/lyon/2025-09-18/data/listings.csv.gz,9148cf96fe0df880a165e7744e5b99a374fe2d77de46addf3c45d90e0ac8b051
lyon,2025-12-22,2026-01-05,ok,9800,False,False,False,https://data.insideairbnb.com/france/auvergne-rhone-alpes/lyon/2025-12-22/data/listings.csv.gz,44231ddc21e4c644adf467b6237720b4d07d9f609930d10e630f0c58996f7eda
lyon,2026-03-25,2026-03-25,ok,4403,False,True,True,https://data.insideairbnb.com/france/auvergne-rhone-alpes/lyon/2026-03-25/data/listings.csv.gz,6686d15236ea9c5bfbf28e6771c6ee783a47f8f6630c5d95dffcdf216872a624
lyon,2026-06-22,2026-07-02,ok,9317,False,False,False,https://data.insideairbnb.com/france/auvergne-rhone-alpes/lyon/2026-06-22/data/listings.csv.gz,f70e6dbc415712bdfec893940479f13bbf33d296141fbb5f048a489260708165
madrid,2025-09-14,2025-09-15,ok,25000,False,False,False,https://data.insideairbnb.com/spain/comunidad-de-madrid/madrid/2025-09-14/data/listings.csv.gz,218e019511c2067d913602bb71877b8b6dab8e155c8c43e44ebb5da4a2e97f19
madrid,2025-12-14,2026-01-05,ok,24616,False,False,False,https://data.insideairbnb.com/spain/comunidad-de-madrid/madrid/2025-12-14/data/listings.csv.gz,7044e5eb1b1a646523149fc361b3bad6519d6ced742005871c04ad241a3148cf
madrid,2026-03-24,2026-04-07,ok,23002,False,False,False,https://data.insideairbnb.com/spain/comunidad-de-madrid/madrid/2026-03-24/data/listings.csv.gz,a9186447c246c9a567f153878102c46ca0224a6772d1d369cd8186bfabbdf631
madrid,2026-06-20,2026-07-02,ok,22708,False,False,False,https://data.insideairbnb.com/spain/comunidad-de-madrid/madrid/2026-06-20/data/listings.csv.gz,18e0f5c631759b6588503b513f21af6045fd883467a39b2d9903bc97d36bd9a9
malaga,2025-09-30,2025-09-30,ok,9714,False,False,False,https://data.insideairbnb.com/spain/andaluc%C3%ADa/malaga/2025-09-30/data/listings.csv.gz,9e893ee0c1a4cdfb0f16a34344395d3d852495ab867bf8332982c82084fc6256
malaga,2025-12-31,2026-01-05,ok,8811,False,False,False,https://data.insideairbnb.com/spain/andaluc%C3%ADa/malaga/2025-12-31/data/listings.csv.gz,d7df3c62b2197022b66df8ed6d800beec8f3228280bea3df19fcf7389987ae53
malaga,2026-03-31,2026-04-02,ok,8098,False,False,False,https://data.insideairbnb.com/spain/andaluc%C3%ADa/malaga/2026-03-31/data/listings.csv.gz,a6b84a8435c9907990291a2d827207ef3ca851ed5f493484fd93b197a57fe46d
malaga,2026-06-30,2026-07-03,ok,9568,False,False,False,https://data.insideairbnb.com/spain/andaluc%C3%ADa/malaga/2026-06-30/data/listings.csv.gz,12081d04662fd2b2033474e43a445804eb9dab536b859413204f0472d97b6d2a
mallorca,2025-09-21,2025-09-21,ok,15034,False,False,False,https://data.insideairbnb.com/spain/islas-baleares/mallorca/2025-09-21/data/listings.csv.gz,0a2f55bc381d3a5866723c4c0274d5c1f0d4d5c2c9d0276c51f7224a7202b90a
mallorca,2025-12-25,2026-01-05,ok,12927,False,False,False,https://data.insideairbnb.com/spain/islas-baleares/mallorca/2025-12-25/data/listings.csv.gz,86e171704c7e9da7fc52b61e8b478182e1e0353008bb03f5445ee34dec8b0a16
mallorca,2026-03-26,2026-04-07,ok,12478,False,False,False,https://data.insideairbnb.com/spain/islas-baleares/mallorca/2026-03-26/data/listings.csv.gz,c7483e2636a67eb4c3a9aa02ff44b9ef1c82161937c30e05a02acba4e84d68b5
mallorca,2026-06-23,2026-07-02,ok,14817,False,False,False,https://data.insideairbnb.com/spain/islas-baleares/mallorca/2026-06-23/data/listings.csv.gz,3b4d231a3d3eed646b7a4096c499b992781b81a96e1f3aab2114eff33f2dd1c7
malta,2025-09-26,2025-09-27,ok,12570,False,False,False,https://data.insideairbnb.com/malta/2025-09-26/data/listings.csv.gz,74212a45750a1dcf2ab7248cc2e59cbf5b2ef4788bdd9ec76608fb66824c7e89
malta,2025-12-28,2026-01-05,ok,11834,False,False,False,https://data.insideairbnb.com/malta/2025-12-28/data/listings.csv.gz,483f47e31916990be955ff0ff791157eb58174ab8ed9de61d98ef2deb2a4778e
malta,2026-03-30,2026-04-02,ok,11646,False,False,False,https://data.insideairbnb.com/malta/2026-03-30/data/listings.csv.gz,97bb700acdde7e68b4fe35e9e896b136ad94d0c812416f9f55bcdb7e25908670
malta,2026-06-28,2026-06-30,ok,13155,False,False,False,https://data.insideairbnb.com/malta/2026-06-28/data/listings.csv.gz,03f980b13a8d673f321245ba078c514eb654e38798678073852bdd20138cb69e
melbourne,2025-09-12,2025-09-12,ok,24491,False,False,False,https://data.insideairbnb.com/australia/vic/melbourne/2025-09-12/data/listings.csv.gz,e3fe31f94c2b991a5d6d9275f4e2e0faa7b61897371c282b3cc0e4dbbb2e0efb
melbourne,2025-12-12,2025-12-13,ok,26203,False,False,False,https://data.insideairbnb.com/australia/vic/melbourne/2025-12-12/data/listings.csv.gz,f8fb01445e9cd816019953dce0c2a45a3e19a1d4e8daadca1dc70bde06047a46
melbourne,2026-03-21,2026-03-21,ok,16674,False,False,False,https://data.insideairbnb.com/australia/vic/melbourne/2026-03-21/data/listings.csv.gz,76926c5e20f7c7a0ff890d7c957362d8692fb2e5132d0cbb5ca7e2f1a8ecdf15
melbourne,2026-06-16,2026-07-01,ok,25728,False,False,False,https://data.insideairbnb.com/australia/vic/melbourne/2026-06-16/data/listings.csv.gz,d164767f59dbf3b92115e2bb21f09746c8dc0745d5c8f3c883231f5c34f114e4
menorca,2025-09-30,2025-09-30,ok,3679,False,False,False,https://data.insideairbnb.com/spain/islas-baleares/menorca/2025-09-30/data/listings.csv.gz,d6e1de2cc040b9b30beb39672f99f795ee782bf825364bbdf4fd083e205c1b77
menorca,2025-12-31,2026-01-05,ok,2748,False,False,False,https://data.insideairbnb.com/spain/islas-baleares/menorca/2025-12-31/data/listings.csv.gz,10ea1a424b6189b1defb223584c3685ac56d3f12bf83ae1077753c4a5d9d7be3
menorca,2026-03-31,2026-04-02,ok,3048,False,False,False,https://data.insideairbnb.com/spain/islas-baleares/menorca/2026-03-31/data/listings.csv.gz,cbb231c784c222d6694b6ee1a9d7efad62281ce5ceca19c9c9822987d735a0bb
menorca,2026-06-30,2026-07-03,ok,3620,False,False,False,https://data.insideairbnb.com/spain/islas-baleares/menorca/2026-06-30/data/listings.csv.gz,1c6f4ea4e3d4e2775e157d1c2e64e4b27bae2def83d1a699a642b26d1fc45dd3
mexico-city,2025-06-25,2025-07-02,ok,26401,False,False,False,https://data.insideairbnb.com/mexico/df/mexico-city/2025-06-25/data/listings.csv.gz,7444e0868321c1950bd5a65f83131f88c12a4102c40570e4f6cab3e2bc4de2d1
mexico-city,2025-09-27,2025-09-28,ok,27051,False,False,False,https://data.insideairbnb.com/mexico/df/mexico-city/2025-09-27/data/listings.csv.gz,af74baa1264a4bb54ad674fc0becc45180afbc4a0ab6e56028ff62941565f78f
mexico-city,2025-12-29,2026-01-05,ok,23242,True,False,True,https://data.insideairbnb.com/mexico/df/mexico-city/2025-12-29/data/listings.csv.gz,b85b50db405e17f82fdf78a2a15a794c9558962f14fc5602254983f47f9e8935
mexico-city,2026-01-25,2026-01-26,ok,23783,True,False,True,https://data.insideairbnb.com/mexico/df/mexico-city/2026-01-25/data/listings.csv.gz,642dae648a728756f298e6882fb09e0eed428bf5a8e4efd8cadcc782eb41bf1c
mexico-city,2026-02-26,2026-02-28,ok,24045,True,False,True,https://data.insideairbnb.com/mexico/df/mexico-city/2026-02-26/data/listings.csv.gz,96318ec7aeb894be103f4cf9de9763daf205d10f6c9ba428222467544f39b71a
mexico-city,2026-03-30,2026-04-03,ok,22770,True,False,True,https://data.insideairbnb.com/mexico/df/mexico-city/2026-03-30/data/listings.csv.gz,7fbee068b020fb2597952fd1a0a06a884ec06b8846979b15a1deacffcd46d1be
mexico-city,2026-04-29,2026-05-01,ok,23597,True,False,True,https://data.insideairbnb.com/mexico/df/mexico-city/2026-04-29/data/listings.csv.gz,a552472e7f1920b3e50cb46159632b5aa441404a2f1d422c5e7ee21fb703e722
mexico-city,2026-05-29,2026-06-06,ok,27493,False,False,False,https://data.insideairbnb.com/mexico/df/mexico-city/2026-05-29/data/listings.csv.gz,f4748878f8a0c97a4847038fac7594168ac1264bc5035086dd57fa1841d786d7
mexico-city,2026-06-15,2026-07-06,ok,31430,False,False,False,https://data.insideairbnb.com/mexico/df/mexico-city/2026-06-15/data/listings.csv.gz,bbe24eee4a96cb41a157e8b3eed9420225ec9fb94137233d9c2f4ce6d64eebfe
mexico-city,2026-07-14,2026-07-15,ok,31244,False,False,False,https://data.insideairbnb.com/mexico/df/mexico-city/2026-07-14/data/listings.csv.gz,2f974b26f61b3709075b2347f02c1fe2404e5c84dc25a43344a34d4e43b80f25
mexico-city,2026-08-30,2026-09-03,ok,30621,False,False,False,https://data.insideairbnb.com/mexico/df/mexico-city/2026-08-30/data/listings.csv.gz,0fa8a7daf6a512d2aefd30005b098333171cf82e5f266f5f79ffa9fc7f896413
mid-north-coast,2025-09-14,2025-09-14,ok,5113,False,False,False,https://data.insideairbnb.com/australia/nsw/mid-north-coast/2025-09-14/data/listings.csv.gz,a20c6bda171a10a4e5729059e97f872a31683f5de695f9fae55510227aaa9b5d
mid-north-coast,2025-10-17,2025-10-17,ok,5160,False,False,False,https://data.insideairbnb.com/australia/nsw/mid-north-coast/2025-10-17/data/listings.csv.gz,a5d76c995b37a84b9523ecc18ae36acdfb68fd796a793f9a308952249da244c2
mid-north-coast,2025-11-12,2025-11-12,ok,5151,False,False,False,https://data.insideairbnb.com/australia/nsw/mid-north-coast/2025-11-12/data/listings.csv.gz,2a972fdcf1af87b4fa1a010c39764f69a867792e731fdcb2bcfb57d51eb21e7e
mid-north-coast,2025-12-13,2025-12-13,ok,5313,False,False,False,https://data.insideairbnb.com/australia/nsw/mid-north-coast/2025-12-13/data/listings.csv.gz,9d0b92fff4e01ae8694ea7d315aa008ecb75a3a25d556718260a12556efbc91c
mid-north-coast,2026-01-17,2026-01-17,ok,4927,False,False,False,https://data.insideairbnb.com/australia/nsw/mid-north-coast/2026-01-17/data/listings.csv.gz,b04fa48d3777dc15683311ff2f660adc8edebce85f7de7780c87b91f51b9ea69
mid-north-coast,2026-02-18,2026-02-18,ok,4892,False,False,False,https://data.insideairbnb.com/australia/nsw/mid-north-coast/2026-02-18/data/listings.csv.gz,7bc362e1d4abbf0ed9aecf931ea346c2c67b5e355683fa1fa42627bc20c8811c
mid-north-coast,2026-03-21,2026-03-21,ok,4502,False,False,False,https://data.insideairbnb.com/australia/nsw/mid-north-coast/2026-03-21/data/listings.csv.gz,84a5c58af0367d86d4048f175a66838aebf01438b9ef273634e50d0f2a802abf
mid-north-coast,2026-04-19,2026-04-19,ok,4563,False,False,False,https://data.insideairbnb.com/australia/nsw/mid-north-coast/2026-04-19/data/listings.csv.gz,eb42a911d93d48e97572f6b3fdbb6e18b42dfc45cf3e8457830ec38e28fed341
mid-north-coast,2026-05-24,2026-06-06,ok,4626,False,False,False,https://data.insideairbnb.com/australia/nsw/mid-north-coast/2026-05-24/data/listings.csv.gz,53baa7da9e80fe88d2bce63be5f6b4757158c98964baef6d11d94e8079e2683b
mid-north-coast,2026-06-19,2026-06-29,ok,5328,False,False,False,https://data.insideairbnb.com/australia/nsw/mid-north-coast/2026-06-19/data/listings.csv.gz,cb6d5f878bace75a23514bf38fdaa22716cebadd5f64b4cc41e4524c51cf612e
mid-north-coast,2026-07-16,2026-07-18,ok,5280,False,False,False,https://data.insideairbnb.com/australia/nsw/mid-north-coast/2026-07-16/data/listings.csv.gz,0d1e11c5563f786d3779801dd6b88647c5f080128769fe6a61b32230c5063aae
milan,2025-09-22,2025-09-24,ok,22933,False,False,False,https://data.insideairbnb.com/italy/lombardy/milan/2025-09-22/data/listings.csv.gz,f21bbddc473946b759d8ae5db2bb3c795bd722272cc7f85932f4e3787c047af5
milan,2025-12-26,2026-01-05,ok,24107,False,False,False,https://data.insideairbnb.com/italy/lombardy/milan/2025-12-26/data/listings.csv.gz,be487bd4c5b3d9d5f232a19b3e1f11e102dd1f819f3294371f2d7b915cb13cef
milan,2026-03-27,2026-03-27,ok,18835,False,False,False,https://data.insideairbnb.com/italy/lombardy/milan/2026-03-27/data/listings.csv.gz,44ee4fc06ac46bdcbf147a6fbfa3619354d0d4aa70b5301e5815fa9fe5fa338a
milan,2026-06-25,2026-07-03,ok,25750,False,False,False,https://data.insideairbnb.com/italy/lombardy/milan/2026-06-25/data/listings.csv.gz,85eedfb44856307715435dde86cb1f926685f1fb8f981db077e04b32e0448376
montreal,2025-09-18,2025-09-18,ok,9550,False,False,False,https://data.insideairbnb.com/canada/qc/montreal/2025-09-18/data/listings.csv.gz,e0b38e0df9bdc402bc475525cd7ad7fb75bad85a72d7541dc4461f04c5c49af4
montreal,2025-12-22,2026-01-05,ok,10041,False,False,False,https://data.insideairbnb.com/canada/qc/montreal/2025-12-22/data/listings.csv.gz,42a3428d849e27bcc0f17c5360c01d626adbf272ccc9fcb70e968a5ae5732078
montreal,2026-03-16,2026-03-17,ok,10206,False,False,False,https://data.insideairbnb.com/canada/qc/montreal/2026-03-16/data/listings.csv.gz,5744e407568483e41e035be46f376d3549333a351cb4e8643286b1276e66fd7c
montreal,2026-06-15,2026-06-23,ok,10656,False,False,False,https://data.insideairbnb.com/canada/qc/montreal/2026-06-15/data/listings.csv.gz,413f42dc60a8d778093bef340f161801d4d936c392e9aff9917946fc8260ad49
mornington-peninsula,2025-09-18,2025-09-18,ok,4529,False,False,False,https://data.insideairbnb.com/australia/vic/mornington-peninsula/2025-09-18/data/listings.csv.gz,20db484cad38027856300ed7cec59824d8044667b3a7c81c6e9b954b99f12929
mornington-peninsula,2025-12-22,2026-01-05,ok,4629,False,False,False,https://data.insideairbnb.com/australia/vic/mornington-peninsula/2025-12-22/data/listings.csv.gz,1081df2bb3594e849c01da40367e608fbbb10f67ad2021b43976dad54d8d3a31
mornington-peninsula,2026-03-25,2026-03-25,ok,3809,False,False,False,https://data.insideairbnb.com/australia/vic/mornington-peninsula/2026-03-25/data/listings.csv.gz,e03cf0617631f8a51a7832eded3d0730d52156e11950367c403f21b353dac5ca
mornington-peninsula,2026-06-22,2026-07-02,ok,4458,False,False,False,https://data.insideairbnb.com/australia/vic/mornington-peninsula/2026-06-22/data/listings.csv.gz,646bb8c39dcb1d9b33998a3d6ff75bc1a62f03ca32d36c30610529ac09f2fa4c
munich,2025-09-27,2025-09-27,ok,8274,False,False,False,https://data.insideairbnb.com/germany/bv/munich/2025-09-27/data/listings.csv.gz,1db51ebee946cb02118e94039cf204898126a56c050dab6bbd3309e24bb24460
munich,2025-12-29,2026-01-05,ok,4757,False,False,False,https://data.insideairbnb.com/germany/bv/munich/2025-12-29/data/listings.csv.gz,af20e7505288516e3fc2aa70e722c2e28803ffdc76ccd1c792c58e99aa4480e1
munich,2026-03-30,2026-04-02,ok,3569,False,True,True,https://data.insideairbnb.com/germany/bv/munich/2026-03-30/data/listings.csv.gz,6d376170bb1e02f149a05c2c6c1dba9f417016f24ca076a2b5c4faa083024872
munich,2026-06-29,2026-07-02,ok,6865,False,False,False,https://data.insideairbnb.com/germany/bv/munich/2026-06-29/data/listings.csv.gz,d93f1a896ab285d1b4534329e49084f5bb62d22b02aa9a4df9ef4b583d942488
naples,2025-09-22,2025-09-24,ok,10972,False,False,False,https://data.insideairbnb.com/italy/campania/naples/2025-09-22/data/listings.csv.gz,a05f961832e1188a6ab5d807a0ad89f60cde4ede171b68dfa21b226acafa1114
naples,2025-12-26,2026-01-05,ok,11273,False,False,False,https://data.insideairbnb.com/italy/campania/naples/2025-12-26/data/listings.csv.gz,66be8918509ce17ba0c9a685f0d2b677f9bf39c77a8ca43206e774d2e480c9c7
naples,2026-03-27,2026-03-27,ok,8610,False,False,False,https://data.insideairbnb.com/italy/campania/naples/2026-03-27/data/listings.csv.gz,5972749b79335864aa25bee493b673418cc3ce52810f5f5249b351458bcb8276
naples,2026-06-25,2026-07-03,ok,11575,False,False,False,https://data.insideairbnb.com/italy/campania/naples/2026-06-25/data/listings.csv.gz,24d16a5bbae6fd92d3a22f0a844092b0f9a0bdea9586ca6913c6b293347b32da
nashville,2024-09-18,2024-09-18,ok,9166,False,False,False,https://data.insideairbnb.com/united-states/tn/nashville/2024-09-18/data/listings.csv.gz,8fb943336698ca83d3aa9186c303c5877d190b7b8aab40b896649fb21f5b041b
nashville,2024-12-21,2024-12-21,ok,9406,False,False,False,https://data.insideairbnb.com/united-states/tn/nashville/2024-12-21/data/listings.csv.gz,46db5cece641d6bf7714bd7d9b0f78366603a15c6ed32c16634bd0f9cc9e967f
nashville,2025-03-15,2025-03-16,ok,9585,False,False,False,https://data.insideairbnb.com/united-states/tn/nashville/2025-03-15/data/listings.csv.gz,e0e91dac965e6f1d189f5b5f9141cceb3623f0427a4ad388a5a3a8aca560dac4
nashville,2025-06-19,2025-06-19,ok,9698,False,False,False,https://data.insideairbnb.com/united-states/tn/nashville/2025-06-19/data/listings.csv.gz,2220cab93deafb9ac344aed144a4c24581ac0feb209144bbb39f10a01b48fd38
nashville,2025-09-23,2025-09-24,ok,9443,False,False,False,https://data.insideairbnb.com/united-states/tn/nashville/2025-09-23/data/listings.csv.gz,ee4b83816a465be3df5b645ca510c38aba3ad9bab17e275c3377488a54c07e32
nashville,2025-12-27,2026-01-05,ok,6594,True,False,True,https://data.insideairbnb.com/united-states/tn/nashville/2025-12-27/data/listings.csv.gz,c87fb838e3055c70d52f9efbcd150950045862e1ba4fe402225c375912e7a3ba
nashville,2026-01-22,2026-01-22,ok,6647,True,False,True,https://data.insideairbnb.com/united-states/tn/nashville/2026-01-22/data/listings.csv.gz,cf0fe0392960e5a4f54c5907a720347669dba576a47043729b9323e886f4dc30
nashville,2026-02-25,2026-02-26,ok,6629,True,False,True,https://data.insideairbnb.com/united-states/tn/nashville/2026-02-25/data/listings.csv.gz,888f3a1642c541b4e19ffc323d3410f26c3200f633e5a75c49f921018c66bf0f
nashville,2026-03-28,2026-03-28,ok,6030,True,False,True,https://data.insideairbnb.com/united-states/tn/nashville/2026-03-28/data/listings.csv.gz,4189ce486735d65c5b7db2d96532438baf923bb8324e39774972d0c72cc5424a
nashville,2026-04-25,2026-04-26,ok,5997,True,False,True,https://data.insideairbnb.com/united-states/tn/nashville/2026-04-25/data/listings.csv.gz,e31aa2992ee98f66133bc9a716b8c6e859d0becf1552538ef0ce71344f38b981
nashville,2026-05-26,2026-06-06,ok,8101,True,False,True,https://data.insideairbnb.com/united-states/tn/nashville/2026-05-26/data/listings.csv.gz,94f457d973a7efc379f1c0a379cb1e82af9bf545186ea7af036fc6414466faa8
nashville,2026-06-26,2026-07-03,ok,10242,False,False,False,https://data.insideairbnb.com/united-states/tn/nashville/2026-06-26/data/listings.csv.gz,3371fda770bae5e262218535c2db2393bf2b757e488cc6b0b4de07d797a169e4
nashville,2026-07-21,2026-07-21,ok,10173,False,False,False,https://data.insideairbnb.com/united-states/tn/nashville/2026-07-21/data/listings.csv.gz,e47cc97c8c3fe65c433733d1ef1a753a96d17db6ee7e2347f4b5a303198b2480
nashville,2026-08-27,2026-08-30,ok,10164,False,False,False,https://data.insideairbnb.com/united-states/tn/nashville/2026-08-27/data/listings.csv.gz,0b8ad07386181b3133231a07832d52988acd9dc3786354ddff3994c5737ca781
new-brunswick,2025-09-29,2025-09-29,ok,4207,False,False,False,https://data.insideairbnb.com/canada/nb/new-brunswick/2025-09-29/data/listings.csv.gz,0e8b87e3f8798741429afa87b46423be63ff7d366781c9b7531087a390c70930
new-brunswick,2025-12-29,2026-01-05,ok,3566,False,False,False,https://data.insideairbnb.com/canada/nb/new-brunswick/2025-12-29/data/listings.csv.gz,c60504b6e83daaa442801f4f972350d169433bef8a854a6d3536c6427a5d0673
new-brunswick,2026-03-30,2026-04-02,ok,3678,False,False,False,https://data.insideairbnb.com/canada/nb/new-brunswick/2026-03-30/data/listings.csv.gz,ed32a0f068e27738d63ba0279898473cc071d7cdedba79339b690ae5d08968f0
new-brunswick,2026-06-30,2026-07-03,ok,4620,False,False,False,https://data.insideairbnb.com/canada/nb/new-brunswick/2026-06-30/data/listings.csv.gz,91b9bdf5ded68d7e8c6ac8b7794e2caf582c962e3a9fa32c6f9a529415b53880
new-orleans,2025-06-09,2025-06-17,ok,7522,False,False,False,https://data.insideairbnb.com/united-states/la/new-orleans/2025-06-09/data/listings.csv.gz,8165eb60e0a0618f50502fa164ca6910c09fabe01dd71807222c1805edac2940
new-orleans,2025-09-11,2025-09-11,ok,7444,False,False,False,https://data.insideairbnb.com/united-states/la/new-orleans/2025-09-11/data/listings.csv.gz,c3fb728312a94f5de58127cc1490d1018a805d547e7d6239a74b363f1e25cf4f
new-orleans,2025-12-12,2025-12-12,ok,7278,False,False,False,https://data.insideairbnb.com/united-states/la/new-orleans/2025-12-12/data/listings.csv.gz,8f0e61479b87db7544c83fb89fb49b5a63e3700b0c7967f4c0b658f369e8e069
new-orleans,2026-01-16,2026-01-16,ok,6160,False,False,False,https://data.insideairbnb.com/united-states/la/new-orleans/2026-01-16/data/listings.csv.gz,a447e9b1993c2b6e4ec860fa2ed82bd0ef2239f4d732ac79eb52586d4d53d06b
new-orleans,2026-02-17,2026-02-17,ok,6493,False,False,False,https://data.insideairbnb.com/united-states/la/new-orleans/2026-02-17/data/listings.csv.gz,11306f5bc75d6b460ee9be22af6bbe9341902b493a726b032bbf11b2e5f706b3
new-orleans,2026-03-19,2026-03-19,ok,6218,False,False,False,https://data.insideairbnb.com/united-states/la/new-orleans/2026-03-19/data/listings.csv.gz,d2f5201b7396f2284e1ade18d427e24e8e71025d1f8b9a67ab821fd8795764ef
new-orleans,2026-04-18,2026-04-18,ok,3769,True,False,True,https://data.insideairbnb.com/united-states/la/new-orleans/2026-04-18/data/listings.csv.gz,50ab39c948ac6fa6094a1171bb34243b9d6ea6d2ed91db052e515dec5961b397
new-orleans,2026-05-23,2026-06-03,ok,6314,False,False,False,https://data.insideairbnb.com/united-states/la/new-orleans/2026-05-23/data/listings.csv.gz,f959ced89184f36884259902ac196158edfdee7574e3a629ddefc9f4395ac313
new-orleans,2026-06-16,2026-06-25,ok,7189,False,False,False,https://data.insideairbnb.com/united-states/la/new-orleans/2026-06-16/data/listings.csv.gz,b608bedbebd1ba444c4296570de19e7e7cf50fbc90130d57e279177af5422b56
new-orleans,2026-07-15,2026-07-15,ok,7205,False,False,False,https://data.insideairbnb.com/united-states/la/new-orleans/2026-07-15/data/listings.csv.gz,343806c4c9d9b2a2ee318d682ac0ba07ebcf654731bba4b4992bd9dc4e0d75ce
new-orleans,2026-08-15,2026-08-27,ok,7303,False,False,False,https://data.insideairbnb.com/united-states/la/new-orleans/2026-08-15/data/listings.csv.gz,c029e69b94867586d4816402324bf38c67c2eb1ab3dd3e95a3663c384a213c0a
new-york-city,2025-09-01,2025-09-03,ok,36178,False,False,False,https://data.insideairbnb.com/united-states/ny/new-york-city/2025-09-01/data/listings.csv.gz,6e776ec9ab81e15e4acbb3bf52d4191b31bc43bab8dd4e2f426f072597d75db6
new-york-city,2025-10-01,2025-10-02,ok,36111,False,False,False,https://data.insideairbnb.com/united-states/ny/new-york-city/2025-10-01/data/listings.csv.gz,a50efc7b11ef0a0786e38787ae2d4f47af1009943a1049503b676cc4b770fcbd
new-york-city,2025-11-01,2025-11-07,ok,36353,False,False,False,https://data.insideairbnb.com/united-states/ny/new-york-city/2025-11-01/data/listings.csv.gz,29d6458f6fd09fdd142e471d13b90cb1e15393ef4f73338c8e184d8d69d89caa
new-york-city,2025-12-04,2025-12-11,ok,36261,False,False,False,https://data.insideairbnb.com/united-states/ny/new-york-city/2025-12-04/data/listings.csv.gz,bc9d89511d5b67ea5ba3caf5c4580af7857712679dbe72130e635c738610f835
new-york-city,2026-01-15,2026-01-16,ok,36282,False,False,False,https://data.insideairbnb.com/united-states/ny/new-york-city/2026-01-15/data/listings.csv.gz,3ed2484fa1667c65391bff2c4c5e9b955762f91b49ef2d00286f7b9bab91347a
new-york-city,2026-02-13,2026-02-14,ok,36445,False,False,False,https://data.insideairbnb.com/united-states/ny/new-york-city/2026-02-13/data/listings.csv.gz,b86faa9af72c2a99aa7d2af1388d8e8a8d13c401039202b333e6d0f6d26f9961
new-york-city,2026-03-16,2026-03-17,ok,35979,False,False,False,https://data.insideairbnb.com/united-states/ny/new-york-city/2026-03-16/data/listings.csv.gz,13b4f036bff80bcf6df26d732b3f96059827022110e09bdb6696ac3c6581baad
new-york-city,2026-04-14,2026-04-16,ok,35036,False,False,False,https://data.insideairbnb.com/united-states/ny/new-york-city/2026-04-14/data/listings.csv.gz,a20762611b049730f870551d4a6361083a05b848fdcccaaeea5d28f549711801
new-york-city,2026-05-14,2026-05-15,ok,28994,True,False,True,https://data.insideairbnb.com/united-states/ny/new-york-city/2026-05-14/data/listings.csv.gz,d86d63ebbb738e3625d9778da76002d4a184e18c82844a5b4ac95e66617fde06
new-york-city,2026-06-08,2026-06-09,ok,4506,True,True,True,https://data.insideairbnb.com/united-states/ny/new-york-city/2026-06-08/data/listings.csv.gz,5797fad3bd20d868bf536fc6d3c8c8ffe0e10371cde699a532d7378ffdaf3144
new-york-city,2026-06-14,2026-06-23,ok,30259,False,False,False,https://data.insideairbnb.com/united-states/ny/new-york-city/2026-06-14/data/listings.csv.gz,10eb56b21ec71a838b30ef47b836f3d375269baeed5ff9e5c35ff3c6a98d3ca7
new-york-city,2026-07-12,2026-07-13,ok,30096,False,False,False,https://data.insideairbnb.com/united-states/ny/new-york-city/2026-07-12/data/listings.csv.gz,91951b8051b9f5a89984c6001c9e0108ca3d58d8a7d18793bbf909058ef37834
new-york-city,2026-08-10,2026-08-21,ok,30234,False,False,False,https://data.insideairbnb.com/united-states/ny/new-york-city/2026-08-10/data/listings.csv.gz,327fd97a1daca2cb2f7a62d03509f1ea837b77fcb0b4cd606791c199eb0389d3
new-zealand,2025-09-06,2025-09-23,ok,47097,False,False,False,https://data.insideairbnb.com/new-zealand/2025-09-06/data/listings.csv.gz,d3570f86864ac12dea0db77b17e0d0074e4926b25952b32265dfbf2c08e15465
new-zealand,2025-10-05,2025-10-13,ok,47752,False,False,False,https://data.insideairbnb.com/new-zealand/2025-10-05/data/listings.csv.gz,7ad9aaecf763f1688cda2e65d93be7b3f38171ece922111510a2c68294cee019
new-zealand,2025-11-07,2025-11-24,ok,48624,False,False,False,https://data.insideairbnb.com/new-zealand/2025-11-07/data/listings.csv.gz,89bb93bdb76e309feaa5bafdd3e0ad9cb5ab1fdf04571059f72398b864200e86
new-zealand,2025-12-11,2025-12-28,ok,49899,False,False,False,https://data.insideairbnb.com/new-zealand/2025-12-11/data/listings.csv.gz,ff69b66e4fd19719c513bf17b6b1772220c37e171071e1c162d1e8cf28f00b46
new-zealand,2026-01-16,2026-01-24,ok,46819,False,False,False,https://data.insideairbnb.com/new-zealand/2026-01-16/data/listings.csv.gz,0ab0c1ff4c902a949f7f69c958c1f045dcf47118dd601214ec150bc335765db4
new-zealand,2026-02-13,2026-02-16,ok,48692,False,False,False,https://data.insideairbnb.com/new-zealand/2026-02-13/data/listings.csv.gz,9fbdb903a1b8eb9ca302f8b2b5a45a4e6150dd6d65d0e07a70509a17793e4e39
new-zealand,2026-03-17,2026-03-23,ok,49076,False,False,False,https://data.insideairbnb.com/new-zealand/2026-03-17/data/listings.csv.gz,7980609efb50cfbf8fb236c43b08c8f8a26c360a3deb197ba40e4fad2b855eab
new-zealand,2026-04-16,2026-04-22,ok,48951,False,False,False,https://data.insideairbnb.com/new-zealand/2026-04-16/data/listings.csv.gz,ab7a6daa95ab5e647756e05f08910155ea6393f0bb618aba88ec1543ff673e5b
new-zealand,2026-05-23,2026-06-03,ok,49305,False,False,False,https://data.insideairbnb.com/new-zealand/2026-05-23/data/listings.csv.gz,349eba46eed251bc3b6f2c9a1e18de9e81b3ba2fc3f63ff24b3cc1119947f0af
new-zealand,2026-06-19,2026-06-23,ok,50926,False,False,False,https://data.insideairbnb.com/new-zealand/2026-06-19/data/listings.csv.gz,4c5e67e3992ae0eaa161c4a3a6a212f177b765cec4136d6120efb7bdfda2b382
new-zealand,2026-07-12,2026-07-16,ok,51096,False,False,False,https://data.insideairbnb.com/new-zealand/2026-07-12/data/listings.csv.gz,e956b756bb0126e0a6adab9739401f64e6dc20b8d8a91b244491ca7341d75b29
newark,2025-09-30,2025-09-30,ok,1872,False,False,False,https://data.insideairbnb.com/united-states/nj/newark/2025-09-30/data/listings.csv.gz,e5634a55b9bfdf6d93fec1996a3900081c03902462ec521bbd24b7692350b762
newark,2025-12-31,2025-12-31,ok,1712,False,False,False,https://data.insideairbnb.com/united-states/nj/newark/2025-12-31/data/listings.csv.gz,b5b8f9e487a5eac2adfafa874bc87d32d9933a0458e4a40566957fbf8645cf63
newark,2026-03-31,2026-04-02,ok,1447,False,False,False,https://data.insideairbnb.com/united-states/nj/newark/2026-03-31/data/listings.csv.gz,e9b172b475d3ce34615c100e001df2ddfea4af1b40a9dfc97e38b0d2f29ae82f
newark,2026-06-30,2026-07-03,ok,2019,False,False,False,https://data.insideairbnb.com/united-states/nj/newark/2026-06-30/data/listings.csv.gz,4e6a5cd7fd5154e703089fd70bc6348613edeead06e49756a5ed231b71ff1429
northern-rivers,2025-09-22,2025-09-24,ok,6129,False,False,False,https://data.insideairbnb.com/australia/nsw/northern-rivers/2025-09-22/data/listings.csv.gz,319a8844469c2f62e6115159b23b754cd8f98566d4bf1351ac1b9dd443965b9e
northern-rivers,2025-12-25,2026-01-05,ok,6405,False,False,False,https://data.insideairbnb.com/australia/nsw/northern-rivers/2025-12-25/data/listings.csv.gz,3f62d948d33845ec712bd857f0b930d70f7fbbf5cf27056c74268a9b63c420d1
northern-rivers,2026-03-27,2026-03-28,ok,4930,False,False,False,https://data.insideairbnb.com/australia/nsw/northern-rivers/2026-03-27/data/listings.csv.gz,2a8b812763137246e7c5f04ff85996f039ff0e8cd595fb6d70730f443899db13
northern-rivers,2026-06-24,2026-07-03,ok,6367,False,False,False,https://data.insideairbnb.com/australia/nsw/northern-rivers/2026-06-24/data/listings.csv.gz,f562c75f6ee708cc316c8cfd2835af3524ffd4fabefa7a75958446988e55d021
oakland,2025-09-25,2025-09-25,ok,2250,False,False,False,https://data.insideairbnb.com/united-states/ca/oakland/2025-09-25/data/listings.csv.gz,fd379cc8381bae92f11916dea30e3f46bb11eabee424feec87136e9e196a17c2
oakland,2025-12-28,2026-01-05,ok,2267,False,False,False,https://data.insideairbnb.com/united-states/ca/oakland/2025-12-28/data/listings.csv.gz,82c94d2e98a4d8be8e1f85c5455331e31ddfbefda0421645a221d87e90b32a3c
oakland,2026-03-29,2026-03-29,ok,1325,False,False,False,https://data.insideairbnb.com/united-states/ca/oakland/2026-03-29/data/listings.csv.gz,793b9b853f6cce402fdf98192f5c2accee313854ba6c32f2ac32132e7073d890
oakland,2026-06-27,2026-07-02,ok,2151,False,False,False,https://data.insideairbnb.com/united-states/ca/oakland/2026-06-27/data/listings.csv.gz,7c04a86c6d661c41322138bd699d36fbcf6ed3b563f9050b99be9251f049329a
oslo,2025-09-29,2025-09-29,ok,12160,False,False,False,https://data.insideairbnb.com/norway/oslo/oslo/2025-09-29/data/listings.csv.gz,344ce1ed71ef478d6e997821fc2d92a5f211d3d564f3bb2af828e3ebd96fbe4b
oslo,2025-12-30,2025-12-31,ok,8443,False,False,False,https://data.insideairbnb.com/norway/oslo/oslo/2025-12-30/data/listings.csv.gz,c0b69f8fd9e05af450cf73edbf39fdcb8dbaa979d890179da527d9f1722ad245
oslo,2026-03-31,2026-04-02,ok,7901,False,False,False,https://data.insideairbnb.com/norway/oslo/oslo/2026-03-31/data/listings.csv.gz,c0dc7a2556c04760c635b06a5d15faa5e3c5957e89b171738f09632270555f35
oslo,2026-06-30,2026-07-03,ok,13391,False,False,False,https://data.insideairbnb.com/norway/oslo/oslo/2026-06-30/data/listings.csv.gz,2a3c604bb3113e04e65ff4573cfe7ee23b0015a0d04bc824b761c2a1b85add2c
ottawa,2025-09-22,2025-09-23,ok,2730,False,False,False,https://data.insideairbnb.com/canada/on/ottawa/2025-09-22/data/listings.csv.gz,625dcf2320e6686590b064928385075f1c7b86812c1cdf81b4b5cfc9ae8b8a7b
ottawa,2025-12-25,2026-01-05,ok,2721,False,False,False,https://data.insideairbnb.com/canada/on/ottawa/2025-12-25/data/listings.csv.gz,a697c2d9525da1246025da27ef764f5dd0a7336c967f50f2f15a5a1732baae51
ottawa,2026-03-27,2026-03-30,ok,914,False,True,True,https://data.insideairbnb.com/canada/on/ottawa/2026-03-27/data/listings.csv.gz,5322739dfc78600d6dddc5e5dd0826b29da90ad8226c9eda88af0bc87d6c22e2
ottawa,2026-06-24,2026-07-02,ok,2727,False,False,False,https://data.insideairbnb.com/canada/on/ottawa/2026-06-24/data/listings.csv.gz,2ebfc7649c3d4110c6b9e5b394788b0271a4f87afd49a066654847c072fd3b6d
pacific-grove,2025-09-30,2025-09-30,ok,293,False,False,False,https://data.insideairbnb.com/united-states/ca/pacific-grove/2025-09-30/data/listings.csv.gz,95b3e772c005aed0b6cddf13b0287adb9f13b82c3778e807e81c4e051bd0d5ce
pacific-grove,2025-12-31,2026-01-05,ok,254,False,False,False,https://data.insideairbnb.com/united-states/ca/pacific-grove/2025-12-31/data/listings.csv.gz,f8f4e8aae16a74ef3b5c133ddc209aeffdfd79e1525a8900412dfaad84c95c35
pacific-grove,2026-03-31,2026-03-31,ok,130,False,True,True,https://data.insideairbnb.com/united-states/ca/pacific-grove/2026-03-31/data/listings.csv.gz,6caf1c79a7ad155caebfd001430f26e076419ba30552512dfb7363d40e2c6f3a
pacific-grove,2026-06-14,2026-07-06,ok,269,False,False,False,https://data.insideairbnb.com/united-states/ca/pacific-grove/2026-06-14/data/listings.csv.gz,6411a3a986ed0e7e4e057f6ffccfe3a899455fc68cb8178cb23fc97cfb7d7076
paris,2024-09-06,2024-09-13,ok,95461,False,False,False,https://data.insideairbnb.com/france/ile-de-france/paris/2024-09-06/data/listings.csv.gz,e7c313ea802591509967d6451df3f37019cf22aa02831d28367ba45e34c4855d
paris,2024-12-06,2024-12-10,ok,91031,False,False,False,https://data.insideairbnb.com/france/ile-de-france/paris/2024-12-06/data/listings.csv.gz,5020e7202b35322a79a0d52d5421de0ba2b85fbca455c77292f3099085a4516b
paris,2025-03-03,2025-03-16,ok,86064,False,False,False,https://data.insideairbnb.com/france/ile-de-france/paris/2025-03-03/data/listings.csv.gz,2155f5f5574b4a025b92be5bce602b56a99f97a2577f3941079e76105e40f148
paris,2025-06-06,2025-06-21,ok,84055,False,False,False,https://data.insideairbnb.com/france/ile-de-france/paris/2025-06-06/data/listings.csv.gz,aa92c538c1916bc852a80386722ddbe64028902692b4993cee1f7a73a1ecce5f
paris,2025-09-12,2025-09-15,ok,81853,False,False,False,https://data.insideairbnb.com/france/ile-de-france/paris/2025-09-12/data/listings.csv.gz,b98d554eb4d06bf2d598c14b74bd2d5cd92efb5e721eadd85a5640ac1a78d533
paris,2025-12-13,2026-01-05,ok,82045,False,False,False,https://data.insideairbnb.com/france/ile-de-france/paris/2025-12-13/data/listings.csv.gz,68dc18495ecb3418a237b01d33eb040adcff567d81615c998e005df1288de887
paris,2026-01-17,2026-01-20,ok,50705,True,False,True,https://data.insideairbnb.com/france/ile-de-france/paris/2026-01-17/data/listings.csv.gz,456b79f5daae4c66c346882c41311f8eebf3b77a22f9ba4d338a9f536b638262
paris,2026-02-18,2026-02-21,ok,50954,True,False,True,https://data.insideairbnb.com/france/ile-de-france/paris/2026-02-18/data/listings.csv.gz,77c952719c9b93cbfa9094971e043b082e2370623f5a9e08a996dd9195063e81
paris,2026-03-21,2026-04-02,ok,38075,True,True,True,https://data.insideairbnb.com/france/ile-de-france/paris/2026-03-21/data/listings.csv.gz,330b06ac7ee9f7d490ec31d972b349bc504470139fe4d958af4369ff72e3a9a9
paris,2026-04-19,2026-04-22,ok,39191,True,True,True,https://data.insideairbnb.com/france/ile-de-france/paris/2026-04-19/data/listings.csv.gz,564fcf9c36a9b51b892a4c65ac0f201883f9fc38b824c1c48d5e8a3f9424d21f
paris,2026-05-23,2026-06-06,ok,39793,True,True,True,https://data.insideairbnb.com/france/ile-de-france/paris/2026-05-23/data/listings.csv.gz,d9433350b807289f68cedaba2dfee687a61278db139dac87d8be2177bfa575a1
paris,2026-06-16,2026-06-29,ok,77679,False,False,False,https://data.insideairbnb.com/france/ile-de-france/paris/2026-06-16/data/listings.csv.gz,4482b7f73788a3623c3b9da34f6046a0b6b0ef5cc1be93bc9e38afe29cd75a90
paris,2026-07-15,2026-07-22,ok,78071,False,False,False,https://data.insideairbnb.com/france/ile-de-france/paris/2026-07-15/data/listings.csv.gz,720e6eb36f8c167418d973751e43a6bb5cf43893b8088fbc428ae21d6400e5ee
paris,2026-08-15,2026-08-29,ok,78504,False,False,False,https://data.insideairbnb.com/france/ile-de-france/paris/2026-08-15/data/listings.csv.gz,5a06b32e4776e705876ef09971acd2085f64e68de4fe10f04aecc8efd0a8281b
pays-basque,2025-09-21,2025-09-22,ok,11845,False,False,False,https://data.insideairbnb.com/france/pyr%C3%A9n%C3%A9es-atlantiques/pays-basque/2025-09-21/data/listings.csv.gz,0c42fa632bcb7c380d4037909c54a64c270baacc4ae27005c594276eff269849
pays-basque,2025-12-25,2026-01-05,ok,11311,False,False,False,https://data.insideairbnb.com/france/pyr%C3%A9n%C3%A9es-atlantiques/pays-basque/2025-12-25/data/listings.csv.gz,965cd60930a6b5bcb514ac6af80d115b49851aa57d7dbb14133ccce0855db815
pays-basque,2026-03-26,2026-04-07,ok,11519,False,False,False,https://data.insideairbnb.com/france/pyr%C3%A9n%C3%A9es-atlantiques/pays-basque/2026-03-26/data/listings.csv.gz,fe180c41d65fb09515d2a93c1bbff93c997623313be1c62989d16354a33cd583
pays-basque,2026-06-23,2026-07-03,ok,12081,False,False,False,https://data.insideairbnb.com/france/pyr%C3%A9n%C3%A9es-atlantiques/pays-basque/2026-06-23/data/listings.csv.gz,75d0ca618d393cf01e2b0921defbce4e4aa749f7f23de708cac16b8acf1ba6c9
portland,2025-09-06,2025-09-07,ok,4425,False,False,False,https://data.insideairbnb.com/united-states/or/portland/2025-09-06/data/listings.csv.gz,68fffcabfcfb38977acc0e5501bdb4ec7b8aefb2ac8e844ca0f5863beb00d84a
portland,2025-12-04,2025-12-10,ok,4455,False,False,False,https://data.insideairbnb.com/united-states/or/portland/2025-12-04/data/listings.csv.gz,58dff23c4d7404eb9f6d529054f657d98f809434b07dfe963aa0f1419780f027
portland,2026-03-16,2026-03-16,ok,4393,False,False,False,https://data.insideairbnb.com/united-states/or/portland/2026-03-16/data/listings.csv.gz,47e2824c71e1490ec792f313f4695f1a709635dd8e511762bc9afd44443bf160
portland,2026-06-15,2026-06-22,ok,4199,False,False,False,https://data.insideairbnb.com/united-states/or/portland/2026-06-15/data/listings.csv.gz,af13bc2f6b14f83c64d69b1ddf78933a68827a34749d527f80ba208a8dddc6c2
porto,2025-09-21,2025-09-22,ok,14806,False,False,False,https://data.insideairbnb.com/portugal/norte/porto/2025-09-21/data/listings.csv.gz,4fae01c9eb766566e567af2c35cb84e0daf02a7c2ff5e4fa67e2edfdc4378a80
porto,2025-12-25,2026-01-05,ok,14999,False,False,False,https://data.insideairbnb.com/portugal/norte/porto/2025-12-25/data/listings.csv.gz,19e3963d466b2648cd148bab8560be010ed2cea3d393ba7b4e34784dd36180a8
porto,2026-03-26,2026-03-31,ok,15246,False,False,False,https://data.insideairbnb.com/portugal/norte/porto/2026-03-26/data/listings.csv.gz,e9844b06e244163aa45016789c36f36e59662e86a2d88265ae0c4db965d8f466
porto,2026-06-23,2026-07-02,ok,15278,False,False,False,https://data.insideairbnb.com/portugal/norte/porto/2026-06-23/data/listings.csv.gz,5fd763ac5529afebe3a530bcc9108f317c4d36d7d5d56579e8b7c157faab8fa2
prague,2025-09-23,2025-09-24,ok,10834,False,False,False,https://data.insideairbnb.com/czech-republic/prague/prague/2025-09-23/data/listings.csv.gz,63417f857c8a51a40ecb4f68302611e8ab6d76deb0103001f51c4e8081c92297
prague,2025-12-27,2026-01-05,ok,11347,False,False,False,https://data.insideairbnb.com/czech-republic/prague/prague/2025-12-27/data/listings.csv.gz,024ead4936cd8199a6874ce7c39158608eee79362c6364c212c27ad680e2a1bd
prague,2026-03-29,2026-03-29,ok,9078,False,False,False,https://data.insideairbnb.com/czech-republic/prague/prague/2026-03-29/data/listings.csv.gz,f3f4c4018d824c3800b4914f17b5bc4c6f700e25fd284234e5be40b439592f07
prague,2026-06-27,2026-07-03,ok,11615,False,False,False,https://data.insideairbnb.com/czech-republic/prague/prague/2026-06-27/data/listings.csv.gz,af3a792f857a0e9fd86c1ef7b713951a03a2b4db826c2fb3d65f7c6c726778b5
puglia,2025-09-29,2025-10-01,ok,48553,False,False,False,https://data.insideairbnb.com/italy/puglia/puglia/2025-09-29/data/listings.csv.gz,3474c01c5cf929a594a13a409e522ac02d8849ea6d9b596cf8a8b52326ddf552
puglia,2025-12-31,2026-01-05,ok,40664,False,False,False,https://data.insideairbnb.com/italy/puglia/puglia/2025-12-31/data/listings.csv.gz,06f60f18a0f527135cf056bc6a61dbc7ad06289dd000e19bc82030313e7888e6
puglia,2026-03-31,2026-04-03,ok,37151,False,False,False,https://data.insideairbnb.com/italy/puglia/puglia/2026-03-31/data/listings.csv.gz,454a76c765ff2c1b8f125b7ddfd0313259942cec4db43328d63c1c63c4978845
puglia,2026-06-30,2026-07-04,ok,48683,False,False,False,https://data.insideairbnb.com/italy/puglia/puglia/2026-06-30/data/listings.csv.gz,0010f21af65388054d77a168d815e5d0601dcedaa460440ef6730de53f944668
quebec-city,2025-09-14,2025-09-14,ok,2393,False,False,False,https://data.insideairbnb.com/canada/qc/quebec-city/2025-09-14/data/listings.csv.gz,485a6d24dd1ba3a4b18a4a3271efc0b05039d2414fc9f705579284371feba9a7
quebec-city,2025-10-17,2025-10-17,ok,2381,False,False,False,https://data.insideairbnb.com/canada/qc/quebec-city/2025-10-17/data/listings.csv.gz,0a900e83c4c94b65a1f1c87d0223882ebac291446c9c9edb40d1cea98fdd9711
quebec-city,2025-11-12,2025-11-12,ok,2369,False,False,False,https://data.insideairbnb.com/canada/qc/quebec-city/2025-11-12/data/listings.csv.gz,91cd3a3781aaf79ebb9dbfc21400bb1df9b11c60e351b30f5ce62016ef8ebaf5
quebec-city,2025-12-13,2025-12-13,ok,2391,False,False,False,https://data.insideairbnb.com/canada/qc/quebec-city/2025-12-13/data/listings.csv.gz,10224dd9e846b945aa780731eade8ebef420bcf357fe12d09874aeccd992cc4d
quebec-city,2026-01-17,2026-01-17,ok,2120,False,False,False,https://data.insideairbnb.com/canada/qc/quebec-city/2026-01-17/data/listings.csv.gz,43bca56b738578772f2b64f0a1c5618d34ce85bd792388641a56d99105c46bda
quebec-city,2026-02-18,2026-02-18,ok,2091,False,False,False,https://data.insideairbnb.com/canada/qc/quebec-city/2026-02-18/data/listings.csv.gz,27a52c4c9da5b4951f5b326f5a661e432fdf7784c895fe3cec1f317f2696a51d
quebec-city,2026-03-21,2026-03-21,ok,1420,False,False,False,https://data.insideairbnb.com/canada/qc/quebec-city/2026-03-21/data/listings.csv.gz,ba0c615a9d4c0ee8dbe75e4887ae7013964147032e5d3be1bd49ed15f64be26e
quebec-city,2026-04-19,2026-04-19,ok,1403,False,False,False,https://data.insideairbnb.com/canada/qc/quebec-city/2026-04-19/data/listings.csv.gz,67b913bd1f1d58fa7308964371aab5db89c5fc81d2b6b0ea7c6443bd1b349935
quebec-city,2026-05-24,2026-06-06,ok,1496,False,False,False,https://data.insideairbnb.com/canada/qc/quebec-city/2026-05-24/data/listings.csv.gz,b388167052abc7f94668b810348adf66aa00e484e3428257157bda31044d11a8
quebec-city,2026-06-19,2026-06-19,ok,2204,False,False,False,https://data.insideairbnb.com/canada/qc/quebec-city/2026-06-19/data/listings.csv.gz,30ce1af2e863be7db18b4160c23741e7d7488ee8c96589897f7a087615a75d84
quebec-city,2026-07-16,2026-07-18,ok,2504,False,False,False,https://data.insideairbnb.com/canada/qc/quebec-city/2026-07-16/data/listings.csv.gz,526f57d34b9b5ac5b59df9990924450066afbdbaeb21be823169888d1f678c40
rhode-island,2025-09-30,2025-09-30,ok,5762,False,False,False,https://data.insideairbnb.com/united-states/ri/rhode-island/2025-09-30/data/listings.csv.gz,e6b1c07b67e951ebe8f98eb74f40763bcf66c04bed8006d7ec5f39c558fa8e91
rhode-island,2025-12-31,2026-01-05,ok,4868,False,False,False,https://data.insideairbnb.com/united-states/ri/rhode-island/2025-12-31/data/listings.csv.gz,3977fc9f391b85f7d1fb0c037d73e0477ce445ebca990bf9bbcfc0d82a008f82
rhode-island,2026-03-31,2026-04-02,ok,4066,False,False,False,https://data.insideairbnb.com/united-states/ri/rhode-island/2026-03-31/data/listings.csv.gz,9148ff4873ddcaf3bfe7894f9a5e4ce6d6e52d41eadf6fde14db5add487c0a79
rhode-island,2026-06-30,2026-07-03,ok,6031,False,False,False,https://data.insideairbnb.com/united-states/ri/rhode-island/2026-06-30/data/listings.csv.gz,cf2b9cf089932abc0ee683a0435ce14f66cc3139469423f0ff5a9d0587370af6
riga,2025-09-29,2025-09-29,ok,3205,False,False,False,https://data.insideairbnb.com/latvia/riga/riga/2025-09-29/data/listings.csv.gz,a8c79e6a62c007a817c2731da070c8c2336c3dd188ebf02f91300eebd0b61edd
riga,2025-12-30,2025-12-31,ok,2736,False,False,False,https://data.insideairbnb.com/latvia/riga/riga/2025-12-30/data/listings.csv.gz,b6ff6e10d074e389009a04fea6533c546a520b0669cf0f498df0b5419289e219
riga,2026-03-31,2026-04-06,ok,2628,False,False,False,https://data.insideairbnb.com/latvia/riga/riga/2026-03-31/data/listings.csv.gz,3d1ee387d13d6f8af79d41b2e61d590885fa6a987eb8065143acb82711a429ae
riga,2026-06-30,2026-07-02,ok,3471,False,False,False,https://data.insideairbnb.com/latvia/riga/riga/2026-06-30/data/listings.csv.gz,01de6a783bbcae723b6c057e8599811ec4940bc9fc77c00ff88c0195384d5e0e
rio-de-janeiro,2025-09-26,2025-09-28,ok,43068,False,False,False,https://data.insideairbnb.com/brazil/rj/rio-de-janeiro/2025-09-26/data/listings.csv.gz,c02f97d432f9affcb9ccaf7cdceeb869ff27fbb24f4e48758b12508bfb43eea8
rio-de-janeiro,2025-12-28,2026-01-05,ok,47087,False,False,False,https://data.insideairbnb.com/brazil/rj/rio-de-janeiro/2025-12-28/data/listings.csv.gz,86078ec76dc4d3935a91867178f0a24ecc977c8ce65800a3377ec4efa46c8103
rio-de-janeiro,2026-03-30,2026-04-02,ok,40769,False,False,False,https://data.insideairbnb.com/brazil/rj/rio-de-janeiro/2026-03-30/data/listings.csv.gz,e51d3af3d65fb3a7faae58c300d21b326c346d36aee1ca256dd04228bf6424b2
rio-de-janeiro,2026-06-24,2026-07-01,ok,48713,False,False,False,https://data.insideairbnb.com/brazil/rj/rio-de-janeiro/2026-06-24/data/listings.csv.gz,f4f5fb9389d3abdf89b73fcd26f0ad180c5b11447ca6f7580350deb165a916c2
rochester,2025-08-26,2025-08-26,ok,1022,False,False,False,https://data.insideairbnb.com/united-states/ny/rochester/2025-08-26/data/listings.csv.gz,11ce07fe26af0817c4eff9146780f4cdc264074ffe08a6b14038a9e84d8bf22c
rochester,2025-09-25,2025-09-25,ok,1014,False,False,False,https://data.insideairbnb.com/united-states/ny/rochester/2025-09-25/data/listings.csv.gz,855c44d4cef58b24e86914ec87cdefbae375a1b8bc9967233dd59204a2a43706
rochester,2025-10-27,2025-10-27,ok,1032,False,False,False,https://data.insideairbnb.com/united-states/ny/rochester/2025-10-27/data/listings.csv.gz,d8ff34113b092946442d7a86091958076bade22be22c057a147c6e1a2556539e
rochester,2025-11-24,2025-11-24,ok,1036,False,False,False,https://data.insideairbnb.com/united-states/ny/rochester/2025-11-24/data/listings.csv.gz,219fd39a413cc62d31b9de424d0ee19dd4059bf6521fdb753c126a31aefe47ce
rochester,2025-12-28,2025-12-30,ok,1047,False,False,False,https://data.insideairbnb.com/united-states/ny/rochester/2025-12-28/data/listings.csv.gz,f43c9a383c545f0c7e1a06bbecf0361013aa827747d17941ef89db21fc4e3ae1
rochester,2026-01-23,2026-01-23,ok,934,False,False,False,https://data.insideairbnb.com/united-states/ny/rochester/2026-01-23/data/listings.csv.gz,607297db04252cd90410d00a1d9c2e331f66ed9b6635d8236beeb07da4c71156
rochester,2026-02-26,2026-02-26,ok,939,False,False,False,https://data.insideairbnb.com/united-states/ny/rochester/2026-02-26/data/listings.csv.gz,8fdb188c6e20731bb3983c6b01ac639b2b513de06d7fcc4f743ee7273d7e2b5d
rochester,2026-03-29,2026-03-29,ok,744,False,False,False,https://data.insideairbnb.com/united-states/ny/rochester/2026-03-29/data/listings.csv.gz,f518c8f85fe72e4ddc968021c2b3603ffbcd4714e69545bdd6526f22348906f0
rochester,2026-04-26,2026-04-26,ok,766,False,False,False,https://data.insideairbnb.com/united-states/ny/rochester/2026-04-26/data/listings.csv.gz,08243b13256c7af84880bafc15c55c9db7c649760177c4b710e84514b5ab6a66
rochester,2026-05-27,2026-06-06,ok,792,False,False,False,https://data.insideairbnb.com/united-states/ny/rochester/2026-05-27/data/listings.csv.gz,6b560b51a0f78e705fba95753133c72708dad39b169aafe0dec1ffb8b8e53a1b
rochester,2026-06-27,2026-07-02,ok,1055,False,False,False,https://data.insideairbnb.com/united-states/ny/rochester/2026-06-27/data/listings.csv.gz,eba8eb498e526407fda260ddfd15b785ed6ee37c2812b281fff03b7695510ef3
rochester,2026-07-21,2026-07-22,ok,1025,False,False,False,https://data.insideairbnb.com/united-states/ny/rochester/2026-07-21/data/listings.csv.gz,c02f35d427e60cde9047cd457e05cf80e6b1f357750d053b043add62cfe9c52c
rome,2024-09-11,2024-09-13,ok,34061,False,False,False,https://data.insideairbnb.com/italy/lazio/rome/2024-09-11/data/listings.csv.gz,7de4f6f4059a055dcc58a5cc543a16054acf6720a10b5846e6c8577dce10b5cd
rome,2024-12-12,2024-12-23,ok,35247,False,False,False,https://data.insideairbnb.com/italy/lazio/rome/2024-12-12/data/listings.csv.gz,fa6e0bc85cbde8a6970a516abb5eef7a8915d87891ebb5092678509f15a33f1a
rome,2025-03-05,2025-03-15,ok,34542,False,False,False,https://data.insideairbnb.com/italy/lazio/rome/2025-03-05/data/listings.csv.gz,ff71b0aead03d2c9b16dc57780315fefb35abb81bc09416e44afdee092dc7122
rome,2025-06-12,2025-07-02,ok,36309,False,False,False,https://data.insideairbnb.com/italy/lazio/rome/2025-06-12/data/listings.csv.gz,82f309fdadb3b445e2b3e44ed72618b1c5906dc83aac4295fe3a9b00d5dfe6f5
rome,2025-09-14,2025-09-15,ok,37652,False,False,False,https://data.insideairbnb.com/italy/lazio/rome/2025-09-14/data/listings.csv.gz,9757b333ba13f7185a386dc02ec72c492437129561f40c53880f0cda0298f8ea
rome,2025-12-16,2026-01-05,ok,37162,False,False,False,https://data.insideairbnb.com/italy/lazio/rome/2025-12-16/data/listings.csv.gz,a2f4323e70fe02f0c21e80da6c99a567b0ba4fe892277bc0b20a8d06c02a658e
rome,2026-01-18,2026-01-19,ok,37328,False,False,False,https://data.insideairbnb.com/italy/lazio/rome/2026-01-18/data/listings.csv.gz,eb1e33628c0943d4d42f83ded597e0479b2eac013d440c13f9e942fd396f569d
rome,2026-02-18,2026-02-20,ok,32824,False,False,False,https://data.insideairbnb.com/italy/lazio/rome/2026-02-18/data/listings.csv.gz,4057289af8bb0bb7539efec4ca52a9c181a7f588b17606ecd1335e851cfd76ad
rome,2026-03-24,2026-04-06,ok,30063,True,False,True,https://data.insideairbnb.com/italy/lazio/rome/2026-03-24/data/listings.csv.gz,41543bd1e904b8bb1aa4fa4b0c3f81d999cac3b46391ac55fbadc7006866a1d6
rome,2026-04-20,2026-04-23,ok,29644,True,False,True,https://data.insideairbnb.com/italy/lazio/rome/2026-04-20/data/listings.csv.gz,7b05a3986e3159cc92a7e66892877fc6037a87b42cab3bc7f5dd3143ff1ade67
rome,2026-05-25,2026-06-06,ok,36663,False,False,False,https://data.insideairbnb.com/italy/lazio/rome/2026-05-25/data/listings.csv.gz,55792d8cd308455ea6b47e5edae13767533b48fdbe234c91ae557aa34a3abe95
rome,2026-06-20,2026-07-07,ok,37084,False,False,False,https://data.insideairbnb.com/italy/lazio/rome/2026-06-20/data/listings.csv.gz,f44dafb940763f53e8ce47072e963f1b28e3f9b69f4cea14f3077a6c9d84b63e
rome,2026-07-18,2026-07-21,ok,37151,False,False,False,https://data.insideairbnb.com/italy/lazio/rome/2026-07-18/data/listings.csv.gz,eb4b255a0b100a01d2c77d16993ba3d1fe3f03718cb82321b2fdac9637bce849
rome,2026-08-25,2026-08-31,ok,37483,False,False,False,https://data.insideairbnb.com/italy/lazio/rome/2026-08-25/data/listings.csv.gz,d27723c05e4baa34dbd44f8d24e4bb0591703623d817573b09838580c01f01bc
rotterdam,2025-09-25,2025-09-25,ok,1351,False,False,False,https://data.insideairbnb.com/the-netherlands/south-holland/rotterdam/2025-09-25/data/listings.csv.gz,0ed569814aa66d0592c5e4f830133105a40385c3d21dff5a350fe7af136e8dd0
rotterdam,2025-12-28,2026-01-05,ok,1353,False,False,False,https://data.insideairbnb.com/the-netherlands/south-holland/rotterdam/2025-12-28/data/listings.csv.gz,ec46e52ada45fda2b14931a6671f048a1afa0c237fa5deae060e83e3e37adbfc
rotterdam,2026-03-29,2026-04-06,ok,742,False,False,False,https://data.insideairbnb.com/the-netherlands/south-holland/rotterdam/2026-03-29/data/listings.csv.gz,44343456c0270f072d7ed9041cfabb45cbd572aa6dd75b7255669e3650ae907b
rotterdam,2026-06-28,2026-07-03,ok,1357,False,False,False,https://data.insideairbnb.com/the-netherlands/south-holland/rotterdam/2026-06-28/data/listings.csv.gz,29609b1c8337a39c3a8a0c89684665181ed8e1b90627e5f11376471c825b2cd2
salem-or,2025-09-25,2025-09-25,ok,351,False,False,False,https://data.insideairbnb.com/united-states/or/salem-or/2025-09-25/data/listings.csv.gz,26b047e220f642e754bf73d2c1547ca4bbd35596b7c36e064c4949b12a8c5e45
salem-or,2025-12-28,2025-12-30,ok,280,False,False,False,https://data.insideairbnb.com/united-states/or/salem-or/2025-12-28/data/listings.csv.gz,643b9e6a03acfb9df241a9f6280dfbff7b6cfa630f1f81aecec08537f338e0b0
salem-or,2026-03-29,2026-03-29,ok,196,False,False,False,https://data.insideairbnb.com/united-states/or/salem-or/2026-03-29/data/listings.csv.gz,817e8e60b9448cf030ac01e258cbaa586868fe43f2d87074b3c207072d7818b8
salem-or,2026-06-28,2026-07-02,ok,349,False,False,False,https://data.insideairbnb.com/united-states/or/salem-or/2026-06-28/data/listings.csv.gz,6fc3cc4aec2c66972a78241ad0762276ab879714fd2dd9b04a45992ff2105b6e
san-diego,2025-03-16,2025-03-17,ok,12991,False,False,False,https://data.insideairbnb.com/united-states/ca/san-diego/2025-03-16/data/listings.csv.gz,034972dd079d28f827d010d701f05e908300e93b10850ada8bdad1067532b884
san-diego,2025-06-21,2025-06-30,ok,12959,False,False,False,https://data.insideairbnb.com/united-states/ca/san-diego/2025-06-21/data/listings.csv.gz,4f405fd1d365960cc50d4e606af49b9ae289a34c448daa5f9557b70d5e7100f2
san-diego,2025-09-25,2025-09-25,ok,13162,False,False,False,https://data.insideairbnb.com/united-states/ca/san-diego/2025-09-25/data/listings.csv.gz,a95bcdd468102c1771fddfe88bc2c724187c8360b881b31005e51f74b33861f4
san-diego,2025-12-11,2025-12-12,ok,13164,False,False,False,https://data.insideairbnb.com/united-states/ca/san-diego/2025-12-11/data/listings.csv.gz,bdeab0c683dcd9f77373712c752b2f8ce2d13e823c7d5fb8e530c07ab87f2e8a
san-diego,2025-12-22,2026-01-05,ok,13076,False,False,False,https://data.insideairbnb.com/united-states/ca/san-diego/2025-12-22/data/listings.csv.gz,975b04ab0f78b74cfad09bbd21eef395958f40f085490e89ba0c1266abfa3465
san-diego,2026-01-23,2026-01-23,ok,13095,False,False,False,https://data.insideairbnb.com/united-states/ca/san-diego/2026-01-23/data/listings.csv.gz,cd803ee6746d365e0cb6c6670a7efc1c5c24e8e4448fa562889666cf6b535086
san-diego,2026-02-25,2026-02-26,ok,11427,False,False,False,https://data.insideairbnb.com/united-states/ca/san-diego/2026-02-25/data/listings.csv.gz,6d4cd41f46001bbf92838d09709d8e78d7f5d8960a5de0ac191417135e2f65f8
san-diego,2026-03-29,2026-03-29,ok,11765,False,False,False,https://data.insideairbnb.com/united-states/ca/san-diego/2026-03-29/data/listings.csv.gz,26b97c9ba319e9b9a1b54260c796dc238787cddcd021a2946a64a477ad7d5b5d
san-diego,2026-04-26,2026-04-26,ok,11673,False,False,False,https://data.insideairbnb.com/united-states/ca/san-diego/2026-04-26/data/listings.csv.gz,9299727d4a6b4e9e4f8a700c1e65f4d20bd5009f38ec9787611fb050778d6495
san-diego,2026-05-27,2026-06-06,ok,11802,False,False,False,https://data.insideairbnb.com/united-states/ca/san-diego/2026-05-27/data/listings.csv.gz,60757f9b2876a42160ff17df2995568c69265c8ef58625c222f58a4acb1cbd1a
san-diego,2026-06-27,2026-07-02,ok,13225,False,False,False,https://data.insideairbnb.com/united-states/ca/san-diego/2026-06-27/data/listings.csv.gz,de360747802aa61a094e20e74f3e4f4e15c94f365a33c3acfb8ab106c89bb414
san-diego,2026-07-21,2026-07-23,ok,13192,False,False,False,https://data.insideairbnb.com/united-states/ca/san-diego/2026-07-21/data/listings.csv.gz,9b79c46dc518ce01060005cbb99f3f1b9f0fc0e49fa089154ffb890a8d2fc40d
san-diego,2026-08-29,2026-08-30,ok,13342,False,False,False,https://data.insideairbnb.com/united-states/ca/san-diego/2026-08-29/data/listings.csv.gz,6c9c3e359fb063e0b07d8533d54a42f681efec98cd6361baf1561ef5ef19cbd3
san-francisco,2025-09-01,2025-09-01,ok,7780,False,False,False,https://data.insideairbnb.com/united-states/ca/san-francisco/2025-09-01/data/listings.csv.gz,41c4cc24e643c2b08fc9b42ccd42e0a42fb6afb3204c925274681944a59a663d
san-francisco,2025-12-04,2025-12-10,ok,7535,False,False,False,https://data.insideairbnb.com/united-states/ca/san-francisco/2025-12-04/data/listings.csv.gz,f4c626f88bf3b9f0073081e6ddfb9595dcfe4309754dc9e3765f2b566f73fc00
san-francisco,2026-03-16,2026-03-16,ok,7528,False,False,False,https://data.insideairbnb.com/united-states/ca/san-francisco/2026-03-16/data/listings.csv.gz,602d4e0a204c7daf2f0007639e9e0fbf0e927c4df5314dce78635a550b7643ec
san-francisco,2026-06-14,2026-06-22,ok,7332,False,False,False,https://data.insideairbnb.com/united-states/ca/san-francisco/2026-06-14/data/listings.csv.gz,62568e919cbf19ec5a16b4f9a39f92af5825bf333ece898ed78188d794208793
san-mateo-county,2025-09-25,2025-09-25,ok,3516,False,False,False,https://data.insideairbnb.com/united-states/ca/san-mateo-county/2025-09-25/data/listings.csv.gz,bf684d6fcf4b80d3105a724497ab696248a02ecfe23b00530bbd89669ece6eae
san-mateo-county,2025-12-28,2026-01-05,ok,2858,False,False,False,https://data.insideairbnb.com/united-states/ca/san-mateo-county/2025-12-28/data/listings.csv.gz,f1f70879d20c5cc5ef2363acb472414e30c208a904637b948c6ed9d0d7eb3fd2
san-mateo-county,2026-03-29,2026-03-30,ok,1982,False,False,False,https://data.insideairbnb.com/united-states/ca/san-mateo-county/2026-03-29/data/listings.csv.gz,be01cd1361bbc52a1bb5702dadbeae0d6edce8d60ed6c564402fa4e9cc5f87b5
san-mateo-county,2026-06-27,2026-07-02,ok,3347,False,False,False,https://data.insideairbnb.com/united-states/ca/san-mateo-county/2026-06-27/data/listings.csv.gz,99e05b3682cac5e4cf373ef85c6854cde7e557dd9a27fdd0c6b6c4720aad0619
santa-clara-county,2025-09-25,2025-10-05,ok,6940,False,False,False,https://data.insideairbnb.com/united-states/ca/santa-clara-county/2025-09-25/data/listings.csv.gz,72c72086b247f9ad3460dfa448190cc94a2a54ac4ba3c00f7bdd98670930c08d
santa-clara-county,2025-12-28,2026-01-05,ok,5742,False,False,False,https://data.insideairbnb.com/united-states/ca/santa-clara-county/2025-12-28/data/listings.csv.gz,197e897f132d6093e28a7cb0f59cb1ce0c972d6798b5509bdc3238cfd4c458f3
santa-clara-county,2026-03-29,2026-03-29,ok,3879,False,False,False,https://data.insideairbnb.com/united-states/ca/santa-clara-county/2026-03-29/data/listings.csv.gz,d3ce11baba66fc6eff98f312f8bbd8d6567336b6daf8f54b55864cd8316b5acd
santa-clara-county,2026-06-28,2026-07-03,ok,6891,False,False,False,https://data.insideairbnb.com/united-states/ca/santa-clara-county/2026-06-28/data/listings.csv.gz,3198ec0994d0c2c1242d72e3008908b6806f42a02777db107e7c0ae903c7f746
santa-cruz-county,2025-09-29,2025-09-30,ok,1760,False,False,False,https://data.insideairbnb.com/united-states/ca/santa-cruz-county/2025-09-29/data/listings.csv.gz,0924a2a31353a3444282958bab3740dc46723d7daeee6a6a15b00418cc8c4e1b
santa-cruz-county,2025-12-31,2026-01-05,ok,1570,False,False,False,https://data.insideairbnb.com/united-states/ca/santa-cruz-county/2025-12-31/data/listings.csv.gz,a92cd74e36316f64261c508e81301fe42b1670d76784f52a4b9e20449fd5c7f7
santa-cruz-county,2026-03-31,2026-04-01,ok,1222,False,False,False,https://data.insideairbnb.com/united-states/ca/santa-cruz-county/2026-03-31/data/listings.csv.gz,61aeb68742a50184c048b60ee08450bb42e7948d85c00d7d4a8e124ed07ed221
santa-cruz-county,2026-06-30,2026-07-03,ok,1795,False,False,False,https://data.insideairbnb.com/united-states/ca/santa-cruz-county/2026-06-30/data/listings.csv.gz,931af990c84b71d60bd663d4be7d6f1d49f7f2bddad479e3ba35cea21d185154
santiago,2025-09-27,2025-09-28,ok,16772,False,False,False,https://data.insideairbnb.com/chile/rm/santiago/2025-09-27/data/listings.csv.gz,dd80e54b3dc1ae11ff00cf07614926b29c0a30d910d0703040829fff53c8b97b
santiago,2025-12-29,2026-01-05,ok,17137,False,False,False,https://data.insideairbnb.com/chile/rm/santiago/2025-12-29/data/listings.csv.gz,8d5376d2d7c7e2c20adfbde4d017ab964a975f4eef1ddadc6c4cfa8e88d86412
santiago,2026-03-30,2026-04-02,ok,15945,False,False,False,https://data.insideairbnb.com/chile/rm/santiago/2026-03-30/data/listings.csv.gz,b76518c16e72a228a4285f8d238d5fd0aa6bc28bf854fe4c677e5d65bbd6d86f
santiago,2026-06-29,2026-07-02,ok,18534,False,False,False,https://data.insideairbnb.com/chile/rm/santiago/2026-06-29/data/listings.csv.gz,04f3ab7b113c80d7c9121c22ba832a10ce523542265c34952b64c8b98e6bd5a2
seattle,2025-09-25,2025-09-25,ok,6996,False,False,False,https://data.insideairbnb.com/united-states/wa/seattle/2025-09-25/data/listings.csv.gz,975c138dbf0f8f7826557da3ffb67de89d4500a424e08d470ab35fc849c0e743
seattle,2025-12-28,2026-01-05,ok,6420,False,False,False,https://data.insideairbnb.com/united-states/wa/seattle/2025-12-28/data/listings.csv.gz,be3fcac9a42f464537a3a66c99bf084bf7a49c431dae2399a536ada3d30d640b
seattle,2026-03-29,2026-03-29,ok,4550,False,False,False,https://data.insideairbnb.com/united-states/wa/seattle/2026-03-29/data/listings.csv.gz,70d10ccd2a9c317c1e80f05a8381c95ea8e316f15e34357a50e4ac71ed684c69
seattle,2026-06-15,2026-07-06,ok,7769,False,False,False,https://data.insideairbnb.com/united-states/wa/seattle/2026-06-15/data/listings.csv.gz,6fd58b14da98441f7c0cf7d37117a8b9241fcbfc23d7077ed004fb6aa7114145
sevilla,2025-09-29,2025-09-30,ok,8215,False,False,False,https://data.insideairbnb.com/spain/andaluc%C3%ADa/sevilla/2025-09-29/data/listings.csv.gz,4a438f7c82ed841e0fdebe0c19746a3ea3b07a98f220ae4ebadc42fdb8c092b8
sevilla,2025-12-30,2026-01-05,ok,7674,False,False,False,https://data.insideairbnb.com/spain/andaluc%C3%ADa/sevilla/2025-12-30/data/listings.csv.gz,c6fa91f96bdd97266bbbba3d6a5171529be47f9d99f48a0623ad52e8fac514ca
sevilla,2026-03-31,2026-04-02,ok,7093,False,False,False,https://data.insideairbnb.com/spain/andaluc%C3%ADa/sevilla/2026-03-31/data/listings.csv.gz,f017cdb87128aae0d0de8eae39213e728f5a78e0c80a223d89f404918acc6f05
sevilla,2026-06-30,2026-07-03,ok,8245,False,False,False,https://data.insideairbnb.com/spain/andaluc%C3%ADa/sevilla/2026-06-30/data/listings.csv.gz,af1788a955eb869f29b3c66e515a348b9ffeecaadff7480c1cdffe71a9856519
sicily,2025-09-29,2025-10-01,ok,57531,False,False,False,https://data.insideairbnb.com/italy/sicilia/sicily/2025-09-29/data/listings.csv.gz,d74ba5389c8a8e8b1a52066a961c8a769c8df25e38c59552bfe69c6dfc0b3e26
sicily,2025-12-30,2026-01-05,ok,49786,False,False,False,https://data.insideairbnb.com/italy/sicilia/sicily/2025-12-30/data/listings.csv.gz,d2fc68495d52f6bc54fb12da487794ac4c89043643d3eae7391f3ace4d05b092
sicily,2026-03-31,2026-04-03,ok,42502,False,False,False,https://data.insideairbnb.com/italy/sicilia/sicily/2026-03-31/data/listings.csv.gz,a422c7a373796b661fde72d1d65e3db76fe216a0fad3c522560b3948ca1c201f
sicily,2026-06-30,2026-07-02,ok,56873,False,False,False,https://data.insideairbnb.com/italy/sicilia/sicily/2026-06-30/data/listings.csv.gz,9e0e1d94cb0f4d26d350cbcd65a397abca6d1c5e4a2b091771feb01070f86c84
singapore,2025-09-28,2025-09-28,ok,3693,False,False,False,https://data.insideairbnb.com/singapore/sg/singapore/2025-09-28/data/listings.csv.gz,43b5424edbc322083063e7460a5412e0bd61590359c481286311fba5b17d9f01
singapore,2025-12-29,2026-01-05,ok,3639,False,False,False,https://data.insideairbnb.com/singapore/sg/singapore/2025-12-29/data/listings.csv.gz,d29459a20b14e7cc9104713fa8e6c373ea5481ef35593c90dfb8da17bfb2234b
singapore,2026-03-30,2026-04-02,ok,1192,False,True,True,https://data.insideairbnb.com/singapore/sg/singapore/2026-03-30/data/listings.csv.gz,63bd01e0e8c75b2d5cd14dbaac0e3488004dfe69f44477c037e949bd9b8327e6
singapore,2026-06-29,2026-07-02,ok,3097,False,False,False,https://data.insideairbnb.com/singapore/sg/singapore/2026-06-29/data/listings.csv.gz,e6d6975bd21f24895f204e3ed8af538329132f35b3958d99b3491c8ba65561db
south-aegean,2025-09-23,2025-10-06,ok,37139,False,False,False,https://data.insideairbnb.com/greece/south-aegean/south-aegean/2025-09-23/data/listings.csv.gz,ce5a78b8496ebf443b265a96cc39a2462cf96f212adc288404d9757ef4f208f7
south-aegean,2025-12-27,2026-01-05,ok,34834,False,False,False,https://data.insideairbnb.com/greece/south-aegean/south-aegean/2025-12-27/data/listings.csv.gz,4de379c7c534b7251cad03c21e571f09a70a5edb435ab107b62faaa3513441da
south-aegean,2026-03-29,2026-04-02,ok,30349,False,False,False,https://data.insideairbnb.com/greece/south-aegean/south-aegean/2026-03-29/data/listings.csv.gz,8d67cdc7e3ad408c34389eca09f105c535bea4dd5e4b1a6fb36facb1c2a6811e
south-aegean,2026-06-28,2026-07-04,ok,36680,False,False,False,https://data.insideairbnb.com/greece/south-aegean/south-aegean/2026-06-28/data/listings.csv.gz,109014e7474625360b28b64b05b4e0a27c84510d6f956e24fcd512f56da774b9
stockholm,2025-09-29,2025-09-29,ok,4955,False,False,False,https://data.insideairbnb.com/sweden/stockholms-l%C3%A4n/stockholm/2025-09-29/data/listings.csv.gz,eb321c44efce27e02ccac9bdb0003fffaa699df7f3273b66ac4348036506f993
stockholm,2025-12-30,2026-01-05,ok,3173,False,False,False,https://data.insideairbnb.com/sweden/stockholms-l%C3%A4n/stockholm/2025-12-30/data/listings.csv.gz,554c3eab4ff543b6cb562aa30d78e7ac9c65e5e505ab270d63f6b6309e333324
stockholm,2026-03-31,2026-04-02,ok,2566,False,False,False,https://data.insideairbnb.com/sweden/stockholms-l%C3%A4n/stockholm/2026-03-31/data/listings.csv.gz,7a23a89c7dac562350d37afa5716690f3a0d8a5c6bfd08d6d674d3787d697bfb
stockholm,2026-06-30,2026-07-03,ok,4806,False,False,False,https://data.insideairbnb.com/sweden/stockholms-l%C3%A4n/stockholm/2026-06-30/data/listings.csv.gz,6d0ff60954da6e05b73ed741fe7ebbff5b57fe3b18acf4696acf5b824e4e6d6f
sunshine-coast,2025-08-31,2025-08-31,ok,7196,False,False,False,https://data.insideairbnb.com/australia/qld/sunshine-coast/2025-08-31/data/listings.csv.gz,04200cab536600de65097052c3f6bb2f74394828834ab87c36ce524b9a85ea06
sunshine-coast,2025-09-30,2025-09-30,ok,7253,False,False,False,https://data.insideairbnb.com/australia/qld/sunshine-coast/2025-09-30/data/listings.csv.gz,99d5e22f202d2bac5755f892283d2e064ec525a83f8fa6dc4f2e54e52403304b
sunshine-coast,2025-10-31,2025-11-01,ok,7319,False,False,False,https://data.insideairbnb.com/australia/qld/sunshine-coast/2025-10-31/data/listings.csv.gz,edbdba736559c90f61079d5fc299ea26d220cf4ebc8a76b8025a3397149e2090
sunshine-coast,2025-11-30,2025-12-01,ok,7434,False,False,False,https://data.insideairbnb.com/australia/qld/sunshine-coast/2025-11-30/data/listings.csv.gz,d9b344688c60e705dbd54e4253eca20f08d8377c96bf6429eab18818f8aa74d9
sunshine-coast,2025-12-31,2026-01-05,ok,6556,False,False,False,https://data.insideairbnb.com/australia/qld/sunshine-coast/2025-12-31/data/listings.csv.gz,314547bb3d3cf8480a75eadaf4946996c07faecdcabcd5b6ab12cc0eed49864e
sunshine-coast,2026-01-30,2026-01-30,ok,6397,False,False,False,https://data.insideairbnb.com/australia/qld/sunshine-coast/2026-01-30/data/listings.csv.gz,2bcf1a46071674b018ad24810439326f88a4d1e19be347a231ab7add7285001b
sunshine-coast,2026-02-28,2026-03-01,ok,6450,False,False,False,https://data.insideairbnb.com/australia/qld/sunshine-coast/2026-02-28/data/listings.csv.gz,dc355b08d0c0d9d20fb3de3a497a25fc7840d95010d5fc3091f58e04a5c7b83e
sunshine-coast,2026-03-31,2026-04-02,ok,5964,False,False,False,https://data.insideairbnb.com/australia/qld/sunshine-coast/2026-03-31/data/listings.csv.gz,a7e3c8deacfeb8b8e055843a3ba601b07131dad18ea9260d22fcff59378ca771
sunshine-coast,2026-04-30,2026-04-30,ok,5997,False,False,False,https://data.insideairbnb.com/australia/qld/sunshine-coast/2026-04-30/data/listings.csv.gz,2e73186472c83b3ae9ef5cd7305f4ce4a2b655c740fa47ebb7b54a143b05b7f9
sunshine-coast,2026-05-31,2026-06-06,ok,6228,False,False,False,https://data.insideairbnb.com/australia/qld/sunshine-coast/2026-05-31/data/listings.csv.gz,eb2661caadb1d508f9302840ed24ab31987145e2745112480ad6cc2f48aae85d
sunshine-coast,2026-06-30,2026-07-02,ok,7297,False,False,False,https://data.insideairbnb.com/australia/qld/sunshine-coast/2026-06-30/data/listings.csv.gz,9ec57cb3026f03665c53af251ba82aee34d4d06b020c6c6c1ae3417b8bc7392f
sunshine-coast,2026-07-26,2026-07-29,ok,7281,False,False,False,https://data.insideairbnb.com/australia/qld/sunshine-coast/2026-07-26/data/listings.csv.gz,8c5b04ad1df88a69d8d56dbc48aa9b479ad64d2932489d485c1b6d81971426ef
sydney,2025-09-12,2025-09-12,ok,17730,False,False,False,https://data.insideairbnb.com/australia/nsw/sydney/2025-09-12/data/listings.csv.gz,6d886ebee5f16c3ca96494f5bd36da0bfec8a8d628d227a96abe960e7a48d2d4
sydney,2025-12-12,2025-12-13,ok,20436,False,False,False,https://data.insideairbnb.com/australia/nsw/sydney/2025-12-12/data/listings.csv.gz,bde52b1fc6679cdf2ef42e230a1009abeae9995754acd2a3ccae53308835790d
sydney,2026-01-17,2026-01-17,ok,17787,False,False,False,https://data.insideairbnb.com/australia/nsw/sydney/2026-01-17/data/listings.csv.gz,795f68d286650b9350d89c61a9b685791ba493af8fc36403171bd1ff94198cff
sydney,2026-02-17,2026-02-17,ok,16463,True,False,True,https://data.insideairbnb.com/australia/nsw/sydney/2026-02-17/data/listings.csv.gz,1566027b9671c36090f5dbad7099d20dd2cc96b79ba9baf27475e0f325bb276e
sydney,2026-03-21,2026-03-21,ok,13563,True,False,True,https://data.insideairbnb.com/australia/nsw/sydney/2026-03-21/data/listings.csv.gz,5697404fb8d640a1532f184dab5152bec24b62f45721934b557a3a1c948c8004
sydney,2026-04-18,2026-04-18,ok,13799,True,False,True,https://data.insideairbnb.com/australia/nsw/sydney/2026-04-18/data/listings.csv.gz,70703c1e9cf1aabcc1965360bd2f66fd7b0749feb77a5b1fba8becb1f2fcd9f9
sydney,2026-05-23,2026-06-06,ok,14638,True,False,True,https://data.insideairbnb.com/australia/nsw/sydney/2026-05-23/data/listings.csv.gz,f93c9d9005e6cc0b6977c6d47468c7a2e27c4f58fff96a1e38780bcc2d3bbeb7
sydney,2026-06-16,2026-06-29,ok,20573,False,False,False,https://data.insideairbnb.com/australia/nsw/sydney/2026-06-16/data/listings.csv.gz,56c7b83723a195d6e4d0bf6d6ecd6da9b43b00cda9c9f6c08ffe11b7ee79597d
sydney,2026-07-15,2026-07-15,ok,20736,False,False,False,https://data.insideairbnb.com/australia/nsw/sydney/2026-07-15/data/listings.csv.gz,e6f2a3cdad692e0ce19a51b3cdf802fd90cb08fb6574b33f3e57d49866e3945f
sydney,2026-08-15,2026-08-28,ok,20767,False,False,False,https://data.insideairbnb.com/australia/nsw/sydney/2026-08-15/data/listings.csv.gz,e51f645c60c2059561cabba9766d3ccdc6be72185d6a3a9f7d6bb4bbf687ce0c
taipei,2025-09-30,2025-09-30,ok,6241,False,False,False,https://data.insideairbnb.com/taiwan/northern-taiwan/taipei/2025-09-30/data/listings.csv.gz,eec68bb06e6179e268975f3a97cfb4c404edb0a3df80e0e3ab691ffac7dca892
taipei,2025-12-31,2026-01-05,ok,5536,False,False,False,https://data.insideairbnb.com/taiwan/northern-taiwan/taipei/2025-12-31/data/listings.csv.gz,744753232d7f3cefe6b30ee539528cac076b653274cf63402d7ee299afa9738e
taipei,2026-03-31,2026-04-02,ok,4049,False,False,False,https://data.insideairbnb.com/taiwan/northern-taiwan/taipei/2026-03-31/data/listings.csv.gz,e22381d22cad05977d5a43fea09e7fee40c3f35b2a6e83907998c890c3b5fa2b
taipei,2026-06-30,2026-07-02,ok,6419,False,False,False,https://data.insideairbnb.com/taiwan/northern-taiwan/taipei/2026-06-30/data/listings.csv.gz,db99ef29e91f6eed6c233e1cdd38cf5ffc522a6bb6d567a855f5bb665aaf548e
tasmania,2025-09-11,2025-09-11,ok,6501,False,False,False,https://data.insideairbnb.com/australia/tas/tasmania/2025-09-11/data/listings.csv.gz,2cb25e2152ce8d3485a3f06a418c3cbc64cc2de66351fe8ca162662273f2f9d1
tasmania,2025-12-12,2025-12-12,ok,6648,False,False,False,https://data.insideairbnb.com/australia/tas/tasmania/2025-12-12/data/listings.csv.gz,f81fee5716cdd4f27b9727d47aae0d2880ddeea6b23e45228c348f2a01a69432
tasmania,2026-03-19,2026-03-20,ok,6031,False,False,False,https://data.insideairbnb.com/australia/tas/tasmania/2026-03-19/data/listings.csv.gz,7783f12efa81383dea46d4b7ebc04c6c97807509087b6fe8e3d55c804ed06c91
tasmania,2026-06-15,2026-06-24,ok,6618,False,False,False,https://data.insideairbnb.com/australia/tas/tasmania/2026-06-15/data/listings.csv.gz,871d0cd467d8fd1c8a611a7ca74c6b751ad241b010bc815a3d18c19f595c4b92
the-hague,2025-09-25,2025-09-25,ok,1481,False,False,False,https://data.insideairbnb.com/the-netherlands/south-holland/the-hague/2025-09-25/data/listings.csv.gz,c1efca2e1b1c293922001847879c74ce37542bb838e8ef70399ab93a5d810a7d
the-hague,2025-12-28,2026-01-05,ok,979,False,False,False,https://data.insideairbnb.com/the-netherlands/south-holland/the-hague/2025-12-28/data/listings.csv.gz,2877497c20dde4f22037d0eae04f98d880aac4a363cf3dfe1ac0468c891ddb47
the-hague,2026-03-29,2026-03-30,ok,928,False,False,False,https://data.insideairbnb.com/the-netherlands/south-holland/the-hague/2026-03-29/data/listings.csv.gz,487a62c8c1b77d39124ec9b368e5722ec188eb878646c213b49624f6cae6d9c4
the-hague,2026-06-28,2026-07-03,ok,1492,False,False,False,https://data.insideairbnb.com/the-netherlands/south-holland/the-hague/2026-06-28/data/listings.csv.gz,2b47502d4d2fc67d2d3ea508ca73af1b48d071d723deede4d980ab1ca4714a31
thessaloniki,2025-09-26,2025-09-26,ok,4762,False,False,False,https://data.insideairbnb.com/greece/central-macedonia/thessaloniki/2025-09-26/data/listings.csv.gz,dec154dddb4ddd738550a6bb45d0208e960f3b5653af5c4125baa0f5f1022088
thessaloniki,2025-12-28,2025-12-30,ok,4690,False,False,False,https://data.insideairbnb.com/greece/central-macedonia/thessaloniki/2025-12-28/data/listings.csv.gz,581440efbe87f47a7e8eaa1cdad2a219328e593cd0bc6c5aa0930ae2190a0ec6
thessaloniki,2026-03-30,2026-04-06,ok,4356,False,False,False,https://data.insideairbnb.com/greece/central-macedonia/thessaloniki/2026-03-30/data/listings.csv.gz,b8562e94731f52133f53e6d6c09a1e49c5d0e73bb3058dc818b5ddcc4a238189
thessaloniki,2026-06-29,2026-07-02,ok,4965,False,False,False,https://data.insideairbnb.com/greece/central-macedonia/thessaloniki/2026-06-29/data/listings.csv.gz,34d3a53a6f82352e4fa18b8d54a2c1023db6da51f00cb1735d48e8b4c5b8791c
tokyo,2025-09-29,2025-09-30,ok,27945,False,False,False,https://data.insideairbnb.com/japan/kant%C5%8D/tokyo/2025-09-29/data/listings.csv.gz,d48df093a3fe7acaa13619ab7976bc7b834e006cde306a1c2d11e30b0ee4034e
tokyo,2025-12-29,2026-01-05,ok,29807,False,False,False,https://data.insideairbnb.com/japan/kant%C5%8D/tokyo/2025-12-29/data/listings.csv.gz,6de573173ec25473e5c2519a746dcbb64856e103fe08ea5c579de7f056c49b78
tokyo,2026-03-30,2026-04-03,ok,24790,False,False,False,https://data.insideairbnb.com/japan/kant%C5%8D/tokyo/2026-03-30/data/listings.csv.gz,0d8fb4dd32571b7a933a3386b2e5397034027e023dce9ebe7c1c70cdca944bd3
tokyo,2026-06-30,2026-07-03,ok,34419,False,False,False,https://data.insideairbnb.com/japan/kant%C5%8D/tokyo/2026-06-30/data/listings.csv.gz,d61a61f0e4eea94b00717aa64fcdc9b3dca1cac8c05e69987423936d1d61489a
toronto,2025-09-11,2025-09-12,ok,21356,False,False,False,https://data.insideairbnb.com/canada/on/toronto/2025-09-11/data/listings.csv.gz,5d297809d4b38e30c5fa57c46f33398750664c7a31cf43d4fd6c8d6cd53d8d1b
toronto,2025-10-07,2025-10-08,ok,21316,False,False,False,https://data.insideairbnb.com/canada/on/toronto/2025-10-07/data/listings.csv.gz,985451d495d4b00275d854090857e8cae390fde95723a6ef4c081624020bacb6
toronto,2025-11-11,2025-11-26,ok,21468,False,False,False,https://data.insideairbnb.com/canada/on/toronto/2025-11-11/data/listings.csv.gz,c23fd866d4ddffa5586b50d775d2ca5a7f4835131c75cb9cdc76d8b12bc4e942
toronto,2025-12-12,2025-12-13,ok,21602,False,False,False,https://data.insideairbnb.com/canada/on/toronto/2025-12-12/data/listings.csv.gz,2f44b79fc40975c69216d01b5271e15b26c521025fe1682f08c133cc57aeb028
toronto,2026-01-16,2026-01-17,ok,15776,False,False,False,https://data.insideairbnb.com/canada/on/toronto/2026-01-16/data/listings.csv.gz,4b0e11f2922d8ca0bee62779d992107d25c1092bb504e3e6192ebb1945e0d212
toronto,2026-02-17,2026-02-18,ok,16896,False,False,False,https://data.insideairbnb.com/canada/on/toronto/2026-02-17/data/listings.csv.gz,77afe780e9fc2896611ffed04a3d74f7a090395ae6edf5f60a2799fc882d4178
toronto,2026-03-19,2026-03-20,ok,15490,False,False,False,https://data.insideairbnb.com/canada/on/toronto/2026-03-19/data/listings.csv.gz,344a596fef35bbf885c477d1b21fc34b7b90f93b446da8e935db248817a57bde
toronto,2026-04-18,2026-04-18,ok,6701,False,True,True,https://data.insideairbnb.com/canada/on/toronto/2026-04-18/data/listings.csv.gz,0e851f2f63e999b12575ca47dc39d0a507213910a600189df3f8157310842e62
toronto,2026-05-23,2026-06-04,ok,15869,False,False,False,https://data.insideairbnb.com/canada/on/toronto/2026-05-23/data/listings.csv.gz,1cef47fdd722b2a3af02d60cbc8ba35c407284e8ca128f0edce93cbf63c6fc30
toronto,2026-06-15,2026-06-28,ok,22198,False,False,False,https://data.insideairbnb.com/canada/on/toronto/2026-06-15/data/listings.csv.gz,175b9d6efa701837ef768a5f71256f845dc92c80bf67cbe071d8e3830a8fb9cc
toronto,2026-07-14,2026-07-16,ok,22212,False,False,False,https://data.insideairbnb.com/canada/on/toronto/2026-07-14/data/listings.csv.gz,19368bdb30b2cd0eca3cda208d2e45cf2622aa7fcbb7e3a0ce3f0f7d07121cbb
trentino,2025-09-30,2025-09-30,ok,9220,False,False,False,https://data.insideairbnb.com/italy/trentino-alto-adige-s%C3%BCdtirol/trentino/2025-09-30/data/listings.csv.gz,499874149cdc28184778f72d01a4bd71675d662b35e5ec4c3c98980f520d089c
trentino,2025-12-31,2026-01-05,ok,8174,False,False,False,https://data.insideairbnb.com/italy/trentino-alto-adige-s%C3%BCdtirol/trentino/2025-12-31/data/listings.csv.gz,72aaf8fa9aa92ea7c3144cd6cceb70bce2fa52d251fcbcc5b0b2e62467209618
trentino,2026-03-31,2026-04-02,ok,8007,False,False,False,https://data.insideairbnb.com/italy/trentino-alto-adige-s%C3%BCdtirol/trentino/2026-03-31/data/listings.csv.gz,94511eaaf351b77c55bf912e938b0ed70d5bf64ce39765476f8a7513c4251cfc
trentino,2026-06-30,2026-07-02,ok,10084,False,False,False,https://data.insideairbnb.com/italy/trentino-alto-adige-s%C3%BCdtirol/trentino/2026-06-30/data/listings.csv.gz,ac1072b7bc2ca448ed213639fe69e256bb033e2157e43d8c1304acd19de14868
twin-cities-msa,2025-09-23,2025-09-24,ok,5318,False,False,False,https://data.insideairbnb.com/united-states/mn/twin-cities-msa/2025-09-23/data/listings.csv.gz,6dc9b2378b301cef0cbc1b6ea207f979779ed523e4b953444d04eb4a4bb68ba3
twin-cities-msa,2025-12-27,2026-01-05,ok,5392,False,False,False,https://data.insideairbnb.com/united-states/mn/twin-cities-msa/2025-12-27/data/listings.csv.gz,2dd0f9aad626e37268e8063cdd9dea6ade3bbe4fb20fc5d457738a6e6c9de5f5
twin-cities-msa,2026-03-29,2026-03-29,ok,4105,False,False,False,https://data.insideairbnb.com/united-states/mn/twin-cities-msa/2026-03-29/data/listings.csv.gz,116a62e3dd4d7f8959b23066c0607d8f0b13437fba07f7720784522d1a662ee0
twin-cities-msa,2026-06-27,2026-07-03,ok,5349,False,False,False,https://data.insideairbnb.com/united-states/mn/twin-cities-msa/2026-06-27/data/listings.csv.gz,e5b85e85b70c0b777622759461bb0830018974cc41e9fc6ff9ba2ef4897e4b86
valencia,2025-09-23,2025-09-24,ok,7844,False,False,False,https://data.insideairbnb.com/spain/vc/valencia/2025-09-23/data/listings.csv.gz,5ec16cdae41a06fc1e1dd7f19cd8362747535e4fad09b8bd282a1a77d6699a9b
valencia,2025-12-27,2026-01-05,ok,7702,False,False,False,https://data.insideairbnb.com/spain/vc/valencia/2025-12-27/data/listings.csv.gz,b52f3e3bbc903a63669683e11edc45e30f8dfe3b23210e0c8e93e7c6603ce6e8
valencia,2026-03-28,2026-03-28,ok,4930,False,False,False,https://data.insideairbnb.com/spain/vc/valencia/2026-03-28/data/listings.csv.gz,d2da7ec04223428b0eed59b34902b3d4cb98ece7868d7d1ead502c59b02dbc97
valencia,2026-06-26,2026-07-03,ok,7851,False,False,False,https://data.insideairbnb.com/spain/vc/valencia/2026-06-26/data/listings.csv.gz,1e8b8c2fe84b1be886825160561469d51d117707ea1a3748e0ca2ff3e1a55d4f
vancouver,2025-09-14,2025-09-14,ok,5613,False,False,False,https://data.insideairbnb.com/canada/bc/vancouver/2025-09-14/data/listings.csv.gz,6c030a78d43516a63129fe1a736157bc11e5d4d879222043bd827ad8e06478c7
vancouver,2025-10-17,2025-10-24,ok,4705,False,False,False,https://data.insideairbnb.com/canada/bc/vancouver/2025-10-17/data/listings.csv.gz,7c793082a7b0c54e2f4b2ad46775a7b07336f1f3a24f60d14b9caaebd0cb63a5
vancouver,2025-11-17,2025-11-17,ok,5685,False,False,False,https://data.insideairbnb.com/canada/bc/vancouver/2025-11-17/data/listings.csv.gz,fdb324ac80ad2c8464d38dd77cf81618cb3a589a0139878fc3181c7032984511
vancouver,2025-12-14,2025-12-14,ok,5726,False,False,False,https://data.insideairbnb.com/canada/bc/vancouver/2025-12-14/data/listings.csv.gz,4a6ef7acccb74855fc45d58b194f271323bc9e8da1d7641842a121fdd5cedbe3
vancouver,2026-01-18,2026-01-18,ok,5719,False,False,False,https://data.insideairbnb.com/canada/bc/vancouver/2026-01-18/data/listings.csv.gz,a31201faf3ebd567dadbd67c792c888edecad7dc9c48ef7205bf1bd6638752b5
vancouver,2026-02-18,2026-02-18,ok,4689,False,False,False,https://data.insideairbnb.com/canada/bc/vancouver/2026-02-18/data/listings.csv.gz,dff71454388399bff3a5fdabcc946223687cbd853f77d8a9a9b76396e803385f
vancouver,2026-03-21,2026-03-21,ok,5725,False,False,False,https://data.insideairbnb.com/canada/bc/vancouver/2026-03-21/data/listings.csv.gz,87b39e5f3af8f9fce9928772fa6f1b86641c29ddf3b5c867f7f3481f75573120
vancouver,2026-04-19,2026-04-19,ok,3494,False,False,False,https://data.insideairbnb.com/canada/bc/vancouver/2026-04-19/data/listings.csv.gz,fb432ef387913d91e23263a200d9d7a79ac5898d42bd0400f7e7fe098b26d146
vancouver,2026-05-24,2026-06-03,ok,6270,False,False,False,https://data.insideairbnb.com/canada/bc/vancouver/2026-05-24/data/listings.csv.gz,b7d7aa3f40bb3f8eaa0ca43288c2e845072f7d054e8159d275539d8e2031990d
vancouver,2026-06-15,2026-07-06,ok,6509,False,False,False,https://data.insideairbnb.com/canada/bc/vancouver/2026-06-15/data/listings.csv.gz,64a8bc1fa61a0923a36a609ef8caf8354b44c081d4758b82e1adec697c0b2143
vancouver,2026-07-14,2026-07-14,ok,6624,False,False,False,https://data.insideairbnb.com/canada/bc/vancouver/2026-07-14/data/listings.csv.gz,6c28394f591a026560fc5ad6f6a23cd969becb1ec56021a47d6ca427ca4743fb
vaud,2025-09-06,2025-09-07,ok,5584,False,False,False,https://data.insideairbnb.com/switzerland/vd/vaud/2025-09-06/data/listings.csv.gz,a44b6e53b8fefb834ebbd020025897bb1f38ad0b6b5f69223afad5fdf1d247ed
vaud,2025-10-05,2025-10-06,ok,5514,False,False,False,https://data.insideairbnb.com/switzerland/vd/vaud/2025-10-05/data/listings.csv.gz,f2c70b604fc5ed910feb5855bfd78e24459cc96f1cd60defcd1587a06df12a06
vaud,2025-11-01,2025-11-07,ok,5486,False,False,False,https://data.insideairbnb.com/switzerland/vd/vaud/2025-11-01/data/listings.csv.gz,0ba926d17579320fdaf44df3f9132b830dc10b0416a50ba0f21b2ab2dcfd3dcf
vaud,2025-12-11,2025-12-12,ok,5519,False,False,False,https://data.insideairbnb.com/switzerland/vd/vaud/2025-12-11/data/listings.csv.gz,91cb9ac6448146392c8cdedad08cb1998c884096ce3f225d165c17d8d4f0bc71
vaud,2026-01-15,2026-01-15,ok,3851,False,False,False,https://data.insideairbnb.com/switzerland/vd/vaud/2026-01-15/data/listings.csv.gz,e7f5253cadb1ad0c5928d2a6c45cbbcea4e665da8b8b45d2cbf997d754fed4f4
vaud,2026-02-13,2026-02-13,ok,5547,False,False,False,https://data.insideairbnb.com/switzerland/vd/vaud/2026-02-13/data/listings.csv.gz,9a0bd74428c2c19d8734da16d4428497ff93c239b7f4369107257b0a26756df1
vaud,2026-03-16,2026-03-17,ok,5480,False,False,False,https://data.insideairbnb.com/switzerland/vd/vaud/2026-03-16/data/listings.csv.gz,ed9bf51e477b7eb1a80d352f75fa79f891907fc3e0c8b4bc3a91458bcf607ff5
vaud,2026-04-14,2026-04-15,ok,5421,False,False,False,https://data.insideairbnb.com/switzerland/vd/vaud/2026-04-14/data/listings.csv.gz,9e133e7e929d2e74cca9fc74c166b2a9b23fc9bc991c227d98f50b35498686bd
vaud,2026-05-23,2026-06-06,ok,5249,False,False,False,https://data.insideairbnb.com/switzerland/vd/vaud/2026-05-23/data/listings.csv.gz,aed643cfec71d5711ba0585b3dea19102ba01b990235bf1ad9409fd9b802aed9
vaud,2026-06-15,2026-06-22,ok,5301,False,False,False,https://data.insideairbnb.com/switzerland/vd/vaud/2026-06-15/data/listings.csv.gz,7a9ef94d9534c959feed32942aa772e1a4159b176a756da14a34c92fc6194b6b
vaud,2026-07-12,2026-07-12,ok,5402,False,False,False,https://data.insideairbnb.com/switzerland/vd/vaud/2026-07-12/data/listings.csv.gz,6096bb4e7dce09f90addfe644738a5852374d6695a1ac19d0ad664d5b06adce3
venice,2025-09-11,2025-09-11,ok,8590,False,False,False,https://data.insideairbnb.com/italy/veneto/venice/2025-09-11/data/listings.csv.gz,56465117216fc339cc2d228182d5be9768d0f224ada41dca2ad98e26d5a017eb
venice,2025-12-11,2025-12-11,ok,8605,False,False,False,https://data.insideairbnb.com/italy/veneto/venice/2025-12-11/data/listings.csv.gz,870d1c129696e4db769ea6e6a2194a016bcd0f63a7228aeeebe03962cc28b9eb
venice,2026-03-19,2026-03-19,ok,7865,False,False,False,https://data.insideairbnb.com/italy/veneto/venice/2026-03-19/data/listings.csv.gz,33edebbd19d2f0c1187e592534986b32f3b6c523f71892928d98df8f8f17eaa4
venice,2026-06-15,2026-07-02,ok,8766,False,False,False,https://data.insideairbnb.com/italy/veneto/venice/2026-06-15/data/listings.csv.gz,7cfb93b8a374ea979da5aff596e0e8a52289686493531841f0a57fecbab3a11a
victoria,2025-08-30,2025-08-30,ok,3395,False,False,False,https://data.insideairbnb.com/canada/bc/victoria/2025-08-30/data/listings.csv.gz,9796b8212cf1a41aca3b9ded208a6b0378cfa3298cd702113d0a2a16b5b1f738
victoria,2025-09-29,2025-09-29,ok,3396,False,False,False,https://data.insideairbnb.com/canada/bc/victoria/2025-09-29/data/listings.csv.gz,56d855202b2512e57ecc2c1df5d609073c047e8218771a302491376699491d43
victoria,2025-10-30,2025-10-30,ok,3398,False,False,False,https://data.insideairbnb.com/canada/bc/victoria/2025-10-30/data/listings.csv.gz,7d3d37c4e249b1832641bbc1fe60999100973c0ac928231c7369a39ab43c9fbf
victoria,2025-11-29,2025-11-29,ok,3394,False,False,False,https://data.insideairbnb.com/canada/bc/victoria/2025-11-29/data/listings.csv.gz,922a2b9a92e75cc893b8551d418df436debb572c9e9af4910a77337ede3b2ba8
victoria,2025-12-29,2025-12-30,ok,2874,False,False,False,https://data.insideairbnb.com/canada/bc/victoria/2025-12-29/data/listings.csv.gz,cbd3907d070e3338bc698008f4e641c1dc43c979c7d35738966c5b6b7a02af5a
victoria,2026-01-26,2026-01-27,ok,2906,False,False,False,https://data.insideairbnb.com/canada/bc/victoria/2026-01-26/data/listings.csv.gz,94ba318b2af350e6b7f11aab8d3cd9497cfe406cb52711f16f200f1db58b765a
victoria,2026-02-27,2026-02-27,ok,2947,False,False,False,https://data.insideairbnb.com/canada/bc/victoria/2026-02-27/data/listings.csv.gz,ccf07c47ea92fa771cf61bfa9865828fc3f6c0460d99c22cdfaf37cbbf7ec236
victoria,2026-03-30,2026-04-01,ok,1987,False,False,False,https://data.insideairbnb.com/canada/bc/victoria/2026-03-30/data/listings.csv.gz,00d232ff87c1a7ba7dd5695906d232a58a7db87654f7cff585cb041885c8de39
victoria,2026-04-29,2026-04-29,ok,1970,False,False,False,https://data.insideairbnb.com/canada/bc/victoria/2026-04-29/data/listings.csv.gz,7d69288c8b187efd83a5f58ab64936d1d2f8b9b23766a8f65df9ec53a93ad373
victoria,2026-06-29,2026-07-03,ok,3530,False,False,False,https://data.insideairbnb.com/canada/bc/victoria/2026-06-29/data/listings.csv.gz,cbfe0e836f8f103574ddf53b2b8944fc3f492fde5b49e6fb43be57e1fbf145cd
victoria,2026-07-24,2026-07-26,ok,3556,False,False,False,https://data.insideairbnb.com/canada/bc/victoria/2026-07-24/data/listings.csv.gz,137ce26096b148bd234754200cf9110bcad8ea84cad1852cef1e55039e5296a9
vienna,2025-09-14,2025-09-15,ok,14123,False,False,False,https://data.insideairbnb.com/austria/vienna/vienna/2025-09-14/data/listings.csv.gz,294f7679e58cec5f681b2dafb5d728492c4b8b8645e400adab045fe05b982df4
vienna,2025-12-16,2025-12-16,ok,14166,False,False,False,https://data.insideairbnb.com/austria/vienna/vienna/2025-12-16/data/listings.csv.gz,0533e9087ac50e6feebfaca2437d7a2fa63c65d80de3edcdb896b3e746bb3d5d
vienna,2026-03-24,2026-03-25,ok,7734,False,False,False,https://data.insideairbnb.com/austria/vienna/vienna/2026-03-24/data/listings.csv.gz,21dfba6e67ffb5e78d24a8ed185eb425d2f9e6ffb2408dd037f7eb0730cb9574
vienna,2026-06-20,2026-07-06,ok,13283,False,False,False,https://data.insideairbnb.com/austria/vienna/vienna/2026-06-20/data/listings.csv.gz,9711514b64a8f984e74cf43f40a6f19c33e34d09719f1a647c9b4da1b0149f94
washington-dc,2025-09-22,2025-09-24,ok,6374,False,False,False,https://data.insideairbnb.com/united-states/dc/washington-dc/2025-09-22/data/listings.csv.gz,8074007e9316d9a8edf33f5299db14f2efa63fd6525ac89e3da114974ae3c41b
washington-dc,2025-12-25,2026-01-05,ok,6459,False,False,False,https://data.insideairbnb.com/united-states/dc/washington-dc/2025-12-25/data/listings.csv.gz,d68f86093c8e9e5fbea09b5db5d5285aac3830bd949510f6292dfdc5836baa37
washington-dc,2026-03-27,2026-03-27,ok,3315,False,True,True,https://data.insideairbnb.com/united-states/dc/washington-dc/2026-03-27/data/listings.csv.gz,f68a5729fc59d76a9fc32f439d486c4bede8d49ca9d7424fb7c89d1eb92189c5
washington-dc,2026-06-24,2026-07-03,ok,6945,False,False,False,https://data.insideairbnb.com/united-states/dc/washington-dc/2026-06-24/data/listings.csv.gz,ec4c93b55abcc3ddf4fe4561f791d7393fca237d6551356582463e17d9d473a5
western-australia,2025-09-26,2025-09-26,ok,12807,False,False,False,https://data.insideairbnb.com/australia/wa/western-australia/2025-09-26/data/listings.csv.gz,cf1678af8171789e9ae6cb0855df27ccbdd8e885bd3a98e6f3a3205ae8ab4e91
western-australia,2025-12-28,2026-01-05,ok,12265,False,False,False,https://data.insideairbnb.com/australia/wa/western-australia/2025-12-28/data/listings.csv.gz,b73ea7eebf5ad2d26dd19834467be696b779f12609ed2c7bac3bfdb67e5b8806
western-australia,2026-03-29,2026-04-06,ok,10465,False,False,False,https://data.insideairbnb.com/australia/wa/western-australia/2026-03-29/data/listings.csv.gz,871df9b3e4de80955875310f697e166c0f67c1af0415c27bdb7109f9434f032a
western-australia,2026-06-28,2026-06-29,ok,11724,False,False,False,https://data.insideairbnb.com/australia/wa/western-australia/2026-06-28/data/listings.csv.gz,0ccfc212f6b0145a64f2f1b253229ae81eff14fe46ca576f1a1b82566161b85c
winnipeg,2025-09-18,2025-09-18,ok,1637,False,False,False,https://data.insideairbnb.com/canada/mb/winnipeg/2025-09-18/data/listings.csv.gz,2eb3d458172788a77431423fc7afef5709551942be962cf9d17b19c877eb12e0
winnipeg,2025-12-22,2025-12-30,ok,1713,False,False,False,https://data.insideairbnb.com/canada/mb/winnipeg/2025-12-22/data/listings.csv.gz,ba01cb2d3721411d5ebb2bf0da6b41e23e7cb87e6af969b125022f96d46a629e
winnipeg,2026-03-25,2026-03-25,ok,1256,False,False,False,https://data.insideairbnb.com/canada/mb/winnipeg/2026-03-25/data/listings.csv.gz,a28bccfefd32676de3341103ec27c2bd7d31539404cc1ffe9a374daa4d2edae0
winnipeg,2026-06-22,2026-07-02,ok,1790,False,False,False,https://data.insideairbnb.com/canada/mb/winnipeg/2026-06-22/data/listings.csv.gz,ed6f2f35454169aa6c8b685f968a28830c3b246e239e413cf9ab0df854c96e70
zurich,2025-09-29,2025-09-29,ok,3417,False,False,False,https://data.insideairbnb.com/switzerland/z%C3%BCrich/zurich/2025-09-29/data/listings.csv.gz,03c603d5823c43053d6422ab9afe86ae92c556455f9da235465dec1c602c7fcd
zurich,2025-12-29,2026-01-05,ok,2756,False,False,False,https://data.insideairbnb.com/switzerland/z%C3%BCrich/zurich/2025-12-29/data/listings.csv.gz,2b4fd812bc36ac062abd03d94a90db0e9a898a13a3d7eede746f69c323cb82a2
zurich,2026-03-30,2026-04-06,ok,1828,False,False,False,https://data.insideairbnb.com/switzerland/z%C3%BCrich/zurich/2026-03-30/data/listings.csv.gz,508f73313c45ffd32d58739650c1c31ae4c2b4d0a3725a533d1ec71ad01c3404
zurich,2026-06-30,2026-07-03,ok,3308,False,False,False,https://data.insideairbnb.com/switzerland/z%C3%BCrich/zurich/2026-06-30/data/listings.csv.gz,bfe8873f700a086d0fe78559cebf2763989d71e014f0856dc6279a6a3b116ec3
