location,sha256,line_number
https://github.com/Kaenyne/Citadel-ABNB/blob/e3055e627f4b7952c592939a03849f5fc32b9235/data/processed/eurostat_platform_vs_hotel_by_country_2019_2024.csv,3417055c9b1abd2475cfd2442719e8407b8e5c0c47d84775d53a14d121c82241,1
https://github.com/Kaenyne/Citadel-ABNB/blob/e3055e627f4b7952c592939a03849f5fc32b9235/data/processed/overnight/04_consensus_sources.csv,0a99598fdac938931810492b9c72612365ae445af8e907b804d906681cdd98ff,140
https://github.com/Kaenyne/Citadel-ABNB/blob/e3055e627f4b7952c592939a03849f5fc32b9235/data/processed/overnight/04_consensus_sources.csv,0a99598fdac938931810492b9c72612365ae445af8e907b804d906681cdd98ff,141
https://github.com/Kaenyne/Citadel-ABNB/blob/e3055e627f4b7952c592939a03849f5fc32b9235/data/processed/overnight/04_consensus_sources.csv,0a99598fdac938931810492b9c72612365ae445af8e907b804d906681cdd98ff,142
https://github.com/Kaenyne/Citadel-ABNB/blob/e3055e627f4b7952c592939a03849f5fc32b9235/data/processed/overnight/11_new_business_scenarios.csv,61033fae4d67b1c82684fa60328f9eb5d55fe2f059601e8f66db88986e074b04,2
https://github.com/Kaenyne/Citadel-ABNB/blob/e3055e627f4b7952c592939a03849f5fc32b9235/data/processed/overnight/11_new_business_scenarios.csv,61033fae4d67b1c82684fa60328f9eb5d55fe2f059601e8f66db88986e074b04,3
https://github.com/Kaenyne/Citadel-ABNB/blob/e3055e627f4b7952c592939a03849f5fc32b9235/data/processed/overnight/11_new_business_scenarios.csv,61033fae4d67b1c82684fa60328f9eb5d55fe2f059601e8f66db88986e074b04,4
https://github.com/Kaenyne/Citadel-ABNB/blob/e3055e627f4b7952c592939a03849f5fc32b9235/data/processed/overnight/11_new_business_scenarios.csv,61033fae4d67b1c82684fa60328f9eb5d55fe2f059601e8f66db88986e074b04,26
https://github.com/Kaenyne/Citadel-ABNB/blob/e3055e627f4b7952c592939a03849f5fc32b9235/data/processed/overnight/11_new_business_scenarios.csv,61033fae4d67b1c82684fa60328f9eb5d55fe2f059601e8f66db88986e074b04,27
https://github.com/Kaenyne/Citadel-ABNB/blob/e3055e627f4b7952c592939a03849f5fc32b9235/data/processed/overnight/11_new_business_scenarios.csv,61033fae4d67b1c82684fa60328f9eb5d55fe2f059601e8f66db88986e074b04,28
https://github.com/Kaenyne/Citadel-ABNB/blob/e3055e627f4b7952c592939a03849f5fc32b9235/research/notes/2026-09-04_abnb-pitch-catalogue.md,df04643372e39dc2900c97d1745e6faaf3906ad11fac167604aca50763fafee9,63
https://github.com/Kaenyne/Citadel-ABNB/blob/e3055e627f4b7952c592939a03849f5fc32b9235/research/notes/2026-09-04_abnb-pitch-catalogue.md,df04643372e39dc2900c97d1745e6faaf3906ad11fac167604aca50763fafee9,86
https://github.com/Kaenyne/Citadel-ABNB/blob/e3055e627f4b7952c592939a03849f5fc32b9235/research/notes/2026-09-04_abnb-pitch-catalogue.md,df04643372e39dc2900c97d1745e6faaf3906ad11fac167604aca50763fafee9,87
https://github.com/Kaenyne/Citadel-ABNB/blob/e3055e627f4b7952c592939a03849f5fc32b9235/research/notes/2026-09-04_abnb-pitch-catalogue.md,df04643372e39dc2900c97d1745e6faaf3906ad11fac167604aca50763fafee9,102
https://github.com/Kaenyne/Citadel-ABNB/blob/e3055e627f4b7952c592939a03849f5fc32b9235/research/notes/2026-09-04_abnb-pitch-catalogue.md,df04643372e39dc2900c97d1745e6faaf3906ad11fac167604aca50763fafee9,153
https://github.com/Kaenyne/Citadel-ABNB/blob/e3055e627f4b7952c592939a03849f5fc32b9235/research/notes/2026-09-04_abnb-pitch-catalogue.md,df04643372e39dc2900c97d1745e6faaf3906ad11fac167604aca50763fafee9,165
https://github.com/Kaenyne/Citadel-ABNB/blob/e3055e627f4b7952c592939a03849f5fc32b9235/research/notes/2026-09-04_abnb-pitch-catalogue.md,df04643372e39dc2900c97d1745e6faaf3906ad11fac167604aca50763fafee9,168
https://github.com/Kaenyne/Citadel-ABNB/blob/e3055e627f4b7952c592939a03849f5fc32b9235/research/notes/2026-09-04_abnb-pitch-catalogue.md,df04643372e39dc2900c97d1745e6faaf3906ad11fac167604aca50763fafee9,223
https://github.com/Kaenyne/Citadel-ABNB/blob/e3055e627f4b7952c592939a03849f5fc32b9235/research/notes/2026-09-04_abnb-pitch-catalogue.md,df04643372e39dc2900c97d1745e6faaf3906ad11fac167604aca50763fafee9,247
https://github.com/Kaenyne/Citadel-ABNB/blob/e3055e627f4b7952c592939a03849f5fc32b9235/research/notes/2026-09-04_abnb-pitch-catalogue.md,df04643372e39dc2900c97d1745e6faaf3906ad11fac167604aca50763fafee9,257
https://github.com/Kaenyne/Citadel-ABNB/blob/e3055e627f4b7952c592939a03849f5fc32b9235/research/notes/2026-09-04_abnb-pitch-catalogue.md,df04643372e39dc2900c97d1745e6faaf3906ad11fac167604aca50763fafee9,262
https://github.com/Kaenyne/Citadel-ABNB/blob/e3055e627f4b7952c592939a03849f5fc32b9235/research/notes/2026-09-04_abnb-pitch-catalogue.md,df04643372e39dc2900c97d1745e6faaf3906ad11fac167604aca50763fafee9,273
https://github.com/Kaenyne/Citadel-ABNB/blob/e3055e627f4b7952c592939a03849f5fc32b9235/research/notes/2026-09-04_abnb-pitch-catalogue.md,df04643372e39dc2900c97d1745e6faaf3906ad11fac167604aca50763fafee9,274
https://github.com/Kaenyne/Citadel-ABNB/blob/e3055e627f4b7952c592939a03849f5fc32b9235/research/notes/2026-09-04_abnb-pitch-catalogue.md,df04643372e39dc2900c97d1745e6faaf3906ad11fac167604aca50763fafee9,278
https://github.com/Kaenyne/Citadel-ABNB/blob/e3055e627f4b7952c592939a03849f5fc32b9235/research/notes/2026-09-04_abnb-pitch-catalogue.md,df04643372e39dc2900c97d1745e6faaf3906ad11fac167604aca50763fafee9,289
https://github.com/Kaenyne/Citadel-ABNB/blob/e3055e627f4b7952c592939a03849f5fc32b9235/research/notes/2026-09-04_abnb-pitch-catalogue.md,df04643372e39dc2900c97d1745e6faaf3906ad11fac167604aca50763fafee9,297
https://github.com/Kaenyne/Citadel-ABNB/blob/e3055e627f4b7952c592939a03849f5fc32b9235/research/notes/2026-09-04_abnb-pitch-catalogue.md,df04643372e39dc2900c97d1745e6faaf3906ad11fac167604aca50763fafee9,302
https://github.com/Kaenyne/Citadel-ABNB/blob/e3055e627f4b7952c592939a03849f5fc32b9235/research/notes/2026-09-04_abnb-pitch-catalogue.md,df04643372e39dc2900c97d1745e6faaf3906ad11fac167604aca50763fafee9,304
https://github.com/Kaenyne/Citadel-ABNB/blob/e3055e627f4b7952c592939a03849f5fc32b9235/research/notes/2026-09-04_abnb-pitch-catalogue.md,df04643372e39dc2900c97d1745e6faaf3906ad11fac167604aca50763fafee9,314
https://github.com/Kaenyne/Citadel-ABNB/blob/e3055e627f4b7952c592939a03849f5fc32b9235/research/notes/2026-09-04_abnb-pitch-catalogue.md,df04643372e39dc2900c97d1745e6faaf3906ad11fac167604aca50763fafee9,320
https://github.com/Kaenyne/Citadel-ABNB/blob/e3055e627f4b7952c592939a03849f5fc32b9235/research/notes/2026-09-04_abnb-pitch-landscape.md,c9bd6763b02ec857724f60dd24309536262742f7f2272239d96eee6cfd5111f3,20
https://github.com/Kaenyne/Citadel-ABNB/blob/e3055e627f4b7952c592939a03849f5fc32b9235/research/notes/2026-09-04_abnb-pitch-landscape.md,c9bd6763b02ec857724f60dd24309536262742f7f2272239d96eee6cfd5111f3,32
https://github.com/Kaenyne/Citadel-ABNB/blob/e3055e627f4b7952c592939a03849f5fc32b9235/research/notes/2026-09-04_abnb-pitch-landscape.md,c9bd6763b02ec857724f60dd24309536262742f7f2272239d96eee6cfd5111f3,37
https://github.com/Kaenyne/Citadel-ABNB/blob/e3055e627f4b7952c592939a03849f5fc32b9235/research/notes/2026-09-04_abnb-pitch-landscape.md,c9bd6763b02ec857724f60dd24309536262742f7f2272239d96eee6cfd5111f3,38
https://github.com/Kaenyne/Citadel-ABNB/blob/e3055e627f4b7952c592939a03849f5fc32b9235/research/notes/2026-09-04_abnb-pitch-landscape.md,c9bd6763b02ec857724f60dd24309536262742f7f2272239d96eee6cfd5111f3,44
https://github.com/Kaenyne/Citadel-ABNB/blob/e3055e627f4b7952c592939a03849f5fc32b9235/research/notes/2026-09-04_abnb-pitch-landscape.md,c9bd6763b02ec857724f60dd24309536262742f7f2272239d96eee6cfd5111f3,46
https://github.com/Kaenyne/Citadel-ABNB/blob/e3055e627f4b7952c592939a03849f5fc32b9235/research/notes/2026-09-04_abnb-pitch-landscape.md,c9bd6763b02ec857724f60dd24309536262742f7f2272239d96eee6cfd5111f3,47
https://github.com/Kaenyne/Citadel-ABNB/blob/e3055e627f4b7952c592939a03849f5fc32b9235/research/notes/2026-09-04_abnb-pitch-landscape.md,c9bd6763b02ec857724f60dd24309536262742f7f2272239d96eee6cfd5111f3,49
https://github.com/Kaenyne/Citadel-ABNB/blob/e3055e627f4b7952c592939a03849f5fc32b9235/research/notes/2026-09-04_abnb-pitch-landscape.md,c9bd6763b02ec857724f60dd24309536262742f7f2272239d96eee6cfd5111f3,70
https://github.com/Kaenyne/Citadel-ABNB/blob/e3055e627f4b7952c592939a03849f5fc32b9235/research/notes/2026-09-04_abnb-pitch-landscape.md,c9bd6763b02ec857724f60dd24309536262742f7f2272239d96eee6cfd5111f3,73
https://github.com/Kaenyne/Citadel-ABNB/blob/e3055e627f4b7952c592939a03849f5fc32b9235/research/notes/2026-09-04_abnb-pitch-landscape.md,c9bd6763b02ec857724f60dd24309536262742f7f2272239d96eee6cfd5111f3,82
https://github.com/Kaenyne/Citadel-ABNB/blob/e3055e627f4b7952c592939a03849f5fc32b9235/research/notes/2026-09-04_abnb-pitch-landscape.md,c9bd6763b02ec857724f60dd24309536262742f7f2272239d96eee6cfd5111f3,87
https://github.com/Kaenyne/Citadel-ABNB/blob/e3055e627f4b7952c592939a03849f5fc32b9235/research/notes/2026-09-04_abnb-pitch-landscape.md,c9bd6763b02ec857724f60dd24309536262742f7f2272239d96eee6cfd5111f3,105
https://github.com/Kaenyne/Citadel-ABNB/blob/e3055e627f4b7952c592939a03849f5fc32b9235/research/notes/2026-09-04_abnb-pitch-landscape.md,c9bd6763b02ec857724f60dd24309536262742f7f2272239d96eee6cfd5111f3,107
https://github.com/Kaenyne/Citadel-ABNB/blob/e3055e627f4b7952c592939a03849f5fc32b9235/research/notes/2026-09-04_abnb-pitch-landscape.md,c9bd6763b02ec857724f60dd24309536262742f7f2272239d96eee6cfd5111f3,112
https://github.com/Kaenyne/Citadel-ABNB/blob/e3055e627f4b7952c592939a03849f5fc32b9235/research/notes/2026-09-04_abnb-pitch-landscape.md,c9bd6763b02ec857724f60dd24309536262742f7f2272239d96eee6cfd5111f3,113
https://github.com/Kaenyne/Citadel-ABNB/blob/e3055e627f4b7952c592939a03849f5fc32b9235/research/notes/2026-09-04_abnb-pitch-landscape.md,c9bd6763b02ec857724f60dd24309536262742f7f2272239d96eee6cfd5111f3,132
https://github.com/Kaenyne/Citadel-ABNB/blob/e3055e627f4b7952c592939a03849f5fc32b9235/research/notes/2026-09-04_abnb-pitch-landscape.md,c9bd6763b02ec857724f60dd24309536262742f7f2272239d96eee6cfd5111f3,154
https://github.com/Kaenyne/Citadel-ABNB/blob/e3055e627f4b7952c592939a03849f5fc32b9235/research/notes/2026-09-04_abnb-pitch-landscape.md,c9bd6763b02ec857724f60dd24309536262742f7f2272239d96eee6cfd5111f3,170
https://github.com/Kaenyne/Citadel-ABNB/blob/e3055e627f4b7952c592939a03849f5fc32b9235/research/notes/2026-09-04_management-timeline.md,549da56f02916d6815c2ad4b13fc5e2e9892cfef67d579298156c0a7392f61b2,15
https://github.com/Kaenyne/Citadel-ABNB/blob/e3055e627f4b7952c592939a03849f5fc32b9235/research/notes/2026-09-04_management-timeline.md,549da56f02916d6815c2ad4b13fc5e2e9892cfef67d579298156c0a7392f61b2,20
https://github.com/Kaenyne/Citadel-ABNB/blob/e3055e627f4b7952c592939a03849f5fc32b9235/research/notes/2026-09-04_management-timeline.md,549da56f02916d6815c2ad4b13fc5e2e9892cfef67d579298156c0a7392f61b2,21
https://github.com/Kaenyne/Citadel-ABNB/blob/e3055e627f4b7952c592939a03849f5fc32b9235/research/notes/2026-09-04_management-timeline.md,549da56f02916d6815c2ad4b13fc5e2e9892cfef67d579298156c0a7392f61b2,41
https://github.com/Kaenyne/Citadel-ABNB/blob/e3055e627f4b7952c592939a03849f5fc32b9235/research/notes/2026-09-04_management-timeline.md,549da56f02916d6815c2ad4b13fc5e2e9892cfef67d579298156c0a7392f61b2,50
https://github.com/Kaenyne/Citadel-ABNB/blob/e3055e627f4b7952c592939a03849f5fc32b9235/research/notes/2026-09-04_management-timeline.md,549da56f02916d6815c2ad4b13fc5e2e9892cfef67d579298156c0a7392f61b2,51
https://github.com/Kaenyne/Citadel-ABNB/blob/e3055e627f4b7952c592939a03849f5fc32b9235/research/notes/2026-09-04_management-timeline.md,549da56f02916d6815c2ad4b13fc5e2e9892cfef67d579298156c0a7392f61b2,56
https://github.com/Kaenyne/Citadel-ABNB/blob/e3055e627f4b7952c592939a03849f5fc32b9235/research/notes/2026-09-04_management-timeline.md,549da56f02916d6815c2ad4b13fc5e2e9892cfef67d579298156c0a7392f61b2,58
https://github.com/Kaenyne/Citadel-ABNB/blob/e3055e627f4b7952c592939a03849f5fc32b9235/research/notes/2026-09-04_management-timeline.md,549da56f02916d6815c2ad4b13fc5e2e9892cfef67d579298156c0a7392f61b2,62
https://github.com/Kaenyne/Citadel-ABNB/blob/e3055e627f4b7952c592939a03849f5fc32b9235/research/notes/2026-09-04_management-timeline.md,549da56f02916d6815c2ad4b13fc5e2e9892cfef67d579298156c0a7392f61b2,67
https://github.com/Kaenyne/Citadel-ABNB/blob/e3055e627f4b7952c592939a03849f5fc32b9235/research/notes/2026-09-04_management-timeline.md,549da56f02916d6815c2ad4b13fc5e2e9892cfef67d579298156c0a7392f61b2,68
https://github.com/Kaenyne/Citadel-ABNB/blob/e3055e627f4b7952c592939a03849f5fc32b9235/research/notes/2026-09-04_management-timeline.md,549da56f02916d6815c2ad4b13fc5e2e9892cfef67d579298156c0a7392f61b2,74
https://github.com/Kaenyne/Citadel-ABNB/blob/e3055e627f4b7952c592939a03849f5fc32b9235/research/notes/2026-09-04_management-timeline.md,549da56f02916d6815c2ad4b13fc5e2e9892cfef67d579298156c0a7392f61b2,77
https://github.com/Kaenyne/Citadel-ABNB/blob/e3055e627f4b7952c592939a03849f5fc32b9235/research/notes/2026-09-05_abnb-major-moves.md,383cbed6444b1b5ca9d71ef3867b43df50fa6f29e1ce67257d9a2a5dfa5640d3,18
https://github.com/Kaenyne/Citadel-ABNB/blob/e3055e627f4b7952c592939a03849f5fc32b9235/research/notes/2026-09-05_abnb-major-moves.md,383cbed6444b1b5ca9d71ef3867b43df50fa6f29e1ce67257d9a2a5dfa5640d3,88
https://github.com/Kaenyne/Citadel-ABNB/blob/e3055e627f4b7952c592939a03849f5fc32b9235/research/notes/2026-09-05_abnb-major-moves.md,383cbed6444b1b5ca9d71ef3867b43df50fa6f29e1ce67257d9a2a5dfa5640d3,99
https://github.com/Kaenyne/Citadel-ABNB/blob/e3055e627f4b7952c592939a03849f5fc32b9235/research/notes/2026-09-05_austin-str-rnpl-hotel-factors.md,04aa126b0e3d7b47f5cd51138f9c622c8ce72ad078ecc1bf3bb44e45dfbb6a47,89
https://github.com/Kaenyne/Citadel-ABNB/blob/e3055e627f4b7952c592939a03849f5fc32b9235/research/notes/2026-09-05_austin-str-rnpl-hotel-factors.md,04aa126b0e3d7b47f5cd51138f9c622c8ce72ad078ecc1bf3bb44e45dfbb6a47,99
https://github.com/Kaenyne/Citadel-ABNB/blob/e3055e627f4b7952c592939a03849f5fc32b9235/research/notes/2026-09-05_austin-str-rnpl-hotel-factors.md,04aa126b0e3d7b47f5cd51138f9c622c8ce72ad078ecc1bf3bb44e45dfbb6a47,100
https://github.com/Kaenyne/Citadel-ABNB/blob/e3055e627f4b7952c592939a03849f5fc32b9235/research/notes/2026-09-05_austin-str-rnpl-hotel-factors.md,04aa126b0e3d7b47f5cd51138f9c622c8ce72ad078ecc1bf3bb44e45dfbb6a47,101
https://github.com/Kaenyne/Citadel-ABNB/blob/e3055e627f4b7952c592939a03849f5fc32b9235/research/notes/2026-09-05_austin-str-rnpl-hotel-factors.md,04aa126b0e3d7b47f5cd51138f9c622c8ce72ad078ecc1bf3bb44e45dfbb6a47,102
https://github.com/Kaenyne/Citadel-ABNB/blob/e3055e627f4b7952c592939a03849f5fc32b9235/research/notes/2026-09-05_austin-str-rnpl-hotel-factors.md,04aa126b0e3d7b47f5cd51138f9c622c8ce72ad078ecc1bf3bb44e45dfbb6a47,105
https://github.com/Kaenyne/Citadel-ABNB/blob/e3055e627f4b7952c592939a03849f5fc32b9235/research/notes/2026-09-05_austin-str-rnpl-hotel-factors.md,04aa126b0e3d7b47f5cd51138f9c622c8ce72ad078ecc1bf3bb44e45dfbb6a47,109
https://github.com/Kaenyne/Citadel-ABNB/blob/e3055e627f4b7952c592939a03849f5fc32b9235/research/notes/2026-09-05_austin-str-rnpl-hotel-factors.md,04aa126b0e3d7b47f5cd51138f9c622c8ce72ad078ecc1bf3bb44e45dfbb6a47,113
https://github.com/Kaenyne/Citadel-ABNB/blob/e3055e627f4b7952c592939a03849f5fc32b9235/research/notes/2026-09-05_austin-str-rnpl-hotel-factors.md,04aa126b0e3d7b47f5cd51138f9c622c8ce72ad078ecc1bf3bb44e45dfbb6a47,121
https://github.com/Kaenyne/Citadel-ABNB/blob/e3055e627f4b7952c592939a03849f5fc32b9235/research/notes/2026-09-05_austin-str-rnpl-hotel-factors.md,04aa126b0e3d7b47f5cd51138f9c622c8ce72ad078ecc1bf3bb44e45dfbb6a47,122
https://github.com/Kaenyne/Citadel-ABNB/blob/e3055e627f4b7952c592939a03849f5fc32b9235/research/notes/2026-09-05_driver-model.md,d8408c410014b4cb59afefb1ad97ebd233ea92983af13d51fe9f0997d1c3e693,98
https://github.com/Kaenyne/Citadel-ABNB/blob/e3055e627f4b7952c592939a03849f5fc32b9235/research/notes/2026-09-05_margin-drivers.md,9a04fb8e257956553645bbed0ed59461c499ebfb81fadd306fd002b601f54373,17
https://github.com/Kaenyne/Citadel-ABNB/blob/e3055e627f4b7952c592939a03849f5fc32b9235/research/notes/2026-09-05_margin-drivers.md,9a04fb8e257956553645bbed0ed59461c499ebfb81fadd306fd002b601f54373,36
https://github.com/Kaenyne/Citadel-ABNB/blob/e3055e627f4b7952c592939a03849f5fc32b9235/research/notes/2026-09-05_margin-drivers.md,9a04fb8e257956553645bbed0ed59461c499ebfb81fadd306fd002b601f54373,83
https://github.com/Kaenyne/Citadel-ABNB/blob/e3055e627f4b7952c592939a03849f5fc32b9235/research/notes/2026-09-05_margin-drivers.md,9a04fb8e257956553645bbed0ed59461c499ebfb81fadd306fd002b601f54373,85
https://github.com/Kaenyne/Citadel-ABNB/blob/e3055e627f4b7952c592939a03849f5fc32b9235/research/notes/2026-09-05_margin-drivers.md,9a04fb8e257956553645bbed0ed59461c499ebfb81fadd306fd002b601f54373,90
https://github.com/Kaenyne/Citadel-ABNB/blob/e3055e627f4b7952c592939a03849f5fc32b9235/research/notes/2026-09-05_margin-drivers.md,9a04fb8e257956553645bbed0ed59461c499ebfb81fadd306fd002b601f54373,95
https://github.com/Kaenyne/Citadel-ABNB/blob/e3055e627f4b7952c592939a03849f5fc32b9235/research/notes/2026-09-05_margin-drivers.md,9a04fb8e257956553645bbed0ed59461c499ebfb81fadd306fd002b601f54373,96
https://github.com/Kaenyne/Citadel-ABNB/blob/e3055e627f4b7952c592939a03849f5fc32b9235/research/notes/2026-09-05_margin-drivers.md,9a04fb8e257956553645bbed0ed59461c499ebfb81fadd306fd002b601f54373,99
https://github.com/Kaenyne/Citadel-ABNB/blob/e3055e627f4b7952c592939a03849f5fc32b9235/research/notes/2026-09-05_margin-drivers.md,9a04fb8e257956553645bbed0ed59461c499ebfb81fadd306fd002b601f54373,134
https://github.com/Kaenyne/Citadel-ABNB/blob/e3055e627f4b7952c592939a03849f5fc32b9235/research/notes/2026-09-05_margin-drivers.md,9a04fb8e257956553645bbed0ed59461c499ebfb81fadd306fd002b601f54373,170
https://github.com/Kaenyne/Citadel-ABNB/blob/e3055e627f4b7952c592939a03849f5fc32b9235/research/notes/2026-09-05_margin-drivers.md,9a04fb8e257956553645bbed0ed59461c499ebfb81fadd306fd002b601f54373,215
https://github.com/Kaenyne/Citadel-ABNB/blob/e3055e627f4b7952c592939a03849f5fc32b9235/research/notes/2026-09-05_margin-drivers.md,9a04fb8e257956553645bbed0ed59461c499ebfb81fadd306fd002b601f54373,267
https://github.com/Kaenyne/Citadel-ABNB/blob/e3055e627f4b7952c592939a03849f5fc32b9235/research/notes/2026-09-05_regulatory-forecast-profile.md,f502d09628433436db6ace323ceda3cb6d9f5fbbbf3e56e3d78cd5d1b503d59c,76
https://github.com/Kaenyne/Citadel-ABNB/blob/e3055e627f4b7952c592939a03849f5fc32b9235/research/notes/2026-09-05_regulatory-forecast-profile.md,f502d09628433436db6ace323ceda3cb6d9f5fbbbf3e56e3d78cd5d1b503d59c,113
https://github.com/Kaenyne/Citadel-ABNB/blob/e3055e627f4b7952c592939a03849f5fc32b9235/research/notes/2026-09-05_regulatory-forecast-profile.md,f502d09628433436db6ace323ceda3cb6d9f5fbbbf3e56e3d78cd5d1b503d59c,121
https://github.com/Kaenyne/Citadel-ABNB/blob/e3055e627f4b7952c592939a03849f5fc32b9235/research/notes/2026-09-05_third-bridge-transcripts.md,3c0736ae3958cb3618550fe12073a1478f8dfa6835767a1a080e0bab65b8dff3,21
https://github.com/Kaenyne/Citadel-ABNB/blob/e3055e627f4b7952c592939a03849f5fc32b9235/research/notes/2026-09-05_third-bridge-transcripts.md,3c0736ae3958cb3618550fe12073a1478f8dfa6835767a1a080e0bab65b8dff3,48
https://github.com/Kaenyne/Citadel-ABNB/blob/e3055e627f4b7952c592939a03849f5fc32b9235/research/notes/2026-09-05_third-bridge-transcripts.md,3c0736ae3958cb3618550fe12073a1478f8dfa6835767a1a080e0bab65b8dff3,67
https://github.com/Kaenyne/Citadel-ABNB/blob/e3055e627f4b7952c592939a03849f5fc32b9235/research/notes/2026-09-05_transcript-analytics.md,f0f8d101473be5dc8f94146b778da5a07aba923de23a6ebef81e101d266e1dc3,15
https://github.com/Kaenyne/Citadel-ABNB/blob/e3055e627f4b7952c592939a03849f5fc32b9235/research/notes/2026-09-05_transcript-analytics.md,f0f8d101473be5dc8f94146b778da5a07aba923de23a6ebef81e101d266e1dc3,18
https://github.com/Kaenyne/Citadel-ABNB/blob/e3055e627f4b7952c592939a03849f5fc32b9235/research/notes/2026-09-05_transcript-analytics.md,f0f8d101473be5dc8f94146b778da5a07aba923de23a6ebef81e101d266e1dc3,96
https://github.com/Kaenyne/Citadel-ABNB/blob/e3055e627f4b7952c592939a03849f5fc32b9235/research/notes/2026-09-05_transcript-analytics.md,f0f8d101473be5dc8f94146b778da5a07aba923de23a6ebef81e101d266e1dc3,115
https://github.com/Kaenyne/Citadel-ABNB/blob/e3055e627f4b7952c592939a03849f5fc32b9235/research/notes/2026-09-05_transcript-analytics.md,f0f8d101473be5dc8f94146b778da5a07aba923de23a6ebef81e101d266e1dc3,125
https://github.com/Kaenyne/Citadel-ABNB/blob/e3055e627f4b7952c592939a03849f5fc32b9235/research/notes/2026-09-05_transcript-analytics.md,f0f8d101473be5dc8f94146b778da5a07aba923de23a6ebef81e101d266e1dc3,140
https://github.com/Kaenyne/Citadel-ABNB/blob/e3055e627f4b7952c592939a03849f5fc32b9235/research/notes/2026-09-05_transcript-analytics.md,f0f8d101473be5dc8f94146b778da5a07aba923de23a6ebef81e101d266e1dc3,154
https://github.com/Kaenyne/Citadel-ABNB/blob/e3055e627f4b7952c592939a03849f5fc32b9235/research/notes/2026-09-05_transcript-analytics.md,f0f8d101473be5dc8f94146b778da5a07aba923de23a6ebef81e101d266e1dc3,222
https://github.com/Kaenyne/Citadel-ABNB/blob/e3055e627f4b7952c592939a03849f5fc32b9235/research/notes/2026-09-06_airbnb-vs-hotel-choice-data.md,31e02e27f6fa9908f694f8860ed5c90026fc46e67ec31baa9578878359e720e1,5
https://github.com/Kaenyne/Citadel-ABNB/blob/e3055e627f4b7952c592939a03849f5fc32b9235/research/notes/2026-09-06_airbnb-vs-hotel-choice-data.md,31e02e27f6fa9908f694f8860ed5c90026fc46e67ec31baa9578878359e720e1,13
https://github.com/Kaenyne/Citadel-ABNB/blob/e3055e627f4b7952c592939a03849f5fc32b9235/research/notes/2026-09-06_airbnb-vs-hotel-choice-data.md,31e02e27f6fa9908f694f8860ed5c90026fc46e67ec31baa9578878359e720e1,14
https://github.com/Kaenyne/Citadel-ABNB/blob/e3055e627f4b7952c592939a03849f5fc32b9235/research/notes/2026-09-06_airbnb-vs-hotel-choice-data.md,31e02e27f6fa9908f694f8860ed5c90026fc46e67ec31baa9578878359e720e1,36
https://github.com/Kaenyne/Citadel-ABNB/blob/e3055e627f4b7952c592939a03849f5fc32b9235/research/notes/2026-09-06_airbnb-vs-hotel-choice-data.md,31e02e27f6fa9908f694f8860ed5c90026fc46e67ec31baa9578878359e720e1,40
https://github.com/Kaenyne/Citadel-ABNB/blob/e3055e627f4b7952c592939a03849f5fc32b9235/research/notes/2026-09-06_airbnb-vs-hotel-choice-data.md,31e02e27f6fa9908f694f8860ed5c90026fc46e67ec31baa9578878359e720e1,41
https://github.com/Kaenyne/Citadel-ABNB/blob/e3055e627f4b7952c592939a03849f5fc32b9235/research/notes/2026-09-06_airbnb-vs-hotel-choice-data.md,31e02e27f6fa9908f694f8860ed5c90026fc46e67ec31baa9578878359e720e1,44
https://github.com/Kaenyne/Citadel-ABNB/blob/e3055e627f4b7952c592939a03849f5fc32b9235/research/notes/2026-09-06_airbnb-vs-hotel-choice-data.md,31e02e27f6fa9908f694f8860ed5c90026fc46e67ec31baa9578878359e720e1,46
https://github.com/Kaenyne/Citadel-ABNB/blob/e3055e627f4b7952c592939a03849f5fc32b9235/research/notes/2026-09-06_airbnb-vs-hotel-choice-data.md,31e02e27f6fa9908f694f8860ed5c90026fc46e67ec31baa9578878359e720e1,61
https://github.com/Kaenyne/Citadel-ABNB/blob/e3055e627f4b7952c592939a03849f5fc32b9235/research/notes/2026-09-06_airbnb-vs-hotel-choice-data.md,31e02e27f6fa9908f694f8860ed5c90026fc46e67ec31baa9578878359e720e1,72
https://github.com/Kaenyne/Citadel-ABNB/blob/e3055e627f4b7952c592939a03849f5fc32b9235/research/notes/2026-09-06_airbnb-vs-hotel-choice-data.md,31e02e27f6fa9908f694f8860ed5c90026fc46e67ec31baa9578878359e720e1,74
https://github.com/Kaenyne/Citadel-ABNB/blob/e3055e627f4b7952c592939a03849f5fc32b9235/research/notes/2026-09-06_airbnb-vs-hotel-choice-data.md,31e02e27f6fa9908f694f8860ed5c90026fc46e67ec31baa9578878359e720e1,76
https://github.com/Kaenyne/Citadel-ABNB/blob/e3055e627f4b7952c592939a03849f5fc32b9235/research/notes/2026-09-06_airbnb-vs-hotel-choice-data.md,31e02e27f6fa9908f694f8860ed5c90026fc46e67ec31baa9578878359e720e1,77
https://github.com/Kaenyne/Citadel-ABNB/blob/e3055e627f4b7952c592939a03849f5fc32b9235/research/notes/2026-09-06_airbnb-vs-hotel-choice-data.md,31e02e27f6fa9908f694f8860ed5c90026fc46e67ec31baa9578878359e720e1,78
https://github.com/Kaenyne/Citadel-ABNB/blob/e3055e627f4b7952c592939a03849f5fc32b9235/research/notes/2026-09-06_airbnb-vs-hotel-choice-data.md,31e02e27f6fa9908f694f8860ed5c90026fc46e67ec31baa9578878359e720e1,79
https://github.com/Kaenyne/Citadel-ABNB/blob/e3055e627f4b7952c592939a03849f5fc32b9235/research/notes/2026-09-06_airbnb-vs-hotel-choice-data.md,31e02e27f6fa9908f694f8860ed5c90026fc46e67ec31baa9578878359e720e1,80
https://github.com/Kaenyne/Citadel-ABNB/blob/e3055e627f4b7952c592939a03849f5fc32b9235/research/notes/2026-09-06_airbnb-vs-hotel-choice-data.md,31e02e27f6fa9908f694f8860ed5c90026fc46e67ec31baa9578878359e720e1,91
https://github.com/Kaenyne/Citadel-ABNB/blob/e3055e627f4b7952c592939a03849f5fc32b9235/research/notes/2026-09-06_airbnb-vs-hotel-choice-data.md,31e02e27f6fa9908f694f8860ed5c90026fc46e67ec31baa9578878359e720e1,94
https://github.com/Kaenyne/Citadel-ABNB/blob/e3055e627f4b7952c592939a03849f5fc32b9235/research/notes/2026-09-06_airbnb-vs-hotel-choice-data.md,31e02e27f6fa9908f694f8860ed5c90026fc46e67ec31baa9578878359e720e1,101
https://github.com/Kaenyne/Citadel-ABNB/blob/e3055e627f4b7952c592939a03849f5fc32b9235/research/notes/2026-09-06_airbnb-vs-hotel-choice-data.md,31e02e27f6fa9908f694f8860ed5c90026fc46e67ec31baa9578878359e720e1,102
https://github.com/Kaenyne/Citadel-ABNB/blob/e3055e627f4b7952c592939a03849f5fc32b9235/research/notes/2026-09-06_airbnb-vs-hotel-choice-data.md,31e02e27f6fa9908f694f8860ed5c90026fc46e67ec31baa9578878359e720e1,110
https://github.com/Kaenyne/Citadel-ABNB/blob/e3055e627f4b7952c592939a03849f5fc32b9235/research/notes/2026-09-06_airbnb-vs-hotel-choice-data.md,31e02e27f6fa9908f694f8860ed5c90026fc46e67ec31baa9578878359e720e1,115
https://github.com/Kaenyne/Citadel-ABNB/blob/e3055e627f4b7952c592939a03849f5fc32b9235/research/notes/2026-09-06_predictive-study.md,54e5014c8f893075516a87ce08711a58dbbed95767543b3cbfc68b17e9c17c8a,15
https://github.com/Kaenyne/Citadel-ABNB/blob/e3055e627f4b7952c592939a03849f5fc32b9235/research/notes/2026-09-06_predictive-study.md,54e5014c8f893075516a87ce08711a58dbbed95767543b3cbfc68b17e9c17c8a,18
https://github.com/Kaenyne/Citadel-ABNB/blob/e3055e627f4b7952c592939a03849f5fc32b9235/research/notes/2026-09-06_predictive-study.md,54e5014c8f893075516a87ce08711a58dbbed95767543b3cbfc68b17e9c17c8a,19
https://github.com/Kaenyne/Citadel-ABNB/blob/e3055e627f4b7952c592939a03849f5fc32b9235/research/notes/2026-09-06_predictive-study.md,54e5014c8f893075516a87ce08711a58dbbed95767543b3cbfc68b17e9c17c8a,28
https://github.com/Kaenyne/Citadel-ABNB/blob/e3055e627f4b7952c592939a03849f5fc32b9235/research/notes/2026-09-06_predictive-study.md,54e5014c8f893075516a87ce08711a58dbbed95767543b3cbfc68b17e9c17c8a,33
https://github.com/Kaenyne/Citadel-ABNB/blob/e3055e627f4b7952c592939a03849f5fc32b9235/research/notes/2026-09-06_predictive-study.md,54e5014c8f893075516a87ce08711a58dbbed95767543b3cbfc68b17e9c17c8a,46
https://github.com/Kaenyne/Citadel-ABNB/blob/e3055e627f4b7952c592939a03849f5fc32b9235/research/notes/2026-09-06_predictive-study.md,54e5014c8f893075516a87ce08711a58dbbed95767543b3cbfc68b17e9c17c8a,57
https://github.com/Kaenyne/Citadel-ABNB/blob/e3055e627f4b7952c592939a03849f5fc32b9235/research/notes/abnb_research_notes.md,f8c439b6f9d64eddd3df9099ab202e2f3fa038eb2942fd519edaa26989a61103,15
https://github.com/Kaenyne/Citadel-ABNB/blob/e3055e627f4b7952c592939a03849f5fc32b9235/research/notes/abnb_research_notes.md,f8c439b6f9d64eddd3df9099ab202e2f3fa038eb2942fd519edaa26989a61103,59
https://github.com/Kaenyne/Citadel-ABNB/blob/e3055e627f4b7952c592939a03849f5fc32b9235/research/notes/abnb_research_notes.md,f8c439b6f9d64eddd3df9099ab202e2f3fa038eb2942fd519edaa26989a61103,61
https://github.com/Kaenyne/Citadel-ABNB/blob/e3055e627f4b7952c592939a03849f5fc32b9235/research/notes/overnight/01_data-census.md,b1af5a5b54e102c626b12cf85901e9168bd44062fba511b587cffbb1adef9a3e,33
https://github.com/Kaenyne/Citadel-ABNB/blob/e3055e627f4b7952c592939a03849f5fc32b9235/research/notes/overnight/01_data-census.md,b1af5a5b54e102c626b12cf85901e9168bd44062fba511b587cffbb1adef9a3e,61
https://github.com/Kaenyne/Citadel-ABNB/blob/e3055e627f4b7952c592939a03849f5fc32b9235/research/notes/overnight/03_management-language-and-stock.md,90345353fda32c02ff0498b892f348030535ada790813a886523fbd89715ebc6,308
https://github.com/Kaenyne/Citadel-ABNB/blob/e3055e627f4b7952c592939a03849f5fc32b9235/research/notes/overnight/03_management-language-and-stock.md,90345353fda32c02ff0498b892f348030535ada790813a886523fbd89715ebc6,309
https://github.com/Kaenyne/Citadel-ABNB/blob/e3055e627f4b7952c592939a03849f5fc32b9235/research/notes/overnight/03_management-language-and-stock.md,90345353fda32c02ff0498b892f348030535ada790813a886523fbd89715ebc6,310
https://github.com/Kaenyne/Citadel-ABNB/blob/e3055e627f4b7952c592939a03849f5fc32b9235/research/notes/overnight/03_management-language-and-stock.md,90345353fda32c02ff0498b892f348030535ada790813a886523fbd89715ebc6,383
https://github.com/Kaenyne/Citadel-ABNB/blob/e3055e627f4b7952c592939a03849f5fc32b9235/research/notes/overnight/04_consensus-and-reaction.md,0e8587158565eb4dc4444c06d9b8a8d67a57f223cb3cd1e8c9f50eb96c293b8d,233
https://github.com/Kaenyne/Citadel-ABNB/blob/e3055e627f4b7952c592939a03849f5fc32b9235/research/notes/overnight/05_macro-outlook-and-transmission.md,77602cc1943f6c454145313ba9fc3fc1ca01ebfc68539110574c6aa4d0204567,133
https://github.com/Kaenyne/Citadel-ABNB/blob/e3055e627f4b7952c592939a03849f5fc32b9235/research/notes/overnight/05_macro-outlook-and-transmission.md,77602cc1943f6c454145313ba9fc3fc1ca01ebfc68539110574c6aa4d0204567,165
https://github.com/Kaenyne/Citadel-ABNB/blob/e3055e627f4b7952c592939a03849f5fc32b9235/research/notes/overnight/05_macro-outlook-and-transmission.md,77602cc1943f6c454145313ba9fc3fc1ca01ebfc68539110574c6aa4d0204567,213
https://github.com/Kaenyne/Citadel-ABNB/blob/e3055e627f4b7952c592939a03849f5fc32b9235/research/notes/overnight/05_macro-outlook-and-transmission.md,77602cc1943f6c454145313ba9fc3fc1ca01ebfc68539110574c6aa4d0204567,218
https://github.com/Kaenyne/Citadel-ABNB/blob/e3055e627f4b7952c592939a03849f5fc32b9235/research/notes/overnight/05_macro-outlook-and-transmission.md,77602cc1943f6c454145313ba9fc3fc1ca01ebfc68539110574c6aa4d0204567,225
https://github.com/Kaenyne/Citadel-ABNB/blob/e3055e627f4b7952c592939a03849f5fc32b9235/research/notes/overnight/05_macro-outlook-and-transmission.md,77602cc1943f6c454145313ba9fc3fc1ca01ebfc68539110574c6aa4d0204567,227
https://github.com/Kaenyne/Citadel-ABNB/blob/e3055e627f4b7952c592939a03849f5fc32b9235/research/notes/overnight/05_macro-outlook-and-transmission.md,77602cc1943f6c454145313ba9fc3fc1ca01ebfc68539110574c6aa4d0204567,231
https://github.com/Kaenyne/Citadel-ABNB/blob/e3055e627f4b7952c592939a03849f5fc32b9235/research/notes/overnight/05_macro-outlook-and-transmission.md,77602cc1943f6c454145313ba9fc3fc1ca01ebfc68539110574c6aa4d0204567,269
https://github.com/Kaenyne/Citadel-ABNB/blob/e3055e627f4b7952c592939a03849f5fc32b9235/research/notes/overnight/05_macro-outlook-and-transmission.md,77602cc1943f6c454145313ba9fc3fc1ca01ebfc68539110574c6aa4d0204567,326
https://github.com/Kaenyne/Citadel-ABNB/blob/e3055e627f4b7952c592939a03849f5fc32b9235/research/notes/overnight/05_macro-outlook-and-transmission.md,77602cc1943f6c454145313ba9fc3fc1ca01ebfc68539110574c6aa4d0204567,397
https://github.com/Kaenyne/Citadel-ABNB/blob/e3055e627f4b7952c592939a03849f5fc32b9235/research/notes/overnight/06_consumer-choice-and-willingness-to-pay.md,0eea518711c42240ae2195ce5c4d900c94e0a9e43448770f2d84ad6d4052d6f6,1
https://github.com/Kaenyne/Citadel-ABNB/blob/e3055e627f4b7952c592939a03849f5fc32b9235/research/notes/overnight/06_consumer-choice-and-willingness-to-pay.md,0eea518711c42240ae2195ce5c4d900c94e0a9e43448770f2d84ad6d4052d6f6,13
https://github.com/Kaenyne/Citadel-ABNB/blob/e3055e627f4b7952c592939a03849f5fc32b9235/research/notes/overnight/06_consumer-choice-and-willingness-to-pay.md,0eea518711c42240ae2195ce5c4d900c94e0a9e43448770f2d84ad6d4052d6f6,14
https://github.com/Kaenyne/Citadel-ABNB/blob/e3055e627f4b7952c592939a03849f5fc32b9235/research/notes/overnight/06_consumer-choice-and-willingness-to-pay.md,0eea518711c42240ae2195ce5c4d900c94e0a9e43448770f2d84ad6d4052d6f6,16
https://github.com/Kaenyne/Citadel-ABNB/blob/e3055e627f4b7952c592939a03849f5fc32b9235/research/notes/overnight/06_consumer-choice-and-willingness-to-pay.md,0eea518711c42240ae2195ce5c4d900c94e0a9e43448770f2d84ad6d4052d6f6,21
https://github.com/Kaenyne/Citadel-ABNB/blob/e3055e627f4b7952c592939a03849f5fc32b9235/research/notes/overnight/06_consumer-choice-and-willingness-to-pay.md,0eea518711c42240ae2195ce5c4d900c94e0a9e43448770f2d84ad6d4052d6f6,23
https://github.com/Kaenyne/Citadel-ABNB/blob/e3055e627f4b7952c592939a03849f5fc32b9235/research/notes/overnight/06_consumer-choice-and-willingness-to-pay.md,0eea518711c42240ae2195ce5c4d900c94e0a9e43448770f2d84ad6d4052d6f6,25
https://github.com/Kaenyne/Citadel-ABNB/blob/e3055e627f4b7952c592939a03849f5fc32b9235/research/notes/overnight/06_consumer-choice-and-willingness-to-pay.md,0eea518711c42240ae2195ce5c4d900c94e0a9e43448770f2d84ad6d4052d6f6,49
https://github.com/Kaenyne/Citadel-ABNB/blob/e3055e627f4b7952c592939a03849f5fc32b9235/research/notes/overnight/06_consumer-choice-and-willingness-to-pay.md,0eea518711c42240ae2195ce5c4d900c94e0a9e43448770f2d84ad6d4052d6f6,53
https://github.com/Kaenyne/Citadel-ABNB/blob/e3055e627f4b7952c592939a03849f5fc32b9235/research/notes/overnight/06_consumer-choice-and-willingness-to-pay.md,0eea518711c42240ae2195ce5c4d900c94e0a9e43448770f2d84ad6d4052d6f6,64
https://github.com/Kaenyne/Citadel-ABNB/blob/e3055e627f4b7952c592939a03849f5fc32b9235/research/notes/overnight/06_consumer-choice-and-willingness-to-pay.md,0eea518711c42240ae2195ce5c4d900c94e0a9e43448770f2d84ad6d4052d6f6,72
https://github.com/Kaenyne/Citadel-ABNB/blob/e3055e627f4b7952c592939a03849f5fc32b9235/research/notes/overnight/06_consumer-choice-and-willingness-to-pay.md,0eea518711c42240ae2195ce5c4d900c94e0a9e43448770f2d84ad6d4052d6f6,76
https://github.com/Kaenyne/Citadel-ABNB/blob/e3055e627f4b7952c592939a03849f5fc32b9235/research/notes/overnight/06_consumer-choice-and-willingness-to-pay.md,0eea518711c42240ae2195ce5c4d900c94e0a9e43448770f2d84ad6d4052d6f6,87
https://github.com/Kaenyne/Citadel-ABNB/blob/e3055e627f4b7952c592939a03849f5fc32b9235/research/notes/overnight/06_consumer-choice-and-willingness-to-pay.md,0eea518711c42240ae2195ce5c4d900c94e0a9e43448770f2d84ad6d4052d6f6,92
https://github.com/Kaenyne/Citadel-ABNB/blob/e3055e627f4b7952c592939a03849f5fc32b9235/research/notes/overnight/06_consumer-choice-and-willingness-to-pay.md,0eea518711c42240ae2195ce5c4d900c94e0a9e43448770f2d84ad6d4052d6f6,101
https://github.com/Kaenyne/Citadel-ABNB/blob/e3055e627f4b7952c592939a03849f5fc32b9235/research/notes/overnight/06_consumer-choice-and-willingness-to-pay.md,0eea518711c42240ae2195ce5c4d900c94e0a9e43448770f2d84ad6d4052d6f6,104
https://github.com/Kaenyne/Citadel-ABNB/blob/e3055e627f4b7952c592939a03849f5fc32b9235/research/notes/overnight/06_consumer-choice-and-willingness-to-pay.md,0eea518711c42240ae2195ce5c4d900c94e0a9e43448770f2d84ad6d4052d6f6,110
https://github.com/Kaenyne/Citadel-ABNB/blob/e3055e627f4b7952c592939a03849f5fc32b9235/research/notes/overnight/06_consumer-choice-and-willingness-to-pay.md,0eea518711c42240ae2195ce5c4d900c94e0a9e43448770f2d84ad6d4052d6f6,121
https://github.com/Kaenyne/Citadel-ABNB/blob/e3055e627f4b7952c592939a03849f5fc32b9235/research/notes/overnight/06_consumer-choice-and-willingness-to-pay.md,0eea518711c42240ae2195ce5c4d900c94e0a9e43448770f2d84ad6d4052d6f6,122
https://github.com/Kaenyne/Citadel-ABNB/blob/e3055e627f4b7952c592939a03849f5fc32b9235/research/notes/overnight/06_consumer-choice-and-willingness-to-pay.md,0eea518711c42240ae2195ce5c4d900c94e0a9e43448770f2d84ad6d4052d6f6,123
https://github.com/Kaenyne/Citadel-ABNB/blob/e3055e627f4b7952c592939a03849f5fc32b9235/research/notes/overnight/06_consumer-choice-and-willingness-to-pay.md,0eea518711c42240ae2195ce5c4d900c94e0a9e43448770f2d84ad6d4052d6f6,124
https://github.com/Kaenyne/Citadel-ABNB/blob/e3055e627f4b7952c592939a03849f5fc32b9235/research/notes/overnight/06_consumer-choice-and-willingness-to-pay.md,0eea518711c42240ae2195ce5c4d900c94e0a9e43448770f2d84ad6d4052d6f6,130
https://github.com/Kaenyne/Citadel-ABNB/blob/e3055e627f4b7952c592939a03849f5fc32b9235/research/notes/overnight/06_consumer-choice-and-willingness-to-pay.md,0eea518711c42240ae2195ce5c4d900c94e0a9e43448770f2d84ad6d4052d6f6,240
https://github.com/Kaenyne/Citadel-ABNB/blob/e3055e627f4b7952c592939a03849f5fc32b9235/research/notes/overnight/06_consumer-choice-and-willingness-to-pay.md,0eea518711c42240ae2195ce5c4d900c94e0a9e43448770f2d84ad6d4052d6f6,241
https://github.com/Kaenyne/Citadel-ABNB/blob/e3055e627f4b7952c592939a03849f5fc32b9235/research/notes/overnight/06_consumer-choice-and-willingness-to-pay.md,0eea518711c42240ae2195ce5c4d900c94e0a9e43448770f2d84ad6d4052d6f6,242
https://github.com/Kaenyne/Citadel-ABNB/blob/e3055e627f4b7952c592939a03849f5fc32b9235/research/notes/overnight/06_consumer-choice-and-willingness-to-pay.md,0eea518711c42240ae2195ce5c4d900c94e0a9e43448770f2d84ad6d4052d6f6,243
https://github.com/Kaenyne/Citadel-ABNB/blob/e3055e627f4b7952c592939a03849f5fc32b9235/research/notes/overnight/06_consumer-choice-and-willingness-to-pay.md,0eea518711c42240ae2195ce5c4d900c94e0a9e43448770f2d84ad6d4052d6f6,244
https://github.com/Kaenyne/Citadel-ABNB/blob/e3055e627f4b7952c592939a03849f5fc32b9235/research/notes/overnight/06_consumer-choice-and-willingness-to-pay.md,0eea518711c42240ae2195ce5c4d900c94e0a9e43448770f2d84ad6d4052d6f6,264
https://github.com/Kaenyne/Citadel-ABNB/blob/e3055e627f4b7952c592939a03849f5fc32b9235/research/notes/overnight/06_consumer-choice-and-willingness-to-pay.md,0eea518711c42240ae2195ce5c4d900c94e0a9e43448770f2d84ad6d4052d6f6,265
https://github.com/Kaenyne/Citadel-ABNB/blob/e3055e627f4b7952c592939a03849f5fc32b9235/research/notes/overnight/06_consumer-choice-and-willingness-to-pay.md,0eea518711c42240ae2195ce5c4d900c94e0a9e43448770f2d84ad6d4052d6f6,266
https://github.com/Kaenyne/Citadel-ABNB/blob/e3055e627f4b7952c592939a03849f5fc32b9235/research/notes/overnight/06_consumer-choice-and-willingness-to-pay.md,0eea518711c42240ae2195ce5c4d900c94e0a9e43448770f2d84ad6d4052d6f6,276
https://github.com/Kaenyne/Citadel-ABNB/blob/e3055e627f4b7952c592939a03849f5fc32b9235/research/notes/overnight/06_consumer-choice-and-willingness-to-pay.md,0eea518711c42240ae2195ce5c4d900c94e0a9e43448770f2d84ad6d4052d6f6,391
https://github.com/Kaenyne/Citadel-ABNB/blob/e3055e627f4b7952c592939a03849f5fc32b9235/research/notes/overnight/06_consumer-choice-and-willingness-to-pay.md,0eea518711c42240ae2195ce5c4d900c94e0a9e43448770f2d84ad6d4052d6f6,392
https://github.com/Kaenyne/Citadel-ABNB/blob/e3055e627f4b7952c592939a03849f5fc32b9235/research/notes/overnight/06_consumer-choice-and-willingness-to-pay.md,0eea518711c42240ae2195ce5c4d900c94e0a9e43448770f2d84ad6d4052d6f6,462
https://github.com/Kaenyne/Citadel-ABNB/blob/e3055e627f4b7952c592939a03849f5fc32b9235/research/notes/overnight/06_consumer-choice-and-willingness-to-pay.md,0eea518711c42240ae2195ce5c4d900c94e0a9e43448770f2d84ad6d4052d6f6,466
https://github.com/Kaenyne/Citadel-ABNB/blob/e3055e627f4b7952c592939a03849f5fc32b9235/research/notes/overnight/06_consumer-choice-and-willingness-to-pay.md,0eea518711c42240ae2195ce5c4d900c94e0a9e43448770f2d84ad6d4052d6f6,472
https://github.com/Kaenyne/Citadel-ABNB/blob/e3055e627f4b7952c592939a03849f5fc32b9235/research/notes/overnight/06_consumer-choice-and-willingness-to-pay.md,0eea518711c42240ae2195ce5c4d900c94e0a9e43448770f2d84ad6d4052d6f6,473
https://github.com/Kaenyne/Citadel-ABNB/blob/e3055e627f4b7952c592939a03849f5fc32b9235/research/notes/overnight/06_consumer-choice-and-willingness-to-pay.md,0eea518711c42240ae2195ce5c4d900c94e0a9e43448770f2d84ad6d4052d6f6,481
https://github.com/Kaenyne/Citadel-ABNB/blob/e3055e627f4b7952c592939a03849f5fc32b9235/research/notes/overnight/06_consumer-choice-and-willingness-to-pay.md,0eea518711c42240ae2195ce5c4d900c94e0a9e43448770f2d84ad6d4052d6f6,487
https://github.com/Kaenyne/Citadel-ABNB/blob/e3055e627f4b7952c592939a03849f5fc32b9235/research/notes/overnight/06_consumer-choice-and-willingness-to-pay.md,0eea518711c42240ae2195ce5c4d900c94e0a9e43448770f2d84ad6d4052d6f6,491
https://github.com/Kaenyne/Citadel-ABNB/blob/e3055e627f4b7952c592939a03849f5fc32b9235/research/notes/overnight/06_consumer-choice-and-willingness-to-pay.md,0eea518711c42240ae2195ce5c4d900c94e0a9e43448770f2d84ad6d4052d6f6,497
https://github.com/Kaenyne/Citadel-ABNB/blob/e3055e627f4b7952c592939a03849f5fc32b9235/research/notes/overnight/06_consumer-choice-and-willingness-to-pay.md,0eea518711c42240ae2195ce5c4d900c94e0a9e43448770f2d84ad6d4052d6f6,514
https://github.com/Kaenyne/Citadel-ABNB/blob/e3055e627f4b7952c592939a03849f5fc32b9235/research/notes/overnight/06_consumer-choice-and-willingness-to-pay.md,0eea518711c42240ae2195ce5c4d900c94e0a9e43448770f2d84ad6d4052d6f6,530
https://github.com/Kaenyne/Citadel-ABNB/blob/e3055e627f4b7952c592939a03849f5fc32b9235/research/notes/overnight/06_consumer-choice-and-willingness-to-pay.md,0eea518711c42240ae2195ce5c4d900c94e0a9e43448770f2d84ad6d4052d6f6,545
https://github.com/Kaenyne/Citadel-ABNB/blob/e3055e627f4b7952c592939a03849f5fc32b9235/research/notes/overnight/06_consumer-choice-and-willingness-to-pay.md,0eea518711c42240ae2195ce5c4d900c94e0a9e43448770f2d84ad6d4052d6f6,546
https://github.com/Kaenyne/Citadel-ABNB/blob/e3055e627f4b7952c592939a03849f5fc32b9235/research/notes/overnight/06_consumer-choice-and-willingness-to-pay.md,0eea518711c42240ae2195ce5c4d900c94e0a9e43448770f2d84ad6d4052d6f6,547
https://github.com/Kaenyne/Citadel-ABNB/blob/e3055e627f4b7952c592939a03849f5fc32b9235/research/notes/overnight/06_consumer-choice-and-willingness-to-pay.md,0eea518711c42240ae2195ce5c4d900c94e0a9e43448770f2d84ad6d4052d6f6,554
https://github.com/Kaenyne/Citadel-ABNB/blob/e3055e627f4b7952c592939a03849f5fc32b9235/research/notes/overnight/06_consumer-choice-and-willingness-to-pay.md,0eea518711c42240ae2195ce5c4d900c94e0a9e43448770f2d84ad6d4052d6f6,556
https://github.com/Kaenyne/Citadel-ABNB/blob/e3055e627f4b7952c592939a03849f5fc32b9235/research/notes/overnight/06_consumer-choice-and-willingness-to-pay.md,0eea518711c42240ae2195ce5c4d900c94e0a9e43448770f2d84ad6d4052d6f6,563
https://github.com/Kaenyne/Citadel-ABNB/blob/e3055e627f4b7952c592939a03849f5fc32b9235/research/notes/overnight/06_consumer-choice-and-willingness-to-pay.md,0eea518711c42240ae2195ce5c4d900c94e0a9e43448770f2d84ad6d4052d6f6,576
https://github.com/Kaenyne/Citadel-ABNB/blob/e3055e627f4b7952c592939a03849f5fc32b9235/research/notes/overnight/06_consumer-choice-and-willingness-to-pay.md,0eea518711c42240ae2195ce5c4d900c94e0a9e43448770f2d84ad6d4052d6f6,595
https://github.com/Kaenyne/Citadel-ABNB/blob/e3055e627f4b7952c592939a03849f5fc32b9235/research/notes/overnight/06_consumer-choice-and-willingness-to-pay.md,0eea518711c42240ae2195ce5c4d900c94e0a9e43448770f2d84ad6d4052d6f6,601
https://github.com/Kaenyne/Citadel-ABNB/blob/e3055e627f4b7952c592939a03849f5fc32b9235/research/notes/overnight/06_consumer-choice-and-willingness-to-pay.md,0eea518711c42240ae2195ce5c4d900c94e0a9e43448770f2d84ad6d4052d6f6,617
https://github.com/Kaenyne/Citadel-ABNB/blob/e3055e627f4b7952c592939a03849f5fc32b9235/research/notes/overnight/07_ops-and-margin-levers.md,c0c6bc2d966bd54ae287c4081f535dd51e5f594fe20f8068dc760f1bb82124f5,20
https://github.com/Kaenyne/Citadel-ABNB/blob/e3055e627f4b7952c592939a03849f5fc32b9235/research/notes/overnight/07_ops-and-margin-levers.md,c0c6bc2d966bd54ae287c4081f535dd51e5f594fe20f8068dc760f1bb82124f5,76
https://github.com/Kaenyne/Citadel-ABNB/blob/e3055e627f4b7952c592939a03849f5fc32b9235/research/notes/overnight/07_ops-and-margin-levers.md,c0c6bc2d966bd54ae287c4081f535dd51e5f594fe20f8068dc760f1bb82124f5,93
https://github.com/Kaenyne/Citadel-ABNB/blob/e3055e627f4b7952c592939a03849f5fc32b9235/research/notes/overnight/08_altdata-index-and-backtests.md,129cdc1ee624aa2a22c18cb593e0aec62681e8d3c1252ca93a80e97faaa87597,20
https://github.com/Kaenyne/Citadel-ABNB/blob/e3055e627f4b7952c592939a03849f5fc32b9235/research/notes/overnight/08_altdata-index-and-backtests.md,129cdc1ee624aa2a22c18cb593e0aec62681e8d3c1252ca93a80e97faaa87597,74
https://github.com/Kaenyne/Citadel-ABNB/blob/e3055e627f4b7952c592939a03849f5fc32b9235/research/notes/overnight/08_altdata-index-and-backtests.md,129cdc1ee624aa2a22c18cb593e0aec62681e8d3c1252ca93a80e97faaa87597,75
https://github.com/Kaenyne/Citadel-ABNB/blob/e3055e627f4b7952c592939a03849f5fc32b9235/research/notes/overnight/08_altdata-index-and-backtests.md,129cdc1ee624aa2a22c18cb593e0aec62681e8d3c1252ca93a80e97faaa87597,105
https://github.com/Kaenyne/Citadel-ABNB/blob/e3055e627f4b7952c592939a03849f5fc32b9235/research/notes/overnight/08_altdata-index-and-backtests.md,129cdc1ee624aa2a22c18cb593e0aec62681e8d3c1252ca93a80e97faaa87597,142
https://github.com/Kaenyne/Citadel-ABNB/blob/e3055e627f4b7952c592939a03849f5fc32b9235/research/notes/overnight/08_altdata-index-and-backtests.md,129cdc1ee624aa2a22c18cb593e0aec62681e8d3c1252ca93a80e97faaa87597,144
https://github.com/Kaenyne/Citadel-ABNB/blob/e3055e627f4b7952c592939a03849f5fc32b9235/research/notes/overnight/08_altdata-index-and-backtests.md,129cdc1ee624aa2a22c18cb593e0aec62681e8d3c1252ca93a80e97faaa87597,165
https://github.com/Kaenyne/Citadel-ABNB/blob/e3055e627f4b7952c592939a03849f5fc32b9235/research/notes/overnight/08_altdata-index-and-backtests.md,129cdc1ee624aa2a22c18cb593e0aec62681e8d3c1252ca93a80e97faaa87597,195
https://github.com/Kaenyne/Citadel-ABNB/blob/e3055e627f4b7952c592939a03849f5fc32b9235/research/notes/overnight/08_altdata-index-and-backtests.md,129cdc1ee624aa2a22c18cb593e0aec62681e8d3c1252ca93a80e97faaa87597,214
https://github.com/Kaenyne/Citadel-ABNB/blob/e3055e627f4b7952c592939a03849f5fc32b9235/research/notes/overnight/08_altdata-index-and-backtests.md,129cdc1ee624aa2a22c18cb593e0aec62681e8d3c1252ca93a80e97faaa87597,235
https://github.com/Kaenyne/Citadel-ABNB/blob/e3055e627f4b7952c592939a03849f5fc32b9235/research/notes/overnight/08_altdata-index-and-backtests.md,129cdc1ee624aa2a22c18cb593e0aec62681e8d3c1252ca93a80e97faaa87597,236
https://github.com/Kaenyne/Citadel-ABNB/blob/e3055e627f4b7952c592939a03849f5fc32b9235/research/notes/overnight/09_stock-behaviour-and-alpha.md,eccc48a7c91589799eab39da560b15a1ef7ef5033e79fa4ed4a1f10205d2f14e,16
https://github.com/Kaenyne/Citadel-ABNB/blob/e3055e627f4b7952c592939a03849f5fc32b9235/research/notes/overnight/09_stock-behaviour-and-alpha.md,eccc48a7c91589799eab39da560b15a1ef7ef5033e79fa4ed4a1f10205d2f14e,319
https://github.com/Kaenyne/Citadel-ABNB/blob/e3055e627f4b7952c592939a03849f5fc32b9235/research/notes/overnight/10_regional-and-segment-decomposition.md,2ccc1d3797ac62bde21dfcfb8f1c7f90d9ab93129504992b31e9b96843c079f9,13
https://github.com/Kaenyne/Citadel-ABNB/blob/e3055e627f4b7952c592939a03849f5fc32b9235/research/notes/overnight/10_regional-and-segment-decomposition.md,2ccc1d3797ac62bde21dfcfb8f1c7f90d9ab93129504992b31e9b96843c079f9,289
https://github.com/Kaenyne/Citadel-ABNB/blob/e3055e627f4b7952c592939a03849f5fc32b9235/research/notes/overnight/10_regional-and-segment-decomposition.md,2ccc1d3797ac62bde21dfcfb8f1c7f90d9ab93129504992b31e9b96843c079f9,307
https://github.com/Kaenyne/Citadel-ABNB/blob/e3055e627f4b7952c592939a03849f5fc32b9235/research/notes/overnight/10_regional-and-segment-decomposition.md,2ccc1d3797ac62bde21dfcfb8f1c7f90d9ab93129504992b31e9b96843c079f9,322
https://github.com/Kaenyne/Citadel-ABNB/blob/e3055e627f4b7952c592939a03849f5fc32b9235/research/notes/overnight/11_competition-supply-and-overlays.md,4b938583be65df358b21e513162312e980ce59f7c1b3bb8de2d07fea88bf256e,24
https://github.com/Kaenyne/Citadel-ABNB/blob/e3055e627f4b7952c592939a03849f5fc32b9235/research/notes/overnight/11_competition-supply-and-overlays.md,4b938583be65df358b21e513162312e980ce59f7c1b3bb8de2d07fea88bf256e,117
https://github.com/Kaenyne/Citadel-ABNB/blob/e3055e627f4b7952c592939a03849f5fc32b9235/research/notes/overnight/11_competition-supply-and-overlays.md,4b938583be65df358b21e513162312e980ce59f7c1b3bb8de2d07fea88bf256e,182
https://github.com/Kaenyne/Citadel-ABNB/blob/e3055e627f4b7952c592939a03849f5fc32b9235/research/notes/overnight/11_competition-supply-and-overlays.md,4b938583be65df358b21e513162312e980ce59f7c1b3bb8de2d07fea88bf256e,200
https://github.com/Kaenyne/Citadel-ABNB/blob/e3055e627f4b7952c592939a03849f5fc32b9235/research/notes/overnight/11_competition-supply-and-overlays.md,4b938583be65df358b21e513162312e980ce59f7c1b3bb8de2d07fea88bf256e,202
https://github.com/Kaenyne/Citadel-ABNB/blob/e3055e627f4b7952c592939a03849f5fc32b9235/research/notes/overnight/11_competition-supply-and-overlays.md,4b938583be65df358b21e513162312e980ce59f7c1b3bb8de2d07fea88bf256e,204
https://github.com/Kaenyne/Citadel-ABNB/blob/e3055e627f4b7952c592939a03849f5fc32b9235/research/notes/overnight/11_competition-supply-and-overlays.md,4b938583be65df358b21e513162312e980ce59f7c1b3bb8de2d07fea88bf256e,262
https://github.com/Kaenyne/Citadel-ABNB/blob/e3055e627f4b7952c592939a03849f5fc32b9235/research/notes/overnight/11_competition-supply-and-overlays.md,4b938583be65df358b21e513162312e980ce59f7c1b3bb8de2d07fea88bf256e,271
https://github.com/Kaenyne/Citadel-ABNB/blob/e3055e627f4b7952c592939a03849f5fc32b9235/research/notes/overnight/11_competition-supply-and-overlays.md,4b938583be65df358b21e513162312e980ce59f7c1b3bb8de2d07fea88bf256e,327
https://github.com/Kaenyne/Citadel-ABNB/blob/e3055e627f4b7952c592939a03849f5fc32b9235/research/notes/overnight/11_competition-supply-and-overlays.md,4b938583be65df358b21e513162312e980ce59f7c1b3bb8de2d07fea88bf256e,342
https://github.com/Kaenyne/Citadel-ABNB/blob/e3055e627f4b7952c592939a03849f5fc32b9235/research/notes/overnight/12_valuation-multiple-regime.md,4a3030d8742a1c994aedb981eb02a90b60711225df55caa2071a4539091db183,170
https://github.com/Kaenyne/Citadel-ABNB/blob/e3055e627f4b7952c592939a03849f5fc32b9235/research/notes/overnight/13_driver-model-build.md,487a61bd9215391a3f220b6747e4cd7e175b03d0025068f90def37ce77a29d02,106
https://github.com/Kaenyne/Citadel-ABNB/blob/e3055e627f4b7952c592939a03849f5fc32b9235/research/notes/overnight/13_driver-model-build.md,487a61bd9215391a3f220b6747e4cd7e175b03d0025068f90def37ce77a29d02,237
https://github.com/Kaenyne/Citadel-ABNB/blob/e3055e627f4b7952c592939a03849f5fc32b9235/research/notes/overnight/13_driver-model-build.md,487a61bd9215391a3f220b6747e4cd7e175b03d0025068f90def37ce77a29d02,261
https://github.com/Kaenyne/Citadel-ABNB/blob/e3055e627f4b7952c592939a03849f5fc32b9235/research/notes/overnight/13_driver-model-build.md,487a61bd9215391a3f220b6747e4cd7e175b03d0025068f90def37ce77a29d02,369
https://github.com/Kaenyne/Citadel-ABNB/blob/e3055e627f4b7952c592939a03849f5fc32b9235/research/notes/overnight/14_master-synthesis.md,eae0d91b260e1661d2637f63524d2f19c5279aa0f1f5549622289b4cb126f904,52
https://github.com/Kaenyne/Citadel-ABNB/blob/e3055e627f4b7952c592939a03849f5fc32b9235/research/notes/overnight/14_master-synthesis.md,eae0d91b260e1661d2637f63524d2f19c5279aa0f1f5549622289b4cb126f904,67
https://github.com/Kaenyne/Citadel-ABNB/blob/e3055e627f4b7952c592939a03849f5fc32b9235/research/notes/overnight/14_master-synthesis.md,eae0d91b260e1661d2637f63524d2f19c5279aa0f1f5549622289b4cb126f904,68
https://github.com/Kaenyne/Citadel-ABNB/blob/e3055e627f4b7952c592939a03849f5fc32b9235/research/notes/overnight/14_master-synthesis.md,eae0d91b260e1661d2637f63524d2f19c5279aa0f1f5549622289b4cb126f904,124
https://github.com/Kaenyne/Citadel-ABNB/blob/e3055e627f4b7952c592939a03849f5fc32b9235/research/notes/overnight/14_master-synthesis.md,eae0d91b260e1661d2637f63524d2f19c5279aa0f1f5549622289b4cb126f904,125
https://github.com/Kaenyne/Citadel-ABNB/blob/e3055e627f4b7952c592939a03849f5fc32b9235/research/notes/overnight/14_master-synthesis.md,eae0d91b260e1661d2637f63524d2f19c5279aa0f1f5549622289b4cb126f904,205
https://github.com/Kaenyne/Citadel-ABNB/blob/e3055e627f4b7952c592939a03849f5fc32b9235/research/notes/overnight/14_master-synthesis.md,eae0d91b260e1661d2637f63524d2f19c5279aa0f1f5549622289b4cb126f904,327
https://github.com/Kaenyne/Citadel-ABNB/blob/e3055e627f4b7952c592939a03849f5fc32b9235/research/notes/overnight/14_master-synthesis.md,eae0d91b260e1661d2637f63524d2f19c5279aa0f1f5549622289b4cb126f904,340
https://github.com/Kaenyne/Citadel-ABNB/blob/e3055e627f4b7952c592939a03849f5fc32b9235/research/notes/overnight/14_master-synthesis.md,eae0d91b260e1661d2637f63524d2f19c5279aa0f1f5549622289b4cb126f904,491
https://github.com/Kaenyne/Citadel-ABNB/blob/e3055e627f4b7952c592939a03849f5fc32b9235/research/notes/overnight/14_master-synthesis.md,eae0d91b260e1661d2637f63524d2f19c5279aa0f1f5549622289b4cb126f904,550
https://github.com/Kaenyne/Citadel-ABNB/blob/e3055e627f4b7952c592939a03849f5fc32b9235/research/notes/overnight/14_master-synthesis.md,eae0d91b260e1661d2637f63524d2f19c5279aa0f1f5549622289b4cb126f904,727
https://github.com/Kaenyne/Citadel-ABNB/blob/e3055e627f4b7952c592939a03849f5fc32b9235/research/notes/overnight/14_master-synthesis.md,eae0d91b260e1661d2637f63524d2f19c5279aa0f1f5549622289b4cb126f904,829
https://github.com/Kaenyne/Citadel-ABNB/blob/e3055e627f4b7952c592939a03849f5fc32b9235/research/notes/overnight/14_master-synthesis.md,eae0d91b260e1661d2637f63524d2f19c5279aa0f1f5549622289b4cb126f904,834
https://github.com/Kaenyne/Citadel-ABNB/blob/e3055e627f4b7952c592939a03849f5fc32b9235/research/notes/overnight/14_master-synthesis.md,eae0d91b260e1661d2637f63524d2f19c5279aa0f1f5549622289b4cb126f904,859
https://github.com/Kaenyne/Citadel-ABNB/blob/e3055e627f4b7952c592939a03849f5fc32b9235/research/notes/overnight/14_master-synthesis.md,eae0d91b260e1661d2637f63524d2f19c5279aa0f1f5549622289b4cb126f904,897
https://github.com/Kaenyne/Citadel-ABNB/blob/e3055e627f4b7952c592939a03849f5fc32b9235/research/notes/overnight/14_master-synthesis.md,eae0d91b260e1661d2637f63524d2f19c5279aa0f1f5549622289b4cb126f904,1032
https://github.com/Kaenyne/Citadel-ABNB/blob/e3055e627f4b7952c592939a03849f5fc32b9235/research/notes/overnight/16_web-gap-fill.md,a9d185aa279c087c4e089bc3f76f784b8711662e1db72e1dcbd900eb56fb2c20,229
https://github.com/Kaenyne/Citadel-ABNB/blob/e3055e627f4b7952c592939a03849f5fc32b9235/research/notes/overnight/16_web-gap-fill.md,a9d185aa279c087c4e089bc3f76f784b8711662e1db72e1dcbd900eb56fb2c20,230
https://github.com/Kaenyne/Citadel-ABNB/blob/e3055e627f4b7952c592939a03849f5fc32b9235/research/notes/overnight/16_web-gap-fill.md,a9d185aa279c087c4e089bc3f76f784b8711662e1db72e1dcbd900eb56fb2c20,283
https://github.com/Kaenyne/Citadel-ABNB/blob/e3055e627f4b7952c592939a03849f5fc32b9235/research/notes/overnight/16_web-gap-fill.md,a9d185aa279c087c4e089bc3f76f784b8711662e1db72e1dcbd900eb56fb2c20,393
https://github.com/Kaenyne/Citadel-ABNB/blob/e3055e627f4b7952c592939a03849f5fc32b9235/research/notes/overnight/16_web-gap-fill.md,a9d185aa279c087c4e089bc3f76f784b8711662e1db72e1dcbd900eb56fb2c20,394
https://github.com/Kaenyne/Citadel-ABNB/blob/e3055e627f4b7952c592939a03849f5fc32b9235/research/notes/overnight/20_temporal-validation.md,6a80247e6adef375b8275602d56fdab8c665b6635b6b99b18fb276e08e77e243,39
https://github.com/Kaenyne/Citadel-ABNB/blob/e3055e627f4b7952c592939a03849f5fc32b9235/research/notes/overnight/20_temporal-validation.md,6a80247e6adef375b8275602d56fdab8c665b6635b6b99b18fb276e08e77e243,86
https://github.com/Kaenyne/Citadel-ABNB/blob/e3055e627f4b7952c592939a03849f5fc32b9235/research/notes/overnight/20_temporal-validation.md,6a80247e6adef375b8275602d56fdab8c665b6635b6b99b18fb276e08e77e243,165
https://github.com/Kaenyne/Citadel-ABNB/blob/e3055e627f4b7952c592939a03849f5fc32b9235/research/notes/overnight/20_temporal-validation.md,6a80247e6adef375b8275602d56fdab8c665b6635b6b99b18fb276e08e77e243,189
https://github.com/Kaenyne/Citadel-ABNB/blob/e3055e627f4b7952c592939a03849f5fc32b9235/research/notes/overnight/20_temporal-validation.md,6a80247e6adef375b8275602d56fdab8c665b6635b6b99b18fb276e08e77e243,215
https://github.com/Kaenyne/Citadel-ABNB/blob/e3055e627f4b7952c592939a03849f5fc32b9235/research/notes/overnight/20_temporal-validation.md,6a80247e6adef375b8275602d56fdab8c665b6635b6b99b18fb276e08e77e243,220
https://github.com/Kaenyne/Citadel-ABNB/blob/e3055e627f4b7952c592939a03849f5fc32b9235/research/notes/overnight/20_temporal-validation.md,6a80247e6adef375b8275602d56fdab8c665b6635b6b99b18fb276e08e77e243,221
https://github.com/Kaenyne/Citadel-ABNB/blob/e3055e627f4b7952c592939a03849f5fc32b9235/research/notes/overnight/20_temporal-validation.md,6a80247e6adef375b8275602d56fdab8c665b6635b6b99b18fb276e08e77e243,237
https://github.com/Kaenyne/Citadel-ABNB/blob/e3055e627f4b7952c592939a03849f5fc32b9235/research/notes/overnight/20_temporal-validation.md,6a80247e6adef375b8275602d56fdab8c665b6635b6b99b18fb276e08e77e243,243
https://github.com/Kaenyne/Citadel-ABNB/blob/e3055e627f4b7952c592939a03849f5fc32b9235/research/notes/overnight/26_integration.md,b339b521f798a28d65568eb821fecb10b0afc515c338f8a1927d21194978a286,163
https://github.com/Kaenyne/Citadel-ABNB/blob/e3055e627f4b7952c592939a03849f5fc32b9235/research/notes/overnight/26_integration.md,b339b521f798a28d65568eb821fecb10b0afc515c338f8a1927d21194978a286,186
https://github.com/Kaenyne/Citadel-ABNB/blob/e3055e627f4b7952c592939a03849f5fc32b9235/research/notes/overnight/26_integration.md,b339b521f798a28d65568eb821fecb10b0afc515c338f8a1927d21194978a286,187
https://github.com/Kaenyne/Citadel-ABNB/blob/e3055e627f4b7952c592939a03849f5fc32b9235/research/notes/overnight/26_integration.md,b339b521f798a28d65568eb821fecb10b0afc515c338f8a1927d21194978a286,188
https://github.com/Kaenyne/Citadel-ABNB/blob/e3055e627f4b7952c592939a03849f5fc32b9235/research/notes/overnight/26_integration.md,b339b521f798a28d65568eb821fecb10b0afc515c338f8a1927d21194978a286,206
https://github.com/Kaenyne/Citadel-ABNB/blob/e3055e627f4b7952c592939a03849f5fc32b9235/research/notes/overnight/26_integration.md,b339b521f798a28d65568eb821fecb10b0afc515c338f8a1927d21194978a286,296
https://github.com/Kaenyne/Citadel-ABNB/blob/e3055e627f4b7952c592939a03849f5fc32b9235/research/notes/overnight/27_regional-bucket-check.md,0997fd3d985cb170099fbe737730720981f075fafbba1f44a6885b819dbe60f5,11
https://github.com/Kaenyne/Citadel-ABNB/blob/e3055e627f4b7952c592939a03849f5fc32b9235/research/notes/predictive/01_forecasting-framework-review.md,f1615d8c720915e1514b0c8ccd366fd9eb16b5a75928f71b8c3c39e61dfb9428,98
https://github.com/Kaenyne/Citadel-ABNB/blob/e3055e627f4b7952c592939a03849f5fc32b9235/research/notes/predictive/01_forecasting-framework-review.md,f1615d8c720915e1514b0c8ccd366fd9eb16b5a75928f71b8c3c39e61dfb9428,126
https://github.com/Kaenyne/Citadel-ABNB/blob/e3055e627f4b7952c592939a03849f5fc32b9235/research/notes/predictive/01_forecasting-framework-review.md,f1615d8c720915e1514b0c8ccd366fd9eb16b5a75928f71b8c3c39e61dfb9428,306
https://github.com/Kaenyne/Citadel-ABNB/blob/e3055e627f4b7952c592939a03849f5fc32b9235/research/notes/predictive/01_forecasting-framework-review.md,f1615d8c720915e1514b0c8ccd366fd9eb16b5a75928f71b8c3c39e61dfb9428,329
https://github.com/Kaenyne/Citadel-ABNB/blob/e3055e627f4b7952c592939a03849f5fc32b9235/research/notes/predictive/01_forecasting-framework-review.md,f1615d8c720915e1514b0c8ccd366fd9eb16b5a75928f71b8c3c39e61dfb9428,355
https://github.com/Kaenyne/Citadel-ABNB/blob/e3055e627f4b7952c592939a03849f5fc32b9235/research/notes/predictive/01_forecasting-framework-review.md,f1615d8c720915e1514b0c8ccd366fd9eb16b5a75928f71b8c3c39e61dfb9428,357
https://github.com/Kaenyne/Citadel-ABNB/blob/e3055e627f4b7952c592939a03849f5fc32b9235/research/notes/predictive/02_peer-readthrough.md,f70aba42edcb0a4d58dcd207bd772e45366c5406a1d79f1540099e226396e4d0,23
https://github.com/Kaenyne/Citadel-ABNB/blob/e3055e627f4b7952c592939a03849f5fc32b9235/research/notes/predictive/02_peer-readthrough.md,f70aba42edcb0a4d58dcd207bd772e45366c5406a1d79f1540099e226396e4d0,169
https://github.com/Kaenyne/Citadel-ABNB/blob/e3055e627f4b7952c592939a03849f5fc32b9235/research/notes/predictive/02_peer-readthrough.md,f70aba42edcb0a4d58dcd207bd772e45366c5406a1d79f1540099e226396e4d0,172
https://github.com/Kaenyne/Citadel-ABNB/blob/e3055e627f4b7952c592939a03849f5fc32b9235/research/notes/predictive/03_macro-altdata-nowcast.md,c8bba0125bec095e9575dd478aa0e7aae3e2a5b9ad6520de6d9485a9f61c173f,8
https://github.com/Kaenyne/Citadel-ABNB/blob/e3055e627f4b7952c592939a03849f5fc32b9235/research/notes/predictive/03_macro-altdata-nowcast.md,c8bba0125bec095e9575dd478aa0e7aae3e2a5b9ad6520de6d9485a9f61c173f,18
https://github.com/Kaenyne/Citadel-ABNB/blob/e3055e627f4b7952c592939a03849f5fc32b9235/research/notes/predictive/03_macro-altdata-nowcast.md,c8bba0125bec095e9575dd478aa0e7aae3e2a5b9ad6520de6d9485a9f61c173f,30
https://github.com/Kaenyne/Citadel-ABNB/blob/e3055e627f4b7952c592939a03849f5fc32b9235/research/notes/predictive/03_macro-altdata-nowcast.md,c8bba0125bec095e9575dd478aa0e7aae3e2a5b9ad6520de6d9485a9f61c173f,43
https://github.com/Kaenyne/Citadel-ABNB/blob/e3055e627f4b7952c592939a03849f5fc32b9235/research/notes/predictive/03_macro-altdata-nowcast.md,c8bba0125bec095e9575dd478aa0e7aae3e2a5b9ad6520de6d9485a9f61c173f,60
https://github.com/Kaenyne/Citadel-ABNB/blob/e3055e627f4b7952c592939a03849f5fc32b9235/research/notes/predictive/03_macro-altdata-nowcast.md,c8bba0125bec095e9575dd478aa0e7aae3e2a5b9ad6520de6d9485a9f61c173f,69
https://github.com/Kaenyne/Citadel-ABNB/blob/e3055e627f4b7952c592939a03849f5fc32b9235/research/notes/predictive/03_macro-altdata-nowcast.md,c8bba0125bec095e9575dd478aa0e7aae3e2a5b9ad6520de6d9485a9f61c173f,89
https://github.com/Kaenyne/Citadel-ABNB/blob/e3055e627f4b7952c592939a03849f5fc32b9235/research/notes/predictive/04_margin-and-reaction.md,c93fc39e0d1ea6075eccedb6b8dc4832a416790044656696afed4756f554b023,3
https://github.com/Kaenyne/Citadel-ABNB/blob/e3055e627f4b7952c592939a03849f5fc32b9235/research/notes/predictive/04_margin-and-reaction.md,c93fc39e0d1ea6075eccedb6b8dc4832a416790044656696afed4756f554b023,18
https://github.com/Kaenyne/Citadel-ABNB/blob/e3055e627f4b7952c592939a03849f5fc32b9235/research/notes/predictive/04_margin-and-reaction.md,c93fc39e0d1ea6075eccedb6b8dc4832a416790044656696afed4756f554b023,20
https://github.com/Kaenyne/Citadel-ABNB/blob/e3055e627f4b7952c592939a03849f5fc32b9235/research/notes/predictive/05_pitch-scorecard.md,d9a0be434c2eec82ea414287b47748923c000efc542b50d8391549741f30ce95,21
https://github.com/Kaenyne/Citadel-ABNB/blob/e3055e627f4b7952c592939a03849f5fc32b9235/research/notes/predictive/05_pitch-scorecard.md,d9a0be434c2eec82ea414287b47748923c000efc542b50d8391549741f30ce95,22
https://github.com/Kaenyne/Citadel-ABNB/blob/e3055e627f4b7952c592939a03849f5fc32b9235/research/notes/predictive/05_pitch-scorecard.md,d9a0be434c2eec82ea414287b47748923c000efc542b50d8391549741f30ce95,87
https://github.com/Kaenyne/Citadel-ABNB/blob/e3055e627f4b7952c592939a03849f5fc32b9235/research/notes/predictive/05_pitch-scorecard.md,d9a0be434c2eec82ea414287b47748923c000efc542b50d8391549741f30ce95,95
https://github.com/Kaenyne/Citadel-ABNB/blob/e3055e627f4b7952c592939a03849f5fc32b9235/research/notes/predictive/05_pitch-scorecard.md,d9a0be434c2eec82ea414287b47748923c000efc542b50d8391549741f30ce95,118
https://github.com/Kaenyne/Citadel-ABNB/blob/e3055e627f4b7952c592939a03849f5fc32b9235/research/notes/predictive/05_pitch-scorecard.md,d9a0be434c2eec82ea414287b47748923c000efc542b50d8391549741f30ce95,135
https://github.com/Kaenyne/Citadel-ABNB/blob/e3055e627f4b7952c592939a03849f5fc32b9235/research/notes/predictive/05_pitch-scorecard.md,d9a0be434c2eec82ea414287b47748923c000efc542b50d8391549741f30ce95,139
https://github.com/Kaenyne/Citadel-ABNB/blob/e3055e627f4b7952c592939a03849f5fc32b9235/research/notes/predictive/05_pitch-scorecard.md,d9a0be434c2eec82ea414287b47748923c000efc542b50d8391549741f30ce95,149
https://github.com/Kaenyne/Citadel-ABNB/blob/e3055e627f4b7952c592939a03849f5fc32b9235/research/notes/predictive/05_pitch-scorecard.md,d9a0be434c2eec82ea414287b47748923c000efc542b50d8391549741f30ce95,151
https://github.com/Kaenyne/Citadel-ABNB/blob/e3055e627f4b7952c592939a03849f5fc32b9235/research/notes/predictive/05_pitch-scorecard.md,d9a0be434c2eec82ea414287b47748923c000efc542b50d8391549741f30ce95,160
https://github.com/Kaenyne/Citadel-ABNB/blob/e3055e627f4b7952c592939a03849f5fc32b9235/research/notes/predictive/05_pitch-scorecard.md,d9a0be434c2eec82ea414287b47748923c000efc542b50d8391549741f30ce95,170
https://github.com/Kaenyne/Citadel-ABNB/blob/e3055e627f4b7952c592939a03849f5fc32b9235/research/notes/predictive/05_pitch-scorecard.md,d9a0be434c2eec82ea414287b47748923c000efc542b50d8391549741f30ce95,174
https://github.com/Kaenyne/Citadel-ABNB/blob/e3055e627f4b7952c592939a03849f5fc32b9235/research/notes/predictive/05_pitch-scorecard.md,d9a0be434c2eec82ea414287b47748923c000efc542b50d8391549741f30ce95,180
https://github.com/Kaenyne/Citadel-ABNB/blob/e3055e627f4b7952c592939a03849f5fc32b9235/research/notes/research-log-abnb-regulatory-profile.md,fbeadaefac0761e5a56a8dff22a1057fd51edf9724f02a08cf69b5286e63a0b3,20
https://github.com/Kaenyne/Citadel-ABNB/blob/e3055e627f4b7952c592939a03849f5fc32b9235/research/notes/research-log-abnb-regulatory-profile.md,fbeadaefac0761e5a56a8dff22a1057fd51edf9724f02a08cf69b5286e63a0b3,41
https://github.com/Kaenyne/Citadel-ABNB/blob/e3055e627f4b7952c592939a03849f5fc32b9235/research/notes/research-log-abnb-regulatory-profile.md,fbeadaefac0761e5a56a8dff22a1057fd51edf9724f02a08cf69b5286e63a0b3,56
https://github.com/Kaenyne/Citadel-ABNB/blob/e3055e627f4b7952c592939a03849f5fc32b9235/research/notes/research-log-abnb-regulatory-profile.md,fbeadaefac0761e5a56a8dff22a1057fd51edf9724f02a08cf69b5286e63a0b3,87
https://github.com/Kaenyne/Citadel-ABNB/blob/e3055e627f4b7952c592939a03849f5fc32b9235/research/notes/research-log-abnb-regulatory-profile.md,fbeadaefac0761e5a56a8dff22a1057fd51edf9724f02a08cf69b5286e63a0b3,128
https://github.com/Kaenyne/Citadel-ABNB/blob/e3055e627f4b7952c592939a03849f5fc32b9235/research/sources/README.md,cf68dfa78f289896607b08a86acb28fe3fd94a01500f05a23d0d41a4fa9b121d,12
https://github.com/Kaenyne/Citadel-ABNB/blob/e3055e627f4b7952c592939a03849f5fc32b9235/research/sources/README.md,cf68dfa78f289896607b08a86acb28fe3fd94a01500f05a23d0d41a4fa9b121d,37
https://github.com/Kaenyne/Citadel-ABNB/blob/e3055e627f4b7952c592939a03849f5fc32b9235/research/sources/README.md,cf68dfa78f289896607b08a86acb28fe3fd94a01500f05a23d0d41a4fa9b121d,38
https://github.com/Kaenyne/Citadel-ABNB/blob/e3055e627f4b7952c592939a03849f5fc32b9235/research/sources/README.md,cf68dfa78f289896607b08a86acb28fe3fd94a01500f05a23d0d41a4fa9b121d,44
https://github.com/Kaenyne/Citadel-ABNB/blob/e3055e627f4b7952c592939a03849f5fc32b9235/research/sources/README.md,cf68dfa78f289896607b08a86acb28fe3fd94a01500f05a23d0d41a4fa9b121d,69
https://github.com/Kaenyne/Citadel-ABNB/blob/e3055e627f4b7952c592939a03849f5fc32b9235/research/sources/README.md,cf68dfa78f289896607b08a86acb28fe3fd94a01500f05a23d0d41a4fa9b121d,70
https://github.com/Kaenyne/Citadel-ABNB/blob/e3055e627f4b7952c592939a03849f5fc32b9235/research/sources/README.md,cf68dfa78f289896607b08a86acb28fe3fd94a01500f05a23d0d41a4fa9b121d,71
https://github.com/Kaenyne/Citadel-ABNB/blob/e3055e627f4b7952c592939a03849f5fc32b9235/research/sources/README.md,cf68dfa78f289896607b08a86acb28fe3fd94a01500f05a23d0d41a4fa9b121d,72
abnb-direct-booking.zip::research/notes/direct_booking_threat_to_abnb.md,19d5aaef5a3e2c6c2e5f18b70393dc745bc920995d294dae387b5955525fc150,11
abnb-direct-booking.zip::research/notes/direct_booking_threat_to_abnb.md,19d5aaef5a3e2c6c2e5f18b70393dc745bc920995d294dae387b5955525fc150,49
abnb-direct-booking.zip::research/notes/direct_booking_threat_to_abnb.md,19d5aaef5a3e2c6c2e5f18b70393dc745bc920995d294dae387b5955525fc150,51
abnb-direct-booking.zip::research/notes/direct_booking_threat_to_abnb.md,19d5aaef5a3e2c6c2e5f18b70393dc745bc920995d294dae387b5955525fc150,52
abnb-direct-booking.zip::research/notes/direct_booking_threat_to_abnb.md,19d5aaef5a3e2c6c2e5f18b70393dc745bc920995d294dae387b5955525fc150,77
abnb-direct-booking.zip::research/sources/direct_booking_sources.md,2a43942267a356175cb449aa83b056251ab6d47b5df3d91558ee6542eae5dc1a,16
catalyst_calendar_2026-09-06.zip::data/processed/abnb_big_moves_7pct.csv,e643c586644bb62e5f2f2d9095758828f3f54251bbb6c46c459b701fda488bf6,41
catalyst_calendar_2026-09-06.zip::data/processed/abnb_big_moves_7pct.csv,e643c586644bb62e5f2f2d9095758828f3f54251bbb6c46c459b701fda488bf6,42
catalyst_calendar_2026-09-06.zip::research/notes/catalyst_calendar.md,7fbcf97a9b0c8d67bc63d7cbfd3e619cbe0fdd449c2c37800bfe9faf805cd17a,48
catalyst_calendar_2026-09-06.zip::research/notes/catalyst_calendar.md,7fbcf97a9b0c8d67bc63d7cbfd3e619cbe0fdd449c2c37800bfe9faf805cd17a,52
catalyst_calendar_2026-09-06.zip::research/notes/catalyst_calendar.md,7fbcf97a9b0c8d67bc63d7cbfd3e619cbe0fdd449c2c37800bfe9faf805cd17a,63
catalyst_calendar_2026-09-06.zip::research/sources/README_catalyst_calendar_additions.md,0b774028e2f7210a08eabcc9e76edbfd110558bfd879a191b6b7e00613a25229,11
catalyst_calendar_2026-09-06.zip::research/sources/README_catalyst_calendar_additions.md,0b774028e2f7210a08eabcc9e76edbfd110558bfd879a191b6b7e00613a25229,12
citadel-abnb-austin-rnpl-hotels.zip::drop4/README_DROP.md,c195c04d65fb3c6668fcdcbf06ca2c6242471854525264687e363d39ddffc8e1,1
citadel-abnb-austin-rnpl-hotels.zip::drop4/README_DROP.md,c195c04d65fb3c6668fcdcbf06ca2c6242471854525264687e363d39ddffc8e1,16
citadel-abnb-austin-rnpl-hotels.zip::drop4/research/notes/2026-09-05_austin-str-rnpl-hotel-factors.md,5a5febb1b19bd6739dba66397e141df59fa669eb1d0be44ddba41da290703041,89
citadel-abnb-austin-rnpl-hotels.zip::drop4/research/notes/2026-09-05_austin-str-rnpl-hotel-factors.md,5a5febb1b19bd6739dba66397e141df59fa669eb1d0be44ddba41da290703041,99
citadel-abnb-austin-rnpl-hotels.zip::drop4/research/notes/2026-09-05_austin-str-rnpl-hotel-factors.md,5a5febb1b19bd6739dba66397e141df59fa669eb1d0be44ddba41da290703041,100
citadel-abnb-austin-rnpl-hotels.zip::drop4/research/notes/2026-09-05_austin-str-rnpl-hotel-factors.md,5a5febb1b19bd6739dba66397e141df59fa669eb1d0be44ddba41da290703041,101
citadel-abnb-austin-rnpl-hotels.zip::drop4/research/notes/2026-09-05_austin-str-rnpl-hotel-factors.md,5a5febb1b19bd6739dba66397e141df59fa669eb1d0be44ddba41da290703041,102
citadel-abnb-austin-rnpl-hotels.zip::drop4/research/notes/2026-09-05_austin-str-rnpl-hotel-factors.md,5a5febb1b19bd6739dba66397e141df59fa669eb1d0be44ddba41da290703041,105
citadel-abnb-austin-rnpl-hotels.zip::drop4/research/notes/2026-09-05_austin-str-rnpl-hotel-factors.md,5a5febb1b19bd6739dba66397e141df59fa669eb1d0be44ddba41da290703041,109
citadel-abnb-austin-rnpl-hotels.zip::drop4/research/notes/2026-09-05_austin-str-rnpl-hotel-factors.md,5a5febb1b19bd6739dba66397e141df59fa669eb1d0be44ddba41da290703041,113
citadel-abnb-austin-rnpl-hotels.zip::drop4/research/notes/2026-09-05_austin-str-rnpl-hotel-factors.md,5a5febb1b19bd6739dba66397e141df59fa669eb1d0be44ddba41da290703041,121
citadel-abnb-austin-rnpl-hotels.zip::drop4/research/notes/2026-09-05_austin-str-rnpl-hotel-factors.md,5a5febb1b19bd6739dba66397e141df59fa669eb1d0be44ddba41da290703041,122
citadel-abnb-austin-rnpl-hotels.zip::drop4/data/README_additions.md,e5bb5f31231237f3460ae49f47a54c47b39433ee7110f5e1ca35a4e33ba65810,18
citadel-abnb-feesplit-2026-09-06.zip::research/notes/host_only_fee_history_and_elasticity.md,d92f13f29fb1e0376b9e4a135751e843e6939dccc744201d8fac4a3d351789cd,28
citadel-abnb-feesplit-2026-09-06.zip::research/notes/host_only_fee_history_and_elasticity.md,d92f13f29fb1e0376b9e4a135751e843e6939dccc744201d8fac4a3d351789cd,29
citadel-abnb-feesplit-2026-09-06.zip::research/notes/host_only_fee_history_and_elasticity.md,d92f13f29fb1e0376b9e4a135751e843e6939dccc744201d8fac4a3d351789cd,30
citadel-abnb-feesplit-2026-09-06.zip::research/notes/host_only_fee_history_and_elasticity.md,d92f13f29fb1e0376b9e4a135751e843e6939dccc744201d8fac4a3d351789cd,34
citadel-abnb-hotel-loyalty (1).zip::research/notes/hotel_loyalty_stickiness_vs_abnb.md,60ca3a924a2e5f89d8fcc2cc9758fd042889372e5e8d38b5a6169bd0689da8a4,3
citadel-abnb-hotel-loyalty (1).zip::research/notes/hotel_loyalty_stickiness_vs_abnb.md,60ca3a924a2e5f89d8fcc2cc9758fd042889372e5e8d38b5a6169bd0689da8a4,7
citadel-abnb-hotel-loyalty (1).zip::research/notes/hotel_loyalty_stickiness_vs_abnb.md,60ca3a924a2e5f89d8fcc2cc9758fd042889372e5e8d38b5a6169bd0689da8a4,8
citadel-abnb-hotel-loyalty (1).zip::research/notes/hotel_loyalty_stickiness_vs_abnb.md,60ca3a924a2e5f89d8fcc2cc9758fd042889372e5e8d38b5a6169bd0689da8a4,11
citadel-abnb-hotel-loyalty (1).zip::research/notes/hotel_loyalty_stickiness_vs_abnb.md,60ca3a924a2e5f89d8fcc2cc9758fd042889372e5e8d38b5a6169bd0689da8a4,15
citadel-abnb-hotel-loyalty (1).zip::research/notes/hotel_loyalty_stickiness_vs_abnb.md,60ca3a924a2e5f89d8fcc2cc9758fd042889372e5e8d38b5a6169bd0689da8a4,24
citadel-abnb-hotel-loyalty (1).zip::research/notes/hotel_loyalty_stickiness_vs_abnb.md,60ca3a924a2e5f89d8fcc2cc9758fd042889372e5e8d38b5a6169bd0689da8a4,25
citadel-abnb-hotel-loyalty (1).zip::research/notes/hotel_loyalty_stickiness_vs_abnb.md,60ca3a924a2e5f89d8fcc2cc9758fd042889372e5e8d38b5a6169bd0689da8a4,26
citadel-abnb-hotel-loyalty (1).zip::research/notes/hotel_loyalty_stickiness_vs_abnb.md,60ca3a924a2e5f89d8fcc2cc9758fd042889372e5e8d38b5a6169bd0689da8a4,27
citadel-abnb-hotel-loyalty (1).zip::research/notes/hotel_loyalty_stickiness_vs_abnb.md,60ca3a924a2e5f89d8fcc2cc9758fd042889372e5e8d38b5a6169bd0689da8a4,28
citadel-abnb-hotel-loyalty (1).zip::research/notes/hotel_loyalty_stickiness_vs_abnb.md,60ca3a924a2e5f89d8fcc2cc9758fd042889372e5e8d38b5a6169bd0689da8a4,30
citadel-abnb-hotel-loyalty (1).zip::research/notes/hotel_loyalty_stickiness_vs_abnb.md,60ca3a924a2e5f89d8fcc2cc9758fd042889372e5e8d38b5a6169bd0689da8a4,39
citadel-abnb-hotel-loyalty (1).zip::research/notes/hotel_loyalty_stickiness_vs_abnb.md,60ca3a924a2e5f89d8fcc2cc9758fd042889372e5e8d38b5a6169bd0689da8a4,40
citadel-abnb-hotel-loyalty (1).zip::research/notes/hotel_loyalty_stickiness_vs_abnb.md,60ca3a924a2e5f89d8fcc2cc9758fd042889372e5e8d38b5a6169bd0689da8a4,41
citadel-abnb-hotel-loyalty (1).zip::research/notes/hotel_loyalty_stickiness_vs_abnb.md,60ca3a924a2e5f89d8fcc2cc9758fd042889372e5e8d38b5a6169bd0689da8a4,52
citadel-abnb-hotel-loyalty (1).zip::research/notes/hotel_loyalty_stickiness_vs_abnb.md,60ca3a924a2e5f89d8fcc2cc9758fd042889372e5e8d38b5a6169bd0689da8a4,54
citadel-abnb-hotel-loyalty (1).zip::research/notes/hotel_loyalty_stickiness_vs_abnb.md,60ca3a924a2e5f89d8fcc2cc9758fd042889372e5e8d38b5a6169bd0689da8a4,55
citadel-abnb-hotel-loyalty (1).zip::research/notes/hotel_loyalty_stickiness_vs_abnb.md,60ca3a924a2e5f89d8fcc2cc9758fd042889372e5e8d38b5a6169bd0689da8a4,59
citadel-abnb-hotel-loyalty (1).zip::research/notes/hotel_loyalty_stickiness_vs_abnb.md,60ca3a924a2e5f89d8fcc2cc9758fd042889372e5e8d38b5a6169bd0689da8a4,60
citadel-abnb-hotel-loyalty (1).zip::research/notes/hotel_loyalty_stickiness_vs_abnb.md,60ca3a924a2e5f89d8fcc2cc9758fd042889372e5e8d38b5a6169bd0689da8a4,61
citadel-abnb-hotel-loyalty (1).zip::research/notes/hotel_loyalty_stickiness_vs_abnb.md,60ca3a924a2e5f89d8fcc2cc9758fd042889372e5e8d38b5a6169bd0689da8a4,62
citadel-abnb-hotel-loyalty (1).zip::research/notes/hotel_loyalty_stickiness_vs_abnb.md,60ca3a924a2e5f89d8fcc2cc9758fd042889372e5e8d38b5a6169bd0689da8a4,64
citadel-abnb-hotel-loyalty (1).zip::research/notes/hotel_loyalty_stickiness_vs_abnb.md,60ca3a924a2e5f89d8fcc2cc9758fd042889372e5e8d38b5a6169bd0689da8a4,65
citadel-abnb-hotel-loyalty (1).zip::research/notes/hotel_loyalty_stickiness_vs_abnb.md,60ca3a924a2e5f89d8fcc2cc9758fd042889372e5e8d38b5a6169bd0689da8a4,79
citadel-abnb-hotel-loyalty (1).zip::research/notes/hotel_loyalty_stickiness_vs_abnb.md,60ca3a924a2e5f89d8fcc2cc9758fd042889372e5e8d38b5a6169bd0689da8a4,80
citadel-abnb-hotel-loyalty (1).zip::research/notes/hotel_loyalty_stickiness_vs_abnb.md,60ca3a924a2e5f89d8fcc2cc9758fd042889372e5e8d38b5a6169bd0689da8a4,84
citadel-abnb-hotel-loyalty (1).zip::research/notes/hotel_loyalty_stickiness_vs_abnb.md,60ca3a924a2e5f89d8fcc2cc9758fd042889372e5e8d38b5a6169bd0689da8a4,96
citadel-abnb-hotel-loyalty (1).zip::research/notes/hotel_loyalty_stickiness_vs_abnb.md,60ca3a924a2e5f89d8fcc2cc9758fd042889372e5e8d38b5a6169bd0689da8a4,98
citadel-abnb-hotel-loyalty (1).zip::research/notes/hotel_loyalty_stickiness_vs_abnb.md,60ca3a924a2e5f89d8fcc2cc9758fd042889372e5e8d38b5a6169bd0689da8a4,102
citadel-abnb-hotel-loyalty (1).zip::research/notes/hotel_loyalty_stickiness_vs_abnb.md,60ca3a924a2e5f89d8fcc2cc9758fd042889372e5e8d38b5a6169bd0689da8a4,103
citadel-abnb-hotel-loyalty (1).zip::research/notes/hotel_loyalty_stickiness_vs_abnb.md,60ca3a924a2e5f89d8fcc2cc9758fd042889372e5e8d38b5a6169bd0689da8a4,104
citadel-abnb-hotel-loyalty (1).zip::research/notes/hotel_loyalty_stickiness_vs_abnb.md,60ca3a924a2e5f89d8fcc2cc9758fd042889372e5e8d38b5a6169bd0689da8a4,105
citadel-abnb-hotel-loyalty (1).zip::research/notes/hotel_loyalty_stickiness_vs_abnb.md,60ca3a924a2e5f89d8fcc2cc9758fd042889372e5e8d38b5a6169bd0689da8a4,106
citadel-abnb-hotel-loyalty (1).zip::research/sources/loyalty_sources_to_append.md,6ff923e5189ab49e5835358fc15d6488e586ffb4233887ef35a47d1d3aa6c72b,1
citadel-abnb-hotel-loyalty (1).zip::research/sources/loyalty_sources_to_append.md,6ff923e5189ab49e5835358fc15d6488e586ffb4233887ef35a47d1d3aa6c72b,13
citadel-abnb-hotel-loyalty (1).zip::research/sources/loyalty_sources_to_append.md,6ff923e5189ab49e5835358fc15d6488e586ffb4233887ef35a47d1d3aa6c72b,14
citadel-abnb-hotel-loyalty (1).zip::research/sources/loyalty_sources_to_append.md,6ff923e5189ab49e5835358fc15d6488e586ffb4233887ef35a47d1d3aa6c72b,15
citadel-abnb-hotel-loyalty (1).zip::research/sources/loyalty_sources_to_append.md,6ff923e5189ab49e5835358fc15d6488e586ffb4233887ef35a47d1d3aa6c72b,16
citadel-abnb-hotel-loyalty (1).zip::research/sources/loyalty_sources_to_append.md,6ff923e5189ab49e5835358fc15d6488e586ffb4233887ef35a47d1d3aa6c72b,17
citadel-abnb-hotel-loyalty (1).zip::research/sources/loyalty_sources_to_append.md,6ff923e5189ab49e5835358fc15d6488e586ffb4233887ef35a47d1d3aa6c72b,18
citadel-abnb-hotel-loyalty (1).zip::research/sources/loyalty_sources_to_append.md,6ff923e5189ab49e5835358fc15d6488e586ffb4233887ef35a47d1d3aa6c72b,20
citadel-abnb-hotel-loyalty (1).zip::research/sources/loyalty_sources_to_append.md,6ff923e5189ab49e5835358fc15d6488e586ffb4233887ef35a47d1d3aa6c72b,22
citadel-abnb-hotel-loyalty (1).zip::research/sources/loyalty_sources_to_append.md,6ff923e5189ab49e5835358fc15d6488e586ffb4233887ef35a47d1d3aa6c72b,23
citadel-abnb-hotel-loyalty (1).zip::research/sources/loyalty_sources_to_append.md,6ff923e5189ab49e5835358fc15d6488e586ffb4233887ef35a47d1d3aa6c72b,24
citadel-abnb-hotel-loyalty (1).zip::research/sources/loyalty_sources_to_append.md,6ff923e5189ab49e5835358fc15d6488e586ffb4233887ef35a47d1d3aa6c72b,28
citadel-abnb-hotel-loyalty (1).zip::research/sources/loyalty_sources_to_append.md,6ff923e5189ab49e5835358fc15d6488e586ffb4233887ef35a47d1d3aa6c72b,29
citadel-abnb-hotel-loyalty (1).zip::research/sources/loyalty_sources_to_append.md,6ff923e5189ab49e5835358fc15d6488e586ffb4233887ef35a47d1d3aa6c72b,32
citadel-abnb-hotel-loyalty (1).zip::research/sources/loyalty_sources_to_append.md,6ff923e5189ab49e5835358fc15d6488e586ffb4233887ef35a47d1d3aa6c72b,35
citadel-abnb-hotel-loyalty (1).zip::research/sources/loyalty_sources_to_append.md,6ff923e5189ab49e5835358fc15d6488e586ffb4233887ef35a47d1d3aa6c72b,36
citadel-abnb-hotel-loyalty (1).zip::data/processed/hotel_loyalty_programs.csv,36ff61eae47d298e998933dbcc017bd670fd0ee9c5979b8c124e91a7a7e737b4,4
citadel-abnb-hotel-loyalty (1).zip::data/processed/hotel_loyalty_programs.csv,36ff61eae47d298e998933dbcc017bd670fd0ee9c5979b8c124e91a7a7e737b4,5
citadel-abnb-hotel-loyalty (1).zip::data/processed/hotel_loyalty_programs.csv,36ff61eae47d298e998933dbcc017bd670fd0ee9c5979b8c124e91a7a7e737b4,6
citadel-abnb-hotel-loyalty (1).zip::data/processed/hotel_loyalty_programs.csv,36ff61eae47d298e998933dbcc017bd670fd0ee9c5979b8c124e91a7a7e737b4,7
citadel-abnb-hotel-loyalty (1).zip::data/processed/hotel_loyalty_programs.csv,36ff61eae47d298e998933dbcc017bd670fd0ee9c5979b8c124e91a7a7e737b4,8
citadel-abnb-hotel-loyalty (1).zip::data/processed/hotel_loyalty_programs.csv,36ff61eae47d298e998933dbcc017bd670fd0ee9c5979b8c124e91a7a7e737b4,9
citadel-abnb-hotel-loyalty (1).zip::data/processed/hotel_loyalty_programs.csv,36ff61eae47d298e998933dbcc017bd670fd0ee9c5979b8c124e91a7a7e737b4,10
citadel-abnb-hotel-loyalty (1).zip::data/processed/traveler_surveys_hotels_vs_str.csv,d3883c9ad4dd2ba142615ebb136af7ab7abb476ea4464385430478cd7f7529ea,2
citadel-abnb-hotel-loyalty (1).zip::data/processed/traveler_surveys_hotels_vs_str.csv,d3883c9ad4dd2ba142615ebb136af7ab7abb476ea4464385430478cd7f7529ea,3
citadel-abnb-hotel-loyalty (1).zip::data/processed/traveler_surveys_hotels_vs_str.csv,d3883c9ad4dd2ba142615ebb136af7ab7abb476ea4464385430478cd7f7529ea,4
citadel-abnb-hotel-loyalty (1).zip::data/processed/traveler_surveys_hotels_vs_str.csv,d3883c9ad4dd2ba142615ebb136af7ab7abb476ea4464385430478cd7f7529ea,5
citadel-abnb-hotel-loyalty (1).zip::data/processed/traveler_surveys_hotels_vs_str.csv,d3883c9ad4dd2ba142615ebb136af7ab7abb476ea4464385430478cd7f7529ea,6
citadel-abnb-hotel-loyalty (1).zip::data/processed/traveler_surveys_hotels_vs_str.csv,d3883c9ad4dd2ba142615ebb136af7ab7abb476ea4464385430478cd7f7529ea,7
citadel-abnb-hotel-loyalty (1).zip::data/processed/traveler_surveys_hotels_vs_str.csv,d3883c9ad4dd2ba142615ebb136af7ab7abb476ea4464385430478cd7f7529ea,8
citadel-abnb-hotel-loyalty (1).zip::data/processed/traveler_surveys_hotels_vs_str.csv,d3883c9ad4dd2ba142615ebb136af7ab7abb476ea4464385430478cd7f7529ea,9
citadel-abnb-hotel-loyalty (1).zip::data/processed/traveler_surveys_hotels_vs_str.csv,d3883c9ad4dd2ba142615ebb136af7ab7abb476ea4464385430478cd7f7529ea,10
citadel-abnb-hotel-loyalty (1).zip::data/processed/traveler_surveys_hotels_vs_str.csv,d3883c9ad4dd2ba142615ebb136af7ab7abb476ea4464385430478cd7f7529ea,11
citadel-abnb-hotel-loyalty (1).zip::data/processed/traveler_surveys_hotels_vs_str.csv,d3883c9ad4dd2ba142615ebb136af7ab7abb476ea4464385430478cd7f7529ea,12
citadel-abnb-hotel-loyalty (1).zip::data/processed/traveler_surveys_hotels_vs_str.csv,d3883c9ad4dd2ba142615ebb136af7ab7abb476ea4464385430478cd7f7529ea,13
citadel-abnb-hotel-loyalty (1).zip::data/processed/traveler_surveys_hotels_vs_str.csv,d3883c9ad4dd2ba142615ebb136af7ab7abb476ea4464385430478cd7f7529ea,14
citadel-abnb-hotel-loyalty (1).zip::data/processed/traveler_surveys_hotels_vs_str.csv,d3883c9ad4dd2ba142615ebb136af7ab7abb476ea4464385430478cd7f7529ea,15
citadel-abnb-hotel-loyalty (1).zip::data/processed/traveler_surveys_hotels_vs_str.csv,d3883c9ad4dd2ba142615ebb136af7ab7abb476ea4464385430478cd7f7529ea,16
citadel-abnb-hotel-loyalty (1).zip::data/processed/traveler_surveys_hotels_vs_str.csv,d3883c9ad4dd2ba142615ebb136af7ab7abb476ea4464385430478cd7f7529ea,17
citadel-abnb-hotel-loyalty (1).zip::data/processed/traveler_surveys_hotels_vs_str.csv,d3883c9ad4dd2ba142615ebb136af7ab7abb476ea4464385430478cd7f7529ea,18
citadel-abnb-hotel-loyalty (1).zip::data/processed/traveler_surveys_hotels_vs_str.csv,d3883c9ad4dd2ba142615ebb136af7ab7abb476ea4464385430478cd7f7529ea,19
citadel-abnb-hotel-loyalty (1).zip::data/processed/traveler_surveys_hotels_vs_str.csv,d3883c9ad4dd2ba142615ebb136af7ab7abb476ea4464385430478cd7f7529ea,20
citadel-abnb-hotel-loyalty (1).zip::data/processed/traveler_surveys_hotels_vs_str.csv,d3883c9ad4dd2ba142615ebb136af7ab7abb476ea4464385430478cd7f7529ea,21
citadel-abnb-hotel-loyalty (1).zip::data/processed/traveler_surveys_hotels_vs_str.csv,d3883c9ad4dd2ba142615ebb136af7ab7abb476ea4464385430478cd7f7529ea,22
citadel-abnb-hotel-loyalty (1).zip::data/processed/traveler_surveys_hotels_vs_str.csv,d3883c9ad4dd2ba142615ebb136af7ab7abb476ea4464385430478cd7f7529ea,23
citadel-abnb-hotel-loyalty (1).zip::data/processed/traveler_surveys_hotels_vs_str.csv,d3883c9ad4dd2ba142615ebb136af7ab7abb476ea4464385430478cd7f7529ea,24
citadel-abnb-hotel-loyalty (1).zip::data/processed/traveler_surveys_hotels_vs_str.csv,d3883c9ad4dd2ba142615ebb136af7ab7abb476ea4464385430478cd7f7529ea,25
citadel-abnb-hotel-loyalty (1).zip::data/processed/traveler_surveys_hotels_vs_str.csv,d3883c9ad4dd2ba142615ebb136af7ab7abb476ea4464385430478cd7f7529ea,26
citadel-abnb-hotel-loyalty (1).zip::data/processed/traveler_surveys_hotels_vs_str.csv,d3883c9ad4dd2ba142615ebb136af7ab7abb476ea4464385430478cd7f7529ea,27
citadel-abnb-hotel-loyalty (1).zip::data/processed/traveler_surveys_hotels_vs_str.csv,d3883c9ad4dd2ba142615ebb136af7ab7abb476ea4464385430478cd7f7529ea,28
citadel-abnb-hotel-loyalty (1).zip::data/processed/traveler_surveys_hotels_vs_str.csv,d3883c9ad4dd2ba142615ebb136af7ab7abb476ea4464385430478cd7f7529ea,29
citadel-abnb-hotel-loyalty (1).zip::data/processed/traveler_surveys_hotels_vs_str.csv,d3883c9ad4dd2ba142615ebb136af7ab7abb476ea4464385430478cd7f7529ea,30
citadel-abnb-hotel-loyalty (1).zip::data/processed/traveler_surveys_hotels_vs_str.csv,d3883c9ad4dd2ba142615ebb136af7ab7abb476ea4464385430478cd7f7529ea,31
citadel-abnb-hotel-loyalty (1).zip::data/processed/traveler_surveys_hotels_vs_str.csv,d3883c9ad4dd2ba142615ebb136af7ab7abb476ea4464385430478cd7f7529ea,32
citadel-abnb-hotel-loyalty (1).zip::data/processed/traveler_surveys_hotels_vs_str.csv,d3883c9ad4dd2ba142615ebb136af7ab7abb476ea4464385430478cd7f7529ea,33
citadel-abnb-hotel-loyalty (1).zip::data/processed/traveler_surveys_hotels_vs_str.csv,d3883c9ad4dd2ba142615ebb136af7ab7abb476ea4464385430478cd7f7529ea,34
citadel-abnb-hotel-loyalty (1).zip::data/processed/traveler_surveys_hotels_vs_str.csv,d3883c9ad4dd2ba142615ebb136af7ab7abb476ea4464385430478cd7f7529ea,35
citadel-abnb-hotel-loyalty (1).zip::data/processed/traveler_surveys_hotels_vs_str.csv,d3883c9ad4dd2ba142615ebb136af7ab7abb476ea4464385430478cd7f7529ea,36
citadel-abnb-hotel-loyalty (1).zip::data/processed/traveler_surveys_hotels_vs_str.csv,d3883c9ad4dd2ba142615ebb136af7ab7abb476ea4464385430478cd7f7529ea,37
citadel-abnb-hotel-loyalty (1).zip::data/processed/traveler_surveys_hotels_vs_str.csv,d3883c9ad4dd2ba142615ebb136af7ab7abb476ea4464385430478cd7f7529ea,38
citadel-abnb-hotel-loyalty (1).zip::data/processed/traveler_surveys_hotels_vs_str.csv,d3883c9ad4dd2ba142615ebb136af7ab7abb476ea4464385430478cd7f7529ea,39
citadel-abnb-hotel-loyalty (1).zip::data/processed/traveler_surveys_hotels_vs_str.csv,d3883c9ad4dd2ba142615ebb136af7ab7abb476ea4464385430478cd7f7529ea,40
citadel-abnb-hotel-loyalty (1).zip::data/processed/traveler_surveys_hotels_vs_str.csv,d3883c9ad4dd2ba142615ebb136af7ab7abb476ea4464385430478cd7f7529ea,41
citadel-abnb-hotel-loyalty (1).zip::data/processed/traveler_surveys_hotels_vs_str.csv,d3883c9ad4dd2ba142615ebb136af7ab7abb476ea4464385430478cd7f7529ea,42
citadel-abnb-hotel-loyalty (1).zip::data/processed/traveler_surveys_hotels_vs_str.csv,d3883c9ad4dd2ba142615ebb136af7ab7abb476ea4464385430478cd7f7529ea,43
citadel-abnb-hotel-loyalty (1).zip::data/processed/traveler_surveys_hotels_vs_str.csv,d3883c9ad4dd2ba142615ebb136af7ab7abb476ea4464385430478cd7f7529ea,44
citadel-abnb-hotel-loyalty (1).zip::data/processed/traveler_surveys_hotels_vs_str.csv,d3883c9ad4dd2ba142615ebb136af7ab7abb476ea4464385430478cd7f7529ea,45
citadel-abnb-hotel-loyalty (1).zip::data/processed/traveler_surveys_hotels_vs_str.csv,d3883c9ad4dd2ba142615ebb136af7ab7abb476ea4464385430478cd7f7529ea,46
citadel-abnb-hotel-loyalty (1).zip::data/processed/traveler_surveys_hotels_vs_str.csv,d3883c9ad4dd2ba142615ebb136af7ab7abb476ea4464385430478cd7f7529ea,47
citadel-abnb-hotel-loyalty (1).zip::data/processed/traveler_surveys_hotels_vs_str.csv,d3883c9ad4dd2ba142615ebb136af7ab7abb476ea4464385430478cd7f7529ea,48
citadel-abnb-hotel-loyalty (1).zip::data/processed/traveler_surveys_hotels_vs_str.csv,d3883c9ad4dd2ba142615ebb136af7ab7abb476ea4464385430478cd7f7529ea,49
citadel-abnb-hotel-loyalty (1).zip::data/processed/traveler_surveys_hotels_vs_str.csv,d3883c9ad4dd2ba142615ebb136af7ab7abb476ea4464385430478cd7f7529ea,50
citadel-abnb-hotel-loyalty (1).zip::data/processed/traveler_surveys_hotels_vs_str.csv,d3883c9ad4dd2ba142615ebb136af7ab7abb476ea4464385430478cd7f7529ea,51
citadel-abnb-hotel-loyalty (1).zip::data/processed/traveler_surveys_hotels_vs_str.csv,d3883c9ad4dd2ba142615ebb136af7ab7abb476ea4464385430478cd7f7529ea,52
citadel-abnb-hotel-loyalty (1).zip::data/processed/traveler_surveys_hotels_vs_str.csv,d3883c9ad4dd2ba142615ebb136af7ab7abb476ea4464385430478cd7f7529ea,53
citadel-abnb-hotel-loyalty (1).zip::data/processed/traveler_surveys_hotels_vs_str.csv,d3883c9ad4dd2ba142615ebb136af7ab7abb476ea4464385430478cd7f7529ea,54
citadel-abnb-hotel-loyalty (1).zip::data/processed/traveler_surveys_hotels_vs_str.csv,d3883c9ad4dd2ba142615ebb136af7ab7abb476ea4464385430478cd7f7529ea,55
citadel-abnb-hotel-loyalty (1).zip::data/processed/traveler_surveys_hotels_vs_str.csv,d3883c9ad4dd2ba142615ebb136af7ab7abb476ea4464385430478cd7f7529ea,56
citadel-abnb-hotel-loyalty (1).zip::data/processed/traveler_surveys_hotels_vs_str.csv,d3883c9ad4dd2ba142615ebb136af7ab7abb476ea4464385430478cd7f7529ea,57
citadel-abnb-hotel-loyalty (1).zip::data/processed/traveler_surveys_hotels_vs_str.csv,d3883c9ad4dd2ba142615ebb136af7ab7abb476ea4464385430478cd7f7529ea,58
citadel-abnb-hotel-loyalty (1).zip::data/processed/traveler_surveys_hotels_vs_str.csv,d3883c9ad4dd2ba142615ebb136af7ab7abb476ea4464385430478cd7f7529ea,59
citadel-abnb-hotel-loyalty (1).zip::data/processed/traveler_surveys_hotels_vs_str.csv,d3883c9ad4dd2ba142615ebb136af7ab7abb476ea4464385430478cd7f7529ea,60
citadel-abnb-hotel-loyalty (1).zip::data/processed/traveler_surveys_hotels_vs_str.csv,d3883c9ad4dd2ba142615ebb136af7ab7abb476ea4464385430478cd7f7529ea,61
citadel-abnb-hotel-loyalty (1).zip::data/processed/traveler_surveys_hotels_vs_str.csv,d3883c9ad4dd2ba142615ebb136af7ab7abb476ea4464385430478cd7f7529ea,62
citadel-abnb-hotel-loyalty (1).zip::data/processed/traveler_surveys_hotels_vs_str.csv,d3883c9ad4dd2ba142615ebb136af7ab7abb476ea4464385430478cd7f7529ea,63
citadel-abnb-hotel-loyalty (1).zip::data/processed/traveler_surveys_hotels_vs_str.csv,d3883c9ad4dd2ba142615ebb136af7ab7abb476ea4464385430478cd7f7529ea,64
citadel-abnb-hotel-loyalty (1).zip::data/processed/traveler_surveys_hotels_vs_str.csv,d3883c9ad4dd2ba142615ebb136af7ab7abb476ea4464385430478cd7f7529ea,65
citadel-abnb-hotel-loyalty (1).zip::data/processed/traveler_surveys_hotels_vs_str.csv,d3883c9ad4dd2ba142615ebb136af7ab7abb476ea4464385430478cd7f7529ea,66
citadel-abnb-hotel-loyalty (1).zip::data/processed/traveler_surveys_hotels_vs_str.csv,d3883c9ad4dd2ba142615ebb136af7ab7abb476ea4464385430478cd7f7529ea,67
citadel-abnb-hotel-loyalty (1).zip::data/processed/traveler_surveys_hotels_vs_str.csv,d3883c9ad4dd2ba142615ebb136af7ab7abb476ea4464385430478cd7f7529ea,68
citadel-abnb-hotel-loyalty (1).zip::data/processed/traveler_surveys_hotels_vs_str.csv,d3883c9ad4dd2ba142615ebb136af7ab7abb476ea4464385430478cd7f7529ea,69
citadel-abnb-hotel-loyalty (1).zip::data/processed/traveler_surveys_hotels_vs_str.csv,d3883c9ad4dd2ba142615ebb136af7ab7abb476ea4464385430478cd7f7529ea,70
citadel-abnb-hotel-loyalty (1).zip::data/processed/traveler_surveys_hotels_vs_str.csv,d3883c9ad4dd2ba142615ebb136af7ab7abb476ea4464385430478cd7f7529ea,71
citadel-abnb-hotel-loyalty (1).zip::data/processed/traveler_surveys_hotels_vs_str.csv,d3883c9ad4dd2ba142615ebb136af7ab7abb476ea4464385430478cd7f7529ea,72
citadel-abnb-hotel-loyalty (1).zip::data/processed/traveler_surveys_hotels_vs_str.csv,d3883c9ad4dd2ba142615ebb136af7ab7abb476ea4464385430478cd7f7529ea,73
citadel-abnb-hotel-loyalty (1).zip::data/processed/traveler_surveys_hotels_vs_str.csv,d3883c9ad4dd2ba142615ebb136af7ab7abb476ea4464385430478cd7f7529ea,74
citadel-abnb-hotel-loyalty (1).zip::data/processed/traveler_surveys_hotels_vs_str.csv,d3883c9ad4dd2ba142615ebb136af7ab7abb476ea4464385430478cd7f7529ea,75
citadel-abnb-hotel-loyalty (1).zip::data/processed/traveler_surveys_hotels_vs_str.csv,d3883c9ad4dd2ba142615ebb136af7ab7abb476ea4464385430478cd7f7529ea,76
citadel-abnb-hotel-loyalty (1).zip::data/processed/traveler_surveys_hotels_vs_str.csv,d3883c9ad4dd2ba142615ebb136af7ab7abb476ea4464385430478cd7f7529ea,77
citadel-abnb-hotel-loyalty (1).zip::data/processed/traveler_surveys_hotels_vs_str.csv,d3883c9ad4dd2ba142615ebb136af7ab7abb476ea4464385430478cd7f7529ea,78
citadel-abnb-hotel-loyalty (1).zip::data/processed/traveler_surveys_hotels_vs_str.csv,d3883c9ad4dd2ba142615ebb136af7ab7abb476ea4464385430478cd7f7529ea,79
citadel-abnb-hotel-loyalty (1).zip::data/processed/traveler_surveys_hotels_vs_str.csv,d3883c9ad4dd2ba142615ebb136af7ab7abb476ea4464385430478cd7f7529ea,80
citadel-abnb-hotel-loyalty (1).zip::data/processed/traveler_surveys_hotels_vs_str.csv,d3883c9ad4dd2ba142615ebb136af7ab7abb476ea4464385430478cd7f7529ea,81
citadel-abnb-hotel-loyalty (1).zip::data/processed/traveler_surveys_hotels_vs_str.csv,d3883c9ad4dd2ba142615ebb136af7ab7abb476ea4464385430478cd7f7529ea,82
citadel-abnb-hotel-loyalty (1).zip::data/processed/loyalty_stickiness_evidence.csv,6f5db3c8b251784f291d3463d49adb2e37454b01672cdd21baa2763a4da6a240,2
citadel-abnb-hotel-loyalty (1).zip::data/processed/loyalty_stickiness_evidence.csv,6f5db3c8b251784f291d3463d49adb2e37454b01672cdd21baa2763a4da6a240,3
citadel-abnb-hotel-loyalty (1).zip::data/processed/loyalty_stickiness_evidence.csv,6f5db3c8b251784f291d3463d49adb2e37454b01672cdd21baa2763a4da6a240,4
citadel-abnb-hotel-loyalty (1).zip::data/processed/loyalty_stickiness_evidence.csv,6f5db3c8b251784f291d3463d49adb2e37454b01672cdd21baa2763a4da6a240,5
citadel-abnb-hotel-loyalty (1).zip::data/processed/loyalty_stickiness_evidence.csv,6f5db3c8b251784f291d3463d49adb2e37454b01672cdd21baa2763a4da6a240,6
citadel-abnb-hotel-loyalty (1).zip::data/processed/loyalty_stickiness_evidence.csv,6f5db3c8b251784f291d3463d49adb2e37454b01672cdd21baa2763a4da6a240,7
citadel-abnb-hotel-loyalty (1).zip::data/processed/loyalty_stickiness_evidence.csv,6f5db3c8b251784f291d3463d49adb2e37454b01672cdd21baa2763a4da6a240,8
citadel-abnb-hotel-loyalty (1).zip::data/processed/loyalty_stickiness_evidence.csv,6f5db3c8b251784f291d3463d49adb2e37454b01672cdd21baa2763a4da6a240,9
citadel-abnb-hotel-loyalty (1).zip::data/processed/loyalty_stickiness_evidence.csv,6f5db3c8b251784f291d3463d49adb2e37454b01672cdd21baa2763a4da6a240,10
citadel-abnb-hotel-loyalty (1).zip::data/processed/loyalty_stickiness_evidence.csv,6f5db3c8b251784f291d3463d49adb2e37454b01672cdd21baa2763a4da6a240,11
citadel-abnb-hotel-loyalty (1).zip::data/processed/loyalty_stickiness_evidence.csv,6f5db3c8b251784f291d3463d49adb2e37454b01672cdd21baa2763a4da6a240,12
citadel-abnb-hotel-loyalty (1).zip::data/processed/loyalty_stickiness_evidence.csv,6f5db3c8b251784f291d3463d49adb2e37454b01672cdd21baa2763a4da6a240,13
citadel-abnb-hotel-loyalty (1).zip::data/processed/loyalty_stickiness_evidence.csv,6f5db3c8b251784f291d3463d49adb2e37454b01672cdd21baa2763a4da6a240,14
citadel-abnb-hotel-loyalty (1).zip::data/processed/loyalty_stickiness_evidence.csv,6f5db3c8b251784f291d3463d49adb2e37454b01672cdd21baa2763a4da6a240,15
citadel-abnb-hotel-loyalty (1).zip::data/processed/loyalty_stickiness_evidence.csv,6f5db3c8b251784f291d3463d49adb2e37454b01672cdd21baa2763a4da6a240,16
citadel-abnb-hotel-loyalty (1).zip::data/processed/loyalty_stickiness_evidence.csv,6f5db3c8b251784f291d3463d49adb2e37454b01672cdd21baa2763a4da6a240,17
citadel-abnb-hotel-loyalty (1).zip::data/processed/loyalty_stickiness_evidence.csv,6f5db3c8b251784f291d3463d49adb2e37454b01672cdd21baa2763a4da6a240,18
citadel-abnb-hotel-loyalty (1).zip::data/processed/loyalty_stickiness_evidence.csv,6f5db3c8b251784f291d3463d49adb2e37454b01672cdd21baa2763a4da6a240,19
citadel-abnb-hotel-loyalty (1).zip::data/processed/loyalty_stickiness_evidence.csv,6f5db3c8b251784f291d3463d49adb2e37454b01672cdd21baa2763a4da6a240,20
citadel-abnb-hotel-loyalty (1).zip::data/processed/loyalty_stickiness_evidence.csv,6f5db3c8b251784f291d3463d49adb2e37454b01672cdd21baa2763a4da6a240,21
citadel-abnb-hotel-loyalty (1).zip::data/processed/loyalty_stickiness_evidence.csv,6f5db3c8b251784f291d3463d49adb2e37454b01672cdd21baa2763a4da6a240,22
citadel-abnb-hotel-loyalty (1).zip::data/processed/loyalty_stickiness_evidence.csv,6f5db3c8b251784f291d3463d49adb2e37454b01672cdd21baa2763a4da6a240,23
citadel-abnb-hotel-loyalty (1).zip::data/processed/loyalty_stickiness_evidence.csv,6f5db3c8b251784f291d3463d49adb2e37454b01672cdd21baa2763a4da6a240,24
citadel-abnb-hotel-loyalty (1).zip::data/processed/loyalty_stickiness_evidence.csv,6f5db3c8b251784f291d3463d49adb2e37454b01672cdd21baa2763a4da6a240,25
citadel-abnb-hotel-loyalty (1).zip::data/processed/loyalty_stickiness_evidence.csv,6f5db3c8b251784f291d3463d49adb2e37454b01672cdd21baa2763a4da6a240,26
citadel-abnb-hotel-loyalty (1).zip::data/processed/loyalty_stickiness_evidence.csv,6f5db3c8b251784f291d3463d49adb2e37454b01672cdd21baa2763a4da6a240,27
citadel-abnb-hotel-loyalty (1).zip::data/processed/loyalty_stickiness_evidence.csv,6f5db3c8b251784f291d3463d49adb2e37454b01672cdd21baa2763a4da6a240,28
citadel-abnb-hotel-loyalty (1).zip::data/processed/loyalty_stickiness_evidence.csv,6f5db3c8b251784f291d3463d49adb2e37454b01672cdd21baa2763a4da6a240,29
citadel-abnb-hotel-loyalty (1).zip::data/processed/loyalty_stickiness_evidence.csv,6f5db3c8b251784f291d3463d49adb2e37454b01672cdd21baa2763a4da6a240,30
citadel-abnb-hotel-loyalty (1).zip::data/processed/loyalty_stickiness_evidence.csv,6f5db3c8b251784f291d3463d49adb2e37454b01672cdd21baa2763a4da6a240,31
citadel-abnb-hotel-loyalty (1).zip::data/processed/loyalty_stickiness_evidence.csv,6f5db3c8b251784f291d3463d49adb2e37454b01672cdd21baa2763a4da6a240,32
citadel-abnb-hotel-loyalty (1).zip::data/processed/loyalty_stickiness_evidence.csv,6f5db3c8b251784f291d3463d49adb2e37454b01672cdd21baa2763a4da6a240,33
citadel-abnb-hotel-loyalty (1).zip::data/processed/loyalty_stickiness_evidence.csv,6f5db3c8b251784f291d3463d49adb2e37454b01672cdd21baa2763a4da6a240,34
citadel-abnb-hotel-loyalty (1).zip::data/processed/loyalty_stickiness_evidence.csv,6f5db3c8b251784f291d3463d49adb2e37454b01672cdd21baa2763a4da6a240,35
citadel-abnb-hotel-loyalty (1).zip::data/processed/loyalty_stickiness_evidence.csv,6f5db3c8b251784f291d3463d49adb2e37454b01672cdd21baa2763a4da6a240,36
citadel-abnb-hotel-loyalty (1).zip::data/processed/loyalty_stickiness_evidence.csv,6f5db3c8b251784f291d3463d49adb2e37454b01672cdd21baa2763a4da6a240,43
citadel-abnb-hotel-loyalty (1).zip::data/processed/loyalty_stickiness_evidence.csv,6f5db3c8b251784f291d3463d49adb2e37454b01672cdd21baa2763a4da6a240,44
citadel-abnb-hotel-loyalty (1).zip::docs/README_loyalty_drop.md,bc8e7b74824eb224e99eb45daf3a48c4e7a00d335e4c8634670bba072bdac495,1
citadel-abnb-hotel-loyalty (1).zip::docs/README_loyalty_drop.md,bc8e7b74824eb224e99eb45daf3a48c4e7a00d335e4c8634670bba072bdac495,10
citadel-abnb-hotel-loyalty.zip::research/notes/hotel_loyalty_stickiness_vs_abnb.md,60ca3a924a2e5f89d8fcc2cc9758fd042889372e5e8d38b5a6169bd0689da8a4,3
citadel-abnb-hotel-loyalty.zip::research/notes/hotel_loyalty_stickiness_vs_abnb.md,60ca3a924a2e5f89d8fcc2cc9758fd042889372e5e8d38b5a6169bd0689da8a4,7
citadel-abnb-hotel-loyalty.zip::research/notes/hotel_loyalty_stickiness_vs_abnb.md,60ca3a924a2e5f89d8fcc2cc9758fd042889372e5e8d38b5a6169bd0689da8a4,8
citadel-abnb-hotel-loyalty.zip::research/notes/hotel_loyalty_stickiness_vs_abnb.md,60ca3a924a2e5f89d8fcc2cc9758fd042889372e5e8d38b5a6169bd0689da8a4,11
citadel-abnb-hotel-loyalty.zip::research/notes/hotel_loyalty_stickiness_vs_abnb.md,60ca3a924a2e5f89d8fcc2cc9758fd042889372e5e8d38b5a6169bd0689da8a4,15
citadel-abnb-hotel-loyalty.zip::research/notes/hotel_loyalty_stickiness_vs_abnb.md,60ca3a924a2e5f89d8fcc2cc9758fd042889372e5e8d38b5a6169bd0689da8a4,24
citadel-abnb-hotel-loyalty.zip::research/notes/hotel_loyalty_stickiness_vs_abnb.md,60ca3a924a2e5f89d8fcc2cc9758fd042889372e5e8d38b5a6169bd0689da8a4,25
citadel-abnb-hotel-loyalty.zip::research/notes/hotel_loyalty_stickiness_vs_abnb.md,60ca3a924a2e5f89d8fcc2cc9758fd042889372e5e8d38b5a6169bd0689da8a4,26
citadel-abnb-hotel-loyalty.zip::research/notes/hotel_loyalty_stickiness_vs_abnb.md,60ca3a924a2e5f89d8fcc2cc9758fd042889372e5e8d38b5a6169bd0689da8a4,27
citadel-abnb-hotel-loyalty.zip::research/notes/hotel_loyalty_stickiness_vs_abnb.md,60ca3a924a2e5f89d8fcc2cc9758fd042889372e5e8d38b5a6169bd0689da8a4,28
citadel-abnb-hotel-loyalty.zip::research/notes/hotel_loyalty_stickiness_vs_abnb.md,60ca3a924a2e5f89d8fcc2cc9758fd042889372e5e8d38b5a6169bd0689da8a4,30
citadel-abnb-hotel-loyalty.zip::research/notes/hotel_loyalty_stickiness_vs_abnb.md,60ca3a924a2e5f89d8fcc2cc9758fd042889372e5e8d38b5a6169bd0689da8a4,39
citadel-abnb-hotel-loyalty.zip::research/notes/hotel_loyalty_stickiness_vs_abnb.md,60ca3a924a2e5f89d8fcc2cc9758fd042889372e5e8d38b5a6169bd0689da8a4,40
citadel-abnb-hotel-loyalty.zip::research/notes/hotel_loyalty_stickiness_vs_abnb.md,60ca3a924a2e5f89d8fcc2cc9758fd042889372e5e8d38b5a6169bd0689da8a4,41
citadel-abnb-hotel-loyalty.zip::research/notes/hotel_loyalty_stickiness_vs_abnb.md,60ca3a924a2e5f89d8fcc2cc9758fd042889372e5e8d38b5a6169bd0689da8a4,52
citadel-abnb-hotel-loyalty.zip::research/notes/hotel_loyalty_stickiness_vs_abnb.md,60ca3a924a2e5f89d8fcc2cc9758fd042889372e5e8d38b5a6169bd0689da8a4,54
citadel-abnb-hotel-loyalty.zip::research/notes/hotel_loyalty_stickiness_vs_abnb.md,60ca3a924a2e5f89d8fcc2cc9758fd042889372e5e8d38b5a6169bd0689da8a4,55
citadel-abnb-hotel-loyalty.zip::research/notes/hotel_loyalty_stickiness_vs_abnb.md,60ca3a924a2e5f89d8fcc2cc9758fd042889372e5e8d38b5a6169bd0689da8a4,59
citadel-abnb-hotel-loyalty.zip::research/notes/hotel_loyalty_stickiness_vs_abnb.md,60ca3a924a2e5f89d8fcc2cc9758fd042889372e5e8d38b5a6169bd0689da8a4,60
citadel-abnb-hotel-loyalty.zip::research/notes/hotel_loyalty_stickiness_vs_abnb.md,60ca3a924a2e5f89d8fcc2cc9758fd042889372e5e8d38b5a6169bd0689da8a4,61
citadel-abnb-hotel-loyalty.zip::research/notes/hotel_loyalty_stickiness_vs_abnb.md,60ca3a924a2e5f89d8fcc2cc9758fd042889372e5e8d38b5a6169bd0689da8a4,62
citadel-abnb-hotel-loyalty.zip::research/notes/hotel_loyalty_stickiness_vs_abnb.md,60ca3a924a2e5f89d8fcc2cc9758fd042889372e5e8d38b5a6169bd0689da8a4,64
citadel-abnb-hotel-loyalty.zip::research/notes/hotel_loyalty_stickiness_vs_abnb.md,60ca3a924a2e5f89d8fcc2cc9758fd042889372e5e8d38b5a6169bd0689da8a4,65
citadel-abnb-hotel-loyalty.zip::research/notes/hotel_loyalty_stickiness_vs_abnb.md,60ca3a924a2e5f89d8fcc2cc9758fd042889372e5e8d38b5a6169bd0689da8a4,79
citadel-abnb-hotel-loyalty.zip::research/notes/hotel_loyalty_stickiness_vs_abnb.md,60ca3a924a2e5f89d8fcc2cc9758fd042889372e5e8d38b5a6169bd0689da8a4,80
citadel-abnb-hotel-loyalty.zip::research/notes/hotel_loyalty_stickiness_vs_abnb.md,60ca3a924a2e5f89d8fcc2cc9758fd042889372e5e8d38b5a6169bd0689da8a4,84
citadel-abnb-hotel-loyalty.zip::research/notes/hotel_loyalty_stickiness_vs_abnb.md,60ca3a924a2e5f89d8fcc2cc9758fd042889372e5e8d38b5a6169bd0689da8a4,96
citadel-abnb-hotel-loyalty.zip::research/notes/hotel_loyalty_stickiness_vs_abnb.md,60ca3a924a2e5f89d8fcc2cc9758fd042889372e5e8d38b5a6169bd0689da8a4,98
citadel-abnb-hotel-loyalty.zip::research/notes/hotel_loyalty_stickiness_vs_abnb.md,60ca3a924a2e5f89d8fcc2cc9758fd042889372e5e8d38b5a6169bd0689da8a4,102
citadel-abnb-hotel-loyalty.zip::research/notes/hotel_loyalty_stickiness_vs_abnb.md,60ca3a924a2e5f89d8fcc2cc9758fd042889372e5e8d38b5a6169bd0689da8a4,103
citadel-abnb-hotel-loyalty.zip::research/notes/hotel_loyalty_stickiness_vs_abnb.md,60ca3a924a2e5f89d8fcc2cc9758fd042889372e5e8d38b5a6169bd0689da8a4,104
citadel-abnb-hotel-loyalty.zip::research/notes/hotel_loyalty_stickiness_vs_abnb.md,60ca3a924a2e5f89d8fcc2cc9758fd042889372e5e8d38b5a6169bd0689da8a4,105
citadel-abnb-hotel-loyalty.zip::research/notes/hotel_loyalty_stickiness_vs_abnb.md,60ca3a924a2e5f89d8fcc2cc9758fd042889372e5e8d38b5a6169bd0689da8a4,106
citadel-abnb-hotel-loyalty.zip::research/sources/loyalty_sources_to_append.md,1e889f99c080f3cb60283c36ef8bf29ecf50944e01d8310b65fa1fefc05b0cec,1
citadel-abnb-hotel-loyalty.zip::research/sources/loyalty_sources_to_append.md,1e889f99c080f3cb60283c36ef8bf29ecf50944e01d8310b65fa1fefc05b0cec,13
citadel-abnb-hotel-loyalty.zip::research/sources/loyalty_sources_to_append.md,1e889f99c080f3cb60283c36ef8bf29ecf50944e01d8310b65fa1fefc05b0cec,14
citadel-abnb-hotel-loyalty.zip::research/sources/loyalty_sources_to_append.md,1e889f99c080f3cb60283c36ef8bf29ecf50944e01d8310b65fa1fefc05b0cec,15
citadel-abnb-hotel-loyalty.zip::research/sources/loyalty_sources_to_append.md,1e889f99c080f3cb60283c36ef8bf29ecf50944e01d8310b65fa1fefc05b0cec,16
citadel-abnb-hotel-loyalty.zip::research/sources/loyalty_sources_to_append.md,1e889f99c080f3cb60283c36ef8bf29ecf50944e01d8310b65fa1fefc05b0cec,17
citadel-abnb-hotel-loyalty.zip::research/sources/loyalty_sources_to_append.md,1e889f99c080f3cb60283c36ef8bf29ecf50944e01d8310b65fa1fefc05b0cec,18
citadel-abnb-hotel-loyalty.zip::research/sources/loyalty_sources_to_append.md,1e889f99c080f3cb60283c36ef8bf29ecf50944e01d8310b65fa1fefc05b0cec,20
citadel-abnb-hotel-loyalty.zip::research/sources/loyalty_sources_to_append.md,1e889f99c080f3cb60283c36ef8bf29ecf50944e01d8310b65fa1fefc05b0cec,22
citadel-abnb-hotel-loyalty.zip::research/sources/loyalty_sources_to_append.md,1e889f99c080f3cb60283c36ef8bf29ecf50944e01d8310b65fa1fefc05b0cec,23
citadel-abnb-hotel-loyalty.zip::research/sources/loyalty_sources_to_append.md,1e889f99c080f3cb60283c36ef8bf29ecf50944e01d8310b65fa1fefc05b0cec,24
citadel-abnb-hotel-loyalty.zip::research/sources/loyalty_sources_to_append.md,1e889f99c080f3cb60283c36ef8bf29ecf50944e01d8310b65fa1fefc05b0cec,28
citadel-abnb-hotel-loyalty.zip::research/sources/loyalty_sources_to_append.md,1e889f99c080f3cb60283c36ef8bf29ecf50944e01d8310b65fa1fefc05b0cec,29
citadel-abnb-hotel-loyalty.zip::research/sources/loyalty_sources_to_append.md,1e889f99c080f3cb60283c36ef8bf29ecf50944e01d8310b65fa1fefc05b0cec,32
citadel-abnb-hotel-loyalty.zip::data/processed/hotel_loyalty_programs.csv,36ff61eae47d298e998933dbcc017bd670fd0ee9c5979b8c124e91a7a7e737b4,4
citadel-abnb-hotel-loyalty.zip::data/processed/hotel_loyalty_programs.csv,36ff61eae47d298e998933dbcc017bd670fd0ee9c5979b8c124e91a7a7e737b4,5
citadel-abnb-hotel-loyalty.zip::data/processed/hotel_loyalty_programs.csv,36ff61eae47d298e998933dbcc017bd670fd0ee9c5979b8c124e91a7a7e737b4,6
citadel-abnb-hotel-loyalty.zip::data/processed/hotel_loyalty_programs.csv,36ff61eae47d298e998933dbcc017bd670fd0ee9c5979b8c124e91a7a7e737b4,7
citadel-abnb-hotel-loyalty.zip::data/processed/hotel_loyalty_programs.csv,36ff61eae47d298e998933dbcc017bd670fd0ee9c5979b8c124e91a7a7e737b4,8
citadel-abnb-hotel-loyalty.zip::data/processed/hotel_loyalty_programs.csv,36ff61eae47d298e998933dbcc017bd670fd0ee9c5979b8c124e91a7a7e737b4,9
citadel-abnb-hotel-loyalty.zip::data/processed/hotel_loyalty_programs.csv,36ff61eae47d298e998933dbcc017bd670fd0ee9c5979b8c124e91a7a7e737b4,10
citadel-abnb-hotel-loyalty.zip::data/processed/loyalty_stickiness_evidence.csv,6f5db3c8b251784f291d3463d49adb2e37454b01672cdd21baa2763a4da6a240,2
citadel-abnb-hotel-loyalty.zip::data/processed/loyalty_stickiness_evidence.csv,6f5db3c8b251784f291d3463d49adb2e37454b01672cdd21baa2763a4da6a240,3
citadel-abnb-hotel-loyalty.zip::data/processed/loyalty_stickiness_evidence.csv,6f5db3c8b251784f291d3463d49adb2e37454b01672cdd21baa2763a4da6a240,4
citadel-abnb-hotel-loyalty.zip::data/processed/loyalty_stickiness_evidence.csv,6f5db3c8b251784f291d3463d49adb2e37454b01672cdd21baa2763a4da6a240,5
citadel-abnb-hotel-loyalty.zip::data/processed/loyalty_stickiness_evidence.csv,6f5db3c8b251784f291d3463d49adb2e37454b01672cdd21baa2763a4da6a240,6
citadel-abnb-hotel-loyalty.zip::data/processed/loyalty_stickiness_evidence.csv,6f5db3c8b251784f291d3463d49adb2e37454b01672cdd21baa2763a4da6a240,7
citadel-abnb-hotel-loyalty.zip::data/processed/loyalty_stickiness_evidence.csv,6f5db3c8b251784f291d3463d49adb2e37454b01672cdd21baa2763a4da6a240,8
citadel-abnb-hotel-loyalty.zip::data/processed/loyalty_stickiness_evidence.csv,6f5db3c8b251784f291d3463d49adb2e37454b01672cdd21baa2763a4da6a240,9
citadel-abnb-hotel-loyalty.zip::data/processed/loyalty_stickiness_evidence.csv,6f5db3c8b251784f291d3463d49adb2e37454b01672cdd21baa2763a4da6a240,10
citadel-abnb-hotel-loyalty.zip::data/processed/loyalty_stickiness_evidence.csv,6f5db3c8b251784f291d3463d49adb2e37454b01672cdd21baa2763a4da6a240,11
citadel-abnb-hotel-loyalty.zip::data/processed/loyalty_stickiness_evidence.csv,6f5db3c8b251784f291d3463d49adb2e37454b01672cdd21baa2763a4da6a240,12
citadel-abnb-hotel-loyalty.zip::data/processed/loyalty_stickiness_evidence.csv,6f5db3c8b251784f291d3463d49adb2e37454b01672cdd21baa2763a4da6a240,13
citadel-abnb-hotel-loyalty.zip::data/processed/loyalty_stickiness_evidence.csv,6f5db3c8b251784f291d3463d49adb2e37454b01672cdd21baa2763a4da6a240,14
citadel-abnb-hotel-loyalty.zip::data/processed/loyalty_stickiness_evidence.csv,6f5db3c8b251784f291d3463d49adb2e37454b01672cdd21baa2763a4da6a240,15
citadel-abnb-hotel-loyalty.zip::data/processed/loyalty_stickiness_evidence.csv,6f5db3c8b251784f291d3463d49adb2e37454b01672cdd21baa2763a4da6a240,16
citadel-abnb-hotel-loyalty.zip::data/processed/loyalty_stickiness_evidence.csv,6f5db3c8b251784f291d3463d49adb2e37454b01672cdd21baa2763a4da6a240,17
citadel-abnb-hotel-loyalty.zip::data/processed/loyalty_stickiness_evidence.csv,6f5db3c8b251784f291d3463d49adb2e37454b01672cdd21baa2763a4da6a240,18
citadel-abnb-hotel-loyalty.zip::data/processed/loyalty_stickiness_evidence.csv,6f5db3c8b251784f291d3463d49adb2e37454b01672cdd21baa2763a4da6a240,19
citadel-abnb-hotel-loyalty.zip::data/processed/loyalty_stickiness_evidence.csv,6f5db3c8b251784f291d3463d49adb2e37454b01672cdd21baa2763a4da6a240,20
citadel-abnb-hotel-loyalty.zip::data/processed/loyalty_stickiness_evidence.csv,6f5db3c8b251784f291d3463d49adb2e37454b01672cdd21baa2763a4da6a240,21
citadel-abnb-hotel-loyalty.zip::data/processed/loyalty_stickiness_evidence.csv,6f5db3c8b251784f291d3463d49adb2e37454b01672cdd21baa2763a4da6a240,22
citadel-abnb-hotel-loyalty.zip::data/processed/loyalty_stickiness_evidence.csv,6f5db3c8b251784f291d3463d49adb2e37454b01672cdd21baa2763a4da6a240,23
citadel-abnb-hotel-loyalty.zip::data/processed/loyalty_stickiness_evidence.csv,6f5db3c8b251784f291d3463d49adb2e37454b01672cdd21baa2763a4da6a240,24
citadel-abnb-hotel-loyalty.zip::data/processed/loyalty_stickiness_evidence.csv,6f5db3c8b251784f291d3463d49adb2e37454b01672cdd21baa2763a4da6a240,25
citadel-abnb-hotel-loyalty.zip::data/processed/loyalty_stickiness_evidence.csv,6f5db3c8b251784f291d3463d49adb2e37454b01672cdd21baa2763a4da6a240,26
citadel-abnb-hotel-loyalty.zip::data/processed/loyalty_stickiness_evidence.csv,6f5db3c8b251784f291d3463d49adb2e37454b01672cdd21baa2763a4da6a240,27
citadel-abnb-hotel-loyalty.zip::data/processed/loyalty_stickiness_evidence.csv,6f5db3c8b251784f291d3463d49adb2e37454b01672cdd21baa2763a4da6a240,28
citadel-abnb-hotel-loyalty.zip::data/processed/loyalty_stickiness_evidence.csv,6f5db3c8b251784f291d3463d49adb2e37454b01672cdd21baa2763a4da6a240,29
citadel-abnb-hotel-loyalty.zip::data/processed/loyalty_stickiness_evidence.csv,6f5db3c8b251784f291d3463d49adb2e37454b01672cdd21baa2763a4da6a240,30
citadel-abnb-hotel-loyalty.zip::data/processed/loyalty_stickiness_evidence.csv,6f5db3c8b251784f291d3463d49adb2e37454b01672cdd21baa2763a4da6a240,31
citadel-abnb-hotel-loyalty.zip::data/processed/loyalty_stickiness_evidence.csv,6f5db3c8b251784f291d3463d49adb2e37454b01672cdd21baa2763a4da6a240,32
citadel-abnb-hotel-loyalty.zip::data/processed/loyalty_stickiness_evidence.csv,6f5db3c8b251784f291d3463d49adb2e37454b01672cdd21baa2763a4da6a240,33
citadel-abnb-hotel-loyalty.zip::data/processed/loyalty_stickiness_evidence.csv,6f5db3c8b251784f291d3463d49adb2e37454b01672cdd21baa2763a4da6a240,34
citadel-abnb-hotel-loyalty.zip::data/processed/loyalty_stickiness_evidence.csv,6f5db3c8b251784f291d3463d49adb2e37454b01672cdd21baa2763a4da6a240,35
citadel-abnb-hotel-loyalty.zip::data/processed/loyalty_stickiness_evidence.csv,6f5db3c8b251784f291d3463d49adb2e37454b01672cdd21baa2763a4da6a240,36
citadel-abnb-hotel-loyalty.zip::data/processed/loyalty_stickiness_evidence.csv,6f5db3c8b251784f291d3463d49adb2e37454b01672cdd21baa2763a4da6a240,43
citadel-abnb-hotel-loyalty.zip::data/processed/loyalty_stickiness_evidence.csv,6f5db3c8b251784f291d3463d49adb2e37454b01672cdd21baa2763a4da6a240,44
citadel-abnb-hotel-loyalty.zip::docs/README_loyalty_drop.md,b77bbab2d04e9454e6b5a45689cdc936c3a34aab132b0a447cf5761a2db883d9,1
citadel-abnb-hotel-news.zip::research/notes/hotel_news_impact_on_abnb.md,ef362eab1c20e79f5d5bbcf0954d05535717330cd3004494af717b979a5e0a55,8
citadel-abnb-hotel-news.zip::research/notes/hotel_news_impact_on_abnb.md,ef362eab1c20e79f5d5bbcf0954d05535717330cd3004494af717b979a5e0a55,9
citadel-abnb-hotel-news.zip::research/notes/hotel_news_impact_on_abnb.md,ef362eab1c20e79f5d5bbcf0954d05535717330cd3004494af717b979a5e0a55,10
citadel-abnb-hotel-news.zip::research/notes/hotel_news_impact_on_abnb.md,ef362eab1c20e79f5d5bbcf0954d05535717330cd3004494af717b979a5e0a55,11
citadel-abnb-hotel-news.zip::research/notes/hotel_news_impact_on_abnb.md,ef362eab1c20e79f5d5bbcf0954d05535717330cd3004494af717b979a5e0a55,12
citadel-abnb-hotel-news.zip::research/notes/hotel_news_impact_on_abnb.md,ef362eab1c20e79f5d5bbcf0954d05535717330cd3004494af717b979a5e0a55,13
citadel-abnb-hotel-news.zip::research/notes/hotel_news_impact_on_abnb.md,ef362eab1c20e79f5d5bbcf0954d05535717330cd3004494af717b979a5e0a55,17
citadel-abnb-hotel-news.zip::research/notes/hotel_news_impact_on_abnb.md,ef362eab1c20e79f5d5bbcf0954d05535717330cd3004494af717b979a5e0a55,21
citadel-abnb-hotel-news.zip::research/notes/hotel_news_impact_on_abnb.md,ef362eab1c20e79f5d5bbcf0954d05535717330cd3004494af717b979a5e0a55,22
citadel-abnb-hotel-news.zip::research/notes/hotel_news_impact_on_abnb.md,ef362eab1c20e79f5d5bbcf0954d05535717330cd3004494af717b979a5e0a55,23
citadel-abnb-hotel-news.zip::research/notes/hotel_news_impact_on_abnb.md,ef362eab1c20e79f5d5bbcf0954d05535717330cd3004494af717b979a5e0a55,24
citadel-abnb-hotel-news.zip::research/notes/hotel_news_impact_on_abnb.md,ef362eab1c20e79f5d5bbcf0954d05535717330cd3004494af717b979a5e0a55,25
citadel-abnb-hotel-news.zip::research/notes/hotel_news_impact_on_abnb.md,ef362eab1c20e79f5d5bbcf0954d05535717330cd3004494af717b979a5e0a55,26
citadel-abnb-hotel-news.zip::research/notes/hotel_news_impact_on_abnb.md,ef362eab1c20e79f5d5bbcf0954d05535717330cd3004494af717b979a5e0a55,27
citadel-abnb-hotel-news.zip::research/notes/hotel_news_impact_on_abnb.md,ef362eab1c20e79f5d5bbcf0954d05535717330cd3004494af717b979a5e0a55,28
citadel-abnb-hotel-news.zip::research/notes/hotel_news_impact_on_abnb.md,ef362eab1c20e79f5d5bbcf0954d05535717330cd3004494af717b979a5e0a55,30
citadel-abnb-hotel-news.zip::research/notes/hotel_news_impact_on_abnb.md,ef362eab1c20e79f5d5bbcf0954d05535717330cd3004494af717b979a5e0a55,32
citadel-abnb-hotel-news.zip::research/notes/hotel_news_impact_on_abnb.md,ef362eab1c20e79f5d5bbcf0954d05535717330cd3004494af717b979a5e0a55,34
citadel-abnb-hotel-news.zip::research/notes/hotel_news_impact_on_abnb.md,ef362eab1c20e79f5d5bbcf0954d05535717330cd3004494af717b979a5e0a55,35
citadel-abnb-hotel-news.zip::research/notes/hotel_news_impact_on_abnb.md,ef362eab1c20e79f5d5bbcf0954d05535717330cd3004494af717b979a5e0a55,36
citadel-abnb-hotel-news.zip::research/notes/hotel_news_impact_on_abnb.md,ef362eab1c20e79f5d5bbcf0954d05535717330cd3004494af717b979a5e0a55,38
citadel-abnb-hotel-news.zip::research/notes/hotel_news_impact_on_abnb.md,ef362eab1c20e79f5d5bbcf0954d05535717330cd3004494af717b979a5e0a55,42
citadel-abnb-hotel-news.zip::research/notes/hotel_news_impact_on_abnb.md,ef362eab1c20e79f5d5bbcf0954d05535717330cd3004494af717b979a5e0a55,43
citadel-abnb-hotel-news.zip::research/notes/hotel_news_impact_on_abnb.md,ef362eab1c20e79f5d5bbcf0954d05535717330cd3004494af717b979a5e0a55,46
citadel-abnb-hotel-news.zip::research/notes/hotel_news_impact_on_abnb.md,ef362eab1c20e79f5d5bbcf0954d05535717330cd3004494af717b979a5e0a55,47
citadel-abnb-hotel-news.zip::research/notes/hotel_news_impact_on_abnb.md,ef362eab1c20e79f5d5bbcf0954d05535717330cd3004494af717b979a5e0a55,48
citadel-abnb-hotel-news.zip::research/notes/hotel_news_impact_on_abnb.md,ef362eab1c20e79f5d5bbcf0954d05535717330cd3004494af717b979a5e0a55,49
citadel-abnb-hotel-news.zip::research/notes/hotel_news_impact_on_abnb.md,ef362eab1c20e79f5d5bbcf0954d05535717330cd3004494af717b979a5e0a55,51
citadel-abnb-hotel-news.zip::research/notes/hotel_news_impact_on_abnb.md,ef362eab1c20e79f5d5bbcf0954d05535717330cd3004494af717b979a5e0a55,52
citadel-abnb-hotel-news.zip::research/notes/hotel_news_impact_on_abnb.md,ef362eab1c20e79f5d5bbcf0954d05535717330cd3004494af717b979a5e0a55,56
citadel-abnb-hotel-news.zip::research/notes/hotel_news_impact_on_abnb.md,ef362eab1c20e79f5d5bbcf0954d05535717330cd3004494af717b979a5e0a55,57
citadel-abnb-hotel-news.zip::research/notes/hotel_news_impact_on_abnb.md,ef362eab1c20e79f5d5bbcf0954d05535717330cd3004494af717b979a5e0a55,58
citadel-abnb-hotel-news.zip::research/notes/hotel_news_impact_on_abnb.md,ef362eab1c20e79f5d5bbcf0954d05535717330cd3004494af717b979a5e0a55,59
citadel-abnb-hotel-news.zip::research/notes/hotel_news_impact_on_abnb.md,ef362eab1c20e79f5d5bbcf0954d05535717330cd3004494af717b979a5e0a55,60
citadel-abnb-hotel-news.zip::research/notes/hotel_news_impact_on_abnb.md,ef362eab1c20e79f5d5bbcf0954d05535717330cd3004494af717b979a5e0a55,62
citadel-abnb-hotel-news.zip::research/notes/hotel_news_impact_on_abnb.md,ef362eab1c20e79f5d5bbcf0954d05535717330cd3004494af717b979a5e0a55,66
citadel-abnb-hotel-news.zip::research/notes/hotel_news_impact_on_abnb.md,ef362eab1c20e79f5d5bbcf0954d05535717330cd3004494af717b979a5e0a55,73
citadel-abnb-hotel-news.zip::research/notes/hotel_news_impact_on_abnb.md,ef362eab1c20e79f5d5bbcf0954d05535717330cd3004494af717b979a5e0a55,75
citadel-abnb-hotel-news.zip::research/notes/hotel_news_impact_on_abnb.md,ef362eab1c20e79f5d5bbcf0954d05535717330cd3004494af717b979a5e0a55,78
citadel-abnb-hotel-news.zip::research/notes/hotel_news_impact_on_abnb.md,ef362eab1c20e79f5d5bbcf0954d05535717330cd3004494af717b979a5e0a55,80
citadel-abnb-hotel-news.zip::research/notes/hotel_news_impact_on_abnb.md,ef362eab1c20e79f5d5bbcf0954d05535717330cd3004494af717b979a5e0a55,86
citadel-abnb-hotel-news.zip::research/notes/hotel_news_impact_on_abnb.md,ef362eab1c20e79f5d5bbcf0954d05535717330cd3004494af717b979a5e0a55,87
citadel-abnb-hotel-news.zip::research/notes/hotel_news_impact_on_abnb.md,ef362eab1c20e79f5d5bbcf0954d05535717330cd3004494af717b979a5e0a55,88
citadel-abnb-hotel-news.zip::research/notes/hotel_news_impact_on_abnb.md,ef362eab1c20e79f5d5bbcf0954d05535717330cd3004494af717b979a5e0a55,93
citadel-abnb-hotel-news.zip::research/sources/hotel_news_sources.md,cef44fb0521e2c6c780d60ff1bdfe16ea2fe4180b2ee7bf647133efdf53cd5ba,1
citadel-abnb-hotel-news.zip::research/sources/hotel_news_sources.md,cef44fb0521e2c6c780d60ff1bdfe16ea2fe4180b2ee7bf647133efdf53cd5ba,7
citadel-abnb-hotel-news.zip::research/sources/hotel_news_sources.md,cef44fb0521e2c6c780d60ff1bdfe16ea2fe4180b2ee7bf647133efdf53cd5ba,8
citadel-abnb-hotel-news.zip::research/sources/hotel_news_sources.md,cef44fb0521e2c6c780d60ff1bdfe16ea2fe4180b2ee7bf647133efdf53cd5ba,9
citadel-abnb-hotel-news.zip::research/sources/hotel_news_sources.md,cef44fb0521e2c6c780d60ff1bdfe16ea2fe4180b2ee7bf647133efdf53cd5ba,10
citadel-abnb-hotel-news.zip::research/sources/hotel_news_sources.md,cef44fb0521e2c6c780d60ff1bdfe16ea2fe4180b2ee7bf647133efdf53cd5ba,11
citadel-abnb-hotel-news.zip::research/sources/hotel_news_sources.md,cef44fb0521e2c6c780d60ff1bdfe16ea2fe4180b2ee7bf647133efdf53cd5ba,12
citadel-abnb-hotel-news.zip::research/sources/hotel_news_sources.md,cef44fb0521e2c6c780d60ff1bdfe16ea2fe4180b2ee7bf647133efdf53cd5ba,16
citadel-abnb-hotel-news.zip::research/sources/hotel_news_sources.md,cef44fb0521e2c6c780d60ff1bdfe16ea2fe4180b2ee7bf647133efdf53cd5ba,17
citadel-abnb-hotel-news.zip::research/sources/hotel_news_sources.md,cef44fb0521e2c6c780d60ff1bdfe16ea2fe4180b2ee7bf647133efdf53cd5ba,18
citadel-abnb-hotel-news.zip::research/sources/hotel_news_sources.md,cef44fb0521e2c6c780d60ff1bdfe16ea2fe4180b2ee7bf647133efdf53cd5ba,20
citadel-abnb-hotel-news.zip::research/sources/hotel_news_sources.md,cef44fb0521e2c6c780d60ff1bdfe16ea2fe4180b2ee7bf647133efdf53cd5ba,21
citadel-abnb-hotel-news.zip::research/sources/hotel_news_sources.md,cef44fb0521e2c6c780d60ff1bdfe16ea2fe4180b2ee7bf647133efdf53cd5ba,24
citadel-abnb-hotel-news.zip::research/sources/hotel_news_sources.md,cef44fb0521e2c6c780d60ff1bdfe16ea2fe4180b2ee7bf647133efdf53cd5ba,25
citadel-abnb-hotel-news.zip::research/sources/hotel_news_sources.md,cef44fb0521e2c6c780d60ff1bdfe16ea2fe4180b2ee7bf647133efdf53cd5ba,26
citadel-abnb-hotel-news.zip::research/sources/hotel_news_sources.md,cef44fb0521e2c6c780d60ff1bdfe16ea2fe4180b2ee7bf647133efdf53cd5ba,27
citadel-abnb-hotel-news.zip::research/sources/hotel_news_sources.md,cef44fb0521e2c6c780d60ff1bdfe16ea2fe4180b2ee7bf647133efdf53cd5ba,28
citadel-abnb-hotel-news.zip::research/sources/hotel_news_sources.md,cef44fb0521e2c6c780d60ff1bdfe16ea2fe4180b2ee7bf647133efdf53cd5ba,30
citadel-abnb-hotel-news.zip::research/sources/hotel_news_sources.md,cef44fb0521e2c6c780d60ff1bdfe16ea2fe4180b2ee7bf647133efdf53cd5ba,31
citadel-abnb-hotel-news.zip::research/sources/hotel_news_sources.md,cef44fb0521e2c6c780d60ff1bdfe16ea2fe4180b2ee7bf647133efdf53cd5ba,32
citadel-abnb-hotel-news.zip::research/sources/hotel_news_sources.md,cef44fb0521e2c6c780d60ff1bdfe16ea2fe4180b2ee7bf647133efdf53cd5ba,36
citadel-abnb-hotel-news.zip::research/sources/hotel_news_sources.md,cef44fb0521e2c6c780d60ff1bdfe16ea2fe4180b2ee7bf647133efdf53cd5ba,37
citadel-abnb-hotel-news.zip::research/sources/hotel_news_sources.md,cef44fb0521e2c6c780d60ff1bdfe16ea2fe4180b2ee7bf647133efdf53cd5ba,39
citadel-abnb-hotel-news.zip::research/sources/hotel_news_sources.md,cef44fb0521e2c6c780d60ff1bdfe16ea2fe4180b2ee7bf647133efdf53cd5ba,40
citadel-abnb-hotel-news.zip::research/sources/hotel_news_sources.md,cef44fb0521e2c6c780d60ff1bdfe16ea2fe4180b2ee7bf647133efdf53cd5ba,42
citadel-abnb-hotel-news.zip::data/processed/hotel_catalyst_calendar.csv,7d80dbf475a4d3fae98d48dd6feeffaab5938b438f50c897479c641c9c39b49b,2
citadel-abnb-hotel-news.zip::data/processed/hotel_catalyst_calendar.csv,7d80dbf475a4d3fae98d48dd6feeffaab5938b438f50c897479c641c9c39b49b,3
citadel-abnb-hotel-news.zip::data/processed/hotel_catalyst_calendar.csv,7d80dbf475a4d3fae98d48dd6feeffaab5938b438f50c897479c641c9c39b49b,4
citadel-abnb-hotel-news.zip::data/processed/hotel_catalyst_calendar.csv,7d80dbf475a4d3fae98d48dd6feeffaab5938b438f50c897479c641c9c39b49b,6
citadel-abnb-hotel-news.zip::data/processed/hotel_catalyst_calendar.csv,7d80dbf475a4d3fae98d48dd6feeffaab5938b438f50c897479c641c9c39b49b,9
citadel-abnb-hotel-news.zip::data/processed/hotel_catalyst_calendar.csv,7d80dbf475a4d3fae98d48dd6feeffaab5938b438f50c897479c641c9c39b49b,10
citadel-abnb-hotel-news.zip::data/processed/hotel_catalyst_calendar.csv,7d80dbf475a4d3fae98d48dd6feeffaab5938b438f50c897479c641c9c39b49b,11
citadel-abnb-hotel-news.zip::data/processed/hotel_catalyst_calendar.csv,7d80dbf475a4d3fae98d48dd6feeffaab5938b438f50c897479c641c9c39b49b,12
citadel-abnb-hotel-news.zip::data/processed/hotel_catalyst_calendar.csv,7d80dbf475a4d3fae98d48dd6feeffaab5938b438f50c897479c641c9c39b49b,13
citadel-abnb-hotel-news.zip::data/processed/hotel_catalyst_calendar.csv,7d80dbf475a4d3fae98d48dd6feeffaab5938b438f50c897479c641c9c39b49b,14
citadel-abnb-hotel-news.zip::data/processed/hotel_catalyst_calendar.csv,7d80dbf475a4d3fae98d48dd6feeffaab5938b438f50c897479c641c9c39b49b,15
citadel-abnb-hotel-news.zip::data/processed/hotel_catalyst_calendar.csv,7d80dbf475a4d3fae98d48dd6feeffaab5938b438f50c897479c641c9c39b49b,16
citadel-abnb-hotel-news.zip::data/processed/hotel_catalyst_calendar.csv,7d80dbf475a4d3fae98d48dd6feeffaab5938b438f50c897479c641c9c39b49b,17
citadel-abnb-hotel-news.zip::data/processed/hotel_catalyst_calendar.csv,7d80dbf475a4d3fae98d48dd6feeffaab5938b438f50c897479c641c9c39b49b,18
citadel-abnb-hotel-news.zip::data/processed/hotel_catalyst_calendar.csv,7d80dbf475a4d3fae98d48dd6feeffaab5938b438f50c897479c641c9c39b49b,19
citadel-abnb-hotel-news.zip::data/processed/hotel_catalyst_calendar.csv,7d80dbf475a4d3fae98d48dd6feeffaab5938b438f50c897479c641c9c39b49b,21
citadel-abnb-hotel-news.zip::data/processed/hotel_vs_abnb_quarterly_kpis.csv,89643228d8a28c6bd45607b06d7af79823331f9c49248533688e6e9934663ae7,4
citadel-abnb-hotel-news.zip::data/processed/hotel_vs_abnb_quarterly_kpis.csv,89643228d8a28c6bd45607b06d7af79823331f9c49248533688e6e9934663ae7,6
citadel-abnb-hotel-news.zip::data/processed/hotel_events_timeline.csv,c2f00de913b12452baca0b5b8ab424dfd766b7ccfb3d90f9dabf1faee3eb1be0,2
citadel-abnb-hotel-news.zip::data/processed/hotel_events_timeline.csv,c2f00de913b12452baca0b5b8ab424dfd766b7ccfb3d90f9dabf1faee3eb1be0,3
citadel-abnb-hotel-news.zip::data/processed/hotel_events_timeline.csv,c2f00de913b12452baca0b5b8ab424dfd766b7ccfb3d90f9dabf1faee3eb1be0,4
citadel-abnb-hotel-news.zip::data/processed/hotel_events_timeline.csv,c2f00de913b12452baca0b5b8ab424dfd766b7ccfb3d90f9dabf1faee3eb1be0,5
citadel-abnb-hotel-news.zip::data/processed/hotel_events_timeline.csv,c2f00de913b12452baca0b5b8ab424dfd766b7ccfb3d90f9dabf1faee3eb1be0,6
citadel-abnb-hotel-news.zip::data/processed/hotel_events_timeline.csv,c2f00de913b12452baca0b5b8ab424dfd766b7ccfb3d90f9dabf1faee3eb1be0,7
citadel-abnb-hotel-news.zip::data/processed/hotel_events_timeline.csv,c2f00de913b12452baca0b5b8ab424dfd766b7ccfb3d90f9dabf1faee3eb1be0,8
citadel-abnb-hotel-news.zip::data/processed/hotel_events_timeline.csv,c2f00de913b12452baca0b5b8ab424dfd766b7ccfb3d90f9dabf1faee3eb1be0,9
citadel-abnb-hotel-news.zip::data/processed/hotel_events_timeline.csv,c2f00de913b12452baca0b5b8ab424dfd766b7ccfb3d90f9dabf1faee3eb1be0,10
citadel-abnb-hotel-news.zip::data/processed/hotel_events_timeline.csv,c2f00de913b12452baca0b5b8ab424dfd766b7ccfb3d90f9dabf1faee3eb1be0,11
citadel-abnb-hotel-news.zip::data/processed/hotel_events_timeline.csv,c2f00de913b12452baca0b5b8ab424dfd766b7ccfb3d90f9dabf1faee3eb1be0,12
citadel-abnb-hotel-news.zip::data/processed/hotel_events_timeline.csv,c2f00de913b12452baca0b5b8ab424dfd766b7ccfb3d90f9dabf1faee3eb1be0,13
citadel-abnb-hotel-news.zip::data/processed/hotel_events_timeline.csv,c2f00de913b12452baca0b5b8ab424dfd766b7ccfb3d90f9dabf1faee3eb1be0,14
citadel-abnb-hotel-news.zip::data/processed/hotel_events_timeline.csv,c2f00de913b12452baca0b5b8ab424dfd766b7ccfb3d90f9dabf1faee3eb1be0,15
citadel-abnb-hotel-news.zip::data/processed/hotel_events_timeline.csv,c2f00de913b12452baca0b5b8ab424dfd766b7ccfb3d90f9dabf1faee3eb1be0,16
citadel-abnb-hotel-news.zip::data/processed/hotel_events_timeline.csv,c2f00de913b12452baca0b5b8ab424dfd766b7ccfb3d90f9dabf1faee3eb1be0,17
citadel-abnb-hotel-news.zip::data/processed/hotel_events_timeline.csv,c2f00de913b12452baca0b5b8ab424dfd766b7ccfb3d90f9dabf1faee3eb1be0,18
citadel-abnb-hotel-news.zip::data/processed/hotel_events_timeline.csv,c2f00de913b12452baca0b5b8ab424dfd766b7ccfb3d90f9dabf1faee3eb1be0,19
citadel-abnb-hotel-news.zip::data/processed/hotel_events_timeline.csv,c2f00de913b12452baca0b5b8ab424dfd766b7ccfb3d90f9dabf1faee3eb1be0,20
citadel-abnb-jessie-all.zip::jessie-final/research/notes/abnb_research_notes.md,f8c439b6f9d64eddd3df9099ab202e2f3fa038eb2942fd519edaa26989a61103,15
citadel-abnb-jessie-all.zip::jessie-final/research/notes/abnb_research_notes.md,f8c439b6f9d64eddd3df9099ab202e2f3fa038eb2942fd519edaa26989a61103,59
citadel-abnb-jessie-all.zip::jessie-final/research/notes/abnb_research_notes.md,f8c439b6f9d64eddd3df9099ab202e2f3fa038eb2942fd519edaa26989a61103,61
citadel-abnb-jessie-all.zip::jessie-final/research/notes/2026-09-06_airbnb-vs-hotel-choice-data.md,6450ed11b10662cfa732976439370f725234501db5e7671035d5db39205371bd,5
citadel-abnb-jessie-all.zip::jessie-final/research/notes/2026-09-06_airbnb-vs-hotel-choice-data.md,6450ed11b10662cfa732976439370f725234501db5e7671035d5db39205371bd,13
citadel-abnb-jessie-all.zip::jessie-final/research/notes/2026-09-06_airbnb-vs-hotel-choice-data.md,6450ed11b10662cfa732976439370f725234501db5e7671035d5db39205371bd,14
citadel-abnb-jessie-all.zip::jessie-final/research/notes/2026-09-06_airbnb-vs-hotel-choice-data.md,6450ed11b10662cfa732976439370f725234501db5e7671035d5db39205371bd,36
citadel-abnb-jessie-all.zip::jessie-final/research/notes/2026-09-06_airbnb-vs-hotel-choice-data.md,6450ed11b10662cfa732976439370f725234501db5e7671035d5db39205371bd,40
citadel-abnb-jessie-all.zip::jessie-final/research/notes/2026-09-06_airbnb-vs-hotel-choice-data.md,6450ed11b10662cfa732976439370f725234501db5e7671035d5db39205371bd,41
citadel-abnb-jessie-all.zip::jessie-final/research/notes/2026-09-06_airbnb-vs-hotel-choice-data.md,6450ed11b10662cfa732976439370f725234501db5e7671035d5db39205371bd,44
citadel-abnb-jessie-all.zip::jessie-final/research/notes/2026-09-06_airbnb-vs-hotel-choice-data.md,6450ed11b10662cfa732976439370f725234501db5e7671035d5db39205371bd,46
citadel-abnb-jessie-all.zip::jessie-final/research/notes/2026-09-06_airbnb-vs-hotel-choice-data.md,6450ed11b10662cfa732976439370f725234501db5e7671035d5db39205371bd,61
citadel-abnb-jessie-all.zip::jessie-final/research/notes/2026-09-06_airbnb-vs-hotel-choice-data.md,6450ed11b10662cfa732976439370f725234501db5e7671035d5db39205371bd,66
citadel-abnb-jessie-all.zip::jessie-final/research/notes/2026-09-06_airbnb-vs-hotel-choice-data.md,6450ed11b10662cfa732976439370f725234501db5e7671035d5db39205371bd,68
citadel-abnb-jessie-all.zip::jessie-final/research/notes/2026-09-06_airbnb-vs-hotel-choice-data.md,6450ed11b10662cfa732976439370f725234501db5e7671035d5db39205371bd,70
citadel-abnb-jessie-all.zip::jessie-final/research/notes/2026-09-06_airbnb-vs-hotel-choice-data.md,6450ed11b10662cfa732976439370f725234501db5e7671035d5db39205371bd,71
citadel-abnb-jessie-all.zip::jessie-final/research/notes/2026-09-06_airbnb-vs-hotel-choice-data.md,6450ed11b10662cfa732976439370f725234501db5e7671035d5db39205371bd,72
citadel-abnb-jessie-all.zip::jessie-final/research/notes/2026-09-06_airbnb-vs-hotel-choice-data.md,6450ed11b10662cfa732976439370f725234501db5e7671035d5db39205371bd,73
citadel-abnb-jessie-all.zip::jessie-final/research/notes/2026-09-06_airbnb-vs-hotel-choice-data.md,6450ed11b10662cfa732976439370f725234501db5e7671035d5db39205371bd,74
citadel-abnb-jessie-all.zip::jessie-final/research/notes/2026-09-06_airbnb-vs-hotel-choice-data.md,6450ed11b10662cfa732976439370f725234501db5e7671035d5db39205371bd,85
citadel-abnb-jessie-all.zip::jessie-final/research/notes/2026-09-06_airbnb-vs-hotel-choice-data.md,6450ed11b10662cfa732976439370f725234501db5e7671035d5db39205371bd,88
citadel-abnb-jessie-all.zip::jessie-final/research/notes/2026-09-06_airbnb-vs-hotel-choice-data.md,6450ed11b10662cfa732976439370f725234501db5e7671035d5db39205371bd,95
citadel-abnb-jessie-all.zip::jessie-final/research/notes/2026-09-06_airbnb-vs-hotel-choice-data.md,6450ed11b10662cfa732976439370f725234501db5e7671035d5db39205371bd,96
citadel-abnb-jessie-all.zip::jessie-final/research/notes/2026-09-06_airbnb-vs-hotel-choice-data.md,6450ed11b10662cfa732976439370f725234501db5e7671035d5db39205371bd,104
citadel-abnb-jessie-all.zip::jessie-final/research/notes/2026-09-06_airbnb-vs-hotel-choice-data.md,6450ed11b10662cfa732976439370f725234501db5e7671035d5db39205371bd,109
citadel-abnb-jessie-all.zip::jessie-final/research/notes/2026-09-05_austin-str-rnpl-hotel-factors.md,04aa126b0e3d7b47f5cd51138f9c622c8ce72ad078ecc1bf3bb44e45dfbb6a47,89
citadel-abnb-jessie-all.zip::jessie-final/research/notes/2026-09-05_austin-str-rnpl-hotel-factors.md,04aa126b0e3d7b47f5cd51138f9c622c8ce72ad078ecc1bf3bb44e45dfbb6a47,99
citadel-abnb-jessie-all.zip::jessie-final/research/notes/2026-09-05_austin-str-rnpl-hotel-factors.md,04aa126b0e3d7b47f5cd51138f9c622c8ce72ad078ecc1bf3bb44e45dfbb6a47,100
citadel-abnb-jessie-all.zip::jessie-final/research/notes/2026-09-05_austin-str-rnpl-hotel-factors.md,04aa126b0e3d7b47f5cd51138f9c622c8ce72ad078ecc1bf3bb44e45dfbb6a47,101
citadel-abnb-jessie-all.zip::jessie-final/research/notes/2026-09-05_austin-str-rnpl-hotel-factors.md,04aa126b0e3d7b47f5cd51138f9c622c8ce72ad078ecc1bf3bb44e45dfbb6a47,102
citadel-abnb-jessie-all.zip::jessie-final/research/notes/2026-09-05_austin-str-rnpl-hotel-factors.md,04aa126b0e3d7b47f5cd51138f9c622c8ce72ad078ecc1bf3bb44e45dfbb6a47,105
citadel-abnb-jessie-all.zip::jessie-final/research/notes/2026-09-05_austin-str-rnpl-hotel-factors.md,04aa126b0e3d7b47f5cd51138f9c622c8ce72ad078ecc1bf3bb44e45dfbb6a47,109
citadel-abnb-jessie-all.zip::jessie-final/research/notes/2026-09-05_austin-str-rnpl-hotel-factors.md,04aa126b0e3d7b47f5cd51138f9c622c8ce72ad078ecc1bf3bb44e45dfbb6a47,113
citadel-abnb-jessie-all.zip::jessie-final/research/notes/2026-09-05_austin-str-rnpl-hotel-factors.md,04aa126b0e3d7b47f5cd51138f9c622c8ce72ad078ecc1bf3bb44e45dfbb6a47,121
citadel-abnb-jessie-all.zip::jessie-final/research/notes/2026-09-05_austin-str-rnpl-hotel-factors.md,04aa126b0e3d7b47f5cd51138f9c622c8ce72ad078ecc1bf3bb44e45dfbb6a47,122
citadel-abnb-jessie-all.zip::jessie-final/research/sources/README_jessie_rows.md,63ddd2cddba0f2471deac0bc7de0300f4c452d30481a1590cf5d114a1f336b68,23
citadel-abnb-jessie-all.zip::jessie-final/research/sources/README_jessie_rows.md,63ddd2cddba0f2471deac0bc7de0300f4c452d30481a1590cf5d114a1f336b68,24
citadel-abnb-jessie-all.zip::jessie-final/research/sources/README_jessie_rows.md,63ddd2cddba0f2471deac0bc7de0300f4c452d30481a1590cf5d114a1f336b68,25
citadel-abnb-jessie-all.zip::jessie-final/research/sources/README_jessie_rows.md,63ddd2cddba0f2471deac0bc7de0300f4c452d30481a1590cf5d114a1f336b68,26
citadel-abnb-jessie-all.zip::jessie-final/data/README_jessie_rows.md,7e6a0623b7072a0fe7dfaa8568954b13993d998c68015917bdff78a848edd7ca,27
citadel-abnb-jessie-all.zip::jessie-final/data/README_jessie_rows.md,7e6a0623b7072a0fe7dfaa8568954b13993d998c68015917bdff78a848edd7ca,29
citadel-abnb-jessie-all.zip::jessie-final/data/README_jessie_rows.md,7e6a0623b7072a0fe7dfaa8568954b13993d998c68015917bdff78a848edd7ca,30
citadel-abnb-jessie-all.zip::jessie-final/data/README_jessie_rows.md,7e6a0623b7072a0fe7dfaa8568954b13993d998c68015917bdff78a848edd7ca,31
citadel-abnb-jessie-all.zip::jessie-final/data/README_jessie_rows.md,7e6a0623b7072a0fe7dfaa8568954b13993d998c68015917bdff78a848edd7ca,32
citadel-abnb-jessie-all.zip::jessie-final/data/README_jessie_rows.md,7e6a0623b7072a0fe7dfaa8568954b13993d998c68015917bdff78a848edd7ca,33
citadel-abnb-jessie-all.zip::jessie-final/data/processed/eurostat_crowding_tests_by_country_2024.csv,d7fa0fdf2a6ce18673f6b19a30008846e299d425f7ef1af5db72717174f551b1,1
citadel-abnb-jessie-all.zip::jessie-final/data/processed/eurostat_platform_vs_hotel_by_country_2019_2024.csv,3417055c9b1abd2475cfd2442719e8407b8e5c0c47d84775d53a14d121c82241,1
citadel-abnb-jessie-all.zip::jessie-final/data/processed/ntto_us_inbound_monthly.csv,cf5a6512a32baf30738055866e29aec130a27d51cfbcc49c4b3ece43b39c3042,2
citadel-abnb-jessie-all.zip::jessie-final/data/processed/ntto_us_inbound_monthly.csv,cf5a6512a32baf30738055866e29aec130a27d51cfbcc49c4b3ece43b39c3042,3
citadel-abnb-jessie-all.zip::jessie-final/data/processed/ntto_us_inbound_monthly.csv,cf5a6512a32baf30738055866e29aec130a27d51cfbcc49c4b3ece43b39c3042,4
citadel-abnb-jessie-all.zip::jessie-final/data/processed/ntto_us_inbound_monthly.csv,cf5a6512a32baf30738055866e29aec130a27d51cfbcc49c4b3ece43b39c3042,5
citadel-abnb-jessie-all.zip::jessie-final/data/processed/ntto_us_inbound_monthly.csv,cf5a6512a32baf30738055866e29aec130a27d51cfbcc49c4b3ece43b39c3042,6
citadel-abnb-jessie-all.zip::jessie-final/data/processed/ntto_us_inbound_monthly.csv,cf5a6512a32baf30738055866e29aec130a27d51cfbcc49c4b3ece43b39c3042,7
citadel-abnb-jessie-all.zip::jessie-final/data/processed/ntto_us_inbound_monthly.csv,cf5a6512a32baf30738055866e29aec130a27d51cfbcc49c4b3ece43b39c3042,8
citadel-abnb-jessie-all.zip::jessie-final/data/processed/ntto_us_inbound_monthly.csv,cf5a6512a32baf30738055866e29aec130a27d51cfbcc49c4b3ece43b39c3042,9
citadel-abnb-jessie-all.zip::jessie-final/data/processed/ntto_us_inbound_monthly.csv,cf5a6512a32baf30738055866e29aec130a27d51cfbcc49c4b3ece43b39c3042,10
citadel-abnb-jessie-all.zip::jessie-final/data/processed/ntto_us_inbound_monthly.csv,cf5a6512a32baf30738055866e29aec130a27d51cfbcc49c4b3ece43b39c3042,11
citadel-abnb-jessie-all.zip::jessie-final/data/processed/ntto_us_inbound_monthly.csv,cf5a6512a32baf30738055866e29aec130a27d51cfbcc49c4b3ece43b39c3042,12
citadel-abnb-jessie-all.zip::jessie-final/data/processed/ntto_us_inbound_monthly.csv,cf5a6512a32baf30738055866e29aec130a27d51cfbcc49c4b3ece43b39c3042,13
citadel-abnb-jessie-all.zip::jessie-final/data/processed/ntto_us_inbound_monthly.csv,cf5a6512a32baf30738055866e29aec130a27d51cfbcc49c4b3ece43b39c3042,14
citadel-abnb-jessie-all.zip::jessie-final/data/processed/ntto_us_inbound_monthly.csv,cf5a6512a32baf30738055866e29aec130a27d51cfbcc49c4b3ece43b39c3042,15
citadel-abnb-jessie-all.zip::jessie-final/data/processed/ntto_us_inbound_monthly.csv,cf5a6512a32baf30738055866e29aec130a27d51cfbcc49c4b3ece43b39c3042,16
citadel-abnb-jessie-all.zip::jessie-final/data/processed/ntto_us_inbound_monthly.csv,cf5a6512a32baf30738055866e29aec130a27d51cfbcc49c4b3ece43b39c3042,17
citadel-abnb-jessie-all.zip::jessie-final/data/processed/ntto_us_inbound_monthly.csv,cf5a6512a32baf30738055866e29aec130a27d51cfbcc49c4b3ece43b39c3042,18
citadel-abnb-jessie-all.zip::jessie-final/data/processed/ntto_us_inbound_monthly.csv,cf5a6512a32baf30738055866e29aec130a27d51cfbcc49c4b3ece43b39c3042,19
citadel-abnb-jessie-all.zip::jessie-final/data/processed/ntto_us_inbound_monthly.csv,cf5a6512a32baf30738055866e29aec130a27d51cfbcc49c4b3ece43b39c3042,20
citadel-abnb-jessie-all.zip::jessie-final/data/processed/hawaii_dbedt_2024_characteristics_by_accommodation.csv,3d731b5d8804942b17364a065f74f7bf1be759016834d59dd7cd523a465ab4d2,2
citadel-abnb_revenue-model-comparison (2).zip::research/notes/revenue_model_abnb_vs_bkng_expe.md,54642d91d1f96a64baf601113175b72989d50324626cb50a3c150ebff3dc9564,16
citadel-abnb_revenue-model-comparison (2).zip::research/notes/revenue_model_abnb_vs_bkng_expe.md,54642d91d1f96a64baf601113175b72989d50324626cb50a3c150ebff3dc9564,43
citadel-abnb_revenue-model-comparison (2).zip::research/notes/revenue_model_abnb_vs_bkng_expe.md,54642d91d1f96a64baf601113175b72989d50324626cb50a3c150ebff3dc9564,47
citadel-abnb_revenue-model-comparison (2).zip::research/notes/revenue_model_abnb_vs_bkng_expe.md,54642d91d1f96a64baf601113175b72989d50324626cb50a3c150ebff3dc9564,67
citadel-abnb_revenue-model-comparison (2).zip::research/notes/revenue_model_abnb_vs_bkng_expe.md,54642d91d1f96a64baf601113175b72989d50324626cb50a3c150ebff3dc9564,94
citadel-abnb_revenue-model-comparison.zip::research/notes/revenue_model_abnb_vs_bkng_expe.md,38482a040500ffdfd391a7a5168f1dc72eac1af6d7540f952a004b5c3ab7480b,16
citadel-abnb_revenue-model-comparison.zip::research/notes/revenue_model_abnb_vs_bkng_expe.md,38482a040500ffdfd391a7a5168f1dc72eac1af6d7540f952a004b5c3ab7480b,43
citadel-abnb_revenue-model-comparison.zip::research/notes/revenue_model_abnb_vs_bkng_expe.md,38482a040500ffdfd391a7a5168f1dc72eac1af6d7540f952a004b5c3ab7480b,47
citadel-abnb_stay_length.zip::data/processed/hotel_avg_length_of_stay.csv,837bcb48ca02e2e0349a36c9b1c25c9ab69a5f2914b347e9946eaf044a449c10,2
citadel-abnb_stay_length.zip::data/processed/hotel_avg_length_of_stay.csv,837bcb48ca02e2e0349a36c9b1c25c9ab69a5f2914b347e9946eaf044a449c10,3
citadel-abnb_stay_length.zip::data/processed/hotel_avg_length_of_stay.csv,837bcb48ca02e2e0349a36c9b1c25c9ab69a5f2914b347e9946eaf044a449c10,4
citadel-abnb_stay_length.zip::data/processed/hotel_avg_length_of_stay.csv,837bcb48ca02e2e0349a36c9b1c25c9ab69a5f2914b347e9946eaf044a449c10,5
citadel-abnb_stay_length.zip::data/processed/hotel_avg_length_of_stay.csv,837bcb48ca02e2e0349a36c9b1c25c9ab69a5f2914b347e9946eaf044a449c10,6
citadel-abnb_stay_length.zip::data/processed/hotel_avg_length_of_stay.csv,837bcb48ca02e2e0349a36c9b1c25c9ab69a5f2914b347e9946eaf044a449c10,7
citadel-abnb_stay_length.zip::data/processed/hotel_avg_length_of_stay.csv,837bcb48ca02e2e0349a36c9b1c25c9ab69a5f2914b347e9946eaf044a449c10,8
citadel-abnb_stay_length.zip::data/processed/hotel_avg_length_of_stay.csv,837bcb48ca02e2e0349a36c9b1c25c9ab69a5f2914b347e9946eaf044a449c10,9
citadel-abnb_stay_length.zip::research/notes/stay_length_airbnb_vs_hotels.md,3afce12e055c9596c0fb41eea9379f999913c509bb5d08afc784b5e9e7f6f350,4
citadel-abnb_stay_length.zip::research/notes/stay_length_airbnb_vs_hotels.md,3afce12e055c9596c0fb41eea9379f999913c509bb5d08afc784b5e9e7f6f350,12
citadel-abnb_stay_length.zip::research/notes/stay_length_airbnb_vs_hotels.md,3afce12e055c9596c0fb41eea9379f999913c509bb5d08afc784b5e9e7f6f350,13
citadel-abnb_stay_length.zip::research/notes/stay_length_airbnb_vs_hotels.md,3afce12e055c9596c0fb41eea9379f999913c509bb5d08afc784b5e9e7f6f350,15
citadel-abnb_stay_length.zip::research/notes/stay_length_airbnb_vs_hotels.md,3afce12e055c9596c0fb41eea9379f999913c509bb5d08afc784b5e9e7f6f350,16
citadel-abnb_stay_length.zip::research/notes/stay_length_airbnb_vs_hotels.md,3afce12e055c9596c0fb41eea9379f999913c509bb5d08afc784b5e9e7f6f350,41
citadel-abnb_stay_length.zip::research/notes/stay_length_airbnb_vs_hotels.md,3afce12e055c9596c0fb41eea9379f999913c509bb5d08afc784b5e9e7f6f350,42
citadel-abnb_stay_length.zip::research/notes/stay_length_airbnb_vs_hotels.md,3afce12e055c9596c0fb41eea9379f999913c509bb5d08afc784b5e9e7f6f350,43
citadel-abnb_stay_length.zip::research/notes/stay_length_airbnb_vs_hotels.md,3afce12e055c9596c0fb41eea9379f999913c509bb5d08afc784b5e9e7f6f350,44
citadel-abnb_stay_length.zip::research/notes/stay_length_airbnb_vs_hotels.md,3afce12e055c9596c0fb41eea9379f999913c509bb5d08afc784b5e9e7f6f350,45
citadel-abnb_stay_length.zip::research/notes/stay_length_airbnb_vs_hotels.md,3afce12e055c9596c0fb41eea9379f999913c509bb5d08afc784b5e9e7f6f350,47
citadel-abnb_stay_length.zip::research/notes/stay_length_airbnb_vs_hotels.md,3afce12e055c9596c0fb41eea9379f999913c509bb5d08afc784b5e9e7f6f350,48
citadel-abnb_stay_length.zip::research/notes/stay_length_airbnb_vs_hotels.md,3afce12e055c9596c0fb41eea9379f999913c509bb5d08afc784b5e9e7f6f350,49
citadel-abnb_stay_length.zip::research/notes/stay_length_airbnb_vs_hotels.md,3afce12e055c9596c0fb41eea9379f999913c509bb5d08afc784b5e9e7f6f350,53
citadel-abnb_stay_length.zip::research/notes/stay_length_airbnb_vs_hotels.md,3afce12e055c9596c0fb41eea9379f999913c509bb5d08afc784b5e9e7f6f350,54
citadel-abnb_stay_length_v2.zip::data/processed/hotel_avg_length_of_stay.csv,837bcb48ca02e2e0349a36c9b1c25c9ab69a5f2914b347e9946eaf044a449c10,2
citadel-abnb_stay_length_v2.zip::data/processed/hotel_avg_length_of_stay.csv,837bcb48ca02e2e0349a36c9b1c25c9ab69a5f2914b347e9946eaf044a449c10,3
citadel-abnb_stay_length_v2.zip::data/processed/hotel_avg_length_of_stay.csv,837bcb48ca02e2e0349a36c9b1c25c9ab69a5f2914b347e9946eaf044a449c10,4
citadel-abnb_stay_length_v2.zip::data/processed/hotel_avg_length_of_stay.csv,837bcb48ca02e2e0349a36c9b1c25c9ab69a5f2914b347e9946eaf044a449c10,5
citadel-abnb_stay_length_v2.zip::data/processed/hotel_avg_length_of_stay.csv,837bcb48ca02e2e0349a36c9b1c25c9ab69a5f2914b347e9946eaf044a449c10,6
citadel-abnb_stay_length_v2.zip::data/processed/hotel_avg_length_of_stay.csv,837bcb48ca02e2e0349a36c9b1c25c9ab69a5f2914b347e9946eaf044a449c10,7
citadel-abnb_stay_length_v2.zip::data/processed/hotel_avg_length_of_stay.csv,837bcb48ca02e2e0349a36c9b1c25c9ab69a5f2914b347e9946eaf044a449c10,8
citadel-abnb_stay_length_v2.zip::data/processed/hotel_avg_length_of_stay.csv,837bcb48ca02e2e0349a36c9b1c25c9ab69a5f2914b347e9946eaf044a449c10,9
citadel-abnb_stay_length_v2.zip::research/notes/kitchen_wholehome_stay_length.md,3e3098bb42789f8286553220ff94ee608696d309483e44ff79b3a713d72c7d88,3
citadel-abnb_stay_length_v2.zip::research/notes/kitchen_wholehome_stay_length.md,3e3098bb42789f8286553220ff94ee608696d309483e44ff79b3a713d72c7d88,9
citadel-abnb_stay_length_v2.zip::research/notes/kitchen_wholehome_stay_length.md,3e3098bb42789f8286553220ff94ee608696d309483e44ff79b3a713d72c7d88,14
citadel-abnb_stay_length_v2.zip::research/notes/kitchen_wholehome_stay_length.md,3e3098bb42789f8286553220ff94ee608696d309483e44ff79b3a713d72c7d88,16
citadel-abnb_stay_length_v2.zip::research/notes/kitchen_wholehome_stay_length.md,3e3098bb42789f8286553220ff94ee608696d309483e44ff79b3a713d72c7d88,30
citadel-abnb_stay_length_v2.zip::research/notes/kitchen_wholehome_stay_length.md,3e3098bb42789f8286553220ff94ee608696d309483e44ff79b3a713d72c7d88,31
citadel-abnb_stay_length_v2.zip::research/notes/kitchen_wholehome_stay_length.md,3e3098bb42789f8286553220ff94ee608696d309483e44ff79b3a713d72c7d88,33
citadel-abnb_stay_length_v2.zip::research/notes/kitchen_wholehome_stay_length.md,3e3098bb42789f8286553220ff94ee608696d309483e44ff79b3a713d72c7d88,37
citadel-abnb_stay_length_v2.zip::research/notes/kitchen_wholehome_stay_length.md,3e3098bb42789f8286553220ff94ee608696d309483e44ff79b3a713d72c7d88,39
citadel-abnb_stay_length_v2.zip::research/notes/kitchen_wholehome_stay_length.md,3e3098bb42789f8286553220ff94ee608696d309483e44ff79b3a713d72c7d88,56
citadel-abnb_stay_length_v2.zip::research/notes/kitchen_wholehome_stay_length.md,3e3098bb42789f8286553220ff94ee608696d309483e44ff79b3a713d72c7d88,58
citadel-abnb_stay_length_v2.zip::research/notes/stay_length_airbnb_vs_hotels.md,3afce12e055c9596c0fb41eea9379f999913c509bb5d08afc784b5e9e7f6f350,4
citadel-abnb_stay_length_v2.zip::research/notes/stay_length_airbnb_vs_hotels.md,3afce12e055c9596c0fb41eea9379f999913c509bb5d08afc784b5e9e7f6f350,12
citadel-abnb_stay_length_v2.zip::research/notes/stay_length_airbnb_vs_hotels.md,3afce12e055c9596c0fb41eea9379f999913c509bb5d08afc784b5e9e7f6f350,13
citadel-abnb_stay_length_v2.zip::research/notes/stay_length_airbnb_vs_hotels.md,3afce12e055c9596c0fb41eea9379f999913c509bb5d08afc784b5e9e7f6f350,15
citadel-abnb_stay_length_v2.zip::research/notes/stay_length_airbnb_vs_hotels.md,3afce12e055c9596c0fb41eea9379f999913c509bb5d08afc784b5e9e7f6f350,16
citadel-abnb_stay_length_v2.zip::research/notes/stay_length_airbnb_vs_hotels.md,3afce12e055c9596c0fb41eea9379f999913c509bb5d08afc784b5e9e7f6f350,41
citadel-abnb_stay_length_v2.zip::research/notes/stay_length_airbnb_vs_hotels.md,3afce12e055c9596c0fb41eea9379f999913c509bb5d08afc784b5e9e7f6f350,42
citadel-abnb_stay_length_v2.zip::research/notes/stay_length_airbnb_vs_hotels.md,3afce12e055c9596c0fb41eea9379f999913c509bb5d08afc784b5e9e7f6f350,43
citadel-abnb_stay_length_v2.zip::research/notes/stay_length_airbnb_vs_hotels.md,3afce12e055c9596c0fb41eea9379f999913c509bb5d08afc784b5e9e7f6f350,44
citadel-abnb_stay_length_v2.zip::research/notes/stay_length_airbnb_vs_hotels.md,3afce12e055c9596c0fb41eea9379f999913c509bb5d08afc784b5e9e7f6f350,45
citadel-abnb_stay_length_v2.zip::research/notes/stay_length_airbnb_vs_hotels.md,3afce12e055c9596c0fb41eea9379f999913c509bb5d08afc784b5e9e7f6f350,47
citadel-abnb_stay_length_v2.zip::research/notes/stay_length_airbnb_vs_hotels.md,3afce12e055c9596c0fb41eea9379f999913c509bb5d08afc784b5e9e7f6f350,48
citadel-abnb_stay_length_v2.zip::research/notes/stay_length_airbnb_vs_hotels.md,3afce12e055c9596c0fb41eea9379f999913c509bb5d08afc784b5e9e7f6f350,49
citadel-abnb_stay_length_v2.zip::research/notes/stay_length_airbnb_vs_hotels.md,3afce12e055c9596c0fb41eea9379f999913c509bb5d08afc784b5e9e7f6f350,53
citadel-abnb_stay_length_v2.zip::research/notes/stay_length_airbnb_vs_hotels.md,3afce12e055c9596c0fb41eea9379f999913c509bb5d08afc784b5e9e7f6f350,54
citadel-abnb_stay_length_v5.zip::data/processed/airbnb_party_size_evidence.csv,c5d533b89457a456a42a39164df185af3ec6a580fc4fcff44f779cfe6e443ef0,19
citadel-abnb_stay_length_v5.zip::data/processed/airbnb_party_size_evidence.csv,c5d533b89457a456a42a39164df185af3ec6a580fc4fcff44f779cfe6e443ef0,25
citadel-abnb_stay_length_v5.zip::data/processed/airbnb_party_size_evidence.csv,c5d533b89457a456a42a39164df185af3ec6a580fc4fcff44f779cfe6e443ef0,26
citadel-abnb_stay_length_v5.zip::data/processed/airbnb_party_size_evidence.csv,c5d533b89457a456a42a39164df185af3ec6a580fc4fcff44f779cfe6e443ef0,27
citadel-abnb_stay_length_v5.zip::data/processed/airbnb_party_size_evidence.csv,c5d533b89457a456a42a39164df185af3ec6a580fc4fcff44f779cfe6e443ef0,29
citadel-abnb_stay_length_v5.zip::data/processed/airbnb_party_size_evidence.csv,c5d533b89457a456a42a39164df185af3ec6a580fc4fcff44f779cfe6e443ef0,30
citadel-abnb_stay_length_v5.zip::data/processed/hotel_avg_length_of_stay.csv,837bcb48ca02e2e0349a36c9b1c25c9ab69a5f2914b347e9946eaf044a449c10,2
citadel-abnb_stay_length_v5.zip::data/processed/hotel_avg_length_of_stay.csv,837bcb48ca02e2e0349a36c9b1c25c9ab69a5f2914b347e9946eaf044a449c10,3
citadel-abnb_stay_length_v5.zip::data/processed/hotel_avg_length_of_stay.csv,837bcb48ca02e2e0349a36c9b1c25c9ab69a5f2914b347e9946eaf044a449c10,4
citadel-abnb_stay_length_v5.zip::data/processed/hotel_avg_length_of_stay.csv,837bcb48ca02e2e0349a36c9b1c25c9ab69a5f2914b347e9946eaf044a449c10,5
citadel-abnb_stay_length_v5.zip::data/processed/hotel_avg_length_of_stay.csv,837bcb48ca02e2e0349a36c9b1c25c9ab69a5f2914b347e9946eaf044a449c10,6
citadel-abnb_stay_length_v5.zip::data/processed/hotel_avg_length_of_stay.csv,837bcb48ca02e2e0349a36c9b1c25c9ab69a5f2914b347e9946eaf044a449c10,7
citadel-abnb_stay_length_v5.zip::data/processed/hotel_avg_length_of_stay.csv,837bcb48ca02e2e0349a36c9b1c25c9ab69a5f2914b347e9946eaf044a449c10,8
citadel-abnb_stay_length_v5.zip::data/processed/hotel_avg_length_of_stay.csv,837bcb48ca02e2e0349a36c9b1c25c9ab69a5f2914b347e9946eaf044a449c10,9
citadel-abnb_stay_length_v5.zip::data/processed/party_size_cost_crossover.csv,8edd528bcadd4108e462e032b973a0d10cde96f664002ba93aa93de344daf7d9,1
citadel-abnb_stay_length_v5.zip::data/processed/hotel_party_size_distribution.csv,1564ff324d7c6095574075414677eb44ef8da453e8ce436587a66e215224938f,1
citadel-abnb_stay_length_v5.zip::data/processed/hawaii_party_size_by_accommodation_2024.csv,15b7598df5ade779d2db4321e5490288cc6d66725dcd288eccf1ef9a0d1393ec,3
citadel-abnb_stay_length_v5.zip::research/notes/kitchen_wholehome_stay_length.md,3e3098bb42789f8286553220ff94ee608696d309483e44ff79b3a713d72c7d88,3
citadel-abnb_stay_length_v5.zip::research/notes/kitchen_wholehome_stay_length.md,3e3098bb42789f8286553220ff94ee608696d309483e44ff79b3a713d72c7d88,9
citadel-abnb_stay_length_v5.zip::research/notes/kitchen_wholehome_stay_length.md,3e3098bb42789f8286553220ff94ee608696d309483e44ff79b3a713d72c7d88,14
citadel-abnb_stay_length_v5.zip::research/notes/kitchen_wholehome_stay_length.md,3e3098bb42789f8286553220ff94ee608696d309483e44ff79b3a713d72c7d88,16
citadel-abnb_stay_length_v5.zip::research/notes/kitchen_wholehome_stay_length.md,3e3098bb42789f8286553220ff94ee608696d309483e44ff79b3a713d72c7d88,30
citadel-abnb_stay_length_v5.zip::research/notes/kitchen_wholehome_stay_length.md,3e3098bb42789f8286553220ff94ee608696d309483e44ff79b3a713d72c7d88,31
citadel-abnb_stay_length_v5.zip::research/notes/kitchen_wholehome_stay_length.md,3e3098bb42789f8286553220ff94ee608696d309483e44ff79b3a713d72c7d88,33
citadel-abnb_stay_length_v5.zip::research/notes/kitchen_wholehome_stay_length.md,3e3098bb42789f8286553220ff94ee608696d309483e44ff79b3a713d72c7d88,37
citadel-abnb_stay_length_v5.zip::research/notes/kitchen_wholehome_stay_length.md,3e3098bb42789f8286553220ff94ee608696d309483e44ff79b3a713d72c7d88,39
citadel-abnb_stay_length_v5.zip::research/notes/kitchen_wholehome_stay_length.md,3e3098bb42789f8286553220ff94ee608696d309483e44ff79b3a713d72c7d88,56
citadel-abnb_stay_length_v5.zip::research/notes/kitchen_wholehome_stay_length.md,3e3098bb42789f8286553220ff94ee608696d309483e44ff79b3a713d72c7d88,58
citadel-abnb_stay_length_v5.zip::research/notes/stay_length_airbnb_vs_hotels.md,3afce12e055c9596c0fb41eea9379f999913c509bb5d08afc784b5e9e7f6f350,4
citadel-abnb_stay_length_v5.zip::research/notes/stay_length_airbnb_vs_hotels.md,3afce12e055c9596c0fb41eea9379f999913c509bb5d08afc784b5e9e7f6f350,12
citadel-abnb_stay_length_v5.zip::research/notes/stay_length_airbnb_vs_hotels.md,3afce12e055c9596c0fb41eea9379f999913c509bb5d08afc784b5e9e7f6f350,13
citadel-abnb_stay_length_v5.zip::research/notes/stay_length_airbnb_vs_hotels.md,3afce12e055c9596c0fb41eea9379f999913c509bb5d08afc784b5e9e7f6f350,15
citadel-abnb_stay_length_v5.zip::research/notes/stay_length_airbnb_vs_hotels.md,3afce12e055c9596c0fb41eea9379f999913c509bb5d08afc784b5e9e7f6f350,16
citadel-abnb_stay_length_v5.zip::research/notes/stay_length_airbnb_vs_hotels.md,3afce12e055c9596c0fb41eea9379f999913c509bb5d08afc784b5e9e7f6f350,41
citadel-abnb_stay_length_v5.zip::research/notes/stay_length_airbnb_vs_hotels.md,3afce12e055c9596c0fb41eea9379f999913c509bb5d08afc784b5e9e7f6f350,42
citadel-abnb_stay_length_v5.zip::research/notes/stay_length_airbnb_vs_hotels.md,3afce12e055c9596c0fb41eea9379f999913c509bb5d08afc784b5e9e7f6f350,43
citadel-abnb_stay_length_v5.zip::research/notes/stay_length_airbnb_vs_hotels.md,3afce12e055c9596c0fb41eea9379f999913c509bb5d08afc784b5e9e7f6f350,44
citadel-abnb_stay_length_v5.zip::research/notes/stay_length_airbnb_vs_hotels.md,3afce12e055c9596c0fb41eea9379f999913c509bb5d08afc784b5e9e7f6f350,45
citadel-abnb_stay_length_v5.zip::research/notes/stay_length_airbnb_vs_hotels.md,3afce12e055c9596c0fb41eea9379f999913c509bb5d08afc784b5e9e7f6f350,47
citadel-abnb_stay_length_v5.zip::research/notes/stay_length_airbnb_vs_hotels.md,3afce12e055c9596c0fb41eea9379f999913c509bb5d08afc784b5e9e7f6f350,48
citadel-abnb_stay_length_v5.zip::research/notes/stay_length_airbnb_vs_hotels.md,3afce12e055c9596c0fb41eea9379f999913c509bb5d08afc784b5e9e7f6f350,49
citadel-abnb_stay_length_v5.zip::research/notes/stay_length_airbnb_vs_hotels.md,3afce12e055c9596c0fb41eea9379f999913c509bb5d08afc784b5e9e7f6f350,53
citadel-abnb_stay_length_v5.zip::research/notes/stay_length_airbnb_vs_hotels.md,3afce12e055c9596c0fb41eea9379f999913c509bb5d08afc784b5e9e7f6f350,54
citadel-abnb_stay_length_v5.zip::research/notes/party_size_competitive_set.md,cfddb165fd5458bb8c3a7b5ae6c8c284cdd07c704caa00fb62310c166c9ce68a,7
citadel-abnb_stay_length_v5.zip::research/notes/party_size_competitive_set.md,cfddb165fd5458bb8c3a7b5ae6c8c284cdd07c704caa00fb62310c166c9ce68a,9
citadel-abnb_stay_length_v5.zip::research/notes/party_size_competitive_set.md,cfddb165fd5458bb8c3a7b5ae6c8c284cdd07c704caa00fb62310c166c9ce68a,10
citadel-abnb_stay_length_v5.zip::research/notes/party_size_competitive_set.md,cfddb165fd5458bb8c3a7b5ae6c8c284cdd07c704caa00fb62310c166c9ce68a,12
citadel-abnb_stay_length_v5.zip::research/notes/party_size_competitive_set.md,cfddb165fd5458bb8c3a7b5ae6c8c284cdd07c704caa00fb62310c166c9ce68a,16
citadel-abnb_stay_length_v5.zip::research/notes/party_size_competitive_set.md,cfddb165fd5458bb8c3a7b5ae6c8c284cdd07c704caa00fb62310c166c9ce68a,17
citadel-abnb_stay_length_v5.zip::research/notes/party_size_competitive_set.md,cfddb165fd5458bb8c3a7b5ae6c8c284cdd07c704caa00fb62310c166c9ce68a,23
citadel-abnb_stay_length_v5.zip::research/notes/party_size_competitive_set.md,cfddb165fd5458bb8c3a7b5ae6c8c284cdd07c704caa00fb62310c166c9ce68a,24
citadel-abnb_stay_length_v5.zip::research/notes/party_size_competitive_set.md,cfddb165fd5458bb8c3a7b5ae6c8c284cdd07c704caa00fb62310c166c9ce68a,25
citadel-abnb_stay_length_v5.zip::research/notes/party_size_competitive_set.md,cfddb165fd5458bb8c3a7b5ae6c8c284cdd07c704caa00fb62310c166c9ce68a,29
citadel-abnb_stay_length_v5.zip::research/notes/party_size_competitive_set.md,cfddb165fd5458bb8c3a7b5ae6c8c284cdd07c704caa00fb62310c166c9ce68a,30
citadel-abnb_stay_length_v5.zip::research/notes/party_size_competitive_set.md,cfddb165fd5458bb8c3a7b5ae6c8c284cdd07c704caa00fb62310c166c9ce68a,31
citadel-abnb_stay_length_v5.zip::research/notes/party_size_competitive_set.md,cfddb165fd5458bb8c3a7b5ae6c8c284cdd07c704caa00fb62310c166c9ce68a,36
citadel-abnb_stay_length_v5.zip::research/notes/party_size_competitive_set.md,cfddb165fd5458bb8c3a7b5ae6c8c284cdd07c704caa00fb62310c166c9ce68a,50
citadel-abnb_stay_length_v5.zip::research/notes/party_size_distribution.md,c23cd9956aa74e7ad7cfc014ef5a78e8fbb64d2588737c00e59bf9d084659875,43
citadel-abnb_stay_length_v5.zip::research/notes/party_size_distribution.md,c23cd9956aa74e7ad7cfc014ef5a78e8fbb64d2588737c00e59bf9d084659875,47
citadel-abnb_stay_length_v5.zip::research/notes/party_size_distribution.md,c23cd9956aa74e7ad7cfc014ef5a78e8fbb64d2588737c00e59bf9d084659875,55
citadel-abnb_stay_length_v5.zip::research/notes/party_size_distribution.md,c23cd9956aa74e7ad7cfc014ef5a78e8fbb64d2588737c00e59bf9d084659875,56
citadel-abnb_stay_length_v5.zip::research/notes/party_size_distribution.md,c23cd9956aa74e7ad7cfc014ef5a78e8fbb64d2588737c00e59bf9d084659875,57
citadel-abnb_stay_length_v5.zip::research/notes/party_size_distribution.md,c23cd9956aa74e7ad7cfc014ef5a78e8fbb64d2588737c00e59bf9d084659875,60
citadel-abnb_stay_length_v5.zip::research/notes/party_size_distribution.md,c23cd9956aa74e7ad7cfc014ef5a78e8fbb64d2588737c00e59bf9d084659875,65
citadel-abnb_stay_length_v5.zip::research/notes/party_size_distribution.md,c23cd9956aa74e7ad7cfc014ef5a78e8fbb64d2588737c00e59bf9d084659875,66
citadel-abnb_stay_length_v5.zip::research/notes/party_size_distribution.md,c23cd9956aa74e7ad7cfc014ef5a78e8fbb64d2588737c00e59bf9d084659875,67
citadel-abnb_stay_length_v5.zip::research/notes/party_size_distribution.md,c23cd9956aa74e7ad7cfc014ef5a78e8fbb64d2588737c00e59bf9d084659875,82
citadel-abnb_stay_length_v5.zip::research/notes/party_size_distribution.md,c23cd9956aa74e7ad7cfc014ef5a78e8fbb64d2588737c00e59bf9d084659875,83
citadel-abnb_stay_length_v5.zip::research/notes/party_size_distribution.md,c23cd9956aa74e7ad7cfc014ef5a78e8fbb64d2588737c00e59bf9d084659875,84
citadel-abnb_stay_length_v5.zip::research/notes/party_size_distribution.md,c23cd9956aa74e7ad7cfc014ef5a78e8fbb64d2588737c00e59bf9d084659875,109
citadel-abnb_stay_length_v5.zip::research/notes/party_size_distribution.md,c23cd9956aa74e7ad7cfc014ef5a78e8fbb64d2588737c00e59bf9d084659875,111
research/airbnb_earnings_call_study.md,b2a8b8d606526063a2aa332adfc667903674cdcae40ecc1b4fe59ecde9c75e78,14
research/airbnb_earnings_call_study.md,b2a8b8d606526063a2aa332adfc667903674cdcae40ecc1b4fe59ecde9c75e78,79
research/airbnb_earnings_call_study.md,b2a8b8d606526063a2aa332adfc667903674cdcae40ecc1b4fe59ecde9c75e78,97
research/airbnb_earnings_call_study.md,b2a8b8d606526063a2aa332adfc667903674cdcae40ecc1b4fe59ecde9c75e78,99
research/airbnb_earnings_call_study.md,b2a8b8d606526063a2aa332adfc667903674cdcae40ecc1b4fe59ecde9c75e78,130
research/airbnb_earnings_call_study.md,b2a8b8d606526063a2aa332adfc667903674cdcae40ecc1b4fe59ecde9c75e78,131
research/airbnb_earnings_call_study.md,b2a8b8d606526063a2aa332adfc667903674cdcae40ecc1b4fe59ecde9c75e78,133
research/airbnb_earnings_call_study.md,b2a8b8d606526063a2aa332adfc667903674cdcae40ecc1b4fe59ecde9c75e78,134
research/airbnb_earnings_call_study.md,b2a8b8d606526063a2aa332adfc667903674cdcae40ecc1b4fe59ecde9c75e78,144
research/airbnb_earnings_call_study.md,b2a8b8d606526063a2aa332adfc667903674cdcae40ecc1b4fe59ecde9c75e78,157
research/airbnb_earnings_call_study.md,b2a8b8d606526063a2aa332adfc667903674cdcae40ecc1b4fe59ecde9c75e78,160
research/airbnb_earnings_call_study.md,b2a8b8d606526063a2aa332adfc667903674cdcae40ecc1b4fe59ecde9c75e78,161
research/airbnb_earnings_call_study.md,b2a8b8d606526063a2aa332adfc667903674cdcae40ecc1b4fe59ecde9c75e78,163
research/airbnb_earnings_call_study.md,b2a8b8d606526063a2aa332adfc667903674cdcae40ecc1b4fe59ecde9c75e78,169
research/airbnb_earnings_call_study.md,b2a8b8d606526063a2aa332adfc667903674cdcae40ecc1b4fe59ecde9c75e78,171
research/airbnb_earnings_call_study.md,b2a8b8d606526063a2aa332adfc667903674cdcae40ecc1b4fe59ecde9c75e78,176
research/airbnb_earnings_call_study.md,b2a8b8d606526063a2aa332adfc667903674cdcae40ecc1b4fe59ecde9c75e78,177
research/airbnb_earnings_call_study.md,b2a8b8d606526063a2aa332adfc667903674cdcae40ecc1b4fe59ecde9c75e78,178
research/airbnb_earnings_call_study.md,b2a8b8d606526063a2aa332adfc667903674cdcae40ecc1b4fe59ecde9c75e78,179
research/airbnb_earnings_call_study.md,b2a8b8d606526063a2aa332adfc667903674cdcae40ecc1b4fe59ecde9c75e78,212
research/notes/2026-09-04_abnb-pitch-catalogue.md,c66522ece31fac2a76685c477d05944cc90b57c2f31224f4b8d8c66a510ffec6,63
research/notes/2026-09-04_abnb-pitch-catalogue.md,c66522ece31fac2a76685c477d05944cc90b57c2f31224f4b8d8c66a510ffec6,86
research/notes/2026-09-04_abnb-pitch-catalogue.md,c66522ece31fac2a76685c477d05944cc90b57c2f31224f4b8d8c66a510ffec6,87
research/notes/2026-09-04_abnb-pitch-catalogue.md,c66522ece31fac2a76685c477d05944cc90b57c2f31224f4b8d8c66a510ffec6,102
research/notes/2026-09-04_abnb-pitch-catalogue.md,c66522ece31fac2a76685c477d05944cc90b57c2f31224f4b8d8c66a510ffec6,153
research/notes/2026-09-04_abnb-pitch-catalogue.md,c66522ece31fac2a76685c477d05944cc90b57c2f31224f4b8d8c66a510ffec6,165
research/notes/2026-09-04_abnb-pitch-catalogue.md,c66522ece31fac2a76685c477d05944cc90b57c2f31224f4b8d8c66a510ffec6,168
research/notes/2026-09-04_abnb-pitch-catalogue.md,c66522ece31fac2a76685c477d05944cc90b57c2f31224f4b8d8c66a510ffec6,223
research/notes/2026-09-04_abnb-pitch-catalogue.md,c66522ece31fac2a76685c477d05944cc90b57c2f31224f4b8d8c66a510ffec6,247
research/notes/2026-09-04_abnb-pitch-catalogue.md,c66522ece31fac2a76685c477d05944cc90b57c2f31224f4b8d8c66a510ffec6,257
research/notes/2026-09-04_abnb-pitch-catalogue.md,c66522ece31fac2a76685c477d05944cc90b57c2f31224f4b8d8c66a510ffec6,262
research/notes/2026-09-04_abnb-pitch-catalogue.md,c66522ece31fac2a76685c477d05944cc90b57c2f31224f4b8d8c66a510ffec6,273
research/notes/2026-09-04_abnb-pitch-catalogue.md,c66522ece31fac2a76685c477d05944cc90b57c2f31224f4b8d8c66a510ffec6,274
research/notes/2026-09-04_abnb-pitch-catalogue.md,c66522ece31fac2a76685c477d05944cc90b57c2f31224f4b8d8c66a510ffec6,278
research/notes/2026-09-04_abnb-pitch-catalogue.md,c66522ece31fac2a76685c477d05944cc90b57c2f31224f4b8d8c66a510ffec6,289
research/notes/2026-09-04_abnb-pitch-catalogue.md,c66522ece31fac2a76685c477d05944cc90b57c2f31224f4b8d8c66a510ffec6,297
research/notes/2026-09-04_abnb-pitch-catalogue.md,c66522ece31fac2a76685c477d05944cc90b57c2f31224f4b8d8c66a510ffec6,302
research/notes/2026-09-04_abnb-pitch-catalogue.md,c66522ece31fac2a76685c477d05944cc90b57c2f31224f4b8d8c66a510ffec6,304
research/notes/2026-09-04_abnb-pitch-catalogue.md,c66522ece31fac2a76685c477d05944cc90b57c2f31224f4b8d8c66a510ffec6,314
research/notes/2026-09-04_abnb-pitch-catalogue.md,c66522ece31fac2a76685c477d05944cc90b57c2f31224f4b8d8c66a510ffec6,320
research/notes/2026-09-04_abnb-pitch-landscape.md,1696b53b886d0617c5d47ad76f2d5d7bf6dc1a7ae8a353c10224258823f9ab67,20
research/notes/2026-09-04_abnb-pitch-landscape.md,1696b53b886d0617c5d47ad76f2d5d7bf6dc1a7ae8a353c10224258823f9ab67,32
research/notes/2026-09-04_abnb-pitch-landscape.md,1696b53b886d0617c5d47ad76f2d5d7bf6dc1a7ae8a353c10224258823f9ab67,37
research/notes/2026-09-04_abnb-pitch-landscape.md,1696b53b886d0617c5d47ad76f2d5d7bf6dc1a7ae8a353c10224258823f9ab67,38
research/notes/2026-09-04_abnb-pitch-landscape.md,1696b53b886d0617c5d47ad76f2d5d7bf6dc1a7ae8a353c10224258823f9ab67,44
research/notes/2026-09-04_abnb-pitch-landscape.md,1696b53b886d0617c5d47ad76f2d5d7bf6dc1a7ae8a353c10224258823f9ab67,46
research/notes/2026-09-04_abnb-pitch-landscape.md,1696b53b886d0617c5d47ad76f2d5d7bf6dc1a7ae8a353c10224258823f9ab67,47
research/notes/2026-09-04_abnb-pitch-landscape.md,1696b53b886d0617c5d47ad76f2d5d7bf6dc1a7ae8a353c10224258823f9ab67,49
research/notes/2026-09-04_abnb-pitch-landscape.md,1696b53b886d0617c5d47ad76f2d5d7bf6dc1a7ae8a353c10224258823f9ab67,70
research/notes/2026-09-04_abnb-pitch-landscape.md,1696b53b886d0617c5d47ad76f2d5d7bf6dc1a7ae8a353c10224258823f9ab67,73
research/notes/2026-09-04_abnb-pitch-landscape.md,1696b53b886d0617c5d47ad76f2d5d7bf6dc1a7ae8a353c10224258823f9ab67,82
research/notes/2026-09-04_abnb-pitch-landscape.md,1696b53b886d0617c5d47ad76f2d5d7bf6dc1a7ae8a353c10224258823f9ab67,87
research/notes/2026-09-04_abnb-pitch-landscape.md,1696b53b886d0617c5d47ad76f2d5d7bf6dc1a7ae8a353c10224258823f9ab67,105
research/notes/2026-09-04_abnb-pitch-landscape.md,1696b53b886d0617c5d47ad76f2d5d7bf6dc1a7ae8a353c10224258823f9ab67,107
research/notes/2026-09-04_abnb-pitch-landscape.md,1696b53b886d0617c5d47ad76f2d5d7bf6dc1a7ae8a353c10224258823f9ab67,112
research/notes/2026-09-04_abnb-pitch-landscape.md,1696b53b886d0617c5d47ad76f2d5d7bf6dc1a7ae8a353c10224258823f9ab67,113
research/notes/2026-09-04_abnb-pitch-landscape.md,1696b53b886d0617c5d47ad76f2d5d7bf6dc1a7ae8a353c10224258823f9ab67,132
research/notes/2026-09-04_abnb-pitch-landscape.md,1696b53b886d0617c5d47ad76f2d5d7bf6dc1a7ae8a353c10224258823f9ab67,154
research/notes/2026-09-04_abnb-pitch-landscape.md,1696b53b886d0617c5d47ad76f2d5d7bf6dc1a7ae8a353c10224258823f9ab67,170
research/notes/2026-09-04_management-timeline.md,5c817c1ddc0238f4ca9d511548691e940caa5de625b717faf6213ef187a1ca37,15
research/notes/2026-09-04_management-timeline.md,5c817c1ddc0238f4ca9d511548691e940caa5de625b717faf6213ef187a1ca37,20
research/notes/2026-09-04_management-timeline.md,5c817c1ddc0238f4ca9d511548691e940caa5de625b717faf6213ef187a1ca37,21
research/notes/2026-09-04_management-timeline.md,5c817c1ddc0238f4ca9d511548691e940caa5de625b717faf6213ef187a1ca37,41
research/notes/2026-09-04_management-timeline.md,5c817c1ddc0238f4ca9d511548691e940caa5de625b717faf6213ef187a1ca37,50
research/notes/2026-09-04_management-timeline.md,5c817c1ddc0238f4ca9d511548691e940caa5de625b717faf6213ef187a1ca37,51
research/notes/2026-09-04_management-timeline.md,5c817c1ddc0238f4ca9d511548691e940caa5de625b717faf6213ef187a1ca37,56
research/notes/2026-09-04_management-timeline.md,5c817c1ddc0238f4ca9d511548691e940caa5de625b717faf6213ef187a1ca37,58
research/notes/2026-09-04_management-timeline.md,5c817c1ddc0238f4ca9d511548691e940caa5de625b717faf6213ef187a1ca37,62
research/notes/2026-09-04_management-timeline.md,5c817c1ddc0238f4ca9d511548691e940caa5de625b717faf6213ef187a1ca37,67
research/notes/2026-09-04_management-timeline.md,5c817c1ddc0238f4ca9d511548691e940caa5de625b717faf6213ef187a1ca37,68
research/notes/2026-09-04_management-timeline.md,5c817c1ddc0238f4ca9d511548691e940caa5de625b717faf6213ef187a1ca37,74
research/notes/2026-09-04_management-timeline.md,5c817c1ddc0238f4ca9d511548691e940caa5de625b717faf6213ef187a1ca37,77
research/notes/2026-09-05_abnb-major-moves.md,ac1b2543b63f7896b8351b89eb8d41daff25cb8a8693a02fd15ee2c106caaefd,18
research/notes/2026-09-05_abnb-major-moves.md,ac1b2543b63f7896b8351b89eb8d41daff25cb8a8693a02fd15ee2c106caaefd,88
research/notes/2026-09-05_abnb-major-moves.md,ac1b2543b63f7896b8351b89eb8d41daff25cb8a8693a02fd15ee2c106caaefd,99
research/notes/2026-09-05_third-bridge-transcripts.md,0ec33c2ad9eaf8a934cb9c9d25c2a0667f2cbbe9cd85b9b9fa6ca9a8527c6e5c,21
research/notes/2026-09-05_third-bridge-transcripts.md,0ec33c2ad9eaf8a934cb9c9d25c2a0667f2cbbe9cd85b9b9fa6ca9a8527c6e5c,48
research/notes/2026-09-05_third-bridge-transcripts.md,0ec33c2ad9eaf8a934cb9c9d25c2a0667f2cbbe9cd85b9b9fa6ca9a8527c6e5c,67
research/notes/2026-09-07_hotel-demand-data-reset.md,fbbed2be9e4f0efc2c649630fbaf27e2fae8009e9c11a21454293ac484cda04c,3
research/notes/2026-09-07_hotel-demand-data-reset.md,fbbed2be9e4f0efc2c649630fbaf27e2fae8009e9c11a21454293ac484cda04c,7
research/notes/2026-09-07_hotel-demand-data-reset.md,fbbed2be9e4f0efc2c649630fbaf27e2fae8009e9c11a21454293ac484cda04c,15
research/notes/2026-09-07_hotel-demand-data-reset.md,fbbed2be9e4f0efc2c649630fbaf27e2fae8009e9c11a21454293ac484cda04c,17
research/notes/2026-09-07_hotel-demand-data-reset.md,fbbed2be9e4f0efc2c649630fbaf27e2fae8009e9c11a21454293ac484cda04c,19
research/notes/2026-09-07_hotel-demand-data-reset.md,fbbed2be9e4f0efc2c649630fbaf27e2fae8009e9c11a21454293ac484cda04c,25
research/notes/2026-09-07_hotel-demand-data-reset.md,fbbed2be9e4f0efc2c649630fbaf27e2fae8009e9c11a21454293ac484cda04c,27
research/notes/2026-09-07_hotel-demand-data-reset.md,fbbed2be9e4f0efc2c649630fbaf27e2fae8009e9c11a21454293ac484cda04c,29
research/notes/2026-09-07_hotel-demand-data-reset.md,fbbed2be9e4f0efc2c649630fbaf27e2fae8009e9c11a21454293ac484cda04c,43
research/notes/2026-09-07_hotel-demand-data-reset.md,fbbed2be9e4f0efc2c649630fbaf27e2fae8009e9c11a21454293ac484cda04c,47
research/notes/2026-09-07_hotel-demand-data-reset.md,fbbed2be9e4f0efc2c649630fbaf27e2fae8009e9c11a21454293ac484cda04c,49
research/notes/2026-09-07_hotel-demand-data-reset.md,fbbed2be9e4f0efc2c649630fbaf27e2fae8009e9c11a21454293ac484cda04c,59
research/notes/2026-09-07_hotel-demand-independent-review.md,a75d03a2a066883230d0fb86acc85e04df1cb6de6fcf38ba5ea18abfb4e9a1a9,3
research/notes/2026-09-07_hotel-demand-independent-review.md,a75d03a2a066883230d0fb86acc85e04df1cb6de6fcf38ba5ea18abfb4e9a1a9,16
research/notes/2026-09-07_hotel-demand-independent-review.md,a75d03a2a066883230d0fb86acc85e04df1cb6de6fcf38ba5ea18abfb4e9a1a9,20
research/notes/2026-09-07_hotel-demand-independent-review.md,a75d03a2a066883230d0fb86acc85e04df1cb6de6fcf38ba5ea18abfb4e9a1a9,22
research/notes/2026-09-07_hotel-demand-independent-review.md,a75d03a2a066883230d0fb86acc85e04df1cb6de6fcf38ba5ea18abfb4e9a1a9,32
research/notes/2026-09-07_hotel-demand-independent-review.md,a75d03a2a066883230d0fb86acc85e04df1cb6de6fcf38ba5ea18abfb4e9a1a9,33
research/notes/2026-09-07_hotel-demand-independent-review.md,a75d03a2a066883230d0fb86acc85e04df1cb6de6fcf38ba5ea18abfb4e9a1a9,34
research/notes/2026-09-07_hotel-demand-independent-review.md,a75d03a2a066883230d0fb86acc85e04df1cb6de6fcf38ba5ea18abfb4e9a1a9,35
research/notes/2026-09-07_hotel-demand-independent-review.md,a75d03a2a066883230d0fb86acc85e04df1cb6de6fcf38ba5ea18abfb4e9a1a9,42
research/notes/2026-09-07_hotel-demand-independent-review.md,a75d03a2a066883230d0fb86acc85e04df1cb6de6fcf38ba5ea18abfb4e9a1a9,44
research/notes/2026-09-07_hotel-demand-independent-review.md,a75d03a2a066883230d0fb86acc85e04df1cb6de6fcf38ba5ea18abfb4e9a1a9,46
research/notes/2026-09-07_hotel-demand-independent-review.md,a75d03a2a066883230d0fb86acc85e04df1cb6de6fcf38ba5ea18abfb4e9a1a9,50
research/notes/2026-09-07_hotel-demand-independent-review.md,a75d03a2a066883230d0fb86acc85e04df1cb6de6fcf38ba5ea18abfb4e9a1a9,54
research/notes/2026-09-07_hotel-demand-independent-review.md,a75d03a2a066883230d0fb86acc85e04df1cb6de6fcf38ba5ea18abfb4e9a1a9,58
research/notes/2026-09-07_hotel-demand-independent-review.md,a75d03a2a066883230d0fb86acc85e04df1cb6de6fcf38ba5ea18abfb4e9a1a9,59
research/notes/2026-09-07_hotel-demand-independent-review.md,a75d03a2a066883230d0fb86acc85e04df1cb6de6fcf38ba5ea18abfb4e9a1a9,60
research/notes/2026-09-07_hotel-demand-independent-review.md,a75d03a2a066883230d0fb86acc85e04df1cb6de6fcf38ba5ea18abfb4e9a1a9,61
research/notes/2026-09-07_hotel-demand-independent-review.md,a75d03a2a066883230d0fb86acc85e04df1cb6de6fcf38ba5ea18abfb4e9a1a9,62
research/notes/2026-09-07_hotel-demand-independent-review.md,a75d03a2a066883230d0fb86acc85e04df1cb6de6fcf38ba5ea18abfb4e9a1a9,63
research/notes/2026-09-07_hotel-demand-independent-review.md,a75d03a2a066883230d0fb86acc85e04df1cb6de6fcf38ba5ea18abfb4e9a1a9,69
research/notes/2026-09-07_hotel-demand-independent-review.md,a75d03a2a066883230d0fb86acc85e04df1cb6de6fcf38ba5ea18abfb4e9a1a9,75
research/notes/2026-09-07_hotel-funnel-audit.md,2bce678c9ad3db2270d8deec640734ca4deaad18b75d164696dd9f100fd48de6,5
research/notes/2026-09-07_hotel-funnel-audit.md,2bce678c9ad3db2270d8deec640734ca4deaad18b75d164696dd9f100fd48de6,7
research/notes/2026-09-07_hotel-funnel-audit.md,2bce678c9ad3db2270d8deec640734ca4deaad18b75d164696dd9f100fd48de6,11
research/notes/2026-09-07_hotel-funnel-audit.md,2bce678c9ad3db2270d8deec640734ca4deaad18b75d164696dd9f100fd48de6,13
research/notes/2026-09-07_hotel-funnel-audit.md,2bce678c9ad3db2270d8deec640734ca4deaad18b75d164696dd9f100fd48de6,17
research/notes/2026-09-07_hotel-funnel-audit.md,2bce678c9ad3db2270d8deec640734ca4deaad18b75d164696dd9f100fd48de6,19
research/notes/2026-09-07_hotel-funnel-audit.md,2bce678c9ad3db2270d8deec640734ca4deaad18b75d164696dd9f100fd48de6,21
research/notes/2026-09-07_hotel-funnel-audit.md,2bce678c9ad3db2270d8deec640734ca4deaad18b75d164696dd9f100fd48de6,27
research/notes/2026-09-07_hotel-funnel-audit.md,2bce678c9ad3db2270d8deec640734ca4deaad18b75d164696dd9f100fd48de6,29
research/notes/2026-09-07_hotel-funnel-audit.md,2bce678c9ad3db2270d8deec640734ca4deaad18b75d164696dd9f100fd48de6,40
research/notes/2026-09-07_hotel-funnel-audit.md,2bce678c9ad3db2270d8deec640734ca4deaad18b75d164696dd9f100fd48de6,42
research/notes/2026-09-07_hotel-funnel-audit.md,2bce678c9ad3db2270d8deec640734ca4deaad18b75d164696dd9f100fd48de6,46
research/notes/2026-09-07_hotel-funnel-audit.md,2bce678c9ad3db2270d8deec640734ca4deaad18b75d164696dd9f100fd48de6,50
research/notes/2026-09-07_hotel-funnel-audit.md,2bce678c9ad3db2270d8deec640734ca4deaad18b75d164696dd9f100fd48de6,52
research/notes/2026-09-07_hotel-funnel-audit.md,2bce678c9ad3db2270d8deec640734ca4deaad18b75d164696dd9f100fd48de6,56
research/notes/2026-09-07_hotel-funnel-audit.md,2bce678c9ad3db2270d8deec640734ca4deaad18b75d164696dd9f100fd48de6,57
research/notes/2026-09-07_hotel-funnel-audit.md,2bce678c9ad3db2270d8deec640734ca4deaad18b75d164696dd9f100fd48de6,58
research/notes/2026-09-07_hotel-funnel-audit.md,2bce678c9ad3db2270d8deec640734ca4deaad18b75d164696dd9f100fd48de6,59
research/notes/2026-09-07_hotel-funnel-audit.md,2bce678c9ad3db2270d8deec640734ca4deaad18b75d164696dd9f100fd48de6,60
research/notes/2026-09-07_hotel-funnel-audit.md,2bce678c9ad3db2270d8deec640734ca4deaad18b75d164696dd9f100fd48de6,61
research/notes/2026-09-07_hotel-funnel-audit.md,2bce678c9ad3db2270d8deec640734ca4deaad18b75d164696dd9f100fd48de6,62
research/notes/2026-09-07_hotel-funnel-audit.md,2bce678c9ad3db2270d8deec640734ca4deaad18b75d164696dd9f100fd48de6,63
research/notes/2026-09-07_hotel-funnel-audit.md,2bce678c9ad3db2270d8deec640734ca4deaad18b75d164696dd9f100fd48de6,64
research/notes/2026-09-07_hotel-funnel-audit.md,2bce678c9ad3db2270d8deec640734ca4deaad18b75d164696dd9f100fd48de6,65
research/notes/2026-09-07_hotel-funnel-audit.md,2bce678c9ad3db2270d8deec640734ca4deaad18b75d164696dd9f100fd48de6,66
research/notes/2026-09-07_hotel-funnel-audit.md,2bce678c9ad3db2270d8deec640734ca4deaad18b75d164696dd9f100fd48de6,67
research/notes/2026-09-07_hotel-funnel-audit.md,2bce678c9ad3db2270d8deec640734ca4deaad18b75d164696dd9f100fd48de6,68
research/notes/2026-09-07_hotel-funnel-audit.md,2bce678c9ad3db2270d8deec640734ca4deaad18b75d164696dd9f100fd48de6,69
research/notes/2026-09-07_hotel-funnel-audit.md,2bce678c9ad3db2270d8deec640734ca4deaad18b75d164696dd9f100fd48de6,70
research/notes/2026-09-07_hotel-funnel-audit.md,2bce678c9ad3db2270d8deec640734ca4deaad18b75d164696dd9f100fd48de6,71
research/notes/2026-09-07_hotel-funnel-audit.md,2bce678c9ad3db2270d8deec640734ca4deaad18b75d164696dd9f100fd48de6,72
research/notes/2026-09-07_hotel-funnel-audit.md,2bce678c9ad3db2270d8deec640734ca4deaad18b75d164696dd9f100fd48de6,73
research/notes/2026-09-07_hotel-funnel-audit.md,2bce678c9ad3db2270d8deec640734ca4deaad18b75d164696dd9f100fd48de6,74
research/notes/2026-09-07_hotel-funnel-audit.md,2bce678c9ad3db2270d8deec640734ca4deaad18b75d164696dd9f100fd48de6,75
research/notes/2026-09-07_hotel-funnel-audit.md,2bce678c9ad3db2270d8deec640734ca4deaad18b75d164696dd9f100fd48de6,76
research/notes/2026-09-07_hotel-funnel-audit.md,2bce678c9ad3db2270d8deec640734ca4deaad18b75d164696dd9f100fd48de6,77
research/notes/2026-09-07_hotel-funnel-audit.md,2bce678c9ad3db2270d8deec640734ca4deaad18b75d164696dd9f100fd48de6,78
research/notes/2026-09-07_hotel-funnel-audit.md,2bce678c9ad3db2270d8deec640734ca4deaad18b75d164696dd9f100fd48de6,79
research/notes/2026-09-07_hotel-funnel-audit.md,2bce678c9ad3db2270d8deec640734ca4deaad18b75d164696dd9f100fd48de6,80
research/notes/2026-09-07_hotel-funnel-audit.md,2bce678c9ad3db2270d8deec640734ca4deaad18b75d164696dd9f100fd48de6,82
research/notes/2026-09-07_hotel-funnel-audit.md,2bce678c9ad3db2270d8deec640734ca4deaad18b75d164696dd9f100fd48de6,88
research/notes/2026-09-07_hotel-funnel-audit.md,2bce678c9ad3db2270d8deec640734ca4deaad18b75d164696dd9f100fd48de6,92
research/notes/2026-09-07_hotel-funnel-audit.md,2bce678c9ad3db2270d8deec640734ca4deaad18b75d164696dd9f100fd48de6,102
research/notes/2026-09-07_hotel-funnel-audit.md,2bce678c9ad3db2270d8deec640734ca4deaad18b75d164696dd9f100fd48de6,104
research/notes/2026-09-07_hotel-funnel-audit.md,2bce678c9ad3db2270d8deec640734ca4deaad18b75d164696dd9f100fd48de6,106
research/notes/2026-09-07_hotel-funnel-audit.md,2bce678c9ad3db2270d8deec640734ca4deaad18b75d164696dd9f100fd48de6,112
research/notes/2026-09-07_hotel-funnel-audit.md,2bce678c9ad3db2270d8deec640734ca4deaad18b75d164696dd9f100fd48de6,142
research/notes/2026-09-07_hotel-funnel-audit.md,2bce678c9ad3db2270d8deec640734ca4deaad18b75d164696dd9f100fd48de6,146
research/notes/2026-09-07_hotel-funnel-audit.md,2bce678c9ad3db2270d8deec640734ca4deaad18b75d164696dd9f100fd48de6,152
research/notes/2026-09-07_hotel-funnel-audit.md,2bce678c9ad3db2270d8deec640734ca4deaad18b75d164696dd9f100fd48de6,159
research/notes/2026-09-07_hotel-funnel-audit.md,2bce678c9ad3db2270d8deec640734ca4deaad18b75d164696dd9f100fd48de6,161
research/notes/2026-09-07_hotel-funnel-audit.md,2bce678c9ad3db2270d8deec640734ca4deaad18b75d164696dd9f100fd48de6,167
research/notes/2026-09-07_hotel-funnel-audit.md,2bce678c9ad3db2270d8deec640734ca4deaad18b75d164696dd9f100fd48de6,169
research/notes/2026-09-07_hotel-funnel-audit.md,2bce678c9ad3db2270d8deec640734ca4deaad18b75d164696dd9f100fd48de6,192
research/notes/2026-09-07_hotel-funnel-audit.md,2bce678c9ad3db2270d8deec640734ca4deaad18b75d164696dd9f100fd48de6,193
research/notes/2026-09-07_hotel-funnel-audit.md,2bce678c9ad3db2270d8deec640734ca4deaad18b75d164696dd9f100fd48de6,199
research/notes/2026-09-07_hotel-funnel-audit.md,2bce678c9ad3db2270d8deec640734ca4deaad18b75d164696dd9f100fd48de6,204
research/notes/2026-09-07_hotel-funnel-audit.md,2bce678c9ad3db2270d8deec640734ca4deaad18b75d164696dd9f100fd48de6,205
research/notes/2026-09-07_hotel-funnel-audit.md,2bce678c9ad3db2270d8deec640734ca4deaad18b75d164696dd9f100fd48de6,213
research/notes/2026-09-07_hotel-pitch-obtainable-data-plan.md,4213c3b6a3d855f07d6470dc2031a009e0a42e9ad832f5349e83aa77a88f7f1a,3
research/notes/2026-09-07_hotel-pitch-obtainable-data-plan.md,4213c3b6a3d855f07d6470dc2031a009e0a42e9ad832f5349e83aa77a88f7f1a,17
research/notes/2026-09-07_hotel-pitch-obtainable-data-plan.md,4213c3b6a3d855f07d6470dc2031a009e0a42e9ad832f5349e83aa77a88f7f1a,19
research/notes/2026-09-07_hotel-pitch-obtainable-data-plan.md,4213c3b6a3d855f07d6470dc2031a009e0a42e9ad832f5349e83aa77a88f7f1a,23
research/notes/2026-09-07_hotel-pitch-obtainable-data-plan.md,4213c3b6a3d855f07d6470dc2031a009e0a42e9ad832f5349e83aa77a88f7f1a,29
research/notes/2026-09-07_hotel-pitch-obtainable-data-plan.md,4213c3b6a3d855f07d6470dc2031a009e0a42e9ad832f5349e83aa77a88f7f1a,31
research/notes/2026-09-07_hotel-pitch-obtainable-data-plan.md,4213c3b6a3d855f07d6470dc2031a009e0a42e9ad832f5349e83aa77a88f7f1a,33
research/notes/2026-09-07_hotel-pitch-obtainable-data-plan.md,4213c3b6a3d855f07d6470dc2031a009e0a42e9ad832f5349e83aa77a88f7f1a,45
research/notes/2026-09-07_hotel-pitch-obtainable-data-plan.md,4213c3b6a3d855f07d6470dc2031a009e0a42e9ad832f5349e83aa77a88f7f1a,47
research/notes/2026-09-07_hotel-pitch-obtainable-data-plan.md,4213c3b6a3d855f07d6470dc2031a009e0a42e9ad832f5349e83aa77a88f7f1a,49
research/notes/2026-09-07_hotel-pitch-obtainable-data-plan.md,4213c3b6a3d855f07d6470dc2031a009e0a42e9ad832f5349e83aa77a88f7f1a,59
research/notes/2026-09-07_hotel-pitch-obtainable-data-plan.md,4213c3b6a3d855f07d6470dc2031a009e0a42e9ad832f5349e83aa77a88f7f1a,61
research/notes/2026-09-07_hotel-pitch-obtainable-data-plan.md,4213c3b6a3d855f07d6470dc2031a009e0a42e9ad832f5349e83aa77a88f7f1a,67
research/notes/2026-09-07_hotel-pitch-obtainable-data-plan.md,4213c3b6a3d855f07d6470dc2031a009e0a42e9ad832f5349e83aa77a88f7f1a,77
research/notes/2026-09-07_hotel-pitch-obtainable-data-plan.md,4213c3b6a3d855f07d6470dc2031a009e0a42e9ad832f5349e83aa77a88f7f1a,83
research/notes/2026-09-07_hotel-runway-investment-framework.md,3e5784a15deed295d7efacfa2d8c2bce9b5f08df06d0802224ed6e2f48902f51,3
research/notes/2026-09-07_hotel-runway-investment-framework.md,3e5784a15deed295d7efacfa2d8c2bce9b5f08df06d0802224ed6e2f48902f51,5
research/notes/2026-09-07_hotel-runway-investment-framework.md,3e5784a15deed295d7efacfa2d8c2bce9b5f08df06d0802224ed6e2f48902f51,23
research/notes/2026-09-07_hotel-runway-investment-framework.md,3e5784a15deed295d7efacfa2d8c2bce9b5f08df06d0802224ed6e2f48902f51,31
research/notes/2026-09-07_hotel-runway-investment-framework.md,3e5784a15deed295d7efacfa2d8c2bce9b5f08df06d0802224ed6e2f48902f51,33
research/notes/2026-09-07_hotel-runway-investment-framework.md,3e5784a15deed295d7efacfa2d8c2bce9b5f08df06d0802224ed6e2f48902f51,53
research/notes/2026-09-07_hotel-runway-investment-framework.md,3e5784a15deed295d7efacfa2d8c2bce9b5f08df06d0802224ed6e2f48902f51,59
research/notes/2026-09-07_hotel-runway-investment-framework.md,3e5784a15deed295d7efacfa2d8c2bce9b5f08df06d0802224ed6e2f48902f51,64
research/notes/2026-09-07_hotel-runway-investment-framework.md,3e5784a15deed295d7efacfa2d8c2bce9b5f08df06d0802224ed6e2f48902f51,72
research/notes/2026-09-07_hotel-runway-investment-framework.md,3e5784a15deed295d7efacfa2d8c2bce9b5f08df06d0802224ed6e2f48902f51,78
research/notes/2026-09-07_hotel-runway-investment-framework.md,3e5784a15deed295d7efacfa2d8c2bce9b5f08df06d0802224ed6e2f48902f51,84
research/notes/2026-09-07_hotel-runway-investment-framework.md,3e5784a15deed295d7efacfa2d8c2bce9b5f08df06d0802224ed6e2f48902f51,88
research/notes/2026-09-07_hotel-runway-investment-framework.md,3e5784a15deed295d7efacfa2d8c2bce9b5f08df06d0802224ed6e2f48902f51,90
research/notes/2026-09-07_hotel-runway-investment-framework.md,3e5784a15deed295d7efacfa2d8c2bce9b5f08df06d0802224ed6e2f48902f51,96
research/notes/2026-09-07_hotel-runway-investment-framework.md,3e5784a15deed295d7efacfa2d8c2bce9b5f08df06d0802224ed6e2f48902f51,97
research/notes/2026-09-07_hotel-runway-investment-framework.md,3e5784a15deed295d7efacfa2d8c2bce9b5f08df06d0802224ed6e2f48902f51,99
research/notes/2026-09-07_hotel-runway-investment-framework.md,3e5784a15deed295d7efacfa2d8c2bce9b5f08df06d0802224ed6e2f48902f51,100
research/notes/2026-09-07_hotel-runway-investment-framework.md,3e5784a15deed295d7efacfa2d8c2bce9b5f08df06d0802224ed6e2f48902f51,101
research/notes/2026-09-07_hotel-runway-investment-framework.md,3e5784a15deed295d7efacfa2d8c2bce9b5f08df06d0802224ed6e2f48902f51,109
research/notes/2026-09-07_hotel-runway-investment-framework.md,3e5784a15deed295d7efacfa2d8c2bce9b5f08df06d0802224ed6e2f48902f51,119
research/notes/2026-09-07_listing-churn-execution.md,e6b62ec84fc6a6da12dc95ab93d6b8b2ea39ccf3e4808037b9e7b5aac01efc64,186
research/notes/2026-09-07_listing-platform-history.md,ae9a0036a9c6edd66183fbb47920ff650040614dbd67d74090e2fe4a7aee86e4,49
research/sources/hotel_demand_data_reset.json,27c56212ca1d4e85dccb85924f9e9a6a5ee7bcc593776f7bd83aedc88618606d,16
research/sources/hotel_demand_data_reset.json,27c56212ca1d4e85dccb85924f9e9a6a5ee7bcc593776f7bd83aedc88618606d,23
research/sources/hotel_demand_data_reset.json,27c56212ca1d4e85dccb85924f9e9a6a5ee7bcc593776f7bd83aedc88618606d,31
research/sources/hotel_demand_independent_review.json,b910853b94cd0b413bb1916185cdb04effadae56b42e9a8deb8a380e58b8a15d,10
research/sources/hotel_demand_independent_review.json,b910853b94cd0b413bb1916185cdb04effadae56b42e9a8deb8a380e58b8a15d,15
research/sources/hotel_demand_independent_review.json,b910853b94cd0b413bb1916185cdb04effadae56b42e9a8deb8a380e58b8a15d,28
research/sources/hotel_demand_independent_review.json,b910853b94cd0b413bb1916185cdb04effadae56b42e9a8deb8a380e58b8a15d,61
research/sources/hotel_demand_independent_review.json,b910853b94cd0b413bb1916185cdb04effadae56b42e9a8deb8a380e58b8a15d,84
research/sources/hotel_demand_independent_review.json,b910853b94cd0b413bb1916185cdb04effadae56b42e9a8deb8a380e58b8a15d,107
research/sources/hotel_demand_independent_review.json,b910853b94cd0b413bb1916185cdb04effadae56b42e9a8deb8a380e58b8a15d,116
research/sources/hotel_funnel_audit.json,f85ca0b1cc0f944c6ea245ee79863a269675ff3331cdf2df920d4c8f7562f34b,3
research/sources/hotel_funnel_audit.json,f85ca0b1cc0f944c6ea245ee79863a269675ff3331cdf2df920d4c8f7562f34b,8
research/sources/hotel_funnel_audit.json,f85ca0b1cc0f944c6ea245ee79863a269675ff3331cdf2df920d4c8f7562f34b,21
research/sources/hotel_funnel_audit.json,f85ca0b1cc0f944c6ea245ee79863a269675ff3331cdf2df920d4c8f7562f34b,26
research/sources/hotel_funnel_audit.json,f85ca0b1cc0f944c6ea245ee79863a269675ff3331cdf2df920d4c8f7562f34b,32
research/sources/hotel_funnel_audit.json,f85ca0b1cc0f944c6ea245ee79863a269675ff3331cdf2df920d4c8f7562f34b,44
research/sources/hotel_funnel_audit.json,f85ca0b1cc0f944c6ea245ee79863a269675ff3331cdf2df920d4c8f7562f34b,53
research/sources/hotel_funnel_audit.json,f85ca0b1cc0f944c6ea245ee79863a269675ff3331cdf2df920d4c8f7562f34b,58
research/sources/hotel_funnel_audit.json,f85ca0b1cc0f944c6ea245ee79863a269675ff3331cdf2df920d4c8f7562f34b,59
research/sources/hotel_funnel_audit.json,f85ca0b1cc0f944c6ea245ee79863a269675ff3331cdf2df920d4c8f7562f34b,71
research/sources/hotel_funnel_audit.json,f85ca0b1cc0f944c6ea245ee79863a269675ff3331cdf2df920d4c8f7562f34b,89
research/sources/hotel_funnel_audit.json,f85ca0b1cc0f944c6ea245ee79863a269675ff3331cdf2df920d4c8f7562f34b,98
research/sources/hotel_funnel_audit.json,f85ca0b1cc0f944c6ea245ee79863a269675ff3331cdf2df920d4c8f7562f34b,116
research/sources/hotel_funnel_audit.json,f85ca0b1cc0f944c6ea245ee79863a269675ff3331cdf2df920d4c8f7562f34b,125
research/sources/hotel_funnel_audit.json,f85ca0b1cc0f944c6ea245ee79863a269675ff3331cdf2df920d4c8f7562f34b,134
research/sources/hotel_funnel_audit.json,f85ca0b1cc0f944c6ea245ee79863a269675ff3331cdf2df920d4c8f7562f34b,143
research/sources/hotel_funnel_audit.json,f85ca0b1cc0f944c6ea245ee79863a269675ff3331cdf2df920d4c8f7562f34b,178
research/sources/hotel_funnel_audit.json,f85ca0b1cc0f944c6ea245ee79863a269675ff3331cdf2df920d4c8f7562f34b,179
research/sources/hotel_funnel_audit.json,f85ca0b1cc0f944c6ea245ee79863a269675ff3331cdf2df920d4c8f7562f34b,187
research/sources/hotel_funnel_audit.json,f85ca0b1cc0f944c6ea245ee79863a269675ff3331cdf2df920d4c8f7562f34b,188
research/sources/hotel_funnel_audit.json,f85ca0b1cc0f944c6ea245ee79863a269675ff3331cdf2df920d4c8f7562f34b,196
research/sources/hotel_funnel_audit.json,f85ca0b1cc0f944c6ea245ee79863a269675ff3331cdf2df920d4c8f7562f34b,197
research/sources/hotel_funnel_audit.json,f85ca0b1cc0f944c6ea245ee79863a269675ff3331cdf2df920d4c8f7562f34b,203
research/sources/hotel_funnel_audit.json,f85ca0b1cc0f944c6ea245ee79863a269675ff3331cdf2df920d4c8f7562f34b,205
research/sources/hotel_funnel_audit.json,f85ca0b1cc0f944c6ea245ee79863a269675ff3331cdf2df920d4c8f7562f34b,206
research/sources/hotel_funnel_audit.json,f85ca0b1cc0f944c6ea245ee79863a269675ff3331cdf2df920d4c8f7562f34b,214
research/sources/hotel_funnel_audit.json,f85ca0b1cc0f944c6ea245ee79863a269675ff3331cdf2df920d4c8f7562f34b,215
research/sources/hotel_funnel_audit.json,f85ca0b1cc0f944c6ea245ee79863a269675ff3331cdf2df920d4c8f7562f34b,229
research/sources/hotel_funnel_audit.json,f85ca0b1cc0f944c6ea245ee79863a269675ff3331cdf2df920d4c8f7562f34b,230
research/sources/hotel_funnel_audit.json,f85ca0b1cc0f944c6ea245ee79863a269675ff3331cdf2df920d4c8f7562f34b,232
research/sources/hotel_funnel_audit.json,f85ca0b1cc0f944c6ea245ee79863a269675ff3331cdf2df920d4c8f7562f34b,233
research/sources/hotel_funnel_audit.json,f85ca0b1cc0f944c6ea245ee79863a269675ff3331cdf2df920d4c8f7562f34b,250
research/sources/hotel_funnel_audit.json,f85ca0b1cc0f944c6ea245ee79863a269675ff3331cdf2df920d4c8f7562f34b,251
research/sources/hotel_funnel_audit.json,f85ca0b1cc0f944c6ea245ee79863a269675ff3331cdf2df920d4c8f7562f34b,256
research/sources/hotel_funnel_audit.json,f85ca0b1cc0f944c6ea245ee79863a269675ff3331cdf2df920d4c8f7562f34b,268
research/sources/hotel_funnel_audit.json,f85ca0b1cc0f944c6ea245ee79863a269675ff3331cdf2df920d4c8f7562f34b,269
research/sources/hotel_funnel_audit.json,f85ca0b1cc0f944c6ea245ee79863a269675ff3331cdf2df920d4c8f7562f34b,277
research/sources/hotel_funnel_audit.json,f85ca0b1cc0f944c6ea245ee79863a269675ff3331cdf2df920d4c8f7562f34b,278
research/sources/listing_platform_history.json,5580a77a4d790fa8a3a52e6f5d03932bef388eb891dcd646d68df73847820ee1,110
research/sources/README.md,516493d996a27c76e8bf4c3d88a8a51cc77846a14df348a89722c381e703c5ca,51
research/sources/README.md,516493d996a27c76e8bf4c3d88a8a51cc77846a14df348a89722c381e703c5ca,53
research/sources/README.md,516493d996a27c76e8bf4c3d88a8a51cc77846a14df348a89722c381e703c5ca,59
citadel-abnb-files 2/research/notes/abnb_research_notes.md,2f8b8f26f239cc436ad8706249abca3485f3e89f6961f13d77532f6a1c1aa4dd,15
citadel-abnb-files 2/research/notes/abnb_research_notes.md,2f8b8f26f239cc436ad8706249abca3485f3e89f6961f13d77532f6a1c1aa4dd,59
citadel-abnb-files 2/research/notes/abnb_research_notes.md,2f8b8f26f239cc436ad8706249abca3485f3e89f6961f13d77532f6a1c1aa4dd,61
theos-past-research/research/edge-discovery/20260903T062839Z_abnb_edge_discovery/candidate_edge_registry.csv,7a8b99af4e2940305af7ae6917c3315a7a4aaf7a2aed08a5615496a2b3dceb97,5
theos-past-research/research/edge-discovery/20260903T062839Z_abnb_edge_discovery/candidate_edge_registry.csv,7a8b99af4e2940305af7ae6917c3315a7a4aaf7a2aed08a5615496a2b3dceb97,6
theos-past-research/research/edge-discovery/20260903T062839Z_abnb_edge_discovery/candidate_edge_registry.csv,7a8b99af4e2940305af7ae6917c3315a7a4aaf7a2aed08a5615496a2b3dceb97,15
theos-past-research/research/edge-discovery/20260903T062839Z_abnb_edge_discovery/edge_scorecard.csv,c7ff6f7a60a77e00dad021162f2704a65bc8fa9c1c295103f900c465395a35d9,6
theos-past-research/research/edge-discovery/20260903T062839Z_abnb_edge_discovery/phase_e1/claim_source_ledger.csv,b643c7c02c49dc958507b8cbc49e7b1c5b039a881180a682b3d5f5c880b21002,6
theos-past-research/research/edge-discovery/20260903T062839Z_abnb_edge_discovery/phase_e1/source_approval_and_disposition.csv,5673819588baf70f0a4b2d81405b1b6a40729887007adc3a6632280db74883d9,6
theos-past-research/research/edge-discovery/20260903T062839Z_abnb_edge_discovery/physical_world_activity_edge/candidate_edge_registry.csv,b744e6ec4a8a46462a359ca0f30cfb45eb9d27ec7b190e64cc66f61ed7178416,11
theos-past-research/research/edge-discovery/20260903T062839Z_abnb_edge_discovery/source_selection_memo.md,5fb1937a00dcaacdfd795d4a0d2a7fc8dba432e5d67f15137d64d0188fd51007,20
theos-past-research/research/edge-discovery/20260903T062839Z_abnb_edge_discovery/supply_scarcity_web_edge/candidate_edge_registry.csv,50aa3ea2ba6698d3525b70b8e9c8234a175e87d3418156bd25f32b0b0b6c687f,2
theos-past-research/research/edge-discovery/20260903T062839Z_abnb_edge_discovery/supply_scarcity_web_edge/candidate_edge_registry.csv,50aa3ea2ba6698d3525b70b8e9c8234a175e87d3418156bd25f32b0b0b6c687f,3
theos-past-research/research/edge-discovery/20260903T062839Z_abnb_edge_discovery/supply_scarcity_web_edge/edge_scorecard.csv,e7cf73128691fa5e13156c0bf81f284d0d4663700534acfc491a2edab96efb1a,3
theos-past-research/research/edge-discovery/20260903T062839Z_abnb_edge_discovery/supply_scarcity_web_edge/supply_scarcity_web_edge_report.md,2b942d620020c098a400c7ea76c22b52daeec235f11b4acfa36cc4b9c45dbd47,23
theos-past-research/research/edge-discovery/20260903T062839Z_abnb_edge_discovery/supply_scarcity_web_edge/supply_scarcity_web_edge_report.md,2b942d620020c098a400c7ea76c22b52daeec235f11b4acfa36cc4b9c45dbd47,47
theos-past-research/research/edge-discovery/20260903T062839Z_abnb_edge_discovery/supply_scarcity_web_edge_report.md,7f99da9745fe64d2e7a22e9a40edde5fe54d921f703ab020e812473eabc14bd9,13
theos-past-research/research/edge-discovery/20260903T211121Z_50_source_expansion/metadata/eurostat_toc_20260903.txt,f68096847ef4c581f017563b190bbae737c4f7233cd86006cba73bc58c1f4010,372
theos-past-research/research/edge-discovery/20260903T211121Z_50_source_expansion/metadata/eurostat_toc_20260903.txt,f68096847ef4c581f017563b190bbae737c4f7233cd86006cba73bc58c1f4010,987
theos-past-research/research/edge-discovery/20260903T211121Z_50_source_expansion/metadata/eurostat_toc_20260903.txt,f68096847ef4c581f017563b190bbae737c4f7233cd86006cba73bc58c1f4010,1118
theos-past-research/research/edge-discovery/20260903T211121Z_50_source_expansion/metadata/eurostat_toc_20260903.txt,f68096847ef4c581f017563b190bbae737c4f7233cd86006cba73bc58c1f4010,1119
theos-past-research/research/edge-discovery/20260903T211121Z_50_source_expansion/metadata/eurostat_toc_20260903.txt,f68096847ef4c581f017563b190bbae737c4f7233cd86006cba73bc58c1f4010,1544
theos-past-research/research/edge-discovery/20260903T211121Z_50_source_expansion/metadata/eurostat_toc_20260903.txt,f68096847ef4c581f017563b190bbae737c4f7233cd86006cba73bc58c1f4010,6780
theos-past-research/research/edge-discovery/20260903T211121Z_50_source_expansion/metadata/eurostat_toc_20260903.txt,f68096847ef4c581f017563b190bbae737c4f7233cd86006cba73bc58c1f4010,6789
theos-past-research/research/edge-discovery/20260903T211121Z_50_source_expansion/metadata/eurostat_toc_20260903.txt,f68096847ef4c581f017563b190bbae737c4f7233cd86006cba73bc58c1f4010,6800
theos-past-research/research/edge-discovery/20260903T211121Z_50_source_expansion/metadata/eurostat_toc_20260903.txt,f68096847ef4c581f017563b190bbae737c4f7233cd86006cba73bc58c1f4010,6801
theos-past-research/research/edge-discovery/20260903T211121Z_50_source_expansion/metadata/eurostat_toc_20260903.txt,f68096847ef4c581f017563b190bbae737c4f7233cd86006cba73bc58c1f4010,6802
theos-past-research/research/edge-discovery/20260903T211121Z_50_source_expansion/metadata/eurostat_toc_20260903.txt,f68096847ef4c581f017563b190bbae737c4f7233cd86006cba73bc58c1f4010,6808
theos-past-research/research/edge-discovery/20260903T211121Z_50_source_expansion/metadata/eurostat_toc_20260903.txt,f68096847ef4c581f017563b190bbae737c4f7233cd86006cba73bc58c1f4010,9783
theos-past-research/research/edge-discovery/20260903T211121Z_50_source_expansion/processed/new_source_manifest.csv,ae1cb8a9a4ed6ce0e297d0ed33bbdcd481b561c5272703b904b86f8d54a1ff55,8
theos-past-research/research/edge-discovery/20260903T211121Z_50_source_expansion/processed/new_source_manifest.csv,ae1cb8a9a4ed6ce0e297d0ed33bbdcd481b561c5272703b904b86f8d54a1ff55,11
theos-past-research/research/edge-discovery/20260903T211121Z_50_source_expansion/processed/new_source_manifest.csv,ae1cb8a9a4ed6ce0e297d0ed33bbdcd481b561c5272703b904b86f8d54a1ff55,20
theos-past-research/research/edge-discovery/20260903T211121Z_50_source_expansion/processed/new_source_manifest.csv,ae1cb8a9a4ed6ce0e297d0ed33bbdcd481b561c5272703b904b86f8d54a1ff55,21
theos-past-research/research/edge-discovery/20260903T211121Z_50_source_expansion/processed/new_source_manifest.csv,ae1cb8a9a4ed6ce0e297d0ed33bbdcd481b561c5272703b904b86f8d54a1ff55,24
theos-past-research/research/edge-discovery/20260903T211121Z_50_source_expansion/README.md,16d45f85ab801121559b7493e7b37ce62d6d686c2f4f619961f4b913dac112de,7
theos-past-research/research/edge-discovery/20260903T211121Z_50_source_expansion/source_manifest_50.csv,17bbd3bcd0c487bb4bc7657988933719b0ad6763bea5365a9c6c6e541cb1640b,17
theos-past-research/research/edge-discovery/20260903T211121Z_50_source_expansion/source_manifest_50.csv,17bbd3bcd0c487bb4bc7657988933719b0ad6763bea5365a9c6c6e541cb1640b,20
theos-past-research/research/edge-discovery/20260903T211121Z_50_source_expansion/source_manifest_50.csv,17bbd3bcd0c487bb4bc7657988933719b0ad6763bea5365a9c6c6e541cb1640b,29
theos-past-research/research/edge-discovery/20260903T211121Z_50_source_expansion/source_manifest_50.csv,17bbd3bcd0c487bb4bc7657988933719b0ad6763bea5365a9c6c6e541cb1640b,30
theos-past-research/research/edge-discovery/20260903T211121Z_50_source_expansion/source_manifest_50.csv,17bbd3bcd0c487bb4bc7657988933719b0ad6763bea5365a9c6c6e541cb1640b,33
theos-past-research/research/edge-discovery/20260903T231817Z_abnb_us_altdata_sleeve/source_manifest.csv,7d2415946af5b8c4b4361c8ccd5667c57a521851dd8ee3a2ce16b65a4dd9ab68,10
theos-past-research/research/edge-discovery/20260903T231817Z_abnb_us_altdata_sleeve/source_manifest.csv,7d2415946af5b8c4b4361c8ccd5667c57a521851dd8ee3a2ce16b65a4dd9ab68,11
theos-past-research/research/edge-discovery/20260903T231817Z_abnb_us_altdata_sleeve/supply_scarcity_web_edge/candidate_source_manifest.csv,119698cdf3b55f69f8db14d6a5ed73f3e0b47af8aa7c4a4d21c3253b3b25ec2f,2
theos-past-research/research/edge-discovery/20260903T231817Z_abnb_us_altdata_sleeve/supply_scarcity_web_edge/proposed_source_registry.csv,175941f22c3814256f08da62c2bdf05626589132a6ca8a44c9aaa0996273194c,2
theos-past-research/research/edge-discovery/20260904T012519Z_abnb_adr_pilot_001/memo.md,c6808768994cdef64106d4b35df10ca1d2b2f61a408a3a2cba76274d26ca8176,22
theos-past-research/research/edge-discovery/20260904T012519Z_abnb_adr_pilot_001/usability_score.csv,436f28ed5859cb193c12d09fb7d9bd546581992cbdb8ee193662ed078253425a,10
theos-past-research/research/forecasting/runs/20260903T224632Z_50_source_guidance_format/source_guidance_crosswalk.csv,95aa7db93c443d0f8428dbab3e2a24abbf58479f7f488a0cdcf8a6d38710775b,7
theos-past-research/research/forecasting/runs/20260903T224632Z_50_source_guidance_format/source_guidance_crosswalk.csv,95aa7db93c443d0f8428dbab3e2a24abbf58479f7f488a0cdcf8a6d38710775b,34
theos-past-research/research/forecasting/runs/20260903T224632Z_50_source_guidance_format/source_guidance_crosswalk.csv,95aa7db93c443d0f8428dbab3e2a24abbf58479f7f488a0cdcf8a6d38710775b,44
theos-past-research/research/forecasting/runs/20260903T224632Z_50_source_guidance_format/source_guidance_crosswalk.csv,95aa7db93c443d0f8428dbab3e2a24abbf58479f7f488a0cdcf8a6d38710775b,45
theos-past-research/research/forecasting/runs/20260903T224632Z_50_source_guidance_format/source_guidance_crosswalk.csv,95aa7db93c443d0f8428dbab3e2a24abbf58479f7f488a0cdcf8a6d38710775b,48
theos-past-research/research/forecasting/runs/20260903T224632Z_50_source_guidance_format/workbook_inputs.json,05f7837a59e5870f8b94a3ca6be12ce4ae6e82b04c7891c99a3a2de9fbc3b6d6,146
theos-past-research/research/forecasting/runs/20260903T224632Z_50_source_guidance_format/workbook_inputs.json,05f7837a59e5870f8b94a3ca6be12ce4ae6e82b04c7891c99a3a2de9fbc3b6d6,902
theos-past-research/research/forecasting/runs/20260903T224632Z_50_source_guidance_format/workbook_inputs.json,05f7837a59e5870f8b94a3ca6be12ce4ae6e82b04c7891c99a3a2de9fbc3b6d6,1182
theos-past-research/research/forecasting/runs/20260903T224632Z_50_source_guidance_format/workbook_inputs.json,05f7837a59e5870f8b94a3ca6be12ce4ae6e82b04c7891c99a3a2de9fbc3b6d6,1210
theos-past-research/research/forecasting/runs/20260903T233712Z_us_europe_guidance_comparison/workbook_inputs.json,7bd6b684ead0cc95a9e90b4d246e81ca4605b11f4a2a3502cb808944dadea38c,6617
theos-past-research/research/forecasting/runs/20260903T233712Z_us_europe_guidance_comparison/workbook_inputs.json,7bd6b684ead0cc95a9e90b4d246e81ca4605b11f4a2a3502cb808944dadea38c,6637
theos-past-research/research/forecasting/runs/20260903T233712Z_us_europe_guidance_comparison/workbook_inputs.json,7bd6b684ead0cc95a9e90b4d246e81ca4605b11f4a2a3502cb808944dadea38c,6657
theos-past-research/research/forecasting/runs/20260903T233712Z_us_europe_guidance_comparison/workbook_inputs.json,7bd6b684ead0cc95a9e90b4d246e81ca4605b11f4a2a3502cb808944dadea38c,6677
theos-past-research/research/forecasting/runs/20260903T233712Z_us_europe_guidance_comparison/workbook_inputs.json,7bd6b684ead0cc95a9e90b4d246e81ca4605b11f4a2a3502cb808944dadea38c,6697
theos-past-research/research/forecasting/runs/20260903T233712Z_us_europe_guidance_comparison/workbook_inputs.json,7bd6b684ead0cc95a9e90b4d246e81ca4605b11f4a2a3502cb808944dadea38c,6717
theos-past-research/research/forecasting/runs/20260903T233712Z_us_europe_guidance_comparison/workbook_inputs.json,7bd6b684ead0cc95a9e90b4d246e81ca4605b11f4a2a3502cb808944dadea38c,6737
theos-past-research/research/forecasting/runs/20260903T233712Z_us_europe_guidance_comparison/workbook_inputs.json,7bd6b684ead0cc95a9e90b4d246e81ca4605b11f4a2a3502cb808944dadea38c,6757
theos-past-research/research/forecasting/runs/20260903T233712Z_us_europe_guidance_comparison/workbook_inputs.json,7bd6b684ead0cc95a9e90b4d246e81ca4605b11f4a2a3502cb808944dadea38c,6777
theos-past-research/research/forecasting/runs/20260903T233712Z_us_europe_guidance_comparison/workbook_inputs.json,7bd6b684ead0cc95a9e90b4d246e81ca4605b11f4a2a3502cb808944dadea38c,6797
theos-past-research/research/forecasting/runs/20260903T233712Z_us_europe_guidance_comparison/workbook_inputs.json,7bd6b684ead0cc95a9e90b4d246e81ca4605b11f4a2a3502cb808944dadea38c,6817
theos-past-research/research/forecasting/runs/20260903T233712Z_us_europe_guidance_comparison/workbook_inputs.json,7bd6b684ead0cc95a9e90b4d246e81ca4605b11f4a2a3502cb808944dadea38c,6837
theos-past-research/research/forecasting/runs/20260903T233712Z_us_europe_guidance_comparison/workbook_inputs.json,7bd6b684ead0cc95a9e90b4d246e81ca4605b11f4a2a3502cb808944dadea38c,6857
theos-past-research/research/forecasting/runs/20260903T233712Z_us_europe_guidance_comparison/workbook_inputs.json,7bd6b684ead0cc95a9e90b4d246e81ca4605b11f4a2a3502cb808944dadea38c,6877
theos-past-research/research/forecasting/runs/20260903T233712Z_us_europe_guidance_comparison/workbook_inputs.json,7bd6b684ead0cc95a9e90b4d246e81ca4605b11f4a2a3502cb808944dadea38c,6897
theos-past-research/research/forecasting/runs/20260903T233712Z_us_europe_guidance_comparison/workbook_inputs.json,7bd6b684ead0cc95a9e90b4d246e81ca4605b11f4a2a3502cb808944dadea38c,6917
theos-past-research/research/forecasting/runs/20260903T233712Z_us_europe_guidance_comparison/workbook_inputs.json,7bd6b684ead0cc95a9e90b4d246e81ca4605b11f4a2a3502cb808944dadea38c,6937
theos-past-research/research/forecasting/runs/20260903T233712Z_us_europe_guidance_comparison/workbook_inputs.json,7bd6b684ead0cc95a9e90b4d246e81ca4605b11f4a2a3502cb808944dadea38c,6957
theos-past-research/research/forecasting/runs/20260903T233712Z_us_europe_guidance_comparison/workbook_inputs.json,7bd6b684ead0cc95a9e90b4d246e81ca4605b11f4a2a3502cb808944dadea38c,6977
theos-past-research/research/forecasting/runs/20260903T233712Z_us_europe_guidance_comparison/workbook_inputs.json,7bd6b684ead0cc95a9e90b4d246e81ca4605b11f4a2a3502cb808944dadea38c,6997
theos-past-research/research/forecasting/runs/20260903T233712Z_us_europe_guidance_comparison/workbook_inputs.json,7bd6b684ead0cc95a9e90b4d246e81ca4605b11f4a2a3502cb808944dadea38c,7017
theos-past-research/research/forecasting/runs/20260903T233712Z_us_europe_guidance_comparison/workbook_inputs.json,7bd6b684ead0cc95a9e90b4d246e81ca4605b11f4a2a3502cb808944dadea38c,7037
theos-past-research/research/forecasting/runs/20260903T233712Z_us_europe_guidance_comparison/workbook_inputs.json,7bd6b684ead0cc95a9e90b4d246e81ca4605b11f4a2a3502cb808944dadea38c,7057
theos-past-research/research/forecasting/runs/20260903T233712Z_us_europe_guidance_comparison/workbook_inputs.json,7bd6b684ead0cc95a9e90b4d246e81ca4605b11f4a2a3502cb808944dadea38c,7077
theos-past-research/research/forecasting/runs/20260903T233712Z_us_europe_guidance_comparison/workbook_inputs.json,7bd6b684ead0cc95a9e90b4d246e81ca4605b11f4a2a3502cb808944dadea38c,7097
theos-past-research/research/forecasting/runs/20260903T233712Z_us_europe_guidance_comparison/workbook_inputs.json,7bd6b684ead0cc95a9e90b4d246e81ca4605b11f4a2a3502cb808944dadea38c,7117
theos-past-research/research/forecasting/runs/20260903T233712Z_us_europe_guidance_comparison/workbook_inputs.json,7bd6b684ead0cc95a9e90b4d246e81ca4605b11f4a2a3502cb808944dadea38c,7137
theos-past-research/research/forecasting/runs/20260903T233712Z_us_europe_guidance_comparison/workbook_inputs.json,7bd6b684ead0cc95a9e90b4d246e81ca4605b11f4a2a3502cb808944dadea38c,7157
theos-past-research/research/forecasting/runs/20260903T233712Z_us_europe_guidance_comparison/workbook_inputs.json,7bd6b684ead0cc95a9e90b4d246e81ca4605b11f4a2a3502cb808944dadea38c,7177
theos-past-research/research/forecasting/runs/20260903T233712Z_us_europe_guidance_comparison/workbook_inputs.json,7bd6b684ead0cc95a9e90b4d246e81ca4605b11f4a2a3502cb808944dadea38c,7197
theos-past-research/research/forecasting/runs/20260903T233712Z_us_europe_guidance_comparison/workbook_inputs.json,7bd6b684ead0cc95a9e90b4d246e81ca4605b11f4a2a3502cb808944dadea38c,7217
theos-past-research/research/forecasting/runs/20260903T233712Z_us_europe_guidance_comparison/workbook_inputs.json,7bd6b684ead0cc95a9e90b4d246e81ca4605b11f4a2a3502cb808944dadea38c,7237
theos-past-research/research/forecasting/runs/20260903T233712Z_us_europe_guidance_comparison/workbook_inputs.json,7bd6b684ead0cc95a9e90b4d246e81ca4605b11f4a2a3502cb808944dadea38c,7257
theos-past-research/research/forecasting/runs/20260903T233712Z_us_europe_guidance_comparison/workbook_inputs.json,7bd6b684ead0cc95a9e90b4d246e81ca4605b11f4a2a3502cb808944dadea38c,7277
theos-past-research/research/forecasting/runs/20260903T233712Z_us_europe_guidance_comparison/workbook_inputs.json,7bd6b684ead0cc95a9e90b4d246e81ca4605b11f4a2a3502cb808944dadea38c,7297
theos-past-research/research/forecasting/runs/20260903T233712Z_us_europe_guidance_comparison/workbook_inputs.json,7bd6b684ead0cc95a9e90b4d246e81ca4605b11f4a2a3502cb808944dadea38c,7317
theos-past-research/research/forecasting/runs/20260903T233712Z_us_europe_guidance_comparison/workbook_inputs.json,7bd6b684ead0cc95a9e90b4d246e81ca4605b11f4a2a3502cb808944dadea38c,7337
theos-past-research/research/forecasting/runs/20260903T233712Z_us_europe_guidance_comparison/workbook_inputs.json,7bd6b684ead0cc95a9e90b4d246e81ca4605b11f4a2a3502cb808944dadea38c,7357
theos-past-research/research/forecasting/runs/20260903T233712Z_us_europe_guidance_comparison/workbook_inputs.json,7bd6b684ead0cc95a9e90b4d246e81ca4605b11f4a2a3502cb808944dadea38c,7377
theos-past-research/research/forecasting/runs/20260903T233712Z_us_europe_guidance_comparison/workbook_inputs.json,7bd6b684ead0cc95a9e90b4d246e81ca4605b11f4a2a3502cb808944dadea38c,7397
theos-past-research/research/forecasting/runs/20260903T233712Z_us_europe_guidance_comparison/workbook_inputs.json,7bd6b684ead0cc95a9e90b4d246e81ca4605b11f4a2a3502cb808944dadea38c,7417
theos-past-research/research/forecasting/runs/20260903T233712Z_us_europe_guidance_comparison/workbook_inputs.json,7bd6b684ead0cc95a9e90b4d246e81ca4605b11f4a2a3502cb808944dadea38c,7437
theos-past-research/research/free_api_registry.csv,40f24e39122e6d6e4532e9955076d89e3717f1f73cd4e8f04281b61d5d3f4fc0,4
theos-past-research/research/free_api_registry.csv,40f24e39122e6d6e4532e9955076d89e3717f1f73cd4e8f04281b61d5d3f4fc0,12
theos-past-research/research/hypothesis_ledger.csv,f2dd3f0ef68f9fe3b15684193aac959cc1337b1f3a80a57f75f8ebbb81e577bd,4
theos-past-research/research/hypothesis_ledger.csv,f2dd3f0ef68f9fe3b15684193aac959cc1337b1f3a80a57f75f8ebbb81e577bd,6
theos-past-research/research/hypothesis_ledger.csv,f2dd3f0ef68f9fe3b15684193aac959cc1337b1f3a80a57f75f8ebbb81e577bd,7
theos-past-research/research/hypothesis_ledger.csv,f2dd3f0ef68f9fe3b15684193aac959cc1337b1f3a80a57f75f8ebbb81e577bd,10
theos-past-research/research/hypothesis_ledger.csv,f2dd3f0ef68f9fe3b15684193aac959cc1337b1f3a80a57f75f8ebbb81e577bd,15
theos-past-research/research/provenance/omitted-data-manifest.csv,598c384688f955f1d6674b9e6bd313161e430c446f7c3797302174a9dd349394,19
theos-past-research/research/readiness/20260903T053309Z_abnb_readiness/candidate_source_scorecard.csv,5a36a9f25e03502a62e328a32e98252eeabdacd99720bdbcbe393d571e387100,5
theos-past-research/research/readiness/20260903T053309Z_abnb_readiness/phase_a_summary.md,688b2ad1866a1ccbb34dc9ddf5bfb5451bfa219a7f2ccea01c20945a67576ceb,22
theos-past-research/research/source_registry.csv,d469ac32a8c483ff955f84cd145ac50c4a9089e587fefcb99f09368cefbcb756,4
theos-past-research/research/source_registry.csv,d469ac32a8c483ff955f84cd145ac50c4a9089e587fefcb99f09368cefbcb756,36
theos-past-research/research/source_registry.csv,d469ac32a8c483ff955f84cd145ac50c4a9089e587fefcb99f09368cefbcb756,39
theos-past-research/research/source_registry.csv,d469ac32a8c483ff955f84cd145ac50c4a9089e587fefcb99f09368cefbcb756,45
